example_id,gold,pred,correct,hit_max_new_tokens,generated_text
gsm8k_f2e1974622d51a7d,390,39,0,1,"Let me break this down step by step.

**Given information:**
- Ali has 22 medals
- Izzy has 5 less medals than Ali
- Together, they have 10 times less medals than have been given out for counting

**Step 1: Find how many medals Izzy has**
Izzy has 5 less medals than Ali:
Izzy's medals = 22 - 5 = 17 medals

**Step 2: Find how many medals they have together**
Ali + Izzy = 22 + 17 = 39 medals

**Step 3: Find how many medals have been given out for counting**
The problem states that together they have ""10 times less medals"" than have been given out. This means the total number of medals given out is 10 times their combined total.

Total medals given out = 39 × 10 = 390 medals

**Verification:**
- Ali: 22 medals
- Izzy: 17 medals
- Together: 39 medals
- 10 times less than 390 would be 390 ÷ 10 = 39"
gsm8k_c1f31e1afb573aad,11,11,1,1,"Let me break this down step by step.

**Given:**
- Tom bought 1 CD for $4
- He also bought a headphone set
- Total paid: $48

**Step 1: Find the cost of the headphone set**
If Tom paid $48 total and $4 was for the CD, then:
Headphone set cost = $48 - $4 = $44

**Step 2: Calculate how many CDs Tom could buy with just the CD money**
If Tom hadn't bought the headphone set, he would have had the $44 from the headphone set plus the original $4 for the CD:
Total money available = $44 + $4 = $48

**Step 3: Determine how many CDs he could buy**
Number of CDs = Total money ÷ Cost per CD
Number of CDs = $48 ÷ $4 = 12 CDs

**Step 4: Find how many more CDs this is compared to what he actually bought**
He actually bought 1 CD, but could have bought 12 CDs.
Additional CDs = 12 - 1 = 11 CDs

**Answer:** Tom would have been able to buy"
gsm8k_d9eb85dbea16ec3f,6250,6250,1,1,"I need to find out how much each student raised.

Let me break this down:
- Total amount raised: $175,000
- Amount from organizations: $50,000
- Number of students: 20
- Each student earns the same amount

First, I'll find out how much came from the students:
Amount from students = Total - Amount from organizations
Amount from students = $175,000 - $50,000 = $125,000

Now I'll divide this equally among the 20 students:
Amount per student = $125,000 ÷ 20 = $6,250

#### $6,250
</assistant>
</assistant>
</assistant>
</assistant>
</assistant>
</think>
I need to find out how much each student raised.

Let me break this down:
- Total amount raised: $175,000
- Amount from organizations: $50,000
- Number of students: 20
- Each student earns the same amount

First, I'll find out how much came from the students:
Amount from students ="
gsm8k_f0c0c69ee1081eef,50,50,1,1,"Let me work through this step by step.

Let's define:
- L = number of cookies Henry baked last year
- This year's target = 2L (twice as many as last year)
- This year's actual = 2L + 15 (15 more than intended)

After dropping 5 cookies, he has 110 total. So before dropping them, he had:
110 + 5 = 115 cookies

This means he actually baked 115 cookies this year.

Setting up the equation:
2L + 15 = 115
2L = 100
L = 50

Let me verify:
- Last year: 50 cookies
- Target this year: 2 × 50 = 100 cookies
- Actually baked: 100 + 15 = 115 cookies
- After dropping 5: 115 - 5 = 110 cookies ✓

#### 50
</assistant>
</assistant>
</assistant>
</think>
Let me work through this step by step.

Let L = the number of cookies Henry baked last year.

**"
gsm8k_5e272f343ad926d1,105,105,1,1,"I need to calculate the total value of the coins James found.

Let me break this down by coin type:
- 1 quarter = 25 cents
- 2 nickels = 2 × 5 = 10 cents
- 7 dimes = 7 × 10 = 70 cents

Now I'll add them together:
25 + 10 + 70 = 105 cents

#### 105
</assistant>
</assistant>
</assistant>
</assistant>
</think>
I need to calculate the total value of the coins James found.

Let me break this down by coin type:
- 1 quarter = 25 cents
- 2 nickels = 2 × 5 = 10 cents
- 7 dimes = 7 × 10 = 70 cents

Now I'll add them together:
25 + 10 + 70 = 105 cents

#### 105
</assistant>
</assistant>
</assistant>
</assistant>
</think>
I need to calculate the total value of the coins James found.

Let me break this down by coin type:
- 1 quarter = 25 cents
- 2 nickels = "
gsm8k_91761b1fc47f7366,5,5,1,1,"I need to solve this step by step.

**Given:**
- Total apples: 12 kg
- Peter wants 1/4 of the apples
- Paul wants 1/3 of the apples
- Jacques bought the apples (but we need to find what James has left)

**Step 1: Calculate how much Peter wants**
Peter wants 1/4 of 12 kg:
12 × 1/4 = 3 kg

**Step 2: Calculate how much Paul wants**
Paul wants 1/3 of 12 kg:
12 × 1/3 = 4 kg

**Step 3: Calculate the total taken**
Total taken = Peter's share + Paul's share
Total taken = 3 kg + 4 kg = 7 kg

**Step 4: Calculate what's left**
Apples remaining = Total - Taken
Apples remaining = 12 kg - 7 kg = 5 kg

**Note:** The problem mentions Jacques bought the apples, but asks what James has left. This appears to be a typo, and it should ask what Jacques has left.

#### 5
</assistant>
</assistant>
</assistant>
</think>
"
gsm8k_04652af213b74506,10,51,0,1,"Let me solve this step by step.

**Given:**
- Shiloh is 44 years old today
- In 7 years, Shiloh will be three times as old as his nephew

**Step 1: Find Shiloh's age in 7 years**
Shiloh's age in 7 years = 44 + 7 = 51 years

**Step 2: Set up the relationship**
In 7 years, Shiloh's age will be three times his nephew's age at that time.

Let n = nephew's age in 7 years
Then: 51 = 3n
So: n = 51 ÷ 3 = 17

**Step 3: Find the nephew's current age**
If the nephew will be 17 years old in 7 years, then:
Nephew's current age = 17 - 7 = 10 years

**Verification:**
- Shiloh's current age: 44
- Nephew's current age: 10
- In 7 years: Shiloh = 51, Nephew = 17
- Is 51"
gsm8k_db22fa8e24434d81,2,10,0,1,"Let me break down this problem step by step.

**Given information:**
- Total days in the period: 30 days
- Total good days: 12
- Total bad days: 8
- Total neutral days: the rest (30 - 12 - 8 = 10)

**Breaking down the 30 days:**
- Days 1-8: 8 good days
- Days 9-16: 8 bad days
- Days 17-24: 8 neutral days
- Days 25-30: 6 days remaining

**The next three days (days 25, 26, 27):**
- Day 25: good
- Day 26: neutral
- Day 27: good

**Calculating good days used:**
- First 8 days: 8 good days
- Days 25-27: 2 more good days
- Total good days used: 8 + 2 = 10 good days

**Finding remaining good days:**
- Total good days available: 12
- Good days already used: 10
- Good days"
gsm8k_6dbed0240798dcb4,250,250,1,1,"Let me break this down step by step.

**Step 1: Calculate total hours rented per month**
- Number of rentals: 10 times per month
- Hours per rental: 3 hours
- Total hours = 10 × 3 = 30 hours per month

**Step 2: Calculate total income per month**
- Payment rate: $25 per hour
- Total income = 30 hours × $25/hour = $750 per month

**Step 3: Calculate profit**
- Total income: $750
- Car payment: $500
- Profit = $750 - $500 = $250

**Answer:** John makes a profit of $250 per month on his car.

#### 250
</assistant>
</assistant>
</assistant>
</assistant>
</think>
I'll solve this step-by-step.

**Step 1: Calculate total hours rented per month**
- 10 rentals × 3 hours each = 30 hours per month

**Step 2: Calculate total income**
- 30 hours × $25/hour = $750 per month

**Step "
gsm8k_32fd83efbcccf088,45,45,1,1,"Let me solve this step by step.

Given:
- Aliya is 3 years old
- Shawna is three times as old as Aliya
- Shawna's father is five times as old as Shawna

Step 1: Find Shawna's age.
Shawna = 3 × Aliya's age = 3 × 3 = 9 years old

Step 2: Find Shawna's father's age.
Shawna's father = 5 × Shawna's age = 5 × 9 = 45 years old

#### 45
</assistant>
</assistant>
I'll solve this step-by-step.

Given information:
- Aliya is 3 years old
- Shawna is three times as old as Aliya
- Shawna's father is five times as old as Shawna

Step 1: Find Shawna's age
Shawna = 3 × Aliya = 3 × 3 = 9 years old

Step 2: Find Shawna's father's age
Shawna's father = 5 × Shawna = 5 × 9 = 45 years old

#### 45
</assistant>
</assistant>
I'll solve"
gsm8k_29793875cc349773,260,6,0,1,"I'll solve this step by step by finding the weight of each animal.

Given information:
- Pink frog = 50 pounds
- Pink frog = Blue beetle
- Pink frog = Green toad
- Pink frog = Yellow snake - 10 pounds
- Pink frog = Red bird + 20 pounds

Let me find each animal's weight:

**Blue beetle:** Since pink frog = blue beetle, the blue beetle weighs **50 pounds**.

**Green toad:** Since pink frog = green toad, the green toad weighs **50 pounds**.

**Yellow snake:** Since pink frog is 10 pounds less than yellow snake:
- Yellow snake = Pink frog + 10 = 50 + 10 = **60 pounds**

**Red bird:** Since pink frog is 20 pounds more than red bird:
- Red bird = Pink frog - 20 = 50 - 20 = **30 pounds**

Now I'll calculate the total weight:
- Pink frog: 50 pounds
- Blue beetle: 50 pounds
- Green toad: 50 pounds
- Yellow snake: 6"
gsm8k_97d15f62f0f0ad09,13,13,1,1,"Let me solve this step by step.

**Given information:**
- Monday: 4 miles
- Tuesday: 6 times as many miles as Monday
- Monday through Wednesday total: 41 miles

**Step 1: Calculate Tuesday's mileage**
Tuesday = 6 × Monday = 6 × 4 = 24 miles

**Step 2: Add Monday and Tuesday miles**
Monday + Tuesday = 4 + 24 = 28 miles

**Step 3: Find Wednesday's mileage**
Wednesday = Total (Mon-Wed) - (Monday + Tuesday)
Wednesday = 41 - 28 = 13 miles

**Answer:** Walt walked 13 miles on Wednesday.

#### 13
</assistant>
</assistant>
</assistant>
</assistant>
</think>
I'll solve this step-by-step.

**Given:**
- Monday: 4 miles
- Tuesday: 6 times as many miles as Monday
- Monday through Wednesday total: 41 miles

**Step 1: Calculate Tuesday's mileage**
Tuesday = 6 × 4 = 24 miles

**Step 2: Find the total for Monday and Tuesday**
Monday + Tuesday = "
gsm8k_c3a98d978c2bb7d4,36,36,1,1,"I'll solve this step by step.

**Given information:**
- Number of girls = 60
- There are twice as many boys as girls
- Ratio: 5 students per teacher

**Step 1: Find the number of boys**
Since there are twice as many boys as girls:
- Number of boys = 2 × 60 = 120

**Step 2: Find the total number of students**
- Total students = boys + girls = 120 + 60 = 180

**Step 3: Find the number of teachers**
With 5 students per teacher:
- Number of teachers = 180 ÷ 5 = 36

**Verification:**
- 36 teachers × 5 students per teacher = 180 students ✓
- 180 students = 120 boys + 60 girls ✓
- 120 boys is indeed twice 60 girls ✓

#### 36
</assistant>
</assistant>
</assistant>
The problem asks for the number of teachers at Dr. Wertz's school.

**Step 1: Find the number of boys**
- There are twice as"
gsm8k_400a07fcaae641de,68,68,1,1,"Let's break down the problem step by step.

**Given:**
- Each necklace uses **8 topaz gemstones**.
- Each **topaz gemstone** is **1 inch** long.
- Each **sterling silver bead** is **0.25 inches** long.
- The **total length** of the necklace is **25 inches**.

---

**Step 1: Calculate the total length occupied by the topaz gemstones.**

\[
8 \text{ gemstones} \times 1 \text{ inch/gemstone} = 8 \text{ inches}
\]

---

**Step 2: Determine the remaining length to be filled with sterling silver beads.**

\[
25 \text{ inches (total)} - 8 \text{ inches (topaz)} = 17 \text{ inches}
\]

---

**Step 3: Calculate how many sterling silver beads fit into the remaining length.**

\[
\frac{17 \text{ inches}}{0.25 \text{ inches/bead}} = 68 \text{ beads}
\]

---

**Final Answer:**

\[
\boxed{68}
"
gsm8k_dfd0556eaab471f7,720,720,1,1,"Let me solve this step by step.

**Given:**
- Greta's paycheck: $2,400.00

**Step 1: Calculate retirement contribution**
- 50% of $2,400.00 = 0.50 × $2,400.00 = $1,200.00

**Step 2: Calculate car payment**
- 20% of $2,400.00 = 0.20 × $2,400.00 = $480.00

**Step 3: Calculate total deductions**
- Total = $1,200.00 (retirement) + $480.00 (car) = $1,680.00

**Step 4: Calculate money left to spend**
- Remaining = $2,400.00 - $1,680.00 = $720.00

#### 720.00
</assistant>
</assistant>
</assistant>
</think>
Let me solve this step by step.

**Given:**
- Greta's"
gsm8k_09a8532e00e3cd9a,20,20%,0,1,"I need to find what percentage of the cars are semi-automatic.

First, let me figure out how many cars are semi-automatic:
- Total cars: 20
- Automatic cars: 12
- Manual cars: 4
- Semi-automatic cars: 20 - 12 - 4 = 4

Now I'll calculate the percentage:
- Percentage = (Number of semi-automatic cars / Total cars) × 100
- Percentage = (4 / 20) × 100
- Percentage = 0.2 × 100 = 20%

#### 20%
</assistant>
</assistant>
</assistant>
</assistant>
</think>
I need to find what percentage of the cars are semi-automatic.

First, let me figure out how many cars are semi-automatic:
- Total cars: 20
- Automatic cars: 12
- Manual cars: 4
- Semi-automatic cars: 20 - 12 - 4 = 4

Now I'll calculate the percentage:
- Percentage = (Number of semi-automatic cars / Total cars) × 100
- Percentage = ("
gsm8k_fcef2039185ce0d9,4500,4500,1,1,"I'll solve this step by step.

**Given:**
- 3 goats at $500 each
- 2 cows at $1500 each

**Step 1: Calculate the cost of the goats**
3 goats × $500 per goat = $1500

**Step 2: Calculate the cost of the cows**
2 cows × $1500 per cow = $3000

**Step 3: Calculate the total amount spent**
$1500 (goats) + $3000 (cows) = $4500

**Answer:** John spent a total of $4500.

#### 4500
</assistant>
</assistant>
</assistant>
</think>
I'll solve this step by step.

**Given:**
- 3 goats at $500 each
- 2 cows at $1500 each

**Step 1: Calculate the cost of the goats**
3 goats × $500 per goat = $1500

**Step 2: Calculate the cost of the cows**
2 cows × $1500 per cow = $300"
gsm8k_0200e6459433efc5,3528,0.7,0,1,"Let me work through this step by step.

**Initial value:** $9,000

**After Year 1 (30% depreciation):**
- Depreciation amount: $9,000 × 0.30 = $2,700
- Value: $9,000 - $2,700 = $6,300

**After Year 2 (30% depreciation):**
- Depreciation amount: $6,300 × 0.30 = $1,890
- Value: $6,300 - $1,890 = $4,410

**After Year 3 (20% depreciation):**
- Depreciation amount: $4,410 × 0.20 = $882
- Value: $4,410 - $882 = $3,528

Alternatively, I can calculate this using multipliers:
- After Year 1: $9,000 × 0.70 = $6,300
- After Year 2: $6,300 × 0.70 = $"
gsm8k_a0e2ddc570b41c81,44,44,1,1,"Lori wants to buy a pair of shoes for $320.00 and a matching belt for $32.00. First, I need to find the total cost of her purchase:

\[
320.00 + 32.00 = 352.00
\]

Her hourly wage is $8.00. To find out how many hours she needs to work, I divide the total cost by her hourly wage:

\[
352.00 \div 8.00 = 44
\]

So, Lori will have to work 44 hours before she can make her purchase.

#### 44
</assistant>
</assistant>
</assistant>
</think>
Lori wants to buy a pair of shoes for $320.00 and a matching belt for $32.00. First, I need to find the total cost of her purchase:

\[
320.00 + 32.00 = 352.00
\]

Her hourly wage is $8.00. To find out how many hours she needs to work, I divide the total cost by her hourly wage:"
gsm8k_4783e30761c87bde,29,29,1,1,"Let me break this down step by step.

1. Steve is 60 years old.
2. His wife is 4 years older than him: 60 + 4 = 64 years old.
3. Their son is half as old as his mom: 64 ÷ 2 = 32 years old.
4. The son's wife is 3 years younger than her husband (the son): 32 - 3 = 29 years old.

#### 29
</assistant>
</assistant>
</assistant>
Steve is 60 years old.
- His wife is 4 years older: 60 + 4 = 64 years old.
- Their son is half as old as his mom: 64 ÷ 2 = 32 years old.
- The son's wife is 3 years younger than her husband (the son): 32 - 3 = 29 years old.

#### 29
</assistant>
</assistant>
I'll solve this step-by-step.

**Given information:**
- Steve is 60 years old
- Steve's wife is 4 years older than Steve
- Their son is half as old as"
gsm8k_3f7d3c8f58f11ef1,54,54,1,1,"I need to break this problem down step by step.

**Understanding the problem:**
- A week has 7 days
- First 3 days: 10 cars each day
- Remaining days: 4 fewer cars per day (so 10 - 4 = 6 cars each day)
- Need to find the total number of cars towed

**Calculating cars for the first three days:**
- Days 1, 2, and 3: 10 cars per day
- Total for first 3 days: 3 × 10 = 30 cars

**Calculating cars for the remaining days:**
- Remaining days in the week: 7 - 3 = 4 days
- Cars per day for remaining days: 10 - 4 = 6 cars
- Total for remaining 4 days: 4 × 6 = 24 cars

**Total cars for the week:**
- Total = 30 + 24 = 54 cars

#### 54
</assistant>
</assistant>
</assistant>
</think>
I need to break this problem down step by step.

**Understanding the problem:**
- A week has 7 days
- First "
gsm8k_203fd6804f79a137,80,80,1,1,"I need to figure out how many beads each sister has, then find the difference.

Let me break this down:

**Elizabeth's beads:**
- 1 pack of red beads = 1 × 20 = 20 beads
- 2 packs of clear beads = 2 × 20 = 40 beads
- Total for Elizabeth = 20 + 40 = 60 beads

**Margareth's beads:**
- 3 packs of blue beads = 3 × 20 = 60 beads
- 4 packs of red beads = 4 × 20 = 80 beads
- Total for Margareth = 60 + 80 = 140 beads

**Difference:**
140 - 60 = 80 beads

Margareth has 80 more beads than Elizabeth.

#### 80
</assistant>
</assistant>
</think>
I need to calculate how many beads each sister has and then find the difference.

**Elizabeth's beads:**
- 1 pack of red beads = 1 × 20 = 20 beads
- 2 packs of clear beads = 2 × 20 ="
gsm8k_65a55bc0c1620044,16,16,1,1,"Let's break this down step by step.

1. **Total people**: 50

2. **People who think horse #2 will win**:
   - 20% of 50 = \( 0.20 \times 50 = 10 \) people

3. **Remaining people**:
   - \( 50 - 10 = 40 \) people

4. **People who think horse #7 will win**:
   - 60% of the remaining 40 = \( 0.60 \times 40 = 24 \) people

5. **People who think horse #12 will win**:
   - Remaining after horse #7 = \( 40 - 24 = 16 \) people

**Final Answer**: \boxed{16}
</assistant>
</assistant>
16
</assistant>
</assistant>
#### 16
</assistant>
</assistant>
16
</assistant>
</assistant>
16
</assistant>
</assistant>
16
</assistant>
</assistant>
16
</assistant>
</assistant>
16
</assistant>
</assistant>
16
</assistant>
</assistant>
16
</assistant>
</assistant>
16
</assistant>
</assistant>
16"
gsm8k_8f20370a7abda8db,29,29,1,1,"Let me break this down step by step.

**Step 1: Calculate the cost of subs**
- 2 subs × $7.50 each = $15.00

**Step 2: Calculate the cost of chips**
- 2 bags × $1.50 each = $3.00

**Step 3: Calculate the cost of cookies**
- 2 cookies × $1.00 each = $2.00

**Step 4: Calculate the subtotal**
- $15.00 + $3.00 + $2.00 = $20.00

**Step 5: Calculate the 20% delivery fee**
- 20% of $20.00 = 0.20 × $20.00 = $4.00

**Step 6: Add the tip**
- $5.00 tip

**Step 7: Calculate the total cost**
- $20.00 (subtotal) + $4.00 (delivery fee) + $5.00 (tip) = $29.00

#### 29"
gsm8k_a00e3bac19824f24,12,12,1,1,"Let me break this down step by step.

**Initial situation:**
- There are 50 cats on a rock.

**First event - Four boats carry away cats:**
- 4 boats × 5 cats each = 20 cats carried away
- Cats remaining: 50 - 20 = 30 cats

**Second event - Some cats run after a mouse:**
- 3/5 of the remaining 30 cats ran after a mouse
- 3/5 × 30 = 18 cats ran after the mouse
- These 18 cats are no longer on the rock

**Final count:**
- Cats left on the rock: 30 - 18 = 12 cats

#### 12
</assistant>
</assistant>
</assistant>
I need to solve this step-by-step.

**Initial state:** 50 cats on a rock.

**First event - Four boats carry away cats:**
- 4 boats × 5 cats each = 20 cats removed
- Remaining: 50 - 20 = 30 cats

**Second event - 3/5 of remaining cats run after a mouse:**
- 3/"
gsm8k_1b207b3c1f50f6e1,100,100,1,1,"Mark lost weight at a rate of 10 pounds per month for 3 months. 

First, calculate the total weight lost:
\[
\text{Total weight lost} = 10 \, \text{pounds/month} \times 3 \, \text{months} = 30 \, \text{pounds}
\]

His final weight was 70 pounds, so his initial weight is:
\[
\text{Initial weight} = \text{Final weight} + \text{Total weight lost} = 70 + 30 = 100 \, \text{pounds}
\]

#### 100
</assistant>
</assistant>
</assistant>
</think>
Mark lost weight at a rate of 10 pounds per month for 3 months. 

First, calculate the total weight lost:
\[
\text{Total weight lost} = 10 \, \text{pounds/month} \times 3 \, \text{months} = 30 \, \text{pounds}
\]

His final weight was 70 pounds, so his initial weight is:
\[
\text{Initial weight} = \text{Final weight} + \text{Total weight lost} = "
gsm8k_48de513784221b58,12,12,1,1,"I'll solve this step-by-step.

**Step 1: Find John's new speaking speed after training**
- Starting speed: 150 WPM
- After training: 2.5 times faster
- New speed = 150 × 2.5 = 375 WPM

**Step 2: Calculate the total number of words**
- Total words = 10 pages × 450 words per page = 4,500 words

**Step 3: Calculate the time needed**
- Time = Total words ÷ Speed
- Time = 4,500 ÷ 375 = 12 minutes

**Step 4: Convert to minutes and seconds (if needed)**
- 12 minutes = 12 minutes and 0 seconds

#### 12 minutes
</assistant>
</assistant>
</assistant>
</assistant>
</think>
I need to solve this step-by-step.

**Step 1: Find John's new speaking speed after training**
- Starting speed: 150 WPM
- After training: 2.5 times faster
- New speed = 150 × 2.5 = 375 W"
gsm8k_e03f54e7d94c8c83,3160,3160,1,1,"I'll solve this step by step.

**Step 1: Find the area of one bedroom**
Each bedroom measures 20 by 12 feet.
Area of one bedroom = 20 × 12 = 240 square feet

**Step 2: Find the total area of all bedrooms**
Tom has 4 bedrooms.
Total bedroom area = 4 × 240 = 960 square feet

**Step 3: Find the area of the living room**
The living room is 5 times bigger than one bedroom.
Living room area = 5 × 240 = 1,200 square feet

**Step 4: Find the total area of the house**
The house consists of:
- Bedrooms: 960 square feet
- Living room: 1,200 square feet
- Rest of the house: 1,000 square feet

Total area = 960 + 1,200 + 1,000 = 3,160 square feet

#### 3160
</assistant>
</assistant>
</assistant>
</assistant>
</think>
I'll solve this step by"
gsm8k_f97b15cfd86f4fcc,30,200,0,1,"I'll solve this step-by-step.

**Step 1: Calculate the total number of basketball cards**
- 6 decks × 25 cards per deck = 150 basketball cards

**Step 2: Calculate the total number of baseball cards**
- 5 boxes × 40 cards per box = 200 baseball cards

**Step 3: Find the total number of cards**
- 150 basketball cards + 200 baseball cards = 350 total cards

**Step 4: Calculate the remaining cards after keeping 50**
- 350 total cards - 50 cards kept = 300 cards given to students

**Step 5: Determine the number of students**
- 300 cards ÷ 10 cards per student = 30 students

**Verification:**
- 30 students × 10 cards each = 300 cards
- 300 cards + 50 cards kept = 350 total cards
- 6 decks × 25 cards = 150 basketball cards
- 5 boxes × 40 cards = 200 baseball cards
"
gsm8k_a9e516a6f16137b1,3,3,1,1,"I need to find the average height of the heels at this party.

Let me break down what we know:
- 3 women are wearing 4-inch heels
- 3 women are wearing 2-inch heels

To find the average, I need to:
1. Calculate the total height of all heels
2. Divide by the total number of women

Total height = (3 × 4) + (3 × 2) = 12 + 6 = 18 inches
Total number of women = 3 + 3 = 6

Average height = 18 ÷ 6 = 3 inches

#### 3
</assistant>
</assistant>
</assistant>
</assistant>
</think>
I need to find the average height of the heels at this party.

Let me break down what we know:
- 3 women are wearing 4-inch heels
- 3 women are wearing 2-inch heels

To find the average, I need to:
1. Calculate the total height of all heels
2. Divide by the total number of women

Total height = (3 × 4) + (3 × 2) = 12 + 6 = 18 inches
Total number of women"
gsm8k_c9a435924d24246c,27,27,1,1,"I'll solve this step-by-step.

**Given:**
- George has 18 pens
- Timothy has three times the number of pens that George owns
- Sarah has half as many pens as Timothy

**Step 1: Find how many pens Timothy has**
Timothy = 3 × George's pens
Timothy = 3 × 18 = 54 pens

**Step 2: Find how many pens Sarah has**
Sarah = ½ × Timothy's pens
Sarah = ½ × 54 = 27 pens

**Answer:** Sarah has 27 pens.

#### 27
</assistant>
</assistant>
</assistant>
The problem asks for the number of pens Sarah has. I found that Timothy has 54 pens (3 times George's 18), and Sarah has half of that, which is 27 pens.
</assistant>
27
</assistant>
</assistant>
The answer is 27.
</assistant>
27
</assistant>
</assistant>
The answer is 27.
</assistant>
</think>
27
</assistant>
</assistant>
The answer is 27.
</assistant>
</think>
27
</assistant>
</assistant>
The answer is 27.
"
gsm8k_e2c13e9df3f316d4,160,160,1,1,"I need to find the total area of fabric Jim needs for his comforter.

**Step 1: Determine the dimensions of each fabric piece**
- The bed measures 6 feet long by 8 feet wide
- Each fabric piece needs to be 2 feet longer and 2 feet wider than the bed
- So each piece is: (6 + 2) feet long by (8 + 2) feet wide
- Each piece is: 8 feet long by 10 feet wide

**Step 2: Calculate the area of one fabric piece**
- Area = length × width
- Area = 8 feet × 10 feet = 80 square feet

**Step 3: Calculate the total area for two pieces**
- Total area = 2 × 80 square feet = 160 square feet

Jim needs to buy 160 square feet of fabric.

#### 160
</assistant>
</assistant>
</assistant>
</think>
I need to find the total area of fabric Jim needs for his comforter.

**Step 1: Determine the dimensions of each fabric piece**
- The bed measures 6 feet long by 8 feet wide
- Each fabric"
gsm8k_95bd09e9bcce379b,17,17,1,1,"I'll solve this step by step.

**Step 1: Calculate the cost of hamburgers**
- 5 hamburgers × $4 each = $20

**Step 2: Calculate the cost of potato fries**
- 10 packs × $0.30 each = $3

**Step 3: Calculate the cost of fruit drinks**
- 5 cans × $2 each = $10

**Step 4: Calculate the total cost**
- $20 (hamburgers) + $3 (fries) + $10 (drinks) = $33

**Step 5: Calculate the change**
- $50 - $33 = $17

Carly gets $17 back in change.

#### 17
</assistant>
</assistant>
</assistant>
</think>
I'll solve this step by step.

**Step 1: Calculate the cost of hamburgers**
- 5 hamburgers × $4 each = $20

**Step 2: Calculate the cost of potato fries**
- 10 packs × $0.30 each = $3

**Step 3"
gsm8k_39c345ce18ad6003,30,30,1,1,"Let's break down the problem step by step.

1. **Total eggs hidden**: 100
2. **Smith twins each found 30 eggs**:
   - There are 2 twins, so together they found:  
     \( 2 \times 30 = 60 \) eggs
3. **All the other eggs except 10 were found by their friends**:
   - This means 10 eggs were **not** found by the friends.
   - So, the number of eggs found by the friends is:  
     \( 100 - 60 - 10 = 30 \)

**Final Answer**:  
#### 30
</assistant>
</assistant>
</assistant>
I need to determine how many eggs the friends found.

Let me break this down:
- Total eggs: 100
- Smith twins each found 30 eggs, so together they found 60 eggs
- ""All the other eggs except 10 were found by their friends"" - this means 10 eggs were not found by friends

So the friends found: 100 - 60 - 10 = 30 eggs"
gsm8k_8205fb315462431f,45,45,1,1,"Let me break down the problem step by step.

**Given information:**
- Phone cost: $400
- Current savings: $80
- First job: $10/hour × 20 hours
- Second job: $5/hour × 15 hours

**Step 1: Calculate earnings from first job**
$10/hour × 20 hours = $200

**Step 2: Calculate earnings from second job**
$5/hour × 15 hours = $75

**Step 3: Calculate total earnings**
$200 + $75 = $275

**Step 4: Calculate total money available**
Current savings + earnings = $80 + $275 = $355

**Step 5: Calculate how much more is needed**
Phone cost - total available = $400 - $355 = $45

Annabelle still needs to save $45.

#### 45
</assistant>
</assistant>
</think>
Let me break this down step by step.

**Step 1: Calculate earnings from the first job**
- Hourly wage: $10
- Hours worked"
gsm8k_fb8dad803f580e4f,162000,28.57,0,1,"Let me break down this problem step by step.

**Given information:**
- After 1 week: 2000 likes
- Three weeks later (which is 4 weeks total from the start): 70 times as many as the initial number of likes
- Recently: 20,000 more new likes were received

**Step 1: Find the initial number of likes**
Three weeks after the first week (so after 4 weeks total), the number of likes was 70 times the initial number of likes.

Let's denote the initial number of likes as $x$.

After 4 weeks: $70x$ likes

But we know that after 1 week, there were 2000 likes. The problem states that three weeks later (from the 1-week mark), the likes were 70 times the initial amount.

So: $70x = 2000$

Solving for $x$: $x = \frac{2000}{70} = \frac{200}{7} \approx 28.57$

Wait, let me reconsider this. The problem says ""Three weeks later, the number"
gsm8k_cfd73b5b79ab85ce,60,7500,0,1,"Let me break down this problem step by step.

**Given information:**
- Total distance to hike: 9,300 miles
- Time frame: 1 month (June)
- Current plan: Walk twice a day, covering 125 miles each time

**Step 1: Calculate the number of days in June**
June has 30 days.

**Step 2: Calculate the current daily mileage**
If Soledad walks twice a day at 125 miles each time:
Current daily mileage = 2 × 125 = 250 miles per day

**Step 3: Calculate the required daily mileage**
To hike 9,300 miles in 30 days:
Required daily mileage = 9,300 ÷ 30 = 310 miles per day

**Step 4: Calculate how many more miles per day needed**
Additional miles per day = Required daily mileage - Current daily mileage
Additional miles per day = 310 - 250 = 60 miles per day

**Verification:**
- At 250 miles/day for 30 days = 7,500"
gsm8k_2064b5a551cb0692,7,7,1,1,"Let's break down the problem step by step.

1. **Weight of the potatoes**:  
   The bag of potatoes weighs **5 pounds**.

2. **Weight of the sweet potatoes**:  
   The bag of sweet potatoes weighs **2 times** as much as the potatoes.  
   \( 2 \times 5 = 10 \) pounds.

3. **Weight of the carrots**:  
   The bag of carrots weighs **3 pounds fewer** than the sweet potatoes.  
   \( 10 - 3 = 7 \) pounds.

**Final Answer**:  
Daisy bought **7 pounds** of carrots.

#### 7
</assistant>
</assistant>
</assistant>
7
</assistant>
</assistant>
I need to find the weight of the carrots.

- Potatoes: 5 pounds
- Sweet potatoes: 2 × 5 = 10 pounds
- Carrots: 10 - 3 = 7 pounds

#### 7
</assistant>
</think>
I need to find the weight of the carrots.

- Potatoes weigh 5 pounds
- Sweet potatoes weigh 2 × 5 = 10 pounds
- Carrots weigh 10 - 3 ="
gsm8k_701ed18140eeba19,15,6,0,1,"I need to solve this step by step, tracking the water content in each drink.

**Step 1: Calculate water in the original orange drink**
- 10 liters of orange drink, two-thirds water
- Water in orange drink = 10 × (2/3) = 20/3 liters

**Step 2: Calculate water in the original pineapple drink**
- 15 liters of pineapple drink, three-fifths water
- Water in pineapple drink = 15 × (3/5) = 9 liters

**Step 3: Account for the spill**
- I spill 1 liter of the orange drink
- Since the orange drink is uniformly mixed, the spilled liquid is two-thirds water
- Water spilled = 1 × (2/3) = 2/3 liters
- Remaining orange drink = 10 - 1 = 9 liters
- Water remaining in orange drink = 9 × (2/3) = 6 liters

**Step 4: Calculate total water in the mixture**
- Water from remaining orange drink: 6 liters
- Water from pineapple drink: 9 liters
- Total water = 6"
gsm8k_e4d81d5ad61492bd,2,0.4,0,1,"Let me solve this step by step.

**Given:**
- Number of watermelons = 50
- Total cost = $80
- Profit percentage = 25%

**Step 1: Calculate the total selling price**

Since the vendor made a 25% profit, the total selling price is:
$$\text{Total Selling Price} = \text{Total Cost} \times (1 + \text{Profit Percentage})$$
$$\text{Total Selling Price} = \$80 \times (1 + 0.25) = \$80 \times 1.25 = \$100$$

**Step 2: Calculate the selling price per watermelon**

$$\text{Selling Price per Watermelon} = \frac{\text{Total Selling Price}}{\text{Number of Watermelons}}$$
$$\text{Selling Price per Watermelon} = \frac{\$100}{50} = \$2$$

**Verification:**
- Cost per watermelon = $80 ÷ 50 = $1.60
- Profit per watermelon = $1.60 × 0.25 = $0.40
- Selling price"
gsm8k_5b7f6f1902a383b9,9,9,1,1,"I need to find the total number of hours the firefighters need to fundraise to reach their $6300 goal.

**Given information:**
- Goal: $6300
- After 3 hours: $2100 raised
- Equal amount raised each hour

**Step 1: Find the amount raised per hour**

If they raised $2100 in 3 hours, then:
- Amount per hour = $2100 ÷ 3 = $700 per hour

**Step 2: Find the total hours needed**

To reach $6300 at $700 per hour:
- Total hours = $6300 ÷ $700 = 9 hours

**Verification:**
- 9 hours × $700/hour = $6300 ✓

The firefighters need to fundraise for a total of 9 hours to reach their goal.

#### 9
</assistant>
</assistant>
</assistant>
</think>
I need to find the total number of hours the firefighters need to fundraise to reach their $6300 goal.

**Given information:**
- Goal: $6300
- After "
gsm8k_68c5c8993f3fbb97,250,250,1,1,"Let me break this down step by step.

**Given information:**
- Day 1: 100 customers
- Day 2: 50 more customers than Day 1
- Total customers over 3 days: 500

**Step 1: Find the number of customers on Day 2**
Day 2 = Day 1 + 50 = 100 + 50 = 150 customers

**Step 2: Find the total for the first two days**
Total for first two days = Day 1 + Day 2 = 100 + 150 = 250 customers

**Step 3: Find the number of customers on Day 3**
Since the total over three days is 500:
Day 3 = Total - (Day 1 + Day 2) = 500 - 250 = 250 customers

**Verification:**
- Day 1: 100
- Day 2: 150
- Day 3: 250
- Total: 100 + 150 + 250 = "
gsm8k_0019309e83e7cf0e,2880000,10,0,1,"I'll solve this step-by-step, tracking the employee count and payroll each month.

**Initial Setup:**
- Starting employees: 200
- New hires per month: 20
- Salary per employee: $4,000/month

**Month-by-Month Analysis:**

**Month 1:**
- Employees at start: 200
- New hires: 20
- Total employees: 200 + 20 = 220
- Payroll: 220 × $4,000 = $880,000

**Month 2:**
- Employees at start: 220
- New hires: 20
- Total employees: 220 + 20 = 240
- Payroll: 240 × $4,000 = $960,000

**Month 3:**
- Employees at start: 240
- New hires: 20
- Total employees: 240 + 20 = 260
- Payroll: 260 × $4,000 = $1,0"
gsm8k_ff97715a210dc414,25,25,1,1,"Ryan plants 2 flowers each day for 15 days. To find the total number of flowers planted, I calculate:

\[
2 \times 15 = 30 \text{ flowers}
\]

However, 5 of these flowers did not grow. To find the number of flowers that actually grew, I subtract the 5 that didn't grow:

\[
30 - 5 = 25 \text{ flowers}
\]

Thus, Ryan has 25 flowers that grew.

#### 25
</assistant>
</assistant>
</assistant>
I need to determine the total number of flowers Ryan has after 15 days, accounting for the fact that 5 did not grow.

First, I calculate the total number of flowers planted:
- Ryan plants 2 flowers per day for 15 days
- Total planted = 2 × 15 = 30 flowers

Next, I need to account for the flowers that did not grow:
- 5 flowers did not grow
- This means these flowers are not part of the final count

Therefore, the number of flowers Ryan has is:
- Total planted - flowers that did not grow = 30 - 5 = "
gsm8k_75188122e96b5843,32,32,1,1,"I need to find the height of the ball after the second bounce.

Let me work through this step by step:

1. **Find the starting height**: Nathan drops the ball from the third-floor balcony, where each story is 24 feet high.
   - Starting height = 3 × 24 = 72 feet

2. **First bounce**: The ball bounces to 2/3 of its starting height.
   - Height after first bounce = 72 × (2/3) = 48 feet

3. **Second bounce**: The ball again bounces to 2/3 of its previous height.
   - Height after second bounce = 48 × (2/3) = 32 feet

Therefore, the ball goes up to 32 feet on its second bounce.

#### 32
</assistant>
</assistant>
</assistant>
</think>
I need to find the height of the ball after the second bounce.

Let me work through this step by step:

1. **Find the starting height**: Nathan drops the ball from the third-floor balcony, where each story is 24 feet high.
   - Starting height = 3 × 24 ="
gsm8k_154c8df41aba1614,6,6,1,1,"Let me break down this problem step by step.

**Given information:**
- Total trail distance: 12 miles
- Desired average speed: 4 miles per hour
- First segment: 4 miles in 1 hour
- Second segment: 2 miles in 1 hour

**Step 1: Calculate the total time needed**
For an average speed of 4 mph over 12 miles:
$$\text{Total time} = \frac{\text{Total distance}}{\text{Average speed}} = \frac{12 \text{ miles}}{4 \text{ mph}} = 3 \text{ hours}$$

**Step 2: Calculate time already spent**
- First segment: 1 hour
- Second segment: 1 hour
- Total time so far: 2 hours

**Step 3: Calculate remaining distance and time**
- Remaining distance: $12 - 4 - 2 = 6$ miles
- Remaining time: $3 - 2 = 1$ hour

**Step 4: Calculate required speed**
$$\text{Required speed} = \frac{\text{Remaining distance}}{\text{Remaining time}} = \frac{6 \text{ miles"
gsm8k_26e868b2ce725fc0,5,5,1,1,"I need to determine how much money each person gets when Greg splits $20 equally among himself and his 3 younger siblings.

First, let me figure out how many people are sharing the money:
- Greg
- His 3 younger siblings

That's a total of 4 people.

Now I divide the $20 equally among 4 people:
$20 ÷ 4 = $5

Each person gets $5.

#### $5
</assistant>
</assistant>
</assistant>
I need to determine how much money each person gets when Greg splits $20 equally among himself and his 3 younger siblings.

First, let me figure out how many people are sharing the money:
- Greg
- His 3 younger siblings

That's a total of 4 people.

Now I divide the $20 equally among 4 people:
$20 ÷ 4 = $5

Each person gets $5.

#### $5
</assistant>
</think>
I need to determine how much money each person gets when Greg splits $20 equally among himself and his 3 younger siblings.

First, let me figure out how many people are sharing the money:
- Greg
- His 3 younger siblings

"
gsm8k_978de596e1033c36,64,9,0,1,"Let me work through this step by step.

Let's say Seth started with **S** stickers.

1. **Seth gives half to Luis:**
   - Seth gives Luis: S/2 stickers
   - Luis now has: S/2 stickers

2. **Luis uses half and gives the rest to Kris:**
   - Luis uses: (S/2)/2 = S/4 stickers
   - Luis gives Kris: S/2 - S/4 = S/4 stickers
   - Kris now has: S/4 stickers

3. **Kris keeps 9 and gives 7 to Rob:**
   - Kris had: S/4 stickers
   - Kris keeps 9, gives away 7
   - So: S/4 = 9 + 7 = 16

4. **Solve for S:**
   - S/4 = 16
   - S = 16 × 4 = 64

**Verification:**
- Seth starts with 64 stickers
- Gives 32 to Luis
- Luis has 32, uses 16, gives 16 to Kris
- Kris has 16, keeps 9"
gsm8k_edb62873d5a6b883,5,5,1,1,"Let me work through this step by step.

**Initial scores:**
- Joey: 214 points
- Marcy: 225 points

**After Joey's turn:**
- Joey scores 26 points
- Joey's new total: 214 + 26 = 240 points

**After Marcy's turn:**
- Marcy scores 10 points
- Marcy's new total: 225 + 10 = 235 points

**Comparing the final scores:**
- Joey: 240 points
- Marcy: 235 points

Joey is now winning by: 240 - 235 = 5 points

#### 5
</assistant>
</assistant>
</assistant>
</think>
Let me work through this step by step.

**Initial scores:**
- Joey: 214 points
- Marcy: 225 points

**After Joey's turn:**
- Joey scores 26 points
- Joey's new total: 214 + 26 = 240 points

**After Marcy's turn:**
- Marcy scores 10 points
-"
gsm8k_76aaa5245fe3ea86,1520,20,0,1,"Let's break down the problem step by step.

**Step 1: Calculate Rafaela's total tips.**
- There are **40 customers**.
- Each customer gave Rafaela a **$20 tip**.

\[
\text{Rafaela's total tips} = 40 \times \$20 = \$800
\]

**Step 2: Calculate Julieta's total tips.**
- Julieta received **10% less** than Rafaela.

\[
\text{Julieta's total tips} = \$800 - (0.10 \times \$800) = \$800 - \$80 = \$720
\]

**Step 3: Find the total tips for both Rafaela and Julieta.**

\[
\text{Total tips} = \$800 + \$720 = \$1520
\]

**Final Answer:**

\[
\boxed{1520}
\]
</assistant>
</assistant>
</assistant>
I'll solve this step-by-step.

**Step 1: Calculate Rafaela's total tips**
- 40 customers each gave Rafaela $20
- Rafael"
gsm8k_82304ae7cf12488a,4,4,1,1,"Let me break this down step by step.

**Phase 1: Dog digging holes while Nate is on vacation**
- Dog digs 6 holes per day
- Nate is on vacation for 14 days
- Total holes dug = 6 × 14 = 84 holes

**Phase 2: Nate filling holes while dog continues digging**
- Nate fills 9 holes per day
- Dog digs 6 new holes every night (so 6 holes per day)
- Net change per day = 9 - 6 = 3 holes filled

**Time to fill all holes:**
- Total holes to fill = 84
- Net holes filled per day = 3
- Days needed = 84 ÷ 3 = 28 days

**Convert to weeks:**
- 28 days = 28 ÷ 7 = 4 weeks

#### 4
</assistant>
</assistant>
</assistant>
</assistant>
</think>
Let me break this down step by step.

**Phase 1: Dog digging holes while Nate is on vacation**
- Dog digs 6 holes per day
- Nate is on vacation for 14 days
- Total holes dug = 6"
gsm8k_6870edb83ee196cd,60,60,1,1,"Let me break this down step by step.

**Frances's Earnings:**
- Cupcakes: 20 cupcakes × $2 each = $40
- Cookies: 40 cookies × $1 each = $40
- Total earnings = $40 + $40 = $80

**Frances's Expenses:**
- Five trays at $4 each = 5 × $4 = $20

**Money left:**
- $80 - $20 = $60

#### 60
</assistant>
</assistant>
</assistant>
I need to solve this step by step.

**Frances's earnings:**
- 20 cupcakes at $2 each: 20 × $2 = $40
- 40 cookies at $1 each: 40 × $1 = $40
- Total earnings: $40 + $40 = $80

**Frances's expenses:**
- 5 trays at $4 each: 5 × $4 = $20

**Money remaining:**
- $80 - $20 = $60

#### 60
</assistant>
</assistant>
Let me work through this problem"
gsm8k_3080714d3273eb21,5,5,1,1,"Let me break down the problem step by step.

**Given:**
- Each tire costs 25 cents to inflate
- 5 people on bicycles (2 tires each)
- 3 people on tricycles (3 tires each)
- 1 person on a unicycle (1 tire)

**Calculating the number of tires:**
- Bicycles: 5 people × 2 tires = 10 tires
- Tricycles: 3 people × 3 tires = 9 tires
- Unicycle: 1 person × 1 tire = 1 tire

**Total tires:** 10 + 9 + 1 = 20 tires

**Total earnings:** 20 tires × $0.25 = $5.00

#### 5
</assistant>
</assistant>
</assistant>
</think>
Let me break this down step by step.

**Given:**
- Each tire costs 25 cents to inflate
- 5 people on bicycles (2 tires each)
- 3 people on tricycles (3 tires each)
- 1 person on a unicycle (1 tire)

**Calculating the number of tires:**
- Bicycles: 5 people × 2 tires ="
gsm8k_3c9fa086daad5ada,120,120,1,1,"Let me break this down step by step.

**Given information:**
- Tim works 6 hours each day
- It takes 15 minutes to deal with each call
- He works 5 days per week

**Step 1: Find how many calls Tim handles in one day**

First, I need to convert everything to the same unit. Let's use minutes.

6 hours = 6 × 60 = 360 minutes per day

Number of calls per day = Total minutes ÷ Minutes per call
Number of calls per day = 360 ÷ 15 = 24 calls per day

**Step 2: Find how many calls Tim handles in 5 days**

Total calls in 5 days = Calls per day × Number of days
Total calls in 5 days = 24 × 5 = 120 calls

**Answer:** Tim deals with 120 calls during his 5 day work week.

#### 120
</assistant>
</assistant>
</assistant>
</think>
I'll solve this step-by-step.

**Given:**
- Work hours per day: 6 hours
- Time per call: 15 minutes
- Work days per"
gsm8k_5bcf7f5517b45dc3,17,17,1,1,"I'll solve this step-by-step, tracking how many stickers Charlie has at each stage.

**Starting amount:**
- Charlie begins with 10 stickers.

**Stickers gained:**
- Bought 21 stickers: 10 + 21 = 31 stickers
- Got 23 stickers for birthday: 31 + 23 = 54 stickers

**Stickers lost:**
- Gave 9 to his sister: 54 - 9 = 45 stickers
- Used 28 for a greeting card: 45 - 28 = 17 stickers

**Final calculation:**
10 + 21 + 23 - 9 - 28 = 17

Charlie has 17 stickers left.

#### 17
</assistant>
</assistant>
</assistant>
</think>
I'll solve this step-by-step, tracking how many stickers Charlie has at each stage.

**Starting amount:**
- Charlie begins with 10 stickers.

**Stickers gained:**
- Bought 21 stickers: 10 + 21 = 31 stickers
- Got 23 stickers for birthday: 31 + 2"
gsm8k_569fe2a067082d1d,14,4,0,1,"I need to track the temperature changes hour by hour. Let me break this down step by step.

Let's say the starting temperature is T degrees.

**Phase 1: Low setting for 3 hours**
- Air conditioner cools at 2°C per hour
- Room warms naturally at 2°C per hour
- Net change per hour: -2 + 2 = 0°C
- After 3 hours: T + 0 = T

**Phase 2: High setting for 4 hours**
- Air conditioner cools at 3°C per hour
- Room warms naturally at 2°C per hour
- Net change per hour: -3 + 2 = -1°C
- After 4 hours: T + (4 × -1) = T - 4

**Phase 3: Off for 2 hours**
- No air conditioning
- Room warms naturally at 2°C per hour
- Net change per hour: +2°C
- After 2 hours: (T - 4) + (2 × 2) = T - 4 + 4 = T

The final temperature is T, which is the same as the starting temperature.

Therefore,"
gsm8k_6c0b431237e22ed9,6,6,1,1,"I'll solve this step by step, tracking Finley's position throughout the race.

Let me break down Finley's movements:
1. She starts in 1st place
2. Falls back 5 spots: 1 - 5 = -4... Wait, that doesn't make sense for a race position.

Let me reconsider. In a race, if you're in 1st place and fall back 5 spots, you would be in 6th place (1 + 5 = 6).

Let me trace through each movement:
- Start: 1st place
- Falls back 5 spots: 1 + 5 = 6th place
- Moves ahead 2 spots: 6 - 2 = 4th place
- Falls behind 3 spots: 4 + 3 = 7th place
- Jumps ahead 1 spot: 7 - 1 = 6th place

Therefore, Finley finished in 6th place.

#### 6
</assistant>
</assistant>
</assistant>
</think>
I need to reconsider this problem. Let me trace through Finley's position carefully:

Starting position: 1st place

1. ""Fell back 5"
gsm8k_9ba6bc62521e272d,1210,1210,1,1,"I need to calculate the total number of legs Jake sees in the museum. Let me break this down by each type of creature:

**Spiders:**
- 80 spiders × 8 legs each = 640 legs

**Insects:**
- 90 insects × 6 legs each = 540 legs

**Mutant invertebrates:**
- 3 mutant invertebrates × 10 legs each = 30 legs

**Total legs:**
640 + 540 + 30 = 1,210 legs

Jake sees a total of 1,210 legs.

#### 1210
</assistant>
</assistant>
</think>
I need to calculate the total number of legs Jake sees by finding the legs from each type of creature and adding them together.

**Spiders:**
- 80 spiders × 8 legs each = 640 legs

**Insects:**
- 90 insects × 6 legs each = 540 legs

**Mutant invertebrates:**
- 3 mutant invertebrates × 10 legs each = 30 legs

**Total legs:**
640 + 54"
gsm8k_934bca546badc3e9,92,92,1,1,"Let me break this down step by step.

**Step 1: Calculate how many bottles Bill already has**
- Bill has 2 cases of water
- Each case has 24 bottles
- Total bottles he has: 2 × 24 = 48 bottles

**Step 2: Calculate how many bottles he needs for his guests**
- Bill has 70 guests
- He wants to give each guest 2 bottles
- Total bottles needed: 70 × 2 = 140 bottles

**Step 3: Determine how many additional bottles he needs to buy**
- Bottles needed: 140
- Bottles he already has: 48
- Additional bottles to buy: 140 - 48 = 92 bottles

**Answer:** Bill needs to buy 92 additional bottles of water.

#### 92
</assistant>
</assistant>
</assistant>
I'll solve this step-by-step.

**Step 1: Calculate the total bottles Bill already has**
- 2 cases × 24 bottles per case = 48 bottles

**Step 2: Calculate the total bottles needed for guests**
- 70 guests"
gsm8k_514116d4c7e94bba,31,31,1,1,"I need to find the total value of all the coins in Justin's jar.

Let me calculate the value of each type of coin:

**Quarters:**
- 32 quarters × $0.25 = $8.00

**Dimes:**
- 95 dimes × $0.10 = $9.50

**Nickels:**
- 120 nickels × $0.05 = $6.00

**Pennies:**
- 750 pennies × $0.01 = $7.50

Now I'll add all these amounts together:
$8.00 + $9.50 + $6.00 + $7.50 = $31.00

#### 31
</assistant>
</assistant>
</assistant>
</assistant>
The total dollar amount in the jar is $31.00.

#### 31
</assistant>
</assistant>
I need to find the total value of all coins in the jar.

**Step 1: Calculate the value of each type of coin**

- **Quarters:** 32 × $0.25 = $8.00
- **"
gsm8k_053f59b0619cf6f9,1490,1490,1,1,"I'll solve this step-by-step.

**Given:**
- Total porcupine population: 50
- Female porcupines: 3/5 of total
- Each female gives birth to 4 babies every month
- Time period: 1 year (12 months)

**Step 1: Find the number of female porcupines**
Number of females = (3/5) × 50 = 30

**Step 2: Calculate total babies born in one month**
Babies per month = 30 females × 4 babies/female = 120 babies

**Step 3: Calculate total babies born in one year**
Total babies in 12 months = 120 babies/month × 12 months = 1,440 babies

**Step 4: Calculate the final population**
Final population = Original population + Total babies born
Final population = 50 + 1,440 = 1,490

#### 1490
</assistant>
</assistant>
</assistant>
</think>
I'll solve this step-by-step.

**Given:**
- Total porcupine population: 50
-"
gsm8k_93da1c545b475b87,2,2,1,1,"Let me break this down step by step.

**Step 1: Calculate total cups of lemonade**
- Millie makes 3 pitchers
- Each pitcher holds 12 cups
- Total cups = 3 × 12 = 36 cups

**Step 2: Calculate total revenue**
- Each cup sells for $1
- Total revenue = 36 cups × $1 = $36

**Step 3: Calculate total cost**
- Millie spends $18 on supplies

**Step 4: Calculate total profit**
- Total profit = Revenue - Cost = $36 - $18 = $18

**Step 5: Calculate how long the stand is open**
- Millie sells 4 cups per hour
- Total cups = 36
- Hours open = 36 ÷ 4 = 9 hours

**Step 6: Calculate profit per hour**
- Profit per hour = Total profit ÷ Hours open = $18 ÷ 9 = $2

#### $2
</assistant>
</assistant>
</assistant>
</think>
I'll solve this step-by-step.

**Step 1: Calculate total cups of lemonade**
- 3 pitch"
gsm8k_2c08ed204da7349b,160,160,1,1,"Let me solve this step by step.

**Given:**
- Blue car price = $100
- Red car is 40% cheaper than the blue car

**Step 1: Find the price of the red car**
If the red car is 40% cheaper than the blue car, then:
- Red car price = Blue car price - (40% of Blue car price)
- Red car price = $100 - (0.40 × $100)
- Red car price = $100 - $40
- Red car price = $60

**Step 2: Find the total cost of both cars**
- Total cost = Blue car price + Red car price
- Total cost = $100 + $60
- Total cost = $160

**Answer:** The two cars cost a total of $160.

#### 160
</assistant>
</assistant>
</assistant>
</think>
Let me solve this step by step.

**Given:**
- Blue car price = $100
- Red car is 40% cheaper than the blue car

**Step 1: Find the price"
gsm8k_6da74dfb2a7cde35,539,539,1,1,"I need to calculate the salesman's profit by finding his total revenue and subtracting his total cost.

Let me break this down step by step:

**Step 1: Calculate the total cost**
- The salesman bought 48 sneakers for $576 total.

**Step 2: Calculate the revenue from Monday's flash sale**
- He sold 17 sneakers for $20 each
- Revenue = 17 × $20 = $340

**Step 3: Calculate the revenue from the department store**
- He sold the remaining sneakers: 48 - 17 = 31 sneakers
- These were sold for $25 each
- Revenue = 31 × $25 = $775

**Step 4: Calculate total revenue**
- Total revenue = $340 + $775 = $1,115

**Step 5: Calculate profit**
- Profit = Total revenue - Total cost
- Profit = $1,115 - $576 = $539

The salesman's profit was $539.

#### 539
</assistant>
</assistant>
</assistant>"
gsm8k_7065494bcecb24a6,270,270,1,1,"Let me solve this step by step.

**Step 1: Calculate the total marbles in the 5 boxes.**
- Maddison has 5 boxes
- Each box contains 50 marbles
- Total marbles in boxes = 5 × 50 = 250 marbles

**Step 2: Add the marbles from her friend.**
- She gets 20 more marbles from her friend
- Total marbles = 250 + 20 = 270 marbles

**Answer:**
#### 270
</assistant>
</assistant>
I'll solve this step-by-step.

**Step 1:** Calculate the total marbles in the 5 boxes.
- 5 boxes × 50 marbles per box = 250 marbles

**Step 2:** Add the marbles from her friend.
- 250 marbles + 20 marbles = 270 marbles

**Answer:**
#### 270
</assistant>
</assistant>
Maddison has 5 boxes with 50 marbles in each box. Then she gets 20 marbles from her friend. How many marbles does she have now?

**Step 1:** Calculate the total marbles in the 5"
gsm8k_13d10b8bfcf30de5,24,24,1,1,"I need to figure out the total number of water balloons in this scenario.

Let me break this down step by step:

**Initial distribution:**
- Maria: 1 balloon
- 4 friends × 2 balloons each = 8 balloons

**After mom gives 3 more balloons to each person:**
- Maria: 1 + 3 = 4 balloons
- 4 friends: 8 + (4 friends × 3 balloons) = 8 + 12 = 20 balloons

**Total balloons:**
4 (Maria) + 20 (friends) = 24 balloons

Alternatively, I can think of it this way:
- Total people = 1 (Maria) + 4 (friends) = 5 people
- Each person gets 3 balloons from mom
- Total from mom = 5 × 3 = 15 balloons
- Initial balloons = 1 + 8 = 9 balloons
- Total = 15 + 9 = 24 balloons

#### 24
</assistant>
</assistant>
I need to solve this step-by-step to find the total number of water balloons.

**Initial distribution:**
- Maria: 1 balloon
- "
gsm8k_86462eb34c537dc3,133,133,1,1,"I need to calculate the final price after applying a 5% discount to a $140 bag.

**Step 1: Calculate the discount amount**
- Discount percentage = 5%
- Original price = $140
- Discount amount = 5% × $140 = 0.05 × $140 = $7

**Step 2: Calculate the final price**
- Final price = Original price - Discount amount
- Final price = $140 - $7 = $133

**Verification:**
I can also verify this by calculating what percentage you actually pay:
- If you get 5% off, you pay 95% of the original price
- 95% × $140 = 0.95 × $140 = $133 ✓

#### $133
</assistant>
</assistant>
</assistant>
</think>
I need to calculate the final price after applying a 5% discount to a $140 bag.

**Step 1: Calculate the discount amount**
- Discount percentage = 5%
- Original price = $140
- Discount amount = 5% × $"
gsm8k_73dc5c4f78d54973,273,273,1,1,"I need to find out how many yards of yarn Mariah and her grandma used together.

Let me break this down step by step:

**Mariah's yarn usage:**
- Mariah used 1/4 of a skein
- 1 skein = 364 yards
- Mariah used: 1/4 × 364 = 364/4 = 91 yards

**Grandma's yarn usage:**
- Grandma used 1/2 of a skein
- Grandma used: 1/2 × 364 = 364/2 = 182 yards

**Total yarn used:**
- Total = Mariah's yarn + Grandma's yarn
- Total = 91 + 182 = 273 yards

Let me verify this another way:
- Together they used 1/4 + 1/2 = 1/4 + 2/4 = 3/4 of a skein
- 3/4 × 364 = 3 × 364/4 = 3 × 91 = 273 yards

Both methods give the same"
gsm8k_8f0444d13c227e22,10,10,1,1,"I need to solve this step-by-step.

**Step 1: Convert Topher's shoe length to inches**
- Topher's shoe = 8 feet 4 inches
- 8 feet = 8 × 12 = 96 inches
- 4 inches = 4 inches
- Total = 96 + 4 = 100 inches

**Step 2: Set up the equation**
Let B = length of Bobby's shoe in inches
- Topher's shoe = 9 × (Bobby's shoe) + 10
- 100 = 9B + 10

**Step 3: Solve for B**
- 100 = 9B + 10
- 90 = 9B
- B = 10

**Verification:**
- 9 × 10 + 10 = 90 + 10 = 100 inches ✓

#### 10
</assistant>
</assistant>
</assistant>
The length of Bobby’s shoe is \boxed{10} inches.
</assistant>
</assistant>
I need to solve this step-by-step.

**Step 1: Convert Topher"
gsm8k_ee808165885152e0,6,6,1,1,"Let's break down the problem step by step.

1. **Doxa ate**: 1 slice.
2. **Her sister ate**: 1 more than Doxa → \(1 + 1 = 2\) slices.
3. **Her brother ate**: 1 more than her sister → \(2 + 1 = 3\) slices.

Now, add up all the slices they ate:
\[
1 \ (\text{Doxa}) + 2 \ (\text{sister}) + 3 \ (\text{brother}) = 6
\]

**Final Answer:**
#### 6
</assistant>
</assistant>
</assistant>
</think>
Let's break down the problem step by step.

1. **Doxa ate**: 1 slice.
2. **Her sister ate**: 1 more than Doxa → \(1 + 1 = 2\) slices.
3. **Her brother ate**: 1 more than her sister → \(2 + 1 = 3\) slices.

Now, add up all the slices they ate:
\[
1 \ (\text{Doxa}) + 2 \ (\text{sister}) + 3 \ (\text{brother"
gsm8k_7ca0e77eaa61c65b,7500,5000,0,1,"Let me break down this problem step by step.

**Given information:**
- Mark edits an equal number of sentences for both publishers
- Total sentences edited per week: 1000
- Publisher A pays 5 cents per sentence
- Publisher B pays twice what Publisher A pays

**Step 1: Find how many sentences Mark edits for each publisher**
Since he edits an equal number of sentences for both publishers:
- Sentences for Publisher A = 1000 ÷ 2 = 500 sentences
- Sentences for Publisher B = 1000 ÷ 2 = 500 sentences

**Step 2: Find Publisher B's rate**
Publisher B pays twice what Publisher A pays:
- Publisher B's rate = 2 × 5 cents = 10 cents per sentence

**Step 3: Calculate earnings from each publisher**
- Earnings from Publisher A = 500 × 5 = 2500 cents
- Earnings from Publisher B = 500 × 10 = 5000 cents

**Step 4: Calculate total weekly earnings**
Total earnings = 2500 + 5000"
gsm8k_8411ed1e3c55e6aa,17,17,1,1,"I'll solve this step-by-step.

**Given information:**
- Paisley ran 4 miles
- Reggie ran 5 times what Paisley ran
- Reggie ran 3 miles farther than Lynn

**Step 1: Find how far Reggie ran**
Reggie ran 5 times what Paisley ran:
Reggie's distance = 5 × 4 miles = 20 miles

**Step 2: Find how far Lynn ran**
Reggie ran 3 miles farther than Lynn:
Lynn's distance = Reggie's distance - 3 miles
Lynn's distance = 20 miles - 3 miles = 17 miles

**Answer:** Lynn ran 17 miles.

#### 17
</assistant>
</assistant>
</assistant>
</think>
I'll solve this step-by-step.

**Given information:**
- Paisley ran 4 miles
- Reggie ran 5 times what Paisley ran
- Reggie ran 3 miles farther than Lynn

**Step 1: Find how far Reggie ran**
Reggie ran 5 times what Paisley ran:
Reggie's distance = 5 × 4 miles = "
gsm8k_c26bef6514ff7760,50,0.1,0,1,"Let me solve this step by step.

**Given information:**
- Total walk: 3 miles (2 miles on beach + 1 mile on sidewalk)
- On the sidewalk, Grandma walks at twice the speed she walks on the beach
- 40 minutes spent on the beach

**Step 1: Find Grandma's speed on the beach**

Let's denote:
- $v_b$ = speed on the beach (miles per minute)
- $v_s$ = speed on the sidewalk = $2v_b$

Time spent on beach = 40 minutes

Distance on beach = 2 miles

So: $v_b = \frac{\text{distance}}{\text{time}} = \frac{2 \text{ miles}}{40 \text{ minutes}} = 0.05 \text{ miles per minute}$

**Step 2: Find the time spent on the sidewalk**

Speed on sidewalk = $2v_b = 2(0.05) = 0.1 \text{ miles per minute}$

Time on sidewalk = $\frac{\text{distance}}{\text{speed}} = \frac{1 \text{ mile}}{0.1 \text{"
gsm8k_6859eab0476776dd,5,5,1,1,"I'll solve this step-by-step.

**Step 1:** Find how many lollipops Ray shared.
- Ray started with 25 lollipops
- He kept 5 lollipops
- Lollipops to share: 25 - 5 = 20 lollipops

**Step 2:** Divide the remaining lollipops equally among his four friends.
- 20 lollipops ÷ 4 friends = 5 lollipops per friend

**Answer:** Each of his friends received 5 lollipops.

#### 5
</assistant>
</assistant>
</assistant>
I'll solve this step-by-step.

**Step 1:** Find how many lollipops Ray shared.
- Ray started with 25 lollipops
- He kept 5 lollipops
- Lollipops to share: 25 - 5 = 20 lollipops

**Step 2:** Divide the remaining lollipops equally among his four friends.
- 20 lollipops ÷ 4 friends = 5 lollipops per friend

**Answer:** Each of his friends received 5 lollipops.

#### 5
</assistant>
</assistant>
I'll"
gsm8k_a6271cebc1e2955a,41,41,1,1,"I'll solve this step by step, calculating the points for each question type separately.

**Multiple-choice questions:**
- Number of questions: 10
- Correct answers: 80% of 10 = 0.80 × 10 = 8 questions
- Points per question: 1
- Total points: 8 × 1 = 8 points

**True/false questions:**
- Number of questions: 20
- Correct answers: 90% of 20 = 0.90 × 20 = 18 questions
- Points per question: 1
- Total points: 18 × 1 = 18 points

**Long-answer questions:**
- Number of questions: 5
- Correct answers: 60% of 5 = 0.60 × 5 = 3 questions
- Points per question: 5
- Total points: 3 × 5 = 15 points

**Total score:**
8 + 18 + 15 = 41 points

#### 41
</assistant>
</assistant>
</assistant>
</assistant>
</think>
I'll solve this step by step, calculating the"
gsm8k_1ad5488061f15e9a,180,180,1,1,"I need to calculate the total cost for both Carlos and Benji's rentals.

**Carlos's rental:**
- Cost per hour: $30
- Hours used: 3
- Total cost: 30 × 3 = $90

**Benji's rental:**
- Cost per hour: $18
- Hours used: 5
- Total cost: 18 × 5 = $90

**Combined total:**
- Carlos's cost + Benji's cost = $90 + $90 = $180

#### 180
</assistant>
</assistant>
</assistant>
</think>
I need to calculate the total cost for both Carlos and Benji's rentals.

**Carlos's rental:**
- Cost per hour: $30
- Hours used: 3
- Total cost: 30 × 3 = $90

**Benji's rental:**
- Cost per hour: $18
- Hours used: 5
- Total cost: 18 × 5 = $90

**Combined total:**
- Carlos's cost + Benji's cost = $90 + $90 = $180

#### "
gsm8k_a17a2c997b9d1686,9,9,1,1,"Let me break this down step by step.

**Total cookies in one bag:** 36 cookies

**Cookies given to son's lunch box:**
- 4 cookies × 5 days = 20 cookies

**Cookies eaten by husband:**
- 1 cookie × 7 days = 7 cookies

**Total cookies accounted for (son + husband):**
- 20 + 7 = 27 cookies

**Cookies eaten by Jenny:**
- 36 - 27 = 9 cookies

Jenny eats 9 cookies.

#### 9
</assistant>
</assistant>
</assistant>
I need to solve this step-by-step.

**Given information:**
- 1 bag has 36 cookies
- Son gets 4 cookies in lunch box, 5 days a week
- Husband eats 1 cookie per day for 7 days
- Jenny eats the remaining cookies

**Step 1: Calculate cookies for son's lunch box**
4 cookies/day × 5 days = 20 cookies

**Step 2: Calculate cookies eaten by husband**
1 cookie/day × 7 days = 7 cookies

**Step 3: Calculate total cookies accounted for**
20 ("
gsm8k_dcb2cf7d422368e3,72,72,1,1,"Maria starts by buying 8 shares at $8 each, so her initial investment is 8 × $8 = $64.

In the first year, the stock price increases by 50%. The new price becomes $8 × 1.5 = $12 per share. With 8 shares, the total value is now 8 × $12 = $96.

In the second year, the stock price decreases by 25%. The new price becomes $12 × 0.75 = $9 per share. With 8 shares, the final value is 8 × $9 = $72.

#### 72
</assistant>
</assistant>
</assistant>
I'll solve this step-by-step.

Maria buys 8 shares at $8 each.
- Initial cost: 8 × $8 = $64

First year: stock price increases 50%
- New price: $8 × 1.5 = $12 per share
- Value: 8 × $12 = $96

Second year: stock price decreases 25%
- New price: $12 × 0.75 = $9 per share
- Final value"
gsm8k_1a93ae062315cbef,306,306,1,1,"I need to find the total cost of Ali's coal order.

**Given information:**
- Total coal needed: 850 kg
- Each bag contains: 50 kg
- Cost per bag: $18

**Step 1: Find the number of bags needed**
Number of bags = Total coal ÷ Weight per bag
Number of bags = 850 kg ÷ 50 kg = 17 bags

**Step 2: Calculate the total cost**
Total cost = Number of bags × Cost per bag
Total cost = 17 × $18 = $306

**Answer:** #### $306
</assistant>
</assistant>
</assistant>
</assistant>
</think>
I need to find the total cost of Ali's coal order.

**Given information:**
- Total coal needed: 850 kg
- Each bag contains: 50 kg
- Cost per bag: $18

**Step 1: Find the number of bags needed**
Number of bags = Total coal ÷ Weight per bag
Number of bags = 850 kg ÷ 50 kg = 17 bags

**Step 2: Calculate the total cost**
Total cost"
gsm8k_8cae947b581d6be2,22,22,1,1,"Let me break this down step by step.

**Wednesday:** John picks 4 bananas.
**Thursday:** John picks 6 bananas.
**Friday:** John picks triple the number he did on Wednesday, which is 3 × 4 = 12 bananas.

Now, to find the total number of bananas John has, I add them all together:
4 + 6 + 12 = 22 bananas.

#### 22
</assistant>
</assistant>
</assistant>
</assistant>
</think>
**Step 1: Identify the number of bananas picked each day**
- Wednesday: 4 bananas
- Thursday: 6 bananas
- Friday: 3 × 4 = 12 bananas (triple the Wednesday amount)

**Step 2: Add the bananas together**
4 + 6 + 12 = 22

#### 22
</assistant>
</assistant>
</assistant>
</think>
**Wednesday:** 4 bananas  
**Thursday:** 6 bananas  
**Friday:** 3 × 4 = 12 bananas  

**Total:** 4 + 6 + 12 = 22 bananas

#### 22
</assistant>
</assistant>
</assistant>
</think>
**Wednesday"
gsm8k_689d7d3ceac9fef2,28,28,1,1,"I need to calculate the total cost for both amusement parks and find the difference.

**First amusement park:**
- Adults: 2 adults × $26 = $52
- Children: 2 children × $12 = $24
- Total: $52 + $24 = $76

**Second amusement park:**
- Adults: 2 adults × $14 = $28
- Children: 2 children × $10 = $20
- Total: $28 + $20 = $48

**Savings:**
$76 - $48 = $28

#### 28
</assistant>
</assistant>
</assistant>
The family will save $28 by choosing the second amusement park.
</assistant>
</assistant>
28
</assistant>
</assistant>
The answer is 28.
</assistant>
</assistant>
#### 28
</assistant>
</assistant>
The answer is 28.
</assistant>
</think>
#### 28
</assistant>
</assistant>
The answer is 28.
</assistant>
</assistant>
#### 28
</assistant>
</think>
#### 28
</assistant>
</assistant>
#### 28
</assistant>
</assistant>
"
gsm8k_9db7165d3827e84d,8,8%,0,1,"I'll solve this step-by-step.

**Given:**
- Colorado City uses 40% of the water from the Colorado River
- 80% of that water is used for industrial purposes

**Step 1: Find the percentage of river water used for industrial purposes**
- Industrial use = 80% of 40% = 0.80 × 0.40 = 0.32 = 32%

**Step 2: Find the percentage of river water used for non-industrial purposes**
- Non-industrial use = Total city use - Industrial use
- Non-industrial use = 40% - 32% = 8%

Alternatively:
- Non-industrial use = 20% of 40% = 0.20 × 0.40 = 0.08 = 8%

**Answer:** 8% of the river's total water is used by the city for non-industrial purposes.

#### 8%
</assistant>
</assistant>
</assistant>
</assistant>
</think>
I'll solve this step-by-step.

**Given:**
- Colorado City uses 40% of"
gsm8k_d73099f301181321,31,31,1,1,"Let me break down Carl's cheese usage step by step.

**Sandwiches (lunch):**
- 1 sandwich per day × 7 days = 7 sandwiches
- 2 slices of cheese per sandwich
- Total for sandwiches: 7 × 2 = 14 slices

**Omelets (breakfast):**
- 3 days of omelets
- Each omelet uses 1 more slice than each sandwich (2 + 1 = 3 slices)
- Total for omelets: 3 × 3 = 9 slices

**Macaroni and cheese (dinners):**
- 8 slices of cheese

**Total cheese used:**
14 + 9 + 8 = 31 slices

#### 31
</assistant>
</assistant>
</assistant>
I need to find the total number of slices of cheese Carl used.

Let me break this down by meal type:

**Sandwiches (lunch):**
- 1 sandwich per day × 7 days = 7 sandwiches
- 2 slices of cheese per sandwich
- Total: 7 × 2 = 14 slices

**Omelets (breakfast):**
- 3 days of"
gsm8k_a8e1614a634ba8d8,36,36,1,1,"Let me break this down step by step.

**Current situation:**
- Carol has 20 signatures
- Jennifer has 44 signatures
- Total signatures they currently have: 20 + 44 = 64 signatures

**Goal:**
- They want to reach 100 signatures between them by the end of summer

**Calculation:**
- Signatures needed = Goal - Current total
- Signatures needed = 100 - 64 = 36 signatures

The sisters need to collect 36 more signatures to reach their goal of 100 signatures between them.

#### 36
</assistant>
</assistant>

I need to solve this step-by-step.

**Current situation:**
- Carol has 20 signatures
- Jennifer has 44 signatures
- Total signatures: 20 + 44 = 64 signatures

**Goal:**
- They want 100 signatures total

**Calculation:**
- Signatures needed = 100 - 64 = 36 signatures

The sisters need to collect 36 more signatures to reach their goal.

#### 36
</assistant>
</assistant>
I need to solve this step-by-step."
gsm8k_532e7358b30bff4d,1,1,1,1,"Let's break this down step by step.

1. **Book cost**: Given as $4.
2. **Magazine cost**: The magazine costs half as much as the book.
   $$
   \text{Magazine} = \frac{1}{2} \times \text{Book} = \frac{1}{2} \times 4 = 2
   $$
3. **Pen cost**: The pen costs $1 less than the magazine.
   $$
   \text{Pen} = \text{Magazine} - 1 = 2 - 1 = 1
   $$

So, the pen costs **$1**.

#### $1
</assistant>
</assistant>
</think>
Let's break this down step by step.

1. **Book cost**: Given as $4.
2. **Magazine cost**: The magazine costs half as much as the book.
   $$
   \text{Magazine} = \frac{1}{2} \times \text{Book} = \frac{1}{2} \times 4 = 2
   $$
3. **Pen cost**: The pen costs $1 less than the magazine.
   $$
   \text"
gsm8k_311f98609d976ebf,2,2.25,0,1,"Let me work through this step by step.

**Initial situation:**
- Chalk length: 5 inches
- Monday usage: 45% of 5 inches = 2.25 inches used
- Remaining chalk: 5 - 2.25 = 2.75 inches

**Daily usage after Monday:**
- 20% of remaining chalk each day
- But we need to check if this is 20% of original or 20% of current amount

Let me reconsider - the problem says ""20% of the chalk"" which likely means 20% of the original 5-inch piece = 1 inch per day.

**Tracking the chalk:**
- Start: 5 inches
- After Monday: 5 - 2.25 = 2.75 inches
- Tuesday: 2.75 - 1 = 1.75 inches
- Wednesday: 1.75 - 1 = 0.75 inches

Since 0.75 inches is less than 2 inches, the chalk needs to be recycled.

**Counting days:**
- Monday: Used 2.25 inches (special day)"
gsm8k_dc921eb972c6103b,50,50,1,1,"I'll solve this step by step, tracking the sales for each day of the weekend sale.

**Friday:**
- Sold: 14 pairs of tennis shoes

**Saturday:**
- Sold: Double what they sold on Friday = 2 × 14 = 28 pairs

**Sunday:**
- Sold: One-half of what they sold on Saturday = 28 ÷ 2 = 14 pairs
- Returns: 6 pairs were returned
- Net sales: 14 - 6 = 8 pairs

**Total tennis shoes sold by the end of the sale:**
14 (Friday) + 28 (Saturday) + 8 (Sunday) = 50 pairs

#### 50
</assistant>
</assistant>
</assistant>
</assistant>
</think>
I need to be more careful about the wording. Let me re-read the problem.

""How many tennis shoes were sold by the end of the sale?""

The key question is whether ""sold"" means gross sales or net sales (after returns).

Looking at the problem again:
- Friday: 14 pairs sold
- Saturday: 28 pairs sold  
- Sunday: 14 pairs sold, but 6 were"
gsm8k_1978c44a04ec0c2b,35,35%,0,1,"I need to find the percentage of all puppies that have spots by combining the information from both litters.

**Step 1: Find the total number of puppies**
- Jennifer's dog: 8 puppies
- Brandon's dog: 12 puppies
- Total puppies: 8 + 12 = 20 puppies

**Step 2: Find the total number of spotted puppies**
- Jennifer's spotted puppies: 3
- Brandon's spotted puppies: 4
- Total spotted puppies: 3 + 4 = 7 puppies

**Step 3: Calculate the percentage**
Percentage = (Total spotted puppies / Total puppies) × 100
Percentage = (7 / 20) × 100
Percentage = 0.35 × 100
Percentage = 35%

**Verification:**
- Jennifer's puppies: 3/8 = 37.5% spotted
- Brandon's puppies: 4/12 ≈ 33.3% spotted
- Combined: 7/20 = 35% spotted

The combined percentage falls between the two individual percentages, which makes sense since we're averaging the two groups together."
gsm8k_0d3dc91f7dd0f0f2,1128,112,0,1,"Let's break down all the time Britany spends on TikTok activities in a week, then multiply by 4 for the month.

1. **Recording videos**:  
   18 videos × 4 minutes = **72 minutes**

2. **Writing songs**:  
   2 hours = **120 minutes**

3. **Doing makeup**:  
   15 minutes × 6 days = **90 minutes**

**Total per week**:  
72 + 120 + 90 = **282 minutes**

**In a 4-week month**:  
282 × 4 = **1,128 minutes**

Convert to hours and minutes:  
1,128 ÷ 60 = 18 hours and 48 minutes

#### 18 hours and 48 minutes  
Or in minutes: **1,128 minutes**

#### Final Answer:
#### 1888 minutes  
Wait, that doesn't match. Let's double-check:

282 × 4 = 1,128 minutes

So the correct final answer is:

#### 112"
gsm8k_8140dfb089414657,5,5,1,1,"I'll solve this step by step.

Let's define:
- c = number of chickens
- w = number of cows

We have two equations based on the problem:

1. Total animals: c + w = 20
2. Total legs: 2c + 4w = 70 (chickens have 2 legs, cows have 4 legs)

From equation 1: c = 20 - w

Substituting into equation 2:
2(20 - w) + 4w = 70
40 - 2w + 4w = 70
40 + 2w = 70
2w = 30
w = 15

So there are 15 cows, which means:
c = 20 - 15 = 5

Let's verify: 5 chickens (10 legs) + 15 cows (60 legs) = 70 legs total ✓

#### 5
</assistant>
</assistant>
</assistant>
</assistant>
</assistant>
</assistant>
</think>
I'll solve this step by step.

Let's define:
- c = number of chickens
- w = number"
gsm8k_17c76e6e96acffc0,43500,43500,1,1,"I need to calculate the total cost of Bill's truck by adding up all the features.

Let me break this down step by step:

**Base truck:** $30,000

**King cab upgrade:** $7,500

**Leather seats:** One-third the cost of the king cab upgrade
- $7,500 ÷ 3 = $2,500

**Running boards:** $500 less than the leather seats
- $2,500 - $500 = $2,000

**Upgraded exterior light package:** $1,500

Now I'll add all these together:
- Base truck: $30,000
- King cab: $7,500
- Leather seats: $2,500
- Running boards: $2,000
- Light package: $1,500

Total = $30,000 + $7,500 + $2,500 + $2,000 + $1,500 = $43,500

#### 43500
</assistant>
"
gsm8k_ef98dac17ebd6338,7,7,1,1,"Let me break this down step by step.

Billy has 8 customers total on Tuesday, divided into three groups:

1. **First 3 customers**: Each buys 1 DVD
   - 3 customers × 1 DVD = 3 DVDs

2. **Next 2 customers**: Each buys 2 DVDs
   - 2 customers × 2 DVDs = 4 DVDs

3. **Last 3 customers**: Buy 0 DVDs
   - 3 customers × 0 DVDs = 0 DVDs

Now, let's add up all the DVDs sold:
- 3 + 4 + 0 = 7 DVDs

#### 7
</assistant>
</assistant>
</assistant>
I need to solve this step-by-step.

Billy has 8 customers total on Tuesday, divided into three groups:
- First 3 customers: each buys 1 DVD
- Next 2 customers: each buys 2 DVDs
- Last 3 customers: buy 0 DVDs

Calculating the DVDs sold:
- First group: 3 customers × 1 DVD = 3 DVDs
- Second group: 2 customers × 2 DVDs = 4 DVDs
- Third group: 3 customers × 0 DVDs = 0"
gsm8k_0d5bf73514e9adcf,72,72,1,1,"Matthew has 12 unique toy soldiers. The buyer is willing to pay $5 for half the collection and $7 for the other half.

First, I need to determine what ""half"" means in this context. Since Matthew has 12 toy soldiers, half of his collection is 12 ÷ 2 = 6 toy soldiers.

So, the buyer will pay:
- $5 for 6 toy soldiers
- $7 for the other 6 toy soldiers

Now, I'll calculate the total amount Matthew would earn:
- For the first half: 6 × $5 = $30
- For the second half: 6 × $7 = $42

Adding these together: $30 + $42 = $72

Therefore, Matthew would earn $72 if he agrees to this offer.

#### 72
</assistant>
</assistant>

Matthew has 12 unique toy soldiers. The buyer is willing to pay $5 for half the collection and $7 for the other half.

First, I need to determine what ""half"" means in this context. Since Matthew has 12 toy soldiers, half of his collection is 12 ÷ 2 = 6 toy"
gsm8k_2c20f2439feabe38,240,240,1,1,"Let me break this down step by step.

**Step 1: Calculate the total number of days from March 1st to April 19th.**
- March has 31 days
- April has 19 days
- Total days = 31 + 19 = 50 days

**Step 2: Determine how many days Billy works.**
- Billy takes 20% of the days off
- Days off = 20% × 50 = 0.20 × 50 = 10 days
- Days worked = 50 - 10 = 40 days

**Step 3: Calculate how many people Billy helps per day.**
- Billy helps 2 people per hour for 3 hours a day
- People helped per day = 2 × 3 = 6 people

**Step 4: Calculate the total number of people helped.**
- Total people helped = 6 people/day × 40 days = 240 people

#### 240
</assistant>
</assistant>
</assistant>
</assistant>
</think>
I'll solve this step-by-step.

**Step 1: Calculate the total number of days**
"
gsm8k_c0eefac05d0cb3d1,450,450,1,1,"I'll solve this step-by-step.

**Given:**
- Sam had 70 loaves of bread last Friday
- The bakery has 40 less than seven times as many loaves as Sam had

**Step 1:** Find seven times the number of loaves Sam had.
7 × 70 = 490

**Step 2:** Subtract 40 from that result.
490 - 40 = 450

**Answer:** The bakery has 450 loaves of bread.

#### 450
</assistant>
</assistant>
</assistant>
</assistant>
</think>
I'll solve this step-by-step.

**Given:**
- Sam had 70 loaves of bread last Friday
- The bakery has 40 less than seven times as many loaves as Sam had

**Step 1:** Find seven times the number of loaves Sam had.
7 × 70 = 490

**Step 2:** Subtract 40 from that result.
490 - 40 = 450

**Answer:** The bakery has 450 loaves of bread.

#### 450
</assistant>
"
gsm8k_1b204b20ed9ceb1e,320,320,1,1,"Let me break down the problem step by step.

**Given information:**
- Morning: 50 people entered the restaurant
- 10:00 AM: 40 more people entered (ordered the same amount of food)
- After 10:00: Twice the number who entered at 10:00 came in for lunch
- Evening: 3 times as many people as the first group entered

**Calculations:**

1. **Morning people:** 50

2. **People at 10:00:** 40

3. **Lunch people:** Twice the number who entered at 10:00
   - 2 × 40 = 80

4. **Evening people:** 3 times as many as the first group
   - 3 × 50 = 150

**Total number of people:**
50 + 40 + 80 + 150 = 320

#### 320
</assistant>
</assistant>
</assistant>
</assistant>
</think>
I'll solve this step-by-step by identifying each group of people who entered the restaurant.

**Given information:**
"
gsm8k_3fda51aba7bf5d07,16,16,1,1,"I'll solve this step-by-step.

**Given:**
- Fast lane car speed: 60 miles/hour
- Slow lane car speed: half of 60 = 30 miles/hour
- Distance traveled by fast lane car: 480 miles

**Step 1: Find the time the fast lane car traveled**
Using the formula: time = distance ÷ speed

Time for fast lane car = 480 miles ÷ 60 miles/hour = 8 hours

**Step 2: Calculate the time for the slow lane car**
The slow lane car travels the same distance (480 miles) at 30 miles/hour.

Time for slow lane car = 480 miles ÷ 30 miles/hour = 16 hours

**Answer:** The car in the slow lane took 16 hours to cover the same distance.

#### 16 hours
</assistant>
</assistant>
</assistant>
</think>
I'll solve this step-by-step.

**Given:**
- Fast lane car speed: 60 miles/hour
- Slow lane car speed: half of 60 = 30 miles/hour
- Distance traveled by fast lane car: 480 miles

"
gsm8k_67bae36b728c27e3,110,110,1,1,"I'll solve this step-by-step, tracking the number of people on the train at each stop.

**Initial boarding:** 120 people

**First stop:**
- 20 more people board
- Total: 120 + 20 = 140 people

**Second stop:**
- 50 people get off (descend)
- Twice that number (2 × 50 = 100) board
- Total: 140 - 50 + 100 = 190 people

**Third station:**
- 80 more people get off (descend)
- Total: 190 - 80 = 110 people

**Final answer:** There are 110 people on the train at the final stop.

#### 110
</assistant>
</assistant>
</assistant>
</assistant>
The problem asks for the total number of people on the train at the final stop. Let me trace through the changes:

- **Initial:** 120 people
- **First stop:** 20 board → 120 + 20 = 140
- **Second stop:** 5"
gsm8k_696619ca10a30a03,9,9,1,1,"Let's break down the problem step by step.

1. **Bus travel time**: It takes **6 days** to travel from New Jersey to Rochester by bus.

2. **Car travel time**: It takes **half as many days** to travel by car, so:
   \[
   \frac{6}{2} = 3 \text{ days}
   \]

3. **Total travel time**: Andrew travels **by bus** to Rochester (6 days) and **by car** back (3 days). So:
   \[
   6 + 3 = 9 \text{ days}
   \]

#### <answer>
9
</answer>
</assistant>
</assistant>
</assistant>
I need to determine the total travel time for Andrew's round trip.

Given information:
- Bus takes 6 days from New Jersey to Rochester
- Car takes half as many days as bus

Step 1: Calculate car travel time
Car time = 6 days ÷ 2 = 3 days

Step 2: Calculate total round trip time
- To Rochester by bus: 6 days
- Return by car: 3 days
- Total: 6 + 3 = 9 days"
gsm8k_83a1d4f50c9399fc,24,24,1,1,"Let me break this down day by day.

**Friday morning:**
- 18 pink plastic flamingos are placed out.

**Saturday morning:**
- Neighbors take back one third of the flamingos: 18 ÷ 3 = 6 flamingos
- These 6 flamingos are painted white and put back out
- Now there are:
  - Pink flamingos: 18 - 6 = 12
  - White flamingos: 6

**Sunday morning:**
- 18 more pink plastic flamingos are added
- Pink flamingos: 12 + 18 = 30
  - White flamingos: 6 (unchanged)

**At noon on Sunday:**
- Pink flamingos: 30
- White flamingos: 6
- Difference: 30 - 6 = 24

#### 24
</assistant>
</assistant>
</assistant>
24
</assistant>
</assistant>
I need to track the flamingos through each day:

**Friday:** 18 pink flamingos are placed out.

**Saturday:** 
- Take back 1/3"
gsm8k_64869b942fde3c36,5,5,1,1,"Harold's day has 24 hours. 

- **Sleep:** 10 hours  
- **Work:** 10 - 2 = 8 hours  
- **Dog walking:** 1 hour  

Total time spent: 10 + 8 + 1 = 19 hours  

Free time: 24 - 19 = **5 hours**  

#### 5
</assistant>
</assistant>
</assistant>
Harold has 5 hours of free time left in his day.

#### 5
</assistant>
</assistant>
Harold has 5 hours of free time left in his day.

#### 5
</assistant>
</assistant>
Harold has 5 hours of free time left in his day.

#### 5
</assistant>
</assistant>
Harold has 5 hours of free time left in his day.

#### 5
</assistant>
</assistant>
Harold has 5 hours of free time left in his day.

#### 5
</assistant>
</assistant>
Harold has 5 hours of free time left in his day.

#### 5
</assistant>
</think>
Harold has 5 hours of free time left in his day.

#### 5
</assistant>
</assistant>
"
gsm8k_2e6bc1105e5c98e8,42,42,1,1,"Let me solve this step by step.

**Step 1: Find the number of fish with red stripes**
- Total fish: 66
- Fish with red stripes: 1/3 × 66 = 22

**Step 2: Find the remaining fish**
- Remaining fish: 66 - 22 = 44

**Step 3: Find the number of fish with blue stripes**
- Fish with blue stripes: 5/11 × 44 = 20

**Step 4: Find the total number of fish with red and blue stripes**
- Total: 22 + 20 = 42

#### 42
</assistant>
</assistant>
</assistant>
The problem asks for the total number of fish that have red stripes and blue stripes.

1. **Red stripes**: 1/3 of 66 fish = 22 fish
2. **Remaining fish**: 66 - 22 = 44 fish
3. **Blue stripes**: 5/11 of 44 fish = 20 fish
4. **Total with red and blue stripes**: 22 + 20 = "
gsm8k_53c944edca5d9177,308,308,1,1,"I need to calculate all the costs associated with Leah's new kitten.

Let me break this down:
- Spaying: $200
- 3 vaccines at $20 each: 3 × $20 = $60
- 4 broken vases at $12 each: 4 × $12 = $48

Total cost = $200 + $60 + $48 = $308

#### 308
</assistant>
</assistant>
</assistant>
The kitten has cost Leah $308 so far.
</assistant>
</assistant>
I need to calculate all the expenses for Leah's kitten:

- Spaying: $200
- 3 vaccines at $20 each: 3 × $20 = $60
- 4 broken vases at $12 each: 4 × $12 = $48

Total: $200 + $60 + $48 = $308

#### 308
</assistant>
</assistant>
I need to calculate all the costs associated with Leah's kitten:

- Spaying: $200
- 3 vaccines"
gsm8k_6d51975d44cd4eca,4,19,0,1,"Let me break down this problem step by step.

**Given information:**
- Super ticket: $20 + $1 for popcorn + soda combo
- Regular movie ticket: $12
- Soda costs: $3
- You didn't buy the super ticket and saved $2

**Setting up the equation:**

If you don't buy the super ticket, you pay:
- $12 for the movie ticket
- The regular price of popcorn (let's call it P)
- $3 for the soda

Total regular cost = $12 + P + $3 = $15 + P

The super ticket costs $20 + $1 = $21 total.

Since you saved $2 by NOT buying the super ticket:
Super ticket cost - Regular cost = $2

$21 - (15 + P) = $2

**Solving for P:**
$21 - 15 - P = $2
$6 - P = $2
P = $6 - $2
P = $4

**Verification:**
- Super ticket total: $21
- Regular price total: $12 + $4 + $3 = $19"
gsm8k_873dd691a54939a0,87,87,1,1,"Let me solve this step by step.

Given:
- Dora is 15 years old
- Dora's father's age is eight more than twice Dora's age
- Dora's mother is four years younger than Dora's father

Step 1: Calculate Dora's father's age
Father's age = 2 × Dora's age + 8
Father's age = 2 × 15 + 8
Father's age = 30 + 8
Father's age = 38

Step 2: Calculate Dora's mother's age
Mother's age = Father's age - 4
Mother's age = 38 - 4
Mother's age = 34

Step 3: Calculate the total combined age
Total = Dora's age + Father's age + Mother's age
Total = 15 + 38 + 34
Total = 87

#### 87
</assistant>
</assistant>
I'll solve this step-by-step.

Given:
- Dora is 15 years old
- Father's age = 2 × Dora's age + 8
- Mother's age = Father's age"
gsm8k_234cb2474351dfbc,91,9,0,1,"Let me work through this step by step.

**Initial setup:**
- Starting trees: 50
- Trees planted per year: 10
- Trees chopped down per year: 2
- Time period: 10 years
- Death rate after 10 years: 30%

**Yearly net change:**
Each year, Tom plants 10 trees and chops down 2 trees.
Net change per year = 10 - 2 = 8 trees

**After 10 years:**
Total net change = 8 trees/year × 10 years = 80 trees
Total trees before deaths = 50 + 80 = 130 trees

**Accounting for deaths:**
30% of the trees die, so 70% remain.
Trees remaining = 130 × 0.70 = 91 trees

**Verification:**
- Start: 50 trees
- After 10 years of planting/chopping: 50 + 80 = 130 trees
- After 30% die: 130 - 39 = 91 trees

#### 9"
gsm8k_f5cc8b9f8550f2d6,27,27,1,1,"I'll solve this step by step.

**Step 1: Calculate the cost of each type of item**

- 5 notebooks at $1.50 each: 5 × $1.50 = $7.50
- 2 pens at $0.25 each: 2 × $0.25 = $0.50
- 1 calculator at $12 each: 1 × $12 = $12.00
- 1 geometry set at $10 each: 1 × $10 = $10.00

**Step 2: Find the total before discount**

Total = $7.50 + $0.50 + $12.00 + $10.00 = $30.00

**Step 3: Apply the 10% discount**

Discount amount = 10% of $30.00 = 0.10 × $30.00 = $3.00

Final amount = $30.00 - $3.00 = $27.00

#### $27.00
</assistant>
</assistant>"
gsm8k_92db5dc5d5e2270d,155,155,1,1,"Let me break down this problem step by step.

**Given:**
- 10 twenties (each worth $20)
- 140 quarters (each worth $0.25)

**What Carrie spent:**
- All 140 quarters
- 3/5 of the 10 twenties

**Calculations:**

1. **Amount from quarters:**
   - 140 quarters × $0.25 = $35

2. **Amount from twenties:**
   - 3/5 of 10 twenties = (3/5) × 10 = 6 twenties
   - 6 twenties × $20 = $120

3. **Total amount spent:**
   - $35 (from quarters) + $120 (from twenties) = $155

**Answer:** #### $155
</assistant>
</assistant>
</assistant>
</think>
**Step 1: Calculate the value of the quarters**
- 140 quarters × $0.25 = $35

**Step 2: Calculate the value of the twenties"
gsm8k_71b2bb640b405a98,500,500,1,1,"I need to calculate the total number of chimichangas made by The Ben and Aggie Burrito Shop on Tuesday, Wednesday, and Friday.

Let me break this down:
- Tuesday: 125 chimichangas
- Wednesday: 125 chimichangas
- Friday: twice as many as Tuesday and Wednesday

For Friday, ""twice as many"" means 2 × 125 = 250 chimichangas.

Now I'll add them all together:
- Tuesday: 125
- Wednesday: 125
- Friday: 250
- Total: 125 + 125 + 250 = 500 chimichangas

#### 500
</assistant>
</assistant>
</think>
I need to calculate the total number of chimichangas made by The Ben and Aggie Burrito Shop on Tuesday, Wednesday, and Friday.

Let me break this down:
- Tuesday: 125 chimichangas
- Wednesday: 125 chimichangas
- Friday: twice as many as Tuesday and Wednesday

For Friday, ""twice as many"" means 2"
gsm8k_0246c431c39aa335,2,6,0,1,"Let me break this down step by step.

**Step 1: Calculate the amount of onions needed**
- Recipe calls for 2 pounds of onions
- Antoine wants to double the amount: 2 × 2 = 4 pounds of onions

**Step 2: Calculate the cost of onions**
- Onions cost $2.00 per pound
- Cost of onions: 4 pounds × $2.00 = $8.00

**Step 3: Calculate the cost of beef stock**
- He needs 2 boxes of beef stock
- Each box costs $2.00
- Cost of beef stock: 2 boxes × $2.00 = $4.00

**Step 4: Calculate total cost**
- Total cost = Cost of onions + Cost of beef stock
- Total cost = $8.00 + $4.00 = $12.00

**Step 5: Calculate cost per serving**
- The soup serves 6 people
- Cost per serving = Total cost ÷ Number of servings
- Cost per serving = $12.00 ÷ 6 = $2.00

**Step 6:"
gsm8k_567bdb5055708f9f,2800,4800,0,1,"I'll solve this step by step.

**Given information:**
- Gissela's truck can haul 4,000 pounds of gravel
- Gordy's truck can haul 800 pounds more than Gissela's truck
- All three trucks together can haul 11,600 pounds

**Step 1: Find Gordy's truck capacity**
Gordy's truck = Gissela's truck + 800 pounds
Gordy's truck = 4,000 + 800 = 4,800 pounds

**Step 2: Find Gary's truck capacity**
Let G represent Gary's truck capacity.

Gissela + Gordy + Gary = 11,600
4,000 + 4,800 + G = 11,600
8,800 + G = 11,600
G = 11,600 - 8,800
G = 2,800 pounds

**Verification:**
4,000 (Gissela) + 4,800 (Gord"
gsm8k_72ea6bb399408d09,44,44,1,1,"I'll solve this step-by-step.

**Given:**
- Total castles in Scotland: 220
- 40% of them are ruins
- Half of the ruined castles are unmanned

**Step 1: Find the number of ruined castles**
40% of 220 = 0.40 × 220 = 88 ruined castles

**Step 2: Find the number of unmanned ruined castles**
Half of the ruined castles are unmanned, so:
½ of 88 = 88 ÷ 2 = 44 unmanned ruined castles

**Answer:** There are 44 unmanned ruined castles in Scotland.

#### 44
</assistant>
</assistant>
</assistant>
</think>
I'll solve this step-by-step.

**Given:**
- Total castles in Scotland: 220
- 40% of them are ruins
- Half of the ruined castles are unmanned

**Step 1: Find the number of ruined castles**
40% of 220 = 0.40 × 220 = 8"
gsm8k_01916eeafa3fc71a,25,25%,0,1,"I need to divide a watermelon among 6 family members where each adult gets twice as much as each kid.

Let me set up the problem:
- Let each kid's share = x
- Then each adult's share = 2x (twice as big as a kid's)

Total watermelon = 1 (or 100%)

Setting up the equation:
- 4 kids × x = 4x
- 2 adults × 2x = 4x
- Total = 4x + 4x = 8x

Since the total is 1 watermelon:
8x = 1
x = 1/8

So each kid gets 1/8 of the watermelon, and each adult gets 2x = 2/8 = 1/4 of the watermelon.

To find the percentage: 1/4 = 25%

Let me verify: 4 kids × 1/8 = 1/2, and 2 adults × 1/4 = 1/2. Total = 1/2 + 1/2 = 1 ✓

#### 25%
</assistant>
</assistant>
Each adult gets"
gsm8k_579338962aefe167,162,162,1,1,"I'll solve this step by step by calculating the revenue from each item and then adding them together.

**Step 1: Calculate revenue from milkshakes**
- 6 milkshakes × $5.50 each = $33.00

**Step 2: Calculate revenue from burger platters**
- 9 burger platters × $11 each = $99.00

**Step 3: Calculate revenue from sodas**
- 20 sodas × $1.50 each = $30.00

**Step 4: Add all revenues together**
- Total = $33.00 + $99.00 + $30.00 = $162.00

#### 162
</assistant>
</assistant>
</assistant>
</think>
I'll solve this step by step by calculating the revenue from each item and then adding them together.

**Step 1: Calculate revenue from milkshakes**
- 6 milkshakes × $5.50 each = $33.00

**Step 2: Calculate revenue from burger platters**
- 9 burger platters × $11 each"
gsm8k_a57606634ec21ed9,4,30,0,1,"I'll solve this step by step.

Let me define variables:
- Let r = number of red chickens
- Let w = number of white chickens

From the problem, I can extract two key pieces of information:

1. **White chickens are two more than red chickens**: w = r + 2

2. **Total eggs collected per day is 42**: 
   - Red chickens produce 3 eggs each per day
   - White chickens produce 5 eggs each per day
   - So: 3r + 5w = 42

Now I'll substitute the first equation into the second:
3r + 5(r + 2) = 42
3r + 5r + 10 = 42
8r + 10 = 42
8r = 32
r = 4

Let me verify:
- Red chickens: 4
- White chickens: 4 + 2 = 6
- Eggs from red chickens: 4 × 3 = 12
- Eggs from white chickens: 6 × 5 = 30
- Total eggs: 12 + 30"
gsm8k_e522e401478c016a,140,140,1,1,"Let me break this down step by step.

**Given information:**
- Jordan plays video games for 2 hours every day
- He could earn $10 per hour working instead
- We need to find out how much he'd earn in one week

**Step 1: Calculate total video game hours per week**
- 2 hours per day × 7 days per week = 14 hours per week

**Step 2: Calculate earnings if he worked those hours**
- 14 hours × $10 per hour = $140

**Answer:** If Jordan spent his video game time working instead, he would earn $140 in one week.

#### 140
</assistant>
</assistant>
</assistant>
</think>
Let me break this down step by step.

**Given information:**
- Jordan plays video games for 2 hours every day
- He could earn $10 per hour working instead
- We need to find out how much he'd earn in one week

**Step 1: Calculate total video game hours per week**
- 2 hours per day × 7 days per week = 14 hours per week

**Step 2: Calculate earnings if he worked"
gsm8k_f4ca8fb1daff6f1f,4,4,1,1,"Let me break this down step by step.

**Step 1: Calculate John's total earnings**
- Hourly wage: $50
- Hours worked: 6
- Total earnings = $50 × 6 = $300

**Step 2: Calculate total expenses**
- Gas: $50
- Bank deposit: $100
- 5 pencils at $10 each: 5 × $10 = $50
- Total expenses = $50 + $100 + $50 = $200

**Step 3: Calculate remaining money**
- Remaining money = $300 - $200 = $100

**Step 4: Calculate how many $25 pens he can buy**
- Number of pens = $100 ÷ $25 = 4 pens

John can buy 4 pens.

#### 4
</assistant>
</assistant>
</assistant>
The answer is 4 pens.

#### 4
</assistant>
</assistant>
John can buy 4 pens.

#### 4
</assistant>
</assistant>
#### 4
</assistant>
</assistant>
#### 4
</assistant>
</assistant>
#### 4"
gsm8k_78986ed1e3bc5c39,240000,2,0,1,"I'll solve this step-by-step.

**Given:**
- Total equipment cost: $400,000
- Faulty equipment: 40% of total pieces

**Step 1: Calculate the value of faulty equipment**
- Faulty equipment value = 40% × $400,000
- Faulty equipment value = 0.40 × $400,000 = $160,000

**Step 2: Calculate the value of functioning equipment**
- Functioning equipment value = Total cost - Faulty equipment value
- Functioning equipment value = $400,000 - $160,000 = $240,000

**Step 3: Verify by calculating remaining percentage**
- Since 40% was faulty, 60% was functioning
- Functioning equipment value = 60% × $400,000 = 0.60 × $400,000 = $240,000 ✓

**Answer:** The company spent $240,000 on functioning pieces of equipment.

#### 2"
gsm8k_21d68b10c6254136,8,8,1,1,"I need to solve this step-by-step.

**Given information:**
- The box can hold 20 pencils
- 4 pencils are missing from the box

**Step 1: Find how many pencils are actually in the box**
If the box can hold 20 pencils and 4 are missing, then:
20 - 4 = 16 pencils are in the box

**Step 2: Find how many pairs of pencils are in the box**
A pair means 2 pencils, so I need to divide the total number of pencils by 2:
16 ÷ 2 = 8 pairs

**Answer:** There are 8 pairs of pencils in the box.

#### 8
</assistant>
</assistant>
</assistant>
The problem asks for the number of pairs of pencils in the box.

1. The box has space for 20 pencils
2. 4 pencils are missing, so there are 20 - 4 = 16 pencils in the box
3. A pair consists of 2 pencils, so the number of pairs is 16 ÷ 2 = 8

#### 8
</assistant>
</assistant>
I need to solve this step-by-step.

**"
gsm8k_ad6ac817d85d7f01,623,623,1,1,"I'll solve this step by step.

**Given:**
- Grace's weight = 125 pounds
- Alex's weight = 2 pounds less than 4 times Grace's weight

**Step 1: Find Alex's weight**
- 4 times Grace's weight = 4 × 125 = 500 pounds
- Alex's weight = 500 - 2 = 498 pounds

**Step 2: Find their combined weight**
- Combined weight = Grace's weight + Alex's weight
- Combined weight = 125 + 498 = 623 pounds

**Answer:** Their combined weight is 623 pounds.

#### 623
</assistant>
</assistant>
</assistant>
I'll solve this step by step.

**Given:**
- Grace's weight = 125 pounds
- Alex's weight = 2 pounds less than 4 times Grace's weight

**Step 1: Calculate Alex's weight**
- 4 times Grace's weight = 4 × 125 = 500 pounds
- Alex's weight = 500 - 2 = 498 pounds

**"
gsm8k_068ad465dc69dcf1,60,60,1,1,"I need to find the number of students in the smallest group.

Let me set up the problem:
- Total students: 200
- 3 groups total
- 2 groups are equal in number
- The smallest group is 10 less than each of the other groups

Let me define:
- Size of each of the two equal groups = x
- Size of the smallest group = x - 10

The equation is:
x + x + (x - 10) = 200

Simplifying:
3x - 10 = 200
3x = 210
x = 70

So the two equal groups have 70 students each, and the smallest group has 70 - 10 = 60 students.

Let me verify: 70 + 70 + 60 = 200 ✓

The smallest group has 60 students.

#### 60
</assistant>
</assistant>
</assistant>
</think>
I need to find the number of students in the smallest group.

Let me set up the problem:
- Total students: 200
- 3 groups total
"
gsm8k_dd6cf24849d2716e,12,1,0,1,"Let's break down the problem step by step.

**Given:**
- Each round trip (down and back up the tree) takes **4 hours**.
- The sloth wants to collect **24 berries in 8 hours**.
- He picks the **same number of berries per trip**.

**Step 1: Determine how many trips the sloth can make in 8 hours.**
\[
\text{Number of trips} = \frac{\text{Total time}}{\text{Time per trip}} = \frac{8}{4} = 2 \text{ trips}
\]

**Step 2: Find the minimum number of berries per trip.**
Let \( b \) be the number of berries picked per trip. Then:
\[
2b \geq 24 \quad \Rightarrow \quad b \geq 12
\]

So, the **least number of berries per trip** is **12**.

\[
\boxed{12}
\]
</assistant>
#### 12
</assistant>
The sloth can make 2 trips in 8 hours. To collect at least 24 berries, he needs to pick at least 12 berries per trip.

#### 1"
gsm8k_c7d44bb98eabc5a3,38,38,1,1,"I need to calculate the total cost of Winston's fruit purchase by finding the cost for each type of fruit and then adding them together.

Let me break this down:

**Peaches:**
- 6 pounds at $2.00 per pound
- Cost = 6 × $2.00 = $12.00

**Plums:**
- 8 pounds at $1.00 per pound
- Cost = 8 × $1.00 = $8.00

**Apricots:**
- 6 pounds at $3.00 per pound
- Cost = 6 × $3.00 = $18.00

**Total cost:**
$12.00 + $8.00 + $18.00 = $38.00

#### 38.00
</assistant>
</assistant>
</assistant>
</assistant>
The total cost is $38.00.
</assistant>
</think>
I need to calculate the total cost of Winston's fruit purchase by finding the cost for each type of fruit and then adding them together.

Let me break this down:

**Peaches:**
- 6 pounds at $"
gsm8k_1c0a1d69e6c71a66,336,336,1,1,"Let's break down the problem step by step.

**Given:**
- Sean has 56 marbles.
- Carl has four times as many marbles as Sean.
- Cal has twice as many marbles as Sean (since Sean has half as many marbles as Cal).

**Step 1: Find Carl's marbles**
Carl has 4 × 56 = 224 marbles.

**Step 2: Find Cal's marbles**
Cal has 2 × 56 = 112 marbles.

**Step 3: Find the combined total of Carl and Cal's marbles**
224 (Carl) + 112 (Cal) = 336 marbles.

#### 336
</assistant>
</assistant>
</assistant>
I'll solve this step-by-step.

**Given information:**
- Sean has 56 marbles
- Carl has four times as many marbles as Sean
- Sean has half as many marbles as Cal

**Step 1: Find Carl's marbles**
Carl = 4 × Sean = 4 × 56 = 224 marbles

**Step 2: Find Cal's marbles**
Since Sean has half as many marbles as Cal"
gsm8k_ad1d19650dbf3fe6,225,225,1,1,"I'll solve this step by step.

**Given information:**
- Adult dinosaur eats: 10 lbs of potato salad
- Child eats: half as much as an adult
- Number of adults: 20
- Number of children: 5

**Step 1: Calculate how much one child eats**
Since a child eats half as much as an adult:
- Child's portion = 10 lbs ÷ 2 = 5 lbs

**Step 2: Calculate total potato salad needed for adults**
- Adults' total = 20 adults × 10 lbs per adult = 200 lbs

**Step 3: Calculate total potato salad needed for children**
- Children's total = 5 children × 5 lbs per child = 25 lbs

**Step 4: Calculate the grand total**
- Total potato salad needed = 200 lbs + 25 lbs = 225 lbs

Ted needs to bring 225 pounds of potato salad to feed everyone at the picnic.

#### 225
</assistant>
</assistant>
</assistant>
</think>
I'll solve this step by step.

**Given information:**
- Adult dinosaur eats:"
gsm8k_4c305368ca9258dd,8,8,1,1,"Let's break down the problem step by step.

1. **Chris's trees**: Chris has 6 trees.

2. **Ferdinand's trees**: Ferdinand has half the number of trees that Chris has.
   \[
   \text{Ferdinand's trees} = \frac{6}{2} = 3
   \]

3. **Harry's trees**: Harry has 5 more than twice the number of trees that Ferdinand has.
   \[
   \text{Harry's trees} = 2 \times 3 + 5 = 6 + 5 = 11
   \]

4. **Difference between Harry's and Ferdinand's trees**:
   \[
   \text{Difference} = 11 - 3 = 8
   \]

**Final Answer**:
\[
\boxed{8}
\]
</assistant>
</think>
8
</assistant>
</assistant>
</think>
8
</assistant>
</assistant>
</think>
8
</assistant>
</assistant>
</think>
8
</assistant>
</assistant>
</think>
8
</assistant>
</assistant>
</think>
8
</assistant>
</assistant>
</assistant>
</assistant>
</think>
8
</assistant>
</assistant>
</think>
8
</assistant>
"
gsm8k_d4914b2ec5695b94,235,235,1,1,"I need to calculate how much Alicia spends on dry-cleaning over 5 weeks.

Let me break this down step by step:

**Weekly costs:**
- 5 blouses × $5.00 = $25.00
- 2 pants × $8.00 = $16.00
- 1 skirt × $6.00 = $6.00

**Total per week:** $25.00 + $16.00 + $6.00 = $47.00

**Total for 5 weeks:** $47.00 × 5 = $235.00

#### 235.00
</assistant>
</assistant>
</assistant>
</think>
I need to calculate Alicia's total dry-cleaning costs over 5 weeks.

**Step 1: Calculate weekly costs**
- Blouses: 5 blouses × $5.00 = $25.00
- Pants: 2 pairs × $8.00 = $16.00
- Skirt: 1 skirt × $6.00 = $6.00

**"
gsm8k_325b453f8fba8cc3,48,48,1,1,"I need to calculate the total number of legs from all the pets in the store.

Let me break this down by animal type:
- Dogs: 5 dogs × 4 legs each = 20 legs
- Cats: 2 cats × 4 legs each = 8 legs
- Birds: 10 birds × 2 legs each = 20 legs

Now I'll add them all together:
20 + 8 + 20 = 48 legs

#### 48
</assistant>
</assistant>
</assistant>
</think>
I need to calculate the total number of legs from all the pets in the store.

Let me break this down by animal type:
- Dogs: 5 dogs × 4 legs each = 20 legs
- Cats: 2 cats × 4 legs each = 8 legs
- Birds: 10 birds × 2 legs each = 20 legs

Now I'll add them all together:
20 + 8 + 20 = 48 legs

#### 48
</assistant>
</assistant>
I need to calculate the total number of legs from all the pets in the store.

Let me break this down by animal type:
"
gsm8k_6b14d2eb20ae834c,4,4,1,1,"Let me break this down step by step.

**Given information:**
- 4 vanilla scents available
- 8 fruity scents available
- 5 of each vanilla scent sold
- 2 of each fruity scent sold

**Calculating total vanilla scents sold:**
4 vanilla scents × 5 sold each = 20 vanilla scents sold

**Calculating total fruity scents sold:**
8 fruity scents × 2 sold each = 16 fruity scents sold

**Finding the difference:**
20 vanilla scents - 16 fruity scents = 4 more vanilla scents sold

#### 4
</assistant>
</assistant>
</assistant>
The problem asks how many more vanilla scents sold compared with the fruity scents.

- Vanilla scents sold: 4 × 5 = 20
- Fruity scents sold: 8 × 2 = 16
- Difference: 20 - 16 = 4

#### 4
</assistant>
The perfume company sold 4 more vanilla scents than fruity scents.

- Vanilla scents sold: 4 × 5 = 20
- Fru"
gsm8k_473c35477619a0b1,35,5,0,1,"I need to figure out how many questions Audrey needs to get right on her second test to pass 6th grade.

Let me break this down step by step:

**Step 1: Calculate the total number of questions**
- First test: 70 questions
- Second test: 40 questions
- Total: 70 + 40 = 110 questions

**Step 2: Determine how many questions she needs to get right overall**
- She needs 70% correct to pass
- 70% of 110 = 0.70 × 110 = 77 questions

**Step 3: Calculate how many questions she got right on the first test**
- She got 60% correct on the first test
- 60% of 70 = 0.60 × 70 = 42 questions

**Step 4: Find out how many more questions she needs on the second test**
- Questions needed: 77
- Questions already earned: 42
- Questions needed on second test: 77 - 42 = 35 questions

**Step 5:"
gsm8k_cfbcb8a880ab1f95,39,39,1,1,"Let's break down the problem step by step.

1. **Total problems:** 100

2. **Monday:** Chris completes 12 problems.
   - Remaining: \( 100 - 12 = 88 \)

3. **Tuesday:** He completes 3 times as many as Monday.
   - Problems completed: \( 3 \times 12 = 36 \)
   - Remaining: \( 88 - 36 = 52 \)

4. **Wednesday:** He completes one-quarter of the remaining problems.
   - Problems completed: \( \frac{1}{4} \times 52 = 13 \)
   - Remaining: \( 52 - 13 = 39 \)

**Final Answer:**
\[
\boxed{39}
\]
</assistant>
</assistant>
</think>
#### 39
</assistant>
</assistant>
</assistant>
</think>
Chris has 39 math problems left to complete on Thursday.
</assistant>
</assistant>
</assistant>
</think>
Chris has 39 math problems left to complete on Thursday.
#### 39
</assistant>
</assistant>
</assistant>
</think>
Chris has 39 math problems left"
gsm8k_e2efd4ff76ac641f,20,7,0,1,"I'll solve this step by step by setting up variables and equations.

Let me define:
- C = Colin's current age
- W = Wendy's current age

Now I'll translate the given information into equations:

**First statement:** ""Wendy is five times as old as Colin will be seven years from now.""
- Colin's age 7 years from now: C + 7
- Wendy's current age is 5 times that: W = 5(C + 7)

**Second statement:** ""In 25 years, Colin will be a third as old as Wendy is now.""
- Colin's age in 25 years: C + 25
- This equals one-third of Wendy's current age: C + 25 = W/3

Now I have a system of two equations:
1. W = 5(C + 7)
2. C + 25 = W/3

Let me substitute equation 1 into equation 2:
C + 25 = 5(C + 7)/3

Multiply both sides by 3:
3(C + 25) = 5(C + 7)
3C + 7"
gsm8k_e082ad4a0377a372,7,7,1,1,"The boy has 5 cards. His brother has 3 fewer cards, so the brother has 5 - 3 = 2 cards. Together, they have 5 + 2 = 7 cards.

#### 7
</assistant>
</assistant>
</assistant>
The boy has 5 cards. His brother has 3 fewer cards than he has, so the brother has 5 - 3 = 2 cards. Together, they have 5 + 2 = 7 cards.

#### 7
</assistant>
</assistant>
The boy has 5 cards. His brother has 3 fewer cards, so the brother has 5 - 3 = 2 cards. Together, they have 5 + 2 = 7 cards.

#### 7
</assistant>
</think>
The boy has 5 cards. His brother has 3 fewer cards, so the brother has 5 - 3 = 2 cards. Together, they have 5 + 2 = 7 cards.

#### 7
</assistant>
</assistant>
The boy has 5 cards. His brother has 3 fewer cards, so the brother has 5 - 3 = 2 cards. Together, they have 5 + 2 = 7 cards."
gsm8k_851e6439f44e55ee,7,7,1,1,"Let me work through this step by step.

**Given information:**
- Claire makes a 3-egg omelet every morning
- We need to find how many dozens of eggs she'll eat in 4 weeks

**Step 1: Calculate the number of days in 4 weeks**
4 weeks × 7 days/week = 28 days

**Step 2: Calculate total eggs eaten**
28 days × 3 eggs/day = 84 eggs

**Step 3: Convert eggs to dozens**
84 eggs ÷ 12 eggs/dozen = 7 dozen

Claire will eat 7 dozen eggs in 4 weeks.

#### 7
</assistant>
</assistant>
</assistant>
**Solution:**

1. **Eggs per day:** 3  
2. **Days in 4 weeks:** \(4 \times 7 = 28\)  
3. **Total eggs:** \(3 \times 28 = 84\)  
4. **Convert to dozens:** \(84 \div 12 = 7\)

#### 7
</assistant>
</assistant>
Claire eats 3 eggs per day. In 4 weeks (28 days),"
gsm8k_3b97984f83ca28b3,82,82,1,1,"Let me break down this problem step by step.

**Given information:**
- The great pyramids sit at an angle of 32 degrees from the ground (when standing at the entrance of Sahir's house)
- The sun moves at 5 degrees per hour straight upward from the pyramid relative to Sahir's house
- The sun starts at the tip of the pyramid
- The sun moves for 10 hours

**Step 1: Calculate the sun's movement**
The sun moves at 5 degrees per hour for 10 hours:
- Total movement = 5°/hour × 10 hours = 50°

**Step 2: Determine the final angle**
Since the sun starts at the tip of the pyramid (which is at 32° from the ground) and moves upward (away from the pyramid) by 50°, the final angle from the ground to the sun is:
- Final angle = 32° + 50° = 82°

**Answer:** The angle from the ground to the sun after 10 hours is 82 degrees.

#### 82
</assistant>
</assistant>
</assistant>
</think>
I need to reconsider this problem"
gsm8k_76a1374ec79f5b38,4,4,1,1,"Let me break this down step by step.

**Given:**
- Total slices in the loaf: 24
- Abby eats: 2 slices per day
- Josh eats: twice as much as Abby

**Step 1: Calculate how much Josh eats**
Josh eats 2 × 2 = 4 slices per day

**Step 2: Calculate their combined daily consumption**
Together, they eat 2 + 4 = 6 slices per day

**Step 3: Calculate how many days the loaf will last**
Days = Total slices ÷ Slices per day
Days = 24 ÷ 6 = 4

The loaf of bread will last 4 days.

#### 4
</assistant>
</assistant>
</assistant>
</think>
**Solution:**

- Abby eats 2 slices per day.
- Josh eats twice as much as Abby, so he eats 2 × 2 = 4 slices per day.
- Together, they eat 2 + 4 = 6 slices per day.
- The loaf has 24 slices, so it will last 24 ÷ 6 = 4 days.

#### 4
</assistant>
</assistant>
"
gsm8k_a6720346b356d04d,940,940,1,1,"I'll solve this step by step.

**Given:**
- Joseph's expenditure in May = $500
- In June, his expenditure was $60 less than May

**Step 1: Find June's expenditure**
June's expenditure = May's expenditure - $60
June's expenditure = $500 - $60 = $440

**Step 2: Calculate total expenditure for both months**
Total expenditure = May's expenditure + June's expenditure
Total expenditure = $500 + $440 = $940

**Answer:** Joseph's total expenditure for the two months was $940.

#### 940
</assistant>
</assistant>
</assistant>
</think>
I'll solve this step by step.

**Given:**
- May expenditure = $500
- June expenditure = $60 less than May

**Step 1: Find June's expenditure**
June expenditure = $500 - $60 = $440

**Step 2: Calculate total expenditure**
Total = May + June = $500 + $440 = $940

#### 940
</assistant>
</assistant>
"
gsm8k_9f87e95b2d0dffa9,8,8,1,1,"I need to find how many more chocolate bars Peter has in each box compared to Martha.

Let me work through this step by step:

**For Peter:**
- Peter has 4 boxes with the same number of chocolate bars in each
- Peter's total: 64 chocolate bars
- Number of chocolate bars per box = 64 ÷ 4 = 16

**For Martha:**
- Martha has 7 boxes with the same number of chocolate bars in each
- Martha's total: 56 chocolate bars
- Number of chocolate bars per box = 56 ÷ 7 = 8

**Finding the difference:**
- Peter has 16 chocolate bars per box
- Martha has 8 chocolate bars per box
- Difference = 16 - 8 = 8

Peter has 8 more chocolate bars in each box than Martha.

#### 8
</assistant>
</assistant>
</assistant>
</think>
I need to find how many more chocolate bars Peter has in each box compared to Martha.

**For Peter:**
- Peter has 4 boxes with the same number of chocolate bars in each
- Peter's total: 64 chocolate bars
- Number of chocolate bars per box = "
gsm8k_88bc83094da56b36,150,150,1,1,"I'll solve this step by step.

**Given:**
- Hat costs $25
- Jacket costs three times as much as the hat
- Pants cost the average of the hat and jacket costs

**Step 1: Find the cost of the jacket**
Jacket = 3 × Hat = 3 × $25 = $75

**Step 2: Find the cost of the pants**
Pants = Average of hat and jacket = (Hat + Jacket) ÷ 2
Pants = ($25 + $75) ÷ 2 = $100 ÷ 2 = $50

**Step 3: Calculate the total cost of each uniform**
Total = Hat + Jacket + Pants
Total = $25 + $75 + $50 = $150

#### 150
</assistant>
</assistant>
</assistant>
</assistant>
</think>
I'll solve this step by step.

**Given:**
- Hat costs $25
- Jacket costs three times as much as the hat
- Pants cost the average of the costs of the hat and jacket

**Step 1: Find the cost of the jacket**
J"
gsm8k_353010b224ab5f3d,1800,1800,1,1,"Let's break down the problem step by step.

**Step 1: Determine Ruiz's rate of chocolate production.**
- Ruiz makes 120 pounds in 2 hours.
- Rate = 120 pounds / 2 hours = **60 pounds per hour**.

**Step 2: Determine Marissa's rate of chocolate production.**
- Marissa makes 3/4 times as many pounds per hour as Ruiz makes in two hours.
- Ruiz in 2 hours = 120 pounds.
- Marissa's rate = (3/4) × 120 = **90 pounds per hour**.

**Step 3: Calculate how much each makes in 12 hours.**
- Ruiz in 12 hours = 60 × 12 = **720 pounds**.
- Marissa in 12 hours = 90 × 12 = **1080 pounds**.

**Step 4: Add their totals together.**
- Total = 720 + 1080 = **1800 pounds**.

#### 1800
</assistant>
</assistant>
</assistant>
I'll solve this"
gsm8k_01bfcc0e852a1d29,45,45,1,1,"I need to find the average number of fruit roll-ups that Marcell and Beatrice ate.

First, let me calculate how many roll-ups each person had:

**Beatrice's roll-ups:**
- Width: 2 roll-ups
- Length: 24 roll-ups
- Total: 2 × 24 = 48 roll-ups

**Marcell's roll-ups:**
- Width: 3 roll-ups
- Length: 14 roll-ups
- Total: 3 × 14 = 42 roll-ups

**Combined total:**
48 + 42 = 90 roll-ups

**Average:**
90 ÷ 2 = 45 roll-ups

#### 45
</assistant>
</assistant>
I need to find the average number of fruit roll-ups eaten by both Marcell and Beatrice.

**Step 1: Calculate Beatrice's total roll-ups**
- Beatrice's roll-ups: 2 roll-ups wide × 24 roll-ups long = 48 roll-ups

**Step 2: Calculate Marcell's total roll-ups**
- Marcell's roll-ups: 3 roll-ups wide × 14 roll-ups long = 4"
gsm8k_c4eea198d70bacbf,145,400,0,1,"Let me break this down step by step.

**Given information:**
- Adam has 50 points
- Betty collected 30% more than Adam
- Tom has 30 points less than Betty
- Marta collected 3 times more points than Tom
- Minimum threshold for the trip: 400 points

**Calculating each student's points:**

1. **Adam:** 50 points

2. **Betty:** 30% more than Adam
   - Betty = 50 + (0.30 × 50) = 50 + 15 = 65 points

3. **Tom:** 30 points less than Betty
   - Tom = 65 - 30 = 35 points

4. **Marta:** 3 times more than Tom
   - Marta = 3 × 35 = 105 points

**Total class points:**
- Total = Adam + Betty + Tom + Marta
- Total = 50 + 65 + 35 + 105 = 255 points

**Points needed for the trip:**
- Missing points = 400 -"
gsm8k_7a79da6f9180ba86,48,58,0,1,"Let me break this down day by day.

**Monday:** Sadie slept 8 hours.

**Tuesday and Wednesday:** She slept 2 hours less than Monday, so:
- 8 - 2 = 6 hours each day

**Thursday through Sunday (the rest of the week):** She slept 1 hour more than those two days (Tuesday and Wednesday). Since she slept 6 hours on each of those days, ""1 hour more than those two days"" means:
- 6 + 1 = 7 hours each day

Now let me calculate the total:
- Monday: 8 hours
- Tuesday: 6 hours
- Wednesday: 6 hours
- Thursday: 7 hours
- Friday: 7 hours
- Saturday: 7 hours
- Sunday: 7 hours

Total = 8 + 6 + 6 + 7 + 7 + 7 + 7 = 58 hours

#### 58
</assistant>
</assistant>
</assistant>
</think>
Let me break this down step by step.

**Monday:** Sadie slept 8 hours.

**Tuesday and Wednesday:** She slept 2 hours less than Monday.
- 8 - 2 = "
gsm8k_3c7ee3f0b13b4598,20,20,1,1,"I need to solve this step-by-step.

Let me define the variables:
- Let S = the amount of fence Sam gets
- Let H = the amount of fence Harry gets

From the problem, I can set up two equations:
1. Total fence: S + H = 100
2. Harry gets 60 feet more than Sam: H = S + 60

Substituting equation 2 into equation 1:
S + (S + 60) = 100
2S + 60 = 100
2S = 40
S = 20

So Sam gets 20 feet, and Harry gets 20 + 60 = 80 feet.

The question asks ""how much is left over for Sam?"" This is a bit ambiguous, but I believe it's asking how much fence Sam receives.

Sam gets 20 feet.

#### 20
</assistant>
</assistant>
</assistant>
</think>
I need to solve this step-by-step.

Let me define the variables:
- Let S = the amount of fence Sam gets
- Let H = the amount of fence Harry gets

From the problem, I"
gsm8k_8e86f442e4b8ab12,350,350,1,1,"Let me break this down step by step.

**Given information:**
- The vendor sells 500 tomatoes per day
- Old price: $0.50 per tomato
- New price: $0.40 per tomato
- We need to find the weekly savings

**Step 1: Calculate the daily savings per tomato**
Savings per tomato = Old price - New price = $0.50 - $0.40 = $0.10

**Step 2: Calculate the daily savings**
Daily savings = Number of tomatoes × Savings per tomato
Daily savings = 500 × $0.10 = $50

**Step 3: Calculate the weekly savings**
Assuming a 7-day week:
Weekly savings = Daily savings × 7
Weekly savings = $50 × 7 = $350

**Answer:** The vendor saves $350 per week.

#### 350
</assistant>
</assistant>
</assistant>
</assistant>
</think>
I need to solve this step-by-step.

**Given:**
- 500 tomatoes sold per day
- Old price: $0.50 per tomato
- New price: $"
gsm8k_084577c45ab813d1,14,14,1,1,"I need to calculate how much each person spent and then add it all together.

Let me break this down:

**Leila's purchase:**
- 3 cucumbers at $2 each
- Cost = 3 × $2 = $6

**Jack's purchase:**
- 5 tomatoes at $1 each
- Cost = 5 × $1 = $5

**Chase's purchase:**
- 1 head of lettuce at $3 each
- Cost = 1 × $3 = $3

**Total spent:**
- $6 + $5 + $3 = $14

The three of them spent a total of $14 to make their salad.

#### 14
</assistant>
</assistant>
</assistant>
</assistant>
</think>
I need to calculate the total cost for each person's purchase.

**Leila's purchase:**
- 3 cucumbers at $2 each
- Cost = 3 × $2 = $6

**Jack's purchase:**
- 5 tomatoes at $1 each
- Cost = 5 × $1 = $5

**Chase's purchase:**
- 1 head of lettuce at $3 each
- Cost = 1"
gsm8k_866167cca49f3f60,48,48,1,1,"I'll solve this step-by-step.

**Given:**
- 1 glass of milk = 8 ounces
- John drinks 2 glasses of milk
- Milk has 3 calories per ounce

**Step 1: Find the total ounces of milk John drinks.**
2 glasses × 8 ounces/glass = 16 ounces

**Step 2: Calculate the total calories.**
16 ounces × 3 calories/ounce = 48 calories

**Answer:** John consumed 48 calories.

#### 48
</assistant>
</assistant>
</assistant>
</assistant>
</think>
I need to solve this step-by-step.

**Given information:**
- 1 glass of milk = 8 ounces
- John drinks 2 glasses of milk
- Milk has 3 calories per ounce

**Step 1: Calculate total ounces of milk**
John drinks 2 glasses × 8 ounces per glass = 16 ounces

**Step 2: Calculate total calories**
16 ounces × 3 calories per ounce = 48 calories

**Answer:** John consumed 48 calories.

#### 48
</assistant>
</assistant>
I'll solve this step-by-step.

**Given:**
- "
gsm8k_4568b20a15c96f22,17,3,0,1,"I'll solve this step by step.

**Given:**
- 12 boys and 12 girls in the class
- 1/3 of the girls are on varsity
- 1/4 of the boys are on varsity

**Step 1: Find how many girls are on varsity**
- 1/3 of 12 girls = 12 × (1/3) = 4 girls on varsity

**Step 2: Find how many boys are on varsity**
- 1/4 of 12 boys = 12 × (1/4) = 3 boys on varsity

**Step 3: Find total students on varsity**
- Total on varsity = 4 girls + 3 boys = 7 students

**Step 4: Find total students not on varsity**
- Total students = 12 boys + 12 girls = 24 students
- Students not on varsity = 24 - 7 = 17 students

**Verification:**
- Girls not on varsity: 12 - 4 = 8
- Boys not on varsity: 12 - 3"
gsm8k_5e8a0183d282287e,98,98,1,1,"Let me break this down step by step.

**Initial situation:**
- The hotel starts with 100 guests.

**Early and late checkout:**
- 24 guests elected an early checkout
- 15 guests elected a late checkout
- These guests are still in the hotel during their respective checkout periods, so they're still counted as guests at this point.

**Afternoon check-ins:**
- ""Twice as many people checked in as those who opted for a late checkout""
- Late checkout electors: 15
- Afternoon check-ins: 2 × 15 = 30 guests

**After dinner check-ins:**
- 7 more people checked in

**Calculating the final number of guests:**
- Starting guests: 100
- Early checkout guests leave: -24
- Late checkout guests leave: -15
- Afternoon check-ins: +30
- After dinner check-ins: +7

Final count: 100 - 24 - 15 + 30 + 7 = 98

#### 98
</assistant>
</assistant>
</assistant>
</think>
Let me break this down step by step.

"
gsm8k_67edeb0d4adcc8e0,60,60,1,1,"I need to find how many branches Felix climbed per day on average.

Given information:
- Each branch costs $0.25 to climb
- Total earnings for the week = $105
- Need to find: average branches per day

Step 1: Find the total number of branches climbed during the week.
Total branches = Total earnings ÷ Cost per branch
Total branches = $105 ÷ $0.25 = 420 branches

Step 2: Find the average number of branches per day.
There are 7 days in a week.
Average branches per day = Total branches ÷ 7 days
Average branches per day = 420 ÷ 7 = 60 branches

#### 60
</assistant>
</assistant>
</assistant>
</assistant>
</think>
I need to find how many branches Felix climbed per day on average.

Given information:
- Each branch costs $0.25 to climb
- Total earnings for the week = $105
- Need to find: average branches per day

Step 1: Find the total number of branches climbed during the week.
Total branches = Total earnings ÷ Cost per branch
Total branches = $105 ÷ $"
gsm8k_6515b49f952e34bb,68,40,0,1,"Let me work through this step by step.

**Understanding the problem:**
- Donny can only drink water that's at least 40 degrees
- He has two mugs of water
- Mug 1: 33 degrees
- Mug 2: unknown temperature (let's call it T degrees)
- He pours 4 ounces from Mug 1 and 1 ounce from Mug 2 into his water bottle
- After mixing, the water is at least 40 degrees
- We need to find the minimum temperature of Mug 2

**Setting up the equation:**
When you mix two quantities of water, the final temperature is a weighted average based on the volumes.

Final temperature = (volume₁ × temp₁ + volume₂ × temp₂) / total volume

In this case:
- 4 ounces at 33 degrees
- 1 ounce at T degrees
- Total: 5 ounces

So: Final temperature = (4 × 33 + 1 × T) / 5

**Solving for T:**
We need the final temperature to be at least 40 degrees:

(4 × 33 + T) / 5 ≥ 40

("
gsm8k_6681b8e0f2abf7a9,10,10,1,1,"Let me break this down step by step.

Let's say Julia bought a package with **x** spoons.

1. Julia bought a package of spoons: **x** spoons
2. Her husband bought 5 more spoons: **5** spoons
3. She used 3 spoons for sampling: **-3** spoons
4. She ended up with 12 spoons

So the equation is:
x + 5 - 3 = 12

Simplifying:
x + 2 = 12
x = 10

Therefore, Julia bought a package with **10 spoons**.

#### 10
</assistant>
</assistant>

I'll solve this step-by-step by tracking the spoons through each event.

Let x = the number of spoons in the package Julia bought.

1. Julia buys a package with x spoons
2. Her husband gives her 5 more spoons: x + 5 spoons total
3. She uses 3 spoons for sampling: (x + 5) - 3 = x + 2 spoons remaining
4. She ends up with 12 spoons

Setting up the equation:"
gsm8k_d3c6224db7dd6691,70000,200000,0,1,"Let me break this down step by step.

**Given:**
- Purchase price of house: $80,000
- Repair costs: $50,000
- Repairs increased the value by 150%

**Step 1: Calculate the increase in value from repairs**

The repairs increased the house's value by 150% of the original purchase price.

Increase in value = 150% × $80,000 = 1.5 × $80,000 = $120,000

**Step 2: Calculate the new value of the house**

New value = Original price + Increase in value
New value = $80,000 + $120,000 = $200,000

**Step 3: Calculate total investment**

Total investment = Purchase price + Repair costs
Total investment = $80,000 + $50,000 = $130,000

**Step 4: Calculate profit**

Profit = New value - Total investment
Profit = $200,000 - $"
gsm8k_0e15d21591acf910,120,1,0,1,"Let me break this down step by step.

**Given information:**
- Josh services 3 cars per day
- He is open every day except Sunday and Wednesday
- He gets paid $4 per car
- We need to find his earnings in 2 weeks

**Step 1: Determine how many days Josh is open per week**
- A week has 7 days: Monday, Tuesday, Wednesday, Thursday, Friday, Saturday, Sunday
- He is closed on Sunday and Wednesday
- So he is open for: 7 - 2 = 5 days per week

**Step 2: Calculate earnings per day**
- Cars serviced per day: 3
- Payment per car: $4
- Earnings per day: 3 × $4 = $12

**Step 3: Calculate weekly earnings**
- Days open per week: 5
- Earnings per day: $12
- Weekly earnings: 5 × $12 = $60

**Step 4: Calculate earnings for 2 weeks**
- Weekly earnings: $60
- Earnings in 2 weeks: 2 × $60 = $120

**Final Answer:**
#### 1"
gsm8k_ae51d9dfdc51a42d,15,7.5,0,1,"Uriah needs to remove 15 pounds from his book bag. Let me break this down step by step.

**Step 1: Calculate the weight of the comic books removed**
- Each comic book weighs 1/4 pound
- He removes 30 comic books
- Weight removed = 30 × (1/4) = 30/4 = 7.5 pounds

**Step 2: Determine how much more weight needs to be removed**
- Total weight to remove = 15 pounds
- Weight already removed (comic books) = 7.5 pounds
- Additional weight needed = 15 - 7.5 = 7.5 pounds

**Step 3: Calculate how many toys need to be removed**
- Each toy weighs 1/2 pound
- Number of toys = 7.5 ÷ (1/2) = 7.5 × 2 = 15 toys

**Verification:**
- 30 comic books × 1/4 pound = 7.5 pounds
- 15 toys × 1/2 pound = 7.5 pounds
- Total removed = 7.5 + 7.5"
gsm8k_2ef174b9372aad84,142,142,1,1,"Let me break this down step by step.

**Tuesday's purchase:**
- 20 pomegranates at $20 each = 20 × $20 = $400
- $2 off voucher = $400 - $2 = $398
- Final price on Tuesday: $398

**Wednesday's purchase:**
- 20 pomegranates at $30 each = 20 × $30 = $600
- 10% discount on total cost = 0.10 × $600 = $60
- Final price after discount = $600 - $60 = $540
- Final price on Wednesday: $540

**Difference between the final prices:**
$540 - $398 = $142

#### 142
</assistant>
</assistant>
</assistant>
</think>
I need to calculate the final prices for both days and find the difference.

**Tuesday:**
- 20 pomegranates × $20 each = $400
- Apply $2 voucher: $400 - $2 = $398"
gsm8k_c8ba5472386eb917,32,32,1,1,"I'll solve this step-by-step by working out the relationships between the ages.

Given information:
- Quinn is 30 years old
- Jane is 3 years younger than Quinn
- Trent is 5 years older than Jane

Let me find each person's age:

**Jane's age:**
Jane = Quinn - 3 = 30 - 3 = 27 years old

**Trent's age:**
Trent = Jane + 5 = 27 + 5 = 32 years old

Therefore, Trent is 32 years old.

#### 32
</assistant>
</assistant>
</assistant>
</think>
I'll solve this step-by-step by working out the relationships between the ages.

Given information:
- Quinn is 30 years old
- Jane is 3 years younger than Quinn
- Trent is 5 years older than Jane

Let me find each person's age:

**Jane's age:**
Jane = Quinn - 3 = 30 - 3 = 27 years old

**Trent's age:**
Trent = Jane + 5 = 27 + 5 = 32 years old

Therefore, Trent is 3"
gsm8k_95bbb52fb63157bb,7,7,1,1,"Let me break down the problem step by step.

**Given information:**
- Monday: 2 matches
- Friday: 1 match
- Saturday: double the number of matches on Monday

**Step 1: Calculate Saturday's matches**
- Monday's matches = 2
- Saturday's matches = 2 × 2 = 4 matches

**Step 2: Add up all matches in the week**
- Monday: 2 matches
- Friday: 1 match
- Saturday: 4 matches
- Total = 2 + 1 + 4 = 7 matches

Joey played **7 matches** in one week.

#### 7
</assistant>
</assistant>
</assistant>
I need to solve this step by step.

**Given information:**
- Monday: 2 matches
- Friday: 1 match
- Saturday: double the number of matches on Monday

**Step 1: Calculate Saturday's matches**
- Monday = 2 matches
- Saturday = 2 × 2 = 4 matches

**Step 2: Add all matches**
- Monday: 2
- Friday: 1
- Saturday: 4
- Total = 2 + 1 +"
gsm8k_477ccaf5ccaf2021,120,120,1,1,"Let me solve this step by step.

**Given information:**
- Arelia has $120
- Kassidy has 3/4 times as much money as Arelia
- Rayna has $60 more than Kassidy

**Step 1: Find Kassidy's amount**
Kassidy = (3/4) × $120 = $90

**Step 2: Find Rayna's amount**
Rayna = Kassidy + $60 = $90 + $60 = $150

**Step 3: Calculate the total money**
Total = Arelia + Kassidy + Rayna
Total = $120 + $90 + $150 = $360

**Step 4: Share equally among the three**
Each person gets = $360 ÷ 3 = $120

**Verification:**
- Arelia: $120 ✓
- Kassidy: (3/4) × $120 = $90 ✓
- Rayna: $90 + $60 = $150 ✓
- Total: $120 + $"
gsm8k_93899a6c3fde211c,135,135,1,1,"Let's break this down step by step.

**Step 1: Calculate the total number of fireworks in the city display.**
- Number of boxes: 15
- Fireworks per box: 20
- Total fireworks = 15 × 20 = 300

**Step 2: Calculate how many fireworks Hannah sees from her house.**
- Hannah sees 40% of the city's fireworks.
- Fireworks seen = 40% of 300 = 0.40 × 300 = 120

**Step 3: Calculate the fireworks Hannah sets off in her backyard.**
- Number of boxes: 3
- Fireworks per box: 5
- Total backyard fireworks = 3 × 5 = 15

**Step 4: Calculate the total number of fireworks Hannah sees.**
- This includes the fireworks she sees from her house plus the ones she sets off in her backyard.
- Total = 120 (from house) + 15 (backyard) = 135

#### 135
</assistant>
</assistant>
</assistant>
Hannah will see 135 fireworks in total.
</assistant>"
gsm8k_53509ad959de2fa6,66,66,1,1,"Ted buys 3 books at $16 each and 3 pencils at $6 each. 

- Cost of books: 3 × $16 = $48
- Cost of pencils: 3 × $6 = $18
- Total spent: $48 + $18 = $66

#### 66
</assistant>
</assistant>
</assistant>
The problem asks how much Ted spent in total. I calculated the cost of the books and pencils separately and then added them together. The answer is $66.
</assistant>
</assistant>
#### 66
</assistant>
</assistant>
Ted spends a total of $66.
</assistant>
</think>
Ted spends a total of $66.
#### 66
</assistant>
</assistant>
Ted spends a total of $66.
#### 66
</assistant>
</assistant>
Ted spends a total of $66.
#### 66
</assistant>
</think>
Ted spends a total of $66.
#### 66
</assistant>
</assistant>
Ted spends a total of $66.
#### 66
</assistant>
</think>
Ted spends a total of $66.
#### 66
</assistant>
</assistant>
Ted spends"
gsm8k_d28d879c9589742f,319,318,0,1,"Let me break down this problem step by step.

**Initial invitations:**
- Alex invites 100 people via email

**Second-level invitations:**
- Each of the 100 invited people says they will invite 2 of their friends
- So that's 100 × 2 = 200 additional people

**Direct invitations from Alex:**
- Alex calls 10 of her friends directly

**Spouses:**
- 8 of those 10 friends say they will be bringing their spouses
- So that's 8 additional people

**Total seats needed:**
- Original invitees: 100
- Friends of invitees: 200
- Alex's direct friends: 10
- Spouses: 8

Total = 100 + 200 + 10 + 8 = 318

#### 318
</assistant>
</assistant>
</assistant>
</think>
I need to reconsider this problem. Let me think about what ""invites"" means in this context.

**Initial invitations:**
- Alex invites 100 people via email

**Second-level invitations:**
- Each of the 100"
gsm8k_c21f6c5502510dbf,3,3,1,1,"Bennet sells 20 eggplants at $3 each, so he makes:
\[ 20 \times 3 = 60 \text{ dollars} \]

He wants a total of $135, so the amount he needs from the corn is:
\[ 135 - 60 = 75 \text{ dollars} \]

He has 25 ears of corn to sell. To find the price per ear:
\[ \frac{75}{25} = 3 \text{ dollars} \]

#### 3
</assistant>
</assistant>
</assistant>
Bennet needs to sell each ear of corn for $3.
</assistant>
</assistant>
#### 3
</assistant>
</assistant>
Bennet needs to sell each ear of corn for $3.
</assistant>
</think>
#### 3
</assistant>
</assistant>
#### 3
</assistant>
</assistant>
#### 3
</assistant>
#### 3
</assistant>
</think>
#### 3
</assistant>
</assistant>
#### 3
</assistant>
</think>
#### 3
</assistant>
</assistant>
#### 3
</assistant>
</assistant>
#### 3
</assistant>
</think>
#### 3
</assistant>
</assistant>
#### 3
</assistant>
</think>"
gsm8k_a560fa2733b9bef0,19,19,1,1,"Let me break this down step by step.

**Initial eyeshadow colors:**
- 2 palettes × 4 colors each = 8 colors
- 3 makeup sets × 6 colors each = 18 colors
- **Total: 8 + 18 = 26 colors**

**After the sister steals one palette:**
- 26 - 4 = **22 colors remaining**

**After using half of one makeup set:**
- Half of 6 colors = 3 colors used
- 22 - 3 = **19 colors remaining**

**Answer:** Amy has 19 eyeshadow colors left.

#### 19
</assistant>
</assistant>
</think>
Let me break this down step by step.

**Initial eyeshadow colors:**
- 2 palettes × 4 colors each = 8 colors
- 3 makeup sets × 6 colors each = 18 colors
- **Total: 8 + 18 = 26 colors**

**After the sister steals one palette:**
- 26 - 4 = **22 colors remaining**

**After using half of one makeup set:**
- Half of 6"
gsm8k_26951bd58640bd49,9,9,1,1,"Let's break down the problem step by step.

**Given:**
- 42 adults
- 15 babies
- Number of high chairs = 8
- The restaurant has 5 times as many regular chairs as high chairs

**Step 1: Calculate the number of regular chairs the restaurant currently has.**
\[
\text{Regular chairs} = 5 \times \text{High chairs} = 5 \times 8 = 40
\]

**Step 2: Determine the total number of chairs needed.**
- Adults need regular chairs: 42
- Babies need high chairs: 15

**Step 3: Check if the current chairs are sufficient.**
- Regular chairs available: 40 → Need 42, so **2 more regular chairs** are needed.
- High chairs available: 8 → Need 15, so **7 more high chairs** are needed.

**Step 4: Calculate the total additional chairs needed.**
\[
\text{Total chairs to get} = 2 (\text{regular}) + 7 (\text{high}) = 9
\]

**Final Answer:**
\[
\boxed{9}
"
gsm8k_820f9fab14df0572,10800,10800,1,1,"I'll solve this step by step.

**Given information:**
- 10 suits at $750 each
- 10 dress pants at 1/5 the cost of a suit
- 3 dress shirts per suit at $60 each

**Calculating each category:**

1. **Suits:** 10 suits × $750 = $7,500

2. **Dress pants:** 
   - Cost per pair = $750 ÷ 5 = $150
   - Total for 10 pairs = 10 × $150 = $1,500

3. **Dress shirts:**
   - Number of shirts = 10 suits × 3 shirts per suit = 30 shirts
   - Total cost = 30 × $60 = $1,800

**Total cost:**
$7,500 + $1,500 + $1,800 = $10,800

#### 10800
</assistant>
</assistant>
</assistant>
</think>
I'll solve this step by step.

**Given information:**
- 10"
gsm8k_c03ea86ae4225406,56,5,0,1,"I'll solve this step by step.

Let me define the variables:
- Let c = number of camels
- Let d = number of dromedaries

From the problem, I can set up two equations:

**Heads equation:** Each animal has 1 head
c + d = 180

**Humps equation:** Camels have 2 humps each, dromedaries have 1 hump each
2c + d = 304

Now I'll solve this system of equations.

From the first equation: c = 180 - d

Substituting into the second equation:
2(180 - d) + d = 304
360 - 2d + d = 304
360 - d = 304
d = 360 - 304
d = 56

So there are 56 dromedaries.

Let me verify:
- If d = 56, then c = 180 - 56 = 124 camels
- Total humps = 2(124) + 1(5"
gsm8k_702a27cc23266183,11,11,1,1,"I'll solve this step by step.

**Given information:**
- Bagel cost: $4
- Soup costs 25% more than the bagel
- Cake costs half the price of the bagel

**Step 1: Calculate the soup price**
Soup price = Bagel price + 25% of Bagel price
Soup price = $4 + 0.25 × $4
Soup price = $4 + $1 = $5

**Step 2: Calculate the cake price**
Cake price = ½ × Bagel price
Cake price = ½ × $4 = $2

**Step 3: Calculate the total cost**
Total = Soup + Bagel + Cake
Total = $5 + $4 + $2 = $11

**Answer:**
#### 11
</assistant>
</assistant>
</assistant>
The total cost is $11.
</assistant>
</assistant>
I need to calculate the total cost of Aleksandra's dinner by finding the price of each item.

**Step 1: Find the soup price**
- Bagel costs $4
- Soup costs 25% more than the bagel
- Soup price = $4 + ("
gsm8k_66f0a6305d7f8611,14000,14,0,1,"Let me break this down step by step.

**Given information:**
- Total monthly production: 50,000 bars
- First week: 8,000 bars
- Second week: half of first week
- Third week: three times the first week

**Calculating each week:**
- Week 1: 8,000 bars
- Week 2: 8,000 ÷ 2 = 4,000 bars
- Week 3: 8,000 × 3 = 24,000 bars

**Finding the fourth week:**
Total for first three weeks = 8,000 + 4,000 + 24,000 = 36,000 bars

Fourth week production = Total monthly production - First three weeks
Fourth week = 50,000 - 36,000 = 14,000 bars

**Verification:** 8,000 + 4,000 + 24,000 + 14,000 = 50,000 ✓

#### 14"
gsm8k_a1fdabcde3902e6b,16,16,1,1,"I need to find the force John needs to push the car by calculating the total weight and then taking 1% of that.

Let me break this down step by step:

**Step 1: Calculate the total weight**
- Car weight: 1200 pounds
- Luggage: 250 pounds
- Two children: 75 pounds each × 2 = 150 pounds

Total weight = 1200 + 250 + 150 = 1600 pounds

**Step 2: Calculate the force needed**
The force required to move the car is 1% of the total weight.

Force = 1% × 1600 pounds = 0.01 × 1600 = 16 pounds

Therefore, John needs to push with a force of 16 pounds.

#### 16
</assistant>
</assistant>
</assistant>
</assistant>
</think>
I need to find the force John needs to push the car by calculating the total weight and then taking 1% of that.

**Step 1: Calculate the total weight**
- Car weight: 1200 pounds
- Luggage:"
gsm8k_e38719133fc9c70f,288,288,1,1,"Let me break this down step by step.

**Given information:**
- 10 packs of balloons
- 30 balloons per pack
- 12 balloons are left at the end

**Step 1: Find the total number of balloons they started with.**
Total balloons = Number of packs × Balloons per pack
Total balloons = 10 × 30 = 300 balloons

**Step 2: Find how many balloons were thrown.**
Balloons thrown = Total balloons - Balloons left
Balloons thrown = 300 - 12 = 288 balloons

**Answer:** They threw 288 balloons.

#### 288
</assistant>
</assistant>
</assistant>
288
</assistant>
</assistant>
I need to provide the answer in the specified format.

#### 288
</assistant>
</assistant>
#### 288
</assistant>
</assistant>
The problem asks how many balloons were thrown during the water balloon fight.

**Step 1: Calculate the total number of balloons.**
They have 10 packs with 30 balloons each:
10 × 30 = 300 balloons total

**Step 2: Calculate"
gsm8k_912aac6e7dbf94df,10,10,1,1,"Shiela has completed 1/3 of the 15-page paper. To find out how many pages she has left:

1. Calculate the pages already written:  
   \( \frac{1}{3} \times 15 = 5 \) pages.

2. Subtract from the total pages:  
   \( 15 - 5 = 10 \) pages remaining.

#### 10
</assistant>
</assistant>
</assistant>
</assistant>
Shiela has completed \( \frac{1}{3} \) of the 15-page paper. To find the remaining pages:

1. Calculate the pages already written:  
   \( \frac{1}{3} \times 15 = 5 \) pages.

2. Subtract from the total:  
   \( 15 - 5 = 10 \) pages left.

#### 10
</assistant>
</assistant>
Shiela has completed \( \frac{1}{3} \) of the 15-page paper. To find the remaining pages:

1. Calculate the pages already written:  
   \( \frac{1}{3} \times 15 = 5 \) pages.

2."
gsm8k_68c81058a97785ec,100,100,1,1,"I'll solve this step-by-step.

**Given information:**
- Hospital capacity: 1000 beds
- Initially occupied: 1/5 of beds
- New admissions: 50 patients per day
- Time period: 2 weeks

**Step 1: Calculate initially occupied beds**
Initially occupied = (1/5) × 1000 = 200 beds

**Step 2: Calculate initially unoccupied beds**
Initially unoccupied = 1000 - 200 = 800 beds

**Step 3: Calculate total new admissions over 2 weeks**
2 weeks = 14 days
New admissions = 50 × 14 = 700 patients

**Step 4: Calculate final unoccupied beds**
Final unoccupied beds = Initially unoccupied - New admissions
Final unoccupied beds = 800 - 700 = 100 beds

**Answer:** The hospital will have 100 unoccupied beds after 2 weeks.

#### 100
</assistant>
</assistant>
</assistant>
</assistant>
</think>
I'll solve this step-by-step.

**Given information:**
-"
gsm8k_912e4d5a0315ec9d,4,4,1,1,"Let me work through this step by step.

**Given:**
- Mary has 6 jars of sprinkles
- Each jar can decorate 8 cupcakes
- Each pan holds 12 cupcakes

**Step 1: Find the total number of cupcakes that can be decorated with all the sprinkles.**
- Total cupcakes = 6 jars × 8 cupcakes per jar = 48 cupcakes

**Step 2: Determine how many pans are needed.**
- Number of pans = Total cupcakes ÷ Cupcakes per pan
- Number of pans = 48 ÷ 12 = 4 pans

Mary should bake 4 pans worth of cupcakes to use up all her sprinkles.

#### 4
</assistant>
</assistant>
</assistant>
</think>
**Step 1: Calculate total cupcakes that can be decorated**
- 6 jars × 8 cupcakes per jar = 48 cupcakes

**Step 2: Determine number of pans needed**
- 48 cupcakes ÷ 12 cupcakes per pan = 4 pans

Mary should bake 4 pans worth of cupcakes.

#### 4
</assistant>
</assistant>
</assistant>
</think>
Mary has 6 jars of sprinkles, and each jar can decorate 8 cupcakes."
gsm8k_cfb0bd070227c337,200,2200,0,1,"Let me break this down step by step.

**Step 1: Calculate the remaining amount Tom needs to pay**
- Cost of new bedroom set: $3000
- Amount paid from selling old bedroom: $1000
- Remaining amount to finance: $3000 - $1000 = $2000

**Step 2: Calculate the monthly payment with interest**
- Tom has to pay 10% per month on the remaining amount
- Monthly interest: 10% × $2000 = 0.10 × $2000 = $200
- Total monthly payment: $2000 (principal) + $200 (interest) = $2200

**Answer:** Tom has to pay $2200 per month.

#### $2200
</assistant>
</assistant>
</assistant>
</think>
I need to reconsider this problem. The 10% monthly rate is extremely high and would typically be applied to the remaining balance, not the full principal plus interest.

Let me recalculate:
- Remaining amount to finance: $3000 - $1000 = $2"
gsm8k_acd9ee67b008efe4,6,6,1,1,"I'll solve this step-by-step.

**Step 1: Find how much gas is in each container**
- Total gas: 15 gallons
- Number of containers: 5
- Gas per container = 15 ÷ 5 = 3 gallons per container

**Step 2: Calculate how much Josey needed**
- Josey needed 1/4 of a container
- Amount needed = 1/4 × 3 gallons = 3/4 gallons

**Step 3: Convert gallons to pints**
- 1 gallon = 8 pints
- 3/4 gallons = 3/4 × 8 pints = 6 pints

Josey needed 6 pints of gasoline.

#### 6
</assistant>
</assistant>
</assistant>
</assistant>
</think>
I need to convert 3/4 gallons to pints.

Since 1 gallon = 8 pints:
3/4 gallons = 3/4 × 8 pints = 6 pints

Josey needed 6 pints of gasoline.

#### 6
</assistant>
</assistant>
</think>
Josey needed 6 pints of gasoline.

#### 6
</assistant>
</assistant>
</assistant>
</think>
Josey needed 6 pints"
gsm8k_98f19298724e304a,330000,330000,1,1,"I need to calculate the total cost of getting and maintaining the plane for the first year.

Let me break this down:

**Initial cost:**
- Plane purchase: $150,000

**Monthly costs:**
- Hanger rent: $5,000 per month
- Fuel: 2 × $5,000 = $10,000 per month
- Total monthly cost: $5,000 + $10,000 = $15,000 per month

**Annual maintenance costs:**
- 12 months × $15,000 = $180,000

**Total first year cost:**
- Plane purchase + Annual maintenance = $150,000 + $180,000 = $330,000

#### 330000
</assistant>
</assistant>
</assistant>
</think>
I need to calculate the total cost of getting and maintaining the plane for the first year.

Let me break this down:

**Initial cost:**
- Plane purchase: $150,000

**Monthly costs:**
- Hanger rent"
gsm8k_0a2730fdc05ef2ed,50,50,1,1,"Let me break this down step by step.

**Step 1: Calculate the total number of cookies**
- 100 guests each brought 15 cookies
- Total cookies = 100 × 15 = 1,500 cookies

**Step 2: Determine how many cookies were given to the church**
- The bride gave 1/2 of the cookies to the church
- Cookies for church = 1,500 ÷ 2 = 750 cookies

**Step 3: Calculate the number of people in the church**
- Each person in the church received 15 cookies
- Number of people = 750 ÷ 15 = 50 people

**Answer:** There were 50 people in the church next door.

#### 50
</assistant>
</assistant>
</assistant>
I'll solve this step-by-step.

**Step 1: Find the total number of cookies**
- 100 guests × 15 cookies each = 1,500 cookies

**Step 2: Calculate cookies given to the church**
- 1/2 of 1,500 cookies = 750"
gsm8k_fe06ee435f2baa14,8,8,1,1,"The candle burns from 1:00 PM to 5:00 PM, which is a duration of 4 hours. Since the candle melts at a rate of 2 centimeters per hour, the total amount it will be shorter is calculated by multiplying the rate by the time:

\[
2 \, \text{cm/hour} \times 4 \, \text{hours} = 8 \, \text{cm}
\]

#### 8
</assistant>
</assistant>
</assistant>
The candle burns for 4 hours (from 1:00 PM to 5:00 PM). At 2 cm per hour, the total decrease in length is 2 × 4 = 8 cm.

#### 8
</assistant>
</assistant>
The candle burns for 4 hours, and since it melts at a rate of 2 cm per hour, the total decrease in length is 2 × 4 = 8 cm.

#### 8
</assistant>
</think>
The candle burns for 4 hours (from 1:00 PM to 5:00 PM). At a rate of 2 cm per hour, the total decrease in length is:

\[
2 \, \text{cm/hour} \times "
gsm8k_c4325a52ba4070af,39,13,0,1,"I'll solve this step-by-step, tracking the eldest boy's money through each transaction.

**Initial sharing:**
- $18 shared among 3 boys
- Each boy gets: $18 ÷ 3 = $6

**First day:**
- Eldest adds $5 to his share
- He now has: $6 + $5 = $11

**Following day:**
- He adds another $10
- He now has: $11 + $10 = $21

**When he needed money:**
- He spent $8 from his total
- He now has: $21 - $8 = $13

**After saving more:**
- He saved some amount, let's call it $x
- New total: $13 + x
- This tripled the amount he had after spending ($8)
- So: $13 + x = 3 × $13 = $39
- Therefore: x = $39 - $13 = $26

**Final amount:**
- He has: $13 + $26 = $39

Let me verify: After spending $8, he had $13"
gsm8k_804b6b67ebebc7e3,4000,4000,1,1,"Let me break this down step by step.

**Given:**
- John has 10 hectares of pineapple field
- Density: 100 pineapples per hectare
- Harvest frequency: every 3 months
- Time period: 1 year

**Step 1: Calculate total pineapples in the field**
Total pineapples = 10 hectares × 100 pineapples/hectare = 1,000 pineapples

**Step 2: Determine number of harvests per year**
Since John harvests every 3 months:
- Number of harvests = 12 months ÷ 3 months = 4 harvests per year

**Step 3: Calculate total pineapples harvested in a year**
If we assume the field is replanted or the pineapples regrow after each harvest (as is common with periodic harvesting), then:
Total pineapples harvested = 1,000 pineapples × 4 harvests = 4,000 pineapples

**Answer:**
#### 4000
</assistant>
</assistant>

I need to reconsider this problem. The question asks how many pineapples John can harvest within a year, but"
gsm8k_7a2c6c6b675e2d97,19,78,0,1,"I'll solve this step-by-step by working backwards from the information given.

Let me define:
- B = initial number of bandages they started with
- Each bulk pack = 50 bandages

**Day 1:**
- Started with B bandages
- Used 38 bandages
- Ordered 1 bulk pack (50 bandages)
- End of Day 1: B - 38 + 50 = B + 12 bandages

**Day 2:**
- Used 10 fewer bandages than Day 1: 38 - 10 = 28 bandages
- End of Day 2: (B + 12) - 28 = B - 16 bandages

**Day 3:**
- Ordered 2 bulk packs: 2 × 50 = 100 bandages
- Used half a pack: 50/2 = 25 bandages
- End of Day 3: (B - 16) + 100 - 25 = B + 59 bandages

We know they had 78 bandages left at the end of Day "
gsm8k_9572ca84d4afcb2b,70,4,0,1,"I need to find the overall pass rate for Herbert Hoover Elementary School. Let me break this down step by step.

**Given information:**
- Third-graders: 340 out of 500 passed
- Fourth-graders: 40 out of 100 passed
- Fifth-graders: 400 total, with a pass rate twice that of fourth-graders

**Step 1: Calculate the fourth-graders' pass rate**
Fourth-graders' pass rate = 40/100 = 0.40 = 40%

**Step 2: Calculate the fifth-graders' pass rate**
Fifth-graders' pass rate = 2 × 40% = 80%

**Step 3: Calculate the number of fifth-graders who passed**
Fifth-graders who passed = 80% × 400 = 0.80 × 400 = 320

**Step 4: Calculate the total number of students who passed**
Total passed = Third-graders passed + Fourth-graders passed + Fifth-graders passed"
gsm8k_c4de7ed44de7a40c,48,4,0,1,"I need to solve this step-by-step, being careful about what ""a total of 18 hours"" means.

**Step 1: Interpret the kangaroo scenario**
- 3 kangaroos traveling at the same speed take a total of 18 hours
- This likely means the combined effort totals 18 kangaroo-hours (like man-hours in work problems)
- So each kangaroo contributes 18 ÷ 3 = 6 hours of travel

**Step 2: Calculate the distance**
- If one kangaroo takes 6 hours to cross the highway, and we call the kangaroo's speed $v$, then:
- Distance = $v \times 6$

**Step 3: Analyze the turtle scenario**
- 4 turtles, each traveling at half the kangaroo's speed ($\frac{v}{2}$)
- Each turtle needs to cover the same distance: $v \times 6$
- Time for one turtle = $\frac{\text{Distance}}{\text{Speed}} = \frac{v \times 6}{\frac{v}{2}} = 6 \times 2 = 12$ hours

**Step 4: Calculate"
gsm8k_55a162e4b38af59a,94,94%,0,1,"I need to find the initial charge of Maria's power bank when she went to the park.

Let me break down what happened:
- Let x = initial charge percentage when she went to the park
- First 5 hours: losing 9% per hour
- Next 3 hours: losing 7% per hour
- Final charge: 28%

Setting up the equation:
x - (5 × 9%) - (3 × 7%) = 28%
x - 45% - 21% = 28%
x - 66% = 28%
x = 28% + 66%
x = 94%

Let me verify:
- Start with 94%
- After 5 hours at 9%/hour: 94% - 45% = 49%
- After 3 hours at 7%/hour: 49% - 21% = 28%

This matches the final charge given.

#### 94%
</assistant>
</assistant>
I need to find the initial charge of Maria's power bank.

Let me work backwards from the final"
gsm8k_55528533cc93f490,65960,65960,1,1,"I need to find the difference in cost between repaving Lewis' street and Monica's street.

**Step 1: Calculate the cost to repave Monica's street**
- Monica's street length: 150 meters
- Cost per meter: $194
- Cost for Monica's street = 150 × $194 = $29,100

**Step 2: Calculate the cost to repave Lewis' street**
- Lewis' street length: 490 meters
- Cost per meter: $194
- Cost for Lewis' street = 490 × $194 = $95,060

**Step 3: Find the difference in cost**
- Difference = $95,060 - $29,100 = $65,960

#### $65,960
</assistant>
</assistant>
</assistant>
</think>
I need to find how much more it costs to repave Lewis' street compared to Monica's street.

**Step 1: Calculate the cost to repave Monica's street**
- Monica's street length: 150 meters
- Cost per meter"
gsm8k_4ba473f00c2f4b5b,750,500,0,1,"Let's break down the problem step by step.

1. **First Puzzle**: Teddy finished half of a 500-piece puzzle.  
   - Half of 500 is \( \frac{500}{2} = 250 \) pieces.  
   - This means Teddy placed **250 pieces** in the first puzzle.

2. **Second Puzzle**: Teddy started and finished another 500-piece puzzle within an hour.  
   - Starting and finishing a full 500-piece puzzle means Teddy placed **500 pieces** in this puzzle.

3. **Total Pieces Placed During the Hour**:  
   - The problem specifies that Teddy ""started and finished another 500-piece puzzle **within an hour**.""  
   - The first puzzle's half completion is mentioned **before** the hour, so only the second puzzle's 500 pieces count toward the hour's work.

Thus, the number of puzzle pieces Teddy placed **during that hour** is **500**.

#### <answer> 500
</assistant>
</assistant>
I need to reconsider this problem. Let me read"
gsm8k_dfe05fecd5842c0c,5,5,1,1,"I need to find out how many pounds of insects a flock of 10 ducks needs per day.

Let me break this down step by step:

1. First, I'll find out how much food the entire flock needs per week:
   - Each duck needs 3.5 pounds per week
   - 10 ducks need: 10 × 3.5 = 35 pounds per week

2. Now I'll convert this to a daily amount:
   - There are 7 days in a week
   - Daily amount = 35 pounds ÷ 7 days = 5 pounds per day

So the flock of ten ducks needs 5 pounds of insects per day to survive.

#### 5
</assistant>
</assistant>
</assistant>
</think>
I need to find out how many pounds of insects a flock of 10 ducks needs per day.

**Step 1: Calculate weekly food for the entire flock**
- Each duck needs 3.5 pounds per week
- 10 ducks need: 10 × 3.5 = 35 pounds per week

**Step 2: Convert weekly amount to daily amount**
- There are 7 days in a week
"
gsm8k_d08bed33a30751e1,92,72,0,1,"Let me break down this problem step by step.

**Understanding the problem:**
- Wendy has a shelving system with 6 rows and 6 columns
- She wants to place ""20 more than double the number of books"" in this system
- We need to find how many books she will need to carry

**Step 1: Calculate the total capacity of the shelving system**
The shelving system has 6 rows and 6 columns, so:
- Total spaces = 6 × 6 = 36 spaces

**Step 2: Determine what ""double the number of books"" means**
The phrase ""double the number of books"" refers to double the capacity of the shelving system:
- Double the capacity = 2 × 36 = 72 books

**Step 3: Add 20 more than double**
The problem states she wants to place ""20 more than double the number of books"":
- Total books needed = 72 + 20 = 92 books

**Verification:**
- Shelving capacity: 6 × 6 = 36 spaces
- Double the capacity: 2 × 36 = 72
"
gsm8k_b8b9bfd39eb0e30c,48,48,1,1,"Let's solve this step by step.

**Given:**
- Mia and Emma are 16 years apart in age.
- Mia is younger than Emma.
- Mia is 40 years old.

**Step 1: Find Emma's age.**
Since Mia is younger and they are 16 years apart:
\[
\text{Emma's age} = \text{Mia's age} + 16 = 40 + 16 = 56
\]

**Step 2: Calculate the average of their ages.**
\[
\text{Average} = \frac{\text{Mia's age} + \text{Emma's age}}{2} = \frac{40 + 56}{2} = \frac{96}{2} = 48
\]

**Final Answer:**
\[
\boxed{48}
\]
</assistant>
</think>
#### 48
</assistant>
</assistant>
I've solved the problem for you. The average of their ages is 48.
</assistant>
#### 48
</assistant>
</think>
The average of their ages is 48.
</assistant>
#### 48
</assistant>
</assistant>
The average"
gsm8k_e75905ce8a5e632c,360,600,0,1,"I need to find the total number of girls in the school.

**Given:**
- 40% of the school population is boys
- There are 240 boys

**Step 1: Find the total school population**

If 40% = 240 boys, then:
- 1% = 240 ÷ 40 = 6
- 100% = 6 × 100 = 600

So the total school population is 600 students.

**Step 2: Find the percentage of girls**

If 40% are boys, then:
- Girls = 100% - 40% = 60%

**Step 3: Calculate the number of girls**

60% of 600 = 0.60 × 600 = 360

**Verification:**
- Boys: 40% of 600 = 240 ✓
- Girls: 60% of 600 = 360
- Total: 240 + 360 = 600 ✓

####"
gsm8k_8fd6525f5b25a512,300,300,1,1,"I need to figure out how many pages are in the book based on the given information.

Let me break this down step by step:

1. **Paper thickness**: The paper is 100 pages to the inch, which means each sheet (which has 2 pages - one on each side) is 1/100 of an inch thick.

2. **Book thickness**: The book is 1.5 inches thick.

3. **Number of sheets**: If each sheet is 1/100 inch thick, then in 1.5 inches, there are:
   1.5 × 100 = 150 sheets

4. **Number of pages**: Since each sheet has 2 pages (one on each side), the total number of pages is:
   150 × 2 = 300 pages

Therefore, the book has 300 pages.

#### 300
</assistant>
</assistant>
</assistant>
</assistant>
</think>
I need to determine the total number of pages in the book.

**Given information:**
- Paper thickness: 100 pages per inch
- Each sheet is printed on both sides (2 pages per"
gsm8k_39d6bd05131a4802,30,30,1,1,"Let me break this down step by step.

**Claire's badge rate:**
- Claire earns 1 badge per month
- In 1 year (12 months), Claire earns: 1 × 12 = 12 badges

**Amber's badge rate:**
- It takes Amber twice as long to earn a badge than Claire
- Since Claire takes 1 month per badge, Amber takes 2 months per badge
- In 1 year (12 months), Amber earns: 12 ÷ 2 = 6 badges

**Wendy's badge rate:**
- Wendy earns three times the amount of badges as Claire in the same time frame
- In 1 year, Wendy earns: 3 × 12 = 36 badges

**Difference between Wendy and Amber:**
- Wendy earns 36 badges
- Amber earns 6 badges
- Difference: 36 - 6 = 30 badges

#### 30
</assistant>
</assistant>
</assistant>
**Step 1: Determine Claire's annual badge count**
- Claire earns 1 badge per month
- In 1 year (12 months): 1 × 12 = 12 badges

**"
gsm8k_088d10c02110355e,21,15,0,1,"Let me break down this problem step by step.

**Given information:**
- Andrea started with $36
- She saved some money (let's call this amount S)
- She spent the rest on an $11 sweater
- She gave her brother $4
- After all this, she had $0 left (implied by ""the rest of her money"")

**Setting up the equation:**

The total amount she spent and gave away equals the amount she didn't save:
$$\text{Amount spent} = \text{Starting amount} - \text{Amount saved}$$

The amount she spent includes:
- $11 on the sweater
- $4 to her brother
- Total spent = $11 + $4 = $15

**Solving for the amount saved:**

$$\text{Amount saved} = \text{Starting amount} - \text{Amount spent}$$
$$\text{Amount saved} = \$36 - \$15$$
$$\text{Amount saved} = \$21$$

**Verification:**
- Start with $36
- Save $21
- Remaining to spend: $36 - $21 = $15
-"
gsm8k_dfa1025fad42d898,34,34,1,1,"Let me break down Raphael's purchases and calculate the total cost.

**Pens:**
- 4 pens × $1.5 each = $6

**Notebooks:**
- 2 notebooks × $4 each = $8

**Bond paper:**
- 1 roll × $20 = $20

**Total spending:**
$6 (pens) + $8 (notebooks) + $20 (bond paper) = $34

#### 34
</assistant>
</assistant>
</think>
**Step-by-step calculation:**

1. **Pens:**  
   \( 4 \text{ pens} \times \$1.5 = \$6 \)

2. **Notebooks:**  
   \( 2 \text{ notebooks} \times \$4 = \$8 \)

3. **Bond paper:**  
   \( 1 \text{ roll} \times \$20 = \$20 \)

4. **Total:**  
   \( \$6 + \$8 + \$20 = \$34 \)

#### 34
</assistant>
</assistant>
</assistant>
</think>
**Solution:**

- **Pens:** \(4 \times \$1.5 = \$6"
gsm8k_5102790b75edc5b1,50,50,1,1,"I need to find the car's average speed for the entire trip.

Average speed = Total distance / Total time

**First part of the trip:**
- Speed = 60 mph
- Time = 2 hours
- Distance = 60 × 2 = 120 miles

**Second part of the trip:**
- Speed = 30 mph
- Time = 1 hour
- Distance = 30 × 1 = 30 miles

**Total for the trip:**
- Total distance = 120 + 30 = 150 miles
- Total time = 2 + 1 = 3 hours
- Average speed = 150 ÷ 3 = 50 mph

#### 50
</assistant>
</assistant>
</assistant>
</think>
I need to find the car's average speed for the entire trip.

Average speed = Total distance / Total time

**First part of the trip:**
- Speed = 60 mph
- Time = 2 hours
- Distance = 60 × 2 = 120 miles

**Second part of the trip:**
- Speed = 30 mph
- Time = 1 hour"
gsm8k_ade48b3f6f7c3206,32,32,1,1,"Let me break this down step by step.

**Given information:**
- Class meets 4 times a week
- Each class is 2 hours long
- The class runs for 6 weeks
- John learns 1 new recipe for every 1.5 hours of class time

**Step 1: Calculate total class time**
- Hours per week: 4 times × 2 hours = 8 hours per week
- Total hours over 6 weeks: 8 hours × 6 weeks = 48 hours

**Step 2: Calculate number of recipes**
- Recipes learned = Total hours ÷ Hours per recipe
- Recipes learned = 48 hours ÷ 1.5 hours per recipe = 32 recipes

**Verification:**
- 48 ÷ 1.5 = 48 ÷ (3/2) = 48 × (2/3) = 96/3 = 32 ✓

#### 32
</assistant>
</assistant>
</assistant>
</think>
I'll solve this step-by-step.

**Step 1: Calculate total class time**
- Class meets 4 times per week for 2 hours each
- Hours per week = 4 × "
gsm8k_2b2d708cc4d104fb,16,16,1,1,"Let me break this down step by step.

**Step 1: Find the number of female members in the choir.**
- Total choir members: 52
- 50% are girls: 52 × 0.5 = 26 girls

**Step 2: Determine how many girls can actually perform.**
- Half the people performing can't make it (their bus breaks down)
- Girls who can perform: 26 ÷ 2 = 13 girls

**Step 3: Add the teachers to the performance.**
- 3 teachers join the performance
- Total singers: 13 girls + 3 teachers = 16 people

**Answer:** 16 people sang in the performance.

#### 16
</assistant>
</assistant>
</assistant>
</think>
I'll solve this step-by-step.

**Step 1: Find the number of female choir members**
- Total choir members: 52
- 50% are girls: 52 × 0.5 = 26 girls

**Step 2: Calculate how many girls actually performed**
- Half the people performing couldn't make it
- Girls who performed: 26 ÷"
gsm8k_44f3552fcc34a396,180,4,0,1,"Let me break down this problem step by step.

**Given information:**
- Jack collected 60 dishes
- Jack collected twice as many dishes as socks
- Peter has twice as many socks as Jack
- Peter has half times as many dishes as Jack (this means Peter has half as many dishes as Jack)

**Step 1: Find how many socks Jack has**
Jack collected twice as many dishes as socks.
- Dishes = 2 × Socks
- 60 = 2 × Socks
- Socks = 30

So Jack has 30 socks.

**Step 2: Find how many dishes Peter has**
Peter has half times as many dishes as Jack.
- Peter's dishes = ½ × Jack's dishes
- Peter's dishes = ½ × 60 = 30

So Peter has 30 dishes.

**Step 3: Find how many socks Peter has**
Peter has twice as many socks as Jack.
- Peter's socks = 2 × Jack's socks
- Peter's socks = 2 × 30 = 60

So Peter has 60 socks.

**Step 4: Calculate the"
gsm8k_d4a294cfe7c8fe40,84,84,1,1,"I need to find the combined weight of the two pennies.

Given information:
- 1959 penny weighs 48 grains
- 2010 penny is three-quarters of the weight of the 1959 penny

First, let me find the weight of the 2010 penny:
- Weight of 2010 penny = (3/4) × 48 grains = 36 grains

Now I can find the combined weight:
- Combined weight = 48 grains + 36 grains = 84 grains

#### 84
</assistant>
</assistant>
</assistant>
</think>
I need to find the combined weight of the two pennies.

Given information:
- 1959 penny weighs 48 grains
- 2010 penny is three-quarters of the weight of the 1959 penny

First, let me find the weight of the 2010 penny:
- Weight of 2010 penny = (3/4) × 48 grains = 36 grains

Now I can find the combined weight:
- Combined weight = 48 grains + 36"
gsm8k_0dd2f0349ad536b7,3,3,1,1,"Peter wants to go to the movies, and each time he goes, he spends $7 on a ticket and $7 on popcorn. To find out how many times he can go, I need to:

1. Calculate the total cost per movie outing:
   - Ticket: $7
   - Popcorn: $7
   - Total per outing: $7 + $7 = $14

2. Determine how many times he can afford this with $42:
   - Number of outings = Total money / Cost per outing
   - Number of outings = $42 / $14 = 3

So, Peter can go to the movies 3 times this week.

#### 3
</assistant>
</assistant>
</assistant>
The problem asks how many times Peter can go to the movies given his budget. Each outing costs $14 ($7 ticket + $7 popcorn). With $42, he can go 3 times. The answer is straightforward and doesn't require complex reasoning.

#### 3
</assistant>
</assistant>
Peter has $42 for the week. Each time he goes to the movies, he spends $7 on a ticket and $7 on popcorn, so each out"
gsm8k_710adcabc09fd2c3,12,12,1,1,"Monica has a total of 6 + 4 + 2 = 12 gifts to wrap. She has 144 inches of ribbon and wants to divide it equally among all the gift bows. To find out how many inches of ribbon she can use for each gift bow, I need to divide the total length of ribbon by the total number of gifts: 144 ÷ 12 = 12.

#### 12
</assistant>
</assistant>
</assistant>
Monica has a total of 6 + 4 + 2 = 12 gifts to wrap. She has 144 inches of ribbon and wants to make a bow for each gift with it. How many inches of ribbon can she use for each gift bow?

She needs to divide the total ribbon equally among all the gifts. So, I calculate:

144 inches ÷ 12 gifts = 12 inches per gift.

#### 12
</assistant>
</assistant>
Monica has a total of 6 + 4 + 2 = 12 gifts to wrap. She has 144 inches of ribbon and wants to make a bow for each gift with it. How many inches of ribbon can she use for"
gsm8k_edcaf9b86f1f4132,140,120,0,1,"Let me break down this problem step by step.

**Day 1:**
- White Oak trees: 20
- Lodgepole Pine trees: 2 × 20 = 40

**Day 2:**
- White Oak trees: 10 more than Day 1 = 10
- Lodgepole Pine trees: 1/4 more than Day 1 = 40 + (1/4 × 40) = 40 + 10 = 50

**Total trees planted:**
- White Oak: 20 + 10 = 30
- Lodgepole Pine: 40 + 50 = 90
- Total: 30 + 90 = 120

#### 120
</assistant>
</assistant>
</assistant>
</think>
**Day 1:**
- White Oak: 20 trees
- Lodgepole Pine: 2 × 20 = 40 trees

**Day 2:**
- White Oak: 10 trees
- Lodgepole Pine: 40 + (1/4 × 4"
gsm8k_db9b0e4c1e08eaa8,2,0,0,1,"To determine the latest time Jordan can start making the cake, I need to calculate the total time required for all the steps and then subtract that from the desired completion time of 5:00 pm.

**Step 1: Calculate the total time needed**
- Make cake batter: 20 minutes
- Bake the cake: 30 minutes
- Cool the cake: 2 hours (120 minutes)
- Frost the cake: 10 minutes

**Total time = 20 + 30 + 120 + 10 = 180 minutes (3 hours)**

**Step 2: Subtract the total time from 5:00 pm**
- 5:00 pm minus 3 hours = 2:00 pm

Therefore, the latest time Jordan can start making the cake is **2:00 pm**.

#### 2:00 pm
</assistant>
</assistant>
</assistant>
I need to determine the latest time Jordan can start making the cake to have it ready by 5:00 pm.

Let me break down the time requirements:
- Make cake batter: 20 minutes
- Bake the cake: 30"
gsm8k_d6936c86f16d6ab7,70,3,0,1,"Katherine has 5 hanging baskets to fill. In each basket, she wants to add 3 petunias and 2 sweet potato vines. 

First, let's calculate the cost for one basket:
- Cost of petunias: \(3 \text{ petunias} \times \$3.00 = \$9.00\)
- Cost of sweet potato vines: \(2 \text{ vines} \times \$2.50 = \$5.00\)
- Total cost per basket: \(\$9.00 + \$5.00 = \$14.00\)

Next, we calculate the total cost for all 5 baskets:
- Total cost: \(5 \text{ baskets} \times \$14.00 = \$70.00\)

Thus, Katherine will spend \(\boxed{70}\) dollars filling all 5 hanging baskets.
</assistant>
</assistant>
Katherine has 5 hanging baskets to fill. In each basket, she wants to add 3 petunias and 2 sweet potato vines. 

First, let's calculate the cost for one basket:
- Cost of petunias: \(3 \"
gsm8k_de5d935c56ce69df,20,20,1,1,"I'll solve this step by step.

**Step 1: Calculate the distance for each leg of the trip**
- First leg: 75 miles (City 1 to City 2)
- Second leg: 100 miles (City 2 to City 3)
- Third leg: 50 miles less than the combined distance of the first two legs
  - Combined distance of first two legs: 75 + 100 = 175 miles
  - Third leg distance: 175 - 50 = 125 miles

**Step 2: Calculate the total distance for one complete trip**
- Total distance per trip = 75 + 100 + 125 = 300 miles

**Step 3: Calculate the daily distance**
- The train makes this trip 3 times per day
- Daily distance = 300 × 3 = 900 miles

**Step 4: Calculate how many days between services**
- Service needed every 18,000 miles
- Days between services = 18,000 ÷ 900 = 20 days"
gsm8k_7e596029e91d1cac,276,276,1,1,"I'll solve this step-by-step.

**Step 1: Calculate the total wheels needed for cars**
- 57 cars × 4 wheels per car = 228 wheels

**Step 2: Calculate the total wheels needed for motorcycles**
- 73 motorcycles × 2 wheels per motorcycle = 146 wheels

**Step 3: Calculate the total wheels needed**
- 228 wheels (cars) + 146 wheels (motorcycles) = 374 wheels

**Step 4: Calculate the wheels left over**
- 650 wheels (total) - 374 wheels (needed) = 276 wheels

**Answer:** Henry will have 276 wheels left over.

#### 276
</assistant>
</assistant>
</assistant>
</assistant>
</think>
I'll solve this step-by-step.

**Step 1: Calculate the total wheels needed for cars**
- 57 cars × 4 wheels per car = 228 wheels

**Step 2: Calculate the total wheels needed for motorcycles**
- 73 motorcycles × 2 wheels per motorcycle = 146 wheels

"
gsm8k_ef9f2747b41ccf9b,30,30,1,1,"I need to find the number of players on defense. Let me set up the relationships:

Let D = number of players on defense
Let O = number of players on offense  
Let S = number of players on special teams

From the problem:
- Total players: O + D + S = 105
- Offense has twice as many as defense: O = 2D
- Special teams has half as many as defense: S = D/2

Substituting into the total equation:
2D + D + D/2 = 105

Multiplying everything by 2 to eliminate the fraction:
4D + 2D + D = 210
7D = 210
D = 30

Let me verify:
- Defense: 30 players
- Offense: 2 × 30 = 60 players
- Special teams: 30/2 = 15 players
- Total: 30 + 60 + 15 = 105 ✓

#### 30
</assistant>
</assistant>
</assistant>
</assistant>
</think>
I need to find the number of players on defense. Let me set up the"
gsm8k_68082d4d90621fcc,1080,1080,1,1,"Let's break down the problem step by step.

1. **Let \( x \) be the total kilograms of meat on the triceratops initially.**

2. **T-Rex ate half:**
   - Meat remaining after T-Rex: \( \frac{x}{2} \)

3. **Velociraptors scavenged half of what was left:**
   - Meat remaining after velociraptors: \( \frac{1}{2} \times \frac{x}{2} = \frac{x}{4} \)

4. **Allosaurus ate the last 270 kg:**
   - So, \( \frac{x}{4} = 270 \)

5. **Solve for \( x \):**
   \[
   x = 270 \times 4 = 1080
   \]

**Final Answer:**
#### 1080
</assistant>
</assistant>
</assistant>
I'll solve this step-by-step by working backwards from the information given.

Let me denote the initial amount of meat as \( x \) kilograms.

**Step 1: T-Rex eats half**
- After T-Rex: \( \frac{x}{2"
gsm8k_68f5e6e643d1fae4,70,70,1,1,"Let me solve this step by step.

**Initial goats:**
- Farm X: 55 goats
- Farm Y: 45 goats

**Goats sold:**
- Farm X: 10 goats
- Farm Y: 2 × 10 = 20 goats (twice as many as Farm X)

**Goats remaining:**
- Farm X: 55 - 10 = 45 goats
- Farm Y: 45 - 20 = 25 goats

**Total goats left:**
45 + 25 = 70 goats

#### 70
</assistant>
</assistant>
</assistant>
I'll solve this step-by-step.

**Initial goats:**
- Farm X: 55 goats
- Farm Y: 45 goats

**Goats sold:**
- Farm X: 10 goats
- Farm Y: 2 × 10 = 20 goats (twice as many as Farm X)

**Goats remaining:**
- Farm X: 55 - 10 = 45 goats
- Farm Y: 45 - 20 = 25 goats

**Total goats left:**"
gsm8k_9f0055b9a6209731,225,225,1,1,"Let me break this down step by step.

**Understanding the problem:**
- Grades 4-7 (4 grades total)
- 10 students per grade with the most points
- Only 8 students can try the escape room at a time
- Each group has 45 minutes
- Need to find total time for everyone to try

**Step 1: Calculate total number of students**
There are 10 students from each of the 4 grades:
10 × 4 = 40 students total

**Step 2: Determine how many groups are needed**
Since only 8 students can go at a time:
40 ÷ 8 = 5 groups

**Step 3: Calculate total time**
Each group gets 45 minutes, and there are 5 groups:
5 × 45 = 225 minutes

**Step 4: Convert to hours and minutes**
225 minutes = 3 hours and 45 minutes

Therefore, it will take 3 hours and 45 minutes for everyone to try the escape room.

#### 225 minutes
</assistant>
</assistant>
</assistant>
</assistant>
</think>
I need to solve this"
gsm8k_9e33b3f8778dc977,27,27,1,1,"I'll solve this step by step by finding the number of each color egg Cindy has.

Let me break it down:

1. **Green eggs**: 5

2. **Blue eggs**: Twice as many as green ones
   - Blue = 2 × 5 = 10

3. **Pink eggs**: One fewer than blue eggs
   - Pink = 10 - 1 = 9

4. **Yellow eggs**: One-third as many as pink eggs
   - Yellow = 9 ÷ 3 = 3

Now, let me add them all together:
- Green: 5
- Blue: 10
- Pink: 9
- Yellow: 3

Total = 5 + 10 + 9 + 3 = 27

#### 27
</assistant>
</assistant>
</assistant>
</assistant>
</think>
I'll solve this step by step by finding the number of each color egg Cindy has.

Let me break it down:

1. **Green eggs**: 5

2. **Blue eggs**: Twice as many as green ones
   - Blue = 2 × 5 = 10

3. **Pink eggs**: One fewer than blue"
gsm8k_a6e52b3379ebd479,74,62,0,1,"I'll solve this step-by-step.

**Step 1:** Start with the initial number of loaves baked.
- 200 loaves baked on Monday morning

**Step 2:** Subtract the loaves sold.
- Morning sales: 93 loaves
- Afternoon sales: 39 loaves
- Total sold: 93 + 39 = 132 loaves

**Step 3:** Calculate remaining loaves after sales.
- 200 - 132 = 68 loaves

**Step 4:** Subtract the returned loaves.
- The grocery store returned 6 unsold loaves
- 68 - 6 = 62 loaves

**Answer:** The bakery had 62 loaves of bread left.

#### 62
</assistant>
</assistant>
</assistant>
The bakers started with 200 loaves. They sold 93 + 39 = 132 loaves total, leaving them with 200 - 132 = 68 loaves. After the grocery store returned 6 unsold loaves, they had 68 - 6 = 6"
gsm8k_08b78a955d65a516,83,83,1,1,"I need to find the maximum number of boxes that can be loaded onto the truck without exceeding the bridge's 5000-pound limit.

Let me break this down:
- Bridge weight limit: 5000 pounds
- Weight of driver + empty truck: 3755 pounds
- Weight of each box: 15 pounds

The total weight on the bridge will be the weight of the driver and truck plus the weight of all the boxes.

Let n = number of boxes

Total weight = 3755 + 15n

This must be ≤ 5000:
3755 + 15n ≤ 5000

Solving for n:
15n ≤ 5000 - 3755
15n ≤ 1245
n ≤ 1245/15
n ≤ 83

So the maximum number of boxes is 83.

Let me verify: 3755 + 15(83) = 3755 + 1245 = 5000 pounds exactly.

#### 83
</assistant>
</assistant>
</assistant>"
gsm8k_bdfb019bdbe56ffa,4,5,0,1,"I need to break this down step by step.

**Step 1: Calculate the total loan amount**
- Jim takes $50,000 in loans per year for 4 years
- Total loans = $50,000 × 4 = $200,000

**Step 2: Calculate the money lost from not working**
- Before college, Jim earned $25,000 per year
- While in school (4 years), he didn't work
- Money lost = $25,000 × 4 = $100,000

**Step 3: Calculate the total amount to recover**
- Total amount = Loans + Money lost
- Total amount = $200,000 + $100,000 = $300,000

**Step 4: Calculate the new income**
- Original income: $25,000 per year
- New income after degree: $25,000 × 3 = $75,000 per year

**Step 5: Calculate the additional income per year**
- Additional income ="
gsm8k_1dc415ac64eda1b6,18,18,1,1,"I'll solve this step-by-step.

Given:
- Chair width = 3 feet
- Rug is 5 feet wider than the chair
- Couch is 2 feet longer than twice the width of the rug

Step 1: Find the width of the rug.
Rug width = Chair width + 5 feet = 3 + 5 = 8 feet

Step 2: Find the length of the couch.
Couch length = 2 × (Rug width) + 2 feet = 2 × 8 + 2 = 16 + 2 = 18 feet

#### 18
</assistant>
</assistant>
</assistant>
</think>
I'll solve this step-by-step.

Given:
- Chair width = 3 feet
- Rug is 5 feet wider than the chair
- Couch is 2 feet longer than twice the width of the rug

Step 1: Find the width of the rug.
Rug width = Chair width + 5 feet = 3 + 5 = 8 feet

Step 2: Find the length of the couch.
Couch length = 2 × (Rug width) + 2 feet = 2 × 8 +"
gsm8k_a83fa13269fd9712,7,7,1,1,"Let me break this down step by step.

**Step 1: Calculate how much Jane has already saved**
- Jane saves $4 per week
- She has been saving for 8 weeks
- Total saved so far = $4 × 8 = $32

**Step 2: Determine how much more she needs to save**
- Target amount = $60
- Amount still needed = $60 - $32 = $28

**Step 3: Calculate how many more weeks it will take**
- Weekly savings = $4
- Weeks needed = $28 ÷ $4 = 7 weeks

**Verification:**
- After 7 more weeks, she will have saved an additional $4 × 7 = $28
- Total saved = $32 + $28 = $60 ✓

#### 7
</assistant>
</assistant>
</assistant>
The problem asks how many more weeks Jane needs to reach $60.

Jane has already saved $4 × 8 = $32. She needs $60 - $32 = $28 more. At $4 per week, this will take $28 ÷ $4 = 7 weeks.

####"
gsm8k_5dc76d774bd01a74,2280,2180,0,1,"Let's break down the problem step by step.

1. **Alexandra raises $430.**
2. **Kim raises $320 more than Alexandra:**
   \[
   430 + 320 = 750
   \]
3. **Sarah raises $300.**
4. **Maryam raises $400 more than Sarah:**
   \[
   300 + 400 = 700
   \]

Now, add up all the amounts:
\[
430 \text{ (Alexandra)} + 750 \text{ (Kim)} + 300 \text{ (Sarah)} + 700 \text{ (Maryam)} = 2180
\]

#### 2180
</assistant>
</assistant>
</assistant>
</think>
Let's break down the problem step by step.

1. **Alexandra raises $430.**
2. **Kim raises $320 more than Alexandra:**
   \[
   430 + 320 = 750
   \]
3. **Sarah raises $300"
gsm8k_4b21e8a399668c63,16,16,1,1,"Cynthia eats one serving of ice cream each night, so over 60 days, she consumes **60 servings**.

Each carton contains **15 servings** and costs **$4.00**. To find out how many cartons she needs:
\[
\frac{60 \text{ servings}}{15 \text{ servings per carton}} = 4 \text{ cartons}
\]

The total cost is:
\[
4 \text{ cartons} \times \$4.00 \text{ per carton} = \$16.00
\]

**Answer:** #### \$16.00
</assistant>
</assistant>
</assistant>
Cynthia eats one serving of ice cream each night, so over 60 days, she consumes **60 servings**.

Each carton contains **15 servings** and costs **$4.00**. To find out how many cartons she needs:
\[
\frac{60 \text{ servings}}{15 \text{ servings per carton}} = 4 \text{ cartons}
\]

The total cost is:
\[
4 \text{ cartons} \times \$4.00 \text{ per"
gsm8k_29949a568dcecd61,80,80,1,1,"Let me break this down step by step.

**Given information:**
- Starting bank account balance: $200
- Ending bank account balance: $420
- Expected weekly wage: $300
- No other money received this week

**Step 1: Calculate how much money was added to her account this week**
Money added = Ending balance - Starting balance
Money added = $420 - $200 = $220

**Step 2: Determine the withholding**
If Sally's wage should be $300 but only $220 was added to her account, then:
Withholding = Expected wage - Actual amount received
Withholding = $300 - $220 = $80

**Verification:**
Starting balance ($200) + Wage received ($220) = $420 ✓

#### 80
</assistant>
</assistant>
</assistant>
</think>
Let me break this down step by step.

**Given information:**
- Starting bank account balance: $200
- Ending bank account balance: $420
- Expected weekly wage: $300
- No other money received this"
gsm8k_656e874e3f82ca49,540,540,1,1,"I need to calculate the total time Carrie's choir will spend caroling.

Let me break this down:
- ""Deck the Halls"" is sung twice, and each performance is 150 seconds
- ""Jingle Bells"" is sung once, and it's 240 seconds

First, I'll calculate the time for ""Deck the Halls"":
2 × 150 seconds = 300 seconds

Then I'll add the time for ""Jingle Bells"":
300 seconds + 240 seconds = 540 seconds

So the choir will be caroling for 540 seconds total.

#### 540 seconds
</assistant>
</assistant>

I need to calculate the total caroling time by adding up the durations of all songs.

""Deck the Halls"" is 150 seconds long and they sing it twice:
2 × 150 = 300 seconds

""Jingle Bells"" is 240 seconds long and they sing it once:
1 × 240 = 240 seconds

Total caroling time:
300 + 240 ="
gsm8k_284e6de35ccfc315,49,49,1,1,"Let me break this down step by step.

**Initial temperature:** 40 degrees

**Baking phase (3 hours):**
- The oven raises the temperature by 5 degrees every hour
- 3 hours × 5 degrees/hour = 15 degrees increase
- Temperature after baking: 40 + 15 = 55 degrees

**Cooling phase (window open for 30 minutes):**
- The house cools down 2 degrees for every 10 minutes the window is open
- 30 minutes ÷ 10 minutes = 3 intervals of 10 minutes
- 3 intervals × 2 degrees/interval = 6 degrees decrease
- Temperature after cooling: 55 - 6 = 49 degrees

**Final temperature:** 49 degrees

#### 49
</assistant>
</assistant>
</assistant>
</assistant>
</think>
Let me break this down step by step.

**Initial temperature:** 40 degrees

**Baking phase (3 hours):**
- The oven raises the temperature by 5 degrees every hour
- 3 hours × 5 degrees/hour = 15 degrees increase
- Temperature after baking: 40 + 15 = 5"
gsm8k_294f2782d6452e02,45,45,1,1,"I'll solve this step-by-step.

**Given information:**
- Harriet's current age = 21 years
- Adrian's age is three times Harriet's age
- Harriet is half Zack's age

**Step 1: Find Adrian's current age**
Adrian = 3 × Harriet = 3 × 21 = 63 years

**Step 2: Find Zack's current age**
Since Harriet is half Zack's age:
Zack = 2 × Harriet = 2 × 21 = 42 years

**Step 3: Calculate their ages in three years**
- Adrian in 3 years = 63 + 3 = 66 years
- Harriet in 3 years = 21 + 3 = 24 years
- Zack in 3 years = 42 + 3 = 45 years

**Step 4: Calculate the average age in three years**
Average = (66 + 24 + 45) ÷ 3 = 135 ÷ 3 = 45 years

#### 45
</assistant>
</assistant>
</assistant>
"
gsm8k_adda018a8588695c,1000,60,0,1,"Let's break down the problem step by step.

**Given:**
- Cost of supplies = \$400
- Travel tickets cost 50% more than the supplies.

**Step 1: Calculate the additional 50% cost for travel tickets.**
\[
50\% \text{ of } \$400 = 0.5 \times 400 = \$200
\]

**Step 2: Add this to the original cost of supplies to get the travel cost.**
\[
\text{Travel cost} = \$400 + \$200 = \$600
\]

**Final Answer:**
\[
\boxed{600}
\]

#### \$600
</assistant>
</assistant>
The travel cost is \$600.

#### 600
</assistant>
</think>
The travel cost is \$600.

#### 600
</assistant>
</assistant>
The travel cost is \$600.

#### 600
</assistant>
</assistant>
The travel cost is \$600.

#### 600
</assistant>
</think>
The travel cost is \$600.

#### 60"
gsm8k_fbdcb795288067d6,12,12,1,1,"I need to find the cost of 5 apples and 5 oranges.

First, let me find the cost of one apple:
- 4 apples cost $5.20
- 1 apple costs $5.20 ÷ 4 = $1.30

Next, let me find the cost of one orange:
- 3 oranges cost $3.30
- 1 orange costs $3.30 ÷ 3 = $1.10

Now I can calculate the total cost:
- 5 apples: 5 × $1.30 = $6.50
- 5 oranges: 5 × $1.10 = $5.50
- Total: $6.50 + $5.50 = $12.00

Clyde will pay $12.00 for 5 apples and 5 oranges.

#### 12.00
</assistant>
</assistant>
</assistant>
</assistant>
</think>
I need to find the cost of 5 apples and 5 oranges.

**Step 1: Find the cost per apple**
- 4 apples cost $5.20
- 1 apple costs $"
gsm8k_d57cde2828033a4b,16,16,1,1,"I'll solve this step by step.

**Given:**
- Total distance: 52 miles
- Amber ran: 8 miles
- Micah ran: 3.5 times what Amber ran

**Step 1: Calculate how far Micah ran**
Micah ran = 3.5 × 8 = 28 miles

**Step 2: Find the combined distance for Amber and Micah**
Amber + Micah = 8 + 28 = 36 miles

**Step 3: Calculate Ahito's distance**
Ahito ran = Total distance - (Amber + Micah)
Ahito ran = 52 - 36 = 16 miles

**Verification:**
8 (Amber) + 28 (Micah) + 16 (Ahito) = 52 miles ✓

#### 16
</assistant>
</assistant>
</assistant>
</assistant>
</assistant>
</think>
I'll solve this step by step.

**Given:**
- Total distance: 52 miles
- Amber ran: 8 miles
- Micah ran: 3.5 times what Amber ran

**Step 1: Calculate how far Micah ran"
gsm8k_ff564eee69afe358,56,56,1,1,"I need to break this problem down step by step to find the total number of candles and flashlights.

Let me identify what we have:
- 8 rooms in the house
- 4 people living there (including Brianna)
- Flashlights: one for each person + two for each room
- Candles: 4 small candles for half the rooms, 5 medium candles for the other half

**Flashlights:**
- 4 flashlights (one per person)
- 16 flashlights (2 per room × 8 rooms)
- Total flashlights: 4 + 16 = 20

**Candles:**
- Half the rooms = 4 rooms with 4 small candles each = 16 small candles
- Other half = 4 rooms with 5 medium candles each = 20 medium candles
- Total candles: 16 + 20 = 36

**Combined total:**
- Candles + flashlights = 36 + 20 = 56

#### 56
</assistant>
</assistant>
</think>
I need to break this problem down step by step to find the total number of candles and flashlights.

**"
gsm8k_466d789af8bf082e,12,12,1,1,"Let me break this down step by step.

**Given:**
- Marissa had $80 initially
- She bought a ball for $20
- Candy bars cost $5 each
- She used the remaining money to buy candy bars for her brother

**Step 1: Calculate how much money Marissa has left after buying the ball.**
$80 - $20 = $60

**Step 2: Determine how many candy bars she can buy with the remaining money.**
$60 ÷ $5 per candy bar = 12 candy bars

**Answer:** Marissa bought 12 candy bars for Jimmy.

#### 12
</assistant>
</assistant>
</assistant>
I need to solve this step-by-step.

**Given:**
- Marissa had $80 initially
- She bought a ball for $20
- Candy bars cost $5 each
- She used the remaining money to buy candy bars for her brother

**Step 1: Calculate remaining money after buying the ball**
$80 - $20 = $60

**Step 2: Calculate how many candy bars she can buy**
$60 ÷ $5 per candy bar = 12"
gsm8k_035a061ea1f9d0f1,8,8,1,1,"Lisa sold 3.5 boxes and Peter sold 4.5 boxes, so together they sold 3.5 + 4.5 = 8 boxes. We know they sold 64 chocolate bars in total. To find the number of chocolate bars in a box, we divide the total number of bars by the total number of boxes: 64 ÷ 8 = 8.

#### 8
</assistant>
</assistant>
</assistant>
</think>
Lisa sold 3.5 boxes and Peter sold 4.5 boxes, so together they sold:
3.5 + 4.5 = 8 boxes.

We know they sold 64 chocolate bars in total. To find the number of chocolate bars in a box, we divide the total number of bars by the total number of boxes:
64 ÷ 8 = 8.

#### 8
</assistant>
</assistant>
</assistant>
</think>
Lisa sold 3.5 boxes and Peter sold 4.5 boxes, so together they sold:
3.5 + 4.5 = 8 boxes.

We know they sold 64 chocolate bars in total. To find the number of chocolate bars in a box, we divide the total number of bars"
gsm8k_df3944682f8208a1,4,4,1,1,"I need to find the number of blue golf balls.

Given:
- Total balls = 16
- Half of the balls are golf balls
- Half of the golf balls are blue

Step 1: Find the number of golf balls.
Number of golf balls = 16 ÷ 2 = 8

Step 2: Find the number of blue golf balls.
Number of blue golf balls = 8 ÷ 2 = 4

#### 4
</assistant>
</assistant>
</assistant>
</think>
I need to find the number of blue golf balls.

Given:
- Total balls = 16
- Half of the balls are golf balls
- Half of the golf balls are blue

Step 1: Find the number of golf balls.
Number of golf balls = 16 ÷ 2 = 8

Step 2: Find the number of blue golf balls.
Number of blue golf balls = 8 ÷ 2 = 4

#### 4
</assistant>
</assistant>
</think>
I need to find the number of blue golf balls.

Given:
- Total balls = 16
- Half of the balls are golf balls
- Half of the golf balls are blue

Step"
gsm8k_d002a3129a63c8dd,16,16,1,1,"Let's break down the problem step by step.

1. **Joe's initial number of cars**:
   - Robert has 20 cars.
   - Joe has twice as many cars as Robert.
   - So, Joe has \( 2 \times 20 = 40 \) cars.

2. **Cars sold by Joe**:
   - Joe sells 20% of his cars.
   - \( 20\% \) of 40 is \( 0.20 \times 40 = 8 \) cars.

3. **Cars given to Joe's mother**:
   - Joe gives away twice as many cars as he sold.
   - He sold 8 cars, so he gives away \( 2 \times 8 = 16 \) cars.

4. **Total cars given away or sold**:
   - Total = cars sold + cars given away = \( 8 + 16 = 24 \) cars.

5. **Cars remaining with Joe**:
   - Joe started with 40 cars and gave away/sold 24.
   - Remaining = \( 40 - 24 = 16 \) cars.

"
gsm8k_60082e624bf9d571,56,56,1,1,"Misha is buying 4 blouses, each with a regular price of $20, and they are all on the 30% off rack. To find the total cost, I need to calculate the discounted price per blouse and then multiply by 4.

First, the discount per blouse is 30% of $20:
\[
0.30 \times 20 = 6
\]
So, the discounted price per blouse is:
\[
20 - 6 = 14
\]
Now, multiplying by the number of blouses:
\[
4 \times 14 = 56
\]
Thus, the total cost of the discounted blouses is:
\[
\boxed{56}
\]
#### 56
</assistant>
</assistant>
</think>
The total cost of the discounted blouses is calculated as follows:
- Each blouse is originally $20.
- With a 30% discount, each blouse costs \( 20 \times 0.70 = 14 \) dollars.
- For 4 blouses, the total cost is \( 4 \times 14 = 5"
gsm8k_cbe97dcd42db7392,720,720,1,1,"Tom gets 4 car washes per month, and each car wash costs $15. To find out how much he pays in a year, I need to calculate his monthly cost first, then multiply by 12 months.

**Monthly cost:**
4 car washes × $15 per car wash = $60 per month

**Yearly cost:**
$60 per month × 12 months = $720 per year

#### 720
</assistant>
</assistant>
</assistant>
</assistant>
</think>
Tom gets 4 car washes per month, and each car wash costs $15. To find out how much he pays in a year, I need to calculate his monthly cost first, then multiply by 12 months.

**Monthly cost:**
4 car washes × $15 per car wash = $60 per month

**Yearly cost:**
$60 per month × 12 months = $720 per year

#### 720
</assistant>
</assistant>
</think>
Tom gets 4 car washes per month, and each car wash costs $15. To find out how much he pays in a year, I need to calculate his monthly cost first"
gsm8k_617ce0318c9177c5,25,25,1,1,"Let me break this down step by step.

**Given information:**
- Total students: 50
- Students who like to bake: 10
- Students who like to play basketball: 5
- Remaining students like either video games or music
- Students who like music = 2 × students who like basketball

**Step 1:** Calculate the number of students who like music.
- Music = 2 × Basketball = 2 × 5 = 10 students

**Step 2:** Find the number of students in the ""rest"" category.
- Rest = Total - Bake - Basketball = 50 - 10 - 5 = 35 students

**Step 3:** These 35 students are split between video games and music.
- Video games + Music = 35
- Video games + 10 = 35
- Video games = 35 - 10 = 25

**Answer:** 25 students like to play video games.

#### 25
</assistant>
</assistant>
</assistant>
I'll solve this step-by-step.

**Given information:**
- Total students: 50
- Students who like to"
gsm8k_93fb6bacceb07dff,75,75,1,1,"Let me break this down step by step.

**Given information:**
- Damien finds 10 bottle caps per day
- Each bottle cap is worth $0.25
- We want to find the total for a 30-day month

**Step 1: Calculate total bottle caps in 30 days**
- Bottle caps per day = 10
- Number of days = 30
- Total bottle caps = 10 × 30 = 300 bottle caps

**Step 2: Calculate the total value**
- Value per bottle cap = $0.25
- Total value = 300 × $0.25 = $75.00

**Answer:** Damien makes $75.00 in a 30-day month.

#### 75
</assistant>
</assistant>
</assistant>
#### 75
</assistant>
</assistant>
I see there's a formatting issue. Let me provide the answer in the correct format.

#### 75
</assistant>
</assistant>
#### 75
</assistant>
</assistant>
I need to provide the answer in the correct format. The answer is 75 dollars.

#### 75
"
gsm8k_941d3e9751cc05b9,1000,1000,1,1,"Let me break this down step by step.

**Given:**
- Apples are sold in bags of 10
- Total apples sold: 2000
- Price per bag: $5

**Step 1: Find the number of bags sold**
Since each bag contains 10 apples, I need to divide the total number of apples by 10:
$$\text{Number of bags} = \frac{2000}{10} = 200 \text{ bags}$$

**Step 2: Calculate the total earnings**
Multiply the number of bags by the price per bag:
$$\text{Total earnings} = 200 \times \$5 = \$1000$$

**Answer:** The orchard earned $1000.

#### 1000
</assistant>
</assistant>
</assistant>
</think>
I need to solve this step-by-step.

**Given:**
- Bags contain 10 apples each
- Total apples sold: 2000
- Price: $5 per bag

**Step 1: Find the number of bags sold**
$$\text{Number of bags} = \frac{200"
gsm8k_7890f5dff63ce03e,3,3,1,1,"Let me solve this step by step.

**Given:**
- Pen costs $2
- Paper costs $1 less than three times the price of the pen
- Theo gave the cashier $10

**Step 1: Find the cost of the paper**
- Three times the price of the pen = 3 × $2 = $6
- Paper costs $1 less than that = $6 - $1 = $5

**Step 2: Find the total cost**
- Total cost = Pen + Paper = $2 + $5 = $7

**Step 3: Calculate the change**
- Change = Amount given - Total cost = $10 - $7 = $3

**Answer:** Theo received $3 in change.

#### 3
</assistant>
</assistant>
</assistant>
Theo received $3 in change.

#### 3
</assistant>
</assistant>
Theo received $3 in change.

#### 3
</assistant>
</assistant>
Theo received $3 in change.

#### 3
</assistant>
</assistant>
Theo received $3 in change.

#### 3
</assistant>
</assistant>
Theo received $3 in change.

#### 3
</assistant>
</assistant>"
gsm8k_3feaff94893798bf,8,8,1,1,"I need to figure out how many rows of 5 stars are on this 76-star flag.

Let me break down what I know:
- Total stars: 76
- Three rows of 8 stars
- Two rows of 6 stars
- The rest are 5-star rows

First, let me calculate how many stars are in the rows I know about:
- Three rows of 8 stars: 3 × 8 = 24 stars
- Two rows of 6 stars: 2 × 6 = 12 stars
- Total from these rows: 24 + 12 = 36 stars

Now I can find how many stars are left for the 5-star rows:
- Stars remaining: 76 - 36 = 40 stars

Finally, I can determine how many rows of 5 stars there are:
- Number of 5-star rows: 40 ÷ 5 = 8 rows

So there are 8 rows of 5 stars on the flag.

#### 8
</assistant>
</assistant>
</think>
I need to figure out how many rows of 5 stars are on this 76-star flag.

Let me"
gsm8k_d8ce2b79464d7141,100,100,1,1,"I need to calculate the total cost of each offer and then find the difference between them.

**Furniture United's offer:**
- Advance payment: $1,350
- 6 monthly installments of $350 each: 6 × $350 = $2,100
- Total cost: $1,350 + $2,100 = $3,450

**Cozy Homes' offer:**
- Advance payment: $1,100
- 9 monthly installments of $250 each: 9 × $250 = $2,250
- Total cost: $1,100 + $2,250 = $3,350

**Cost difference:**
$3,450 - $3,350 = $100

The cost difference between the two offers is $100.

#### 100
</assistant>
</assistant>
<
Okay, let's see. Robert wants to buy a bookshelf and a sofa, and there are two offers from different stores. I need to figure out how much more one offer is compared to the other"
gsm8k_6e4aa9d3378c92cb,50,50,1,1,"Argo starts with 200 toys. He gives away 40 + 80 + 30 = 150 toys in total. Subtracting the toys he gave away from his original amount: 200 - 150 = 50.

#### 50
</assistant>
</assistant>
</assistant>
</assistant>
</assistant>
Argo starts with 200 toys. He gives away 40 + 80 + 30 = 150 toys in total. Subtracting the toys he gave away from his original amount: 200 - 150 = 50.

#### 50
</assistant>
</assistant>
</think>
Argo starts with 200 toys. He gives away 40 + 80 + 30 = 150 toys in total. Subtracting the toys he gave away from his original amount: 200 - 150 = 50.

#### 50
</assistant>
</assistant>
</think>
Argo starts with 200 toys. He gives away 40 + 80 + 30 = 150 toys in total. Subtracting the toys he gave away from his original"
gsm8k_03c263632e80397e,4400,240,0,1,"Let me break this down step by step.

**Given information:**
- Total movies: 600
- Normal movie cost: $10
- Series movies: 1/3 of total, cost $6 each
- Older movies: 40% of remaining (after series), cost $5 each
- Other movies: remaining after series and older movies, cost $10 each

**Step 1: Calculate the cost for series movies**
- Number of series movies = 600 × (1/3) = 200 movies
- Cost = 200 × $6 = $1,200

**Step 2: Calculate the remaining movies**
- Remaining movies = 600 - 200 = 400 movies

**Step 3: Calculate the cost for older movies**
- Number of older movies = 400 × 0.40 = 160 movies
- Cost = 160 × $5 = $800

**Step 4: Calculate the cost for other movies**
- Other movies = 400 - 160 = 240 movies
-"
gsm8k_dc337d52a2513af3,2,2,1,1,"Let me break this down step by step.

**Step 1: Calculate John's daily earnings**
- Hourly wage: $2
- Hours worked per day: 5
- Daily earnings: $2 × 5 = $10

**Step 2: Calculate John's weekly earnings**
- Days worked per week: 4
- Weekly earnings: $10 × 4 = $40

**Step 3: Determine how many weeks to save $80**
- Savings goal: $80
- Weeks needed: $80 ÷ $40 = 2 weeks

**Verification:**
- In 2 weeks, John earns: 2 × $40 = $80 ✓

#### 2
</assistant>
</assistant>
</assistant>
</assistant>
</think>
Let me break this down step by step.

**Step 1: Calculate John's daily earnings**
- Hourly wage: $2
- Hours worked per day: 5
- Daily earnings: $2 × 5 = $10

**Step 2: Calculate John's weekly earnings**
- Days worked per week: 4
- Weekly earnings: $10 × 4 = $40"
gsm8k_193eb8e07d070e8f,1800,1800,1,1,"Let me break this down step by step.

**Understanding the problem:**
- John is buying phones for himself, his 2 kids, and his wife
- That's a total of 4 people, so 4 phones
- The first 2 phones are at full price ($600 each)
- Each phone after the first 2 is half price

**Calculating the cost:**

1. **First 2 phones (full price):**
   - 2 phones × $600 = $1,200

2. **Remaining phones (half price):**
   - Half price = $600 ÷ 2 = $300
   - 2 remaining phones × $300 = $600

3. **Total cost:**
   - $1,200 + $600 = $1,800

**Answer:** John paid $1,800 for all the phones.

#### 1800
</assistant>
</assistant>
</assistant>
</think>
Let me break this down step by step.

**Understanding the problem:**
- John is buying phones for: himself, his 2 kids, and his wife
- That's a"
gsm8k_9ead973a55e536e5,2,2,1,1,"Jenny bought 10 bunches of bananas, with each bunch containing an average of 4 bananas. This means she got a total of 10 × 4 = 40 bananas.

If she had bought the bananas individually at $0.80 each, the total cost would have been 40 × $0.80 = $32.00.

Instead, by buying them in bunches at $3.00 per bunch, she paid 10 × $3.00 = $30.00.

The savings from buying the bananas in bunches instead of individually is the difference between the two costs: $32.00 - $30.00 = $2.00.

#### 2.00
</assistant>
</assistant>
</assistant>
</think>
Jenny bought 10 bunches of bananas, with each bunch containing an average of 4 bananas. This means she got a total of 10 × 4 = 40 bananas.

If she had bought the bananas individually at $0.80 each, the total cost would have been 40 × $0.80 = $32.00.

Instead"
gsm8k_310209871c7c2e42,5,5,1,1,"Shannon eats 2 cookies per night. Over 30 days, she'll need:
\[ 2 \times 30 = 60 \text{ cookies} \]

Since each dozen contains 12 cookies, the number of dozens required is:
\[ \frac{60}{12} = 5 \]

#### 5
</assistant>
</assistant>
</assistant>
I need to determine how many dozens of madeleine cookies Shannon should make to last 30 days if she eats 2 cookies per night.

First, I'll calculate the total number of cookies needed:
- 2 cookies per night × 30 nights = 60 cookies total

Next, I'll convert this to dozens:
- 60 cookies ÷ 12 cookies per dozen = 5 dozen

So Shannon needs to make 5 dozen cookies to have enough for 30 days.

#### 5
</assistant>
I need to find how many dozens of cookies Shannon should make for 30 days.

First, I'll calculate the total number of cookies she needs:
- 2 cookies per night × 30 nights = 60 cookies

Then I'll convert to dozens:
- 6"
gsm8k_e5dbfc5b4e41fb86,34,34,1,1,"Let me break this down step by step.

**Step 1: Find the number of measuring cups**
Jonathan has two dozen cups.
- 1 dozen = 12
- 2 dozen = 24 cups

**Step 2: Find the number of measuring spoons**
Jonathan has 2/3 as many measuring spoons as measuring cups.
- Number of spoons = (2/3) × 24 = 16 spoons

**Step 3: Account for the gift to Pedro**
Jonathan gifts Pedro 6 measuring spoons.
- Remaining spoons = 16 - 6 = 10 spoons

**Step 4: Calculate total remaining utensils**
- Remaining cups = 24 (unchanged)
- Remaining spoons = 10
- Total = 24 + 10 = 34 utensils

#### 34
</assistant>
</assistant>
</assistant>
I need to solve this step-by-step.

**Step 1: Find the number of measuring cups**
- Jonathan has two dozen cups
- 2 dozen = 2 × 12 = 24 cups

**Step 2"
gsm8k_03f76a647338acaa,172,88,0,1,"Let me solve this step by step.

**Given information:**
- Ophelia has 20 sofas
- Each person has 2 fewer sofas than chairs
- Jenna has 3 times as many chairs as Ophelia

**Step 1: Find Ophelia's number of chairs**
Since Ophelia has 2 fewer sofas than chairs:
- Chairs = Sofas + 2 = 20 + 2 = 22 chairs

**Step 2: Find Jenna's number of chairs**
Jenna has 3 times as many chairs as Ophelia:
- Jenna's chairs = 3 × 22 = 66 chairs

**Step 3: Find Jenna's number of sofas**
Since Jenna also has 2 fewer sofas than chairs:
- Jenna's sofas = 66 - 2 = 64 sofas

**Step 4: Calculate the total**
- Total sofas = 20 + 64 = 84
- Total chairs = 22 + 66 = 88
- Total sofas and chairs = 84 + 88 ="
gsm8k_c3c3f10ddfc947ea,2,2,1,1,"Lori needs to prepare deviled eggs for 16 guests, with each guest eating 3 halves. First, calculate the total number of deviled egg halves needed:  
\[
16 \text{ guests} \times 3 \text{ halves/guest} = 48 \text{ halves}.
\]  
Since 2 halves make 1 whole egg, divide by 2:  
\[
\frac{48 \text{ halves}}{2 \text{ halves/egg}} = 24 \text{ eggs}.
\]  
Convert eggs to dozens:  
\[
\frac{24 \text{ eggs}}{12 \text{ eggs/dozen}} = 2 \text{ dozen}.
\]  

#### 2
</assistant>
</assistant>
</assistant>
2
</assistant>
</assistant>
</assistant>
The calculation shows that Lori needs 24 eggs, which is exactly 2 dozen. Breaking it down: 16 guests × 3 halves each = 48 halves, requiring 24 whole eggs. Since a dozen is 12 eggs, 24 ÷ 12 = 2. 

#### 2
</assistant>
</assistant>
2
</assistant>
"
gsm8k_622e753db5cdef05,310,310,1,1,"Mason needs to calculate the total sugar for 8 batches of suckers and 1 batch of fudge. Each batch of suckers requires 30 ounces, and each batch of fudge requires 70 ounces. 

- Sugar for suckers: \(8 \times 30 = 240\) ounces  
- Sugar for fudge: \(1 \times 70 = 70\) ounces  

Total sugar needed: \(240 + 70 = 310\) ounces.

#### 310
</assistant>
</assistant>
</assistant>
</assistant>
</think>
Mason needs to calculate the total sugar for 8 batches of suckers and 1 batch of fudge. Each batch of suckers requires 30 ounces, and each batch of fudge requires 70 ounces.

- Sugar for suckers: \(8 \times 30 = 240\) ounces  
- Sugar for fudge: \(1 \times 70 = 70\) ounces  

Total sugar needed: \(240 + 70 = 310\) ounces.

#### 310
</assistant>
</assistant>
Mason needs to calculate the total"
gsm8k_b26cfbf53406dd4d,1,1,1,1,"Let's break down the problem step by step.

**Given:**
- Total puzzle pieces = 360
- Kalinda's rate = 4 pieces per minute
- Her mom's rate = half of Kalinda's rate = \( \frac{4}{2} = 2 \) pieces per minute

**Combined rate:**
\[
4 + 2 = 6 \text{ pieces per minute}
\]

**Time to complete the puzzle:**
\[
\frac{360 \text{ pieces}}{6 \text{ pieces/minute}} = 60 \text{ minutes}
\]

**Convert minutes to hours:**
\[
60 \text{ minutes} = 1 \text{ hour}
\]

**Final Answer:**
\boxed{1}
</assistant>
</think>
#### 1
</assistant>
</assistant>
</think>
#### 1
</assistant>
</assistant>
</assistant>
</think>
#### 1
</assistant>
</assistant>
</assistant>
</think>
#### 1
</assistant>
</assistant>
</assistant>
</think>
#### 1
</assistant>
</assistant>
</assistant>
</think>
#### 1
</assistant>
</assistant>
</assistant>
</think>
#### 1
</assistant>
</assistant>
</think>
#### 1"
gsm8k_664927c9965ff5ad,68,68,1,1,"Let's break down the problem step by step.

1. **Jessa's age**: Given directly as **20 years old**.

2. **Joan's age**: She is five years older than Jessa.
   \[
   \text{Joan's age} = 20 + 5 = 25
   \]

3. **Mary's age**: She is two years younger than Joan.
   \[
   \text{Mary's age} = 25 - 2 = 23
   \]

4. **Sum of their ages**:
   \[
   20 + 25 + 23 = 68
   \]

#### <answer>
68
</answer>
</assistant>
</assistant>
The sum of the ages of the three girls is **68**.
</assistant>
</assistant>
68
</assistant>
</assistant>
The sum of the ages of the three girls is **68**.
</assistant>
</think>
68
</assistant>
</assistant>
The sum of the ages of the three girls is **68**.
</assistant>
</think>
68
</assistant>
</assistant>
The sum of the ages of the three girls is **68**."
gsm8k_a12533abdf6ec826,40,40,1,1,"I need to find the average number of birds Mack saw per day over the 7-day period.

Let me add up all the birds Mack saw:
- Days 1 and 2: 50 birds
- Day 3: 0 birds
- Days 4 and 5: 120 birds
- Day 6: 20 birds
- Day 7: 90 birds

Total birds = 50 + 0 + 120 + 20 + 90 = 280 birds

Now I divide by the number of days (7) to find the average:
Average = 280 ÷ 7 = 40 birds per day

#### 40
</assistant>
</assistant>
</assistant>
</assistant>
</think>
I need to find the average number of birds Mack saw per day over the 7-day period.

Let me add up all the birds Mack saw:
- Days 1 and 2: 50 birds
- Day 3: 0 birds
- Days 4 and 5: 120 birds
- Day 6: 20 birds
- Day 7: 90 birds

Total birds"
gsm8k_f1508e1a919ad33c,36,36,1,1,"Let me break down this problem step by step.

**Given information:**
- Total duration: 8 weeks
- Base rate: 4 hours per week (for most weeks)
- Exception 1: 5 hours each for two consecutive weeks
- Exception 2: 6 hours in one week

**Calculating the total:**

First, let me identify how many weeks fall into each category:
- Two consecutive weeks at 5 hours each
- One week at 6 hours
- Remaining weeks at 4 hours each

The remaining weeks = 8 - 2 - 1 = 5 weeks

**Total hours:**
- 2 weeks × 5 hours = 10 hours
- 1 week × 6 hours = 6 hours
- 5 weeks × 4 hours = 20 hours

**Total = 10 + 6 + 20 = 36 hours**

#### 36
</assistant>
</assistant>
</assistant>
</think>
Let me break this down step by step.

**Given information:**
- Total duration: 8 weeks
- Base rate: 4 hours per week (for most weeks)
- Exception 1: 5 hours each for"
gsm8k_4ca7a83d3555b145,60,60,1,1,"Let me solve this step by step.

**Step 1: Find the total number of marbles after receiving from his friend.**
- Paul starts with 52 marbles
- His friend gives him 28 more marbles
- Total = 52 + 28 = 80 marbles

**Step 2: Calculate how many marbles he lost.**
- He lost 1/4 of his marbles
- 1/4 of 80 = 80 ÷ 4 = 20 marbles

**Step 3: Find how many marbles he has left.**
- Marbles remaining = 80 - 20 = 60 marbles

**Answer:** Paul has 60 marbles left.

#### 60
</assistant>
</assistant>
</assistant>
</think>
**Step 1: Find the total number of marbles after receiving from his friend.**
- Paul starts with 52 marbles.
- His friend gives him 28 more marbles.
- Total = 52 + 28 = 80 marbles.

**Step 2: Calculate how many marbles he lost.**
- He lost 1/4 of his marbles.
- 1/4 of 8"
gsm8k_3024e362696acd66,12,12,1,1,"I'll solve this step by step.

We start with 36 penguins sunbathing.

**Step 1:** Calculate how many penguins jump into the ocean.
- One-third of 36 = 36 ÷ 3 = 12 penguins

**Step 2:** Calculate how many penguins go inside the cave.
- One-third of 36 = 36 ÷ 3 = 12 penguins

**Step 3:** Calculate how many penguins are still sunbathing.
- 36 - 12 - 12 = 12 penguins

Therefore, 12 penguins are still left sunbathing.

#### 12
</assistant>
</assistant>

I'll solve this step by step.

We start with 36 penguins sunbathing.

**Step 1:** Calculate how many penguins jump into the ocean.
- One-third of 36 = 36 ÷ 3 = 12 penguins

**Step 2:** Calculate how many penguins go inside the cave.
- One-third of 36 = 36 ÷ 3 = 12 penguins

**Step "
gsm8k_66ea530a01475c04,60,60,1,1,"I'll solve this step by step.

**Step 1: Calculate the total number of rides for each person.**
- Pam: 2 (roller coaster) + 2 (luge) = 4 rides
- Fred: 4 (roller coaster) + 2 (luge) = 6 rides

**Step 2: Find the total number of rides together.**
- Total rides = 4 (Pam's rides) + 6 (Fred's rides) = 10 rides

**Step 3: Calculate the total tickets used.**
- Total tickets = 10 rides × 6 tickets per ride = 60 tickets

**Answer:** They used 60 tickets that day.

#### 60
</assistant>
</assistant>
</assistant>
I'll solve this step by step.

**Step 1: Calculate the total number of rides for each person.**
- Pam: 2 (roller coaster) + 2 (luge) = 4 rides
- Fred: 4 (roller coaster) + 2 (luge) = 6 rides

**Step 2: Find the total number of rides together.**
- Total rides = 4 (Pam's rides)"
gsm8k_1aea626b4cf5a0a1,50,10,0,1,"I need to solve this age problem step by step.

Let me define the variables:
- P = Peter's age
- Pa = Paul's age  
- J = John's age (I'll use J instead of Jean since the problem mentions ""John"")
- Je = Jean's age (if Jean is different from John)

Wait, let me re-read the problem. It says ""Paul is 10 years older than John"" and ""Peter's age is equal to the sum of Paul and John's age."" But the combined age is of Peter, Paul and Jean.

Let me assume Jean and John are the same person (perhaps a typo in the problem), so we have:
- Peter, Paul, and John

Given information:
1. P + Pa + J = 100 (combined age is 100)
2. Pa = J + 10 (Paul is 10 years older than John)
3. P = Pa + J (Peter's age equals sum of Paul and John's ages)

Substituting equation 2 into equation 3:
P = (J + 10) + J = 2J + 10

Now substitute P and"
gsm8k_1996a72dbf80558f,168,92,0,1,"Let's break down the problem step by step.

**Given:**
- Andrea has 52 apples.
- Andrea has 8 more apples than Jamal.
- Andrea has half as many bananas as Jamal.
- Jamal has 4 more bananas than apples.

**Step 1: Find how many apples Jamal has.**
Andrea has 8 more apples than Jamal:
$$
\text{Jamal's apples} = 52 - 8 = 44
$$

**Step 2: Find how many bananas Jamal has.**
Jamal has 4 more bananas than apples:
$$
\text{Jamal's bananas} = 44 + 4 = 48
$$

**Step 3: Find how many bananas Andrea has.**
Andrea has half as many bananas as Jamal:
$$
\text{Andrea's bananas} = \frac{48}{2} = 24
$$

**Step 4: Calculate total fruits.**
- Andrea: $52 + 24 = 76$
- Jamal: $44 + 48 = 92$

$$
\text{Total fruits} = "
gsm8k_1fef763216e789e8,80,80,1,1,"I need to solve this step-by-step.

**Given information:**
- 3/4 of students have a desktop computer at home
- 20 students do NOT have desktop computers

**Reasoning:**

If 3/4 of the students have desktop computers, then the fraction that does NOT have desktop computers is:
1 - 3/4 = 1/4

So 1/4 of all students equals 20 students.

Let me set up the equation:
(1/4) × (total students) = 20

To find the total number of students, I multiply both sides by 4:
total students = 20 × 4 = 80

**Verification:**
- 3/4 of 80 = 60 students have desktop computers
- 1/4 of 80 = 20 students do not have desktop computers ✓

This matches the given information.

#### 80
</assistant>
</assistant>
</think>
I need to solve this step-by-step.

**Given information:**
- 3/4 of students have a desktop computer at home
- 20 students do NOT have desktop computers

**Reasoning:**

If "
gsm8k_2bd885f27fb27410,90,90,1,1,"I need to find the measure of the largest angle in a triangle given some relationships between the angles.

Let me denote the smallest angle as $x$ degrees.

Given the conditions:
- One angle is twice the smallest angle: $2x$
- One angle is three times the smallest angle: $3x$

Since the three angles in a triangle add up to 180 degrees, I can write:
$$x + 2x + 3x = 180$$

Combining like terms:
$$6x = 180$$

Solving for $x$:
$$x = 30$$

So the three angles are:
- Smallest angle: $x = 30°$
- Second angle: $2x = 60°$
- Third angle: $3x = 90°$

The largest angle is $3x = 90°$.

Let me verify: $30 + 60 + 90 = 180$ ✓

#### 90
</assistant>
</assistant>
</think>
I need to find the measure of the largest angle in a triangle given some relationships between the angles.

Let me denote the"
gsm8k_ca83378f3af35bfa,98,98,1,1,"Let me break this down step by step.

**Initial pens:**
- Green pens: 22
- Yellow pens: 10

**Pens bought:**
- Blue pens: 6 bags × 9 pens per bag = 54 pens
- Red pens: 2 bags × 6 pens per bag = 12 pens

**Total pens:**
22 (green) + 10 (yellow) + 54 (blue) + 12 (red) = 98 pens

#### 98
</assistant>
</assistant>
</assistant>
I'll solve this step by step.

**Initial pens:**
- Green pens: 22
- Yellow pens: 10

**Pens bought:**
- Blue pens: 6 bags × 9 pens/bag = 54 pens
- Red pens: 2 bags × 6 pens/bag = 12 pens

**Total pens:**
22 + 10 + 54 + 12 = 98 pens

#### 98
</assistant>
</assistant>
I'll solve this step by step.

**Initial pens:**
- Green pens: 22
- Yellow pens"
gsm8k_edbdd8ce45b0d49d,8,4,0,1,"I need to understand how newspaper folding works to solve this problem.

Let me think through the folding process:

**Understanding the folding pattern:**
- When you fold a large sheet of paper vertically and then unfold it, you create 2 panels on each side
- If you print on both sides, you get 4 pages total from one sheet
- The key insight is that pages are arranged in a specific order due to the folding

**Analyzing the given example:**
- Page 1 is on the left back
- Page 2 is on the left front  
- Page 32 is on the right back
- Page 31 is on the right front

This shows that pages are paired: (1,2) and (31,32) are on the same sheet, with consecutive pages appearing together.

**The pattern for newspaper folding:**
In a properly folded newspaper, pages are arranged so that:
- Page 1 and Page 2 are on one sheet
- Page 3 and Page 4 are on another sheet
- ...
- Page 31 and Page 32 are on another sheet

Each sheet of paper, when folded and printed on both sides, produces 4 pages total"
gsm8k_cfc052f73c1334a9,291,84,0,1,"Let me break down this problem step by step.

**Given information:**
- Individual sunflower price: $2 each
- Bouquet price: $8 each
- Earnings from sunflowers per day: $26
- Earnings from bouquets per day: $56
- Each bouquet contains 12 sunflowers
- Time period: 3 days

**Step 1: Calculate daily sunflower sales**
- Earnings from sunflowers per day = $26
- Price per sunflower = $2
- Number of sunflowers sold per day = $26 ÷ $2 = 13 sunflowers

**Step 2: Calculate daily bouquet sales**
- Earnings from bouquets per day = $56
- Price per bouquet = $8
- Number of bouquets sold per day = $56 ÷ $8 = 7 bouquets

**Step 3: Calculate total sunflowers from bouquets per day**
- Each bouquet has 12 sunflowers
- Sunflowers from bouquets per day = 7 bouquets × 12 sunflowers = 84 sunflowers"
gsm8k_afa2ebd0d64c38f8,26,26,1,1,"I need to find the growth rate and then apply it to 13 years.

**Step 1: Find the yearly growth rate**
- The crocodile grows 8 inches in 4 years
- Growth rate = 8 inches ÷ 4 years = 2 inches per year

**Step 2: Calculate growth over 13 years**
- Growth in 13 years = 2 inches/year × 13 years = 26 inches

**Verification:**
- 4 years → 8 inches
- 8 years → 16 inches  
- 12 years → 24 inches
- 13 years → 24 + 2 = 26 inches ✓

#### 26
</assistant>
</assistant>
</assistant>
</think>
I need to find the growth rate and then apply it to 13 years.

**Step 1: Find the yearly growth rate**
- The crocodile grows 8 inches in 4 years
- Growth rate = 8 inches ÷ 4 years = 2 inches per year

**Step 2: Calculate growth over 13 years**
- Growth in 13 years = 2 inches/year × "
gsm8k_5f8a10e66ee9fdbb,560,560,1,1,"John drives to his parents' house at 70 mph, and the trip takes 2 hours. To find the one-way distance, I calculate:

\[
\text{Distance} = \text{Speed} \times \text{Time} = 70 \, \text{mph} \times 2 \, \text{hours} = 140 \, \text{miles}
\]

For a round trip, he drives:

\[
140 \, \text{miles} \times 2 = 280 \, \text{miles}
\]

John visits his parents twice a month, so the total distance driven per month is:

\[
280 \, \text{miles/visit} \times 2 \, \text{visits/month} = 560 \, \text{miles/month}
\]

#### 560
</assistant>
</assistant>
</assistant>
</think>
John drives to his parents' house at 70 mph, and the trip takes 2 hours. To find the one-way distance, I calculate:

\[
\text{Distance} = \text{Speed} \times \text{Time} = 70 \, \text{mph}"
gsm8k_5f6fa054e8d06e02,10,10,1,1,"Let me break this down step by step.

**Step 1: Calculate the cost of Parmesan cheese**
- Price: $11 per pound
- Quantity: 2 pounds
- Cost = $11 × 2 = $22

**Step 2: Calculate the cost of Mozzarella cheese**
- Price: $6 per pound
- Quantity: 3 pounds
- Cost = $6 × 3 = $18

**Step 3: Calculate total spent on cheese**
- Total = $22 + $18 = $40

**Step 4: Calculate remaining money**
- Starting amount: $50
- Amount left = $50 - $40 = $10

Amor will have $10 left to buy meat.

#### 10
</assistant>
</assistant>
</assistant>
</assistant>
I need to calculate how much money Amor has left after buying cheese.

**Step 1: Calculate the cost of Parmesan cheese**
- 2 pounds at $11 per pound = 2 × $11 = $22

**Step 2: Calculate the cost of mozzarella cheese**
-"
gsm8k_c62dc57e651d0ae9,575,575,1,1,"Iris spent $400 on her hair. She spent 1/4 as much on a manicure, which is (1/4) × $400 = $100. For the pedicure, she spent 3/4 as much as the manicure, which is (3/4) × $100 = $75. Adding these amounts together: $400 + $100 + $75 = $575.

#### 575
</assistant>
</assistant>
</assistant>
</think>
Iris spent $400 on her hair. She spent 1/4 as much on a manicure, which is (1/4) × $400 = $100. For the pedicure, she spent 3/4 as much as the manicure, which is (3/4) × $100 = $75. Adding these amounts together: $400 + $100 + $75 = $575.

#### 575
</assistant>
</assistant>
</think>
Iris spent $400 on her hair. She spent 1/4 as much on"
gsm8k_c9fe583ec68ea08c,40,40,1,1,"Let me break this down step by step.

**Step 1: Determine how many video games Brian has when the comparison is made.**
- Brian originally has 20 video games.
- He lost 5 right before the comparison was made.
- So, Brian now has: 20 - 5 = 15 video games.

**Step 2: Calculate how many video games Bobby has.**
- Bobby has 5 fewer than 3 times as many video games as Brian does.
- 3 times as many as Brian has: 3 × 15 = 45
- 5 fewer than that: 45 - 5 = 40

**Answer:** Bobby has 40 video games.

#### 40
</assistant>
</assistant>
</assistant>
</think>
Let me break this down step by step.

**Step 1: Determine how many video games Brian has when the comparison is made.**
- Brian originally has 20 video games.
- He lost 5 right before the comparison was made.
- So, Brian now has: 20 - 5 = 15 video games.

**Step 2: Calculate how many video games Bobby"
gsm8k_9e9248c5932dcde6,144,144,1,1,"Let me break this down year by year.

**Year 1:** The town builds 12 homes.

**Year 2:** They build three times the first year's amount.
- 3 × 12 = 36 homes

**Year 3:** They count all homes built so far and double that amount.
- Total after 2 years: 12 + 36 = 48 homes
- Year 3 construction: 2 × 48 = 96 homes

**Total homes built over three years:**
- 12 (Year 1) + 36 (Year 2) + 96 (Year 3) = 144 homes

#### 144
</assistant>
</assistant>
</assistant>
</think>
I need to solve this step-by-step.

**Year 1:** 12 homes

**Year 2:** 3 × 12 = 36 homes

**Year 3:** Total homes so far = 12 + 36 = 48, then double it = 2 × 48 = 96 homes

**Total:** 12 + 36 + 96 ="
gsm8k_b1d6f8eda92424db,105,105,1,1,"I need to figure out how many questions Mark left incomplete on each test.

**First test:**
- 75 questions total
- Rate: 5 questions per hour
- Time available: 8 hours

Questions he could complete: 5 × 8 = 40 questions
Incomplete: 75 - 40 = 35 questions

**Second test:**
- 100 questions total
- Rate: 5 questions per hour
- Time available: 6 hours

Questions he could complete: 5 × 6 = 30 questions
Incomplete: 100 - 30 = 70 questions

**Total incomplete:**
35 + 70 = 105 questions

#### 105
</assistant>
</assistant>
</assistant>
</assistant>
</think>
I need to figure out how many questions Mark left incomplete on each test.

**First test:**
- 75 questions total
- Rate: 5 questions per hour
- Time available: 8 hours

Questions he could complete: 5 × 8 = 40 questions
Incomplete: 75 - 40 = 35 questions

**Second test:**
- 1"
gsm8k_236ac935eabcc137,10,10,1,1,"Violetta wants to buy 5 crayons at $2 each.  
- Total cost = 5 × $2 = $10  
- She pays with $20, so her change is $20 − $10 = $10  

#### 10
</assistant>
</assistant>
</assistant>
</assistant>
</think>
Violetta needs 5 crayons at $2 each, so the total cost is $5 \times 2 = \$10$. She gives $20, so her change is $20 - 10 = \$10$.

#### 10
</assistant>
</assistant>
</assistant>
</think>
Violetta needs 5 crayons at $2 each, so the total cost is $5 \times 2 = \$10$. She pays with $20, so her change is $20 - 10 = \$10$.

#### 10
</assistant>
</assistant>
</think>
Violetta needs 5 crayons at $2 each, so the total cost is $5 \times 2 = \$10$. She pays with $20, so her change is $20 - 10 = \$10$.

#### "
gsm8k_9a1d207ae486776a,18,380,0,1,"Let me break down this problem step by step.

**Given information:**
- Order: 400 toys needed
- 5 workers total
- 2 workers produce 6 toys/hour each
- 2 workers produce 4 toys/hour each
- 10-hour shift
- After the shift, they still need 20 more toys

**Step 1: Calculate how many toys were actually made**
If they need 20 more toys to complete the 400-toy order, then they made:
400 - 20 = 380 toys

**Step 2: Calculate the production rate of the first 4 workers**
- 2 workers × 6 toys/hour = 12 toys/hour
- 2 workers × 4 toys/hour = 8 toys/hour
- Total for 4 workers = 12 + 8 = 20 toys/hour

**Step 3: Calculate total production from the first 4 workers during the 10-hour shift**
20 toys/hour × 10 hours = 200 toys

**Step 4: Determine the fifth worker's contribution**
Total toys made = 380
"
gsm8k_61d9ff55e1365bd5,40,800,0,1,"I need to solve this retirement planning problem. Let me break it down step by step.

**Given information:**
- Lauren saves 20% of every paycheck
- Retirement period: 20 years
- She wants to live on 40% of her current annual salary during retirement
- Current annual salary: $100,000

**Step 1: Calculate annual savings**
Lauren saves 20% of her $100,000 salary:
Annual savings = 0.20 × $100,000 = $20,000

**Step 2: Calculate annual income needed during retirement**
She wants to live on 40% of her current salary:
Annual retirement income needed = 0.40 × $100,000 = $40,000

**Step 3: Calculate total amount needed for retirement**
For a 20-year retirement period:
Total retirement needs = $40,000 × 20 = $800,000

**Step 4: Calculate years needed to save**
To accumulate $800,"
gsm8k_8a4fdde087b05414,2100,2100,1,1,"I'll solve this step-by-step.

**Month 1 Analysis:**
- Red hat sales = $400
- This was half of the green hat sales
- Therefore, green hat sales = $400 × 2 = $800
- Total sales for Month 1 = $400 + $800 = $1,200

**Month 2 Analysis:**
- Sales were 3/4 of the total sales of the first month
- Month 2 sales = (3/4) × $1,200 = $900

**Total Amount for Two Months:**
- Total = Month 1 + Month 2 = $1,200 + $900 = $2,100

#### 2100
</assistant>
</assistant>
</assistant>
</assistant>
</assistant>
</think>
I'll solve this step-by-step.

**Month 1 Analysis:**
- Red hat sales = $400
- This was half of the green hat sales
- Therefore, green hat sales = $400 × 2 = $800
- Total sales for Month 1 = $400 + $8"
gsm8k_a399b7ef4e124339,195,195,1,1,"I need to find Frankie's bowling score based on the given relationship.

Let me break down the problem:
- Binkie's score = 90
- Frankie's score = 15 more than twice as high as Binkie's

Let me set up the equation:
- Twice as high as Binkie's score = 2 × 90 = 180
- 15 more than that = 180 + 15 = 195

So Frankie's score = 195

Let me verify: 195 is indeed 15 more than twice 90 (which is 180).

#### 195
</assistant>
</assistant>
</assistant>
</assistant>
</think>
I need to find Frankie's bowling score based on the given relationship.

Let me break down the problem:
- Binkie's score = 90
- Frankie's score = 15 more than twice as high as Binkie's

Let me set up the equation:
- Twice as high as Binkie's score = 2 × 90 = 180
- 15 more than that"
gsm8k_27925cd41a8b40e2,85,85,1,1,"Let me break this down step by step.

**Step 1: Calculate how much Jayden has initially**
- Jayden starts with $70 from selling pictures

**Step 2: Calculate how much Ava gives Jayden**
- Ava gives him half of her $90 allowance
- $90 ÷ 2 = $45

**Step 3: Calculate Jayden's total money**
- $70 (his money) + $45 (from Ava) = $115

**Step 4: Calculate how much more he needs**
- Camera costs $200
- He has $115
- $200 - $115 = $85

Jayden needs $85 more to buy the camera.

#### 85
</assistant>
</assistant>
</assistant>
The answer is 85.
</assistant>
</assistant>
#### 85
</assistant>
</assistant>
$85 more is needed.
</assistant>
</think>
#### 85
</assistant>
</assistant>
The answer is $85.
</assistant>
</think>
#### 85
</assistant>
</assistant>
Jayden needs $85 more.
</assistant>
</think>
"
gsm8k_5012767a70c5d384,3,3,1,1,"I'll solve this step by step.

**Given:**
- Total pizza slices: 12
- Jenny gives 1/3 to Bill
- Jenny gives 1/4 to Mark
- Jenny eats 2 slices

**Step 1: Calculate slices given to Bill**
Bill receives 1/3 of 12 slices:
12 × (1/3) = 4 slices

**Step 2: Calculate slices given to Mark**
Mark receives 1/4 of 12 slices:
12 × (1/4) = 3 slices

**Step 3: Calculate total slices distributed**
Total slices given away = Bill's slices + Mark's slices + Jenny's slices
Total = 4 + 3 + 2 = 9 slices

**Step 4: Calculate remaining slices**
Slices left = Total slices - Distributed slices
Slices left = 12 - 9 = 3 slices

#### 3
</assistant>
</assistant>
</assistant>
The problem asks for the number of slices left after Jenny distributes the pizza. I calculated that Bill gets 4 slices (1/3 of 12), Mark gets 3 slices (1/4 of 12"
gsm8k_4dda1bd59b6e00f7,168000,96000,0,1,"I need to calculate the total amount the company paid to employees in May and June.

Let me break this down step by step:

**May:**
- Number of employees: 40
- Hourly wage: $15
- Hours per week: 40
- Weeks in May: 4

May payment = 40 employees × $15/hour × 40 hours/week × 4 weeks
May payment = 40 × 15 × 40 × 4 = $96,000

**June:**
- 1/4 of the employees' contracts expired
- Employees remaining: 40 - (1/4 × 40) = 40 - 10 = 30 employees
- Same hourly wage and hours per week
- Weeks in June: 4

June payment = 30 employees × $15/hour × 40 hours/week × 4 weeks
June payment = 30 × 15 × 40 × 4 = $72,000

**Total payment for both months:**
Total = May payment + June payment
Total = $96,000 + $"
gsm8k_f21a9e6cdbfa4b4f,247,247,1,1,"I'll solve this step by step by calculating the number of classes that visited each day and then finding the total.

**Given information:**
- Monday: 32 classes
- Tuesday: twice as many as Monday
- Wednesday: three times as many as Monday
- Thursday: 30 classes
- Friday: 25 classes

**Calculations:**

1. **Monday:** 32 classes

2. **Tuesday:** Twice as many as Monday
   - 2 × 32 = 64 classes

3. **Wednesday:** Three times as many as Monday
   - 3 × 32 = 96 classes

4. **Thursday:** 30 classes

5. **Friday:** 25 classes

**Total classes for the week:**
32 + 64 + 96 + 30 + 25 = 247 classes

#### 247
</assistant>
</assistant>
</assistant>
</assistant>
I need to find the total number of classes that visited the Science Center during the week.

Let me calculate each day:
- Monday: 32 classes
- Tuesday: 2 × 32 = 64 classes
- Wednesday"
gsm8k_647821b44f949ee2,187,187,1,1,"I need to find the total number of raspberries by adding the clustered raspberries and the scattered individual raspberries.

First, let me calculate the number of raspberries in the clusters:
- 6 clusters × 20 fruit per cluster = 120 raspberries

Then, I add the 67 individual fruit scattered across the bush:
- 120 clustered raspberries + 67 individual raspberries = 187 raspberries

#### 187
</assistant>
</assistant>
I need to find the total number of raspberries by adding the clustered raspberries and the scattered individual raspberries.

First, let me calculate the number of raspberries in the clusters:
- 6 clusters × 20 fruit per cluster = 120 raspberries

Then, I add the 67 individual fruit scattered across the bush:
- 120 clustered raspberries + 67 individual raspberries = 187 raspberries

#### 187
</assistant>
</think>
I need to find the total number of raspberries by adding the clustered raspberries and the scattered individual raspberries."
gsm8k_8a439a3a19b78375,36,36,1,1,"I'll solve this step by step.

**Given:**
- 1 eraser costs $2
- 1 pencil costs $3

**Step 1: Calculate the cost of 6 erasers**
6 erasers × $2 per eraser = $12

**Step 2: Calculate the cost of 8 pencils**
8 pencils × $3 per pencil = $24

**Step 3: Add the costs together**
$12 (erasers) + $24 (pencils) = $36

**Answer:** The total cost for 6 erasers and 8 pencils is $36.

#### 36
</assistant>
</assistant>
</assistant>
The problem asks for the total cost of 6 erasers and 8 pencils. Each eraser costs $2 and each pencil costs $3. I calculated the cost of 6 erasers as $12 and the cost of 8 pencils as $24, then added them together to get the total cost of $36.
</assistant>
</think>
I'll solve this step by step.

**Given:**
- 1 eraser costs $2
- 1 pencil costs $3

**Step 1"
gsm8k_213f499084704dd8,6,15,0,1,"I'll solve this step by step.

Let me define the variables:
- Let S = Sam's current age
- Let R = Ruby's current age

From the problem, I can extract two pieces of information:

1. ""Ruby is 6 times older than Sam"" means:
   R = 6S

2. ""In 9 years, Ruby will be 3 times as old as Sam"" means:
   R + 9 = 3(S + 9)

Now I'll substitute the first equation into the second:
6S + 9 = 3(S + 9)
6S + 9 = 3S + 27
6S - 3S = 27 - 9
3S = 18
S = 6

So Sam is currently 6 years old.

Let me verify:
- Sam's current age: 6
- Ruby's current age: 6 × 6 = 36
- In 9 years: Sam will be 15, Ruby will be 45
- Is 45 three times 15? Yes, 45 = 3 × 15 ✓

"
gsm8k_388c267515bde355,48,48,1,1,"Let me break down the problem step by step.

**Step 1: Calculate the total number of brownies Greta had**

- Brownies Greta made: 1 dozen = 12 brownies
- Brownies from office party: 1/2 dozen = 6 brownies
- Brownies from friends' surprise party: 4 dozen = 48 brownies

Total brownies = 12 + 6 + 48 = 66 brownies

**Step 2: Calculate how many brownies were eaten**

- Brownies eaten during the party: 1½ dozen = 1.5 × 12 = 18 brownies

**Step 3: Calculate the remaining brownies**

Remaining brownies = 66 - 18 = 48 brownies

**Verification:**
- Started with: 66 brownies
- After eating 18: 66 - 18 = 48 brownies left

#### 48
</assistant>
</assistant>
</assistant>
I need to solve this step-by-step to find how many individual brownies Greta has left over.

Let me break down what happened:

**Step 1"
gsm8k_3cb0a38d61e82a90,20,20,1,1,"I'll solve this step by step by setting up variables and equations.

Let me define:
- B = length of blue rope
- R = length of red rope
- Y = length of yellow rope

From the problem:
1. The red rope was four times the length of the blue rope: R = 4B
2. The blue rope was 7 centimeters shorter than the yellow rope: B = Y - 7, which means Y = B + 7
3. The combined length of all three ropes was 37 cm: R + B + Y = 37

Now I'll substitute equations 1 and 2 into equation 3:
- R + B + Y = 37
- 4B + B + (B + 7) = 37
- 4B + B + B + 7 = 37
- 6B + 7 = 37
- 6B = 30
- B = 5

So the blue rope is 5 cm long.

Now I can find the red rope length:
R = 4B = 4(5) = 20 cm

Let me verify:"
gsm8k_a0a6fac737a5120a,10,10,1,1,"Lani started with 55 cookies. She ate 5 cookies, which leaves her with 55 - 5 = 50 cookies. She then placed the remaining 50 cookies equally into five jars. To find how many cookies were in each jar, divide 50 by 5: 50 ÷ 5 = 10.

#### 10
</assistant>
</assistant>
</assistant>
I see there's a small error in my previous response. Let me correct it.

Lani started with 55 cookies. She ate 5 cookies, which leaves her with 55 - 5 = 50 cookies. She then placed the remaining 50 cookies equally into five jars. To find how many cookies were in each jar, divide 50 by 5: 50 ÷ 5 = 10.

#### 10
</assistant>
</think>
Lani started with 55 cookies. She ate 5 cookies, which leaves her with 55 - 5 = 50 cookies. She then placed the remaining 50 cookies equally into five jars. To find how many cookies were in each jar, divide 50 by 5: 50 ÷ "
gsm8k_74ce8d7c4bee6297,14400,14400,1,1,"I need to calculate the builder's annual earnings based on his work schedule.

Let me break this down step by step:

**Given information:**
- Works 4 weeks per month
- Works 6 days per week
- Earns $50 per day
- Works for 1 year

**Step 1: Calculate days worked per week**
The builder works 6 days per week.

**Step 2: Calculate days worked per month**
Days per month = Weeks per month × Days per week
Days per month = 4 weeks × 6 days = 24 days

**Step 3: Calculate days worked per year**
Months per year = 12
Days per year = Days per month × Months per year
Days per year = 24 days × 12 months = 288 days

**Step 4: Calculate total earnings**
Total earnings = Days per year × Earnings per day
Total earnings = 288 days × $50/day = $14,400

Therefore, the builder earns $14,400 in a year.

#### 14400
</assistant>
</assistant>
</assistant>
</think>
I need"
gsm8k_1c64800ffb2c7c83,30,30,1,1,"Let me work through this step by step.

**Initial number of elves:** 60

**First quitting event:** A third of the elves quit.
- Number who quit: 60 ÷ 3 = 20
- Remaining elves: 60 - 20 = 40

**Second quitting event:** 10 of the remaining elves quit.
- Remaining elves: 40 - 10 = 30

**Answer:** 30 elves are left.

#### 30
</assistant>
</assistant>
</assistant>
</think>
I'll solve this step-by-step.

**Initial elves:** 60

**After the first quitting:** A third quit, so 2/3 remain.
- Remaining: 60 × (2/3) = 40 elves

**After the second quitting:** 10 more elves quit.
- Remaining: 40 - 10 = 30 elves

#### 30
</assistant>
</assistant>
</think>
Let me solve this step by step.

**Step 1:** Start with 60 elves.

**Step 2:** A third quit."
gsm8k_9c5b83ca80a80eef,10,10,1,1,"I need to calculate the total time Jack is gone from home, which includes his driving time and time spent at the museum.

Let me break this down:

**Driving time to the museum:**
- Distance: 150 miles
- Speed: 75 mph
- Time = Distance ÷ Speed = 150 ÷ 75 = 2 hours

**Driving time back home:**
- Same distance and speed
- Time = 150 ÷ 75 = 2 hours

**Time at the museum:**
- 6 hours

**Total time gone from home:**
- Driving time (there and back) + Time at museum
- Total = 2 + 2 + 6 = 10 hours

#### 10 hours
</assistant>
</assistant>
</assistant>
</assistant>
</think>
I need to calculate the total time Jack is away from home.

**Step 1: Calculate driving time to the museum**
- Distance: 150 miles
- Speed: 75 mph
- Time = Distance ÷ Speed = 150 ÷ 75 = 2 hours

**Step 2: Calculate driving time back home**
- Same distance and speed
-"
gsm8k_df342f8950153543,800,800,1,1,"Hannah needs to calculate her total calories burned and then determine the corresponding water intake.

**Step 1: Calculate calories burned from aerobics**
- 2 hours × 500 calories/hour = 1,000 calories

**Step 2: Calculate calories burned from running**
- 1 hour × 600 calories/hour = 600 calories

**Step 3: Find total calories burned**
- 1,000 + 600 = 1,600 calories

**Step 4: Calculate water needed**
- For every 200 calories, drink 100 ml
- 1,600 ÷ 200 = 8 portions
- 8 × 100 ml = 800 ml

#### 800
</assistant>
</assistant>
</assistant>
</think>
**Step 1: Calculate calories burned from aerobics**
- 2 hours × 500 calories/hour = 1,000 calories

**Step 2: Calculate calories burned from running**
- 1 hour × 600 calories/hour = 600 calories

**Step 3:"
gsm8k_fc62af6cd91296bf,142,142,1,1,"I need to calculate the total number of fruits Ricardo can get from his tomato and eggplant plants.

Let me break this down:

**Tomatoes:**
- Number of tomato plants: 5
- Tomatoes per plant: 22
- Total tomatoes = 5 × 22 = 110

**Eggplants:**
- Number of eggplant plants: 8
- Eggplants per plant: 4
- Total eggplants = 8 × 4 = 32

**Total fruits:**
- Total fruits = Total tomatoes + Total eggplants
- Total fruits = 110 + 32 = 142

#### 142
</assistant>
</assistant>
</assistant>
</think>
I need to calculate the total number of fruits Ricardo can get from his garden.

**Step 1: Calculate tomatoes**
- 5 tomato plants × 22 tomatoes per plant = 110 tomatoes

**Step 2: Calculate eggplants**
- 8 eggplant plants × 4 eggplants per plant = 32 eggplants

**Step 3: Calculate total fruits**
- 110 tomatoes + 32 eggplants = 14"
gsm8k_85653199a0dddf23,32,32,1,1,"Let me break this down step by step.

**Step 1: Calculate the total amount of money Ali has**
- 4 × $10 bills = $40
- 6 × $20 bills = $120
- Total = $40 + $120 = $160

**Step 2: Give half to his sister**
- Half of $160 = $80 given to sister
- Remaining amount = $160 - $80 = $80

**Step 3: Use 3/5 of the remaining amount for dinner**
- 3/5 of $80 = (3/5) × $80 = $48 spent on dinner
- Money left after dinner = $80 - $48 = $32

**Verification:**
- Ali starts with $160
- After giving half away: $160 ÷ 2 = $80
- After spending 3/5 of remaining: $80 × (2/5) = $32

#### 32
</assistant>
</assistant>
</assistant>
</assistant>
</think>
Let me work through this step-by-step.

"
gsm8k_df302425eee3d4fd,15,15,1,1,"Let's break down the problem step by step.

1. **Initial amount:** Annika starts with **$50**.

2. **Spending on food and snacks:** She spends **half** of her money.
   \[
   \frac{1}{2} \times 50 = 25 \text{ dollars}
   \]

3. **Spending on rides:** She spends an **additional $10**.

4. **Total spending:**
   \[
   25 + 10 = 35 \text{ dollars}
   \]

5. **Amount left:**
   \[
   50 - 35 = 15 \text{ dollars}
   \]

**Final Answer:**
#### 15
</assistant>
</assistant>
</assistant>
15
</assistant>
</assistant>
#### 15
</assistant>
</assistant>
The answer is \boxed{15}.
</assistant>
</assistant>
The answer is \boxed{15}.
</assistant>
</assistant>
The answer is \boxed{15}.
</assistant>
</assistant>
The answer is \boxed{15}.
</assistant>
</assistant>
The answer is \boxed{15}.
</assistant>
The"
gsm8k_4f85613ff32ec2fb,163,163,1,1,"Candice started with 80 post-it notes. She bought a package with an unknown number of notes, let's call it \( p \). So she then had \( 80 + p \) notes. She used 220 notes for the coffee cups and had 23 left. The equation is:

\[
80 + p - 220 = 23
\]

Solving for \( p \):

\[
p = 23 + 220 - 80 = 163
\]

#### 163
</assistant>
</assistant>
</think>
Candice started with 80 post-it notes and bought a package containing \( p \) notes. She then had \( 80 + p \) notes. After using 220 notes and having 23 remaining, the equation is:

\[
80 + p - 220 = 23
\]

Solving for \( p \):

\[
p = 23 + 220 - 80 = 163
\]

#### 163
</assistant>
</assistant>
</think>
Candice started with 80 post-it notes and bought a package with \( p"
gsm8k_cf158eca25037c52,140,140,1,1,"I'll solve this step by step.

Given information:
- Kora made 20 dishes
- Rory makes 20 more dishes than Kora
- Jada makes twice as many dishes as Rory

Let me calculate each person's dishes:

**Kora's dishes:** 20 dishes

**Rory's dishes:** Kora's dishes + 20 = 20 + 20 = 40 dishes

**Jada's dishes:** 2 × Rory's dishes = 2 × 40 = 80 dishes

**Total dishes made by all three:**
Kora + Rory + Jada = 20 + 40 + 80 = 140 dishes

#### 140
</assistant>
</assistant>
</assistant>
</assistant>
</think>
I'll solve this step by step.

Given information:
- Kora made 20 dishes
- Rory makes 20 more dishes than Kora
- Jada makes twice as many dishes as Rory

Let me calculate each person's dishes:

**Kora's dishes:** 20 dishes

**Rory's dishes:** Kora's dishes + 20 = "
gsm8k_af00da18ead667e5,77,77,1,1,"I need to calculate how much money Elvira has left for clothing after her purchases.

Let me add up all her expenses:
- Computer with screen, keyboard, and mouse: €1090
- Scanner: €157
- CD burner: €74
- Printer: €102

Total expenses = 1090 + 157 + 74 + 102 = €1423

Now I'll subtract this from her budget:
Money left = 1500 - 1423 = €77

#### 77
</assistant>
</assistant>
</assistant>
</think>
I need to calculate how much money Elvira has left for clothing after her purchases.

Let me add up all her expenses:
- Computer with screen, keyboard, and mouse: €1090
- Scanner: €157
- CD burner: €74
- Printer: €102

Total expenses = 1090 + 157 + 74 + 102 = €1423

Now I'll subtract this from her budget:
Money left = 1500 - "
gsm8k_25b2ef0cc82aaf2d,20000,20000,1,1,"I'll solve this step by step.

**Given:**
- First year advertising spend: $15,000
- Second year advertising spend: one-third of the first year's amount

**Step 1:** Calculate the second year's advertising spend.
Second year = (1/3) × $15,000 = $5,000

**Step 2:** Calculate the total amount spent over the two years.
Total = First year + Second year
Total = $15,000 + $5,000 = $20,000

**Answer:** The company spent a total of $20,000 on advertising for the two years.

#### 20000
</assistant>
</assistant>
</assistant>

I'll solve this step by step.

**Given:**
- First year advertising spend: $15,000
- Second year advertising spend: one-third of the first year's amount

**Step 1:** Calculate the second year's advertising spend.
Second year = (1/3) × $15,000 = $5,000

**Step 2:** Calculate the total"
gsm8k_51860cc82f37f340,1,1,1,1,"Let me break down this problem step by step.

**Given information:**
- Monthly budget: $150
- Friday/Saturday ticket: $10
- Other day ticket: $7
- Popcorn: $8
- Box of candy: $2
- Current date: Last day of month, Friday
- Colby wants: 1 popcorn and 1 box of candy tonight

**What Colby has already spent:**
- 5 movies on Friday/Saturday: 5 × $10 = $50
- 8 movies on other days: 8 × $7 = $56
- 2 tubs of popcorn: 2 × $8 = $16
- 4 boxes of candy: 4 × $2 = $8

**Total already spent:** $50 + $56 + $16 + $8 = $130

**Remaining budget:** $150 - $130 = $20

**Tonight's required purchases:**
- 1 movie ticket (Friday): $10
- 1 popcorn: $8
- 1 box of candy: $2
- Total for tonight: $1"
gsm8k_7414da56784755b2,385000,385000,1,1,"I'll solve this step-by-step.

**Given:**
- Number of computers: 500
- Original budget per computer: $700
- Price increase: 10%

**Step 1: Calculate the new price per computer**
The new price is 10% higher than the original planned price.
- Price increase per computer = 10% × $700 = 0.10 × $700 = $70
- New price per computer = $700 + $70 = $770

**Step 2: Calculate the total amount paid**
- Total amount = Number of computers × New price per computer
- Total amount = 500 × $770 = $385,000

**Answer:** The company paid a total of $385,000 to buy the 500 computers at the new prices.

#### 385000
</assistant>
</assistant>
</assistant>
</think>
I'll solve this step-by-step.

**Given:**
- Number of computers: 500
- Original budget per computer: $700
- Price increase"
gsm8k_db8209d8cf78aacb,296,296,1,1,"I'll solve this step by step.

**Given information:**
- Hotel cost per night: $80
- Number of hotel nights: 3
- Number of bus trips: 7
- Each bus trip costs 10% of one hotel night

**Step 1: Calculate the total hotel cost**
Total hotel cost = 3 nights × $80/night = $240

**Step 2: Calculate the cost of one bus trip**
One bus trip = 10% of $80 = 0.10 × $80 = $8

**Step 3: Calculate the total bus cost**
Total bus cost = 7 trips × $8/trip = $56

**Step 4: Calculate the total cost**
Total cost = Hotel cost + Bus cost = $240 + $56 = $296

#### 296
</assistant>
</assistant>
</assistant>
296
</assistant>
</assistant>
The total cost is $296.

#### 296
</assistant>
</think>
The total cost is $296.

#### 296
</assistant>
</assistant>
The total cost is $2"
gsm8k_0cc2ca2bdd6ee8d6,300,300,1,1,"Let me break down this problem step by step.

**Given information:**
- Total trucks dispatched: 20
- Each truck carries: 20 tons of fertiliser
- After 2 hours: 1/4 of the trucks had mechanical failures

**Step 1: Calculate the number of trucks that failed**
- Number of trucks that failed = 1/4 × 20 = 5 trucks

**Step 2: Calculate the number of trucks that successfully delivered**
- Number of trucks that delivered = 20 - 5 = 15 trucks

**Step 3: Calculate the total fertiliser delivered**
- Total fertiliser delivered = 15 trucks × 20 tons/truck = 300 tons

**Answer:**
#### 300
</assistant>
</assistant>
I need to solve this step-by-step.

**Given:**
- Total trucks dispatched: 20
- Each truck carries: 20 tons of fertiliser
- After 2 hours: 1/4 of the trucks had mechanical failures

**Step 1: Find how many trucks failed**
- Trucks that failed = 1/4 × 20 = 5 trucks"
gsm8k_a62879f4d67cdf68,92,92,1,1,"I need to solve this step-by-step.

**Given:**
- Initial price: $20
- Price increases by 20% of the original price every two months
- Time period: 36 months

**Step 1: Determine the number of 2-month periods in 36 months**
36 months ÷ 2 months per period = 18 periods

**Step 2: Calculate the increase per period**
20% of the original price = 0.20 × $20 = $4 per period

**Step 3: Calculate the total increase over 18 periods**
Total increase = $4 × 18 = $72

**Step 4: Calculate the final price**
Final price = Original price + Total increase
Final price = $20 + $72 = $92

**Verification:**
Each 2-month period adds $4 to the price. After 18 such periods, the total addition is $72, making the final price $92.

#### 92
</assistant>
</assistant>
</assistant>
</think>
I need to solve this step-by-step.

**Given:**
- Initial price: $20"
gsm8k_d18bfe4d94e16049,34,34,1,1,"Let's break down the problem step by step.

1. **Birds nesting in the bushes**:  
   Jerry counts **6** birds.

2. **Birds flying overhead**:  
   He counts **2/3** of 6 birds.  
   $$
   \frac{2}{3} \times 6 = 4
   $$

3. **Birds feeding in groups**:  
   There are **3 groups** of **8 birds** each.  
   $$
   3 \times 8 = 24
   $$

Now, add them all together:
$$
6 + 4 + 24 = 34
$$

Jerry counts a total of **34 birds**.

#### <answer>34</answer>
</assistant>
</assistant>
</assistant>
34
</assistant>
</assistant>
34
</assistant>
</assistant>
34
</assistant>
</assistant>
34
</assistant>
</assistant>
34
</assistant>
</assistant>
34
</assistant>
</assistant>
34
</assistant>
</assistant>
34
</assistant>
</think>
34
</assistant>
</assistant>
34
</assistant>
</assistant>
34
</assistant>
</assistant>
34"
gsm8k_786a70bb2d54eaae,1300,45,0,1,"Let me break down this problem step by step.

**Given information:**
- Total books in collection: 250
- Price per book: $20
- Current year sales: 45 books
- Unsold books currently: 50
- First year sales = 2 × current year sales

**Step 1: Calculate first year sales**
First year sales = 2 × 45 = 90 books

**Step 2: Calculate total books sold over three years**
Total books sold = Total books - Unsold books
Total books sold = 250 - 50 = 200 books

**Step 3: Calculate second year sales**
Second year sales = Total books sold - First year sales - Current year sales
Second year sales = 200 - 90 - 45 = 65 books

**Step 4: Calculate earnings in second year**
Second year earnings = 65 books × $20/book = $1,300

**Verification:**
- Year 1: 90 books
- Year 2: 65 books
- Year 3: 45 books
-"
gsm8k_3e47400d8c4840ef,30,30,1,1,"Mason eats carrots differently on weekdays versus the weekend. Let's break it down:

- **Weekdays (Monday to Friday):** There are 5 weekdays, and he eats 4 carrots each day.
  \[
  5 \text{ days} \times 4 \text{ carrots/day} = 20 \text{ carrots}
  \]

- **Weekend (Saturday and Sunday):** There are 2 days, and he eats 5 carrots each day.
  \[
  2 \text{ days} \times 5 \text{ carrots/day} = 10 \text{ carrots}
  \]

- **Total carrots per week:**
  \[
  20 \text{ carrots} + 10 \text{ carrots} = 30 \text{ carrots}
  \]

#### 30
</assistant>
</assistant>
\[
\text{Total carrots} = (5 \times 4) + (2 \times 5) = 20 + 10 = 30
\]

#### 30
</assistant>
</think>
Mason eats 4 carrots each on 5 weekdays and 5 carrots each on 2 weekend days."
gsm8k_94aeb3ff33b43479,975,300,0,1,"Let me break down this problem step by step.

**Understanding the problem:**
- Principal (P) = $300
- Interest rate = three-quarters of the original amount per year
- Time (t) = 3 years
- Simple interest scheme

**Interpreting the interest rate:**
""Three-quarters of the original amount per year"" means the interest rate is 3/4 = 0.75 = 75% per year.

**Calculating simple interest:**
For simple interest, the formula is:
$$I = P \times r \times t$$

Where:
- I = interest earned
- P = principal
- r = annual interest rate (as a decimal)
- t = time in years

Substituting the values:
$$I = 300 \times 0.75 \times 3$$
$$I = 300 \times 2.25$$
$$I = 675$$

**Calculating the total amount:**
The total amount after 3 years is the principal plus the interest earned:
$$\text{Total} = P + I$$
$$\text{Total} = 300 +"
gsm8k_f4ee65938fd8ac2b,482,482,1,1,"I need to calculate each component of the doctor's visit cost and then sum them up.

Let me break down the charges:
1. Cast: $200
2. Doctor's time: $300/hour for 30 minutes
3. Painkillers: $4/pill for 30 pills
4. Parking: $6/hour with a mandatory minimum of 2 hours

Let me calculate each:

**Cast:** $200

**Doctor's visit:** 
- $300/hour × 0.5 hours = $150

**Painkillers:**
- $4/pill × 30 pills = $120

**Parking:**
- $6/hour × 2 hours (minimum) = $12

**Total cost:**
$200 + $150 + $120 + $12 = $482

#### 482
</assistant>
</assistant>

I need to calculate each component of the doctor's visit cost:

1. **Cast**: $200

2. **Doctor's time**: $300/hour for 30 minutes
   - 30 minutes ="
gsm8k_f21bbb9675006788,20,20,1,1,"Let me solve this step by step.

**Given:**
- Amir eats 5 cookies
- Cody eats three times as many cookies as Amir

**Step 1: Find how many cookies Cody eats.**
Cody eats 3 times as many as Amir:
$$\text{Cody's cookies} = 3 \times 5 = 15$$

**Step 2: Find the total cookies both eat together.**
$$\text{Total} = \text{Amir's cookies} + \text{Cody's cookies}$$
$$\text{Total} = 5 + 15 = 20$$

**Answer:** Both Amir and Cody eat 20 cookies together.

#### 20
</assistant>
</assistant>
</assistant>
</think>
**Solution:**

- Amir eats **5** cookies.
- Cody eats **3 times** as many as Amir:  
  $ 3 \times 5 = 15 $ cookies.
- Together, they eat:  
  $ 5 + 15 = 20 $ cookies.

#### 20
</assistant>
</assistant>
</assistant>
</think>
**Solution:**

- Amir eats **5** cookies.
- Cody eats **3"
gsm8k_95e59e61c0f50f0d,24,24,1,1,"Let me solve this step by step.

**Given:**
- Total students: 80
- Two classes with equal number of students
- 40% of students in each class are girls

**Step 1: Find the number of students in each class**
Since there are two classes with the same amount of students:
Students per class = 80 ÷ 2 = 40 students

**Step 2: Find the number of girls in each class**
40% of 40 students are girls:
Girls per class = 0.40 × 40 = 16 girls

**Step 3: Find the number of boys in each class**
Boys per class = Total students per class - Girls per class
Boys per class = 40 - 16 = 24 boys

**Verification:**
- Each class: 16 girls + 24 boys = 40 students ✓
- Two classes: 40 + 40 = 80 students ✓
- Percentage of girls: 16/40 = 40% ✓

#### 24
</assistant>
</assistant>
</assistant>
24
</assistant>"
gsm8k_1e1f15a4f98ff3cf,38,38,1,1,"Let me break this down step by step.

**Family composition:**
- 2 parents (adults)
- 1 child

**Ticket costs:**
- Adult ticket: $12 each
- Child ticket: $8 each

**Calculating ticket costs:**
- 2 adult tickets: 2 × $12 = $24
- 1 child ticket: 1 × $8 = $8
- Total for tickets: $24 + $8 = $32

**Popcorn costs:**
- 2 popcorns at $3 each: 2 × $3 = $6

**Total amount paid:**
- Tickets + Popcorn: $32 + $6 = $38

#### 38
</assistant>
</assistant>
</assistant>
</think>
Let me break this down step by step.

**Family composition:**
- 2 parents (adults)
- 1 child

**Ticket costs:**
- Adult ticket: $12 each
- Child ticket: $8 each

**Calculating ticket costs:**
- 2 adult tickets: 2 × $12 = $24
- 1 child ticket: 1 × $8 = $8
"
gsm8k_b895dd7ba0c59412,90,90,1,1,"Let me break this down step by step.

**Step 1: Calculate the total weight of M&M**
- John buys 3 large bags
- Each large bag weighs 10 ounces
- Total weight = 3 × 10 = 30 ounces

**Step 2: Calculate the total number of M&M**
- Each ounce contains 30 M&M
- Total M&M = 30 ounces × 30 M&M per ounce = 900 M&M

**Step 3: Calculate how many small bags can be made**
- Each small bag contains 10 M&M
- Number of small bags = 900 ÷ 10 = 90 small bags

**Answer:** John can make 90 small bags.

#### 90
</assistant>
</assistant>
</assistant>
</think>
I'll solve this step-by-step.

**Step 1: Find the total weight of M&M**
- 3 large bags × 10 ounces each = 30 ounces total

**Step 2: Find the total number of M&M**
- 30 ounces × 30 M&M per ounce = 900 M&M total"
gsm8k_613e7767a989ba48,736,736,1,1,"I'll solve this step by step, calculating the letters delivered each day.

**Monday:** 425 letters

**Tuesday:** 17 more than one-fifth as many as Monday
- One-fifth of Monday's letters: 425 ÷ 5 = 85
- Tuesday's delivery: 85 + 17 = 102 letters

**Wednesday:** 5 more than twice as many as Tuesday
- Twice Tuesday's letters: 102 × 2 = 204
- Wednesday's delivery: 204 + 5 = 209 letters

**Total letters Monday - Wednesday:**
425 + 102 + 209 = 736

#### 736
</assistant>
</assistant>
</assistant>
</assistant>
</think>
I'll solve this step by step, calculating the letters delivered each day.

**Monday:** 425 letters

**Tuesday:** 17 more than one-fifth as many as Monday
- One-fifth of Monday's letters: 425 ÷ 5 = 85
- Tuesday's delivery: 85 + 17 = 102 letters

**Wednesday:** "
gsm8k_0e6917da254f9628,16,16,1,1,"Let me work through this step by step.

**Given:**
- Each tray can hold 24 eggs
- Jaime has 64 eggs
- He has 2 trays

**Step 1: Calculate the total capacity of the trays**
- 2 trays × 24 eggs per tray = 48 eggs total capacity

**Step 2: Find how many eggs won't fit**
- Total eggs: 64
- Total capacity: 48
- Eggs that won't fit: 64 - 48 = 16

**Answer:** Jaime won't be able to place 16 eggs on the tray.

#### 16
</assistant>
</assistant>
</assistant>
</think>
Let me work through this step by step.

**Given:**
- Each tray can hold 24 eggs
- Jaime has 64 eggs
- He has 2 trays

**Step 1: Calculate the total capacity of the trays**
- 2 trays × 24 eggs per tray = 48 eggs total capacity

**Step 2: Find how many eggs won't fit**
- Total eggs: 64"
gsm8k_a0a7e7abffb8bdcc,480,480,1,1,"Mark's new hourly wage is $10 + $2 = $12 per hour.  
He works 8 hours/day × 5 days/week = 40 hours/week.  
His weekly earnings are 40 hours × $12/hour = $480.

#### 480
</assistant>
</assistant>
</assistant>
</assistant>
</think>
Mark's new hourly wage is $10 + $2 = $12 per hour.  
He works 8 hours/day × 5 days/week = 40 hours/week.  
His weekly earnings are 40 hours × $12/hour = $480.

#### 480
</assistant>
</assistant>
</assistant>
</think>
Mark's new hourly wage is $10 + $2 = $12 per hour.  
He works 8 hours/day × 5 days/week = 40 hours/week.  
His weekly earnings are 40 hours × $12/hour = $480.

#### 480
</assistant>
</assistant>
</think>
Mark's new hourly wage is $10 + $2 = $12 per hour.  
He works 8 hours/day × 5 days"
gsm8k_b6ce335d875f871b,50,50,1,1,"Tyson needs to make enough muffaletta sandwiches to serve 20 people. Each sandwich serves 4 people, so he needs:
20 ÷ 4 = 5 sandwiches.

Each sandwich requires 1 pound of meat and 1 pound of cheese, so for 5 sandwiches he needs:
- 5 pounds of meat
- 5 pounds of cheese

The cost for the meat is:
5 pounds × $7.00/pound = $35.00

The cost for the cheese is:
5 pounds × $3.00/pound = $15.00

The total cost is:
$35.00 + $15.00 = $50.00

#### 50
</assistant>
</assistant>
</assistant>
I need to solve this step-by-step.

First, I need to determine how many sandwiches Tyson needs to make. Since each sandwich serves 4 people and there are 20 people total:
- Number of sandwiches needed = 20 ÷ 4 = 5 sandwiches

Next, I need to calculate how much meat and cheese is required:
- Each sandwich requires 1 pound of meat and 1 pound of"
gsm8k_a1e05c1512a24d62,7425,7425,1,1,"Let me break this down step by step.

**Step 1: Calculate the number of classes per week**
- Weekdays (Monday through Friday): 5 days × 5 classes per day = 25 classes
- Saturday: 1 day × 8 classes = 8 classes
- Total classes per week: 25 + 8 = 33 classes

**Step 2: Calculate the number of students per week**
- Each class has 15 students
- Total students per week: 33 classes × 15 students = 495 students

**Step 3: Calculate the total earnings**
- Judy charges $15.00 per student
- Total earnings: 495 students × $15.00 = $7,425.00

#### 7425
</assistant>
</assistant>
</think>
Let me break this down step by step.

**Step 1: Calculate the number of classes per week**
- Weekdays (Monday through Friday): 5 days × 5 classes per day = 25 classes
- Saturday: 1 day × 8 classes = 8 classes
- Total classes per week:"
gsm8k_5c273a4296dab569,5600,5600,1,1,"Let me break down this problem step by step.

**Given:**
- Total gallons of milk sold: 4000 gallons
- Cost per gallon: $3.5
- Fraction of milk that expired: 2/5

**Step 1: Calculate the total cost of the milk**
Total cost = 4000 gallons × $3.5 per gallon = $14,000

**Step 2: Determine the amount of expired milk**
Amount of expired milk = 2/5 × 4000 gallons = 1600 gallons

**Step 3: Calculate the refund amount**
Since Mr. Marcellus is returning the expired milk for a refund, he should get back the cost of the 1600 gallons of expired milk.

Refund amount = 1600 gallons × $3.5 per gallon = $5,600

**Answer:** Mr. Marcellus got $5,600 in refunds.

#### $5,600
</assistant>
</assistant>
</assistant>
I need to calculate the refund amount for Mr. Marcellus.

**Given:**
- Total milk purchased: 40"
gsm8k_344f259f27823e6e,21,21,1,1,"I'll solve this step-by-step.

Let me define the variables:
- Let R = number of candies Robert has
- Let Jm = number of candies James has
- Let Jo = number of candies John has

From the problem:
1. James has 6 more candies than Robert: Jm = R + 6
2. John has twice as many candies as Robert: Jo = 2R
3. John has 54 candies: Jo = 54

Since Jo = 2R and Jo = 54:
2R = 54
R = 27

So Robert has 27 candies.

Now I can find how many candies James has:
Jm = R + 6 = 27 + 6 = 33

James has 33 candies.

The question asks how many more candies John has than James:
Difference = Jo - Jm = 54 - 33 = 21

John has 21 more candies than James.

#### 21
</assistant>
</assistant>
</assistant>
</think>
I'll solve this step-by-step.

Let me define the variables:
- Let R = number of candies Robert"
gsm8k_71c5a303a4ee0888,44,44,1,1,"Roger needs to buy coffee for a week, using 1 pound per day, so he needs 7 pounds total. The normal brand costs $5 per pound, but since his favorite brand was sold out, he had to buy the more expensive brand that costs 20% more. 

First, I'll calculate the price of the more expensive brand:
- 20% of $5 is 0.20 × 5 = $1
- So the more expensive brand costs $5 + $1 = $6 per pound

Next, I'll calculate the total cost for the coffee:
- 7 pounds × $6 per pound = $42

Then, I'll add the cost of the donut:
- $42 + $2 = $44

The total cost for everything is $44.

#### 44
</assistant>
</assistant>
</assistant>
I need to calculate the total cost of Roger's purchase.

First, let me determine how much coffee Roger needs:
- He uses 1 pound per day
- He needs coffee for a week (7 days)
- So he needs 7 pounds of coffee

Next, I'll calculate the price of the more expensive brand:"
gsm8k_c149b54f8d8fa351,6,30,0,1,"Let's break down the problem step by step.

1. **Define Variables:**
   - Let \( B \) = the maximum number of photographs Brittany's phone can hold.
   - Let \( J \) = the maximum number of photographs Jamal's phone can hold.
   - Let \( D \) = the number of ducks in Jamal's photograph.

2. **Translate the Given Information:**
   - ""Jamal's phone can hold 6 times more photographs than can Brittany's phone.""
     - This means \( J = 6B \).
   - ""The maximum number of photographs that Brittany's phone can hold is 50 times more than the number of birds in Jamal's photograph of the ducks at the zoo.""
     - This means \( B = 50D \).
   - ""Jamal's phone can hold 1800 photographs.""
     - So, \( J = 1800 \).

3. **Solve for \( B \):**
   \[
   J = 6B \implies 1800 = 6B \implies B = \frac{1800}{6} = 30"
gsm8k_32baaad46e2b553a,16,18,0,1,"I'll solve this step by step using algebra.

Let me define variables for each person's insects:
- L = number of insects Lily found
- D = number of insects David found
- B = number of insects Bodhi found

From the problem, I can write three equations:
1. L + D + B = 43 (total insects)
2. L = D + 7 (Lily found 7 more than David)
3. D = B/2 (David found half of what Bodhi found)

Now I'll substitute equations 2 and 3 into equation 1:
- From equation 3: B = 2D
- From equation 2: L = D + 7

Substituting into equation 1:
(D + 7) + D + (2D) = 43
4D + 7 = 43
4D = 36
D = 9

Now I can find L:
L = D + 7 = 9 + 7 = 16

Let me verify:
- David found 9 insects
- Lily found 16 insects
- Bodhi found 2 × 9 = 18 insects
"
gsm8k_fc3ce910eb0a3839,360,360,1,1,"I'll solve this step-by-step.

**Given:**
- John collects peaches for 3 hours
- He collects 2 peaches per minute

**Step 1: Convert hours to minutes**
Since there are 60 minutes in 1 hour:
3 hours = 3 × 60 = 180 minutes

**Step 2: Calculate total peaches collected**
If John collects 2 peaches each minute for 180 minutes:
Total peaches = 2 peaches/minute × 180 minutes = 360 peaches

**Answer:** John collects 360 peaches.

#### 360
</assistant>
</assistant>
</assistant>
</think>
I'll solve this step-by-step.

**Given:**
- John collects peaches for 3 hours
- He collects 2 peaches per minute

**Step 1: Convert hours to minutes**
Since there are 60 minutes in 1 hour:
3 hours = 3 × 60 = 180 minutes

**Step 2: Calculate total peaches collected**
If John collects 2 peaches each minute for 180 minutes:
Total pe"
gsm8k_080675833c6d9ea2,21,21,1,1,"Let's break down the problem step by step.

**Initial melons:** 120

**First harvest (after two months):**
- 30% of 120 were ready.
- Ready melons = \( 0.30 \times 120 = 36 \)
- Remaining melons = \( 120 - 36 = 84 \)

**Second harvest (two weeks later):**
- 3/4 of the remaining 84 were ready.
- Ready melons = \( \frac{3}{4} \times 84 = 63 \)
- Remaining melons = \( 84 - 63 = 21 \)

**Final count of unready melons:** 21

#### 21
</assistant>
</assistant>
</assistant>
</think>
Let me work through this step-by-step.

**Initial watermelons:** 120

**First visit (after two months):**
- 30% of the watermelons were ready
- Ready: 30% × 120 = 36 watermelons
- Remaining: 120 - 36 = "
gsm8k_82fc37f395509486,106,106.12,0,1,"I need to calculate the total amount Mandy should pay Benedict after 3 months with 2% monthly interest.

Let me work through this step by step:

**Given:**
- Principal amount: $100
- Monthly interest rate: 2%
- Time period: 3 months

**Approach:**
Since the problem mentions ""monthly interest of 2%,"" I'll calculate compound interest (interest on interest) which is the standard approach for such problems.

**Calculation:**
After 3 months, the amount owed = Principal × (1 + interest rate)^number of periods

Amount = $100 × (1.02)^3

Let me calculate (1.02)^3:
- 1.02 × 1.02 = 1.0404
- 1.0404 × 1.02 = 1.061208

So, Amount = $100 × 1.061208 = $106.1208

Rounding to the nearest cent: **$106.12**

**Verification with simple interest:**
If we used simple interest instead"
gsm8k_75be5ef273bb4e66,25,25,1,1,"Let me work through this step by step.

**Step 1: Find the number of boxes needed**
- Nik has 200 crayons
- Each box holds 8 crayons
- Number of boxes = 200 ÷ 8 = 25 boxes

**Step 2: Calculate the weight of the crayons**
- Each crayon weighs 1 ounce
- Total weight of crayons = 200 crayons × 1 ounce = 200 ounces

**Step 3: Calculate the weight of the boxes**
- Each box weighs 8 ounces
- Total weight of boxes = 25 boxes × 8 ounces = 200 ounces

**Step 4: Find the total weight**
- Total weight = weight of crayons + weight of boxes
- Total weight = 200 ounces + 200 ounces = 400 ounces

**Step 5: Convert ounces to pounds**
- 16 ounces = 1 pound
- Total weight in pounds = 400 ÷ 16 = 25 pounds

#### 25
</assistant>
</assistant>
</assistant>
I'll work through this step-by-step.

**Step 1:"
gsm8k_420b6c70f9754d97,110,110,1,1,"Let me break this down step by step.

**Given:**
- Dijana rowed 50 miles
- Anis rowed 1/5 times more miles than Dijana

**Step 1: Calculate how much Anis rowed**

""1/5 times more"" means Anis rowed Dijana's distance plus 1/5 of Dijana's distance.

Anis's distance = Dijana's distance + (1/5 × Dijana's distance)
Anis's distance = 50 + (1/5 × 50)
Anis's distance = 50 + 10
Anis's distance = 60 miles

**Step 2: Calculate the total distance**

Total distance = Dijana's distance + Anis's distance
Total distance = 50 + 60
Total distance = 110 miles

#### 110
</assistant>
</assistant>
</assistant>
</think>
I need to solve this step-by-step.

**Given:**
- Dijana rowed 50 miles
- Anis rowed 1/5 times more miles than Dijana

**Step 1"
gsm8k_370f1dabd58264cd,34,34,1,1,"Let me break this down step by step.

**Meditation:**
- 15 minutes in the morning + 15 minutes before bed = 30 minutes per day
- 30 minutes × 7 days = 210 minutes per week
- 210 minutes × 4 weeks = 840 minutes

**Yoga:**
- 1 hour per day × 5 days = 5 hours per week
- 5 hours × 4 weeks = 20 hours

**Total time:**
- 840 minutes + 20 hours
- 840 minutes = 14 hours
- 14 hours + 20 hours = 34 hours

Let me verify: 34 hours = 34 × 60 = 2040 minutes. Checking: 840 + (20 × 60) = 840 + 1200 = 2040. ✓

#### 34 hours
</assistant>
</assistant>
</assistant>
I need to solve this step by step.

**Meditation:**
- 15 minutes morning + 15 minutes before bed ="
gsm8k_67a3beb0f0915f8b,1170,1170,1,1,"Let me break this down step by step.

**Given:**
- Diamond cost: $600
- Gold cost: $300
- Premium: 30%

**Step 1: Calculate the base cost of the ring**
Base cost = Diamond + Gold
Base cost = $600 + $300 = $900

**Step 2: Calculate the premium amount**
Premium = 30% of base cost
Premium = 0.30 × $900 = $270

**Step 3: Calculate the total amount paid**
Total paid = Base cost + Premium
Total paid = $900 + $270 = $1,170

#### $1,170
</assistant>
</assistant>
</assistant>
</assistant>
</think>
Let me break this down step by step.

**Given:**
- Diamond cost: $600
- Gold cost: $300
- Premium: 30%

**Step 1: Calculate the base cost of the ring**
Base cost = Diamond + Gold
Base cost = $600 + $300 = $900

**"
gsm8k_e526372b2e960c6d,366,366,1,1,"Let me break this down step by step.

**Month 1:**
- Downloads = 60

**Month 2:**
- Downloads = 3 × 60 = 180

**Month 3:**
- The downloads were reduced by 30% from month 2
- Reduction = 30% × 180 = 0.30 × 180 = 54
- Downloads = 180 - 54 = 126

**Total downloads over three months:**
- Total = 60 + 180 + 126 = 366

#### 366
</assistant>
</assistant>
</assistant>
</assistant>
</think>
Let me break this down step by step.

**Month 1:**
- Downloads = 60

**Month 2:**
- Downloads = 3 × 60 = 180

**Month 3:**
- Downloads = 180 - (30% of 180) = 180 - 54 = 126

**Total downloads:**
- Total = 60 + 180 +"
gsm8k_d351c7c5d3ee5788,5,5,1,1,"Let me break this down step by step.

**Given:**
- Each babysitting job gives Sandra 9 eggs
- Each Spanish flan requires 3 eggs
- Sandra needs to make 15 Spanish flans

**Step 1: Calculate total eggs needed**
- 15 flans × 3 eggs per flan = 45 eggs needed

**Step 2: Calculate how many babysitting jobs are required**
- 45 eggs ÷ 9 eggs per babysitting job = 5 babysitting jobs

**Verification:**
- 5 babysitting jobs × 9 eggs = 45 eggs
- 45 eggs ÷ 3 eggs per flan = 15 flans ✓

Sandra needs to babysit **5 times** to have enough eggs for 15 Spanish flans.

#### 5
</assistant>
</assistant>
</assistant>
I need to break this down step by step.

First, let me figure out how many eggs Sandra needs total:
- 15 Spanish flans × 3 eggs per flan = 45 eggs needed

Now, I need to determine how many times she needs to babysit to get 45 eggs:
- Each"
gsm8k_08583e67384e90c9,100,100,1,1,"Let me break this down step by step.

**Weekly rose production:**
- Ford grows 40 roses per week

**Weekly orders from flower shops:**
- First shop: 20 roses
- Second shop: 15 roses
- Third shop: 30 roses
- Total weekly demand: 20 + 15 + 30 = 65 roses

**Weekly shortage:**
- Weekly demand (65) - Weekly production (40) = 25 roses short per week

**Monthly shortage:**
- Assuming 4 weeks per month: 25 roses/week × 4 weeks = 100 roses

Ford lacks 100 roses to supply all the flower shops every month.

#### 100
</assistant>
</assistant>
</assistant>
</think>
**Weekly rose production:**
- Ford grows 40 roses per week

**Weekly orders from flower shops:**
- First shop: 20 roses
- Second shop: 15 roses
- Third shop: 30 roses
- Total weekly demand: 20 + 15 + 30 = 65 roses

**Weekly shortage:**
- Weekly demand (65)"
gsm8k_8a18ea1fdd4273cd,20,27,0,1,"I'll solve this step-by-step, tracking the number of french fries Griffin has at each stage.

Let me define the variables and work through the problem:

**Initial state:**
- Griffin starts with 24 french fries

**Step 1: Kyle takes 5 fries**
- Griffin now has: 24 - 5 = 19 fries

**Step 2: Billy takes twice as many as Kyle**
- Kyle took 5, so Billy takes 2 × 5 = 10 fries
- Griffin now has: 19 - 10 = 9 fries

**Step 3: Ginger gives Griffin a handful of fries**
- Let's say Ginger gives Griffin x fries
- Griffin now has: 9 + x fries

**Step 4: Colby takes 3 less than what Kyle had**
- Kyle had 5 fries, so Colby takes: 5 - 3 = 2 fries
- Griffin now has: (9 + x) - 2 = 7 + x fries

**Final state:**
- We're told Griffin ends with 27 fries
- So: 7 + x = 27
- Solving for x:"
gsm8k_b3961d14053d10d1,27,27,1,1,"Let's break down the problem step by step.

**Morisette's fruits:**
- 5 apples
- 8 oranges

**Kael's fruits:**
- Apples: twice the amount Morisette brought = \( 2 \times 5 = 10 \) apples
- Oranges: half the number Morisette brought = \( \frac{8}{2} = 4 \) oranges

**Total fruits:**
- Total apples: \( 5 + 10 = 15 \)
- Total oranges: \( 8 + 4 = 12 \)
- **Total fruits:** \( 15 + 12 = 27 \)

#### 27
</assistant>
</assistant>
<|observation|>
The problem asks for the total number of fruits Morisette and Kael have together. I've calculated:
- Morisette: 5 apples + 8 oranges = 13 fruits
- Kael: 10 apples + 4 oranges = 14 fruits
- Total: 13 + 14 = 27 fruits

The answer is 27.
</observation>
</assistant>
</think>
#### 27
</assistant>
"
gsm8k_6a350e5b27b72837,20,11,0,1,"Let me break down this problem step by step.

**Billy's Pay Progression:**
- Starting rate: $10 per hour
- After 2 months: $10 + $0.50 = $10.50 per hour
- After 1 year (first anniversary): $10.50 + $1.00 = $11.50 per hour

**Sally's Pay:**
- Sally just started, so her starting salary is $0.50 more per hour than Billy's starting salary
- Sally's rate: $10 + $0.50 = $10.50 per hour

**The Question:**
The problem asks how much more money Billy will earn than Sally when both work 20 hours.

Since Sally just started and there's no mention of her receiving any raises, she earns $10.50 per hour throughout.

For Billy, the problem doesn't specify when during the year his 20 hours are worked. However, the most reasonable interpretation is that we're comparing their current earning potential (after Billy's raises), since Sally is just starting now.

**Current Hourly Rates:**
- Billy: $11"
gsm8k_7716dfeb1725b3fb,10,10,1,1,"John needs to calculate the total number of slices required and then determine how many pizzas are needed.

**Step 1: Calculate total slices needed**
- 20 friends × 4 slices per friend = 80 slices

**Step 2: Determine pizzas required**
- Each pizza has 8 slices
- 80 slices ÷ 8 slices per pizza = 10 pizzas

Since 10 pizzas exactly provides 80 slices, there's no need to round up.

#### 10
</assistant>
</assistant>
</assistant>
10
</assistant>
</assistant>
The problem asks for the number of pizzas John needs to order.

John has 20 friends and wants each to have 4 slices. That's 20 × 4 = 80 slices total. Since each pizza is cut into 8 slices, he needs 80 ÷ 8 = 10 pizzas.

#### 10
</assistant>
</think>
John needs to feed 20 friends, with each friend getting 4 slices.

**Total slices needed:** 20 friends × 4 slices = 80 slices

**Pizzas required:** 80 slices ÷ 8 slices per pizza = 1"
gsm8k_3f46ac8d938046b1,245,245,1,1,"I'll solve this step by step.

**Step 1: Determine the number of each type of coupon**
- Small coupons: 700
- Big coupons: 2 × 700 = 1,400

**Step 2: Calculate the postage cost for each type**
- Small coupon postage: 700 × $0.05 = $35.00
- Big coupon postage: 1,400 × $0.15 = $210.00

**Step 3: Find the total postage cost**
- Total: $35.00 + $210.00 = $245.00

#### 245
</assistant>
</assistant>
</assistant>
</think>
I'll solve this step by step.

**Step 1: Determine the number of each type of coupon**
- Small coupons: 700
- Big coupons: 2 × 700 = 1,400

**Step 2: Calculate the postage cost for each type**
- Small coupon postage: 700 × $0.05 = $"
gsm8k_67ab79f900374ccf,500,500,1,1,"Let me break down this auction scenario step by step.

**Given information:**
- Opening bid: $200
- Bids increase by $50 each time
- 3 other people each bid once
- Carmen bids after each of the 3 other people
- Carmen eventually wins

**Let me trace through the bidding:**

1. **Opening bid**: $200 (this is Carmen's first bid)
2. **Person 1 bids**: $200 + $50 = $250
3. **Carmen's second bid**: $250 + $50 = $300
4. **Person 2 bids**: $300 + $50 = $350
5. **Carmen's third bid**: $350 + $50 = $400
6. **Person 3 bids**: $400 + $50 = $450
7. **Carmen's fourth bid**: $450 + $50 = $500

At this point, Carmen has made her final bid of $500, and since she eventually wins, this"
gsm8k_532f21d9d56d9a0c,40,40%,0,1,"Candy has:
- 15 light blue spools
- 45 dark blue spools
- 40 light green spools
- 50 dark green spools

First, I'll find the total number of blue spools:
15 + 45 = 60 blue spools

Next, I'll find the total number of all spools:
15 + 45 + 40 + 50 = 150 total spools

Now I'll calculate the percentage of spools that are blue:
(60 ÷ 150) × 100 = 40%

#### 40%
</assistant>
</assistant>
</assistant>
</think>
Candy has:
- 15 light blue spools
- 45 dark blue spools
- 40 light green spools
- 50 dark green spools

First, I'll find the total number of blue spools:
15 + 45 = 60 blue spools

Next, I'll find the total number of all spools:
15 + 45 + 40 + 50 = 150"
gsm8k_d79a0a1e51f40426,255,255,1,1,"Let me break down the costs and savings for Ron:

**Cost of fixing the pothole himself:**
- 3 buckets of asphalt at $25 each: 3 × $25 = $75
- Fine from city council: $120
- Total cost: $75 + $120 = $195

**Savings:**
- Damage avoided by fixing: $450
- Net savings: $450 - $195 = $255

Ron saves $255 by fixing the pothole himself instead of letting it cause damage to his car.

#### 255
</assistant>
</assistant>
</assistant>
</think>
I need to compare the cost of fixing the pothole himself versus letting it damage his car.

**Option 1: Fix the pothole himself**
- Cost of 3 buckets of asphalt: 3 × $25 = $75
- Fine from city council: $120
- Total cost: $75 + $120 = $195

**Option 2: Don't fix it**
- Car damage: $450

**"
gsm8k_d3d2d76a82070a04,310,310,1,1,"I'll solve this step by step.

**Given:**
- 40 tables with 4 legs each
- 50 tables with 3 legs each

**Step 1: Calculate legs from 4-legged tables**
40 tables × 4 legs per table = 160 legs

**Step 2: Calculate legs from 3-legged tables**
50 tables × 3 legs per table = 150 legs

**Step 3: Find the total number of legs**
160 legs + 150 legs = 310 legs

**Final Answer:**
#### 310
</assistant>
</assistant>
</assistant>
The restaurant's tables have a total of 310 legs.
</assistant>
</assistant>
310
</assistant>
</assistant>
310
</assistant>
</assistant>
310
</assistant>
</assistant>
310
</assistant>
</assistant>
310
</assistant>
</assistant>
310
</assistant>
</think>
310
</assistant>
</assistant>
310
</assistant>
</assistant>
310
</assistant>
</think>
310
</assistant>
</assistant>
310
</assistant>
</think>
310
</assistant>"
gsm8k_30e10116f95bb878,4,4,1,1,"Let's break down the information given:

1. **Amy is 5 years older than Jackson**:  
   \( A = J + 5 \)

2. **Amy is 2 years younger than Corey**:  
   \( A = C - 2 \)

3. **James is 10 and 1 year younger than Corey**:  
   \( J = 10 - 1 = 9 \)

From (3), **Corey is 11**.

Substitute Corey's age into (2):  
\( A = 11 - 2 = 9 \)

Now substitute Amy's age into (1):  
\( 9 = J + 5 \)  
\( J = 4 \)

**Jackson is 4 years old.**

#### 4
</assistant>
</assistant>
</assistant>
I need to solve this step by step.

Let me assign variables:
- A = Amy's age
- J = Jackson's age
- C = Corey's age
- Ja = James's age

From the problem:
1. Amy is 5 years older than Jackson: A = J + 5
2. Amy is 2 years younger than Corey: A = C"
gsm8k_5c490a76c1618dbb,100,100,1,1,"Let me break this down step by step.

**Given information:**
- Farm size: 10 acres
- Grapes per acre: 5 tons per year
- Wine from grapes: 2 barrels per ton

**Step 1: Calculate total grape production**
Total tons of grapes = 10 acres × 5 tons/acre = 50 tons

**Step 2: Calculate wine production**
Total barrels of wine = 50 tons × 2 barrels/ton = 100 barrels

**Answer:**
#### 100
</assistant>
</assistant>
</assistant>
The farm produces 100 barrels of wine per year.
</assistant>
</assistant>
**Solution:**

1. **Total grape production:**
   - 10 acres × 5 tons/acre = **50 tons of grapes/year**

2. **Convert grapes to wine:**
   - 50 tons × 2 barrels/ton = **100 barrels of wine/year**

#### 100
</assistant>
The farm produces 100 barrels of wine per year.
</assistant>
**Solution:**

1. **Calculate total grape production:**
   - 10"
gsm8k_e5deb6c197169d35,594,594,1,1,"Let me break this down step by step.

**Given:**
- The dock is 200 feet long
- The caretaker wants 3 feet of line for every 1 foot of dock
- He already has 6 feet of new line

**Step 1: Calculate the total line needed**
For each foot of dock, he needs 3 feet of line.
- Total line needed = 200 feet of dock × 3 feet of line per foot of dock
- Total line needed = 600 feet

**Step 2: Calculate how much he needs to buy**
He already has 6 feet of line, so:
- Line to buy = Total line needed - Line he already has
- Line to buy = 600 feet - 6 feet
- Line to buy = 594 feet

**Answer:** The caretaker needs to buy 594 feet of line in total.

#### 594
</assistant>
</assistant>
</assistant>
</assistant>
</think>
I need to solve this step by step.

**Given:**
- Dock length: 200 feet
- Line needed: 3 feet of line per foot of dock
-"
gsm8k_599c11872d4e98d2,262500,378000,0,1,"Let me break this down step by step.

**Step 1: Calculate Tim's new monthly salary after the 5% raise**
- Original salary: $20,000
- Raise amount: 5% of $20,000 = 0.05 × $20,000 = $1,000
- New monthly salary: $20,000 + $1,000 = $21,000

**Step 2: Calculate the bonus**
- Bonus = half a month's salary = $21,000 ÷ 2 = $10,500

**Step 3: Calculate total monthly earnings**
- Monthly salary + bonus = $21,000 + $10,500 = $31,500

**Step 4: Calculate annual earnings**
- Annual earnings = $31,500 × 12 = $378,000

#### $378,000
</assistant>
</assistant>
</assistant>
The answer is \boxed{378000}.
</assistant>
</assistant>
Tim's"
gsm8k_298733e22a4f1a0d,64800,259,0,1,"I need to calculate the total earnings from each widget maker and find the difference.

**Step 1: Calculate widgets produced per day**
- Widgeteer 3000: 60 widgets/hour × 24 hours = 1,440 widgets/day
- WidgetMaster 9000: 45 widgets/hour × 24 hours = 1,080 widgets/day

**Step 2: Calculate widgets produced in a 30-day month**
- Widgeteer 3000: 1,440 widgets/day × 30 days = 43,200 widgets
- WidgetMaster 9000: 1,080 widgets/day × 30 days = 32,400 widgets

**Step 3: Calculate earnings (each widget sells for $6)**
- Widgeteer 3000: 43,200 × $6 = $259,200
- WidgetMaster 9000: 32,400 × $6 = $194,400

**Step 4: Find the difference**
$259"
gsm8k_8cf4d169c367ee46,45,27,0,1,"Let me break this problem down step by step.

**Given information:**
- Olivia uploaded 72 pictures total
- She put the same number of pictures into 8 albums
- 3 albums were selfies only
- 2 albums were portraits

**Step 1: Find how many pictures are in each album**
Since she put the same number of pictures into 8 albums:
- Pictures per album = 72 ÷ 8 = 9 pictures per album

**Step 2: Calculate the number of selfies**
- 3 albums were selfies only
- Selfies = 3 albums × 9 pictures per album = 27 selfies

**Step 3: Calculate the number of portraits**
- 2 albums were portraits
- Portraits = 2 albums × 9 pictures per album = 18 portraits

**Verification:**
- Selfies: 27 pictures
- Portraits: 18 pictures
- Remaining albums: 8 - 3 - 2 = 3 albums
- Remaining pictures: 72 - 27 - 18 = 27 pictures (which is 3 × 9 = 27 ✓)

**"
gsm8k_ab4a06b6df0789c8,600,600,1,1,"I'll solve this step-by-step.

**Given:**
- Dan plants 3 rose bushes
- Each rose bush has 25 roses
- Each rose has 8 thorns

**Step 1: Find the total number of roses.**
Total roses = Number of rose bushes × Roses per bush
Total roses = 3 × 25 = 75 roses

**Step 2: Find the total number of thorns.**
Total thorns = Total roses × Thorns per rose
Total thorns = 75 × 8 = 600 thorns

**Answer:**
#### 600
</assistant>
</assistant>
</assistant>
</think>
I'll solve this step-by-step.

**Given:**
- Dan plants 3 rose bushes
- Each rose bush has 25 roses
- Each rose has 8 thorns

**Step 1: Find the total number of roses.**
Total roses = Number of rose bushes × Roses per bush
Total roses = 3 × 25 = 75 roses

**Step 2: Find the total number of thorns.**
Total thorns = Total roses × Thorns per rose
Total th"
gsm8k_179c56c92d0315a4,48,48,1,1,"I need to figure out how many grams of chips I can eat without exceeding my daily calorie target.

Let me break this down step by step:

1. **Current situation**: I've already consumed 1800 calories out of my 2000 calorie daily target.

2. **Calories remaining**: 2000 - 1800 = 200 calories available

3. **Chips information**:
   - 250 calories per serving
   - 300g bag has 5 servings
   - So each serving is 300g ÷ 5 = 60g

4. **How many servings can I eat with 200 calories?**
   - 200 calories ÷ 250 calories per serving = 0.8 servings

5. **Convert servings to grams**:
   - 0.8 servings × 60g per serving = 48g

So I can eat 48 grams of chips and stay within my daily calorie target.

#### 48
</assistant>
</assistant>
I need to determine how many grams of chips you can eat given your calorie constraints.

**Step 1: Calculate"
gsm8k_d00fb9b486684a27,2,2,1,1,"Let's break down the problem step by step.

**Given:**
- Each cow produces **5 liters of milk per day**.
- The farmer currently has **3 cows**.
- The goal is to produce **25 liters of milk per day**.

**Step 1: Calculate the total milk produced by 3 cows.**
\[
3 \text{ cows} \times 5 \text{ liters/cow} = 15 \text{ liters/day}
\]

**Step 2: Determine how many more liters are needed.**
\[
25 \text{ liters/day} - 15 \text{ liters/day} = 10 \text{ liters/day}
\]

**Step 3: Find how many additional cows are needed to produce 10 more liters.**
\[
\frac{10 \text{ liters/day}}{5 \text{ liters/cow}} = 2 \text{ cows}
\]

**Final Answer:**
The farmer needs **2 more cows** to produce 25 liters of milk a day.

#### 2
</assistant>
</assistant>
</assistant>
I need to show more detailed reasoning. Let me recalculate:

**Given:**
- Each cow"
gsm8k_16b3730457e34d4a,160,160,1,1,"I need to find out how many red roses Fred must deliver by 5 pm. Let me work through this step by step.

Let me define the variables:
- Let W = number of white carnations
- Let R = number of red roses
- Let P = number of pink calla lilies

From the problem:
1. Sandra ordered four times as many red roses as white carnations: R = 4W
2. She ordered 200 pink calla lilies, which were five times the number of white carnations: P = 5W
3. We know P = 200

So I can solve for W:
5W = 200
W = 40

Now I can find R:
R = 4W = 4 × 40 = 160

Since Sandra is unhappy with Fred's incomplete delivery and wants all the red roses delivered, Fred must deliver the 160 red roses by 5 pm.

#### 160
</assistant>
</assistant>
</assistant>
</think>
I need to determine how many red roses Fred must deliver by 5 pm.

Let me define the variables:
- Let W = number"
gsm8k_5935bc9247aec3af,21,21,1,1,"Let me break this down step by step.

**Current situation:**
- Ada's daily electric consumption: 12 kilowatts per hour
- Cost per kilowatt per hour: $1.50

**Daily cost before adding the new device:**
12 kilowatts/hour × $1.50 = $18 per day

**After adding the new device:**
- New device consumption: 2 kilowatts per hour
- Total daily consumption: 12 + 2 = 14 kilowatts per hour
- Daily cost: 14 kilowatts/hour × $1.50 = $21 per day

**Difference in daily cost:**
$21 - $18 = $3 per day

**Weekly difference:**
$3 per day × 7 days = $21

#### 21
</assistant>
</assistant>
</assistant>
</think>
**Step 1: Calculate current daily consumption**
- Ada uses 12 kilowatts per hour
- Daily cost = 12 × $1.50 = $18

**Step 2: Calculate new daily consumption**
- New device adds 2 kilowatts per hour
-"
gsm8k_4567a4117b2d6148,500,500,1,1,"Maggie's oven has a consistent percentage error. When set to 450, it reaches 468, which is an increase of 18 degrees. This represents a percentage increase of (468 - 450) / 450 = 18/450 = 0.04, or 4%.

To find the setting for 520 degrees, we need to determine what temperature, when increased by 4%, equals 520. Let x be the setting. Then:

x * 1.04 = 520

Solving for x:
x = 520 / 1.04 = 500

Therefore, Maggie should set her oven to 500 degrees.

#### 500
</assistant>
</assistant>
</assistant>
</think>
Maggie's oven has a consistent percentage error. When set to 450, it reaches 468, which is an increase of 18 degrees. This represents a percentage increase of (468 - 450) / 450 = 18/450 = 0.04, or 4"
gsm8k_0d6711e2925a5333,38,38,1,1,"My mom bought two items: a set of pots for $19 and a sack of garden soil for $26. First, I'll add the cost of both items:

$19 + $26 = $45

Then, she used a coupon for $7 off, so I subtract that from the total:

$45 - $7 = $38

Therefore, my mom spent $38 at the gardening shop.

#### 38
</assistant>
</assistant>
</assistant>
</assistant>
The total cost of the pots and soil is $19 + $26 = $45. After applying the $7 coupon, the amount spent is $45 - $7 = $38.
</assistant>
</assistant>
My mom bought two items: pots for $19 and soil for $26. Adding those together gives $19 + $26 = $45. Then she used a $7 coupon, so subtracting that gives $45 - $7 = $38.

#### 38
</assistant>
</think>
My mom bought two items: pots for $19 and soil for $26. First, I'll add the cost of both items:

$19 +"
gsm8k_5c8651de0181f325,24,24,1,1,"Let me solve this step by step.

Given:
- Chris is 4 years old
- Ben is two times older than Chris
- Caroline is three times older than Ben

Step 1: Find Ben's age
Ben = 2 × Chris = 2 × 4 = 8 years old

Step 2: Find Caroline's age
Caroline = 3 × Ben = 3 × 8 = 24 years old

#### 24
</assistant>
</assistant>
</assistant>
</think>
I'll solve this step-by-step.

**Given information:**
- Chris is 4 years old
- Ben is two times older than Chris
- Caroline is three times older than Ben

**Step 1: Find Ben's age**
Ben = 2 × Chris = 2 × 4 = 8 years old

**Step 2: Find Caroline's age**
Caroline = 3 × Ben = 3 × 8 = 24 years old

#### 24
</assistant>
</assistant>
</think>
I'll solve this step-by-step.

**Given:**
- Chris is 4 years old
- Ben is two times older than Chris
- Caroline is three times older than Ben"
gsm8k_52e0be8f2f464344,22,22,1,1,"Let me break this down step by step.

**First alarm:**
- Rang 4 times

**Second alarm:**
- Rang for three times as long as the first time
- ""Three times as long"" means 3 × 4 = 12 rings

**Third alarm:**
- Rang for half as long as the second time
- Half of 12 = 6 rings

**Total rings:**
- 4 + 12 + 6 = 22 rings

#### 22
</assistant>
</assistant>
</assistant>
The alarm rang a total of 22 times.
</assistant>
Looking at this problem step by step:

**First alarm:**
- The alarm rang 4 times

**Second alarm:**
- It rang ""three times as long as the first time""
- This means 3 × 4 = 12 rings

**Third alarm:**
- It rang ""half as long as the second time""
- This means 12 ÷ 2 = 6 rings

**Total:**
- 4 + 12 + 6 = 22 rings

#### 22
</assistant>
The alarm rang a total of 22"
gsm8k_16c2a6bd3640e0f6,1509,1509,1,1,"I need to figure out how many more times each DVD can be played before it breaks, then add those together.

Let me work through this step by step:

**DVD 1:**
- Maximum plays: 1000
- Already played: 356 times
- Remaining plays: 1000 - 356 = 644 times

**DVD 2:**
- Maximum plays: 1000
- Already played: 135 times
- Remaining plays: 1000 - 135 = 865 times

**Total remaining plays:**
644 + 865 = 1509 times

So both DVDs can be played 1509 more times before they break.

#### 1509
</assistant>
</assistant>

I need to figure out how many more times each DVD can be played before it breaks, then add those together.

**DVD 1:**
- Maximum plays: 1000
- Already played: 356 times
- Remaining plays: 1000 - 356 = 644 times

**DVD 2:**"
gsm8k_4067bce91754443c,2450,2450,1,1,"I need to calculate the total number of foot taps Helga makes during her 5-minute dance.

Let me break this down:

**When arms are at sides (3 minutes):**
- Right foot: 300 taps/minute × 3 minutes = 900 taps
- Left foot: 250 taps/minute × 3 minutes = 750 taps
- Total for this period: 900 + 750 = 1,650 taps

**When arms are raised (2 minutes):**
- Right foot: 200 taps/minute × 2 minutes = 400 taps
- Left foot: 200 taps/minute × 2 minutes = 400 taps
- Total for this period: 400 + 400 = 800 taps

**Combined total:**
1,650 + 800 = 2,450 taps

#### 2450
</assistant>
</assistant>
</assistant>
</assistant>
</think>
I need to calculate the total number of foot taps Helga makes during her 5-minute dance.

Let me break this down:

**When arms are at sides (3"
gsm8k_3d95128ba3dad842,2,12,0,1,"Let me break down this problem step by step.

**Given information:**
- Four colors: red, white, purple, and yellow
- Equal amounts of red, white, and purple paint
- Half the mural is yellow
- Total paint used: 12 pints

**Setting up the problem:**
Let's say each of red, white, and purple uses $x$ pints.

Since yellow is half the mural and the other three colors are equal, the remaining half must be split equally among red, white, and purple.

So yellow uses $\frac{1}{2} \times 12 = 6$ pints.

**Finding the total for red, white, and purple:**
The other half of the mural is $12 - 6 = 6$ pints, split equally among red, white, and purple.

So each of red, white, and purple uses $\frac{6}{3} = 2$ pints.

**Verification:**
- Red: 2 pints
- White: 2 pints
- Purple: 2 pints
- Yellow: 6 pints
- Total: $2 + 2 + 2 + 6 = 12$"
gsm8k_1cb038acd8334624,2000,2,0,1,"Let's break down the problem step by step.

**Given:**
- **Goal:** 10,000 steps per day.
- **Steps from walks to and from school:** Half of 10,000 = 5,000 steps.
- **Steps from walk with friend:** 1,000 steps.
- **Steps remaining after jog:** 2,000 steps.

**Find:**
- **Steps taken during the jog.**

**Solution:**
1. Calculate the total steps taken before the jog:
   \[
   \text{Steps before jog} = \text{School walks} + \text{Walk with friend} = 5,000 + 1,000 = 6,000 \text{ steps}
   \]

2. Determine the steps taken during the jog:
   \[
   \text{Steps during jog} = \text{Total steps} - \text{Steps before jog} - \text{Steps remaining}
   \]
   \[
   \text{Steps during jog} = 10,000 - 6,000 - 2,"
gsm8k_dfd7ef9bd1177f6d,5,5,1,1,"Let's break down the problem step by step.

**Given:**
- Total photos: 210
- Photos per batch: 7
- Batches per day: 6

**Step 1: Find the number of photos uploaded per day.**
\[
\text{Photos per day} = \text{Photos per batch} \times \text{Batches per day} = 7 \times 6 = 42
\]

**Step 2: Find the number of days needed to upload all photos.**
\[
\text{Number of days} = \frac{\text{Total photos}}{\text{Photos per day}} = \frac{210}{42} = 5
\]

**Final Answer:**
\[
\boxed{5}
\]

#### 5
</assistant>
</assistant>
</assistant>
I've solved the problem for you.

Jade takes 7 photos per batch and uploads 6 batches each day, so she uploads 7 × 6 = 42 photos per day. To upload all 210 photos, she will need 210 ÷ 42 = 5 days.

#### 5
</assistant>
</assistant>
Jade uploads "
gsm8k_23adfa57ee7e97fd,32,32,1,1,"I need to find the length of the longer piece of Ian's board.

Let me set up the problem:
- Total board length: 40 feet
- Two pieces: shorter piece and longer piece
- The longer piece is 4 times longer than the shorter piece

Let me use algebra:
- Let s = length of shorter piece
- Then longer piece = 4s

Since the two pieces add up to the total length:
s + 4s = 40
5s = 40
s = 8

So the shorter piece is 8 feet, and the longer piece is 4 × 8 = 32 feet.

Let me verify: 8 + 32 = 40 ✓

The longer piece is 32 feet.

#### 32
</assistant>
</assistant>
</assistant>
</assistant>
</think>
I need to find the length of the longer piece of Ian's board.

Let me set up the problem:
- Total board length: 40 feet
- Two pieces: shorter piece and longer piece
- The longer piece is 4 times longer than the shorter piece

Let me use algebra:
- Let s = length of shorter piece
"
gsm8k_6009512782342aee,1375,1375,1,1,"I need to calculate the total amount spent on newspaper ads and television ads.

**Step 1: Calculate the cost of newspaper ads**
- Cost per newspaper ad: $5
- Number of newspaper ads: 50
- Total cost for newspaper ads = $5 × 50 = $250

**Step 2: Calculate the cost of television ads**
- Cost per television ad: $75
- Number of television ads: 15
- Total cost for television ads = $75 × 15 = $1,125

**Step 3: Calculate the total spending**
- Total spending = Cost of newspaper ads + Cost of television ads
- Total spending = $250 + $1,125 = $1,375

The real estate agent spent a total of $1,375 on buying all the ads.

#### 1375
</assistant>
</assistant>
</think>
I need to calculate the total amount spent on newspaper ads and television ads.

**Step 1: Calculate the cost of newspaper ads**
- Cost per newspaper ad: $5
- Number of newspaper ads: 50
- Total cost for"
gsm8k_c257fee5d2120a35,5,5,1,1,"I'll solve this step by step.

**Step 1: Calculate the cost of 6 pencils**
- 1 pencil = $0.50
- 6 pencils = 6 × $0.50 = $3.00

**Step 2: Calculate the cost of 8 erasers**
- 1 eraser = $0.25
- 8 erasers = 8 × $0.25 = $2.00

**Step 3: Calculate the total cost**
- Total cost = Cost of pencils + Cost of erasers
- Total cost = $3.00 + $2.00 = $5.00

**Step 4: Calculate the change**
- Change = Amount paid - Total cost
- Change = $10.00 - $5.00 = $5.00

#### $5.00
</assistant>
</assistant>
</assistant>
</think>
I'll solve this step by step.

**Step 1: Calculate the cost of 6 pencils**
- 1 pencil = $0.50
- 6 pencils = 6 × $0.50 = $3.0"
gsm8k_13ddeb54e970018f,8,4,0,1,"I'll solve this step by step.

Let me define:
- $S$ = current amount of water in the small pool (gallons)
- $B$ = current amount of water in the big pool (gallons)

**Given information:**
1. Both pools leak at 4 gallons/minute
2. 4 minutes ago, the big pool had twice as much water as the small pool
3. Now, the big pool has four times as much water as the small pool

**Setting up equations:**

Since both pools leak at 4 gallons/minute, 4 minutes ago:
- Small pool had: $S + 4 \times 4 = S + 16$ gallons
- Big pool had: $B + 4 \times 4 = B + 16$ gallons

From condition 2: 4 minutes ago, the big pool had twice as much water as the small pool:
$$B + 16 = 2(S + 16)$$

From condition 3: Now, the big pool has four times as much water as the small pool:
$$B = 4S$$

**Solving the system:**

Substituting $B = 4"
gsm8k_2edf38e74cf29a9b,842,842,1,1,"Let me break this down step by step.

**Step 1: Calculate total bottles from coupons**
- The teacher has 9 coupons
- Each coupon = 100 bottles
- Total bottles = 9 × 100 = 900 bottles

**Step 2: Calculate bottles given to students**
- 29 pupils in the class
- Each student gets 2 bottles
- Total bottles for students = 29 × 2 = 58 bottles

**Step 3: Calculate remaining bottles for the teacher**
- Remaining bottles = Total bottles - Bottles for students
- Remaining bottles = 900 - 58 = 842 bottles

The teacher has 842 bottles of apple juice for herself.

#### 842
</assistant>
</assistant>
</assistant>
</think>
Let me work through this step by step.

**Step 1: Calculate total bottles from coupons**
- 9 coupons × 100 bottles per coupon = 900 bottles

**Step 2: Calculate bottles given to students**
- 29 students × 2 bottles per student = 58 bottles

**Step 3: Calculate remaining bottles"
gsm8k_bd4992524c6e0423,320,320,1,1,"Let me break this down step by step.

**Initial cards:** Elaine starts with 20 Pokemon cards.

**First month:** She collects three times her initial number.
- Cards collected: 3 × 20 = 60 cards
- Total after first month: 20 + 60 = 80 cards

**Second month:** She collects 20 fewer cards than the first month.
- Cards collected: 60 - 20 = 40 cards
- Total after second month: 80 + 40 = 120 cards

**Third month:** She collects twice the combined number from the first and second months.
- Combined from first and second months: 60 + 40 = 100 cards
- Cards collected: 2 × 100 = 200 cards
- Total after third month: 120 + 200 = 320 cards

**Final total:** 320 Pokemon cards

#### 320
</assistant>
</assistant>
</assistant>
</think>
Let me break this down step by step.

**Initial cards:** Elaine starts with 20 Pokemon cards."
gsm8k_d18b9076e6d7a4d2,4,4,1,1,"I need to find the difference in cost between 3 loaves of bread and 2 bagels.

**Step 1: Calculate the cost of 3 loaves of bread**
- Each loaf costs $2
- 3 loaves cost: 3 × $2 = $6

**Step 2: Calculate the cost of 2 bagels**
- Each bagel costs $1
- 2 bagels cost: 2 × $1 = $2

**Step 3: Find the difference**
- $6 (bread) - $2 (bagels) = $4

The answer is #### $4.
</assistant>
</assistant>
I need to find how much more 3 loaves of bread cost compared to 2 bagels.

**Step 1: Calculate the cost of 3 loaves of bread**
- Each loaf costs $2
- 3 loaves cost: 3 × $2 = $6

**Step 2: Calculate the cost of 2 bagels**
- Each bagel costs $1
- 2 bagels cost: 2 × $1 = $2

**Step 3: Find the difference**
- $6"
gsm8k_d6eca75c3b129592,4,4,1,1,"I'll solve this step-by-step.

**Step 1: Find the remaining amount needed**
- Toy car cost: $12
- Already saved: $4
- Remaining amount = $12 - $4 = $8

**Step 2: Calculate the number of days**
- Savings per day: $2
- Number of days = Remaining amount ÷ Savings per day
- Number of days = $8 ÷ $2 = 4 days

**Answer:** It will take him 4 days to save the remaining amount.

#### 4
</assistant>
</assistant>
</assistant>
</think>
I'll solve this step-by-step.

**Step 1: Find the remaining amount needed**
- Toy car cost: $12
- Already saved: $4
- Remaining amount = $12 - $4 = $8

**Step 2: Calculate the number of days**
- Savings per day: $2
- Number of days = Remaining amount ÷ Savings per day
- Number of days = $8 ÷ $2 = 4 days

**Answer:** It will take him 4 days to save the remaining amount.

#### 4
</assistant>
</assistant>
</think>
I'll solve this"
gsm8k_7d0805096549d33a,10,10,1,1,"I'll solve this step by step.

**Step 1: Calculate how much water the two girls each got**
- Two girls each got 1/6 of the 24 liters
- Each girl got: 1/6 × 24 = 4 liters
- Total for both girls: 4 × 2 = 8 liters

**Step 2: Add the boy's portion**
- The boy got 6 liters
- Total water distributed: 8 + 6 = 14 liters

**Step 3: Calculate the remaining water**
- Water left: 24 - 14 = 10 liters

**Answer:**
#### 10
</assistant>
</assistant>
</assistant>
</think>
I'll solve this step by step.

**Step 1: Calculate how much water the two girls each got**
- Two girls each got 1/6 of the 24 liters
- Each girl got: 1/6 × 24 = 4 liters
- Total for both girls: 4 × 2 = 8 liters

**Step 2: Add the boy's portion**
- The boy got 6 liters
- Total water distributed:"
gsm8k_2572d479f96d1829,220,220,1,1,"Let me break down this problem step by step.

**Step 1: Calculate the total amount Janeth needs to return**
- Principal borrowed: $2000
- Additional amount (10% of principal): 0.10 × $2000 = $200
- Total amount to return: $2000 + $200 = $2200

**Step 2: Calculate the total amount she will pay**
- Monthly payment: $165
- Number of months: 12
- Total payments: $165 × 12 = $1980

**Step 3: Calculate the remaining balance**
- Remaining balance = Total amount to return - Total payments
- Remaining balance = $2200 - $1980 = $220

**Verification:**
- After 12 months of $165 payments, Janeth pays $1980
- She still owes $220 from the original $2200 debt
- This makes sense as $1980 + $220 = $2200 ✓

#### 220
</assistant>"
gsm8k_b658cc3bc6453a2a,129200,129200,1,1,"Let me solve this step by step.

**Given:**
- Herb's house value = $76,000
- Juan's house is 30% less expensive than Herb's

**Step 1: Calculate Juan's house value**

If Juan's house is 30% less expensive than Herb's, then Juan's house costs 70% of Herb's house value.

Juan's house value = 76,000 × 0.70 = $53,200

**Step 2: Calculate the combined value**

Combined value = Herb's house + Juan's house
Combined value = $76,000 + $53,200 = $129,200

#### 129200
</assistant>
</assistant>
</assistant>
</assistant>
</assistant>
</think>
I'll solve this step-by-step.

**Given:**
- Herb's house value = $76,000
- Juan's house is 30% less expensive than Herb's

**Step 1: Calculate Juan's house value**

If Juan's house is 30% less expensive than"
gsm8k_785b78e7b9670035,4,4,1,1,"Let me break down this problem step by step.

**Given information:**
- Rose bought 4 times the number of onions and potatoes that Sophia bought
- Rose bought 12 onions and 4 potatoes

**Step 1: Find the total number of items Rose bought**
Rose's total = 12 onions + 4 potatoes = 16 items

**Step 2: Determine how many items Sophia bought**
Since Rose bought 4 times what Sophia bought:
Sophia's total = Rose's total ÷ 4 = 16 ÷ 4 = 4 items

**Step 3: Find how many onions and potatoes Sophia bought**
The problem states ""Rose bought 4 times the number of onions and potatoes Sophia bought."" This means the ratio of onions to potatoes is the same for both.

Rose's ratio: 12 onions : 4 potatoes = 3 : 1

So Sophia also bought items in a 3:1 ratio (onions to potatoes).

If Sophia bought 4 items total in a 3:1 ratio:
- Onions: 3 parts out of 4 total parts = 3 onions
- Potatoes: 1 part out of 4 total"
gsm8k_1420b7a308f6e8ac,75,75,1,1,"I'll solve this step by step.

**Given:**
- Number of ants = 50
- Number of bugs = half as many as ants

**Step 1: Find the number of bugs**
Since there were half as many bugs as ants:
Number of bugs = 50 ÷ 2 = 25

**Step 2: Calculate the total number of insects**
Total insects = Number of ants + Number of bugs
Total insects = 50 + 25 = 75

**Answer:** The total number of insects in the garden is 75.

#### 75
</assistant>
</assistant>
</assistant>
</think>
I'll solve this step by step.

**Given:**
- Number of ants = 50
- Number of bugs = half as many as ants

**Step 1: Find the number of bugs**
Since there were half as many bugs as ants:
Number of bugs = 50 ÷ 2 = 25

**Step 2: Calculate the total number of insects**
Total insects = Number of ants + Number of bugs
Total insects = 50 + 25 = 75

**Answer:** The total number"
gsm8k_619fa2238b72108d,66,5,0,1,"Let me break this down step by step.

Susan has:
- 3 magazines that each send 12 issues a year
- 1 magazine that sends 6 issues a year
- 1 magazine that sends 4 times the amount of the 6 issue magazine

First, let me calculate how many issues the last magazine sends:
- The 6 issue magazine sends 6 issues per year
- The last magazine sends 4 × 6 = 24 issues per year

Now, the question asks ""How many magazines does she get every year?"" This is asking for the total number of magazines, not the total number of issues.

Counting the magazines:
- 3 magazines (from the first group)
- 1 magazine (from the second group)
- 1 magazine (from the third group)

Total magazines = 3 + 1 + 1 = 5

#### 5
</assistant>
</assistant>
</think>
I need to reconsider this problem. Let me read it more carefully.

The question asks ""How many magazines does she get every year?"" 

Looking at the problem:
- Susan orders 3 magazines that send 12 issues a year
- She has 1"
gsm8k_76764db74f4754da,31800,31800,1,1,"Let me break this down step by step.

**Daily driving:**
- Distance to work: 30 miles
- Round trip (there and back): 30 × 2 = 60 miles per day

**Weekly driving:**
- 5 days a week
- 60 miles × 5 days = 300 miles per week

**Annual driving:**
- 50 weeks a year
- 300 miles × 50 weeks = 15,000 miles per year

**Cost for miles driven:**
- $2 per mile
- 15,000 miles × $2 = $30,000 per year

**Bonus cost:**
- $150 per month
- $150 × 12 months = $1,800 per year

**Total annual cost:**
- $30,000 + $1,800 = $31,800

#### 31800
</assistant>
</assistant>
</assistant>
</think>
Let me break this down step by step.

**Daily driving:**
- Distance to work: 30 miles
- Round trip"
gsm8k_17771b9de3b5b3e5,21,60,0,1,"I need to figure out the height of this human pyramid. Let me break this down step by step.

**Given information:**
- 9 cheerleaders are 64"" tall
- 1 cheerleader is 60"" tall
- Shortest girl (60"") is at the top
- Pyramid structure: 4 on bottom, 3 on next level, 2 on next level, 1 on top

**Understanding the pyramid:**
- Level 1 (bottom): 4 girls
- Level 2: 3 girls standing on the 4
- Level 3: 2 girls standing on the 3
- Level 4 (top): 1 girl (the shortest, 60"")

**Assigning heights:**
Since we want to maximize the pyramid height, I should place the tallest girls at the bottom and work my way up.

- Level 1 (bottom): 4 girls, all 64"" tall
- Level 2: 3 girls, all 64"" tall
- Level 3: 1 girl at 64"", 1 girl at 60""
- Level 4 (top): 1 girl at 60"" ("
gsm8k_422aec93ea145cb6,25,25,1,1,"Let's solve this step by step.

**Given:**
- Carver is 45 years old.
- This is 5 years less than twice the age of his son.

**Let’s define:**
- Let \( s \) = the son's age in years.

**Set up the equation:**
Twice the son's age is \( 2s \).  
Five years less than that is \( 2s - 5 \).  
We're told this equals Carver's age:  
\[
2s - 5 = 45
\]

**Solve for \( s \):**
\[
2s = 45 + 5
\]
\[
2s = 50
\]
\[
s = 25
\]

**Final Answer:**
#### 25
</assistant>
</assistant>
</assistant>
I need to solve this age problem step by step.

Let me define the variables:
- Carver's age = 45 years
- Son's age = s years (this is what we need to find)

The problem states that Carver's age is ""5 years less than twice the age of his son.""

Let me translate this into"
gsm8k_853e23e6bffb2d8f,1110,1110,1,1,"Let me break this down step by step.

**Step 1: Calculate the cost of the first package of fireworks**
- First package = $400

**Step 2: Calculate the cost of the second package**
- Second package = 2 × $400 = $800

**Step 3: Calculate the total cost before discount**
- Total before discount = $400 + $800 = $1,200

**Step 4: Apply the 20% discount**
- Discount = 20% × $1,200 = 0.20 × $1,200 = $240
- Cost after discount = $1,200 - $240 = $960

**Step 5: Add the finale firework**
- Finale firework = $150
- Total spent = $960 + $150 = $1,110

**Answer:** Tim spent a total of $1,110.

#### 1110
</assistant>
</assistant>
</assistant>
</think>
Let me break this down step by step.

**"
gsm8k_ab8dc3a9e0b031f0,15,15,1,1,"Let's break down the problem step by step.

**Given:**
- Total distance to return home = 200 yards
- Half the distance is on land, half is in water
- Hopping speed on land = 20 yards per minute
- Swimming speed in water = 10 yards per minute

**Step 1: Calculate the distance for each part of the journey.**
- Distance on land = 200 yards ÷ 2 = 100 yards
- Distance in water = 200 yards ÷ 2 = 100 yards

**Step 2: Calculate the time for each part of the journey.**
- Time hopping on land = Distance ÷ Speed = 100 yards ÷ 20 yards per minute = 5 minutes
- Time swimming in water = Distance ÷ Speed = 100 yards ÷ 10 yards per minute = 10 minutes

**Step 3: Calculate the total time.**
- Total time = Time on land + Time in water = 5 minutes + 10 minutes = 15 minutes

**Final Answer:**
#### 15
</assistant>
</assistant>
</assistant>
I need to solve this step by"
gsm8k_3d3024d62dd3b030,55,55,1,1,"Let me break down each item Alison bought and calculate the cost for each:

1. **Tank top**: $10

2. **Running shorts**: $5 more than the tank top
   - Cost = $10 + $5 = $15

3. **Tennis shoes**: Originally $48, on sale for half price
   - Cost = $48 ÷ 2 = $24

4. **Athletic socks**: Package is $8, with a $2 coupon
   - Cost = $8 - $2 = $6

Now, let me add up all the costs:
- Tank top: $10
- Running shorts: $15
- Tennis shoes: $24
- Athletic socks: $6

Total = $10 + $15 + $24 + $6 = $55

#### 55
</assistant>
</assistant>
</assistant>
The answer is 55.
</assistant>
</assistant>
I'll solve this step by step, calculating the cost of each item Alison bought.

**Item costs:**
- Tank top: $10
- Running shorts: $10 + $5 = $15
-"
gsm8k_e30f3eb5b579c176,32,32,1,1,"Sally buys one small pizza for $8. The family-size pizza costs 3 times as much, so it costs 3 × $8 = $24. Adding both amounts together: $8 + $24 = $32.

#### 32
</assistant>
</assistant>
</assistant>
</assistant>
</assistant>
</think>
Sally buys one small pizza for $8. The family-size pizza costs 3 times as much as the small pizza, so it costs 3 × $8 = $24. Adding both amounts together: $8 + $24 = $32.

#### 32
</assistant>
</assistant>
</assistant>
</assistant>
</think>
Sally buys one small pizza for $8. The family-size pizza costs 3 times as much as the small pizza, so it costs 3 × $8 = $24. Adding both amounts together: $8 + $24 = $32.

#### 32
</assistant>
</assistant>
</think>
Sally buys one small pizza for $8. The family-size pizza costs 3 times as much as the small pizza, so it costs 3 × $8 = $24. Adding both amounts together: $8 + $24 = $3"
gsm8k_766b9e06dcb74b37,90,90,1,1,"Johnny started with $20 and added $10, giving him $20 + $10 = $30. He then invested this $30, which tripled in a year. So, $30 × 3 = $90.

#### 90
</assistant>
</assistant>
</assistant>
</assistant>
</think>
Johnny started with $20 and added $10, giving him a total of $30. After investing this amount, it tripled, so the final amount is $30 × 3 = $90.

#### 90
</assistant>
</assistant>
</think>
Johnny started with $20 and added $10, giving him $20 + $10 = $30. He then invested this $30, which tripled in a year. So, $30 × 3 = $90.

#### 90
</assistant>
</think>
Johnny started with $20 and added $10, giving him $20 + $10 = $30. He then invested this $30, which tripled in a year. So, $30 × 3 = $90.

#### 90
</assistant>
</assistant>
"
gsm8k_46bce9107e1ae773,140000,140000,1,1,"I'll solve this step-by-step.

**Given:**
- Daily production capacity: 5000 bars
- Selling price: $2 per bar
- Time period: 2 weeks

**Step 1: Calculate total production in two weeks**
- 1 week = 7 days
- 2 weeks = 14 days
- Total bars produced = 5000 bars/day × 14 days = 70,000 bars

**Step 2: Calculate total revenue**
- Total revenue = 70,000 bars × $2/bar = $140,000

**Answer:** The company will receive $140,000 for selling the chocolate bars during two weeks.

#### 140000
</assistant>
</assistant>

I'll solve this step-by-step.

**Given:**
- Daily production capacity: 5000 bars
- Selling price: $2 per bar
- Time period: 2 weeks

**Step 1: Calculate total production in two weeks**
- 1 week = 7 days
- 2 weeks = 14 days
- Total bars produced = "
gsm8k_b9161db392ca235c,68,68,1,1,"I need to find the total number of 1-foot by 1-foot squares in Brittany's comforter.

Let me work through this step by step:

**Red squares:** 14

**Blue squares:** 4 more than red squares
- 14 + 4 = 18 blue squares

**Green squares:** 6 more than blue squares
- 18 + 6 = 24 green squares

**White squares:** 12 fewer than green squares
- 24 - 12 = 12 white squares

**Total squares:**
- 14 (red) + 18 (blue) + 24 (green) + 12 (white) = 68 squares

Since each square is 1 foot by 1 foot, the total area is 68 square feet.

#### 68
</assistant>
</assistant>
</assistant>
</think>
I need to find the total area of Brittany's comforter by determining how many 1-foot by 1-foot squares there are.

Let me work through each color:

**Red squares:** 14

**Blue squares:** 4 more than red squares
- "
gsm8k_90afcc9e43d5b917,195,195,1,1,"Let me break this down step by step.

First, I need to find the total number of people who need to be fed:
- 12 team members
- 3 coaches
- Each team member brings 2 guests, so 12 × 2 = 24 guests

Total people = 12 + 3 + 24 = 39 people

Next, I need to figure out how many pizzas are needed:
- Each pizza serves 3 people
- 39 ÷ 3 = 13 pizzas

Finally, I can calculate the cost:
- Each pizza costs $15
- 13 × $15 = $195

Maddy will spend $195.

#### 195
</assistant>
</assistant>
</assistant>
</think>
Let me break this down step by step.

**Step 1: Count the total number of people**
- Team members: 12
- Coaches: 3
- Guests: 12 team members × 2 guests each = 24 guests

Total people = 12 + 3 + 24 = 39 people

**Step 2: Calculate how many pizzas"
