layer,expert,selection_supervised_positions,selection_supervised_selected_hits,selection_supervised_selected_rate,selection_supervised_routing_mass,routing_rank
33,1,161,117,0.7267080745341615,0.19488790760869565,1
36,95,161,105,0.6521739130434783,0.15619389314829193,2
3,29,161,127,0.7888198757763976,0.14983107288431677,3
5,185,161,102,0.6335403726708074,0.13774687014751552,4
6,17,161,99,0.6149068322981367,0.12700619904891305,5
16,59,161,74,0.45962732919254656,0.1232121627523292,6
39,252,161,50,0.3105590062111801,0.12189440993788819,7
11,110,161,81,0.5031055900621118,0.12015661393633541,8
38,60,161,56,0.34782608695652173,0.11850980201863354,9
35,22,161,84,0.5217391304347826,0.11637167604813664,10
1,8,161,94,0.5838509316770186,0.11366338315217392,11
23,28,161,78,0.484472049689441,0.11120681288819875,12
9,63,161,101,0.6273291925465838,0.10705490586180125,13
28,93,161,110,0.6832298136645962,0.10490919788431677,14
19,225,161,26,0.16149068322981366,0.10225094623447205,15
15,244,161,65,0.40372670807453415,0.10193250194099379,16
4,76,161,125,0.7763975155279503,0.10026749320652174,17
38,168,161,98,0.6086956521739131,0.09883601028726709,18
24,40,161,30,0.18633540372670807,0.09645222729037267,19
3,39,161,115,0.7142857142857143,0.09617775863742237,20
12,27,161,73,0.453416149068323,0.09569857579580746,21
12,115,161,103,0.639751552795031,0.09406541149068323,22
31,25,161,83,0.515527950310559,0.09275220788043478,23
18,43,161,53,0.32919254658385094,0.09160277562111802,24
31,70,161,63,0.391304347826087,0.0913677334045031,25
21,82,161,77,0.4782608695652174,0.09057768827639752,26
3,188,161,99,0.6149068322981367,0.08737049932065218,27
23,216,161,102,0.6335403726708074,0.08728103163819875,28
10,72,161,74,0.45962732919254656,0.08687463606366459,29
8,232,161,85,0.5279503105590062,0.08668356948757763,30
32,227,161,65,0.40372670807453415,0.08374781638198758,31
39,72,161,53,0.32919254658385094,0.08265297457298136,32
26,227,161,60,0.37267080745341613,0.08235575989906832,33
2,221,161,100,0.6211180124223602,0.08231330065993789,34
18,97,161,72,0.4472049689440994,0.08217379173136646,35
5,75,161,95,0.5900621118012422,0.08105620390139752,36
10,5,161,99,0.6149068322981367,0.08073017760093168,37
34,174,161,58,0.36024844720496896,0.07977636112189442,38
35,124,161,50,0.3105590062111801,0.0791318905279503,39
13,82,161,55,0.3416149068322981,0.07911369371118013,40
36,252,161,59,0.36645962732919257,0.07879524941770186,41
29,136,161,54,0.33540372670807456,0.0773637664984472,42
20,173,161,23,0.14285714285714285,0.0754197399068323,43
34,185,161,75,0.4658385093167702,0.07526506696428571,44
10,119,161,53,0.32919254658385094,0.07521957492236025,45
17,14,161,51,0.3167701863354037,0.0741702251552795,46
4,55,161,107,0.6645962732919255,0.07302382569875776,47
12,70,161,45,0.2795031055900621,0.0725689052795031,48
17,172,161,30,0.18633540372670807,0.07245365877329192,49
29,194,161,56,0.34782608695652173,0.07231111704192547,50
1,13,161,95,0.5900621118012422,0.07222013295807453,51
37,240,161,52,0.32298136645962733,0.07192291828416149,52
16,196,161,55,0.3416149068322981,0.07169697447593168,53
8,152,161,42,0.2608695652173913,0.07137398097826086,54
33,234,161,50,0.3105590062111801,0.07107070069875776,55
7,77,161,32,0.19875776397515527,0.07072496118012422,56
30,176,161,50,0.3105590062111801,0.07054602581521739,57
25,168,161,50,0.3105590062111801,0.06997282608695653,58
25,88,161,60,0.37267080745341613,0.06946634802018634,59
38,210,161,64,0.39751552795031053,0.06917368255046584,60
22,122,161,56,0.34782608695652173,0.06888101708074534,61
27,146,161,52,0.32298136645962733,0.06885675465838509,62
2,161,161,83,0.515527950310559,0.06884159064440994,63
30,250,161,70,0.43478260869565216,0.06879306579968944,64
1,153,161,115,0.7142857142857143,0.06867478649068323,65
18,180,161,50,0.3105590062111801,0.06749805900621118,66
9,71,161,68,0.422360248447205,0.06718871312111802,67
13,38,161,76,0.4720496894409938,0.06705830260093168,68
37,0,161,57,0.35403726708074534,0.06686723602484472,69
4,226,161,71,0.4409937888198758,0.06646993885869565,70
26,134,161,50,0.3105590062111801,0.06641838121118013,71
13,73,161,57,0.35403726708074534,0.06539632666925466,72
32,95,161,71,0.4409937888198758,0.06530837538819875,73
30,229,161,23,0.14285714285714285,0.06530837538819875,74
30,66,161,50,0.3105590062111801,0.06472001164596274,75
4,26,161,96,0.5962732919254659,0.06391025329968944,76
4,109,161,56,0.34782608695652173,0.06353721855590062,77
39,84,161,56,0.34782608695652173,0.06225206837150621,78
31,132,161,50,0.3105590062111801,0.062020817158385096,79
31,38,161,55,0.3416149068322981,0.06191770186335404,80
19,238,161,59,0.36645962732919257,0.061772127329192544,81
2,36,161,52,0.32298136645962733,0.06160532317546584,82
35,2,161,33,0.20496894409937888,0.06144155182453416,83
15,241,161,53,0.32919254658385094,0.06132023971273292,84
11,54,161,47,0.2919254658385093,0.06088958171583851,85
21,186,161,50,0.3105590062111801,0.06086228649068323,86
28,149,161,56,0.34782608695652173,0.06031941479037267,87
24,78,161,59,0.36645962732919257,0.05871809491459627,88
13,26,161,50,0.3105590062111801,0.058696865295031056,89
30,195,161,50,0.3105590062111801,0.058302600931677016,90
1,69,161,57,0.35403726708074534,0.05812063276397515,91
14,197,161,55,0.3416149068322981,0.057677843555900624,92
25,124,161,52,0.32298136645962733,0.057555015042701864,93
32,147,161,38,0.2360248447204969,0.05752468701475155,94
35,144,161,50,0.3105590062111801,0.05741702251552795,95
16,3,161,57,0.35403726708074534,0.057300259607919256,96
16,111,161,51,0.3167701863354037,0.05719866071428571,97
17,33,161,53,0.32919254658385094,0.05653447690217391,98
29,250,161,50,0.3105590062111801,0.056337344720496896,99
26,20,161,48,0.2981366459627329,0.05574898097826087,100
15,150,161,50,0.3105590062111801,0.0550393051242236,101
22,204,161,53,0.32919254658385094,0.054814877717391304,102
14,63,161,52,0.32298136645962733,0.05478454968944099,103
14,7,161,47,0.2919254658385093,0.054751188858695655,104
31,93,161,50,0.3105590062111801,0.05471176242236025,105
16,120,161,46,0.2857142857142857,0.05459651591614907,106
20,186,161,50,0.3105590062111801,0.05338339479813665,107
13,161,161,92,0.5714285714285714,0.05337429638975155,108
1,86,161,62,0.38509316770186336,0.05315290178571429,109
17,246,161,71,0.4409937888198758,0.05313773777173913,110
36,229,161,32,0.19875776397515527,0.052673718944099376,111
26,70,161,52,0.32298136645962733,0.05266462053571429,112
6,84,161,55,0.3416149068322981,0.05265703852872671,113
27,47,161,40,0.2484472049689441,0.052591833268633544,114
14,45,161,50,0.3105590062111801,0.052512980395962736,115
31,26,161,23,0.14285714285714285,0.052443225931677016,116
34,88,161,50,0.3105590062111801,0.05235830745341615,117
24,146,161,71,0.4409937888198758,0.051915518245341616,118
19,167,161,50,0.3105590062111801,0.05190945263975155,119
9,101,161,65,0.40372670807453415,0.05182453416149068,120
2,102,161,72,0.4472049689440994,0.05176994371118013,121
27,231,161,50,0.3105590062111801,0.05176994371118013,122
24,153,161,52,0.32298136645962733,0.05153945069875776,123
37,155,161,63,0.391304347826087,0.05147576184006211,124
11,225,161,61,0.37888198757763975,0.05131199048913043,125
28,211,161,38,0.2360248447204969,0.05113608792701863,126
5,24,161,54,0.33540372670807456,0.05109666149068323,127
29,115,161,46,0.2857142857142857,0.05102690702639751,128
7,81,161,66,0.40993788819875776,0.05080551242236025,129
7,149,161,51,0.3167701863354037,0.05075395477484472,130
29,217,161,41,0.2546583850931677,0.05067510190217391,131
12,217,161,52,0.32298136645962733,0.05062960986024845,132
36,107,161,47,0.2919254658385093,0.05059169982531056,133
15,2,161,44,0.2732919254658385,0.050299034355590064,134
28,24,161,23,0.14285714285714285,0.050283870341614904,135
30,30,161,74,0.45962732919254656,0.05022169788431677,136
24,164,161,39,0.2422360248447205,0.049932065217391304,137
21,36,161,50,0.3105590062111801,0.049731900232919256,138
28,164,161,67,0.4161490683229814,0.04965759656444099,139
26,173,161,24,0.14906832298136646,0.049392226319875776,140
10,116,161,69,0.42857142857142855,0.049364931094720496,141
26,84,161,53,0.32919254658385094,0.04925120098990683,142
6,35,161,46,0.2857142857142857,0.04923452057453416,143
20,226,161,54,0.33540372670807456,0.04909804444875776,144
32,205,161,52,0.32298136645962733,0.04897521593555901,145
25,153,161,50,0.3105590062111801,0.048846321816770184,146
14,228,161,52,0.32298136645962733,0.04870984569099379,147
32,189,161,50,0.3105590062111801,0.04870984569099379,148
33,206,161,53,0.32919254658385094,0.04858246797360249,149
1,95,161,55,0.3416149068322981,0.04839443420031056,150
39,45,161,50,0.3105590062111801,0.0483004173136646,151
3,75,161,54,0.33540372670807456,0.048239761257763976,152
19,170,161,61,0.37888198757763975,0.04816697399068323,153
26,172,161,50,0.3105590062111801,0.047900087344720496,154
1,230,161,50,0.3105590062111801,0.04788189052795031,155
23,54,161,50,0.3105590062111801,0.04760590547360249,156
19,206,161,55,0.3416149068322981,0.04752401979813665,157
1,128,161,50,0.3105590062111801,0.047451232531055904,158
23,234,161,50,0.3105590062111801,0.04726926436335404,159
27,89,161,50,0.3105590062111801,0.04722983792701863,160
27,192,161,27,0.16770186335403728,0.047154017857142856,161
4,75,161,50,0.3105590062111801,0.047141886645962736,162
23,191,161,53,0.32919254658385094,0.04684770477484472,163
26,1,161,68,0.422360248447205,0.04677946671195652,164
15,12,161,54,0.33540372670807456,0.04677795031055901,165
9,173,161,50,0.3105590062111801,0.04676581909937888,166
10,98,161,34,0.2111801242236025,0.046611146156832296,167
24,184,161,52,0.32298136645962733,0.046544424495341616,168
37,116,161,52,0.32298136645962733,0.046404915566770184,169
8,55,161,54,0.33540372670807456,0.04618655376552795,170
11,119,161,50,0.3105590062111801,0.0455466323757764,171
16,17,161,53,0.32919254658385094,0.045473845108695655,172
5,103,161,51,0.3167701863354037,0.04539499223602485,173
18,145,161,43,0.2670807453416149,0.04497949825310559,174
7,84,161,51,0.3167701863354037,0.044861218944099376,175
12,175,161,38,0.2360248447204969,0.04477023486024845,176
10,230,161,53,0.32919254658385094,0.04470654600155279,177
10,31,161,60,0.37267080745341613,0.044372937694099376,178
2,228,161,53,0.32919254658385094,0.0442971176242236,179
35,18,161,45,0.2795031055900621,0.044277404406055904,180
14,101,161,57,0.35403726708074534,0.04409695263975155,181
6,89,161,59,0.36645962732919257,0.04403932938664596,182
30,241,161,39,0.2422360248447205,0.044021132569875776,183
13,171,161,51,0.3167701863354037,0.04396957492236025,184
20,91,161,52,0.32298136645962733,0.04379670516304348,185
7,71,161,50,0.3105590062111801,0.043696622670807456,186
18,51,161,45,0.2795031055900621,0.043669327445652176,187
26,222,161,50,0.3105590062111801,0.04362383540372671,188
1,61,161,52,0.32298136645962733,0.04360867138975155,189
11,57,161,50,0.3105590062111801,0.043587441770186336,190
1,89,161,63,0.391304347826087,0.04355104813664596,191
39,135,161,53,0.32919254658385094,0.043493424883540376,192
7,8,161,50,0.3105590062111801,0.04344186723602485,193
7,125,161,51,0.3167701863354037,0.04342973602484472,194
20,110,161,51,0.3167701863354037,0.04342670322204969,195
29,53,161,51,0.3167701863354037,0.043356948757763976,196
14,221,161,50,0.3105590062111801,0.04324170225155279,197
38,203,161,51,0.3167701863354037,0.043181046195652176,198
31,47,161,26,0.16149068322981366,0.04314616896350932,199
7,178,161,59,0.36645962732919257,0.0431446525621118,200
35,9,161,38,0.2360248447204969,0.0429293235636646,201
1,219,161,69,0.42857142857142855,0.042747355395962736,202
8,113,161,51,0.3167701863354037,0.04273522418478261,203
9,52,161,50,0.3105590062111801,0.04270792895962733,204
28,186,161,57,0.35403726708074534,0.042692764945652176,205
12,209,161,51,0.3167701863354037,0.0426563713121118,206
34,253,161,24,0.14906832298136646,0.042607846467391304,207
2,212,161,52,0.32298136645962733,0.04256235442546584,208
2,50,161,54,0.33540372670807456,0.042501698369565216,209
32,237,161,48,0.2981366459627329,0.042406165081521736,210
8,154,161,51,0.3167701863354037,0.042236328125,211
9,10,161,51,0.3167701863354037,0.042204483695652176,212
12,160,161,50,0.3105590062111801,0.0421680900621118,213
1,64,161,65,0.40372670807453415,0.04214079483695652,214
22,137,161,51,0.3167701863354037,0.04211349961180124,215
3,34,161,43,0.2670807453416149,0.04209833559782609,216
9,57,161,50,0.3105590062111801,0.04203464673913043,217
31,232,161,39,0.2422360248447205,0.041919400232919256,218
8,17,161,52,0.32298136645962733,0.04191333462732919,219
6,179,161,61,0.37888198757763975,0.041904236218944096,220
33,224,161,45,0.2795031055900621,0.041892105007763976,221
2,124,161,50,0.3105590062111801,0.04166464479813665,222
14,227,161,51,0.3167701863354037,0.04160095593944099,223
10,79,161,50,0.3105590062111801,0.04153120147515528,224
34,120,161,37,0.22981366459627328,0.04152058666537267,225
16,51,161,41,0.2546583850931677,0.041467512616459624,226
14,220,161,61,0.37888198757763975,0.04145234860248447,227
15,32,161,46,0.2857142857142857,0.04138562694099379,228
33,251,161,62,0.38509316770186336,0.04138411053959627,229
30,140,161,50,0.3105590062111801,0.0413674301242236,230
27,193,161,58,0.36024844720496896,0.04133710209627329,231
8,250,161,51,0.3167701863354037,0.041224888392857144,232
24,206,161,50,0.3105590062111801,0.041173330745341616,233
30,117,161,59,0.36645962732919257,0.041077797457298136,234
8,165,161,49,0.30434782608695654,0.04094587053571429,235
4,143,161,50,0.3105590062111801,0.04084882084627329,236
39,191,161,50,0.3105590062111801,0.040818492818322984,237
3,60,161,51,0.3167701863354037,0.040763902368012424,238
6,87,161,50,0.3105590062111801,0.04058193420031056,239
32,92,161,56,0.34782608695652173,0.04056980298913043,240
34,80,161,54,0.33540372670807456,0.040545540566770184,241
2,189,161,50,0.3105590062111801,0.040451523680124224,242
6,30,161,50,0.3105590062111801,0.04028471952639751,243
34,139,161,50,0.3105590062111801,0.040263489906832296,244
27,176,161,28,0.17391304347826086,0.04018766983695652,245
10,162,161,50,0.3105590062111801,0.04014824340062112,246
22,128,161,32,0.19875776397515527,0.040111849767080744,247
8,118,161,54,0.33540372670807456,0.040089103746118016,248
4,247,161,52,0.32298136645962733,0.04006939052795031,249
9,99,161,33,0.20496894409937888,0.039976890042701864,250
39,95,161,53,0.32919254658385094,0.039938980007763976,251
8,43,161,67,0.4161490683229814,0.03993443080357143,252
37,100,161,46,0.2857142857142857,0.03982070069875776,253
22,168,161,51,0.3167701863354037,0.039763077445652176,254
20,219,161,50,0.3105590062111801,0.03975701184006211,255
12,146,161,28,0.17391304347826086,0.03962963412267081,256
36,83,161,47,0.2919254658385093,0.03960385529891304,257
33,142,161,55,0.3416149068322981,0.03957656007375776,258
11,230,161,50,0.3105590062111801,0.039474961180124224,259
21,6,161,35,0.21739130434782608,0.039408239518633544,260
14,52,161,56,0.34782608695652173,0.03939004270186335,261
7,14,161,57,0.35403726708074534,0.03938397709627329,262
2,60,161,50,0.3105590062111801,0.039341517857142856,263
28,174,161,39,0.2422360248447205,0.03931877183618013,264
8,65,161,52,0.32298136645962733,0.03925053377329193,265
5,124,161,53,0.32919254658385094,0.03914438567546584,266
14,112,161,39,0.2422360248447205,0.039123156055900624,267
18,170,161,57,0.35403726708074534,0.03908676242236025,268
22,156,161,28,0.17391304347826086,0.03895635190217391,269
15,103,161,31,0.19254658385093168,0.038932089479813664,270
19,197,161,50,0.3105590062111801,0.03880774456521739,271
3,215,161,50,0.3105590062111801,0.03865610442546584,272
23,138,161,50,0.3105590062111801,0.03837102096273292,273
16,6,161,52,0.32298136645962733,0.03830429930124224,274
5,169,161,41,0.2546583850931677,0.03825880725931677,275
25,196,161,51,0.3167701863354037,0.038189052795031056,276
6,152,161,48,0.2981366459627329,0.0381253639363354,277
30,147,161,50,0.3105590062111801,0.03811323272515528,278
20,28,161,42,0.2608695652173913,0.037931264557453416,279
18,193,161,25,0.15527950310559005,0.037864542895962736,280
5,80,161,51,0.3167701863354037,0.03784331327639751,281
17,88,161,55,0.3416149068322981,0.03781298524844721,282
39,123,161,51,0.3167701863354037,0.037808436044254656,283
7,215,161,50,0.3105590062111801,0.037455114518633544,284
4,145,161,34,0.2111801242236025,0.03741872088509317,285
25,84,161,50,0.3105590062111801,0.037251916731366456,286
6,102,161,56,0.34782608695652173,0.037171547457298136,287
19,195,161,38,0.2360248447204969,0.03714728503493789,288
18,98,161,39,0.2422360248447205,0.03713970302795031,289
10,23,161,50,0.3105590062111801,0.036994128493788817,290
13,95,161,39,0.2422360248447205,0.036924374029503104,291
33,166,161,46,0.2857142857142857,0.03691830842391304,292
20,47,161,50,0.3105590062111801,0.03688191479037267,293
13,233,161,58,0.36024844720496896,0.03687584918478261,294
39,242,161,35,0.21739130434782608,0.03687584918478261,295
26,86,161,50,0.3105590062111801,0.03671511063664596,296
24,168,161,52,0.32298136645962733,0.036681749805900624,297
38,125,161,48,0.2981366459627329,0.036681749805900624,298
34,199,161,49,0.30434782608695654,0.03643305997670807,299
28,60,161,49,0.30434782608695654,0.036426994371118016,300
8,80,161,55,0.3416149068322981,0.036317813470496896,301
7,66,161,52,0.32298136645962733,0.03614646011257764,302
2,57,161,51,0.3167701863354037,0.035935680318322984,303
34,146,161,26,0.16149068322981366,0.03580678619953416,304
24,122,161,41,0.2546583850931677,0.03574006453804348,305
4,158,161,48,0.2981366459627329,0.035626334433229816,306
6,134,161,51,0.3167701863354037,0.03561723602484472,307
22,144,161,51,0.3167701863354037,0.03557780958850932,308
8,121,161,52,0.32298136645962733,0.03552625194099379,309
17,213,161,47,0.2919254658385093,0.03528059491459627,310
32,148,161,30,0.18633540372670807,0.035138053183229816,311
3,108,161,50,0.3105590062111801,0.03498338024068323,312
7,5,161,48,0.2981366459627329,0.03492575698757764,313
16,118,161,54,0.33540372670807456,0.03488329774844721,314
15,113,161,53,0.32919254658385094,0.03479231366459627,315
20,227,161,50,0.3105590062111801,0.03478018245341615,316
2,127,161,50,0.3105590062111801,0.034731657608695655,317
25,146,161,27,0.16770186335403728,0.03461641110248447,318
21,114,161,53,0.32919254658385094,0.03461034549689441,319
25,226,161,50,0.3105590062111801,0.03458305027173913,320
5,241,161,51,0.3167701863354037,0.03457698466614907,321
6,38,161,48,0.2981366459627329,0.0344920661878882,322
19,136,161,39,0.2422360248447205,0.03431313082298137,323
9,234,161,48,0.2981366459627329,0.03430403241459627,324
17,138,161,52,0.32298136645962733,0.03427370438664596,325
2,93,161,49,0.30434782608695654,0.03426460597826087,326
10,60,161,46,0.2857142857142857,0.03426460597826087,327
27,57,161,51,0.3167701863354037,0.03425854037267081,328
5,227,161,50,0.3105590062111801,0.034213048330745344,329
5,159,161,50,0.3105590062111801,0.03401288334627329,330
5,198,161,51,0.3167701863354037,0.03397345690993789,331
4,113,161,47,0.2919254658385093,0.033943128881987576,332
6,180,161,43,0.2670807453416149,0.033821058569487576,333
29,161,161,49,0.30434782608695654,0.03377025912267081,334
13,211,161,33,0.20496894409937888,0.03364743060947205,335
15,73,161,50,0.3105590062111801,0.03360648777173913,336
6,98,161,44,0.2732919254658385,0.03353066770186335,337
5,15,161,53,0.32919254658385094,0.033424519604037264,338
4,255,161,50,0.3105590062111801,0.033415421195652176,339
19,25,161,51,0.3167701863354037,0.03326984666149068,340
23,89,161,35,0.21739130434782608,0.033266813858695655,341
19,132,161,23,0.14285714285714285,0.03319099378881987,342
23,2,161,26,0.16149068322981366,0.03317582977484472,343
3,43,161,48,0.2981366459627329,0.033157632958074536,344
25,181,161,37,0.22981366459627328,0.033033288043478264,345
32,196,161,31,0.19254658385093168,0.03293320555124224,346
36,7,161,30,0.18633540372670807,0.03293168914984472,347
14,1,161,49,0.30434782608695654,0.032911975931677016,348
28,195,161,28,0.17391304347826086,0.032884680706521736,349
15,197,161,44,0.2732919254658385,0.032802795031055904,350
20,175,161,31,0.19254658385093168,0.032802795031055904,351
9,5,161,57,0.35403726708074534,0.03267238451086957,352
31,66,161,52,0.32298136645962733,0.03264508928571429,353
15,167,161,44,0.2732919254658385,0.032639023680124224,354
27,86,161,38,0.2360248447204969,0.03262082686335404,355
29,29,161,50,0.3105590062111801,0.0325783676242236,356
10,42,161,52,0.32298136645962733,0.03256623641304348,357
19,75,161,27,0.16770186335403728,0.032557138004658384,358
27,186,161,50,0.3105590062111801,0.03228418575310559,359
19,186,161,62,0.38509316770186336,0.032244759316770184,360
36,30,161,47,0.2919254658385093,0.032017299107142856,361
15,220,161,51,0.3167701863354037,0.031962708656832296,362
29,179,161,43,0.2670807453416149,0.03193844623447205,363
7,139,161,46,0.2857142857142857,0.03172615003881987,364
14,82,161,45,0.2795031055900621,0.03172615003881987,365
27,230,161,23,0.14285714285714285,0.03171098602484472,366
39,119,161,26,0.16149068322981366,0.03168672360248447,367
29,18,161,27,0.16770186335403728,0.03161393633540373,368
9,30,161,45,0.2795031055900621,0.03160483792701863,369
22,48,161,40,0.2484472049689441,0.03151082104037267,370
11,203,161,41,0.2546583850931677,0.03145623059006211,371
39,193,161,31,0.19254658385093168,0.03136827930900621,372
12,49,161,44,0.2732919254658385,0.031322787267080744,373
8,79,161,42,0.2608695652173913,0.031268196816770184,374
15,233,161,50,0.3105590062111801,0.03126213121118013,375
6,170,161,55,0.3416149068322981,0.03125303280279503,376
20,67,161,51,0.3167701863354037,0.031122622282608696,377
1,70,161,50,0.3105590062111801,0.031031638198757764,378
35,194,161,50,0.3105590062111801,0.030990695361024844,379
13,91,161,27,0.16770186335403728,0.030940654114906832,380
28,107,161,48,0.2981366459627329,0.030911842488354036,381
38,5,161,49,0.30434782608695654,0.03089061286878882,382
5,232,161,53,0.32919254658385094,0.030752620341614908,383
14,110,161,42,0.2608695652173913,0.030749587538819876,384
3,129,161,50,0.3105590062111801,0.030670734666149068,385
23,175,161,34,0.2111801242236025,0.030594914596273292,386
6,130,161,51,0.3167701863354037,0.030547906152950312,387
22,103,161,31,0.19254658385093168,0.030458438470496896,388
38,122,161,46,0.2857142857142857,0.03035532317546584,389
11,82,161,40,0.2484472049689441,0.030282535908385092,390
20,56,161,35,0.21739130434782608,0.03012483016304348,391
38,84,161,26,0.16149068322981366,0.030112698951863356,392
7,101,161,42,0.2608695652173913,0.0300490100931677,393
36,166,161,29,0.18012422360248448,0.029998968847049688,394
18,110,161,50,0.3105590062111801,0.029930730784161492,395
17,59,161,36,0.2236024844720497,0.029824582686335404,396
22,81,161,37,0.22981366459627328,0.029809418672360248,397
25,156,161,49,0.30434782608695654,0.029782123447204968,398
13,97,161,50,0.3105590062111801,0.029766959433229812,399
13,150,161,42,0.2608695652173913,0.02965626213121118,400
2,185,161,43,0.2670807453416149,0.02964261451863354,401
12,220,161,41,0.2546583850931677,0.029566794448757764,402
28,132,161,47,0.2919254658385093,0.029559212441770188,403
3,133,161,42,0.2608695652173913,0.029530400815217392,404
12,2,161,40,0.2484472049689441,0.029460646350931676,405
7,0,161,41,0.2546583850931677,0.02933023583074534,406
15,18,161,32,0.19875776397515527,0.028832856172360248,407
19,184,161,48,0.2981366459627329,0.02879494613742236,408
34,91,161,26,0.16149068322981366,0.028743388489906832,409
21,164,161,50,0.3105590062111801,0.028735806482919256,410
9,116,161,50,0.3105590062111801,0.02872670807453416,411
21,78,161,51,0.3167701863354037,0.028678183229813664,412
3,165,161,50,0.3105590062111801,0.028672117624223604,413
11,180,161,52,0.32298136645962733,0.028637240392080744,414
12,138,161,53,0.32919254658385094,0.028570518730590064,415
23,40,161,57,0.35403726708074534,0.028491665857919256,416
11,239,161,41,0.2546583850931677,0.028373386548913044,417
6,190,161,50,0.3105590062111801,0.028356706133540372,418
3,156,161,50,0.3105590062111801,0.028244492430124224,419
5,14,161,50,0.3105590062111801,0.02821113159937888,420
12,35,161,50,0.3105590062111801,0.028135311529503104,421
16,158,161,41,0.2546583850931677,0.028094368691770188,422
15,57,161,40,0.2484472049689441,0.028088303086180124,423
29,240,161,45,0.2795031055900621,0.027918466129658384,424
16,176,161,36,0.2236024844720497,0.027866908482142856,425
10,220,161,38,0.2360248447204969,0.027841129658385092,426
25,224,161,49,0.30434782608695654,0.027756211180124224,427
24,83,161,30,0.18633540372670807,0.02763489906832298,428
33,26,161,51,0.3167701863354037,0.027616702251552796,429
16,246,161,54,0.33540372670807456,0.027612153047360248,430
33,169,161,24,0.14906832298136646,0.027610636645962732,431
9,67,161,52,0.32298136645962733,0.027580308618012424,432
38,218,161,23,0.14285714285714285,0.027524201766304348,433
9,11,161,26,0.16149068322981366,0.027480226125776396,434
37,108,161,44,0.2732919254658385,0.027457480104813664,435
19,223,161,29,0.18012422360248448,0.027413504464285716,436
3,132,161,40,0.2484472049689441,0.027389242041925464,437
29,192,161,46,0.2857142857142857,0.027325553183229812,438
24,171,161,50,0.3105590062111801,0.027267929930124224,439
17,79,161,32,0.19875776397515527,0.027226987092391304,440
32,120,161,30,0.18633540372670807,0.027220921486801244,441
20,176,161,50,0.3105590062111801,0.027204241071428572,442
12,13,161,51,0.3167701863354037,0.02719514266304348,443
7,102,161,36,0.2236024844720497,0.027055633734472048,444
1,59,161,53,0.32919254658385094,0.02702530570652174,445
34,229,161,32,0.19875776397515527,0.026954034840838508,446
17,249,161,33,0.20496894409937888,0.0269434200310559,447
21,32,161,54,0.33540372670807456,0.026876698369565216,448
35,240,161,48,0.2981366459627329,0.026838788334627328,449
18,156,161,51,0.3167701863354037,0.026831206327639752,450
28,134,161,26,0.16149068322981366,0.026809976708074536,451
38,234,161,29,0.18012422360248448,0.026770550271739132,452
29,146,161,27,0.16770186335403728,0.026762968264751552,453
6,52,161,20,0.12422360248447205,0.026755386257763976,454
13,133,161,31,0.19254658385093168,0.026682598990683228,455
22,50,161,45,0.2795031055900621,0.026670467779503104,456
8,255,161,30,0.18633540372670807,0.026628008540372672,457
14,198,161,40,0.2484472049689441,0.02662497573757764,458
11,122,161,50,0.3105590062111801,0.026621942934782608,459
16,129,161,54,0.33540372670807456,0.0265916149068323,460
8,64,161,35,0.21739130434782608,0.026573418090062112,461
20,20,161,27,0.16770186335403728,0.026403581133540372,462
31,12,161,46,0.2857142857142857,0.026330793866459628,463
2,248,161,38,0.2360248447204969,0.026303498641304348,464
2,130,161,41,0.2546583850931677,0.026288334627329192,465
22,60,161,23,0.14285714285714285,0.026282269021739132,466
16,127,161,50,0.3105590062111801,0.026276203416149068,467
7,243,161,38,0.2360248447204969,0.026194317740683228,468
11,25,161,28,0.17391304347826086,0.026127596079192548,469
21,184,161,24,0.14906832298136646,0.026060874417701864,470
37,113,161,26,0.16149068322981366,0.025957759122670808,471
9,26,161,51,0.3167701863354037,0.025951693517080744,472
31,169,161,48,0.2981366459627329,0.025903168672360248,473
22,210,161,48,0.2981366459627329,0.025872840644409936,474
31,212,161,32,0.19875776397515527,0.025840996215062112,475
17,174,161,50,0.3105590062111801,0.025745462927018632,476
18,164,161,38,0.2360248447204969,0.025663577251552796,477
10,59,161,44,0.2732919254658385,0.025624150815217392,478
23,103,161,24,0.14906832298136646,0.02547251067546584,479
16,189,161,31,0.19254658385093168,0.025452797457298136,480
28,86,161,27,0.16770186335403728,0.025384559394409936,481
32,146,161,35,0.21739130434782608,0.025317837732919256,482
23,18,161,27,0.16770186335403728,0.025296608113354036,483
11,132,161,50,0.3105590062111801,0.025235952057453416,484
30,152,161,24,0.14906832298136646,0.025229886451863356,485
11,29,161,34,0.2111801242236025,0.025225337247670808,486
4,160,161,46,0.2857142857142857,0.025208656832298136,487
32,127,161,40,0.2484472049689441,0.024991811432453416,488
10,127,161,35,0.21739130434782608,0.024862917313664596,489
37,54,161,33,0.20496894409937888,0.024741605201863356,490
9,47,161,26,0.16149068322981366,0.024741605201863356,491
25,199,161,25,0.15527950310559005,0.024738572399068324,492
33,50,161,46,0.2857142857142857,0.024720375582298136,493
18,57,161,24,0.14906832298136646,0.024665785131987576,494
27,183,161,38,0.2360248447204969,0.024614227484472048,495
13,107,161,52,0.32298136645962733,0.02455660423136646,496
36,37,161,30,0.18633540372670807,0.024395865683229812,497
33,184,161,23,0.14285714285714285,0.024377668866459628,498
5,158,161,44,0.2732919254658385,0.024317012810559008,499
30,53,161,45,0.2795031055900621,0.024297299592391304,500
35,181,161,40,0.2484472049689441,0.024291233986801244,501
14,246,161,35,0.21739130434782608,0.024263938761645964,502
34,152,161,25,0.15527950310559005,0.024086519798136644,503
23,179,161,53,0.32919254658385094,0.024065290178571428,504
20,78,161,28,0.17391304347826086,0.024022830939440992,505
25,92,161,34,0.2111801242236025,0.024010699728260868,506
27,214,161,24,0.14906832298136646,0.023989470108695652,507
39,228,161,20,0.12422360248447205,0.023968240489130436,508
9,210,161,19,0.11801242236024845,0.02395914208074534,509
3,218,161,45,0.2795031055900621,0.023943978066770188,510
14,49,161,29,0.18012422360248448,0.023743813082298136,511
10,233,161,26,0.16149068322981366,0.023724099864130436,512
4,37,161,33,0.20496894409937888,0.023645246991459628,513
21,174,161,29,0.18012422360248448,0.023619468167701864,514
21,21,161,47,0.2919254658385093,0.02360733695652174,515
17,228,161,33,0.20496894409937888,0.023577008928571428,516
7,15,161,37,0.22981366459627328,0.023543648097826088,517
36,238,161,43,0.2670807453416149,0.023469344429347828,518
26,93,161,30,0.18633540372670807,0.023392007958074536,519
38,246,161,24,0.14906832298136646,0.023373811141304348,520
15,173,161,31,0.19254658385093168,0.023354097923136644,521
10,26,161,33,0.20496894409937888,0.023338933909161492,522
8,197,161,32,0.19875776397515527,0.023325286296583852,523
23,85,161,23,0.14285714285714285,0.023285859860248448,524
25,246,161,23,0.14285714285714285,0.023255531832298136,525
27,10,161,30,0.18633540372670807,0.023122088509316772,526
11,23,161,28,0.17391304347826086,0.023116022903726708,527
6,44,161,16,0.09937888198757763,0.023076596467391304,528
20,52,161,32,0.19875776397515527,0.023070530861801244,529
27,100,161,23,0.14285714285714285,0.023049301242236024,530
29,126,161,37,0.22981366459627328,0.02303110442546584,531
34,163,161,38,0.2360248447204969,0.022958317158385092,532
37,34,161,21,0.13043478260869565,0.022958317158385092,533
9,214,161,33,0.20496894409937888,0.022931021933229812,534
21,24,161,26,0.16149068322981366,0.022803644215838508,535
11,138,161,31,0.19254658385093168,0.022791513004658384,536
34,147,161,24,0.14906832298136646,0.022777865392080744,537
2,222,161,33,0.20496894409937888,0.022730856948757764,538
21,109,161,26,0.16149068322981366,0.022706594526397516,539
25,72,161,40,0.2484472049689441,0.022682332104037268,540
21,204,161,23,0.14285714285714285,0.022648971273291924,541
23,48,161,23,0.14285714285714285,0.022642905667701864,542
24,108,161,18,0.11180124223602485,0.022612577639751552,543
17,127,161,44,0.2732919254658385,0.022564052795031056,544
19,7,161,31,0.19254658385093168,0.022509462344720496,545
29,48,161,43,0.2670807453416149,0.022453355493012424,546
37,145,161,27,0.16770186335403728,0.022421511063664596,547
37,141,161,35,0.21739130434782608,0.022306264557453416,548
16,226,161,37,0.22981366459627328,0.0222365100931677,549
17,51,161,32,0.19875776397515527,0.02216978843167702,550
19,95,161,28,0.17391304347826086,0.022078804347826088,551
17,215,161,31,0.19254658385093168,0.0220606075310559,552
13,13,161,33,0.20496894409937888,0.022045443517080744,553
13,217,161,29,0.18012422360248448,0.022022697496118012,554
11,121,161,29,0.18012422360248448,0.022009049883540372,555
26,10,161,28,0.17391304347826086,0.021969623447204968,556
17,113,161,21,0.13043478260869565,0.02191806579968944,557
22,253,161,23,0.14285714285714285,0.02182404891304348,558
30,243,161,25,0.15527950310559005,0.021799786490683228,559
9,202,161,31,0.19254658385093168,0.021781589673913044,560
11,97,161,29,0.18012422360248448,0.021757327251552796,561
7,92,161,26,0.16149068322981366,0.021728515625,562
30,100,161,27,0.16770186335403728,0.021720933618012424,563
13,71,161,30,0.18633540372670807,0.02165421195652174,564
8,190,161,35,0.21739130434782608,0.021636015139751552,565
36,81,161,25,0.15527950310559005,0.021634498738354036,566
27,69,161,43,0.2670807453416149,0.021620851125776396,567
4,240,161,25,0.15527950310559005,0.021551096661490684,568
2,103,161,9,0.055900621118012424,0.02154503105590062,569
35,197,161,26,0.16149068322981366,0.021426751746894408,570
11,83,161,29,0.18012422360248448,0.021405522127329192,571
31,110,161,30,0.18633540372670807,0.02138884171195652,572
23,220,161,27,0.16770186335403728,0.02133576766304348,573
16,27,161,28,0.17391304347826086,0.021202324340062112,574
29,52,161,37,0.22981366459627328,0.021190193128881988,575
25,53,161,28,0.17391304347826086,0.021190193128881988,576
14,121,161,35,0.21739130434782608,0.021115889460403728,577
13,116,161,27,0.16770186335403728,0.021112856657608696,578
22,171,161,23,0.14285714285714285,0.020956667313664596,579
5,140,161,30,0.18633540372670807,0.020944536102484472,580
16,35,161,27,0.16770186335403728,0.020939986898291924,581
18,203,161,24,0.14906832298136646,0.020836871603260868,582
32,98,161,23,0.14285714285714285,0.020832322399068324,583
11,56,161,42,0.2608695652173913,0.020829289596273292,584
3,184,161,34,0.2111801242236025,0.02079289596273292,585
23,99,161,23,0.14285714285714285,0.02065035423136646,586
38,221,161,25,0.15527950310559005,0.02062305900621118,587
29,175,161,23,0.14285714285714285,0.020598796583850932,588
3,230,161,37,0.22981366459627328,0.020510845302795032,589
38,222,161,32,0.19875776397515527,0.020495681288819876,590
11,165,161,13,0.08074534161490683,0.020483550077639752,591
34,191,161,36,0.2236024844720497,0.020421377620341616,592
23,53,161,35,0.21739130434782608,0.020410762810559008,593
3,10,161,27,0.16770186335403728,0.020404697204968944,594
21,94,161,45,0.2795031055900621,0.020394082395186336,595
33,16,161,25,0.15527950310559005,0.020389533190993788,596
28,216,161,29,0.18012422360248448,0.020286417895962732,597
35,57,161,27,0.16770186335403728,0.02027731948757764,598
37,124,161,26,0.16149068322981366,0.02027731948757764,599
9,89,161,29,0.18012422360248448,0.020256089868012424,600
22,31,161,23,0.14285714285714285,0.020253057065217392,601
32,192,161,24,0.14906832298136646,0.020228794642857144,602
5,184,161,31,0.19254658385093168,0.020156007375776396,603
31,6,161,29,0.18012422360248448,0.02010141692546584,604
38,216,161,33,0.20496894409937888,0.020057441284937888,605
33,18,161,25,0.15527950310559005,0.020049859277950312,606
12,185,161,25,0.15527950310559005,0.02004682647515528,607
29,183,161,32,0.19875776397515527,0.020037728066770188,608
24,9,161,25,0.15527950310559005,0.019974039208074536,609
20,16,161,29,0.18012422360248448,0.019966457201086956,610
36,250,161,11,0.06832298136645963,0.019952809588509316,611
17,178,161,23,0.14285714285714285,0.019881538722826088,612
14,20,161,35,0.21739130434782608,0.019858792701863356,613
33,96,161,23,0.14285714285714285,0.019840595885093168,614
28,158,161,29,0.18012422360248448,0.0197556774068323,615
19,151,161,30,0.18633540372670807,0.019746578998447204,616
29,110,161,23,0.14285714285714285,0.019704119759316772,617
4,45,161,27,0.16770186335403728,0.019631332492236024,618
19,190,161,27,0.16770186335403728,0.019628299689440992,619
34,132,161,18,0.11180124223602485,0.01962678328804348,620
13,212,161,28,0.17391304347826086,0.019552479619565216,621
21,202,161,23,0.14285714285714285,0.019543381211180124,622
10,73,161,28,0.17391304347826086,0.019538832006987576,623
27,205,161,23,0.14285714285714285,0.019513053183229812,624
35,105,161,22,0.13664596273291926,0.019494856366459628,625
39,1,161,35,0.21739130434782608,0.0194630119371118,626
18,5,161,23,0.14285714285714285,0.0194432987189441,627
17,83,161,23,0.14285714285714285,0.019391741071428572,628
26,187,161,29,0.18012422360248448,0.019379609860248448,629
35,49,161,26,0.16149068322981366,0.019373544254658384,630
39,174,161,15,0.09316770186335403,0.019317437402950312,631
28,251,161,29,0.18012422360248448,0.0193068225931677,632
1,253,161,32,0.19875776397515527,0.019303789790372672,633
29,224,161,25,0.15527950310559005,0.01930075698757764,634
21,201,161,21,0.13043478260869565,0.019258297748447204,635
37,85,161,19,0.11801242236024845,0.0192188713121118,636
20,250,161,31,0.19254658385093168,0.019215838509316772,637
24,251,161,36,0.2236024844720497,0.019200674495341616,638
18,250,161,44,0.2732919254658385,0.019190059685559008,639
7,255,161,23,0.14285714285714285,0.019147600446428572,640
7,22,161,18,0.11180124223602485,0.01911727241847826,641
27,168,161,25,0.15527950310559005,0.019115756017080744,642
29,63,161,25,0.15527950310559005,0.019085427989130436,643
38,163,161,16,0.09937888198757763,0.01908391158773292,644
11,186,161,27,0.16770186335403728,0.019027804736024844,645
21,118,161,28,0.17391304347826086,0.018967148680124224,646
18,60,161,25,0.15527950310559005,0.01887313179347826,647
20,205,161,24,0.14906832298136646,0.018862516983695652,648
4,31,161,26,0.16149068322981366,0.018813992138975156,649
26,15,161,44,0.2732919254658385,0.018797311723602484,650
21,144,161,21,0.13043478260869565,0.01872452445652174,651
38,37,161,31,0.19254658385093168,0.018718458850931676,652
32,180,161,28,0.17391304347826086,0.018685098020186336,653
6,202,161,37,0.22981366459627328,0.018660835597826088,654
10,190,161,26,0.16149068322981366,0.018627474767080744,655
26,33,161,25,0.15527950310559005,0.01860927795031056,656
36,221,161,33,0.20496894409937888,0.018604728746118012,657
2,70,161,27,0.16770186335403728,0.018591081133540372,658
18,25,161,23,0.14285714285714285,0.01858198272515528,659
18,84,161,25,0.15527950310559005,0.018566818711180124,660
22,173,161,25,0.15527950310559005,0.018563785908385092,661
33,225,161,22,0.13664596273291926,0.01854103988742236,662
14,140,161,25,0.15527950310559005,0.018487965838509316,663
38,112,161,30,0.18633540372670807,0.018421244177018632,664
22,11,161,23,0.14285714285714285,0.01841214576863354,665
37,194,161,23,0.14285714285714285,0.018400014557453416,666
32,240,161,29,0.18012422360248448,0.018345424107142856,667
21,173,161,19,0.11801242236024845,0.0183302600931677,668
13,37,161,27,0.16770186335403728,0.018312063276397516,669
25,73,161,23,0.14285714285714285,0.018281735248447204,670
10,204,161,32,0.19875776397515527,0.018257472826086956,671
29,141,161,23,0.14285714285714285,0.018233210403726708,672
29,227,161,32,0.19875776397515527,0.018146775524068324,673
25,10,161,22,0.13664596273291926,0.018130095108695652,674
34,42,161,31,0.19254658385093168,0.018105832686335404,675
4,157,161,25,0.15527950310559005,0.018054275038819876,676
28,100,161,23,0.14285714285714285,0.018051242236024844,677
27,233,161,26,0.16149068322981366,0.018014848602484472,678
4,19,161,25,0.15527950310559005,0.018008782996894408,679
25,99,161,24,0.14906832298136646,0.017996651785714284,680
32,114,161,23,0.14285714285714285,0.017975422166149068,681
33,160,161,26,0.16149068322981366,0.017954192546583852,682
15,234,161,22,0.13664596273291926,0.01795115974378882,683
32,191,161,23,0.14285714285714285,0.017948126940993788,684
35,165,161,21,0.13043478260869565,0.017929930124223604,685
36,195,161,33,0.20496894409937888,0.01785562645574534,686
24,243,161,30,0.18633540372670807,0.017757060364906832,687
25,236,161,37,0.22981366459627328,0.017738863548136644,688
7,244,161,27,0.16770186335403728,0.017732797942546584,689
38,248,161,21,0.13043478260869565,0.01765242866847826,690
19,235,161,43,0.2670807453416149,0.017617551436335404,691
15,29,161,29,0.18012422360248448,0.017599354619565216,692
33,105,161,25,0.15527950310559005,0.0175584117818323,693
37,123,161,23,0.14285714285714285,0.017541731366459628,694
37,175,161,22,0.13664596273291926,0.017487140916149068,695
36,73,161,31,0.19254658385093168,0.017479558909161492,696
30,230,161,34,0.2111801242236025,0.017473493303571428,697
28,240,161,27,0.16770186335403728,0.017393124029503104,698
31,35,161,27,0.16770186335403728,0.017373410811335404,699
32,140,161,23,0.14285714285714285,0.017350664790372672,700
39,211,161,20,0.12422360248447205,0.017329435170807452,701
27,56,161,17,0.10559006211180125,0.01728697593167702,702
9,51,161,20,0.12422360248447205,0.017277877523291924,703
21,213,161,19,0.11801242236024845,0.017226319875776396,704
17,218,161,19,0.11801242236024845,0.01710349136257764,705
24,93,161,21,0.13043478260869565,0.01705648291925466,706
36,133,161,30,0.18633540372670807,0.016979146447981368,707
35,47,161,22,0.13664596273291926,0.01694730201863354,708
12,87,161,26,0.16149068322981366,0.016942752814440992,709
6,4,161,23,0.14285714285714285,0.016938203610248448,710
5,83,161,29,0.18012422360248448,0.016926072399068324,711
26,18,161,38,0.2360248447204969,0.01687906395574534,712
35,92,161,23,0.14285714285714285,0.016862383540372672,713
3,97,161,22,0.13664596273291926,0.016738038625776396,714
15,196,161,33,0.20496894409937888,0.01673045661878882,715
21,188,161,23,0.14285714285714285,0.016722874611801244,716
35,129,161,11,0.06832298136645963,0.016650087344720496,717
20,143,161,21,0.13043478260869565,0.016504512810559008,718
26,171,161,20,0.12422360248447205,0.016504512810559008,719
35,193,161,13,0.08074534161490683,0.016463569972826088,720
36,80,161,25,0.15527950310559005,0.01634377426242236,721
12,37,161,29,0.18012422360248448,0.016304347826086956,722
17,20,161,24,0.14906832298136646,0.016280085403726708,723
36,47,161,28,0.17391304347826086,0.0162694705939441,724
13,199,161,25,0.15527950310559005,0.01626188858695652,725
38,53,161,18,0.11180124223602485,0.016240658967391304,726
11,6,161,21,0.13043478260869565,0.016237626164596272,727
10,205,161,17,0.10559006211180125,0.016192134122670808,728
36,144,161,33,0.20496894409937888,0.016190617721273292,729
13,74,161,19,0.11801242236024845,0.016158773291925464,730
11,58,161,32,0.19875776397515527,0.016055657996894408,731
24,186,161,18,0.11180124223602485,0.016046559588509316,732
9,197,161,23,0.14285714285714285,0.015955575504658384,733
23,44,161,24,0.14906832298136646,0.0158888538431677,734
20,188,161,22,0.13664596273291926,0.015858525815217392,735
10,83,161,25,0.15527950310559005,0.015852460209627328,736
22,68,161,28,0.17391304347826086,0.0158009025621118,737
33,13,161,23,0.14285714285714285,0.01574024650621118,738
37,235,161,13,0.08074534161490683,0.015725082492236024,739
17,115,161,32,0.19875776397515527,0.0157129512810559,740
28,92,161,23,0.14285714285714285,0.01570688567546584,741
26,91,161,26,0.16149068322981366,0.015676557647515528,742
21,105,161,19,0.11801242236024845,0.015649262422360248,743
37,167,161,21,0.13043478260869565,0.015600737577639752,744
18,1,161,37,0.22981366459627328,0.015593155570652174,745
12,145,161,20,0.12422360248447205,0.015579507958074534,746
37,97,161,28,0.17391304347826086,0.015576475155279504,747
29,123,161,22,0.13664596273291926,0.01557040954968944,748
17,15,161,22,0.13664596273291926,0.015506720690993788,749
13,5,161,17,0.10559006211180125,0.015506720690993788,750
8,119,161,20,0.12422360248447205,0.015499138684006212,751
8,44,161,21,0.13043478260869565,0.015470327057453416,752
24,217,161,17,0.10559006211180125,0.01545516304347826,753
28,78,161,19,0.11801242236024845,0.015436966226708074,754
30,164,161,27,0.16770186335403728,0.01542483501552795,755
21,63,161,23,0.14285714285714285,0.01539753979037267,756
39,209,161,26,0.16149068322981366,0.015389957783385094,757
37,9,161,20,0.12422360248447205,0.015388441381987578,758
10,194,161,27,0.16770186335403728,0.015358113354037268,759
32,2,161,22,0.13664596273291926,0.015330818128881988,760
32,160,161,21,0.13043478260869565,0.01525196525621118,761
17,204,161,21,0.13043478260869565,0.015241350446428572,762
37,202,161,21,0.13043478260869565,0.015230735636645962,763
25,15,161,21,0.13043478260869565,0.015148849961180124,764
35,140,161,23,0.14285714285714285,0.015115489130434782,765
6,220,161,20,0.12422360248447205,0.015115489130434782,766
19,191,161,20,0.12422360248447205,0.015112456327639752,767
34,71,161,22,0.13664596273291926,0.015094259510869566,768
25,108,161,18,0.11180124223602485,0.015039669060559006,769
28,205,161,20,0.12422360248447205,0.015018439440993788,770
39,232,161,29,0.18012422360248448,0.01497749660326087,771
21,232,161,24,0.14906832298136646,0.01493655376552795,772
1,182,161,25,0.15527950310559005,0.014918356948757764,773
5,20,161,8,0.049689440993788817,0.014872864906832298,774
14,131,161,24,0.14906832298136646,0.014863766498447204,775
31,208,161,23,0.14285714285714285,0.014842536878881988,776
25,238,161,23,0.14285714285714285,0.01479097923136646,777
22,176,161,34,0.2111801242236025,0.014762167604813664,778
25,9,161,20,0.12422360248447205,0.014742454386645962,779
12,136,161,25,0.15527950310559005,0.01471970836568323,780
34,143,161,23,0.14285714285714285,0.014715159161490684,781
9,141,161,9,0.055900621118012424,0.014712126358695652,782
17,154,161,29,0.18012422360248448,0.014699995147515528,783
13,11,161,20,0.12422360248447205,0.014693929541925466,784
23,20,161,18,0.11180124223602485,0.01467876552795031,785
30,84,161,30,0.18633540372670807,0.014639339091614906,786
14,13,161,24,0.14906832298136646,0.01461810947204969,787
21,42,161,20,0.12422360248447205,0.014602945458074534,788
25,120,161,25,0.15527950310559005,0.01459384704968944,789
26,80,161,33,0.20496894409937888,0.014587781444099378,790
37,16,161,21,0.13043478260869565,0.014545322204968944,791
19,123,161,16,0.09937888198757763,0.014545322204968944,792
7,247,161,20,0.12422360248447205,0.014525608986801242,793
11,85,161,19,0.11801242236024845,0.014496797360248448,794
7,73,161,19,0.11801242236024845,0.014493764557453416,795
16,32,161,21,0.13043478260869565,0.01444827251552795,796
34,134,161,26,0.16149068322981366,0.01442097729037267,797
22,118,161,26,0.16149068322981366,0.014393682065217392,798
18,224,161,22,0.13664596273291926,0.014357288431677018,799
6,217,161,20,0.12422360248447205,0.01435349742818323,800
31,115,161,23,0.14285714285714285,0.014336058812111802,801
20,194,161,16,0.09937888198757763,0.014320894798136646,802
36,46,161,25,0.15527950310559005,0.01429208317158385,803
34,255,161,24,0.14906832298136646,0.014287533967391304,804
17,223,161,27,0.16770186335403728,0.014276919157608696,805
34,157,161,21,0.13043478260869565,0.014264787946428572,806
18,63,161,22,0.13664596273291926,0.014229910714285714,807
8,227,161,21,0.13043478260869565,0.014222328707298136,808
28,138,161,22,0.13664596273291926,0.014205648291925466,809
38,115,161,22,0.13664596273291926,0.014184418672360248,810
29,202,161,22,0.13664596273291926,0.014131344623447204,811
34,203,161,20,0.12422360248447205,0.014117697010869566,812
37,1,161,19,0.11801242236024845,0.014066139363354038,813
28,238,161,29,0.18012422360248448,0.014055524553571428,814
22,209,161,23,0.14285714285714285,0.014054008152173914,815
6,80,161,14,0.08695652173913043,0.014002450504658386,816
23,37,161,31,0.19254658385093168,0.013984253687888198,817
15,184,161,13,0.08074534161490683,0.013950892857142858,818
9,78,161,22,0.13664596273291926,0.013859908773291926,819
15,82,161,24,0.14906832298136646,0.01384474475931677,820
21,97,161,18,0.11180124223602485,0.013820482336956522,821
23,23,161,21,0.13043478260869565,0.013761342682453416,822
39,15,161,21,0.13043478260869565,0.013742387664984472,823
3,88,161,27,0.16770186335403728,0.013676424204192546,824
33,253,161,21,0.13043478260869565,0.0135839237189441,825
16,33,161,15,0.09316770186335403,0.013576341711956522,826
39,3,161,21,0.13043478260869565,0.013555112092391304,827
16,218,161,20,0.12422360248447205,0.013486874029503106,828
16,87,161,24,0.14906832298136646,0.013474742818322982,829
38,100,161,28,0.17391304347826086,0.01341408676242236,830
33,179,161,21,0.13043478260869565,0.013392857142857142,831
6,1,161,18,0.11180124223602485,0.01338679153726708,832
25,46,161,23,0.14285714285714285,0.013347365100931678,833
29,66,161,18,0.11180124223602485,0.013335233889751552,834
36,23,161,23,0.14285714285714285,0.013301873059006212,835
24,12,161,28,0.17391304347826086,0.01321088897515528,836
35,19,161,19,0.11801242236024845,0.013204823369565218,837
32,76,161,19,0.11801242236024845,0.013150232919254658,838
14,174,161,19,0.11801242236024845,0.013135068905279504,839
32,21,161,15,0.09316770186335403,0.013135068905279504,840
22,247,161,17,0.10559006211180125,0.013132036102484472,841
4,210,161,19,0.11801242236024845,0.013122937694099378,842
12,26,161,21,0.13043478260869565,0.012930354716614906,843
28,252,161,21,0.13043478260869565,0.01292580551242236,844
39,40,161,12,0.07453416149068323,0.01292580551242236,845
36,36,161,21,0.13043478260869565,0.01292277270962733,846
37,142,161,12,0.07453416149068323,0.012907608695652174,847
24,74,161,17,0.10559006211180125,0.012880313470496894,848
30,82,161,15,0.09316770186335403,0.012878797069099378,849
37,64,161,21,0.13043478260869565,0.01285453464673913,850
32,246,161,21,0.13043478260869565,0.012846952639751552,851
13,200,161,21,0.13043478260869565,0.012834821428571428,852
2,78,161,17,0.10559006211180125,0.012822690217391304,853
38,219,161,20,0.12422360248447205,0.012737771739130434,854
21,77,161,14,0.08695652173913043,0.012707443711180124,855
7,19,161,18,0.11180124223602485,0.012704410908385094,856
22,172,161,26,0.16149068322981366,0.012693796098602484,857
30,89,161,29,0.18012422360248448,0.012692279697204968,858
17,74,161,16,0.09937888198757763,0.01266801727484472,859
21,162,161,13,0.08074534161490683,0.012643754852484472,860
11,235,161,16,0.09937888198757763,0.0126073612189441,861
26,90,161,20,0.12422360248447205,0.012589164402173914,862
32,213,161,17,0.10559006211180125,0.012589164402173914,863
15,122,161,11,0.06832298136645963,0.012561869177018634,864
6,53,161,17,0.10559006211180125,0.012558836374223602,865
18,3,161,30,0.18633540372670807,0.012540639557453416,866
17,69,161,15,0.09316770186335403,0.012501213121118012,867
10,15,161,21,0.13043478260869565,0.012483016304347826,868
26,103,161,19,0.11801242236024845,0.012483016304347826,869
35,38,161,19,0.11801242236024845,0.012458753881987578,870
8,238,161,17,0.10559006211180125,0.012443589868012422,871
21,209,161,20,0.12422360248447205,0.01243449145962733,872
13,198,161,17,0.10559006211180125,0.01243449145962733,873
16,90,161,21,0.13043478260869565,0.012422360248447204,874
33,203,161,24,0.14906832298136646,0.01242084384704969,875
1,221,161,10,0.062111801242236024,0.012404163431677018,876
30,211,161,16,0.09937888198757763,0.012370802600931678,877
31,134,161,24,0.14906832298136646,0.012368527998835404,878
39,188,161,34,0.2111801242236025,0.012325310559006212,879
35,248,161,28,0.17391304347826086,0.012267687305900622,880
29,191,161,19,0.11801242236024845,0.012240392080745342,881
27,215,161,24,0.14906832298136646,0.01223735927795031,882
16,235,161,16,0.09937888198757763,0.012197932841614906,883
22,16,161,21,0.13043478260869565,0.012164572010869566,884
1,71,161,14,0.08695652173913043,0.012131211180124224,885
30,79,161,12,0.07453416149068323,0.0121190799689441,886
28,201,161,22,0.13664596273291926,0.01209178474378882,887
3,246,161,22,0.13664596273291926,0.012067522321428572,888
28,202,161,16,0.09937888198757763,0.011973505434782608,889
19,59,161,16,0.09937888198757763,0.011882521350931678,890
28,206,161,24,0.14906832298136646,0.011858258928571428,891
37,197,161,13,0.08074534161490683,0.011858258928571428,892
27,221,161,12,0.07453416149068323,0.011858258928571428,893
17,245,161,10,0.062111801242236024,0.011846127717391304,894
20,70,161,15,0.09316770186335403,0.01183399650621118,895
36,163,161,14,0.08695652173913043,0.01183096370341615,896
23,59,161,26,0.16149068322981366,0.011812766886645962,897
30,151,161,10,0.062111801242236024,0.01180366847826087,898
8,135,161,14,0.08695652173913043,0.011791537267080746,899
39,69,161,18,0.11180124223602485,0.011783955260093168,900
12,73,161,16,0.09937888198757763,0.011782438858695652,901
37,26,161,22,0.13664596273291926,0.011764242041925466,902
16,201,161,24,0.14906832298136646,0.011761209239130434,903
36,132,161,19,0.11801242236024845,0.011727848408385094,904
17,248,161,11,0.06832298136645963,0.011715717197204968,905
27,14,161,23,0.14285714285714285,0.011694487577639752,906
19,234,161,16,0.09937888198757763,0.011694487577639752,907
33,94,161,22,0.13664596273291926,0.01168842197204969,908
20,133,161,23,0.14285714285714285,0.011682356366459628,909
27,29,161,18,0.11180124223602485,0.011680839965062112,910
26,112,161,20,0.12422360248447205,0.011648995535714286,911
31,240,161,23,0.14285714285714285,0.011632315120341614,912
30,203,161,24,0.14906832298136646,0.0116307987189441,913
22,55,161,16,0.09937888198757763,0.011624733113354038,914
27,211,161,22,0.13664596273291926,0.011597437888198758,915
22,91,161,15,0.09316770186335403,0.011570142663043478,916
31,238,161,22,0.13664596273291926,0.011558011451863354,917
27,152,161,19,0.11801242236024845,0.011524650621118012,918
14,86,161,11,0.06832298136645963,0.011524650621118012,919
15,179,161,22,0.13664596273291926,0.011509486607142858,920
34,200,161,19,0.11801242236024845,0.011503421001552796,921
31,68,161,22,0.13664596273291926,0.01148825698757764,922
31,200,161,23,0.14285714285714285,0.011482191381987578,923
19,22,161,18,0.11180124223602485,0.011436699340062112,924
30,188,161,25,0.15527950310559005,0.011409404114906832,925
28,89,161,16,0.09937888198757763,0.011406371312111802,926
27,203,161,18,0.11180124223602485,0.011379076086956522,927
31,226,161,28,0.17391304347826086,0.01137604328416149,928
28,193,161,12,0.07453416149068323,0.01137604328416149,929
22,17,161,15,0.09316770186335403,0.011354813664596274,930
27,118,161,22,0.13664596273291926,0.011324485636645962,931
26,247,161,21,0.13043478260869565,0.011322969235248448,932
9,86,161,20,0.12422360248447205,0.011321452833850932,933
12,162,161,20,0.12422360248447205,0.01130477241847826,934
26,74,161,19,0.11801242236024845,0.011278993594720496,935
20,124,161,18,0.11180124223602485,0.011224403144409938,936
24,69,161,19,0.11801242236024845,0.011209239130434782,937
32,175,161,19,0.11801242236024845,0.011166779891304348,938
26,185,161,15,0.09316770186335403,0.011163747088509316,939
4,191,161,11,0.06832298136645963,0.011148583074534162,940
24,94,161,16,0.09937888198757763,0.011109156638198758,941
19,61,161,16,0.09937888198757763,0.011097025427018634,942
16,229,161,17,0.10559006211180125,0.011056082589285714,943
5,223,161,19,0.11801242236024845,0.011007557744565218,944
17,175,161,14,0.08695652173913043,0.01099997573757764,945
17,148,161,13,0.08074534161490683,0.010975713315217392,946
34,12,161,20,0.12422360248447205,0.010952967294254658,947
25,71,161,16,0.09937888198757763,0.010881696428571428,948
1,149,161,8,0.049689440993788817,0.010821040372670808,949
19,98,161,16,0.09937888198757763,0.010781613936335404,950
12,196,161,16,0.09937888198757763,0.01077251552795031,951
34,164,161,18,0.11180124223602485,0.010766449922360248,952
15,251,161,15,0.09316770186335403,0.010739154697204968,953
13,188,161,16,0.09937888198757763,0.01071489227484472,954
24,185,161,11,0.06832298136645963,0.010708826669254658,955
25,49,161,18,0.11180124223602485,0.010675465838509316,956
24,75,161,13,0.08074534161490683,0.010660301824534162,957
22,236,161,11,0.06832298136645963,0.010651203416149068,958
23,8,161,14,0.08695652173913043,0.010648170613354038,959
34,167,161,12,0.07453416149068323,0.010639072204968944,960
3,185,161,9,0.055900621118012424,0.01062694099378882,961
18,113,161,22,0.13664596273291926,0.010604194972826086,962
26,16,161,15,0.09316770186335403,0.010593580163043478,963
17,98,161,23,0.14285714285714285,0.010551120923913044,964
26,146,161,16,0.09937888198757763,0.010535956909937888,965
25,101,161,16,0.09937888198757763,0.010490464868012422,966
34,113,161,18,0.11180124223602485,0.01048439926242236,967
39,165,161,8,0.049689440993788817,0.010472268051242236,968
37,89,161,14,0.08695652173913043,0.01047075164984472,969
36,187,161,20,0.12422360248447205,0.010429808812111802,970
9,254,161,15,0.09316770186335403,0.010402513586956522,971
22,61,161,15,0.09316770186335403,0.010360054347826086,972
35,77,161,19,0.11801242236024845,0.01035247234083851,973
39,99,161,17,0.10559006211180125,0.010305463897515528,974
18,124,161,15,0.09316770186335403,0.010299398291925466,975
17,208,161,14,0.08695652173913043,0.010278168672360248,976
31,4,161,17,0.10559006211180125,0.010258455454192546,977
25,39,161,20,0.12422360248447205,0.01024025863742236,978
10,143,161,14,0.08695652173913043,0.010238742236024844,979
32,78,161,15,0.09316770186335403,0.010203865003881988,980
3,179,161,16,0.09937888198757763,0.010197041197593168,981
1,78,161,8,0.049689440993788817,0.0101659549689441,982
20,87,161,8,0.049689440993788817,0.010102266110248448,983
13,169,161,24,0.14906832298136646,0.010056774068322982,984
21,248,161,19,0.11801242236024845,0.01005374126552795,985
21,44,161,14,0.08695652173913043,0.010047675659937888,986
31,57,161,20,0.12422360248447205,0.010044642857142858,987
8,228,161,12,0.07453416149068323,0.010043126455745342,988
23,249,161,19,0.11801242236024845,0.010038577251552796,989
35,199,161,15,0.09316770186335403,0.010032511645962732,990
6,154,161,17,0.10559006211180125,0.010015831230590062,991
28,160,161,17,0.10559006211180125,0.009988536005434782,992
38,22,161,18,0.11180124223602485,0.00997943759704969,993
20,114,161,23,0.14285714285714285,0.009967306385869566,994
35,114,161,18,0.11180124223602485,0.009961240780279504,995
27,246,161,21,0.13043478260869565,0.009956691576086956,996
22,145,161,15,0.09316770186335403,0.009953658773291926,997
17,164,161,22,0.13664596273291926,0.009912715935559006,998
34,246,161,20,0.12422360248447205,0.009896035520186336,999
18,134,161,17,0.10559006211180125,0.009883904309006212,1000
38,196,161,19,0.11801242236024845,0.009868740295031056,1001
15,178,161,16,0.09937888198757763,0.009868740295031056,1002
37,225,161,12,0.07453416149068323,0.009862674689440994,1003
14,34,161,14,0.08695652173913043,0.009845994274068322,1004
14,195,161,16,0.09937888198757763,0.009841445069875776,1005
22,228,161,14,0.08695652173913043,0.009817182647515528,1006
39,222,161,14,0.08695652173913043,0.009817182647515528,1007
20,86,161,24,0.14906832298136646,0.009812633443322982,1008
33,182,161,14,0.08695652173913043,0.009759559394409938,1009
2,1,161,15,0.09316770186335403,0.009750460986024844,1010
25,194,161,13,0.08074534161490683,0.009750460986024844,1011
12,156,161,14,0.08695652173913043,0.009741362577639752,1012
37,178,161,16,0.09937888198757763,0.00973529697204969,1013
7,96,161,14,0.08695652173913043,0.009732264169254658,1014
19,187,161,12,0.07453416149068323,0.009683739324534162,1015
36,154,161,17,0.10559006211180125,0.009665542507763976,1016
18,42,161,16,0.09937888198757763,0.009644312888198758,1017
26,11,161,14,0.08695652173913043,0.009641280085403726,1018
34,25,161,16,0.09937888198757763,0.009635214479813664,1019
4,89,161,16,0.09937888198757763,0.009629148874223602,1020
33,80,161,20,0.12422360248447205,0.009621566867236024,1021
8,181,161,13,0.08074534161490683,0.009617017663043478,1022
8,69,161,13,0.08074534161490683,0.009601853649068322,1023
14,21,161,13,0.08074534161490683,0.009580624029503106,1024
24,13,161,13,0.08074534161490683,0.009574558423913044,1025
25,14,161,11,0.06832298136645963,0.009574558423913044,1026
26,166,161,14,0.08695652173913043,0.00956546001552795,1027
7,207,161,16,0.09937888198757763,0.009560910811335404,1028
15,71,161,15,0.09316770186335403,0.009532099184782608,1029
15,254,161,17,0.10559006211180125,0.009521484375,1030
30,131,161,22,0.13664596273291926,0.009509353163819876,1031
23,25,161,16,0.09937888198757763,0.009486607142857142,1032
34,244,161,19,0.11801242236024845,0.009482057938664596,1033
6,129,161,8,0.049689440993788817,0.009474475931677018,1034
29,205,161,11,0.06832298136645963,0.00942291828416149,1035
2,125,161,14,0.08695652173913043,0.00938955745341615,1036
2,53,161,12,0.07453416149068323,0.009386524650621118,1037
4,144,161,9,0.055900621118012424,0.009353163819875776,1038
33,40,161,16,0.09937888198757763,0.009344065411490684,1039
31,202,161,19,0.11801242236024845,0.00930463897515528,1040
11,105,161,14,0.08695652173913043,0.00930463897515528,1041
14,148,161,15,0.09316770186335403,0.009301606172360248,1042
31,153,161,20,0.12422360248447205,0.009272794545807454,1043
5,96,161,14,0.08695652173913043,0.009268245341614906,1044
24,223,161,16,0.09937888198757763,0.00926066333462733,1045
24,214,161,26,0.16149068322981366,0.009257630531832298,1046
20,8,161,10,0.062111801242236024,0.009225786102484472,1047
1,34,161,14,0.08695652173913043,0.009216687694099378,1048
2,223,161,15,0.09316770186335403,0.009204556482919254,1049
9,138,161,16,0.09937888198757763,0.009156031638198758,1050
34,133,161,15,0.09316770186335403,0.009156031638198758,1051
39,59,161,27,0.16770186335403728,0.009146933229813664,1052
18,20,161,22,0.13664596273291926,0.009146933229813664,1053
5,50,161,5,0.031055900621118012,0.009146933229813664,1054
38,86,161,8,0.049689440993788817,0.009116605201863354,1055
20,154,161,21,0.13043478260869565,0.009092342779503106,1056
20,61,161,22,0.13664596273291926,0.00901652270962733,1057
18,67,161,15,0.09316770186335403,0.00900590789984472,1058
24,240,161,14,0.08695652173913043,0.009004391498447204,1059
28,168,161,9,0.055900621118012424,0.008995293090062112,1060
12,129,161,19,0.11801242236024845,0.008977096273291926,1061
15,31,161,16,0.09937888198757763,0.008960415857919254,1062
20,204,161,11,0.06832298136645963,0.008922505822981366,1063
37,206,161,9,0.055900621118012424,0.008886112189440994,1064
26,26,161,16,0.09937888198757763,0.008883079386645962,1065
32,111,161,14,0.08695652173913043,0.008866398971273292,1066
18,157,161,13,0.08074534161490683,0.008848202154503106,1067
10,95,161,15,0.09316770186335403,0.00883303814052795,1068
17,238,161,14,0.08695652173913043,0.008831521739130434,1069
32,173,161,19,0.11801242236024845,0.00880271011257764,1070
8,196,161,6,0.037267080745341616,0.008770865683229814,1071
36,137,161,13,0.08074534161490683,0.00875873447204969,1072
13,173,161,14,0.08695652173913043,0.00873143924689441,1073
9,31,161,15,0.09316770186335403,0.008705660423136646,1074
12,64,161,12,0.07453416149068323,0.008679881599378882,1075
27,11,161,13,0.08074534161490683,0.00864652076863354,1076
16,30,161,8,0.049689440993788817,0.00864348796583851,1077
21,121,161,11,0.06832298136645963,0.008613159937888198,1078
20,197,161,15,0.09316770186335403,0.008604061529503106,1079
16,36,161,15,0.09316770186335403,0.008573733501552796,1080
24,16,161,24,0.14906832298136646,0.008567667895962732,1081
5,213,161,15,0.09316770186335403,0.008546438276397516,1082
14,65,161,11,0.06832298136645963,0.008546438276397516,1083
36,197,161,9,0.055900621118012424,0.008546438276397516,1084
11,66,161,18,0.11180124223602485,0.008540372670807454,1085
38,251,161,15,0.09316770186335403,0.008540372670807454,1086
29,152,161,17,0.10559006211180125,0.008537339868012422,1087
27,194,161,13,0.08074534161490683,0.008507011840062112,1088
22,22,161,11,0.06832298136645963,0.00847365100931677,1089
31,166,161,11,0.06832298136645963,0.00844635578416149,1090
21,115,161,12,0.07453416149068323,0.00844332298136646,1091
20,122,161,9,0.055900621118012424,0.008434224572981366,1092
23,215,161,13,0.08074534161490683,0.008431191770186336,1093
36,150,161,15,0.09316770186335403,0.008422093361801242,1094
37,249,161,15,0.09316770186335403,0.008419060559006212,1095
5,180,161,15,0.09316770186335403,0.008406929347826086,1096
6,45,161,19,0.11801242236024845,0.008405412946428572,1097
12,199,161,13,0.08074534161490683,0.008403896545031056,1098
37,209,161,13,0.08074534161490683,0.008397830939440994,1099
14,113,161,11,0.06832298136645963,0.00838569972826087,1100
32,137,161,4,0.024844720496894408,0.00835840450310559,1101
18,183,161,20,0.12422360248447205,0.008346273291925466,1102
24,39,161,11,0.06832298136645963,0.008343240489130434,1103
26,213,161,15,0.09316770186335403,0.008323527270962732,1104
4,21,161,7,0.043478260869565216,0.008315945263975156,1105
31,41,161,12,0.07453416149068323,0.008303814052795032,1106
5,45,161,14,0.08695652173913043,0.008288650038819876,1107
32,212,161,12,0.07453416149068323,0.008267420419254658,1108
13,151,161,13,0.08074534161490683,0.008240125194099378,1109
37,121,161,11,0.06832298136645963,0.008209797166149068,1110
38,7,161,22,0.13664596273291926,0.008205247961956522,1111
38,64,161,21,0.13043478260869565,0.008205247961956522,1112
36,13,161,14,0.08695652173913043,0.008174919934006212,1113
12,152,161,15,0.09316770186335403,0.00815823951863354,1114
11,140,161,8,0.049689440993788817,0.008133977096273292,1115
24,246,161,12,0.07453416149068323,0.00813094429347826,1116
38,78,161,8,0.049689440993788817,0.008117296680900622,1117
14,136,161,10,0.062111801242236024,0.008091517857142858,1118
10,123,161,11,0.06832298136645963,0.008055124223602484,1119
2,232,161,9,0.055900621118012424,0.008052091420807454,1120
27,84,161,14,0.08695652173913043,0.008049058618012422,1121
8,166,161,10,0.062111801242236024,0.007964140139751552,1122
8,185,161,9,0.055900621118012424,0.007964140139751552,1123
24,162,161,8,0.049689440993788817,0.007961107336956522,1124
33,41,161,15,0.09316770186335403,0.00795504173136646,1125
7,142,161,13,0.08074534161490683,0.007943668720885094,1126
23,91,161,12,0.07453416149068323,0.007933812111801242,1127
30,18,161,19,0.11801242236024845,0.007930779309006212,1128
38,176,161,11,0.06832298136645963,0.007918648097826086,1129
19,2,161,23,0.14285714285714285,0.007906516886645962,1130
35,246,161,10,0.062111801242236024,0.00786709045031056,1131
27,78,161,14,0.08695652173913043,0.007848893633540372,1132
22,108,161,11,0.06832298136645963,0.00784282802795031,1133
17,233,161,9,0.055900621118012424,0.007838278823757764,1134
37,182,161,13,0.08074534161490683,0.007832213218167702,1135
24,77,161,24,0.14906832298136646,0.007817049204192546,1136
7,201,161,8,0.049689440993788817,0.007806434394409938,1137
30,169,161,10,0.062111801242236024,0.00779885238742236,1138
12,56,161,12,0.07453416149068323,0.007779139169254658,1139
21,234,161,12,0.07453416149068323,0.007779139169254658,1140
15,127,161,11,0.06832298136645963,0.007773073563664596,1141
18,163,161,17,0.10559006211180125,0.007760942352484472,1142
38,189,161,13,0.08074534161490683,0.007760942352484472,1143
12,235,161,14,0.08695652173913043,0.007748811141304348,1144
35,78,161,16,0.09937888198757763,0.007745778338509317,1145
17,216,161,9,0.055900621118012424,0.007745778338509317,1146
4,223,161,11,0.06832298136645963,0.007739712732919255,1147
38,198,161,14,0.08695652173913043,0.007738196331521739,1148
19,9,161,11,0.06832298136645963,0.007735163528726708,1149
28,220,161,13,0.08074534161490683,0.00772758152173913,1150
18,76,161,8,0.049689440993788817,0.00772758152173913,1151
2,35,161,11,0.06832298136645963,0.007718483113354037,1152
30,255,161,18,0.11180124223602485,0.007706351902173913,1153
15,183,161,12,0.07453416149068323,0.007706351902173913,1154
35,200,161,17,0.10559006211180125,0.007704835500776398,1155
35,68,161,14,0.08695652173913043,0.007703319099378882,1156
30,80,161,15,0.09316770186335403,0.00769725349378882,1157
24,84,161,21,0.13043478260869565,0.007694220690993789,1158
3,200,161,2,0.012422360248447204,0.007691187888198758,1159
30,189,161,14,0.08695652173913043,0.007676023874223602,1160
18,19,161,14,0.08695652173913043,0.00766995826863354,1161
20,36,161,9,0.055900621118012424,0.00763963024068323,1162
24,167,161,10,0.062111801242236024,0.007621433423913043,1163
11,162,161,12,0.07453416149068323,0.007603236607142857,1164
21,157,161,10,0.062111801242236024,0.007603236607142857,1165
21,76,161,14,0.08695652173913043,0.007569875776397516,1166
35,67,161,6,0.037267080745341616,0.007553195361024845,1167
17,17,161,16,0.09937888198757763,0.007545613354037267,1168
39,142,161,25,0.15527950310559005,0.007525141935170807,1169
18,247,161,12,0.07453416149068323,0.00752438373447205,1170
34,228,161,14,0.08695652173913043,0.007516801727484472,1171
36,52,161,6,0.037267080745341616,0.007500121312111801,1172
39,117,161,21,0.13043478260869565,0.007489506502329193,1173
23,154,161,17,0.10559006211180125,0.007477375291149068,1174
2,54,161,12,0.07453416149068323,0.007475858889751553,1175
26,111,161,14,0.08695652173913043,0.007469793284161491,1176
38,96,161,21,0.13043478260869565,0.007450080065993789,1177
37,136,161,11,0.06832298136645963,0.007418235636645963,1178
10,218,161,9,0.055900621118012424,0.007418235636645963,1179
29,245,161,12,0.07453416149068323,0.007398522418478261,1180
25,32,161,11,0.06832298136645963,0.007390940411490683,1181
20,92,161,9,0.055900621118012424,0.007387907608695652,1182
23,226,161,18,0.11180124223602485,0.007356063179347826,1183
39,87,161,23,0.14285714285714285,0.007346964770962733,1184
8,35,161,13,0.08074534161490683,0.007302989130434783,1185
18,130,161,13,0.08074534161490683,0.007290857919254658,1186
35,53,161,13,0.08074534161490683,0.007278726708074534,1187
22,216,161,11,0.06832298136645963,0.007275693905279503,1188
25,198,161,13,0.08074534161490683,0.007269628299689441,1189
22,106,161,13,0.08074534161490683,0.007230201863354037,1190
25,63,161,10,0.062111801242236024,0.007224136257763975,1191
30,13,161,10,0.062111801242236024,0.00720897224378882,1192
39,120,161,10,0.062111801242236024,0.007193050029114907,1193
24,109,161,23,0.14285714285714285,0.007184709821428571,1194
9,103,161,13,0.08074534161490683,0.007184709821428571,1195
23,67,161,7,0.043478260869565216,0.007160447399068323,1196
23,203,161,8,0.049689440993788817,0.007139217779503106,1197
23,211,161,10,0.062111801242236024,0.007136184976708075,1198
18,150,161,16,0.09937888198757763,0.007133152173913043,1199
19,149,161,8,0.049689440993788817,0.007130119371118012,1200
5,55,161,12,0.07453416149068323,0.007128602969720497,1201
16,79,161,14,0.08695652173913043,0.007127086568322981,1202
37,33,161,12,0.07453416149068323,0.007119504561335404,1203
34,145,161,4,0.024844720496894408,0.007108889751552795,1204
1,41,161,10,0.062111801242236024,0.007072496118012422,1205
35,88,161,17,0.10559006211180125,0.007060364906832298,1206
33,32,161,8,0.049689440993788817,0.007060364906832298,1207
39,28,161,18,0.11180124223602485,0.007045959093555901,1208
25,118,161,12,0.07453416149068323,0.007043684491459627,1209
5,172,161,5,0.031055900621118012,0.007027004076086957,1210
29,77,161,13,0.08074534161490683,0.00700880725931677,1211
30,196,161,16,0.09937888198757763,0.006999708850931677,1212
1,252,161,6,0.037267080745341616,0.006999708850931677,1213
37,158,161,9,0.055900621118012424,0.006975446428571429,1214
15,96,161,13,0.08074534161490683,0.00696483161878882,1215
24,173,161,9,0.055900621118012424,0.006960282414596273,1216
19,39,161,19,0.11801242236024845,0.006948151203416149,1217
30,214,161,12,0.07453416149068323,0.006948151203416149,1218
30,216,161,13,0.08074534161490683,0.006943601999223602,1219
37,32,161,10,0.062111801242236024,0.006942085597826087,1220
23,145,161,8,0.049689440993788817,0.006942085597826087,1221
36,225,161,12,0.07453416149068323,0.006931470788043478,1222
32,56,161,12,0.07453416149068323,0.006929954386645963,1223
22,244,161,10,0.062111801242236024,0.006929954386645963,1224
32,177,161,10,0.062111801242236024,0.006926921583850932,1225
15,194,161,13,0.08074534161490683,0.006917823175465839,1226
10,13,161,13,0.08074534161490683,0.006910241168478261,1227
36,138,161,11,0.06832298136645963,0.006896593555900621,1228
25,59,161,10,0.062111801242236024,0.006887495147515528,1229
15,211,161,14,0.08695652173913043,0.006885978746118012,1230
25,241,161,10,0.062111801242236024,0.006869298330745342,1231
25,171,161,10,0.062111801242236024,0.006860199922360248,1232
13,104,161,9,0.055900621118012424,0.006860199922360248,1233
28,15,161,17,0.10559006211180125,0.006857167119565217,1234
2,138,161,9,0.055900621118012424,0.006854134316770186,1235
7,118,161,13,0.08074534161490683,0.006852617915372671,1236
7,55,161,11,0.06832298136645963,0.006837453901397516,1237
28,84,161,12,0.07453416149068323,0.006826839091614907,1238
7,237,161,10,0.062111801242236024,0.006811675077639752,1239
6,157,161,13,0.08074534161490683,0.006807125873447205,1240
16,75,161,14,0.08695652173913043,0.006796511063664596,1241
18,241,161,11,0.06832298136645963,0.006787412655279503,1242
1,105,161,5,0.031055900621118012,0.006781347049689441,1243
16,182,161,9,0.055900621118012424,0.006769215838509317,1244
22,235,161,8,0.049689440993788817,0.006754051824534161,1245
39,18,161,14,0.08695652173913043,0.006710076184006211,1246
22,92,161,11,0.06832298136645963,0.006702494177018634,1247
29,159,161,11,0.06832298136645963,0.006687330163043478,1248
16,165,161,11,0.06832298136645963,0.006684297360248447,1249
39,68,161,13,0.08074534161490683,0.006638805318322981,1250
37,12,161,11,0.06832298136645963,0.006631223311335404,1251
18,94,161,9,0.055900621118012424,0.006620608501552795,1252
4,27,161,8,0.049689440993788817,0.00661909210015528,1253
34,56,161,11,0.06832298136645963,0.006608477290372671,1254
37,101,161,8,0.049689440993788817,0.00660544448757764,1255
25,3,161,5,0.031055900621118012,0.006602411684782609,1256
22,42,161,9,0.055900621118012424,0.006590280473602484,1257
29,7,161,15,0.09316770186335403,0.006567534452639752,1258
19,148,161,16,0.09937888198757763,0.006558436044254658,1259
20,145,161,8,0.049689440993788817,0.006553886840062112,1260
31,97,161,9,0.055900621118012424,0.006550854037267081,1261
23,218,161,17,0.10559006211180125,0.006540239227484472,1262
39,176,161,8,0.049689440993788817,0.006537206424689441,1263
23,80,161,5,0.031055900621118012,0.006535690023291925,1264
19,29,161,10,0.062111801242236024,0.006529624417701863,1265
31,72,161,14,0.08695652173913043,0.006522042410714286,1266
21,208,161,8,0.049689440993788817,0.006517493206521739,1267
30,226,161,15,0.09316770186335403,0.006511427600931677,1268
23,124,161,7,0.043478260869565216,0.006487165178571429,1269
32,155,161,8,0.049689440993788817,0.006465935559006211,1270
37,174,161,11,0.06832298136645963,0.00646290275621118,1271
34,226,161,13,0.08074534161490683,0.006459869953416149,1272
38,55,161,7,0.043478260869565216,0.006456837150621118,1273
26,199,161,13,0.08074534161490683,0.006455320749223602,1274
28,155,161,11,0.06832298136645963,0.006444705939440994,1275
14,164,161,9,0.055900621118012424,0.006423476319875776,1276
27,181,161,10,0.062111801242236024,0.006421959918478261,1277
35,202,161,12,0.07453416149068323,0.006409828707298137,1278
27,157,161,11,0.06832298136645963,0.006394664693322981,1279
31,90,161,15,0.09316770186335403,0.006388599087732919,1280
36,123,161,11,0.06832298136645963,0.006385566284937888,1281
28,233,161,14,0.08695652173913043,0.00637495147515528,1282
14,231,161,7,0.043478260869565216,0.006371918672360248,1283
38,128,161,18,0.11180124223602485,0.006362820263975155,1284
13,149,161,8,0.049689440993788817,0.006359787461180124,1285
5,19,161,4,0.024844720496894408,0.006353721855590062,1286
34,170,161,8,0.049689440993788817,0.006352205454192547,1287
9,251,161,8,0.049689440993788817,0.006350689052795031,1288
35,87,161,8,0.049689440993788817,0.006343107045807453,1289
30,102,161,10,0.062111801242236024,0.006341590644409938,1290
17,254,161,8,0.049689440993788817,0.006323393827639752,1291
36,215,161,12,0.07453416149068323,0.006317328222049689,1292
12,21,161,13,0.08074534161490683,0.006314295419254658,1293
39,65,161,12,0.07453416149068323,0.006314295419254658,1294
27,61,161,12,0.07453416149068323,0.006308229813664596,1295
14,158,161,11,0.06832298136645963,0.006302164208074534,1296
35,46,161,13,0.08074534161490683,0.006296098602484472,1297
25,167,161,11,0.06832298136645963,0.006296098602484472,1298
9,249,161,3,0.018633540372670808,0.006296098602484472,1299
9,91,161,11,0.06832298136645963,0.006268803377329193,1300
11,117,161,10,0.062111801242236024,0.006268803377329193,1301
29,134,161,9,0.055900621118012424,0.006267286975931677,1302
27,27,161,10,0.062111801242236024,0.00626273777173913,1303
13,53,161,6,0.037267080745341616,0.006241508152173913,1304
5,237,161,8,0.049689440993788817,0.006221794934006211,1305
23,75,161,9,0.055900621118012424,0.006217245729813665,1306
35,234,161,12,0.07453416149068323,0.006209663722826087,1307
35,252,161,14,0.08695652173913043,0.006186917701863354,1308
22,30,161,9,0.055900621118012424,0.006171753687888199,1309
37,110,161,9,0.055900621118012424,0.006170237286490683,1310
32,132,161,10,0.062111801242236024,0.006165688082298137,1311
13,146,161,9,0.055900621118012424,0.00616113887810559,1312
32,135,161,9,0.055900621118012424,0.006150524068322981,1313
29,21,161,10,0.062111801242236024,0.006141425659937888,1314
17,44,161,8,0.049689440993788817,0.006098966420807453,1315
20,27,161,9,0.055900621118012424,0.006092900815217391,1316
14,202,161,7,0.043478260869565216,0.006092900815217391,1317
24,28,161,10,0.062111801242236024,0.006077736801242236,1318
11,12,161,9,0.055900621118012424,0.006051957977484472,1319
36,201,161,11,0.06832298136645963,0.006044375970496894,1320
7,191,161,9,0.055900621118012424,0.006035277562111801,1321
4,171,161,9,0.055900621118012424,0.006017080745341615,1322
27,131,161,11,0.06832298136645963,0.005995851125776398,1323
22,23,161,9,0.055900621118012424,0.005992818322981366,1324
16,10,161,12,0.07453416149068323,0.005983719914596273,1325
13,21,161,11,0.06832298136645963,0.005979170710403727,1326
37,198,161,4,0.024844720496894408,0.00597462150621118,1327
33,216,161,12,0.07453416149068323,0.005971588703416149,1328
21,135,161,7,0.043478260869565216,0.005968555900621118,1329
26,88,161,5,0.031055900621118012,0.005962490295031056,1330
23,13,161,9,0.055900621118012424,0.005953391886645963,1331
11,76,161,8,0.049689440993788817,0.005935195069875776,1332
11,174,161,4,0.024844720496894408,0.005932162267080745,1333
39,131,161,21,0.13043478260869565,0.005911690848214286,1334
20,115,161,9,0.055900621118012424,0.005910932647515528,1335
36,162,161,10,0.062111801242236024,0.005907141644021739,1336
23,66,161,11,0.06832298136645963,0.005901834239130435,1337
38,47,161,11,0.06832298136645963,0.005901834239130435,1338
5,3,161,9,0.055900621118012424,0.005880604619565217,1339
31,24,161,8,0.049689440993788817,0.005871506211180124,1340
33,125,161,12,0.07453416149068323,0.005844210986024845,1341
22,252,161,8,0.049689440993788817,0.005810850155279503,1342
14,88,161,9,0.055900621118012424,0.005804784549689441,1343
38,57,161,9,0.055900621118012424,0.005795686141304348,1344
1,115,161,5,0.031055900621118012,0.005795686141304348,1345
25,45,161,9,0.055900621118012424,0.005786587732919255,1346
35,94,161,5,0.031055900621118012,0.005783554930124224,1347
31,248,161,7,0.043478260869565216,0.005772940120341615,1348
38,25,161,10,0.062111801242236024,0.005771423718944099,1349
27,180,161,9,0.055900621118012424,0.005771423718944099,1350
12,150,161,12,0.07453416149068323,0.005750194099378882,1351
22,85,161,9,0.055900621118012424,0.005747161296583851,1352
19,45,161,9,0.055900621118012424,0.00574412849378882,1353
12,34,161,10,0.062111801242236024,0.005741095690993789,1354
32,254,161,9,0.055900621118012424,0.005741095690993789,1355
19,248,161,19,0.11801242236024845,0.005735030085403727,1356
18,18,161,9,0.055900621118012424,0.005735030085403727,1357
24,105,161,8,0.049689440993788817,0.005724415275621118,1358
10,28,161,11,0.06832298136645963,0.00571683326863354,1359
16,239,161,11,0.06832298136645963,0.005701669254658385,1360
35,158,161,12,0.07453416149068323,0.00570015285326087,1361
10,40,161,10,0.062111801242236024,0.005695603649068323,1362
2,7,161,4,0.024844720496894408,0.005680439635093168,1363
9,243,161,9,0.055900621118012424,0.005671341226708075,1364
20,172,161,10,0.062111801242236024,0.005665275621118012,1365
28,40,161,10,0.062111801242236024,0.005657693614130435,1366
5,132,161,4,0.024844720496894408,0.005651628008540373,1367
27,238,161,11,0.06832298136645963,0.005639496797360248,1368
4,176,161,8,0.049689440993788817,0.005634947593167702,1369
4,92,161,6,0.037267080745341616,0.005631914790372671,1370
4,239,161,6,0.037267080745341616,0.005631914790372671,1371
27,5,161,12,0.07453416149068323,0.005622816381987578,1372
1,50,161,7,0.043478260869565216,0.005619783579192547,1373
35,99,161,11,0.06832298136645963,0.005618267177795031,1374
1,43,161,5,0.031055900621118012,0.005613717973602484,1375
19,171,161,20,0.12422360248447205,0.005612201572204969,1376
34,112,161,10,0.062111801242236024,0.005606135966614907,1377
15,62,161,9,0.055900621118012424,0.005604619565217391,1378
17,120,161,7,0.043478260869565216,0.005589455551242236,1379
29,75,161,4,0.024844720496894408,0.005586422748447205,1380
37,69,161,9,0.055900621118012424,0.005580357142857143,1381
33,99,161,9,0.055900621118012424,0.005575807938664596,1382
18,128,161,7,0.043478260869565216,0.005574291537267081,1383
9,163,161,12,0.07453416149068323,0.005562160326086957,1384
15,39,161,9,0.055900621118012424,0.005559127523291925,1385
6,73,161,8,0.049689440993788817,0.005553061917701863,1386
23,74,161,10,0.062111801242236024,0.005525766692546584,1387
37,200,161,10,0.062111801242236024,0.005519701086956522,1388
11,86,161,10,0.062111801242236024,0.005518184685559006,1389
17,110,161,12,0.07453416149068323,0.005509086277173913,1390
29,165,161,12,0.07453416149068323,0.005507569875776398,1391
14,76,161,10,0.062111801242236024,0.005498471467391304,1392
28,102,161,9,0.055900621118012424,0.005498471467391304,1393
11,255,161,7,0.043478260869565216,0.00548634025621118,1394
33,107,161,11,0.06832298136645963,0.005474209045031056,1395
29,118,161,12,0.07453416149068323,0.005469659840838509,1396
17,226,161,14,0.08695652173913043,0.005463594235248447,1397
32,110,161,9,0.055900621118012424,0.005446913819875776,1398
20,211,161,8,0.049689440993788817,0.005443881017080745,1399
29,166,161,8,0.049689440993788817,0.005443881017080745,1400
9,236,161,7,0.043478260869565216,0.005440848214285714,1401
25,177,161,8,0.049689440993788817,0.005425684200310559,1402
26,225,161,10,0.062111801242236024,0.005418102193322981,1403
26,197,161,10,0.062111801242236024,0.005416585791925466,1404
21,74,161,8,0.049689440993788817,0.005401421777950311,1405
37,3,161,7,0.043478260869565216,0.005389290566770186,1406
26,99,161,9,0.055900621118012424,0.00538474136257764,1407
33,53,161,9,0.055900621118012424,0.005374126552795031,1408
9,198,161,4,0.024844720496894408,0.00537109375,1409
34,55,161,4,0.024844720496894408,0.005368060947204969,1410
21,18,161,7,0.043478260869565216,0.005358962538819876,1411
32,171,161,9,0.055900621118012424,0.00535744613742236,1412
31,210,161,6,0.037267080745341616,0.005355929736024845,1413
30,27,161,4,0.024844720496894408,0.005349864130434783,1414
27,15,161,6,0.037267080745341616,0.005345314926242236,1415
27,202,161,8,0.049689440993788817,0.00534379852484472,1416
35,90,161,12,0.07453416149068323,0.005340765722049689,1417
31,218,161,9,0.055900621118012424,0.005330150912267081,1418
13,177,161,9,0.055900621118012424,0.005328634510869565,1419
2,68,161,2,0.012422360248447204,0.005325601708074534,1420
24,96,161,8,0.049689440993788817,0.00531347049689441,1421
27,97,161,8,0.049689440993788817,0.00531347049689441,1422
20,13,161,14,0.08695652173913043,0.005308921292701863,1423
5,43,161,2,0.012422360248447204,0.005307404891304348,1424
6,56,161,4,0.024844720496894408,0.005305888489906832,1425
38,162,161,8,0.049689440993788817,0.005292240877329193,1426
34,165,161,9,0.055900621118012424,0.005280109666149068,1427
35,95,161,13,0.08074534161490683,0.005264945652173913,1428
36,207,161,11,0.06832298136645963,0.005264945652173913,1429
24,117,161,8,0.049689440993788817,0.005264945652173913,1430
24,111,161,7,0.043478260869565216,0.005258880046583851,1431
15,112,161,10,0.062111801242236024,0.00525584724378882,1432
19,236,161,9,0.055900621118012424,0.005246748835403727,1433
33,28,161,9,0.055900621118012424,0.005240683229813665,1434
8,162,161,10,0.062111801242236024,0.005224002814440994,1435
12,5,161,7,0.043478260869565216,0.005222486413043478,1436
34,0,161,5,0.031055900621118012,0.005222486413043478,1437
38,145,161,8,0.049689440993788817,0.005219453610248447,1438
11,28,161,8,0.049689440993788817,0.005204289596273292,1439
19,169,161,8,0.049689440993788817,0.00519822399068323,1440
30,247,161,8,0.049689440993788817,0.00519822399068323,1441
24,52,161,18,0.11180124223602485,0.005190641983695652,1442
1,226,161,10,0.062111801242236024,0.005180027173913043,1443
2,84,161,6,0.037267080745341616,0.005164863159937888,1444
4,51,161,7,0.043478260869565216,0.005161830357142857,1445
7,146,161,9,0.055900621118012424,0.005143633540372671,1446
8,239,161,9,0.055900621118012424,0.005131502329192547,1447
26,81,161,9,0.055900621118012424,0.005128469526397516,1448
37,125,161,9,0.055900621118012424,0.005126953125,1449
15,84,161,10,0.062111801242236024,0.005116338315217391,1450
37,138,161,7,0.043478260869565216,0.005116338315217391,1451
33,201,161,10,0.062111801242236024,0.00511330551242236,1452
35,135,161,12,0.07453416149068323,0.005093592294254658,1453
23,239,161,7,0.043478260869565216,0.005086010287267081,1454
37,248,161,9,0.055900621118012424,0.00508297748447205,1455
12,120,161,10,0.062111801242236024,0.005026870632763975,1456
35,3,161,9,0.055900621118012424,0.005023837829968944,1457
24,207,161,6,0.037267080745341616,0.005019288625776398,1458
5,108,161,5,0.031055900621118012,0.004988960597826087,1459
9,64,161,11,0.06832298136645963,0.004976829386645963,1460
35,134,161,6,0.037267080745341616,0.004976829386645963,1461
5,78,161,9,0.055900621118012424,0.004973796583850932,1462
17,153,161,7,0.043478260869565216,0.004964698175465839,1463
8,38,161,6,0.037267080745341616,0.004952566964285714,1464
21,233,161,5,0.031055900621118012,0.004952566964285714,1465
7,220,161,7,0.043478260869565216,0.004943468555900621,1466
15,91,161,10,0.062111801242236024,0.004941952154503106,1467
33,47,161,8,0.049689440993788817,0.00494043575310559,1468
28,228,161,6,0.037267080745341616,0.004937402950310559,1469
25,184,161,5,0.031055900621118012,0.004937402950310559,1470
19,117,161,8,0.049689440993788817,0.004934370147515528,1471
32,125,161,9,0.055900621118012424,0.004932853746118012,1472
14,3,161,6,0.037267080745341616,0.004928304541925466,1473
13,111,161,8,0.049689440993788817,0.004922238936335404,1474
35,159,161,11,0.06832298136645963,0.004916173330745342,1475
22,152,161,7,0.043478260869565216,0.004897976513975155,1476
13,192,161,10,0.062111801242236024,0.004894943711180124,1477
27,160,161,9,0.055900621118012424,0.004890394506987578,1478
5,16,161,9,0.055900621118012424,0.004887361704192547,1479
10,63,161,4,0.024844720496894408,0.004887361704192547,1480
32,55,161,8,0.049689440993788817,0.004885845302795031,1481
18,138,161,7,0.043478260869565216,0.004876746894409938,1482
1,119,161,8,0.049689440993788817,0.004870681288819876,1483
19,189,161,8,0.049689440993788817,0.004867648486024845,1484
22,223,161,8,0.049689440993788817,0.004864615683229814,1485
17,61,161,8,0.049689440993788817,0.004861582880434783,1486
24,169,161,8,0.049689440993788817,0.004858550077639752,1487
5,233,161,7,0.043478260869565216,0.004857033676242236,1488
29,172,161,6,0.037267080745341616,0.004852484472049689,1489
3,86,161,3,0.018633540372670808,0.004846418866459627,1490
23,160,161,12,0.07453416149068323,0.004832771253881988,1491
33,162,161,8,0.049689440993788817,0.00482518924689441,1492
39,172,161,8,0.049689440993788817,0.004814574437111801,1493
26,19,161,9,0.055900621118012424,0.004813058035714286,1494
33,243,161,7,0.043478260869565216,0.00481154163431677,1495
19,34,161,5,0.031055900621118012,0.004806992430124224,1496
32,28,161,9,0.055900621118012424,0.004800926824534161,1497
4,169,161,5,0.031055900621118012,0.004800926824534161,1498
7,179,161,5,0.031055900621118012,0.00479789402173913,1499
38,62,161,13,0.08074534161490683,0.004784246409161491,1500
24,218,161,8,0.049689440993788817,0.004779697204968944,1501
5,239,161,7,0.043478260869565216,0.00476756599378882,1502
21,7,161,7,0.043478260869565216,0.004761500388198758,1503
29,61,161,3,0.018633540372670808,0.004761500388198758,1504
31,48,161,12,0.07453416149068323,0.004758467585403727,1505
21,58,161,7,0.043478260869565216,0.004758467585403727,1506
28,185,161,11,0.06832298136645963,0.004755434782608696,1507
15,231,161,9,0.055900621118012424,0.004755434782608696,1508
22,229,161,8,0.049689440993788817,0.004752401979813665,1509
24,221,161,5,0.031055900621118012,0.004752401979813665,1510
11,173,161,7,0.043478260869565216,0.004746336374223602,1511
23,167,161,7,0.043478260869565216,0.004737237965838509,1512
34,144,161,8,0.049689440993788817,0.004735721564440994,1513
8,213,161,6,0.037267080745341616,0.004731172360248447,1514
26,8,161,4,0.024844720496894408,0.004725106754658385,1515
4,52,161,8,0.049689440993788817,0.004722073951863354,1516
31,222,161,10,0.062111801242236024,0.004706909937888199,1517
35,133,161,7,0.043478260869565216,0.004703877135093168,1518
27,197,161,6,0.037267080745341616,0.004685680318322981,1519
20,59,161,3,0.018633540372670808,0.00468264751552795,1520
33,100,161,8,0.049689440993788817,0.004676581909937888,1521
21,212,161,5,0.031055900621118012,0.004673549107142857,1522
22,162,161,6,0.037267080745341616,0.004661417895962733,1523
37,213,161,4,0.024844720496894408,0.004659901494565217,1524
2,5,161,7,0.043478260869565216,0.004658385093167702,1525
30,135,161,6,0.037267080745341616,0.004655352290372671,1526
20,35,161,8,0.049689440993788817,0.00465231948757764,1527
20,81,161,12,0.07453416149068323,0.004637155473602484,1528
32,232,161,8,0.049689440993788817,0.004631089868012422,1529
21,132,161,6,0.037267080745341616,0.00462502426242236,1530
13,203,161,11,0.06832298136645963,0.004603794642857143,1531
21,160,161,7,0.043478260869565216,0.004603794642857143,1532
29,120,161,8,0.049689440993788817,0.004599245438664596,1533
24,82,161,8,0.049689440993788817,0.004582565023291925,1534
6,0,161,10,0.062111801242236024,0.004579532220496894,1535
19,152,161,7,0.043478260869565216,0.004576499417701863,1536
21,228,161,6,0.037267080745341616,0.004573466614906832,1537
32,103,161,8,0.049689440993788817,0.004571950213509317,1538
12,174,161,11,0.06832298136645963,0.00456740100931677,1539
11,24,161,8,0.049689440993788817,0.004561335403726708,1540
37,236,161,9,0.055900621118012424,0.004555269798136646,1541
34,166,161,8,0.049689440993788817,0.004555269798136646,1542
21,126,161,5,0.031055900621118012,0.004549204192546584,1543
17,129,161,4,0.024844720496894408,0.004549204192546584,1544
24,50,161,5,0.031055900621118012,0.004543138586956522,1545
13,190,161,7,0.043478260869565216,0.004540105784161491,1546
11,73,161,2,0.012422360248447204,0.00453707298136646,1547
30,112,161,7,0.043478260869565216,0.004534040178571429,1548
6,37,161,6,0.037267080745341616,0.004527974572981366,1549
11,193,161,6,0.037267080745341616,0.004527974572981366,1550
27,51,161,6,0.037267080745341616,0.004521908967391304,1551
23,60,161,6,0.037267080745341616,0.004505228552018634,1552
22,47,161,7,0.043478260869565216,0.004488548136645963,1553
22,239,161,6,0.037267080745341616,0.00447944972826087,1554
28,48,161,5,0.031055900621118012,0.004476416925465839,1555
2,107,161,3,0.018633540372670808,0.004476416925465839,1556
14,189,161,8,0.049689440993788817,0.004470351319875776,1557
5,100,161,4,0.024844720496894408,0.004464285714285714,1558
30,78,161,8,0.049689440993788817,0.004462769312888199,1559
31,53,161,8,0.049689440993788817,0.004455187305900621,1560
2,134,161,7,0.043478260869565216,0.004455187305900621,1561
6,31,161,5,0.031055900621118012,0.00445215450310559,1562
30,153,161,9,0.055900621118012424,0.004446088897515528,1563
25,209,161,7,0.043478260869565216,0.004443056094720497,1564
3,241,161,6,0.037267080745341616,0.004424859277950311,1565
1,178,161,4,0.024844720496894408,0.004415760869565217,1566
32,19,161,8,0.049689440993788817,0.004411211665372671,1567
25,52,161,6,0.037267080745341616,0.004400596855590062,1568
18,49,161,7,0.043478260869565216,0.004382400038819876,1569
21,56,161,7,0.043478260869565216,0.004379367236024845,1570
33,131,161,7,0.043478260869565216,0.004370268827639752,1571
11,177,161,6,0.037267080745341616,0.004370268827639752,1572
12,51,161,6,0.037267080745341616,0.00436723602484472,1573
21,70,161,6,0.037267080745341616,0.00436723602484472,1574
9,144,161,6,0.037267080745341616,0.004364203222049689,1575
17,122,161,11,0.06832298136645963,0.004355104813664596,1576
31,160,161,6,0.037267080745341616,0.004352072010869565,1577
39,46,161,8,0.049689440993788817,0.00435055560947205,1578
22,174,161,6,0.037267080745341616,0.004349039208074534,1579
12,72,161,10,0.062111801242236024,0.004327809588509317,1580
37,245,161,8,0.049689440993788817,0.004324776785714286,1581
8,40,161,2,0.012422360248447204,0.004318711180124224,1582
8,172,161,10,0.062111801242236024,0.004315678377329193,1583
30,43,161,7,0.043478260869565216,0.004315678377329193,1584
6,153,161,8,0.049689440993788817,0.004308096370341615,1585
9,36,161,7,0.043478260869565216,0.004306579968944099,1586
26,236,161,7,0.043478260869565216,0.004303547166149068,1587
9,111,161,4,0.024844720496894408,0.004303547166149068,1588
19,194,161,6,0.037267080745341616,0.004294448757763975,1589
38,144,161,13,0.08074534161490683,0.004291415954968944,1590
4,28,161,7,0.043478260869565216,0.004288383152173913,1591
38,109,161,8,0.049689440993788817,0.004286866750776398,1592
34,214,161,8,0.049689440993788817,0.004282317546583851,1593
26,147,161,7,0.043478260869565216,0.004282317546583851,1594
12,125,161,7,0.043478260869565216,0.004273219138198758,1595
9,42,161,5,0.031055900621118012,0.004267153532608696,1596
19,104,161,17,0.10559006211180125,0.004259571525621118,1597
28,85,161,9,0.055900621118012424,0.004253505920031056,1598
15,63,161,8,0.049689440993788817,0.004248956715838509,1599
20,241,161,9,0.055900621118012424,0.004245923913043478,1600
36,240,161,9,0.055900621118012424,0.004245923913043478,1601
4,65,161,4,0.024844720496894408,0.004245923913043478,1602
16,54,161,6,0.037267080745341616,0.004239858307453416,1603
24,235,161,4,0.024844720496894408,0.004218628687888199,1604
15,118,161,8,0.049689440993788817,0.004209530279503106,1605
27,81,161,6,0.037267080745341616,0.004209530279503106,1606
18,149,161,5,0.031055900621118012,0.004206497476708075,1607
20,181,161,11,0.06832298136645963,0.004200431871118012,1608
16,61,161,8,0.049689440993788817,0.004198915469720497,1609
5,235,161,6,0.037267080745341616,0.00419436626552795,1610
30,24,161,10,0.062111801242236024,0.004191333462732919,1611
38,138,161,7,0.043478260869565216,0.004191333462732919,1612
10,57,161,6,0.037267080745341616,0.004185267857142857,1613
19,249,161,5,0.031055900621118012,0.004182235054347826,1614
34,102,161,4,0.024844720496894408,0.004173136645962733,1615
30,252,161,9,0.055900621118012424,0.004171620244565217,1616
26,156,161,7,0.043478260869565216,0.004162521836180124,1617
2,227,161,7,0.043478260869565216,0.004154939829192547,1618
31,42,161,3,0.018633540372670808,0.004154939829192547,1619
24,58,161,8,0.049689440993788817,0.004153423427795031,1620
26,194,161,7,0.043478260869565216,0.004148874223602484,1621
32,118,161,12,0.07453416149068323,0.004145841420807453,1622
31,191,161,9,0.055900621118012424,0.004145841420807453,1623
27,35,161,7,0.043478260869565216,0.004142808618012422,1624
11,75,161,9,0.055900621118012424,0.00413674301242236,1625
7,234,161,5,0.031055900621118012,0.004127644604037267,1626
8,37,161,3,0.018633540372670808,0.004118546195652174,1627
30,145,161,7,0.043478260869565216,0.004117029794254658,1628
35,109,161,7,0.043478260869565216,0.004112480590062112,1629
1,197,161,3,0.018633540372670808,0.004112480590062112,1630
13,93,161,7,0.043478260869565216,0.00410641498447205,1631
17,41,161,5,0.031055900621118012,0.004103382181677019,1632
7,188,161,5,0.031055900621118012,0.004101865780279503,1633
7,174,161,7,0.043478260869565216,0.004097316576086957,1634
5,182,161,4,0.024844720496894408,0.004094283773291925,1635
10,216,161,3,0.018633540372670808,0.004094283773291925,1636
36,230,161,8,0.049689440993788817,0.004091250970496894,1637
9,191,161,6,0.037267080745341616,0.004091250970496894,1638
22,15,161,7,0.043478260869565216,0.004088218167701863,1639
22,197,161,5,0.031055900621118012,0.004088218167701863,1640
36,194,161,9,0.055900621118012424,0.004083668963509317,1641
18,202,161,5,0.031055900621118012,0.00407911975931677,1642
10,203,161,5,0.031055900621118012,0.004073054153726708,1643
3,49,161,6,0.037267080745341616,0.004063955745341615,1644
20,134,161,3,0.018633540372670808,0.004063955745341615,1645
14,117,161,7,0.043478260869565216,0.004060922942546584,1646
9,14,161,6,0.037267080745341616,0.004059406541149068,1647
35,253,161,5,0.031055900621118012,0.004057890139751553,1648
3,24,161,3,0.018633540372670808,0.004057890139751553,1649
15,145,161,7,0.043478260869565216,0.004054857336956522,1650
8,72,161,9,0.055900621118012424,0.004053340935559006,1651
2,117,161,2,0.012422360248447204,0.004051824534161491,1652
4,207,161,2,0.012422360248447204,0.004051824534161491,1653
34,233,161,8,0.049689440993788817,0.004045758928571429,1654
30,126,161,9,0.055900621118012424,0.004042726125776398,1655
14,6,161,7,0.043478260869565216,0.004042726125776398,1656
37,226,161,6,0.037267080745341616,0.004036660520186335,1657
33,219,161,8,0.049689440993788817,0.004033627717391304,1658
13,242,161,5,0.031055900621118012,0.004033627717391304,1659
35,231,161,6,0.037267080745341616,0.004023012907608696,1660
3,32,161,2,0.012422360248447204,0.004015430900621118,1661
18,249,161,7,0.043478260869565216,0.004013914499223602,1662
1,202,161,7,0.043478260869565216,0.004012398097826087,1663
28,223,161,6,0.037267080745341616,0.004000266886645963,1664
33,7,161,8,0.049689440993788817,0.003997234083850932,1665
19,77,161,7,0.043478260869565216,0.00399116847826087,1666
23,253,161,7,0.043478260869565216,0.00399116847826087,1667
39,108,161,5,0.031055900621118012,0.003983586471273292,1668
33,129,161,6,0.037267080745341616,0.003982070069875776,1669
32,71,161,8,0.049689440993788817,0.003980553668478261,1670
36,180,161,6,0.037267080745341616,0.003979037267080745,1671
7,254,161,6,0.037267080745341616,0.003966906055900621,1672
24,11,161,6,0.037267080745341616,0.00396387325310559,1673
16,114,161,15,0.09316770186335403,0.003957807647515528,1674
26,114,161,6,0.037267080745341616,0.003957807647515528,1675
28,80,161,5,0.031055900621118012,0.003954774844720497,1676
33,123,161,6,0.037267080745341616,0.003945676436335404,1677
34,109,161,6,0.037267080745341616,0.003944160034937888,1678
27,165,161,7,0.043478260869565216,0.003935061626552795,1679
3,27,161,6,0.037267080745341616,0.003930512422360248,1680
33,46,161,8,0.049689440993788817,0.003922930415372671,1681
34,234,161,6,0.037267080745341616,0.003922930415372671,1682
36,103,161,7,0.043478260869565216,0.003912315605590062,1683
7,26,161,7,0.043478260869565216,0.00390625,1684
39,20,161,8,0.049689440993788817,0.003905491799301242,1685
39,115,161,8,0.049689440993788817,0.0039047335986024845,1686
19,63,161,11,0.06832298136645963,0.003900184394409938,1687
31,69,161,6,0.037267080745341616,0.003900184394409938,1688
12,237,161,6,0.037267080745341616,0.0038910859860248445,1689
21,43,161,6,0.037267080745341616,0.003889569584627329,1690
3,193,161,3,0.018633540372670808,0.0038759219720496895,1691
4,141,161,3,0.018633540372670808,0.0038698563664596275,1692
35,5,161,10,0.062111801242236024,0.003863790760869565,1693
5,12,161,7,0.043478260869565216,0.003860757958074534,1694
36,110,161,7,0.043478260869565216,0.0038471103454968945,1695
17,139,161,5,0.031055900621118012,0.003842561141304348,1696
31,249,161,10,0.062111801242236024,0.0038410447399068325,1697
19,137,161,7,0.043478260869565216,0.0038364955357142855,1698
3,69,161,3,0.018633540372670808,0.00383497913431677,1699
15,221,161,8,0.049689440993788817,0.0038334627329192545,1700
32,230,161,9,0.055900621118012424,0.003828913528726708,1701
32,97,161,6,0.037267080745341616,0.0038273971273291925,1702
22,208,161,5,0.031055900621118012,0.0038243643245341615,1703
3,112,161,2,0.012422360248447204,0.0038243643245341615,1704
29,144,161,9,0.055900621118012424,0.0038213315217391305,1705
17,84,161,5,0.031055900621118012,0.003806167507763975,1706
22,120,161,4,0.024844720496894408,0.003803134704968944,1707
31,206,161,9,0.055900621118012424,0.0037864542895962735,1708
38,76,161,5,0.031055900621118012,0.0037728066770186335,1709
39,146,161,6,0.037267080745341616,0.0037637082686335405,1710
37,48,161,5,0.031055900621118012,0.0037637082686335405,1711
14,203,161,7,0.043478260869565216,0.0037606754658385095,1712
20,99,161,5,0.031055900621118012,0.0037576426630434785,1713
26,170,161,7,0.043478260869565216,0.003754609860248447,1714
18,240,161,4,0.024844720496894408,0.003745511451863354,1715
10,99,161,6,0.037267080745341616,0.00373338024068323,1716
10,212,161,6,0.037267080745341616,0.003730347437888199,1717
35,26,161,7,0.043478260869565216,0.0037182162267080745,1718
10,246,161,7,0.043478260869565216,0.0037151834239130435,1719
27,162,161,6,0.037267080745341616,0.0037121506211180125,1720
26,246,161,8,0.049689440993788817,0.0037030522127329195,1721
31,33,161,8,0.049689440993788817,0.0037015358113354035,1722
19,42,161,7,0.043478260869565216,0.003700019409937888,1723
38,4,161,8,0.049689440993788817,0.003696986607142857,1724
24,80,161,5,0.031055900621118012,0.003696986607142857,1725
28,234,161,6,0.037267080745341616,0.003693953804347826,1726
2,172,161,6,0.037267080745341616,0.003690921001552795,1727
8,153,161,5,0.031055900621118012,0.003690921001552795,1728
21,45,161,5,0.031055900621118012,0.003690921001552795,1729
21,28,161,6,0.037267080745341616,0.003687888198757764,1730
28,41,161,7,0.043478260869565216,0.003684855395962733,1731
8,244,161,6,0.037267080745341616,0.0036833389945652175,1732
27,138,161,8,0.049689440993788817,0.003681822593167702,1733
27,244,161,7,0.043478260869565216,0.0036727241847826085,1734
31,65,161,6,0.037267080745341616,0.0036727241847826085,1735
20,84,161,6,0.037267080745341616,0.0036696913819875775,1736
31,9,161,7,0.043478260869565216,0.0036636257763975155,1737
7,50,161,5,0.031055900621118012,0.0036605929736024845,1738
12,75,161,4,0.024844720496894408,0.0036545273680124225,1739
6,171,161,4,0.024844720496894408,0.0036514945652173915,1740
10,56,161,7,0.043478260869565216,0.003645428959627329,1741
22,188,161,5,0.031055900621118012,0.003642396156832298,1742
37,131,161,6,0.037267080745341616,0.003636330551242236,1743
4,185,161,5,0.031055900621118012,0.003627232142857143,1744
39,186,161,7,0.043478260869565216,0.003624199340062112,1745
30,52,161,5,0.031055900621118012,0.0036211665372670805,1746
26,198,161,5,0.031055900621118012,0.0036151009316770185,1747
35,173,161,9,0.055900621118012424,0.0036120681288819875,1748
36,235,161,5,0.031055900621118012,0.0036120681288819875,1749
34,251,161,7,0.043478260869565216,0.0036060025232919255,1750
14,251,161,7,0.043478260869565216,0.0035999369177018635,1751
19,150,161,5,0.031055900621118012,0.003578707298136646,1752
39,44,161,3,0.018633540372670808,0.003572641692546584,1753
11,224,161,7,0.043478260869565216,0.0035711252911490685,1754
28,244,161,7,0.043478260869565216,0.0035711252911490685,1755
7,3,161,5,0.031055900621118012,0.003569608889751553,1756
16,47,161,6,0.037267080745341616,0.003562026882763975,1757
19,26,161,4,0.024844720496894408,0.0035514120729813665,1758
37,49,161,7,0.043478260869565216,0.0035483792701863355,1759
20,96,161,6,0.037267080745341616,0.0035483792701863355,1760
32,228,161,5,0.031055900621118012,0.0035483792701863355,1761
39,110,161,5,0.031055900621118012,0.0035453464673913045,1762
6,184,161,3,0.018633540372670808,0.0035423136645962735,1763
18,230,161,3,0.018633540372670808,0.0035423136645962735,1764
30,146,161,8,0.049689440993788817,0.003524116847826087,1765
26,109,161,7,0.043478260869565216,0.0035119856366459625,1766
16,98,161,8,0.049689440993788817,0.003507436432453416,1767
10,163,161,8,0.049689440993788817,0.0035059200310559005,1768
14,83,161,4,0.024844720496894408,0.0034937888198757765,1769
21,245,161,5,0.031055900621118012,0.003481657608695652,1770
22,98,161,4,0.024844720496894408,0.003481657608695652,1771
18,139,161,5,0.031055900621118012,0.003478624805900621,1772
35,201,161,5,0.031055900621118012,0.003472559200310559,1773
2,247,161,8,0.049689440993788817,0.0034543623835403725,1774
33,139,161,6,0.037267080745341616,0.0034513295807453415,1775
12,92,161,4,0.024844720496894408,0.0034513295807453415,1776
12,187,161,5,0.031055900621118012,0.0034482967779503105,1777
20,216,161,4,0.024844720496894408,0.0034482967779503105,1778
25,48,161,4,0.024844720496894408,0.0034482967779503105,1779
35,30,161,8,0.049689440993788817,0.0034422311723602485,1780
33,178,161,6,0.037267080745341616,0.003440714770962733,1781
17,211,161,5,0.031055900621118012,0.0034331327639751555,1782
15,195,161,5,0.031055900621118012,0.003430099961180124,1783
34,118,161,3,0.018633540372670808,0.003430099961180124,1784
10,70,161,5,0.031055900621118012,0.003427067158385093,1785
32,204,161,5,0.031055900621118012,0.0034255507569875775,1786
26,96,161,8,0.049689440993788817,0.003424034355590062,1787
3,202,161,5,0.031055900621118012,0.003424034355590062,1788
36,15,161,5,0.031055900621118012,0.003421001552795031,1789
17,160,161,6,0.037267080745341616,0.00341796875,1790
32,102,161,5,0.031055900621118012,0.00341796875,1791
13,52,161,5,0.031055900621118012,0.003405837538819876,1792
37,253,161,5,0.031055900621118012,0.0034028047360248445,1793
32,142,161,9,0.055900621118012424,0.003401288334627329,1794
22,141,161,4,0.024844720496894408,0.0033967391304347825,1795
39,141,161,7,0.043478260869565216,0.0033876407220496895,1796
39,194,161,8,0.049689440993788817,0.003375509510869565,1797
3,223,161,2,0.012422360248447204,0.003369443905279503,1798
2,83,161,5,0.031055900621118012,0.003366411102484472,1799
25,116,161,3,0.018633540372670808,0.003366411102484472,1800
19,203,161,5,0.031055900621118012,0.003363378299689441,1801
25,114,161,6,0.037267080745341616,0.003357312694099379,1802
35,93,161,7,0.043478260869565216,0.003354279891304348,1803
22,40,161,5,0.031055900621118012,0.0033451814829192545,1804
38,121,161,6,0.037267080745341616,0.003343665081521739,1805
4,8,161,5,0.031055900621118012,0.0033360830745341615,1806
14,71,161,5,0.031055900621118012,0.0033360830745341615,1807
22,221,161,5,0.031055900621118012,0.003317886257763975,1808
8,157,161,2,0.012422360248447204,0.003317886257763975,1809
28,77,161,8,0.049689440993788817,0.0033103042507763975,1810
20,129,161,6,0.037267080745341616,0.003305755046583851,1811
14,137,161,5,0.031055900621118012,0.003305755046583851,1812
19,113,161,5,0.031055900621118012,0.00330272224378882,1813
33,102,161,8,0.049689440993788817,0.0032936238354037265,1814
28,55,161,7,0.043478260869565216,0.003292107434006211,1815
38,230,161,5,0.031055900621118012,0.0032814926242236025,1816
14,77,161,4,0.024844720496894408,0.0032814926242236025,1817
23,113,161,3,0.018633540372670808,0.0032814926242236025,1818
5,240,161,5,0.031055900621118012,0.0032784598214285715,1819
33,48,161,7,0.043478260869565216,0.0032746688179347825,1820
21,207,161,5,0.031055900621118012,0.003266328610248447,1821
18,215,161,6,0.037267080745341616,0.003263295807453416,1822
22,84,161,5,0.031055900621118012,0.003260263004658385,1823
17,87,161,4,0.024844720496894408,0.003260263004658385,1824
20,160,161,6,0.037267080745341616,0.003257230201863354,1825
17,159,161,5,0.031055900621118012,0.003251164596273292,1826
4,135,161,1,0.006211180124223602,0.003251164596273292,1827
3,231,161,5,0.031055900621118012,0.003248131793478261,1828
27,201,161,5,0.031055900621118012,0.003242066187888199,1829
8,177,161,5,0.031055900621118012,0.0032360005822981365,1830
3,12,161,4,0.024844720496894408,0.0032360005822981365,1831
24,7,161,4,0.024844720496894408,0.0032329677795031055,1832
38,127,161,4,0.024844720496894408,0.0032329677795031055,1833
19,30,161,5,0.031055900621118012,0.0032299349767080745,1834
39,167,161,7,0.043478260869565216,0.0032269021739130435,1835
1,81,161,5,0.031055900621118012,0.0032238693711180125,1836
34,66,161,7,0.043478260869565216,0.003222352969720497,1837
24,147,161,4,0.024844720496894408,0.0032178037655279505,1838
32,221,161,6,0.037267080745341616,0.0032132545613354035,1839
25,36,161,6,0.037267080745341616,0.003211738159937888,1840
20,187,161,4,0.024844720496894408,0.003205672554347826,1841
6,196,161,1,0.006211180124223602,0.003202639751552795,1842
15,35,161,6,0.037267080745341616,0.003199606948757764,1843
33,38,161,4,0.024844720496894408,0.003193541343167702,1844
35,160,161,7,0.043478260869565216,0.003185959336180124,1845
3,46,161,3,0.018633540372670808,0.0031783773291925465,1846
27,248,161,6,0.037267080745341616,0.0031753445263975155,1847
12,109,161,4,0.024844720496894408,0.0031723117236024845,1848
37,222,161,6,0.037267080745341616,0.0031692789208074535,1849
24,56,161,6,0.037267080745341616,0.003167762519409938,1850
12,47,161,4,0.024844720496894408,0.0031632133152173915,1851
2,209,161,2,0.012422360248447204,0.00316018051242236,1852
28,112,161,5,0.031055900621118012,0.003157147709627329,1853
24,115,161,6,0.037267080745341616,0.0031525985054347825,1854
38,23,161,6,0.037267080745341616,0.0031435000970496895,1855
1,97,161,3,0.018633540372670808,0.003141983695652174,1856
8,33,161,3,0.018633540372670808,0.0031404672942546585,1857
25,182,161,6,0.037267080745341616,0.003138950892857143,1858
12,246,161,7,0.043478260869565216,0.0031344016886645965,1859
36,69,161,3,0.018633540372670808,0.0031328852872670805,1860
23,205,161,4,0.024844720496894408,0.0031298524844720495,1861
14,183,161,3,0.018633540372670808,0.0031298524844720495,1862
30,22,161,6,0.037267080745341616,0.0031237868788819875,1863
7,131,161,5,0.031055900621118012,0.0031207540760869565,1864
10,236,161,6,0.037267080745341616,0.003105590062111801,1865
6,254,161,5,0.031055900621118012,0.003105590062111801,1866
18,174,161,4,0.024844720496894408,0.003105590062111801,1867
37,90,161,4,0.024844720496894408,0.003105590062111801,1868
30,177,161,6,0.037267080745341616,0.0031040736607142855,1869
28,200,161,6,0.037267080745341616,0.00310255725931677,1870
22,74,161,4,0.024844720496894408,0.00310255725931677,1871
37,109,161,5,0.031055900621118012,0.003099524456521739,1872
25,213,161,5,0.031055900621118012,0.003093458850931677,1873
3,17,161,5,0.031055900621118012,0.003090426048136646,1874
16,20,161,5,0.031055900621118012,0.003084360442546584,1875
37,140,161,5,0.031055900621118012,0.003081327639751553,1876
4,163,161,4,0.024844720496894408,0.0030782948369565215,1877
17,126,161,4,0.024844720496894408,0.0030782948369565215,1878
32,3,161,7,0.043478260869565216,0.003073745632763975,1879
12,130,161,5,0.031055900621118012,0.0030722292313664595,1880
2,152,161,4,0.024844720496894408,0.0030722292313664595,1881
22,111,161,5,0.031055900621118012,0.0030661636257763975,1882
25,126,161,5,0.031055900621118012,0.0030600980201863355,1883
11,188,161,5,0.031055900621118012,0.0030570652173913045,1884
35,224,161,5,0.031055900621118012,0.003047966809006211,1885
6,131,161,4,0.024844720496894408,0.00304493400621118,1886
4,58,161,5,0.031055900621118012,0.003038868400621118,1887
1,33,161,4,0.024844720496894408,0.003026737189440994,1888
8,184,161,6,0.037267080745341616,0.0030237043866459625,1889
33,106,161,5,0.031055900621118012,0.0030206715838509315,1890
5,252,161,3,0.018633540372670808,0.0030206715838509315,1891
36,0,161,6,0.037267080745341616,0.003019155182453416,1892
35,32,161,7,0.043478260869565216,0.003016122379658385,1893
11,51,161,7,0.043478260869565216,0.0030146059782608695,1894
18,4,161,4,0.024844720496894408,0.0030146059782608695,1895
23,158,161,6,0.037267080745341616,0.003013089576863354,1896
31,229,161,6,0.037267080745341616,0.0030085403726708075,1897
38,229,161,4,0.024844720496894408,0.002993376358695652,1898
8,204,161,6,0.037267080745341616,0.0029918599572981365,1899
32,163,161,5,0.031055900621118012,0.002984277950310559,1900
38,133,161,6,0.037267080745341616,0.002972146739130435,1901
37,120,161,3,0.018633540372670808,0.0029660811335403725,1902
6,74,161,3,0.018633540372670808,0.0029630483307453415,1903
21,155,161,4,0.024844720496894408,0.0029569827251552795,1904
13,253,161,4,0.024844720496894408,0.0029509171195652175,1905
36,96,161,7,0.043478260869565216,0.0029478843167701865,1906
34,37,161,3,0.018633540372670808,0.002941818711180124,1907
13,49,161,7,0.043478260869565216,0.002938785908385093,1908
7,232,161,3,0.018633540372670808,0.002932720302795031,1909
30,231,161,4,0.024844720496894408,0.0029296875,1910
18,118,161,5,0.031055900621118012,0.002926654697204969,1911
38,14,161,6,0.037267080745341616,0.002923621894409938,1912
21,59,161,4,0.024844720496894408,0.002920589091614907,1913
38,0,161,4,0.024844720496894408,0.002920589091614907,1914
14,2,161,5,0.031055900621118012,0.002917556288819876,1915
29,213,161,4,0.024844720496894408,0.00291603988742236,1916
24,88,161,3,0.018633540372670808,0.0029084578804347825,1917
36,209,161,5,0.031055900621118012,0.002906941479037267,1918
37,8,161,5,0.031055900621118012,0.0029054250776397515,1919
5,10,161,4,0.024844720496894408,0.0029023922748447205,1920
16,169,161,4,0.024844720496894408,0.0029023922748447205,1921
17,192,161,5,0.031055900621118012,0.0028932938664596275,1922
39,11,161,3,0.018633540372670808,0.0028932938664596275,1923
15,146,161,4,0.024844720496894408,0.002884195458074534,1924
36,104,161,5,0.031055900621118012,0.0028826790566770185,1925
15,253,161,5,0.031055900621118012,0.002881162655279503,1926
25,87,161,5,0.031055900621118012,0.002878129852484472,1927
26,4,161,5,0.031055900621118012,0.002878129852484472,1928
5,48,161,3,0.018633540372670808,0.002875097049689441,1929
30,244,161,5,0.031055900621118012,0.00287206424689441,1930
23,118,161,5,0.031055900621118012,0.002869031444099379,1931
25,81,161,2,0.012422360248447204,0.002869031444099379,1932
31,11,161,6,0.037267080745341616,0.002861449437111801,1933
36,98,161,6,0.037267080745341616,0.00285841663431677,1934
25,197,161,5,0.031055900621118012,0.0028569002329192545,1935
38,54,161,4,0.024844720496894408,0.0028508346273291925,1936
33,10,161,6,0.037267080745341616,0.002846285423136646,1937
1,170,161,5,0.031055900621118012,0.0028417362189440995,1938
12,89,161,6,0.037267080745341616,0.0028387034161490685,1939
26,3,161,5,0.031055900621118012,0.0028387034161490685,1940
38,175,161,5,0.031055900621118012,0.0028387034161490685,1941
1,62,161,5,0.031055900621118012,0.0028356706133540375,1942
29,65,161,5,0.031055900621118012,0.0028356706133540375,1943
27,8,161,3,0.018633540372670808,0.0028356706133540375,1944
2,66,161,5,0.031055900621118012,0.002829605007763975,1945
27,43,161,5,0.031055900621118012,0.002829605007763975,1946
38,107,161,5,0.031055900621118012,0.002826572204968944,1947
15,149,161,4,0.024844720496894408,0.002823539402173913,1948
16,76,161,5,0.031055900621118012,0.002820506599378882,1949
9,1,161,7,0.043478260869565216,0.00281444099378882,1950
23,121,161,4,0.024844720496894408,0.00281444099378882,1951
37,96,161,2,0.012422360248447204,0.00281444099378882,1952
11,251,161,6,0.037267080745341616,0.002811408190993789,1953
29,200,161,6,0.037267080745341616,0.002811408190993789,1954
16,117,161,6,0.037267080745341616,0.0028098917895962735,1955
12,225,161,4,0.024844720496894408,0.002808375388198758,1956
33,154,161,7,0.043478260869565216,0.002803826184006211,1957
32,123,161,4,0.024844720496894408,0.0028023097826086955,1958
16,97,161,5,0.031055900621118012,0.002797760578416149,1959
39,248,161,5,0.031055900621118012,0.0027962441770186335,1960
39,12,161,12,0.07453416149068323,0.002787903969332298,1961
2,220,161,5,0.031055900621118012,0.0027871457686335405,1962
16,247,161,4,0.024844720496894408,0.0027871457686335405,1963
37,251,161,4,0.024844720496894408,0.0027871457686335405,1964
19,81,161,4,0.024844720496894408,0.0027841129658385095,1965
23,33,161,5,0.031055900621118012,0.0027810801630434785,1966
27,45,161,5,0.031055900621118012,0.0027810801630434785,1967
1,5,161,2,0.012422360248447204,0.002778047360248447,1968
24,4,161,5,0.031055900621118012,0.002771981754658385,1969
5,129,161,4,0.024844720496894408,0.002771981754658385,1970
12,102,161,4,0.024844720496894408,0.002771981754658385,1971
30,185,161,2,0.012422360248447204,0.002771981754658385,1972
20,123,161,4,0.024844720496894408,0.002768948951863354,1973
14,43,161,3,0.018633540372670808,0.002765916149068323,1974
30,160,161,3,0.018633540372670808,0.002765916149068323,1975
16,41,161,8,0.049689440993788817,0.0027613669448757765,1976
26,248,161,5,0.031055900621118012,0.002759850543478261,1977
38,126,161,5,0.031055900621118012,0.002759850543478261,1978
22,220,161,2,0.012422360248447204,0.002753784937888199,1979
37,59,161,4,0.024844720496894408,0.0027507521350931675,1980
13,128,161,4,0.024844720496894408,0.0027446865295031055,1981
6,255,161,4,0.024844720496894408,0.0027416537267080745,1982
4,196,161,3,0.018633540372670808,0.0027416537267080745,1983
28,34,161,5,0.031055900621118012,0.002740137325310559,1984
15,138,161,4,0.024844720496894408,0.0027386209239130435,1985
37,208,161,4,0.024844720496894408,0.0027386209239130435,1986
15,64,161,5,0.031055900621118012,0.0027355881211180125,1987
26,245,161,4,0.024844720496894408,0.0027355881211180125,1988
14,116,161,5,0.031055900621118012,0.0027295225155279505,1989
38,190,161,5,0.031055900621118012,0.002728006114130435,1990
20,150,161,4,0.024844720496894408,0.002723456909937888,1991
13,136,161,4,0.024844720496894408,0.002720424107142857,1992
24,38,161,7,0.043478260869565216,0.0027189077057453415,1993
15,131,161,6,0.037267080745341616,0.002717391304347826,1994
9,228,161,6,0.037267080745341616,0.002711325698757764,1995
18,221,161,3,0.018633540372670808,0.002711325698757764,1996
35,243,161,7,0.043478260869565216,0.002708292895962733,1997
17,162,161,4,0.024844720496894408,0.002708292895962733,1998
30,183,161,6,0.037267080745341616,0.0027037436917701865,1999
22,149,161,5,0.031055900621118012,0.002702227290372671,2000
25,190,161,5,0.031055900621118012,0.0026931288819875775,2001
17,7,161,3,0.018633540372670808,0.0026931288819875775,2002
32,30,161,7,0.043478260869565216,0.002688579677795031,2003
11,55,161,5,0.031055900621118012,0.0026840304736024845,2004
37,31,161,5,0.031055900621118012,0.0026840304736024845,2005
11,38,161,5,0.031055900621118012,0.0026809976708074535,2006
38,105,161,5,0.031055900621118012,0.0026809976708074535,2007
21,9,161,4,0.024844720496894408,0.0026809976708074535,2008
22,254,161,4,0.024844720496894408,0.0026809976708074535,2009
25,66,161,4,0.024844720496894408,0.0026779648680124225,2010
37,28,161,4,0.024844720496894408,0.0026779648680124225,2011
5,141,161,5,0.031055900621118012,0.0026749320652173915,2012
33,246,161,4,0.024844720496894408,0.0026749320652173915,2013
12,192,161,5,0.031055900621118012,0.00267189926242236,2014
17,23,161,4,0.024844720496894408,0.00267189926242236,2015
33,187,161,6,0.037267080745341616,0.0026703828610248445,2016
26,126,161,5,0.031055900621118012,0.002668866459627329,2017
12,55,161,4,0.024844720496894408,0.002668866459627329,2018
37,168,161,4,0.024844720496894408,0.002668866459627329,2019
2,182,161,4,0.024844720496894408,0.002665833656832298,2020
36,181,161,4,0.024844720496894408,0.002665833656832298,2021
21,142,161,3,0.018633540372670808,0.002662800854037267,2022
7,56,161,6,0.037267080745341616,0.0026552188470496895,2023
33,65,161,5,0.031055900621118012,0.002650669642857143,2024
28,47,161,4,0.024844720496894408,0.002650669642857143,2025
39,249,161,10,0.062111801242236024,0.002647636840062112,2026
18,86,161,5,0.031055900621118012,0.002647636840062112,2027
27,150,161,5,0.031055900621118012,0.002647636840062112,2028
37,154,161,4,0.024844720496894408,0.002647636840062112,2029
32,238,161,3,0.018633540372670808,0.0026415712344720495,2030
27,151,161,5,0.031055900621118012,0.0026385384316770185,2031
15,15,161,4,0.024844720496894408,0.0026385384316770185,2032
1,31,161,3,0.018633540372670808,0.0026385384316770185,2033
24,47,161,3,0.018633540372670808,0.0026385384316770185,2034
8,90,161,5,0.031055900621118012,0.0026355056288819875,2035
29,212,161,4,0.024844720496894408,0.0026355056288819875,2036
25,16,161,5,0.031055900621118012,0.0026294400232919255,2037
33,238,161,6,0.037267080745341616,0.0026233744177018635,2038
22,67,161,4,0.024844720496894408,0.0026233744177018635,2039
28,140,161,3,0.018633540372670808,0.0026203416149068325,2040
32,143,161,5,0.031055900621118012,0.002618825213509317,2041
4,184,161,4,0.024844720496894408,0.002617308812111801,2042
10,8,161,4,0.024844720496894408,0.002617308812111801,2043
31,50,161,5,0.031055900621118012,0.00261427600931677,2044
35,216,161,4,0.024844720496894408,0.00261427600931677,2045
17,167,161,3,0.018633540372670808,0.00261427600931677,2046
5,98,161,2,0.012422360248447204,0.00261427600931677,2047
1,220,161,4,0.024844720496894408,0.002611243206521739,2048
18,71,161,4,0.024844720496894408,0.002608210403726708,2049
16,44,161,5,0.031055900621118012,0.0026066940023291925,2050
18,13,161,5,0.031055900621118012,0.002605177600931677,2051
21,240,161,4,0.024844720496894408,0.002605177600931677,2052
37,93,161,5,0.031055900621118012,0.002602144798136646,2053
5,175,161,5,0.031055900621118012,0.002599111995341615,2054
36,255,161,6,0.037267080745341616,0.0025915299883540375,2055
23,120,161,5,0.031055900621118012,0.002588497185559006,2056
28,131,161,4,0.024844720496894408,0.0025839479813664595,2057
11,144,161,1,0.006211180124223602,0.0025839479813664595,2058
25,141,161,5,0.031055900621118012,0.0025809151785714285,2059
30,119,161,5,0.031055900621118012,0.0025809151785714285,2060
37,171,161,5,0.031055900621118012,0.0025809151785714285,2061
24,67,161,3,0.018633540372670808,0.0025809151785714285,2062
1,169,161,4,0.024844720496894408,0.0025778823757763975,2063
21,60,161,4,0.024844720496894408,0.0025778823757763975,2064
24,253,161,9,0.055900621118012424,0.00257030036878882,2065
5,187,161,3,0.018633540372670808,0.0025687839673913045,2066
9,50,161,3,0.018633540372670808,0.0025687839673913045,2067
33,8,161,2,0.012422360248447204,0.0025657511645962735,2068
29,60,161,5,0.031055900621118012,0.002562718361801242,2069
34,160,161,5,0.031055900621118012,0.0025551363548136645,2070
4,199,161,3,0.018633540372670808,0.002553619953416149,2071
12,249,161,6,0.037267080745341616,0.0025490707492236025,2072
20,159,161,4,0.024844720496894408,0.002547554347826087,2073
22,112,161,4,0.024844720496894408,0.002544521545031056,2074
1,201,161,4,0.024844720496894408,0.002538455939440994,2075
5,155,161,5,0.031055900621118012,0.0025323903338509315,2076
28,0,161,5,0.031055900621118012,0.0025323903338509315,2077
9,162,161,4,0.024844720496894408,0.0025323903338509315,2078
29,252,161,4,0.024844720496894408,0.0025293575310559005,2079
1,194,161,3,0.018633540372670808,0.0025263247282608695,2080
26,119,161,5,0.031055900621118012,0.0025232919254658385,2081
6,132,161,4,0.024844720496894408,0.0025232919254658385,2082
10,122,161,3,0.018633540372670808,0.0025232919254658385,2083
18,115,161,4,0.024844720496894408,0.0025202591226708075,2084
16,221,161,4,0.024844720496894408,0.0025172263198757765,2085
2,240,161,3,0.018633540372670808,0.0025141935170807455,2086
34,76,161,2,0.012422360248447204,0.0025141935170807455,2087
36,190,161,5,0.031055900621118012,0.00251267711568323,2088
39,112,161,5,0.031055900621118012,0.002509644312888199,2089
24,104,161,7,0.043478260869565216,0.0025066115100931675,2090
31,188,161,7,0.043478260869565216,0.0025005459045031055,2091
5,32,161,4,0.024844720496894408,0.00249902950310559,2092
25,183,161,4,0.024844720496894408,0.002495996700310559,2093
34,49,161,4,0.024844720496894408,0.0024944802989130435,2094
27,245,161,5,0.031055900621118012,0.0024808326863354035,2095
28,151,161,4,0.024844720496894408,0.002479316284937888,2096
7,57,161,6,0.037267080745341616,0.0024747670807453415,2097
21,242,161,3,0.018633540372670808,0.0024717342779503105,2098
1,180,161,6,0.037267080745341616,0.002470217876552795,2099
36,142,161,5,0.031055900621118012,0.002467185073757764,2100
8,137,161,4,0.024844720496894408,0.002467185073757764,2101
20,237,161,3,0.018633540372670808,0.0024626358695652175,2102
2,121,161,4,0.024844720496894408,0.002461119468167702,2103
5,148,161,4,0.024844720496894408,0.0024596030667701865,2104
22,12,161,4,0.024844720496894408,0.002453537461180124,2105
39,81,161,4,0.024844720496894408,0.0024489882569875775,2106
37,156,161,5,0.031055900621118012,0.002447471855590062,2107
5,189,161,4,0.024844720496894408,0.002444439052795031,2108
18,55,161,4,0.024844720496894408,0.0024398898486024845,2109
1,138,161,4,0.024844720496894408,0.002438373447204969,2110
18,14,161,4,0.024844720496894408,0.002438373447204969,2111
5,5,161,4,0.024844720496894408,0.002435340644409938,2112
7,112,161,4,0.024844720496894408,0.002435340644409938,2113
14,169,161,4,0.024844720496894408,0.002429275038819876,2114
24,135,161,4,0.024844720496894408,0.002429275038819876,2115
38,232,161,4,0.024844720496894408,0.0024262422360248445,2116
34,83,161,4,0.024844720496894408,0.002421693031832298,2117
33,247,161,6,0.037267080745341616,0.002415627426242236,2118
2,27,161,2,0.012422360248447204,0.0024141110248447205,2119
23,50,161,4,0.024844720496894408,0.0024110782220496895,2120
1,108,161,4,0.024844720496894408,0.0024019798136645965,2121
8,73,161,6,0.037267080745341616,0.0024004634122670805,2122
25,136,161,4,0.024844720496894408,0.002398947010869565,2123
30,85,161,3,0.018633540372670808,0.002395914208074534,2124
2,137,161,4,0.024844720496894408,0.002392881405279503,2125
18,99,161,4,0.024844720496894408,0.002392881405279503,2126
19,209,161,4,0.024844720496894408,0.002389848602484472,2127
16,31,161,5,0.031055900621118012,0.0023883322010869565,2128
18,126,161,3,0.018633540372670808,0.002374684588509317,2129
29,14,161,5,0.031055900621118012,0.0023686189829192545,2130
31,91,161,5,0.031055900621118012,0.0023686189829192545,2131
34,5,161,4,0.024844720496894408,0.0023625533773291925,2132
39,93,161,5,0.031055900621118012,0.0023534549689440995,2133
18,208,161,4,0.024844720496894408,0.0023534549689440995,2134
25,215,161,4,0.024844720496894408,0.0023534549689440995,2135
14,154,161,3,0.018633540372670808,0.0023534549689440995,2136
7,172,161,1,0.006211180124223602,0.0023534549689440995,2137
11,141,161,5,0.031055900621118012,0.002351938567546584,2138
20,95,161,5,0.031055900621118012,0.002351938567546584,2139
32,167,161,3,0.018633540372670808,0.0023504221661490685,2140
37,83,161,4,0.024844720496894408,0.0023473893633540375,2141
37,68,161,3,0.018633540372670808,0.0023473893633540375,2142
8,127,161,5,0.031055900621118012,0.002344356560559006,2143
31,251,161,5,0.031055900621118012,0.0023398073563664595,2144
34,60,161,5,0.031055900621118012,0.0023398073563664595,2145
38,148,161,4,0.024844720496894408,0.002338290954968944,2146
24,179,161,4,0.024844720496894408,0.002335258152173913,2147
34,223,161,4,0.024844720496894408,0.002335258152173913,2148
34,169,161,6,0.037267080745341616,0.002332225349378882,2149
31,74,161,5,0.031055900621118012,0.002329192546583851,2150
7,242,161,4,0.024844720496894408,0.002329192546583851,2151
2,0,161,3,0.018633540372670808,0.002329192546583851,2152
3,98,161,3,0.018633540372670808,0.002323126940993789,2153
12,43,161,3,0.018633540372670808,0.002323126940993789,2154
27,119,161,4,0.024844720496894408,0.002320094138198758,2155
18,64,161,4,0.024844720496894408,0.0023140285326086955,2156
38,6,161,3,0.018633540372670808,0.0023049301242236025,2157
37,87,161,5,0.031055900621118012,0.0023018973214285715,2158
12,204,161,3,0.018633540372670808,0.0023018973214285715,2159
36,45,161,4,0.024844720496894408,0.002300380920031056,2160
11,134,161,4,0.024844720496894408,0.0022988645186335405,2161
2,118,161,3,0.018633540372670808,0.0022958317158385095,2162
21,50,161,3,0.018633540372670808,0.0022927989130434785,2163
18,81,161,5,0.031055900621118012,0.0022912825116459625,2164
37,132,161,4,0.024844720496894408,0.002289766110248447,2165
2,120,161,3,0.018633540372670808,0.002286733307453416,2166
23,143,161,4,0.024844720496894408,0.002280667701863354,2167
37,112,161,4,0.024844720496894408,0.002280667701863354,2168
36,247,161,3,0.018633540372670808,0.002280667701863354,2169
31,64,161,5,0.031055900621118012,0.002274602096273292,2170
15,157,161,5,0.031055900621118012,0.002271569293478261,2171
11,52,161,3,0.018633540372670808,0.002271569293478261,2172
24,160,161,4,0.024844720496894408,0.00226853649068323,2173
11,245,161,3,0.018633540372670808,0.00226853649068323,2174
2,38,161,4,0.024844720496894408,0.002265503687888199,2175
2,246,161,4,0.024844720496894408,0.002265503687888199,2176
8,149,161,2,0.012422360248447204,0.002265503687888199,2177
15,17,161,5,0.031055900621118012,0.0022564052795031055,2178
1,224,161,4,0.024844720496894408,0.0022564052795031055,2179
11,1,161,4,0.024844720496894408,0.0022533724767080745,2180
25,40,161,4,0.024844720496894408,0.0022533724767080745,2181
25,65,161,4,0.024844720496894408,0.0022533724767080745,2182
27,39,161,4,0.024844720496894408,0.002251856075310559,2183
19,163,161,4,0.024844720496894408,0.0022503396739130435,2184
8,195,161,2,0.012422360248447204,0.0022503396739130435,2185
4,42,161,3,0.018633540372670808,0.0022473068711180125,2186
18,41,161,5,0.031055900621118012,0.0022442740683229815,2187
25,62,161,4,0.024844720496894408,0.0022412412655279505,2188
27,212,161,4,0.024844720496894408,0.0022412412655279505,2189
19,13,161,4,0.024844720496894408,0.0022382084627329195,2190
9,159,161,3,0.018633540372670808,0.0022382084627329195,2191
30,228,161,3,0.018633540372670808,0.0022382084627329195,2192
1,10,161,2,0.012422360248447204,0.0022382084627329195,2193
3,176,161,2,0.012422360248447204,0.0022382084627329195,2194
32,25,161,5,0.031055900621118012,0.0022366920613354035,2195
2,159,161,4,0.024844720496894408,0.002235175659937888,2196
36,231,161,4,0.024844720496894408,0.0022336592585403725,2197
1,124,161,4,0.024844720496894408,0.002232142857142857,2198
39,253,161,4,0.024844720496894408,0.0022306264557453415,2199
35,80,161,4,0.024844720496894408,0.002229110054347826,2200
1,133,161,3,0.018633540372670808,0.002229110054347826,2201
38,103,161,4,0.024844720496894408,0.0022275936529503105,2202
26,231,161,3,0.018633540372670808,0.002223044448757764,2203
35,221,161,4,0.024844720496894408,0.0022215280473602485,2204
8,81,161,4,0.024844720496894408,0.002220011645962733,2205
2,72,161,1,0.006211180124223602,0.002220011645962733,2206
19,14,161,6,0.037267080745341616,0.002213946040372671,2207
19,254,161,4,0.024844720496894408,0.002213946040372671,2208
15,117,161,2,0.012422360248447204,0.002213946040372671,2209
29,23,161,4,0.024844720496894408,0.0022124296389751555,2210
7,104,161,5,0.031055900621118012,0.002209396836180124,2211
7,42,161,4,0.024844720496894408,0.0022078804347826085,2212
29,151,161,4,0.024844720496894408,0.0022078804347826085,2213
38,237,161,4,0.024844720496894408,0.0022078804347826085,2214
20,1,161,2,0.012422360248447204,0.0022078804347826085,2215
17,170,161,4,0.024844720496894408,0.0022018148291925465,2216
38,174,161,3,0.018633540372670808,0.0022018148291925465,2217
14,118,161,5,0.031055900621118012,0.0021987820263975155,2218
1,204,161,4,0.024844720496894408,0.0021987820263975155,2219
15,170,161,3,0.018633540372670808,0.0021987820263975155,2220
22,155,161,2,0.012422360248447204,0.0021987820263975155,2221
21,189,161,3,0.018633540372670808,0.0021927164208074535,2222
16,234,161,5,0.031055900621118012,0.0021896836180124225,2223
31,170,161,5,0.031055900621118012,0.0021896836180124225,2224
27,93,161,4,0.024844720496894408,0.0021896836180124225,2225
10,199,161,5,0.031055900621118012,0.00218361801242236,2226
4,73,161,4,0.024844720496894408,0.002180585209627329,2227
6,43,161,4,0.024844720496894408,0.002177552406832298,2228
25,86,161,4,0.024844720496894408,0.002177552406832298,2229
21,145,161,2,0.012422360248447204,0.002177552406832298,2230
7,53,161,4,0.024844720496894408,0.002174519604037267,2231
16,171,161,4,0.024844720496894408,0.002174519604037267,2232
9,53,161,3,0.018633540372670808,0.002174519604037267,2233
10,117,161,5,0.031055900621118012,0.0021730032026397515,2234
11,80,161,4,0.024844720496894408,0.002171486801242236,2235
30,118,161,4,0.024844720496894408,0.002171486801242236,2236
5,87,161,3,0.018633540372670808,0.002171486801242236,2237
13,36,161,3,0.018633540372670808,0.002168453998447205,2238
21,190,161,3,0.018633540372670808,0.002168453998447205,2239
34,3,161,5,0.031055900621118012,0.0021669375970496895,2240
38,207,161,4,0.024844720496894408,0.002165421195652174,2241
32,242,161,5,0.031055900621118012,0.0021608719914596275,2242
38,250,161,5,0.031055900621118012,0.0021608719914596275,2243
4,1,161,3,0.018633540372670808,0.002159355590062112,2244
5,202,161,3,0.018633540372670808,0.002159355590062112,2245
13,191,161,4,0.024844720496894408,0.0021563227872670805,2246
39,62,161,5,0.031055900621118012,0.0021532899844720495,2247
15,81,161,4,0.024844720496894408,0.0021532899844720495,2248
15,79,161,4,0.024844720496894408,0.0021502571816770185,2249
12,233,161,4,0.024844720496894408,0.0021472243788819875,2250
5,151,161,3,0.018633540372670808,0.0021472243788819875,2251
21,140,161,3,0.018633540372670808,0.0021472243788819875,2252
30,199,161,3,0.018633540372670808,0.0021472243788819875,2253
34,129,161,5,0.031055900621118012,0.002145707977484472,2254
11,18,161,3,0.018633540372670808,0.0021441915760869565,2255
26,48,161,4,0.024844720496894408,0.0021381259704968945,2256
27,17,161,4,0.024844720496894408,0.0021381259704968945,2257
37,86,161,4,0.024844720496894408,0.0021381259704968945,2258
3,1,161,2,0.012422360248447204,0.0021381259704968945,2259
35,101,161,4,0.024844720496894408,0.002136609569099379,2260
39,56,161,4,0.024844720496894408,0.002136609569099379,2261
30,124,161,4,0.024844720496894408,0.0021320603649068325,2262
24,136,161,3,0.018633540372670808,0.0021320603649068325,2263
30,0,161,3,0.018633540372670808,0.0021320603649068325,2264
22,214,161,4,0.024844720496894408,0.002129027562111801,2265
11,229,161,3,0.018633540372670808,0.002129027562111801,2266
26,135,161,4,0.024844720496894408,0.00212599475931677,2267
35,110,161,5,0.031055900621118012,0.0021244783579192545,2268
32,49,161,4,0.024844720496894408,0.0021244783579192545,2269
24,233,161,3,0.018633540372670808,0.002122961956521739,2270
25,51,161,4,0.024844720496894408,0.002119929153726708,2271
33,244,161,2,0.012422360248447204,0.002119929153726708,2272
1,84,161,4,0.024844720496894408,0.002116896350931677,2273
5,21,161,4,0.024844720496894408,0.002116896350931677,2274
5,128,161,2,0.012422360248447204,0.002116896350931677,2275
28,103,161,4,0.024844720496894408,0.002110830745341615,2276
37,29,161,4,0.024844720496894408,0.002110830745341615,2277
14,105,161,4,0.024844720496894408,0.002107797942546584,2278
30,77,161,5,0.031055900621118012,0.002104765139751553,2279
26,67,161,5,0.031055900621118012,0.0020986995341614905,2280
6,238,161,4,0.024844720496894408,0.0020986995341614905,2281
36,135,161,5,0.031055900621118012,0.002097183132763975,2282
38,69,161,4,0.024844720496894408,0.0020956667313664595,2283
19,62,161,3,0.018633540372670808,0.0020956667313664595,2284
4,209,161,2,0.012422360248447204,0.0020956667313664595,2285
24,189,161,4,0.024844720496894408,0.0020926339285714285,2286
27,189,161,3,0.018633540372670808,0.0020926339285714285,2287
37,127,161,3,0.018633540372670808,0.0020926339285714285,2288
13,16,161,2,0.012422360248447204,0.0020926339285714285,2289
33,210,161,5,0.031055900621118012,0.002091117527173913,2290
32,81,161,5,0.031055900621118012,0.0020896011257763975,2291
5,71,161,3,0.018633540372670808,0.0020865683229813665,2292
6,118,161,1,0.006211180124223602,0.0020865683229813665,2293
11,40,161,5,0.031055900621118012,0.0020835355201863355,2294
23,181,161,4,0.024844720496894408,0.0020835355201863355,2295
31,164,161,2,0.012422360248447204,0.0020835355201863355,2296
32,199,161,4,0.024844720496894408,0.0020805027173913045,2297
4,64,161,3,0.018633540372670808,0.0020805027173913045,2298
37,62,161,3,0.018633540372670808,0.0020774699145962735,2299
27,26,161,4,0.024844720496894408,0.002074437111801242,2300
35,13,161,3,0.018633540372670808,0.002074437111801242,2301
8,66,161,3,0.018633540372670808,0.00206837150621118,2302
18,185,161,3,0.018633540372670808,0.00206837150621118,2303
21,141,161,3,0.018633540372670808,0.00206837150621118,2304
11,238,161,2,0.012422360248447204,0.00206837150621118,2305
31,125,161,4,0.024844720496894408,0.002062305900621118,2306
24,232,161,3,0.018633540372670808,0.002062305900621118,2307
28,64,161,3,0.018633540372670808,0.002062305900621118,2308
8,237,161,2,0.012422360248447204,0.002062305900621118,2309
13,23,161,4,0.024844720496894408,0.002059273097826087,2310
34,225,161,4,0.024844720496894408,0.002056240295031056,2311
21,55,161,3,0.018633540372670808,0.002056240295031056,2312
11,244,161,3,0.018633540372670808,0.002053207492236025,2313
24,215,161,3,0.018633540372670808,0.002053207492236025,2314
16,29,161,5,0.031055900621118012,0.0020516910908385095,2315
18,105,161,4,0.024844720496894408,0.0020516910908385095,2316
11,120,161,3,0.018633540372670808,0.002050174689440994,2317
36,97,161,6,0.037267080745341616,0.0020441090838509315,2318
3,74,161,4,0.024844720496894408,0.0020441090838509315,2319
33,248,161,4,0.024844720496894408,0.0020441090838509315,2320
9,20,161,3,0.018633540372670808,0.0020441090838509315,2321
12,164,161,2,0.012422360248447204,0.0020441090838509315,2322
4,219,161,2,0.012422360248447204,0.0020410762810559005,2323
30,3,161,5,0.031055900621118012,0.0020380434782608695,2324
34,41,161,4,0.024844720496894408,0.0020380434782608695,2325
2,71,161,1,0.006211180124223602,0.0020380434782608695,2326
30,48,161,4,0.024844720496894408,0.0020350106754658385,2327
24,209,161,2,0.012422360248447204,0.0020319778726708075,2328
34,114,161,5,0.031055900621118012,0.002030461471273292,2329
20,39,161,4,0.024844720496894408,0.0020289450698757765,2330
22,166,161,3,0.018633540372670808,0.0020289450698757765,2331
33,212,161,5,0.031055900621118012,0.002019846661490683,2332
36,57,161,4,0.024844720496894408,0.002016813858695652,2333
25,162,161,3,0.018633540372670808,0.002016813858695652,2334
39,221,161,2,0.012422360248447204,0.002016813858695652,2335
9,145,161,3,0.018633540372670808,0.0020152974572981365,2336
22,175,161,3,0.018633540372670808,0.002013781055900621,2337
36,86,161,3,0.018633540372670808,0.0020122646545031055,2338
31,123,161,4,0.024844720496894408,0.00201074825310559,2339
1,51,161,3,0.018633540372670808,0.00201074825310559,2340
35,27,161,4,0.024844720496894408,0.0020092318517080745,2341
39,78,161,4,0.024844720496894408,0.002007715450310559,2342
20,202,161,3,0.018633540372670808,0.002007715450310559,2343
21,236,161,3,0.018633540372670808,0.002004682647515528,2344
22,132,161,3,0.018633540372670808,0.002004682647515528,2345
29,6,161,4,0.024844720496894408,0.002001649844720497,2346
32,87,161,4,0.024844720496894408,0.002001649844720497,2347
6,3,161,1,0.006211180124223602,0.002001649844720497,2348
32,186,161,1,0.006211180124223602,0.002001649844720497,2349
12,242,161,3,0.018633540372670808,0.001998617041925466,2350
31,146,161,5,0.031055900621118012,0.0019971006405279505,2351
3,35,161,3,0.018633540372670808,0.001995584239130435,2352
4,250,161,3,0.018633540372670808,0.001995584239130435,2353
29,93,161,4,0.024844720496894408,0.0019940678377329195,2354
33,175,161,3,0.018633540372670808,0.0019940678377329195,2355
33,116,161,5,0.031055900621118012,0.0019895186335403725,2356
34,2,161,4,0.024844720496894408,0.0019895186335403725,2357
6,241,161,1,0.006211180124223602,0.0019895186335403725,2358
1,209,161,3,0.018633540372670808,0.0019864858307453415,2359
21,1,161,3,0.018633540372670808,0.0019864858307453415,2360
21,120,161,3,0.018633540372670808,0.0019834530279503105,2361
23,76,161,3,0.018633540372670808,0.0019804202251552795,2362
26,31,161,2,0.012422360248447204,0.0019804202251552795,2363
5,60,161,1,0.006211180124223602,0.0019773874223602485,2364
17,152,161,5,0.031055900621118012,0.001975871020962733,2365
37,38,161,4,0.024844720496894408,0.001975871020962733,2366
22,136,161,3,0.018633540372670808,0.0019743546195652175,2367
38,227,161,4,0.024844720496894408,0.001972838218167702,2368
37,115,161,3,0.018633540372670808,0.0019713218167701865,2369
32,215,161,4,0.024844720496894408,0.0019682890139751555,2370
31,211,161,5,0.031055900621118012,0.001965256211180124,2371
18,211,161,3,0.018633540372670808,0.001962223408385093,2372
6,167,161,6,0.037267080745341616,0.001956157802795031,2373
17,250,161,3,0.018633540372670808,0.001956157802795031,2374
2,55,161,2,0.012422360248447204,0.001956157802795031,2375
28,248,161,4,0.024844720496894408,0.001953125,2376
7,94,161,2,0.012422360248447204,0.001953125,2377
7,190,161,2,0.012422360248447204,0.001953125,2378
3,106,161,3,0.018633540372670808,0.001950092197204969,2379
37,139,161,3,0.018633540372670808,0.001950092197204969,2380
38,179,161,3,0.018633540372670808,0.001947059394409938,2381
26,78,161,3,0.018633540372670808,0.0019409937888198758,2382
33,198,161,4,0.024844720496894408,0.0019379609860248447,2383
21,183,161,3,0.018633540372670808,0.0019349281832298137,2384
28,247,161,2,0.012422360248447204,0.0019349281832298137,2385
20,105,161,4,0.024844720496894408,0.0019288625776397515,2386
13,158,161,3,0.018633540372670808,0.0019288625776397515,2387
19,226,161,3,0.018633540372670808,0.0019288625776397515,2388
29,45,161,4,0.024844720496894408,0.0019258297748447205,2389
20,242,161,3,0.018633540372670808,0.0019258297748447205,2390
31,231,161,4,0.024844720496894408,0.0019227969720496895,2391
36,5,161,4,0.024844720496894408,0.0019227969720496895,2392
5,64,161,2,0.012422360248447204,0.0019167313664596273,2393
37,79,161,1,0.006211180124223602,0.0019167313664596273,2394
33,118,161,4,0.024844720496894408,0.0019136985636645963,2395
2,45,161,2,0.012422360248447204,0.0019106657608695652,2396
4,230,161,2,0.012422360248447204,0.0019106657608695652,2397
36,217,161,4,0.024844720496894408,0.0019076329580745342,2398
4,22,161,3,0.018633540372670808,0.001904600155279503,2399
14,161,161,2,0.012422360248447204,0.001904600155279503,2400
38,92,161,2,0.012422360248447204,0.001898534549689441,2401
5,162,161,1,0.006211180124223602,0.001892468944099379,2402
31,144,161,5,0.031055900621118012,0.0018894361413043478,2403
2,235,161,3,0.018633540372670808,0.0018894361413043478,2404
12,97,161,3,0.018633540372670808,0.0018894361413043478,2405
29,112,161,4,0.024844720496894408,0.0018879197399068323,2406
5,111,161,2,0.012422360248447204,0.0018879197399068323,2407
22,79,161,3,0.018633540372670808,0.0018864033385093168,2408
4,90,161,2,0.012422360248447204,0.0018864033385093168,2409
4,156,161,3,0.018633540372670808,0.0018833705357142857,2410
30,197,161,3,0.018633540372670808,0.0018803377329192547,2411
36,253,161,1,0.006211180124223602,0.0018803377329192547,2412
13,214,161,3,0.018633540372670808,0.0018773049301242235,2413
15,236,161,3,0.018633540372670808,0.0018773049301242235,2414
29,5,161,3,0.018633540372670808,0.0018773049301242235,2415
10,245,161,2,0.012422360248447204,0.0018742721273291925,2416
24,60,161,2,0.012422360248447204,0.0018742721273291925,2417
5,255,161,3,0.018633540372670808,0.001872755725931677,2418
32,13,161,5,0.031055900621118012,0.0018651737189440995,2419
21,72,161,2,0.012422360248447204,0.0018621409161490683,2420
14,95,161,3,0.018633540372670808,0.0018591081133540373,2421
39,190,161,6,0.037267080745341616,0.0018583499126552795,2422
25,140,161,3,0.018633540372670808,0.0018560753105590062,2423
26,110,161,2,0.012422360248447204,0.0018560753105590062,2424
2,157,161,3,0.018633540372670808,0.0018530425077639752,2425
5,238,161,3,0.018633540372670808,0.0018530425077639752,2426
26,102,161,3,0.018633540372670808,0.0018530425077639752,2427
27,166,161,3,0.018633540372670808,0.0018530425077639752,2428
2,79,161,3,0.018633540372670808,0.001843944099378882,2429
38,94,161,3,0.018633540372670808,0.001843944099378882,2430
22,227,161,2,0.012422360248447204,0.001843944099378882,2431
37,161,161,1,0.006211180124223602,0.001843944099378882,2432
23,127,161,3,0.018633540372670808,0.001840911296583851,2433
12,1,161,5,0.031055900621118012,0.00183787849378882,2434
8,176,161,3,0.018633540372670808,0.00183787849378882,2435
39,33,161,3,0.018633540372670808,0.0018348456909937888,2436
39,189,161,3,0.018633540372670808,0.0018318128881987578,2437
8,32,161,3,0.018633540372670808,0.0018287800854037267,2438
26,14,161,3,0.018633540372670808,0.0018257472826086957,2439
39,143,161,3,0.018633540372670808,0.0018227144798136645,2440
24,110,161,4,0.024844720496894408,0.001821198078416149,2441
14,178,161,2,0.012422360248447204,0.0018196816770186335,2442
13,10,161,3,0.018633540372670808,0.0018136160714285715,2443
17,38,161,3,0.018633540372670808,0.0018136160714285715,2444
34,194,161,4,0.024844720496894408,0.001812099670031056,2445
2,143,161,3,0.018633540372670808,0.0018105832686335403,2446
17,29,161,3,0.018633540372670808,0.0018105832686335403,2447
16,204,161,6,0.037267080745341616,0.0018075504658385093,2448
11,94,161,3,0.018633540372670808,0.0018075504658385093,2449
20,189,161,3,0.018633540372670808,0.0018075504658385093,2450
36,91,161,3,0.018633540372670808,0.0018075504658385093,2451
22,3,161,3,0.018633540372670808,0.0018045176630434783,2452
37,122,161,3,0.018633540372670808,0.0018045176630434783,2453
35,36,161,4,0.024844720496894408,0.0018014848602484472,2454
2,135,161,3,0.018633540372670808,0.0017984520574534162,2455
6,91,161,4,0.024844720496894408,0.001795419254658385,2456
16,133,161,4,0.024844720496894408,0.001795419254658385,2457
17,6,161,2,0.012422360248447204,0.001795419254658385,2458
29,181,161,4,0.024844720496894408,0.0017939028532608695,2459
33,75,161,4,0.024844720496894408,0.0017939028532608695,2460
1,67,161,3,0.018633540372670808,0.001792386451863354,2461
15,232,161,3,0.018633540372670808,0.001789353649068323,2462
25,89,161,3,0.018633540372670808,0.001789353649068323,2463
7,109,161,2,0.012422360248447204,0.001789353649068323,2464
38,73,161,4,0.024844720496894408,0.001786320846273292,2465
3,145,161,3,0.018633540372670808,0.001786320846273292,2466
8,103,161,3,0.018633540372670808,0.001786320846273292,2467
8,169,161,4,0.024844720496894408,0.0017832880434782608,2468
36,93,161,2,0.012422360248447204,0.0017832880434782608,2469
28,10,161,3,0.018633540372670808,0.0017802552406832298,2470
15,124,161,4,0.024844720496894408,0.0017772224378881988,2471
8,150,161,3,0.018633540372670808,0.0017772224378881988,2472
16,4,161,6,0.037267080745341616,0.0017741896350931677,2473
29,0,161,4,0.024844720496894408,0.0017741896350931677,2474
2,150,161,3,0.018633540372670808,0.0017741896350931677,2475
36,124,161,3,0.018633540372670808,0.0017726732336956522,2476
23,63,161,3,0.018633540372670808,0.0017711568322981367,2477
3,41,161,2,0.012422360248447204,0.0017711568322981367,2478
38,45,161,2,0.012422360248447204,0.0017711568322981367,2479
35,137,161,3,0.018633540372670808,0.001769640430900621,2480
3,7,161,3,0.018633540372670808,0.0017650912267080745,2481
11,148,161,4,0.024844720496894408,0.0017559928183229813,2482
4,56,161,2,0.012422360248447204,0.0017559928183229813,2483
36,226,161,3,0.018633540372670808,0.0017529600155279503,2484
4,60,161,2,0.012422360248447204,0.0017468944099378882,2485
16,37,161,1,0.006211180124223602,0.0017468944099378882,2486
19,67,161,1,0.006211180124223602,0.0017468944099378882,2487
23,140,161,3,0.018633540372670808,0.0017438616071428572,2488
28,165,161,3,0.018633540372670808,0.0017438616071428572,2489
32,18,161,3,0.018633540372670808,0.001740828804347826,2490
7,34,161,2,0.012422360248447204,0.001740828804347826,2491
35,121,161,5,0.031055900621118012,0.0017393124029503105,2492
27,85,161,4,0.024844720496894408,0.0017362796001552795,2493
34,86,161,3,0.018633540372670808,0.001734763198757764,2494
9,155,161,2,0.012422360248447204,0.001734763198757764,2495
34,115,161,3,0.018633540372670808,0.001731730395962733,2496
11,72,161,4,0.024844720496894408,0.0017286975931677018,2497
35,21,161,4,0.024844720496894408,0.0017286975931677018,2498
13,206,161,3,0.018633540372670808,0.0017286975931677018,2499
38,12,161,3,0.018633540372670808,0.0017256647903726708,2500
15,158,161,4,0.024844720496894408,0.0017241483889751553,2501
7,37,161,3,0.018633540372670808,0.0017226319875776398,2502
6,69,161,1,0.006211180124223602,0.0017226319875776398,2503
8,88,161,1,0.006211180124223602,0.0017226319875776398,2504
14,142,161,1,0.006211180124223602,0.0017226319875776398,2505
31,227,161,4,0.024844720496894408,0.0017135335791925465,2506
1,232,161,3,0.018633540372670808,0.0017135335791925465,2507
16,123,161,4,0.024844720496894408,0.001712017177795031,2508
17,251,161,2,0.012422360248447204,0.0017105007763975155,2509
20,7,161,2,0.012422360248447204,0.0017105007763975155,2510
3,182,161,3,0.018633540372670808,0.0017044351708074535,2511
13,172,161,3,0.018633540372670808,0.0017044351708074535,2512
24,100,161,3,0.018633540372670808,0.0017044351708074535,2513
33,108,161,3,0.018633540372670808,0.0017044351708074535,2514
39,27,161,3,0.018633540372670808,0.0017044351708074535,2515
2,196,161,2,0.012422360248447204,0.0017044351708074535,2516
3,198,161,2,0.012422360248447204,0.0017044351708074535,2517
8,45,161,2,0.012422360248447204,0.0017044351708074535,2518
37,106,161,3,0.018633540372670808,0.0017014023680124223,2519
32,197,161,1,0.006211180124223602,0.0016983695652173913,2520
6,8,161,4,0.024844720496894408,0.0016953367624223602,2521
11,136,161,3,0.018633540372670808,0.0016953367624223602,2522
15,94,161,3,0.018633540372670808,0.0016953367624223602,2523
24,241,161,3,0.018633540372670808,0.0016953367624223602,2524
34,252,161,3,0.018633540372670808,0.0016938203610248447,2525
15,25,161,4,0.024844720496894408,0.0016923039596273292,2526
12,139,161,3,0.018633540372670808,0.0016923039596273292,2527
32,193,161,3,0.018633540372670808,0.0016923039596273292,2528
31,155,161,4,0.024844720496894408,0.0016892711568322982,2529
32,52,161,3,0.018633540372670808,0.001686238354037267,2530
33,101,161,3,0.018633540372670808,0.001686238354037267,2531
15,205,161,2,0.012422360248447204,0.001680172748447205,2532
4,192,161,3,0.018633540372670808,0.001677139945652174,2533
18,35,161,3,0.018633540372670808,0.001677139945652174,2534
20,220,161,3,0.018633540372670808,0.001677139945652174,2535
20,190,161,2,0.012422360248447204,0.001677139945652174,2536
29,248,161,4,0.024844720496894408,0.0016756235442546585,2537
22,44,161,4,0.024844720496894408,0.0016741071428571428,2538
39,86,161,4,0.024844720496894408,0.0016741071428571428,2539
8,161,161,3,0.018633540372670808,0.0016741071428571428,2540
19,200,161,2,0.012422360248447204,0.0016741071428571428,2541
27,135,161,3,0.018633540372670808,0.0016710743400621118,2542
1,196,161,3,0.018633540372670808,0.0016680415372670807,2543
34,79,161,4,0.024844720496894408,0.0016665251358695652,2544
35,108,161,4,0.024844720496894408,0.0016634923330745342,2545
3,237,161,2,0.012422360248447204,0.0016619759316770187,2546
27,159,161,3,0.018633540372670808,0.0016589431288819875,2547
28,180,161,3,0.018633540372670808,0.0016589431288819875,2548
32,119,161,5,0.031055900621118012,0.001657426727484472,2549
1,37,161,3,0.018633540372670808,0.0016528775232919255,2550
21,30,161,2,0.012422360248447204,0.0016528775232919255,2551
33,70,161,4,0.024844720496894408,0.00165136112189441,2552
35,229,161,4,0.024844720496894408,0.00165136112189441,2553
12,167,161,4,0.024844720496894408,0.0016498447204968945,2554
4,84,161,3,0.018633540372670808,0.0016498447204968945,2555
23,128,161,3,0.018633540372670808,0.0016498447204968945,2556
36,44,161,3,0.018633540372670808,0.0016468119177018633,2557
37,229,161,2,0.012422360248447204,0.0016468119177018633,2558
28,226,161,3,0.018633540372670808,0.0016437791149068323,2559
2,234,161,3,0.018633540372670808,0.0016377135093167702,2560
13,219,161,3,0.018633540372670808,0.0016377135093167702,2561
37,46,161,3,0.018633540372670808,0.0016346807065217392,2562
21,106,161,3,0.018633540372670808,0.001631647903726708,2563
36,249,161,3,0.018633540372670808,0.001631647903726708,2564
7,219,161,3,0.018633540372670808,0.001625582298136646,2565
29,234,161,3,0.018633540372670808,0.001625582298136646,2566
6,173,161,3,0.018633540372670808,0.0016195166925465838,2567
10,152,161,3,0.018633540372670808,0.0016195166925465838,2568
31,171,161,2,0.012422360248447204,0.0016195166925465838,2569
15,109,161,3,0.018633540372670808,0.0016134510869565217,2570
24,234,161,3,0.018633540372670808,0.0016104182841614907,2571
2,112,161,2,0.012422360248447204,0.0016104182841614907,2572
39,66,161,4,0.024844720496894408,0.0016089018827639752,2573
39,55,161,4,0.024844720496894408,0.0016073854813664597,2574
4,134,161,3,0.018633540372670808,0.0016073854813664597,2575
36,79,161,3,0.018633540372670808,0.0016073854813664597,2576
19,83,161,2,0.012422360248447204,0.0016073854813664597,2577
29,171,161,2,0.012422360248447204,0.0016073854813664597,2578
2,237,161,3,0.018633540372670808,0.0016013198757763975,2579
24,139,161,2,0.012422360248447204,0.0016013198757763975,2580
32,51,161,2,0.012422360248447204,0.0016013198757763975,2581
24,178,161,3,0.018633540372670808,0.0015982870729813665,2582
27,106,161,3,0.018633540372670808,0.0015982870729813665,2583
35,236,161,3,0.018633540372670808,0.001596770671583851,2584
27,111,161,3,0.018633540372670808,0.0015952542701863355,2585
37,210,161,3,0.018633540372670808,0.0015952542701863355,2586
16,81,161,5,0.031055900621118012,0.00159373786878882,2587
32,64,161,3,0.018633540372670808,0.00159373786878882,2588
8,7,161,3,0.018633540372670808,0.0015922214673913043,2589
35,84,161,3,0.018633540372670808,0.0015922214673913043,2590
36,65,161,3,0.018633540372670808,0.0015922214673913043,2591
13,31,161,2,0.012422360248447204,0.0015922214673913043,2592
9,98,161,3,0.018633540372670808,0.0015891886645962733,2593
10,224,161,3,0.018633540372670808,0.0015891886645962733,2594
22,153,161,2,0.012422360248447204,0.0015891886645962733,2595
36,149,161,5,0.031055900621118012,0.0015876722631987578,2596
18,122,161,2,0.012422360248447204,0.0015861558618012422,2597
29,105,161,3,0.018633540372670808,0.0015831230590062112,2598
18,106,161,2,0.012422360248447204,0.0015831230590062112,2599
29,87,161,3,0.018633540372670808,0.001577057453416149,2600
4,204,161,2,0.012422360248447204,0.001577057453416149,2601
7,41,161,3,0.018633540372670808,0.001574024650621118,2602
10,33,161,2,0.012422360248447204,0.001570991847826087,2603
23,119,161,4,0.024844720496894408,0.001567959045031056,2604
8,93,161,3,0.018633540372670808,0.001567959045031056,2605
28,241,161,3,0.018633540372670808,0.001567959045031056,2606
36,157,161,5,0.031055900621118012,0.0015664426436335403,2607
25,82,161,3,0.018633540372670808,0.0015664426436335403,2608
1,254,161,3,0.018633540372670808,0.0015649262422360248,2609
5,135,161,2,0.012422360248447204,0.0015649262422360248,2610
13,194,161,2,0.012422360248447204,0.0015649262422360248,2611
25,189,161,3,0.018633540372670808,0.0015588606366459627,2612
30,64,161,2,0.012422360248447204,0.0015588606366459627,2613
20,138,161,4,0.024844720496894408,0.0015573442352484472,2614
10,165,161,3,0.018633540372670808,0.0015573442352484472,2615
39,145,161,6,0.037267080745341616,0.0015558278338509317,2616
13,236,161,3,0.018633540372670808,0.0015558278338509317,2617
3,206,161,2,0.012422360248447204,0.0015558278338509317,2618
20,31,161,2,0.012422360248447204,0.0015558278338509317,2619
20,83,161,3,0.018633540372670808,0.0015497622282608695,2620
7,152,161,2,0.012422360248447204,0.0015497622282608695,2621
24,103,161,2,0.012422360248447204,0.0015497622282608695,2622
34,190,161,2,0.012422360248447204,0.0015497622282608695,2623
30,105,161,2,0.012422360248447204,0.0015467294254658385,2624
37,146,161,2,0.012422360248447204,0.0015467294254658385,2625
12,238,161,1,0.006211180124223602,0.0015467294254658385,2626
19,138,161,4,0.024844720496894408,0.0015436966226708075,2627
29,253,161,3,0.018633540372670808,0.0015436966226708075,2628
26,45,161,3,0.018633540372670808,0.0015406638198757765,2629
30,92,161,3,0.018633540372670808,0.0015406638198757765,2630
18,26,161,3,0.018633540372670808,0.0015391474184782608,2631
30,143,161,4,0.024844720496894408,0.0015361146156832298,2632
16,245,161,2,0.012422360248447204,0.0015345982142857143,2633
13,47,161,3,0.018633540372670808,0.0015315654114906832,2634
19,24,161,3,0.018633540372670808,0.0015285326086956522,2635
35,146,161,3,0.018633540372670808,0.0015285326086956522,2636
18,92,161,2,0.012422360248447204,0.0015285326086956522,2637
23,206,161,1,0.006211180124223602,0.0015285326086956522,2638
1,163,161,3,0.018633540372670808,0.001525499805900621,2639
25,68,161,3,0.018633540372670808,0.001525499805900621,2640
34,241,161,3,0.018633540372670808,0.001525499805900621,2641
34,236,161,3,0.018633540372670808,0.00152246700310559,2642
15,250,161,3,0.018633540372670808,0.001519434200310559,2643
27,59,161,3,0.018633540372670808,0.001519434200310559,2644
34,122,161,3,0.018633540372670808,0.001516401397515528,2645
35,118,161,3,0.018633540372670808,0.001516401397515528,2646
11,164,161,2,0.012422360248447204,0.001516401397515528,2647
3,73,161,1,0.006211180124223602,0.001516401397515528,2648
9,255,161,4,0.024844720496894408,0.0015148849961180125,2649
26,230,161,3,0.018633540372670808,0.001513368594720497,2650
37,151,161,2,0.012422360248447204,0.001513368594720497,2651
33,235,161,4,0.024844720496894408,0.0015103357919254658,2652
26,219,161,1,0.006211180124223602,0.0015103357919254658,2653
33,67,161,4,0.024844720496894408,0.0015088193905279503,2654
14,79,161,3,0.018633540372670808,0.0015057865877329193,2655
38,124,161,3,0.018633540372670808,0.0015042701863354037,2656
13,84,161,2,0.012422360248447204,0.0015042701863354037,2657
24,228,161,2,0.012422360248447204,0.0015042701863354037,2658
7,150,161,1,0.006211180124223602,0.0015042701863354037,2659
29,186,161,3,0.018633540372670808,0.0015027537849378882,2660
34,63,161,4,0.024844720496894408,0.0014982045807453415,2661
18,7,161,2,0.012422360248447204,0.0014982045807453415,2662
21,152,161,2,0.012422360248447204,0.0014982045807453415,2663
6,234,161,2,0.012422360248447204,0.0014951717779503105,2664
24,196,161,2,0.012422360248447204,0.0014951717779503105,2665
18,168,161,3,0.018633540372670808,0.0014921389751552795,2666
9,208,161,2,0.012422360248447204,0.0014921389751552795,2667
24,87,161,1,0.006211180124223602,0.0014921389751552795,2668
31,51,161,4,0.024844720496894408,0.001490622573757764,2669
21,79,161,3,0.018633540372670808,0.0014891061723602485,2670
35,64,161,3,0.018633540372670808,0.0014891061723602485,2671
23,92,161,2,0.012422360248447204,0.0014891061723602485,2672
2,176,161,2,0.012422360248447204,0.0014860733695652175,2673
12,60,161,2,0.012422360248447204,0.0014860733695652175,2674
17,67,161,3,0.018633540372670808,0.0014845569681677018,2675
2,40,161,3,0.018633540372670808,0.0014800077639751553,2676
30,218,161,3,0.018633540372670808,0.0014800077639751553,2677
20,207,161,2,0.012422360248447204,0.0014800077639751553,2678
25,208,161,1,0.006211180124223602,0.0014800077639751553,2679
29,43,161,2,0.012422360248447204,0.0014784913625776398,2680
22,167,161,2,0.012422360248447204,0.0014769749611801242,2681
33,196,161,4,0.024844720496894408,0.0014739421583850932,2682
21,147,161,2,0.012422360248447204,0.0014739421583850932,2683
32,4,161,3,0.018633540372670808,0.001470909355590062,2684
39,233,161,3,0.018633540372670808,0.001470909355590062,2685
12,77,161,2,0.012422360248447204,0.001470909355590062,2686
39,178,161,5,0.031055900621118012,0.0014663601513975155,2687
13,125,161,2,0.012422360248447204,0.00146484375,2688
39,250,161,3,0.018633540372670808,0.001461810947204969,2689
6,29,161,2,0.012422360248447204,0.001458778144409938,2690
25,212,161,2,0.012422360248447204,0.001458778144409938,2691
30,142,161,3,0.018633540372670808,0.0014557453416149068,2692
9,126,161,2,0.012422360248447204,0.0014557453416149068,2693
15,142,161,2,0.012422360248447204,0.0014557453416149068,2694
22,89,161,1,0.006211180124223602,0.0014557453416149068,2695
8,233,161,3,0.018633540372670808,0.0014542289402173913,2696
37,244,161,3,0.018633540372670808,0.0014496797360248447,2697
9,193,161,1,0.006211180124223602,0.0014496797360248447,2698
23,11,161,3,0.018633540372670808,0.0014481633346273292,2699
36,191,161,3,0.018633540372670808,0.0014481633346273292,2700
19,147,161,5,0.031055900621118012,0.0014436141304347825,2701
12,250,161,2,0.012422360248447204,0.0014436141304347825,2702
36,155,161,3,0.018633540372670808,0.001442097729037267,2703
2,97,161,3,0.018633540372670808,0.0014405813276397515,2704
35,126,161,3,0.018633540372670808,0.0014405813276397515,2705
20,10,161,2,0.012422360248447204,0.0014405813276397515,2706
28,115,161,2,0.012422360248447204,0.0014405813276397515,2707
35,217,161,2,0.012422360248447204,0.0014405813276397515,2708
7,229,161,3,0.018633540372670808,0.001439064926242236,2709
27,241,161,3,0.018633540372670808,0.0014375485248447205,2710
36,1,161,3,0.018633540372670808,0.0014375485248447205,2711
4,232,161,2,0.012422360248447204,0.0014375485248447205,2712
18,144,161,3,0.018633540372670808,0.0014345157220496895,2713
26,251,161,3,0.018633540372670808,0.0014345157220496895,2714
34,179,161,3,0.018633540372670808,0.0014345157220496895,2715
21,158,161,2,0.012422360248447204,0.0014345157220496895,2716
26,148,161,1,0.006211180124223602,0.0014314829192546585,2717
31,186,161,1,0.006211180124223602,0.0014314829192546585,2718
30,106,161,3,0.018633540372670808,0.0014284501164596273,2719
4,200,161,2,0.012422360248447204,0.0014284501164596273,2720
21,23,161,2,0.012422360248447204,0.0014284501164596273,2721
35,230,161,3,0.018633540372670808,0.0014254173136645963,2722
37,216,161,3,0.018633540372670808,0.0014254173136645963,2723
4,20,161,2,0.012422360248447204,0.0014254173136645963,2724
18,23,161,2,0.012422360248447204,0.0014254173136645963,2725
27,123,161,2,0.012422360248447204,0.0014254173136645963,2726
34,22,161,3,0.018633540372670808,0.0014239009122670807,2727
13,130,161,3,0.018633540372670808,0.0014223845108695652,2728
3,251,161,3,0.018633540372670808,0.0014208681094720497,2729
26,38,161,3,0.018633540372670808,0.0014208681094720497,2730
35,155,161,3,0.018633540372670808,0.0014208681094720497,2731
39,173,161,3,0.018633540372670808,0.0014193517080745342,2732
8,16,161,3,0.018633540372670808,0.001416318905279503,2733
23,117,161,3,0.018633540372670808,0.0014148025038819875,2734
1,240,161,2,0.012422360248447204,0.001413286102484472,2735
16,113,161,2,0.012422360248447204,0.001413286102484472,2736
35,206,161,2,0.012422360248447204,0.001413286102484472,2737
3,54,161,1,0.006211180124223602,0.001413286102484472,2738
19,217,161,2,0.012422360248447204,0.001410253299689441,2739
39,70,161,3,0.018633540372670808,0.0014087368982919255,2740
38,239,161,4,0.024844720496894408,0.00140722049689441,2741
39,5,161,3,0.018633540372670808,0.001404187694099379,2742
7,132,161,2,0.012422360248447204,0.001404187694099379,2743
33,4,161,2,0.012422360248447204,0.001404187694099379,2744
3,199,161,3,0.018633540372670808,0.0014011548913043478,2745
11,27,161,3,0.018633540372670808,0.0013981220885093168,2746
16,42,161,3,0.018633540372670808,0.0013981220885093168,2747
13,224,161,2,0.012422360248447204,0.0013950892857142857,2748
37,56,161,2,0.012422360248447204,0.0013950892857142857,2749
3,217,161,1,0.006211180124223602,0.0013950892857142857,2750
39,237,161,4,0.024844720496894408,0.0013905400815217392,2751
34,105,161,3,0.018633540372670808,0.0013890236801242235,2752
7,252,161,2,0.012422360248447204,0.0013890236801242235,2753
15,65,161,2,0.012422360248447204,0.0013890236801242235,2754
14,94,161,3,0.018633540372670808,0.0013859908773291925,2755
38,38,161,3,0.018633540372670808,0.0013859908773291925,2756
23,47,161,2,0.012422360248447204,0.0013859908773291925,2757
23,130,161,2,0.012422360248447204,0.0013859908773291925,2758
28,255,161,2,0.012422360248447204,0.0013859908773291925,2759
32,43,161,4,0.024844720496894408,0.001384474475931677,2760
8,156,161,2,0.012422360248447204,0.001384474475931677,2761
18,77,161,2,0.012422360248447204,0.0013829580745341615,2762
21,33,161,2,0.012422360248447204,0.0013829580745341615,2763
27,175,161,2,0.012422360248447204,0.0013829580745341615,2764
33,237,161,1,0.006211180124223602,0.0013829580745341615,2765
36,25,161,3,0.018633540372670808,0.001378408870341615,2766
34,219,161,3,0.018633540372670808,0.0013768924689440995,2767
8,170,161,2,0.012422360248447204,0.0013768924689440995,2768
9,189,161,2,0.012422360248447204,0.0013768924689440995,2769
37,207,161,2,0.012422360248447204,0.0013768924689440995,2770
30,178,161,3,0.018633540372670808,0.0013753760675465838,2771
34,84,161,3,0.018633540372670808,0.0013738596661490683,2772
35,210,161,3,0.018633540372670808,0.0013738596661490683,2773
32,217,161,3,0.018633540372670808,0.0013708268633540373,2774
13,137,161,2,0.012422360248447204,0.0013708268633540373,2775
23,77,161,2,0.012422360248447204,0.0013677940605590062,2776
24,125,161,2,0.012422360248447204,0.0013677940605590062,2777
1,117,161,2,0.012422360248447204,0.0013647612577639752,2778
3,204,161,3,0.018633540372670808,0.0013632448563664597,2779
5,139,161,2,0.012422360248447204,0.001361728454968944,2780
12,39,161,2,0.012422360248447204,0.001361728454968944,2781
18,252,161,2,0.012422360248447204,0.001361728454968944,2782
31,104,161,2,0.012422360248447204,0.001361728454968944,2783
35,212,161,3,0.018633540372670808,0.001358695652173913,2784
26,209,161,2,0.012422360248447204,0.001358695652173913,2785
4,166,161,1,0.006211180124223602,0.001358695652173913,2786
14,73,161,3,0.018633540372670808,0.001355662849378882,2787
5,250,161,2,0.012422360248447204,0.001355662849378882,2788
18,199,161,2,0.012422360248447204,0.001355662849378882,2789
35,60,161,4,0.024844720496894408,0.001352630046583851,2790
2,47,161,2,0.012422360248447204,0.001352630046583851,2791
38,119,161,2,0.012422360248447204,0.001352630046583851,2792
23,41,161,1,0.006211180124223602,0.001352630046583851,2793
23,129,161,3,0.018633540372670808,0.00134959724378882,2794
24,205,161,3,0.018633540372670808,0.00134959724378882,2795
35,250,161,3,0.018633540372670808,0.00134959724378882,2796
36,48,161,3,0.018633540372670808,0.00134959724378882,2797
3,131,161,2,0.012422360248447204,0.00134959724378882,2798
22,129,161,2,0.012422360248447204,0.00134959724378882,2799
29,149,161,2,0.012422360248447204,0.00134959724378882,2800
29,44,161,2,0.012422360248447204,0.0013465644409937888,2801
37,243,161,1,0.006211180124223602,0.0013465644409937888,2802
32,184,161,3,0.018633540372670808,0.0013420152368012422,2803
12,118,161,3,0.018633540372670808,0.0013389824340062112,2804
37,2,161,3,0.018633540372670808,0.0013374660326086957,2805
7,58,161,3,0.018633540372670808,0.0013314004270186335,2806
27,252,161,3,0.018633540372670808,0.0013314004270186335,2807
20,177,161,2,0.012422360248447204,0.0013314004270186335,2808
36,31,161,3,0.018633540372670808,0.0013283676242236025,2809
5,152,161,2,0.012422360248447204,0.0013283676242236025,2810
2,199,161,1,0.006211180124223602,0.0013283676242236025,2811
10,201,161,3,0.018633540372670808,0.0013253348214285715,2812
37,186,161,3,0.018633540372670808,0.0013253348214285715,2813
14,32,161,2,0.012422360248447204,0.0013253348214285715,2814
35,127,161,2,0.012422360248447204,0.0013253348214285715,2815
34,15,161,3,0.018633540372670808,0.001323818420031056,2816
12,169,161,1,0.006211180124223602,0.0013223020186335403,2817
29,167,161,3,0.018633540372670808,0.0013162364130434783,2818
6,121,161,2,0.012422360248447204,0.0013162364130434783,2819
27,250,161,2,0.012422360248447204,0.0013162364130434783,2820
31,61,161,3,0.018633540372670808,0.0013147200116459627,2821
2,14,161,2,0.012422360248447204,0.0013132036102484472,2822
2,251,161,2,0.012422360248447204,0.0013132036102484472,2823
22,59,161,2,0.012422360248447204,0.0013132036102484472,2824
39,149,161,2,0.012422360248447204,0.0013132036102484472,2825
35,204,161,2,0.012422360248447204,0.0013101708074534162,2826
23,21,161,3,0.018633540372670808,0.0013086544060559005,2827
3,93,161,3,0.018633540372670808,0.001307138004658385,2828
27,242,161,2,0.012422360248447204,0.001307138004658385,2829
37,152,161,2,0.012422360248447204,0.001307138004658385,2830
39,158,161,3,0.018633540372670808,0.0013056216032608695,2831
38,223,161,3,0.018633540372670808,0.001304105201863354,2832
1,111,161,2,0.012422360248447204,0.001304105201863354,2833
37,241,161,2,0.012422360248447204,0.001304105201863354,2834
24,248,161,2,0.012422360248447204,0.001301072399068323,2835
33,229,161,2,0.012422360248447204,0.001301072399068323,2836
29,80,161,3,0.018633540372670808,0.0012995559976708075,2837
27,115,161,3,0.018633540372670808,0.001298039596273292,2838
29,30,161,3,0.018633540372670808,0.001298039596273292,2839
31,197,161,3,0.018633540372670808,0.001298039596273292,2840
34,142,161,3,0.018633540372670808,0.001298039596273292,2841
14,190,161,2,0.012422360248447204,0.001298039596273292,2842
17,225,161,2,0.012422360248447204,0.0012950067934782608,2843
26,50,161,2,0.012422360248447204,0.0012950067934782608,2844
21,225,161,2,0.012422360248447204,0.0012919739906832298,2845
34,140,161,3,0.018633540372670808,0.0012904575892857143,2846
2,52,161,2,0.012422360248447204,0.0012889411878881988,2847
21,86,161,2,0.012422360248447204,0.0012889411878881988,2848
10,130,161,4,0.024844720496894408,0.0012859083850931677,2849
13,118,161,2,0.012422360248447204,0.0012859083850931677,2850
30,132,161,1,0.006211180124223602,0.0012859083850931677,2851
2,11,161,2,0.012422360248447204,0.0012828755822981367,2852
22,115,161,2,0.012422360248447204,0.0012828755822981367,2853
33,223,161,3,0.018633540372670808,0.001281359180900621,2854
1,222,161,2,0.012422360248447204,0.0012798427795031055,2855
20,55,161,2,0.012422360248447204,0.0012798427795031055,2856
22,75,161,2,0.012422360248447204,0.0012798427795031055,2857
6,125,161,3,0.018633540372670808,0.0012768099767080745,2858
35,48,161,2,0.012422360248447204,0.0012768099767080745,2859
19,164,161,4,0.024844720496894408,0.001275293575310559,2860
31,159,161,2,0.012422360248447204,0.0012737771739130435,2861
37,50,161,2,0.012422360248447204,0.0012737771739130435,2862
23,108,161,3,0.018633540372670808,0.0012707443711180125,2863
1,144,161,2,0.012422360248447204,0.0012707443711180125,2864
12,182,161,2,0.012422360248447204,0.0012677115683229813,2865
12,193,161,2,0.012422360248447204,0.0012677115683229813,2866
6,105,161,3,0.018633540372670808,0.0012646787655279503,2867
2,173,161,2,0.012422360248447204,0.0012646787655279503,2868
6,204,161,3,0.018633540372670808,0.0012616459627329193,2869
3,122,161,2,0.012422360248447204,0.0012616459627329193,2870
5,33,161,2,0.012422360248447204,0.0012616459627329193,2871
18,245,161,2,0.012422360248447204,0.0012616459627329193,2872
21,108,161,2,0.012422360248447204,0.0012616459627329193,2873
34,87,161,3,0.018633540372670808,0.001259371360636646,2874
17,224,161,2,0.012422360248447204,0.0012586131599378882,2875
21,14,161,2,0.012422360248447204,0.0012586131599378882,2876
39,160,161,2,0.012422360248447204,0.0012586131599378882,2877
24,141,161,2,0.012422360248447204,0.0012555803571428572,2878
6,176,161,1,0.006211180124223602,0.0012555803571428572,2879
15,153,161,2,0.012422360248447204,0.001252547554347826,2880
18,111,161,3,0.018633540372670808,0.001249514751552795,2881
23,207,161,2,0.012422360248447204,0.001249514751552795,2882
1,155,161,1,0.006211180124223602,0.001249514751552795,2883
39,234,161,4,0.024844720496894408,0.0012479983501552795,2884
4,72,161,2,0.012422360248447204,0.001246481948757764,2885
4,32,161,3,0.018633540372670808,0.0012449655473602485,2886
36,126,161,2,0.012422360248447204,0.0012404163431677018,2887
38,49,161,2,0.012422360248447204,0.0012404163431677018,2888
39,144,161,2,0.012422360248447204,0.0012404163431677018,2889
23,19,161,1,0.006211180124223602,0.0012373835403726708,2890
2,110,161,2,0.012422360248447204,0.0012343507375776398,2891
19,56,161,5,0.031055900621118012,0.0012313179347826087,2892
2,42,161,3,0.018633540372670808,0.0012313179347826087,2893
33,51,161,3,0.018633540372670808,0.0012313179347826087,2894
17,197,161,2,0.012422360248447204,0.0012313179347826087,2895
22,242,161,2,0.012422360248447204,0.0012313179347826087,2896
30,95,161,2,0.012422360248447204,0.0012313179347826087,2897
37,21,161,2,0.012422360248447204,0.0012313179347826087,2898
39,96,161,5,0.031055900621118012,0.0012282851319875777,2899
13,58,161,2,0.012422360248447204,0.0012282851319875777,2900
23,24,161,2,0.012422360248447204,0.0012282851319875777,2901
10,27,161,3,0.018633540372670808,0.001226768730590062,2902
22,161,161,2,0.012422360248447204,0.0012252523291925465,2903
26,113,161,2,0.012422360248447204,0.0012252523291925465,2904
37,105,161,2,0.012422360248447204,0.0012252523291925465,2905
15,201,161,1,0.006211180124223602,0.0012252523291925465,2906
34,126,161,3,0.018633540372670808,0.001223735927795031,2907
34,245,161,3,0.018633540372670808,0.001223735927795031,2908
32,138,161,4,0.024844720496894408,0.0012222195263975155,2909
33,82,161,3,0.018633540372670808,0.0012222195263975155,2910
2,3,161,2,0.012422360248447204,0.0012222195263975155,2911
2,146,161,2,0.012422360248447204,0.0012222195263975155,2912
34,125,161,2,0.012422360248447204,0.0012222195263975155,2913
37,162,161,2,0.012422360248447204,0.0012222195263975155,2914
2,144,161,2,0.012422360248447204,0.0012191867236024845,2915
21,40,161,2,0.012422360248447204,0.0012191867236024845,2916
15,88,161,2,0.012422360248447204,0.0012161539208074535,2917
23,187,161,2,0.012422360248447204,0.0012161539208074535,2918
33,56,161,3,0.018633540372670808,0.001214637519409938,2919
36,122,161,3,0.018633540372670808,0.001214637519409938,2920
29,100,161,3,0.018633540372670808,0.0012131211180124223,2921
20,32,161,2,0.012422360248447204,0.0012131211180124223,2922
20,239,161,2,0.012422360248447204,0.0012131211180124223,2923
27,108,161,2,0.012422360248447204,0.0012131211180124223,2924
4,179,161,3,0.018633540372670808,0.0012100883152173913,2925
22,251,161,2,0.012422360248447204,0.0012100883152173913,2926
32,83,161,4,0.024844720496894408,0.0012085719138198758,2927
20,104,161,2,0.012422360248447204,0.0012070555124223602,2928
28,215,161,2,0.012422360248447204,0.0012070555124223602,2929
34,95,161,2,0.012422360248447204,0.0012070555124223602,2930
9,124,161,2,0.012422360248447204,0.0012040227096273292,2931
17,220,161,2,0.012422360248447204,0.0012040227096273292,2932
19,198,161,2,0.012422360248447204,0.0012040227096273292,2933
39,50,161,2,0.012422360248447204,0.0012040227096273292,2934
36,165,161,3,0.018633540372670808,0.0012025063082298137,2935
14,138,161,2,0.012422360248447204,0.0012009899068322982,2936
31,252,161,2,0.012422360248447204,0.0012009899068322982,2937
38,206,161,2,0.012422360248447204,0.0012009899068322982,2938
7,194,161,3,0.018633540372670808,0.0011994735054347825,2939
36,177,161,2,0.012422360248447204,0.0011994735054347825,2940
4,126,161,2,0.012422360248447204,0.001197957104037267,2941
7,173,161,2,0.012422360248447204,0.001197957104037267,2942
11,7,161,2,0.012422360248447204,0.001194924301242236,2943
31,73,161,3,0.018633540372670808,0.001191891498447205,2944
13,99,161,2,0.012422360248447204,0.001191891498447205,2945
14,54,161,2,0.012422360248447204,0.001191891498447205,2946
22,146,161,2,0.012422360248447204,0.001191891498447205,2947
22,159,161,2,0.012422360248447204,0.001191891498447205,2948
6,101,161,2,0.012422360248447204,0.001188858695652174,2949
26,49,161,2,0.012422360248447204,0.001188858695652174,2950
38,95,161,2,0.012422360248447204,0.001188858695652174,2951
2,210,161,1,0.006211180124223602,0.001188858695652174,2952
12,128,161,3,0.018633540372670808,0.0011873422942546585,2953
34,92,161,3,0.018633540372670808,0.0011843094914596273,2954
17,18,161,2,0.012422360248447204,0.0011827930900621118,2955
18,231,161,2,0.012422360248447204,0.0011827930900621118,2956
30,111,161,2,0.012422360248447204,0.0011827930900621118,2957
32,158,161,2,0.012422360248447204,0.0011827930900621118,2958
1,208,161,2,0.012422360248447204,0.0011797602872670807,2959
4,23,161,2,0.012422360248447204,0.0011797602872670807,2960
23,150,161,2,0.012422360248447204,0.0011797602872670807,2961
38,244,161,2,0.012422360248447204,0.0011797602872670807,2962
9,167,161,3,0.018633540372670808,0.0011782438858695652,2963
6,16,161,1,0.006211180124223602,0.0011767274844720497,2964
2,101,161,3,0.018633540372670808,0.0011752110830745342,2965
31,194,161,3,0.018633540372670808,0.0011736946816770187,2966
10,87,161,3,0.018633540372670808,0.0011706618788819875,2967
29,17,161,2,0.012422360248447204,0.0011706618788819875,2968
36,8,161,2,0.012422360248447204,0.0011706618788819875,2969
5,72,161,2,0.012422360248447204,0.0011676290760869565,2970
29,193,161,2,0.012422360248447204,0.001166112674689441,2971
12,24,161,2,0.012422360248447204,0.0011645962732919255,2972
37,220,161,2,0.012422360248447204,0.0011645962732919255,2973
3,177,161,1,0.006211180124223602,0.0011645962732919255,2974
1,114,161,2,0.012422360248447204,0.0011615634704968945,2975
18,205,161,2,0.012422360248447204,0.0011615634704968945,2976
4,70,161,2,0.012422360248447204,0.0011585306677018633,2977
14,133,161,2,0.012422360248447204,0.0011585306677018633,2978
17,9,161,2,0.012422360248447204,0.0011585306677018633,2979
17,58,161,2,0.012422360248447204,0.0011585306677018633,2980
22,199,161,2,0.012422360248447204,0.0011585306677018633,2981
23,86,161,1,0.006211180124223602,0.0011585306677018633,2982
1,172,161,2,0.012422360248447204,0.0011554978649068323,2983
4,146,161,2,0.012422360248447204,0.0011554978649068323,2984
8,82,161,2,0.012422360248447204,0.0011554978649068323,2985
26,13,161,2,0.012422360248447204,0.0011554978649068323,2986
16,230,161,2,0.012422360248447204,0.0011524650621118012,2987
34,173,161,2,0.012422360248447204,0.0011524650621118012,2988
26,46,161,1,0.006211180124223602,0.0011524650621118012,2989
14,0,161,2,0.012422360248447204,0.0011494322593167702,2990
23,174,161,2,0.012422360248447204,0.0011494322593167702,2991
24,255,161,4,0.024844720496894408,0.0011479158579192547,2992
36,147,161,3,0.018633540372670808,0.0011479158579192547,2993
4,83,161,2,0.012422360248447204,0.0011463994565217392,2994
17,125,161,2,0.012422360248447204,0.0011463994565217392,2995
26,121,161,2,0.012422360248447204,0.0011463994565217392,2996
23,141,161,1,0.006211180124223602,0.0011463994565217392,2997
21,235,161,2,0.012422360248447204,0.001143366653726708,2998
32,225,161,2,0.012422360248447204,0.001143366653726708,2999
37,144,161,2,0.012422360248447204,0.001143366653726708,3000
1,130,161,2,0.012422360248447204,0.001140333850931677,3001
11,228,161,2,0.012422360248447204,0.001140333850931677,3002
15,97,161,2,0.012422360248447204,0.001140333850931677,3003
25,74,161,2,0.012422360248447204,0.001140333850931677,3004
2,18,161,2,0.012422360248447204,0.001137301048136646,3005
25,201,161,2,0.012422360248447204,0.001137301048136646,3006
25,229,161,2,0.012422360248447204,0.001137301048136646,3007
38,152,161,2,0.012422360248447204,0.001137301048136646,3008
35,213,161,3,0.018633540372670808,0.0011357846467391305,3009
26,155,161,3,0.018633540372670808,0.001134268245341615,3010
5,196,161,1,0.006211180124223602,0.001134268245341615,3011
24,219,161,1,0.006211180124223602,0.001134268245341615,3012
35,249,161,3,0.018633540372670808,0.0011312354425465838,3013
13,67,161,2,0.012422360248447204,0.0011312354425465838,3014
21,172,161,2,0.012422360248447204,0.0011312354425465838,3015
29,26,161,2,0.012422360248447204,0.0011312354425465838,3016
38,240,161,2,0.012422360248447204,0.0011312354425465838,3017
12,18,161,2,0.012422360248447204,0.0011282026397515528,3018
16,170,161,2,0.012422360248447204,0.0011282026397515528,3019
23,176,161,2,0.012422360248447204,0.0011282026397515528,3020
37,73,161,2,0.012422360248447204,0.0011251698369565217,3021
12,48,161,3,0.018633540372670808,0.0011221370341614907,3022
1,60,161,2,0.012422360248447204,0.0011221370341614907,3023
1,229,161,2,0.012422360248447204,0.0011191042313664597,3024
21,167,161,2,0.012422360248447204,0.0011160714285714285,3025
38,142,161,2,0.012422360248447204,0.0011160714285714285,3026
11,81,161,1,0.006211180124223602,0.0011160714285714285,3027
7,218,161,2,0.012422360248447204,0.0011130386257763975,3028
34,247,161,4,0.024844720496894408,0.001111522224378882,3029
15,16,161,2,0.012422360248447204,0.0011100058229813665,3030
22,225,161,2,0.012422360248447204,0.0011100058229813665,3031
20,54,161,1,0.006211180124223602,0.0011100058229813665,3032
36,12,161,3,0.018633540372670808,0.0011069730201863355,3033
33,87,161,2,0.012422360248447204,0.0011069730201863355,3034
32,229,161,3,0.018633540372670808,0.0011039402173913043,3035
4,63,161,2,0.012422360248447204,0.0011039402173913043,3036
5,127,161,2,0.012422360248447204,0.0011039402173913043,3037
17,206,161,1,0.006211180124223602,0.0011039402173913043,3038
33,255,161,2,0.012422360248447204,0.0011024238159937888,3039
31,242,161,3,0.018633540372670808,0.0011009074145962733,3040
19,99,161,2,0.012422360248447204,0.0011009074145962733,3041
20,170,161,2,0.012422360248447204,0.0011009074145962733,3042
23,198,161,2,0.012422360248447204,0.0011009074145962733,3043
34,183,161,2,0.012422360248447204,0.0011009074145962733,3044
25,4,161,2,0.012422360248447204,0.0010978746118012422,3045
26,94,161,2,0.012422360248447204,0.0010978746118012422,3046
5,105,161,2,0.012422360248447204,0.00109180900621118,3047
27,122,161,2,0.012422360248447204,0.00109180900621118,3048
29,158,161,2,0.012422360248447204,0.00109180900621118,3049
38,132,161,2,0.012422360248447204,0.00109180900621118,3050
7,16,161,3,0.018633540372670808,0.0010902926048136645,3051
3,207,161,2,0.012422360248447204,0.001088776203416149,3052
9,241,161,2,0.012422360248447204,0.001088776203416149,3053
27,226,161,2,0.012422360248447204,0.001088776203416149,3054
35,8,161,2,0.012422360248447204,0.001088776203416149,3055
12,98,161,2,0.012422360248447204,0.0010872598020186335,3056
14,41,161,2,0.012422360248447204,0.001085743400621118,3057
15,180,161,2,0.012422360248447204,0.001085743400621118,3058
29,209,161,2,0.012422360248447204,0.001085743400621118,3059
39,177,161,2,0.012422360248447204,0.001085743400621118,3060
21,161,161,1,0.006211180124223602,0.001085743400621118,3061
36,143,161,2,0.012422360248447204,0.0010842269992236025,3062
1,9,161,2,0.012422360248447204,0.001082710597826087,3063
1,24,161,2,0.012422360248447204,0.001082710597826087,3064
5,25,161,2,0.012422360248447204,0.001082710597826087,3065
20,60,161,2,0.012422360248447204,0.001082710597826087,3066
30,235,161,2,0.012422360248447204,0.001082710597826087,3067
1,125,161,2,0.012422360248447204,0.001079677795031056,3068
17,111,161,2,0.012422360248447204,0.001079677795031056,3069
36,251,161,2,0.012422360248447204,0.001079677795031056,3070
28,221,161,1,0.006211180124223602,0.001079677795031056,3071
3,148,161,2,0.012422360248447204,0.0010781613936335403,3072
7,72,161,3,0.018633540372670808,0.0010766449922360248,3073
2,226,161,2,0.012422360248447204,0.0010766449922360248,3074
4,224,161,2,0.012422360248447204,0.0010766449922360248,3075
10,92,161,2,0.012422360248447204,0.0010766449922360248,3076
25,186,161,2,0.012422360248447204,0.0010766449922360248,3077
26,204,161,2,0.012422360248447204,0.0010766449922360248,3078
5,246,161,2,0.012422360248447204,0.0010736121894409938,3079
34,238,161,2,0.012422360248447204,0.0010736121894409938,3080
31,85,161,3,0.018633540372670808,0.0010705793866459627,3081
21,57,161,2,0.012422360248447204,0.0010705793866459627,3082
12,149,161,3,0.018633540372670808,0.0010675465838509317,3083
4,211,161,2,0.012422360248447204,0.0010675465838509317,3084
24,225,161,2,0.012422360248447204,0.0010675465838509317,3085
37,25,161,2,0.012422360248447204,0.0010675465838509317,3086
6,103,161,3,0.018633540372670808,0.0010660301824534162,3087
29,239,161,2,0.012422360248447204,0.0010645137810559005,3088
36,101,161,2,0.012422360248447204,0.0010645137810559005,3089
5,131,161,2,0.012422360248447204,0.001062997379658385,3090
14,177,161,2,0.012422360248447204,0.0010614809782608695,3091
22,71,161,2,0.012422360248447204,0.0010584481754658385,3092
22,180,161,2,0.012422360248447204,0.0010584481754658385,3093
37,119,161,2,0.012422360248447204,0.0010584481754658385,3094
36,75,161,3,0.018633540372670808,0.001056931774068323,3095
35,179,161,2,0.012422360248447204,0.0010554153726708075,3096
2,69,161,2,0.012422360248447204,0.0010523825698757765,3097
9,223,161,2,0.012422360248447204,0.0010523825698757765,3098
18,194,161,2,0.012422360248447204,0.0010523825698757765,3099
23,162,161,2,0.012422360248447204,0.0010523825698757765,3100
26,56,161,2,0.012422360248447204,0.0010523825698757765,3101
7,47,161,2,0.012422360248447204,0.0010493497670807453,3102
37,6,161,2,0.012422360248447204,0.0010493497670807453,3103
37,199,161,2,0.012422360248447204,0.0010493497670807453,3104
5,236,161,1,0.006211180124223602,0.0010493497670807453,3105
36,68,161,3,0.018633540372670808,0.0010478333656832298,3106
31,29,161,2,0.012422360248447204,0.0010478333656832298,3107
8,158,161,2,0.012422360248447204,0.0010463169642857143,3108
20,235,161,2,0.012422360248447204,0.0010463169642857143,3109
24,187,161,2,0.012422360248447204,0.0010463169642857143,3110
26,210,161,2,0.012422360248447204,0.0010463169642857143,3111
1,168,161,3,0.018633540372670808,0.0010432841614906832,3112
21,166,161,2,0.012422360248447204,0.0010432841614906832,3113
23,45,161,2,0.012422360248447204,0.0010432841614906832,3114
36,39,161,2,0.012422360248447204,0.0010432841614906832,3115
38,120,161,2,0.012422360248447204,0.0010432841614906832,3116
18,187,161,1,0.006211180124223602,0.0010432841614906832,3117
18,219,161,1,0.006211180124223602,0.0010432841614906832,3118
16,73,161,5,0.031055900621118012,0.0010417677600931677,3119
1,98,161,2,0.012422360248447204,0.0010402513586956522,3120
2,186,161,2,0.012422360248447204,0.0010402513586956522,3121
7,100,161,2,0.012422360248447204,0.0010402513586956522,3122
15,69,161,2,0.012422360248447204,0.0010402513586956522,3123
15,125,161,2,0.012422360248447204,0.0010402513586956522,3124
19,143,161,2,0.012422360248447204,0.0010402513586956522,3125
30,56,161,2,0.012422360248447204,0.0010402513586956522,3126
35,149,161,2,0.012422360248447204,0.0010402513586956522,3127
29,131,161,3,0.018633540372670808,0.001037218555900621,3128
12,240,161,2,0.012422360248447204,0.001037218555900621,3129
15,248,161,2,0.012422360248447204,0.001037218555900621,3130
31,167,161,2,0.012422360248447204,0.001037218555900621,3131
16,194,161,1,0.006211180124223602,0.001037218555900621,3132
21,133,161,2,0.012422360248447204,0.00103418575310559,3133
35,59,161,2,0.012422360248447204,0.00103418575310559,3134
26,87,161,2,0.012422360248447204,0.001031152950310559,3135
32,169,161,2,0.012422360248447204,0.001031152950310559,3136
33,128,161,2,0.012422360248447204,0.001031152950310559,3137
22,86,161,2,0.012422360248447204,0.001028120147515528,3138
38,169,161,2,0.012422360248447204,0.001028120147515528,3139
19,68,161,3,0.018633540372670808,0.001025087344720497,3140
31,31,161,3,0.018633540372670808,0.001025087344720497,3141
3,90,161,2,0.012422360248447204,0.001025087344720497,3142
13,61,161,2,0.012422360248447204,0.001025087344720497,3143
18,38,161,2,0.012422360248447204,0.001025087344720497,3144
23,201,161,2,0.012422360248447204,0.001025087344720497,3145
26,216,161,2,0.012422360248447204,0.001025087344720497,3146
34,155,161,2,0.012422360248447204,0.001025087344720497,3147
3,229,161,2,0.012422360248447204,0.0010220545419254658,3148
18,223,161,2,0.012422360248447204,0.0010220545419254658,3149
20,195,161,2,0.012422360248447204,0.0010220545419254658,3150
39,26,161,2,0.012422360248447204,0.0010220545419254658,3151
39,121,161,2,0.012422360248447204,0.0010220545419254658,3152
6,216,161,3,0.018633540372670808,0.0010190217391304348,3153
9,250,161,1,0.006211180124223602,0.0010190217391304348,3154
34,52,161,3,0.018633540372670808,0.0010175053377329193,3155
1,136,161,2,0.012422360248447204,0.0010159889363354037,3156
8,175,161,2,0.012422360248447204,0.0010159889363354037,3157
12,69,161,2,0.012422360248447204,0.0010159889363354037,3158
18,227,161,2,0.012422360248447204,0.0010159889363354037,3159
11,102,161,2,0.012422360248447204,0.0010129561335403727,3160
14,58,161,2,0.012422360248447204,0.0010129561335403727,3161
15,135,161,2,0.012422360248447204,0.0010129561335403727,3162
20,171,161,1,0.006211180124223602,0.0010129561335403727,3163
25,123,161,1,0.006211180124223602,0.0010129561335403727,3164
19,0,161,3,0.018633540372670808,0.0010099233307453415,3165
26,43,161,2,0.012422360248447204,0.0010099233307453415,3166
16,124,161,3,0.018633540372670808,0.001008406929347826,3167
11,157,161,2,0.012422360248447204,0.0010008249223602485,3168
30,50,161,2,0.012422360248447204,0.0010008249223602485,3169
1,190,161,2,0.012422360248447204,0.0009977921195652175,3170
20,213,161,2,0.012422360248447204,0.0009977921195652175,3171
35,123,161,2,0.012422360248447204,0.0009977921195652175,3172
37,118,161,2,0.012422360248447204,0.0009977921195652175,3173
9,21,161,3,0.018633540372670808,0.0009962757181677018,3174
30,114,161,2,0.012422360248447204,0.0009947593167701863,3175
26,235,161,2,0.012422360248447204,0.0009932429153726708,3176
13,164,161,2,0.012422360248447204,0.0009917265139751553,3177
19,86,161,2,0.012422360248447204,0.0009917265139751553,3178
26,201,161,2,0.012422360248447204,0.0009917265139751553,3179
28,59,161,2,0.012422360248447204,0.0009917265139751553,3180
31,36,161,2,0.012422360248447204,0.0009917265139751553,3181
35,196,161,2,0.012422360248447204,0.0009917265139751553,3182
36,139,161,2,0.012422360248447204,0.0009917265139751553,3183
4,3,161,2,0.012422360248447204,0.0009886937111801242,3184
9,181,161,2,0.012422360248447204,0.0009886937111801242,3185
34,171,161,2,0.012422360248447204,0.0009886937111801242,3186
5,99,161,1,0.006211180124223602,0.0009886937111801242,3187
27,185,161,1,0.006211180124223602,0.0009886937111801242,3188
10,243,161,2,0.012422360248447204,0.0009856609083850932,3189
19,216,161,2,0.012422360248447204,0.0009856609083850932,3190
26,106,161,2,0.012422360248447204,0.0009856609083850932,3191
27,254,161,2,0.012422360248447204,0.0009856609083850932,3192
4,229,161,2,0.012422360248447204,0.000982628105590062,3193
4,175,161,2,0.012422360248447204,0.000979595302795031,3194
14,156,161,2,0.012422360248447204,0.000979595302795031,3195
16,213,161,2,0.012422360248447204,0.000979595302795031,3196
26,158,161,2,0.012422360248447204,0.000979595302795031,3197
31,103,161,2,0.012422360248447204,0.000979595302795031,3198
36,20,161,2,0.012422360248447204,0.000979595302795031,3199
37,164,161,2,0.012422360248447204,0.000979595302795031,3200
39,85,161,2,0.012422360248447204,0.000979595302795031,3201
8,34,161,2,0.012422360248447204,0.0009765625,3202
29,33,161,2,0.012422360248447204,0.0009765625,3203
39,75,161,2,0.012422360248447204,0.0009765625,3204
2,6,161,2,0.012422360248447204,0.000973529697204969,3205
3,0,161,2,0.012422360248447204,0.000973529697204969,3206
5,230,161,2,0.012422360248447204,0.000973529697204969,3207
36,125,161,2,0.012422360248447204,0.000973529697204969,3208
39,25,161,2,0.012422360248447204,0.000973529697204969,3209
5,23,161,2,0.012422360248447204,0.0009704968944099379,3210
21,2,161,2,0.012422360248447204,0.0009704968944099379,3211
31,230,161,2,0.012422360248447204,0.0009704968944099379,3212
32,150,161,2,0.012422360248447204,0.0009704968944099379,3213
39,82,161,2,0.012422360248447204,0.0009704968944099379,3214
1,116,161,1,0.006211180124223602,0.0009704968944099379,3215
1,212,161,1,0.006211180124223602,0.0009704968944099379,3216
16,236,161,1,0.006211180124223602,0.0009704968944099379,3217
11,106,161,2,0.012422360248447204,0.0009674640916149069,3218
14,12,161,2,0.012422360248447204,0.0009674640916149069,3219
35,85,161,2,0.012422360248447204,0.0009674640916149069,3220
35,241,161,3,0.018633540372670808,0.0009644312888198758,3221
27,136,161,2,0.012422360248447204,0.0009644312888198758,3222
17,56,161,1,0.006211180124223602,0.0009644312888198758,3223
20,0,161,2,0.012422360248447204,0.0009613984860248447,3224
22,164,161,2,0.012422360248447204,0.0009613984860248447,3225
37,19,161,2,0.012422360248447204,0.0009613984860248447,3226
10,247,161,2,0.012422360248447204,0.0009583656832298136,3227
26,138,161,1,0.006211180124223602,0.0009583656832298136,3228
19,245,161,4,0.024844720496894408,0.0009568492818322981,3229
8,15,161,2,0.012422360248447204,0.0009553328804347826,3230
32,208,161,2,0.012422360248447204,0.0009553328804347826,3231
33,17,161,2,0.012422360248447204,0.0009553328804347826,3232
36,71,161,2,0.012422360248447204,0.0009553328804347826,3233
13,6,161,2,0.012422360248447204,0.0009492672748447205,3234
17,173,161,2,0.012422360248447204,0.0009462344720496895,3235
1,238,161,1,0.006211180124223602,0.0009462344720496895,3236
7,245,161,2,0.012422360248447204,0.0009401688664596274,3237
26,164,161,2,0.012422360248447204,0.0009401688664596274,3238
21,64,161,1,0.006211180124223602,0.0009401688664596274,3239
22,234,161,1,0.006211180124223602,0.0009401688664596274,3240
32,154,161,3,0.018633540372670808,0.0009371360636645963,3241
11,226,161,2,0.012422360248447204,0.0009371360636645963,3242
39,127,161,2,0.012422360248447204,0.0009371360636645963,3243
10,166,161,3,0.018633540372670808,0.0009356196622670807,3244
11,103,161,2,0.012422360248447204,0.0009356196622670807,3245
6,177,161,2,0.012422360248447204,0.0009341032608695652,3246
8,29,161,2,0.012422360248447204,0.0009341032608695652,3247
15,23,161,2,0.012422360248447204,0.0009341032608695652,3248
27,236,161,2,0.012422360248447204,0.0009341032608695652,3249
4,10,161,1,0.006211180124223602,0.0009341032608695652,3250
18,206,161,1,0.006211180124223602,0.0009341032608695652,3251
21,84,161,1,0.006211180124223602,0.0009341032608695652,3252
32,236,161,1,0.006211180124223602,0.0009341032608695652,3253
37,57,161,1,0.006211180124223602,0.0009341032608695652,3254
8,106,161,3,0.018633540372670808,0.0009325868594720497,3255
13,70,161,2,0.012422360248447204,0.0009310704580745341,3256
18,28,161,2,0.012422360248447204,0.0009310704580745341,3257
32,89,161,2,0.012422360248447204,0.0009310704580745341,3258
38,137,161,2,0.012422360248447204,0.0009310704580745341,3259
15,3,161,2,0.012422360248447204,0.0009280376552795031,3260
30,249,161,2,0.012422360248447204,0.0009280376552795031,3261
38,110,161,2,0.012422360248447204,0.0009280376552795031,3262
4,30,161,1,0.006211180124223602,0.0009280376552795031,3263
7,99,161,1,0.006211180124223602,0.0009280376552795031,3264
9,248,161,1,0.006211180124223602,0.0009280376552795031,3265
10,154,161,2,0.012422360248447204,0.000925004852484472,3266
12,96,161,2,0.012422360248447204,0.000925004852484472,3267
26,238,161,2,0.012422360248447204,0.000925004852484472,3268
30,225,161,2,0.012422360248447204,0.000925004852484472,3269
33,242,161,2,0.012422360248447204,0.000925004852484472,3270
39,52,161,2,0.012422360248447204,0.000925004852484472,3271
23,247,161,2,0.012422360248447204,0.0009234884510869565,3272
29,145,161,2,0.012422360248447204,0.0009234884510869565,3273
33,35,161,1,0.006211180124223602,0.000921972049689441,3274
38,88,161,1,0.006211180124223602,0.000921972049689441,3275
4,35,161,2,0.012422360248447204,0.00091893924689441,3276
16,222,161,2,0.012422360248447204,0.00091893924689441,3277
27,179,161,2,0.012422360248447204,0.00091893924689441,3278
34,138,161,2,0.012422360248447204,0.00091893924689441,3279
39,217,161,2,0.012422360248447204,0.00091893924689441,3280
8,218,161,2,0.012422360248447204,0.0009159064440993789,3281
9,69,161,2,0.012422360248447204,0.0009159064440993789,3282
33,163,161,2,0.012422360248447204,0.0009159064440993789,3283
24,55,161,1,0.006211180124223602,0.0009159064440993789,3284
2,64,161,2,0.012422360248447204,0.0009128736413043479,3285
5,91,161,2,0.012422360248447204,0.0009128736413043479,3286
7,221,161,2,0.012422360248447204,0.0009128736413043479,3287
25,205,161,2,0.012422360248447204,0.0009128736413043479,3288
27,142,161,2,0.012422360248447204,0.0009098408385093168,3289
21,12,161,1,0.006211180124223602,0.0009098408385093168,3290
5,9,161,2,0.012422360248447204,0.0009068080357142857,3291
10,101,161,2,0.012422360248447204,0.0009068080357142857,3292
26,108,161,2,0.012422360248447204,0.0009068080357142857,3293
34,184,161,2,0.012422360248447204,0.0009068080357142857,3294
11,207,161,2,0.012422360248447204,0.0009052916343167701,3295
24,149,161,2,0.012422360248447204,0.0009052916343167701,3296
2,177,161,2,0.012422360248447204,0.0009037752329192546,3297
12,31,161,2,0.012422360248447204,0.0009022588315217391,3298
26,175,161,2,0.012422360248447204,0.0008992260287267081,3299
13,205,161,2,0.012422360248447204,0.0008977096273291925,3300
21,47,161,2,0.012422360248447204,0.0008977096273291925,3301
3,45,161,1,0.006211180124223602,0.0008977096273291925,3302
8,205,161,1,0.006211180124223602,0.0008977096273291925,3303
27,94,161,1,0.006211180124223602,0.0008977096273291925,3304
32,16,161,1,0.006211180124223602,0.0008977096273291925,3305
19,139,161,3,0.018633540372670808,0.000896193225931677,3306
8,108,161,2,0.012422360248447204,0.0008946768245341615,3307
31,149,161,2,0.012422360248447204,0.0008946768245341615,3308
11,78,161,2,0.012422360248447204,0.0008916440217391304,3309
33,137,161,2,0.012422360248447204,0.0008916440217391304,3310
39,92,161,2,0.012422360248447204,0.0008916440217391304,3311
5,130,161,1,0.006211180124223602,0.0008916440217391304,3312
12,10,161,1,0.006211180124223602,0.0008916440217391304,3313
12,171,161,1,0.006211180124223602,0.0008916440217391304,3314
15,206,161,1,0.006211180124223602,0.0008916440217391304,3315
22,238,161,1,0.006211180124223602,0.0008916440217391304,3316
6,128,161,2,0.012422360248447204,0.0008886112189440994,3317
27,141,161,2,0.012422360248447204,0.0008886112189440994,3318
3,166,161,2,0.012422360248447204,0.0008870948175465839,3319
6,208,161,2,0.012422360248447204,0.0008855784161490684,3320
15,252,161,2,0.012422360248447204,0.0008855784161490684,3321
11,63,161,2,0.012422360248447204,0.0008840620147515528,3322
6,85,161,2,0.012422360248447204,0.0008825456133540373,3323
16,65,161,2,0.012422360248447204,0.0008825456133540373,3324
16,78,161,2,0.012422360248447204,0.0008825456133540373,3325
34,33,161,2,0.012422360248447204,0.0008825456133540373,3326
38,213,161,2,0.012422360248447204,0.0008825456133540373,3327
28,23,161,2,0.012422360248447204,0.0008795128105590062,3328
28,143,161,1,0.006211180124223602,0.0008795128105590062,3329
19,202,161,2,0.012422360248447204,0.0008779964091614906,3330
33,19,161,2,0.012422360248447204,0.0008779964091614906,3331
30,133,161,2,0.012422360248447204,0.0008764800077639751,3332
3,55,161,2,0.012422360248447204,0.0008734472049689441,3333
24,191,161,2,0.012422360248447204,0.0008734472049689441,3334
15,4,161,1,0.006211180124223602,0.0008734472049689441,3335
18,191,161,1,0.006211180124223602,0.0008734472049689441,3336
30,103,161,1,0.006211180124223602,0.0008734472049689441,3337
31,18,161,2,0.012422360248447204,0.0008719308035714286,3338
39,80,161,2,0.012422360248447204,0.0008719308035714286,3339
26,160,161,2,0.012422360248447204,0.000870414402173913,3340
33,39,161,2,0.012422360248447204,0.0008688980007763975,3341
30,213,161,2,0.012422360248447204,0.000867381599378882,3342
9,90,161,1,0.006211180124223602,0.000867381599378882,3343
12,16,161,1,0.006211180124223602,0.000867381599378882,3344
6,231,161,2,0.012422360248447204,0.0008643487965838509,3345
31,198,161,2,0.012422360248447204,0.0008643487965838509,3346
35,70,161,2,0.012422360248447204,0.0008643487965838509,3347
7,110,161,2,0.012422360248447204,0.0008613159937888199,3348
36,14,161,2,0.012422360248447204,0.0008613159937888199,3349
11,67,161,1,0.006211180124223602,0.0008613159937888199,3350
22,224,161,1,0.006211180124223602,0.0008613159937888199,3351
24,1,161,1,0.006211180124223602,0.0008613159937888199,3352
30,93,161,2,0.012422360248447204,0.0008582831909937889,3353
35,97,161,2,0.012422360248447204,0.0008552503881987578,3354
37,172,161,2,0.012422360248447204,0.0008552503881987578,3355
37,215,161,2,0.012422360248447204,0.0008552503881987578,3356
38,98,161,2,0.012422360248447204,0.0008552503881987578,3357
3,245,161,1,0.006211180124223602,0.0008552503881987578,3358
30,215,161,2,0.012422360248447204,0.0008537339868012422,3359
27,24,161,2,0.012422360248447204,0.0008522175854037267,3360
30,49,161,2,0.012422360248447204,0.0008522175854037267,3361
38,204,161,2,0.012422360248447204,0.0008491847826086956,3362
1,87,161,1,0.006211180124223602,0.0008491847826086956,3363
17,186,161,1,0.006211180124223602,0.0008491847826086956,3364
21,37,161,1,0.006211180124223602,0.0008491847826086956,3365
34,204,161,2,0.012422360248447204,0.0008476683812111801,3366
16,7,161,2,0.012422360248447204,0.0008431191770186335,3367
4,47,161,1,0.006211180124223602,0.0008431191770186335,3368
6,147,161,2,0.012422360248447204,0.000841602775621118,3369
32,218,161,2,0.012422360248447204,0.000841602775621118,3370
33,14,161,3,0.018633540372670808,0.0008400863742236025,3371
11,96,161,2,0.012422360248447204,0.0008400863742236025,3372
33,157,161,3,0.018633540372670808,0.0008370535714285714,3373
24,17,161,2,0.012422360248447204,0.0008370535714285714,3374
36,243,161,2,0.012422360248447204,0.0008370535714285714,3375
36,94,161,2,0.012422360248447204,0.0008355371700310559,3376
10,255,161,2,0.012422360248447204,0.0008340207686335404,3377
14,207,161,2,0.012422360248447204,0.0008340207686335404,3378
27,63,161,2,0.012422360248447204,0.0008340207686335404,3379
15,225,161,2,0.012422360248447204,0.0008325043672360249,3380
17,36,161,2,0.012422360248447204,0.0008309879658385094,3381
30,115,161,2,0.012422360248447204,0.0008309879658385094,3382
9,185,161,1,0.006211180124223602,0.0008309879658385094,3383
10,12,161,1,0.006211180124223602,0.0008309879658385094,3384
5,126,161,2,0.012422360248447204,0.0008294715644409938,3385
8,183,161,2,0.012422360248447204,0.0008294715644409938,3386
8,193,161,2,0.012422360248447204,0.0008279551630434783,3387
14,153,161,2,0.012422360248447204,0.0008279551630434783,3388
23,235,161,2,0.012422360248447204,0.0008279551630434783,3389
6,221,161,2,0.012422360248447204,0.0008249223602484472,3390
15,130,161,2,0.012422360248447204,0.0008249223602484472,3391
3,116,161,1,0.006211180124223602,0.0008249223602484472,3392
35,17,161,1,0.006211180124223602,0.0008249223602484472,3393
3,76,161,2,0.012422360248447204,0.0008218895574534161,3394
7,114,161,2,0.012422360248447204,0.0008188567546583851,3395
36,222,161,2,0.012422360248447204,0.0008188567546583851,3396
22,5,161,1,0.006211180124223602,0.0008188567546583851,3397
27,249,161,1,0.006211180124223602,0.0008188567546583851,3398
28,125,161,1,0.006211180124223602,0.0008188567546583851,3399
38,224,161,1,0.006211180124223602,0.0008188567546583851,3400
8,163,161,2,0.012422360248447204,0.0008173403532608696,3401
13,231,161,2,0.012422360248447204,0.000815823951863354,3402
26,237,161,2,0.012422360248447204,0.0008143075504658385,3403
10,239,161,2,0.012422360248447204,0.000812791149068323,3404
35,66,161,2,0.012422360248447204,0.000812791149068323,3405
22,19,161,1,0.006211180124223602,0.000812791149068323,3406
30,210,161,1,0.006211180124223602,0.000812791149068323,3407
26,154,161,2,0.012422360248447204,0.0008112747476708075,3408
39,47,161,2,0.012422360248447204,0.0008112747476708075,3409
31,207,161,2,0.012422360248447204,0.0008097583462732919,3410
30,76,161,2,0.012422360248447204,0.0008082419448757764,3411
35,147,161,2,0.012422360248447204,0.0008067255434782609,3412
35,91,161,1,0.006211180124223602,0.0008067255434782609,3413
15,172,161,2,0.012422360248447204,0.0008052091420807454,3414
6,57,161,2,0.012422360248447204,0.0008021763392857143,3415
18,158,161,2,0.012422360248447204,0.0008021763392857143,3416
28,51,161,2,0.012422360248447204,0.0008021763392857143,3417
3,168,161,1,0.006211180124223602,0.0008006599378881988,3418
18,244,161,1,0.006211180124223602,0.0008006599378881988,3419
30,127,161,2,0.012422360248447204,0.0007991435364906832,3420
33,5,161,2,0.012422360248447204,0.0007991435364906832,3421
15,98,161,2,0.012422360248447204,0.0007976271350931677,3422
31,40,161,2,0.012422360248447204,0.0007976271350931677,3423
33,226,161,2,0.012422360248447204,0.0007976271350931677,3424
33,155,161,2,0.012422360248447204,0.0007961107336956521,3425
23,93,161,2,0.012422360248447204,0.0007945943322981366,3426
21,87,161,1,0.006211180124223602,0.0007945943322981366,3427
36,34,161,1,0.006211180124223602,0.0007945943322981366,3428
6,46,161,2,0.012422360248447204,0.0007915615295031056,3429
33,207,161,2,0.012422360248447204,0.00079004512810559,3430
31,17,161,2,0.012422360248447204,0.0007885287267080745,3431
3,164,161,1,0.006211180124223602,0.0007885287267080745,3432
11,160,161,1,0.006211180124223602,0.0007885287267080745,3433
13,156,161,1,0.006211180124223602,0.0007885287267080745,3434
16,19,161,1,0.006211180124223602,0.0007885287267080745,3435
21,65,161,1,0.006211180124223602,0.0007885287267080745,3436
8,23,161,2,0.012422360248447204,0.000787012325310559,3437
3,113,161,3,0.018633540372670808,0.0007854959239130435,3438
23,38,161,2,0.012422360248447204,0.0007854959239130435,3439
3,192,161,1,0.006211180124223602,0.0007824631211180124,3440
5,212,161,1,0.006211180124223602,0.0007824631211180124,3441
12,151,161,1,0.006211180124223602,0.0007824631211180124,3442
13,113,161,1,0.006211180124223602,0.0007824631211180124,3443
24,45,161,1,0.006211180124223602,0.0007824631211180124,3444
4,87,161,2,0.012422360248447204,0.0007794303183229814,3445
10,45,161,2,0.012422360248447204,0.0007763975155279503,3446
21,110,161,1,0.006211180124223602,0.0007763975155279503,3447
25,130,161,1,0.006211180124223602,0.0007763975155279503,3448
28,225,161,1,0.006211180124223602,0.0007763975155279503,3449
28,249,161,1,0.006211180124223602,0.0007763975155279503,3450
36,198,161,1,0.006211180124223602,0.0007763975155279503,3451
38,217,161,1,0.006211180124223602,0.0007763975155279503,3452
8,21,161,2,0.012422360248447204,0.0007748811141304348,3453
19,131,161,2,0.012422360248447204,0.0007748811141304348,3454
22,13,161,1,0.006211180124223602,0.0007733647127329193,3455
26,66,161,2,0.012422360248447204,0.0007718483113354037,3456
11,109,161,2,0.012422360248447204,0.0007703319099378882,3457
5,136,161,1,0.006211180124223602,0.0007703319099378882,3458
11,246,161,1,0.006211180124223602,0.0007703319099378882,3459
12,108,161,2,0.012422360248447204,0.0007688155085403726,3460
34,23,161,2,0.012422360248447204,0.0007672991071428571,3461
38,252,161,1,0.006211180124223602,0.0007672991071428571,3462
30,34,161,2,0.012422360248447204,0.0007657827057453416,3463
33,141,161,2,0.012422360248447204,0.0007657827057453416,3464
11,101,161,1,0.006211180124223602,0.0007642663043478261,3465
21,16,161,1,0.006211180124223602,0.0007642663043478261,3466
23,12,161,1,0.006211180124223602,0.0007642663043478261,3467
16,130,161,3,0.018633540372670808,0.0007627499029503105,3468
10,132,161,2,0.012422360248447204,0.000761233501552795,3469
32,0,161,2,0.012422360248447204,0.000761233501552795,3470
5,106,161,1,0.006211180124223602,0.000761233501552795,3471
12,99,161,1,0.006211180124223602,0.000761233501552795,3472
22,52,161,1,0.006211180124223602,0.000761233501552795,3473
7,63,161,2,0.012422360248447204,0.0007597171001552795,3474
15,100,161,2,0.012422360248447204,0.000758200698757764,3475
23,122,161,2,0.012422360248447204,0.000758200698757764,3476
29,210,161,2,0.012422360248447204,0.000758200698757764,3477
6,50,161,1,0.006211180124223602,0.000758200698757764,3478
9,142,161,1,0.006211180124223602,0.000758200698757764,3479
13,103,161,1,0.006211180124223602,0.000758200698757764,3480
17,13,161,1,0.006211180124223602,0.000758200698757764,3481
28,79,161,1,0.006211180124223602,0.000758200698757764,3482
6,175,161,3,0.018633540372670808,0.0007574424980590062,3483
20,127,161,2,0.012422360248447204,0.0007566842973602485,3484
21,163,161,2,0.012422360248447204,0.0007551678959627329,3485
36,61,161,2,0.012422360248447204,0.0007551678959627329,3486
5,210,161,1,0.006211180124223602,0.0007551678959627329,3487
15,77,161,1,0.006211180124223602,0.0007551678959627329,3488
35,71,161,2,0.012422360248447204,0.0007536514945652174,3489
21,246,161,1,0.006211180124223602,0.0007521350931677019,3490
22,203,161,1,0.006211180124223602,0.0007521350931677019,3491
25,252,161,1,0.006211180124223602,0.0007521350931677019,3492
33,103,161,1,0.006211180124223602,0.0007521350931677019,3493
36,178,161,2,0.012422360248447204,0.0007506186917701864,3494
31,183,161,2,0.012422360248447204,0.0007491022903726708,3495
10,144,161,1,0.006211180124223602,0.0007491022903726708,3496
22,147,161,1,0.006211180124223602,0.0007491022903726708,3497
27,227,161,1,0.006211180124223602,0.0007491022903726708,3498
28,8,161,1,0.006211180124223602,0.0007491022903726708,3499
18,123,161,2,0.012422360248447204,0.0007460694875776398,3500
39,155,161,2,0.012422360248447204,0.0007460694875776398,3501
9,172,161,1,0.006211180124223602,0.0007460694875776398,3502
13,142,161,1,0.006211180124223602,0.0007460694875776398,3503
21,218,161,1,0.006211180124223602,0.0007460694875776398,3504
31,113,161,2,0.012422360248447204,0.0007430366847826087,3505
9,72,161,1,0.006211180124223602,0.0007430366847826087,3506
15,80,161,1,0.006211180124223602,0.0007430366847826087,3507
20,93,161,1,0.006211180124223602,0.0007430366847826087,3508
37,45,161,1,0.006211180124223602,0.0007430366847826087,3509
31,217,161,2,0.012422360248447204,0.0007400038819875776,3510
1,139,161,1,0.006211180124223602,0.0007400038819875776,3511
32,67,161,1,0.006211180124223602,0.0007400038819875776,3512
12,155,161,2,0.012422360248447204,0.0007339382763975155,3513
1,28,161,1,0.006211180124223602,0.0007339382763975155,3514
1,227,161,1,0.006211180124223602,0.0007339382763975155,3515
9,81,161,1,0.006211180124223602,0.0007339382763975155,3516
12,86,161,1,0.006211180124223602,0.0007339382763975155,3517
12,210,161,1,0.006211180124223602,0.0007339382763975155,3518
21,122,161,1,0.006211180124223602,0.0007339382763975155,3519
3,80,161,1,0.006211180124223602,0.0007309054736024845,3520
1,29,161,1,0.006211180124223602,0.0007278726708074534,3521
11,154,161,1,0.006211180124223602,0.0007278726708074534,3522
12,12,161,1,0.006211180124223602,0.0007278726708074534,3523
33,73,161,1,0.006211180124223602,0.0007278726708074534,3524
12,100,161,2,0.012422360248447204,0.0007263562694099379,3525
35,89,161,2,0.012422360248447204,0.0007248398680124224,3526
19,255,161,3,0.018633540372670808,0.0007218070652173913,3527
2,43,161,1,0.006211180124223602,0.0007218070652173913,3528
4,139,161,1,0.006211180124223602,0.0007218070652173913,3529
9,68,161,1,0.006211180124223602,0.0007218070652173913,3530
20,97,161,1,0.006211180124223602,0.0007218070652173913,3531
35,215,161,1,0.006211180124223602,0.0007218070652173913,3532
36,173,161,1,0.006211180124223602,0.0007218070652173913,3533
1,143,161,1,0.006211180124223602,0.0007187742624223602,3534
6,194,161,1,0.006211180124223602,0.0007187742624223602,3535
16,149,161,1,0.006211180124223602,0.0007187742624223602,3536
38,33,161,1,0.006211180124223602,0.0007187742624223602,3537
35,115,161,2,0.012422360248447204,0.0007172578610248447,3538
39,34,161,2,0.012422360248447204,0.0007172578610248447,3539
4,127,161,1,0.006211180124223602,0.0007157414596273292,3540
10,7,161,1,0.006211180124223602,0.0007157414596273292,3541
37,47,161,1,0.006211180124223602,0.0007157414596273292,3542
4,61,161,1,0.006211180124223602,0.0007127086568322981,3543
8,36,161,1,0.006211180124223602,0.0007127086568322981,3544
8,191,161,1,0.006211180124223602,0.0007127086568322981,3545
10,86,161,1,0.006211180124223602,0.0007127086568322981,3546
9,151,161,2,0.012422360248447204,0.0007111922554347826,3547
16,214,161,2,0.012422360248447204,0.0007111922554347826,3548
33,158,161,2,0.012422360248447204,0.0007111922554347826,3549
28,3,161,2,0.012422360248447204,0.0007096758540372671,3550
9,199,161,1,0.006211180124223602,0.0007096758540372671,3551
14,130,161,1,0.006211180124223602,0.0007096758540372671,3552
17,232,161,1,0.006211180124223602,0.0007096758540372671,3553
35,237,161,1,0.006211180124223602,0.0007096758540372671,3554
13,220,161,1,0.006211180124223602,0.000706643051242236,3555
17,143,161,1,0.006211180124223602,0.000706643051242236,3556
19,65,161,1,0.006211180124223602,0.000706643051242236,3557
20,130,161,1,0.006211180124223602,0.000706643051242236,3558
31,162,161,1,0.006211180124223602,0.000706643051242236,3559
5,225,161,1,0.006211180124223602,0.000703610248447205,3560
14,75,161,1,0.006211180124223602,0.000703610248447205,3561
20,209,161,1,0.006211180124223602,0.000703610248447205,3562
37,129,161,1,0.006211180124223602,0.000703610248447205,3563
11,227,161,1,0.006211180124223602,0.0007005774456521739,3564
14,186,161,1,0.006211180124223602,0.0007005774456521739,3565
23,202,161,1,0.006211180124223602,0.0007005774456521739,3566
24,6,161,1,0.006211180124223602,0.0007005774456521739,3567
21,176,161,1,0.006211180124223602,0.0006975446428571429,3568
22,248,161,1,0.006211180124223602,0.0006975446428571429,3569
38,214,161,1,0.006211180124223602,0.0006975446428571429,3570
15,185,161,2,0.012422360248447204,0.0006960282414596274,3571
8,9,161,2,0.012422360248447204,0.0006945118400621118,3572
5,154,161,1,0.006211180124223602,0.0006945118400621118,3573
27,206,161,1,0.006211180124223602,0.0006945118400621118,3574
28,116,161,1,0.006211180124223602,0.0006945118400621118,3575
33,241,161,1,0.006211180124223602,0.0006945118400621118,3576
34,101,161,2,0.012422360248447204,0.0006914790372670807,3577
14,146,161,1,0.006211180124223602,0.0006914790372670807,3578
18,90,161,1,0.006211180124223602,0.0006914790372670807,3579
19,18,161,1,0.006211180124223602,0.0006914790372670807,3580
20,94,161,1,0.006211180124223602,0.0006914790372670807,3581
21,46,161,1,0.006211180124223602,0.0006914790372670807,3582
35,119,161,1,0.006211180124223602,0.0006914790372670807,3583
14,25,161,1,0.006211180124223602,0.0006884462344720497,3584
17,194,161,1,0.006211180124223602,0.0006884462344720497,3585
19,174,161,1,0.006211180124223602,0.0006884462344720497,3586
21,3,161,1,0.006211180124223602,0.0006884462344720497,3587
25,243,161,1,0.006211180124223602,0.0006884462344720497,3588
28,184,161,1,0.006211180124223602,0.0006884462344720497,3589
8,229,161,2,0.012422360248447204,0.0006869298330745341,3590
35,1,161,2,0.012422360248447204,0.0006854134316770186,3591
10,226,161,1,0.006211180124223602,0.0006854134316770186,3592
10,234,161,1,0.006211180124223602,0.0006854134316770186,3593
20,244,161,1,0.006211180124223602,0.0006854134316770186,3594
22,133,161,1,0.006211180124223602,0.0006854134316770186,3595
10,81,161,1,0.006211180124223602,0.0006823806288819876,3596
19,192,161,1,0.006211180124223602,0.0006823806288819876,3597
21,197,161,1,0.006211180124223602,0.0006823806288819876,3598
23,248,161,1,0.006211180124223602,0.0006823806288819876,3599
27,28,161,1,0.006211180124223602,0.0006823806288819876,3600
34,135,161,1,0.006211180124223602,0.0006823806288819876,3601
27,147,161,2,0.012422360248447204,0.000680864227484472,3602
15,85,161,2,0.012422360248447204,0.0006793478260869565,3603
3,67,161,1,0.006211180124223602,0.0006793478260869565,3604
4,82,161,1,0.006211180124223602,0.0006793478260869565,3605
8,126,161,1,0.006211180124223602,0.0006793478260869565,3606
2,166,161,1,0.006211180124223602,0.0006763150232919255,3607
19,115,161,1,0.006211180124223602,0.0006763150232919255,3608
21,25,161,1,0.006211180124223602,0.0006763150232919255,3609
39,134,161,1,0.006211180124223602,0.0006763150232919255,3610
39,105,161,2,0.012422360248447204,0.0006732822204968944,3611
7,127,161,1,0.006211180124223602,0.0006732822204968944,3612
9,80,161,1,0.006211180124223602,0.0006732822204968944,3613
12,28,161,1,0.006211180124223602,0.0006732822204968944,3614
24,154,161,1,0.006211180124223602,0.0006732822204968944,3615
29,47,161,1,0.006211180124223602,0.0006732822204968944,3616
36,192,161,1,0.006211180124223602,0.0006732822204968944,3617
37,193,161,1,0.006211180124223602,0.0006732822204968944,3618
31,172,161,2,0.012422360248447204,0.0006717658190993789,3619
2,205,161,1,0.006211180124223602,0.0006702494177018634,3620
29,218,161,1,0.006211180124223602,0.0006702494177018634,3621
38,77,161,1,0.006211180124223602,0.0006702494177018634,3622
27,178,161,2,0.012422360248447204,0.0006687330163043479,3623
36,183,161,2,0.012422360248447204,0.0006687330163043479,3624
3,153,161,1,0.006211180124223602,0.0006672166149068323,3625
5,70,161,1,0.006211180124223602,0.0006672166149068323,3626
9,177,161,1,0.006211180124223602,0.0006672166149068323,3627
12,144,161,1,0.006211180124223602,0.0006672166149068323,3628
18,21,161,1,0.006211180124223602,0.0006672166149068323,3629
24,2,161,1,0.006211180124223602,0.0006672166149068323,3630
26,64,161,1,0.006211180124223602,0.0006672166149068323,3631
6,82,161,2,0.012422360248447204,0.0006641838121118012,3632
4,235,161,1,0.006211180124223602,0.0006641838121118012,3633
14,96,161,1,0.006211180124223602,0.0006641838121118012,3634
19,142,161,1,0.006211180124223602,0.0006641838121118012,3635
23,64,161,1,0.006211180124223602,0.0006641838121118012,3636
35,223,161,1,0.006211180124223602,0.0006641838121118012,3637
10,184,161,1,0.006211180124223602,0.0006611510093167701,3638
27,38,161,1,0.006211180124223602,0.0006611510093167701,3639
36,54,161,2,0.012422360248447204,0.0006596346079192546,3640
31,243,161,2,0.012422360248447204,0.0006581182065217391,3641
33,66,161,2,0.012422360248447204,0.0006581182065217391,3642
2,238,161,1,0.006211180124223602,0.0006581182065217391,3643
25,61,161,1,0.006211180124223602,0.0006581182065217391,3644
28,67,161,1,0.006211180124223602,0.0006581182065217391,3645
12,178,161,2,0.012422360248447204,0.0006566018051242236,3646
35,24,161,2,0.012422360248447204,0.0006550854037267081,3647
4,245,161,1,0.006211180124223602,0.0006550854037267081,3648
2,163,161,1,0.006211180124223602,0.000652052600931677,3649
5,67,161,1,0.006211180124223602,0.000652052600931677,3650
21,99,161,1,0.006211180124223602,0.000652052600931677,3651
4,242,161,1,0.006211180124223602,0.000649019798136646,3652
10,219,161,1,0.006211180124223602,0.000649019798136646,3653
12,132,161,1,0.006211180124223602,0.000649019798136646,3654
19,88,161,1,0.006211180124223602,0.000649019798136646,3655
6,51,161,1,0.006211180124223602,0.0006459869953416149,3656
9,117,161,1,0.006211180124223602,0.0006459869953416149,3657
11,201,161,1,0.006211180124223602,0.0006459869953416149,3658
14,44,161,1,0.006211180124223602,0.0006459869953416149,3659
32,17,161,1,0.006211180124223602,0.0006459869953416149,3660
34,123,161,1,0.006211180124223602,0.0006459869953416149,3661
4,203,161,1,0.006211180124223602,0.0006429541925465839,3662
9,240,161,1,0.006211180124223602,0.0006429541925465839,3663
19,227,161,1,0.006211180124223602,0.0006429541925465839,3664
23,164,161,1,0.006211180124223602,0.0006429541925465839,3665
28,66,161,1,0.006211180124223602,0.0006429541925465839,3666
28,117,161,1,0.006211180124223602,0.0006429541925465839,3667
36,22,161,2,0.012422360248447204,0.0006399213897515528,3668
3,52,161,1,0.006211180124223602,0.0006399213897515528,3669
5,183,161,1,0.006211180124223602,0.0006399213897515528,3670
10,157,161,1,0.006211180124223602,0.0006399213897515528,3671
23,169,161,1,0.006211180124223602,0.0006399213897515528,3672
33,36,161,1,0.006211180124223602,0.0006399213897515528,3673
37,179,161,1,0.006211180124223602,0.0006399213897515528,3674
1,199,161,1,0.006211180124223602,0.0006368885869565217,3675
2,75,161,1,0.006211180124223602,0.0006368885869565217,3676
5,179,161,1,0.006211180124223602,0.0006368885869565217,3677
10,217,161,1,0.006211180124223602,0.0006368885869565217,3678
24,213,161,1,0.006211180124223602,0.0006368885869565217,3679
32,91,161,1,0.006211180124223602,0.0006368885869565217,3680
34,54,161,1,0.006211180124223602,0.0006368885869565217,3681
37,205,161,1,0.006211180124223602,0.0006368885869565217,3682
39,229,161,1,0.006211180124223602,0.0006368885869565217,3683
11,196,161,2,0.012422360248447204,0.0006353721855590062,3684
4,71,161,1,0.006211180124223602,0.0006338557841614906,3685
8,91,161,1,0.006211180124223602,0.0006338557841614906,3686
18,228,161,1,0.006211180124223602,0.0006338557841614906,3687
25,235,161,1,0.006211180124223602,0.0006338557841614906,3688
28,111,161,1,0.006211180124223602,0.0006338557841614906,3689
30,201,161,1,0.006211180124223602,0.0006338557841614906,3690
35,183,161,1,0.006211180124223602,0.0006338557841614906,3691
3,58,161,1,0.006211180124223602,0.0006308229813664596,3692
3,65,161,1,0.006211180124223602,0.0006308229813664596,3693
11,161,161,1,0.006211180124223602,0.0006308229813664596,3694
13,28,161,1,0.006211180124223602,0.0006308229813664596,3695
22,18,161,1,0.006211180124223602,0.0006308229813664596,3696
22,62,161,1,0.006211180124223602,0.0006308229813664596,3697
28,58,161,1,0.006211180124223602,0.0006308229813664596,3698
32,108,161,1,0.006211180124223602,0.0006308229813664596,3699
15,181,161,2,0.012422360248447204,0.0006293065799689441,3700
4,49,161,1,0.006211180124223602,0.0006277901785714286,3701
4,77,161,1,0.006211180124223602,0.0006277901785714286,3702
5,234,161,1,0.006211180124223602,0.0006277901785714286,3703
13,50,161,1,0.006211180124223602,0.0006277901785714286,3704
23,254,161,1,0.006211180124223602,0.0006277901785714286,3705
34,21,161,1,0.006211180124223602,0.0006277901785714286,3706
32,6,161,2,0.012422360248447204,0.000626273777173913,3707
1,45,161,1,0.006211180124223602,0.0006247573757763975,3708
2,16,161,1,0.006211180124223602,0.0006247573757763975,3709
2,224,161,1,0.006211180124223602,0.0006247573757763975,3710
3,15,161,1,0.006211180124223602,0.0006247573757763975,3711
12,236,161,1,0.006211180124223602,0.0006247573757763975,3712
16,103,161,1,0.006211180124223602,0.0006247573757763975,3713
20,248,161,1,0.006211180124223602,0.0006247573757763975,3714
27,52,161,1,0.006211180124223602,0.0006247573757763975,3715
31,92,161,1,0.006211180124223602,0.0006247573757763975,3716
37,81,161,1,0.006211180124223602,0.0006247573757763975,3717
2,129,161,1,0.006211180124223602,0.0006217245729813665,3718
18,251,161,1,0.006211180124223602,0.0006217245729813665,3719
33,149,161,1,0.006211180124223602,0.0006217245729813665,3720
38,42,161,1,0.006211180124223602,0.0006217245729813665,3721
9,96,161,2,0.012422360248447204,0.0006186917701863354,3722
1,248,161,1,0.006211180124223602,0.0006186917701863354,3723
2,85,161,1,0.006211180124223602,0.0006186917701863354,3724
2,201,161,1,0.006211180124223602,0.0006186917701863354,3725
6,200,161,1,0.006211180124223602,0.0006186917701863354,3726
22,211,161,1,0.006211180124223602,0.0006186917701863354,3727
23,173,161,1,0.006211180124223602,0.0006186917701863354,3728
24,24,161,1,0.006211180124223602,0.0006186917701863354,3729
31,216,161,1,0.006211180124223602,0.0006186917701863354,3730
7,68,161,2,0.012422360248447204,0.0006171753687888199,3731
4,12,161,1,0.006211180124223602,0.0006156589673913044,3732
9,13,161,1,0.006211180124223602,0.0006156589673913044,3733
12,22,161,1,0.006211180124223602,0.0006156589673913044,3734
14,234,161,1,0.006211180124223602,0.0006156589673913044,3735
17,40,161,1,0.006211180124223602,0.0006156589673913044,3736
18,73,161,1,0.006211180124223602,0.0006156589673913044,3737
22,35,161,1,0.006211180124223602,0.0006156589673913044,3738
22,135,161,1,0.006211180124223602,0.0006156589673913044,3739
24,151,161,1,0.006211180124223602,0.0006156589673913044,3740
27,126,161,1,0.006211180124223602,0.0006156589673913044,3741
29,79,161,1,0.006211180124223602,0.0006156589673913044,3742
29,195,161,1,0.006211180124223602,0.0006156589673913044,3743
31,185,161,1,0.006211180124223602,0.0006156589673913044,3744
38,114,161,1,0.006211180124223602,0.0006156589673913044,3745
39,19,161,1,0.006211180124223602,0.0006156589673913044,3746
1,80,161,1,0.006211180124223602,0.0006126261645962733,3747
6,160,161,1,0.006211180124223602,0.0006126261645962733,3748
9,183,161,1,0.006211180124223602,0.0006126261645962733,3749
12,117,161,1,0.006211180124223602,0.0006126261645962733,3750
25,234,161,1,0.006211180124223602,0.0006126261645962733,3751
27,102,161,1,0.006211180124223602,0.0006126261645962733,3752
37,157,161,1,0.006211180124223602,0.0006126261645962733,3753
38,208,161,1,0.006211180124223602,0.0006126261645962733,3754
19,5,161,2,0.012422360248447204,0.0006111097631987578,3755
1,251,161,1,0.006211180124223602,0.0006095933618012422,3756
4,125,161,1,0.006211180124223602,0.0006095933618012422,3757
10,34,161,1,0.006211180124223602,0.0006095933618012422,3758
10,149,161,1,0.006211180124223602,0.0006095933618012422,3759
13,92,161,1,0.006211180124223602,0.0006095933618012422,3760
23,183,161,1,0.006211180124223602,0.0006095933618012422,3761
25,11,161,1,0.006211180124223602,0.0006095933618012422,3762
28,83,161,1,0.006211180124223602,0.0006095933618012422,3763
28,113,161,1,0.006211180124223602,0.0006095933618012422,3764
36,60,161,1,0.006211180124223602,0.0006095933618012422,3765
37,60,161,1,0.006211180124223602,0.0006095933618012422,3766
39,164,161,1,0.006211180124223602,0.0006095933618012422,3767
16,184,161,2,0.012422360248447204,0.0006065605590062111,3768
2,39,161,1,0.006211180124223602,0.0006065605590062111,3769
2,187,161,1,0.006211180124223602,0.0006065605590062111,3770
6,5,161,1,0.006211180124223602,0.0006065605590062111,3771
10,91,161,1,0.006211180124223602,0.0006065605590062111,3772
20,103,161,1,0.006211180124223602,0.0006065605590062111,3773
28,162,161,1,0.006211180124223602,0.0006065605590062111,3774
1,122,161,1,0.006211180124223602,0.0006035277562111801,3775
7,163,161,1,0.006211180124223602,0.0006035277562111801,3776
11,159,161,1,0.006211180124223602,0.0006035277562111801,3777
13,178,161,1,0.006211180124223602,0.0006035277562111801,3778
14,55,161,1,0.006211180124223602,0.0006035277562111801,3779
18,217,161,1,0.006211180124223602,0.0006035277562111801,3780
19,233,161,1,0.006211180124223602,0.0006035277562111801,3781
22,206,161,1,0.006211180124223602,0.0006035277562111801,3782
25,21,161,1,0.006211180124223602,0.0006035277562111801,3783
26,120,161,1,0.006211180124223602,0.0006035277562111801,3784
31,233,161,1,0.006211180124223602,0.0006035277562111801,3785
33,81,161,1,0.006211180124223602,0.0006035277562111801,3786
38,141,161,1,0.006211180124223602,0.0006035277562111801,3787
1,137,161,1,0.006211180124223602,0.0006004949534161491,3788
2,151,161,1,0.006211180124223602,0.0006004949534161491,3789
6,145,161,1,0.006211180124223602,0.0006004949534161491,3790
11,221,161,1,0.006211180124223602,0.0006004949534161491,3791
19,207,161,1,0.006211180124223602,0.0006004949534161491,3792
20,90,161,1,0.006211180124223602,0.0006004949534161491,3793
22,96,161,1,0.006211180124223602,0.0006004949534161491,3794
22,230,161,1,0.006211180124223602,0.0006004949534161491,3795
33,61,161,1,0.006211180124223602,0.0006004949534161491,3796
3,56,161,1,0.006211180124223602,0.000597462150621118,3797
4,238,161,1,0.006211180124223602,0.000597462150621118,3798
5,254,161,1,0.006211180124223602,0.000597462150621118,3799
20,147,161,1,0.006211180124223602,0.000597462150621118,3800
26,229,161,1,0.006211180124223602,0.000597462150621118,3801
30,253,161,1,0.006211180124223602,0.000597462150621118,3802
37,255,161,1,0.006211180124223602,0.000597462150621118,3803
32,198,161,2,0.012422360248447204,0.000594429347826087,3804
4,177,161,1,0.006211180124223602,0.000594429347826087,3805
6,148,161,1,0.006211180124223602,0.000594429347826087,3806
9,132,161,1,0.006211180124223602,0.000594429347826087,3807
14,255,161,1,0.006211180124223602,0.000594429347826087,3808
17,158,161,1,0.006211180124223602,0.000594429347826087,3809
18,32,161,1,0.006211180124223602,0.000594429347826087,3810
20,58,161,1,0.006211180124223602,0.000594429347826087,3811
26,92,161,1,0.006211180124223602,0.000594429347826087,3812
26,181,161,1,0.006211180124223602,0.000594429347826087,3813
32,253,161,1,0.006211180124223602,0.000594429347826087,3814
1,126,161,1,0.006211180124223602,0.0005913965450310559,3815
6,122,161,1,0.006211180124223602,0.0005913965450310559,3816
7,17,161,1,0.006211180124223602,0.0005913965450310559,3817
20,107,161,1,0.006211180124223602,0.0005913965450310559,3818
23,227,161,1,0.006211180124223602,0.0005913965450310559,3819
26,249,161,1,0.006211180124223602,0.0005913965450310559,3820
34,158,161,1,0.006211180124223602,0.0005913965450310559,3821
36,116,161,1,0.006211180124223602,0.0005913965450310559,3822
36,224,161,1,0.006211180124223602,0.0005913965450310559,3823
29,90,161,2,0.012422360248447204,0.0005898801436335404,3824
3,146,161,1,0.006211180124223602,0.0005883637422360249,3825
9,206,161,1,0.006211180124223602,0.0005883637422360249,3826
13,246,161,1,0.006211180124223602,0.0005883637422360249,3827
25,161,161,1,0.006211180124223602,0.0005883637422360249,3828
31,120,161,1,0.006211180124223602,0.0005883637422360249,3829
39,129,161,1,0.006211180124223602,0.0005883637422360249,3830
1,17,161,1,0.006211180124223602,0.0005853309394409938,3831
1,68,161,1,0.006211180124223602,0.0005853309394409938,3832
1,160,161,1,0.006211180124223602,0.0005853309394409938,3833
8,24,161,1,0.006211180124223602,0.0005853309394409938,3834
8,188,161,1,0.006211180124223602,0.0005853309394409938,3835
9,232,161,1,0.006211180124223602,0.0005853309394409938,3836
17,201,161,1,0.006211180124223602,0.0005853309394409938,3837
22,4,161,1,0.006211180124223602,0.0005853309394409938,3838
22,73,161,1,0.006211180124223602,0.0005853309394409938,3839
28,95,161,1,0.006211180124223602,0.0005853309394409938,3840
34,178,161,1,0.006211180124223602,0.0005853309394409938,3841
38,9,161,1,0.006211180124223602,0.0005853309394409938,3842
1,127,161,1,0.006211180124223602,0.0005822981366459627,3843
1,215,161,1,0.006211180124223602,0.0005822981366459627,3844
4,124,161,1,0.006211180124223602,0.0005822981366459627,3845
9,218,161,1,0.006211180124223602,0.0005822981366459627,3846
13,60,161,1,0.006211180124223602,0.0005822981366459627,3847
18,12,161,1,0.006211180124223602,0.0005822981366459627,3848
20,11,161,1,0.006211180124223602,0.0005822981366459627,3849
1,15,161,1,0.006211180124223602,0.0005792653338509316,3850
1,148,161,1,0.006211180124223602,0.0005792653338509316,3851
1,246,161,1,0.006211180124223602,0.0005792653338509316,3852
4,2,161,1,0.006211180124223602,0.0005792653338509316,3853
7,153,161,1,0.006211180124223602,0.0005792653338509316,3854
17,239,161,1,0.006211180124223602,0.0005792653338509316,3855
21,217,161,1,0.006211180124223602,0.0005792653338509316,3856
11,152,161,1,0.006211180124223602,0.0005762325310559006,3857
17,243,161,1,0.006211180124223602,0.0005762325310559006,3858
18,44,161,1,0.006211180124223602,0.0005762325310559006,3859
20,200,161,1,0.006211180124223602,0.0005762325310559006,3860
25,26,161,1,0.006211180124223602,0.0005762325310559006,3861
26,36,161,1,0.006211180124223602,0.0005762325310559006,3862
36,212,161,1,0.006211180124223602,0.0005762325310559006,3863
10,58,161,2,0.012422360248447204,0.0005747161296583851,3864
5,168,161,1,0.006211180124223602,0.0005731997282608696,3865
9,113,161,1,0.006211180124223602,0.0005731997282608696,3866
11,146,161,1,0.006211180124223602,0.0005731997282608696,3867
22,101,161,1,0.006211180124223602,0.0005731997282608696,3868
25,237,161,1,0.006211180124223602,0.0005731997282608696,3869
32,75,161,1,0.006211180124223602,0.0005731997282608696,3870
37,61,161,1,0.006211180124223602,0.0005731997282608696,3871
12,7,161,2,0.012422360248447204,0.0005701669254658385,3872
1,7,161,1,0.006211180124223602,0.0005701669254658385,3873
3,249,161,1,0.006211180124223602,0.0005701669254658385,3874
10,76,161,1,0.006211180124223602,0.0005701669254658385,3875
17,104,161,1,0.006211180124223602,0.0005701669254658385,3876
27,139,161,1,0.006211180124223602,0.0005701669254658385,3877
27,167,161,1,0.006211180124223602,0.0005701669254658385,3878
32,63,161,1,0.006211180124223602,0.0005701669254658385,3879
34,100,161,1,0.006211180124223602,0.0005701669254658385,3880
10,167,161,1,0.006211180124223602,0.0005671341226708075,3881
11,93,161,1,0.006211180124223602,0.0005671341226708075,3882
14,102,161,1,0.006211180124223602,0.0005671341226708075,3883
22,9,161,1,0.006211180124223602,0.0005671341226708075,3884
24,128,161,1,0.006211180124223602,0.0005671341226708075,3885
32,153,161,1,0.006211180124223602,0.0005671341226708075,3886
39,235,161,1,0.006211180124223602,0.0005671341226708075,3887
7,147,161,1,0.006211180124223602,0.0005641013198757764,3888
15,136,161,1,0.006211180124223602,0.0005641013198757764,3889
18,0,161,1,0.006211180124223602,0.0005641013198757764,3890
21,130,161,1,0.006211180124223602,0.0005641013198757764,3891
22,192,161,1,0.006211180124223602,0.0005641013198757764,3892
28,182,161,1,0.006211180124223602,0.0005641013198757764,3893
32,72,161,1,0.006211180124223602,0.0005641013198757764,3894
32,164,161,1,0.006211180124223602,0.0005641013198757764,3895
24,165,161,2,0.012422360248447204,0.0005625849184782609,3896
2,215,161,1,0.006211180124223602,0.0005610685170807454,3897
3,167,161,1,0.006211180124223602,0.0005610685170807454,3898
5,62,161,1,0.006211180124223602,0.0005610685170807454,3899
5,199,161,1,0.006211180124223602,0.0005610685170807454,3900
11,37,161,1,0.006211180124223602,0.0005610685170807454,3901
14,69,161,1,0.006211180124223602,0.0005610685170807454,3902
17,21,161,1,0.006211180124223602,0.0005610685170807454,3903
19,1,161,1,0.006211180124223602,0.0005610685170807454,3904
19,204,161,1,0.006211180124223602,0.0005610685170807454,3905
19,237,161,1,0.006211180124223602,0.0005610685170807454,3906
27,90,161,1,0.006211180124223602,0.0005610685170807454,3907
35,175,161,1,0.006211180124223602,0.0005610685170807454,3908
1,74,161,1,0.006211180124223602,0.0005580357142857143,3909
1,177,161,1,0.006211180124223602,0.0005580357142857143,3910
10,227,161,1,0.006211180124223602,0.0005580357142857143,3911
18,253,161,1,0.006211180124223602,0.0005580357142857143,3912
23,225,161,1,0.006211180124223602,0.0005580357142857143,3913
24,231,161,1,0.006211180124223602,0.0005580357142857143,3914
30,98,161,1,0.006211180124223602,0.0005580357142857143,3915
33,249,161,1,0.006211180124223602,0.0005580357142857143,3916
5,85,161,1,0.006211180124223602,0.0005550029114906832,3917
7,4,161,1,0.006211180124223602,0.0005550029114906832,3918
21,137,161,1,0.006211180124223602,0.0005550029114906832,3919
22,215,161,1,0.006211180124223602,0.0005550029114906832,3920
23,102,161,1,0.006211180124223602,0.0005550029114906832,3921
39,102,161,1,0.006211180124223602,0.0005550029114906832,3922
1,14,161,1,0.006211180124223602,0.0005519701086956521,3923
3,8,161,1,0.006211180124223602,0.0005519701086956521,3924
3,211,161,1,0.006211180124223602,0.0005519701086956521,3925
11,168,161,1,0.006211180124223602,0.0005519701086956521,3926
13,122,161,1,0.006211180124223602,0.0005519701086956521,3927
18,29,161,1,0.006211180124223602,0.0005519701086956521,3928
22,130,161,1,0.006211180124223602,0.0005519701086956521,3929
1,161,161,1,0.006211180124223602,0.0005489373059006211,3930
5,65,161,1,0.006211180124223602,0.0005489373059006211,3931
7,137,161,1,0.006211180124223602,0.0005489373059006211,3932
7,196,161,1,0.006211180124223602,0.0005489373059006211,3933
13,42,161,1,0.006211180124223602,0.0005489373059006211,3934
19,161,161,1,0.006211180124223602,0.0005489373059006211,3935
20,41,161,1,0.006211180124223602,0.0005489373059006211,3936
20,246,161,1,0.006211180124223602,0.0005489373059006211,3937
24,199,161,1,0.006211180124223602,0.0005489373059006211,3938
36,113,161,1,0.006211180124223602,0.0005489373059006211,3939
39,243,161,3,0.018633540372670808,0.0005466627038043479,3940
5,31,161,1,0.006211180124223602,0.00054590450310559,3941
11,60,161,1,0.006211180124223602,0.00054590450310559,3942
12,176,161,1,0.006211180124223602,0.00054590450310559,3943
13,166,161,1,0.006211180124223602,0.00054590450310559,3944
21,93,161,1,0.006211180124223602,0.00054590450310559,3945
22,231,161,1,0.006211180124223602,0.00054590450310559,3946
27,116,161,1,0.006211180124223602,0.00054590450310559,3947
1,49,161,1,0.006211180124223602,0.000542871700310559,3948
3,62,161,1,0.006211180124223602,0.000542871700310559,3949
12,40,161,1,0.006211180124223602,0.000542871700310559,3950
17,16,161,1,0.006211180124223602,0.000542871700310559,3951
17,42,161,1,0.006211180124223602,0.000542871700310559,3952
17,163,161,1,0.006211180124223602,0.000542871700310559,3953
19,50,161,1,0.006211180124223602,0.000542871700310559,3954
24,8,161,1,0.006211180124223602,0.000542871700310559,3955
26,124,161,1,0.006211180124223602,0.000542871700310559,3956
27,82,161,1,0.006211180124223602,0.000542871700310559,3957
32,86,161,1,0.006211180124223602,0.000542871700310559,3958
34,90,161,1,0.006211180124223602,0.000542871700310559,3959
3,151,161,1,0.006211180124223602,0.000539838897515528,3960
3,173,161,1,0.006211180124223602,0.000539838897515528,3961
4,193,161,1,0.006211180124223602,0.000539838897515528,3962
5,29,161,1,0.006211180124223602,0.000539838897515528,3963
8,46,161,1,0.006211180124223602,0.000539838897515528,3964
11,128,161,1,0.006211180124223602,0.000539838897515528,3965
22,64,161,1,0.006211180124223602,0.000539838897515528,3966
23,132,161,1,0.006211180124223602,0.000539838897515528,3967
29,211,161,1,0.006211180124223602,0.000539838897515528,3968
31,5,161,1,0.006211180124223602,0.000539838897515528,3969
33,135,161,1,0.006211180124223602,0.000539838897515528,3970
39,111,161,1,0.006211180124223602,0.000539838897515528,3971
6,48,161,1,0.006211180124223602,0.0005368060947204969,3972
6,109,161,1,0.006211180124223602,0.0005368060947204969,3973
14,62,161,1,0.006211180124223602,0.0005368060947204969,3974
25,204,161,1,0.006211180124223602,0.0005368060947204969,3975
27,223,161,1,0.006211180124223602,0.0005368060947204969,3976
28,253,161,1,0.006211180124223602,0.0005368060947204969,3977
34,57,161,1,0.006211180124223602,0.0005368060947204969,3978
36,26,161,1,0.006211180124223602,0.0005368060947204969,3979
39,161,161,1,0.006211180124223602,0.0005368060947204969,3980
3,51,161,1,0.006211180124223602,0.0005337732919254659,3981
3,169,161,1,0.006211180124223602,0.0005337732919254659,3982
15,48,161,1,0.006211180124223602,0.0005337732919254659,3983
21,101,161,1,0.006211180124223602,0.0005337732919254659,3984
30,233,161,1,0.006211180124223602,0.0005337732919254659,3985
35,96,161,1,0.006211180124223602,0.0005337732919254659,3986
1,237,161,1,0.006211180124223602,0.0005307404891304348,3987
5,134,161,1,0.006211180124223602,0.0005307404891304348,3988
5,156,161,1,0.006211180124223602,0.0005307404891304348,3989
6,206,161,1,0.006211180124223602,0.0005307404891304348,3990
9,239,161,1,0.006211180124223602,0.0005307404891304348,3991
12,247,161,1,0.006211180124223602,0.0005307404891304348,3992
19,41,161,1,0.006211180124223602,0.0005307404891304348,3993
25,172,161,1,0.006211180124223602,0.0005307404891304348,3994
28,26,161,1,0.006211180124223602,0.0005307404891304348,3995
33,250,161,1,0.006211180124223602,0.0005307404891304348,3996
38,71,161,1,0.006211180124223602,0.0005307404891304348,3997
39,128,161,1,0.006211180124223602,0.0005307404891304348,3998
4,7,161,1,0.006211180124223602,0.0005277076863354037,3999
5,160,161,1,0.006211180124223602,0.0005277076863354037,4000
12,143,161,1,0.006211180124223602,0.0005277076863354037,4001
22,218,161,1,0.006211180124223602,0.0005277076863354037,4002
26,68,161,1,0.006211180124223602,0.0005277076863354037,4003
35,209,161,1,0.006211180124223602,0.0005277076863354037,4004
38,46,161,1,0.006211180124223602,0.0005277076863354037,4005
5,120,161,1,0.006211180124223602,0.0005246748835403726,4006
10,93,161,1,0.006211180124223602,0.0005246748835403726,4007
10,222,161,1,0.006211180124223602,0.0005246748835403726,4008
18,181,161,1,0.006211180124223602,0.0005246748835403726,4009
22,143,161,1,0.006211180124223602,0.0005246748835403726,4010
28,62,161,1,0.006211180124223602,0.0005246748835403726,4011
31,174,161,1,0.006211180124223602,0.0005246748835403726,4012
38,74,161,1,0.006211180124223602,0.0005246748835403726,4013
2,149,161,1,0.006211180124223602,0.0005216420807453416,4014
3,114,161,1,0.006211180124223602,0.0005216420807453416,4015
3,160,161,1,0.006211180124223602,0.0005216420807453416,4016
6,215,161,1,0.006211180124223602,0.0005216420807453416,4017
8,62,161,1,0.006211180124223602,0.0005216420807453416,4018
9,41,161,1,0.006211180124223602,0.0005216420807453416,4019
12,168,161,1,0.006211180124223602,0.0005216420807453416,4020
12,190,161,1,0.006211180124223602,0.0005216420807453416,4021
14,80,161,1,0.006211180124223602,0.0005216420807453416,4022
15,140,161,1,0.006211180124223602,0.0005216420807453416,4023
19,19,161,1,0.006211180124223602,0.0005216420807453416,4024
19,44,161,1,0.006211180124223602,0.0005216420807453416,4025
21,100,161,1,0.006211180124223602,0.0005216420807453416,4026
22,41,161,1,0.006211180124223602,0.0005216420807453416,4027
22,93,161,1,0.006211180124223602,0.0005216420807453416,4028
26,123,161,1,0.006211180124223602,0.0005216420807453416,4029
32,69,161,1,0.006211180124223602,0.0005216420807453416,4030
7,123,161,1,0.006211180124223602,0.0005186092779503105,4031
11,187,161,1,0.006211180124223602,0.0005186092779503105,4032
13,100,161,1,0.006211180124223602,0.0005186092779503105,4033
22,27,161,1,0.006211180124223602,0.0005186092779503105,4034
27,207,161,1,0.006211180124223602,0.0005186092779503105,4035
28,21,161,1,0.006211180124223602,0.0005186092779503105,4036
30,32,161,1,0.006211180124223602,0.0005186092779503105,4037
37,10,161,1,0.006211180124223602,0.0005186092779503105,4038
39,6,161,1,0.006211180124223602,0.0005186092779503105,4039
10,19,161,2,0.012422360248447204,0.000517092876552795,4040
1,35,161,1,0.006211180124223602,0.0005155764751552795,4041
3,140,161,1,0.006211180124223602,0.0005155764751552795,4042
5,181,161,1,0.006211180124223602,0.0005155764751552795,4043
18,186,161,1,0.006211180124223602,0.0005155764751552795,4044
25,188,161,1,0.006211180124223602,0.0005155764751552795,4045
26,254,161,1,0.006211180124223602,0.0005155764751552795,4046
33,193,161,1,0.006211180124223602,0.0005155764751552795,4047
36,24,161,1,0.006211180124223602,0.0005155764751552795,4048
39,83,161,1,0.006211180124223602,0.0005155764751552795,4049
4,174,161,1,0.006211180124223602,0.0005125436723602485,4050
4,244,161,1,0.006211180124223602,0.0005125436723602485,4051
6,66,161,1,0.006211180124223602,0.0005125436723602485,4052
6,162,161,1,0.006211180124223602,0.0005125436723602485,4053
8,128,161,1,0.006211180124223602,0.0005125436723602485,4054
16,251,161,1,0.006211180124223602,0.0005125436723602485,4055
19,133,161,1,0.006211180124223602,0.0005125436723602485,4056
20,254,161,1,0.006211180124223602,0.0005125436723602485,4057
26,22,161,1,0.006211180124223602,0.0005125436723602485,4058
27,21,161,1,0.006211180124223602,0.0005125436723602485,4059
27,66,161,1,0.006211180124223602,0.0005125436723602485,4060
1,39,161,1,0.006211180124223602,0.0005095108695652174,4061
11,139,161,1,0.006211180124223602,0.0005095108695652174,4062
20,6,161,1,0.006211180124223602,0.0005095108695652174,4063
22,70,161,1,0.006211180124223602,0.0005095108695652174,4064
25,1,161,1,0.006211180124223602,0.0005095108695652174,4065
25,192,161,1,0.006211180124223602,0.0005095108695652174,4066
28,82,161,1,0.006211180124223602,0.0005095108695652174,4067
32,58,161,1,0.006211180124223602,0.0005095108695652174,4068
32,176,161,1,0.006211180124223602,0.0005095108695652174,4069
39,41,161,1,0.006211180124223602,0.0005095108695652174,4070
19,71,161,1,0.006211180124223602,0.0005064780667701864,4071
25,230,161,1,0.006211180124223602,0.0005064780667701864,4072
26,47,161,1,0.006211180124223602,0.0005064780667701864,4073
33,167,161,1,0.006211180124223602,0.0005064780667701864,4074
35,239,161,1,0.006211180124223602,0.0005064780667701864,4075
37,41,161,1,0.006211180124223602,0.0005064780667701864,4076
38,17,161,1,0.006211180124223602,0.0005064780667701864,4077
4,44,161,1,0.006211180124223602,0.0005034452639751553,4078
6,22,161,1,0.006211180124223602,0.0005034452639751553,4079
8,104,161,1,0.006211180124223602,0.0005034452639751553,4080
11,65,161,1,0.006211180124223602,0.0005034452639751553,4081
12,19,161,1,0.006211180124223602,0.0005034452639751553,4082
17,221,161,1,0.006211180124223602,0.0005034452639751553,4083
27,36,161,1,0.006211180124223602,0.0005034452639751553,4084
27,191,161,1,0.006211180124223602,0.0005034452639751553,4085
28,76,161,1,0.006211180124223602,0.0005034452639751553,4086
28,148,161,1,0.006211180124223602,0.0005034452639751553,4087
30,156,161,1,0.006211180124223602,0.0005034452639751553,4088
34,40,161,1,0.006211180124223602,0.0005034452639751553,4089
34,175,161,1,0.006211180124223602,0.0005034452639751553,4090
36,33,161,1,0.006211180124223602,0.0005034452639751553,4091
37,107,161,1,0.006211180124223602,0.0005034452639751553,4092
4,248,161,1,0.006211180124223602,0.0005004124611801242,4093
5,76,161,1,0.006211180124223602,0.0005004124611801242,4094
10,16,161,1,0.006211180124223602,0.0005004124611801242,4095
11,92,161,1,0.006211180124223602,0.0005004124611801242,4096
27,143,161,1,0.006211180124223602,0.0005004124611801242,4097
37,187,161,1,0.006211180124223602,0.0005004124611801242,4098
1,11,161,1,0.006211180124223602,0.0004973796583850931,4099
12,154,161,1,0.006211180124223602,0.0004973796583850931,4100
19,47,161,1,0.006211180124223602,0.0004973796583850931,4101
20,112,161,1,0.006211180124223602,0.0004973796583850931,4102
22,104,161,1,0.006211180124223602,0.0004973796583850931,4103
24,220,161,1,0.006211180124223602,0.0004973796583850931,4104
26,57,161,1,0.006211180124223602,0.0004973796583850931,4105
28,22,161,1,0.006211180124223602,0.0004973796583850931,4106
29,177,161,1,0.006211180124223602,0.0004973796583850931,4107
30,137,161,1,0.006211180124223602,0.0004973796583850931,4108
36,130,161,1,0.006211180124223602,0.0004973796583850931,4109
34,130,161,2,0.012422360248447204,0.0004943468555900621,4110
3,105,161,1,0.006211180124223602,0.0004943468555900621,4111
4,150,161,1,0.006211180124223602,0.0004943468555900621,4112
4,155,161,1,0.006211180124223602,0.0004943468555900621,4113
12,219,161,1,0.006211180124223602,0.0004943468555900621,4114
15,116,161,1,0.006211180124223602,0.0004943468555900621,4115
18,56,161,1,0.006211180124223602,0.0004943468555900621,4116
26,101,161,1,0.006211180124223602,0.0004943468555900621,4117
27,251,161,1,0.006211180124223602,0.0004943468555900621,4118
32,23,161,1,0.006211180124223602,0.0004943468555900621,4119
32,224,161,1,0.006211180124223602,0.0004943468555900621,4120
39,61,161,2,0.012422360248447204,0.000491314052795031,4121
6,124,161,1,0.006211180124223602,0.000491314052795031,4122
8,133,161,1,0.006211180124223602,0.000491314052795031,4123
8,146,161,1,0.006211180124223602,0.000491314052795031,4124
15,207,161,1,0.006211180124223602,0.000491314052795031,4125
17,31,161,1,0.006211180124223602,0.000491314052795031,4126
17,237,161,1,0.006211180124223602,0.000491314052795031,4127
18,160,161,1,0.006211180124223602,0.000491314052795031,4128
25,105,161,1,0.006211180124223602,0.000491314052795031,4129
29,24,161,1,0.006211180124223602,0.000491314052795031,4130
2,132,161,1,0.006211180124223602,0.00048828125,4131
5,115,161,1,0.006211180124223602,0.00048828125,4132
7,148,161,1,0.006211180124223602,0.00048828125,4133
8,211,161,1,0.006211180124223602,0.00048828125,4134
9,24,161,1,0.006211180124223602,0.00048828125,4135
9,203,161,1,0.006211180124223602,0.00048828125,4136
14,254,161,1,0.006211180124223602,0.00048828125,4137
16,11,161,1,0.006211180124223602,0.00048828125,4138
17,66,161,1,0.006211180124223602,0.00048828125,4139
21,39,161,1,0.006211180124223602,0.00048828125,4140
23,26,161,1,0.006211180124223602,0.00048828125,4141
23,178,161,1,0.006211180124223602,0.00048828125,4142
24,192,161,1,0.006211180124223602,0.00048828125,4143
24,211,161,1,0.006211180124223602,0.00048828125,4144
27,9,161,1,0.006211180124223602,0.00048828125,4145
38,235,161,1,0.006211180124223602,0.00048828125,4146
7,164,161,2,0.012422360248447204,0.0004860066479037267,4147
8,61,161,1,0.006211180124223602,0.00048524844720496894,4148
10,164,161,1,0.006211180124223602,0.00048524844720496894,4149
11,87,161,1,0.006211180124223602,0.00048524844720496894,4150
26,239,161,1,0.006211180124223602,0.00048524844720496894,4151
31,105,161,1,0.006211180124223602,0.00048524844720496894,4152
33,22,161,1,0.006211180124223602,0.00048524844720496894,4153
37,66,161,1,0.006211180124223602,0.00048524844720496894,4154
2,204,161,1,0.006211180124223602,0.0004822156444099379,4155
6,54,161,1,0.006211180124223602,0.0004822156444099379,4156
9,85,161,1,0.006211180124223602,0.0004822156444099379,4157
12,147,161,1,0.006211180124223602,0.0004822156444099379,4158
19,38,161,1,0.006211180124223602,0.0004822156444099379,4159
24,53,161,1,0.006211180124223602,0.0004822156444099379,4160
27,58,161,1,0.006211180124223602,0.0004822156444099379,4161
36,246,161,1,0.006211180124223602,0.0004822156444099379,4162
6,2,161,1,0.006211180124223602,0.0004791828416149068,4163
6,164,161,1,0.006211180124223602,0.0004791828416149068,4164
11,243,161,1,0.006211180124223602,0.0004791828416149068,4165
12,131,161,1,0.006211180124223602,0.0004791828416149068,4166
15,198,161,1,0.006211180124223602,0.0004791828416149068,4167
18,135,161,1,0.006211180124223602,0.0004791828416149068,4168
25,159,161,1,0.006211180124223602,0.0004791828416149068,4169
27,204,161,1,0.006211180124223602,0.0004791828416149068,4170
28,29,161,1,0.006211180124223602,0.0004791828416149068,4171
31,84,161,1,0.006211180124223602,0.0004791828416149068,4172
34,36,161,1,0.006211180124223602,0.0004791828416149068,4173
36,90,161,1,0.006211180124223602,0.0004791828416149068,4174
2,15,161,1,0.006211180124223602,0.00047615003881987575,4175
7,214,161,1,0.006211180124223602,0.00047615003881987575,4176
10,141,161,1,0.006211180124223602,0.00047615003881987575,4177
11,183,161,1,0.006211180124223602,0.00047615003881987575,4178
15,141,161,1,0.006211180124223602,0.00047615003881987575,4179
16,185,161,1,0.006211180124223602,0.00047615003881987575,4180
18,69,161,1,0.006211180124223602,0.00047615003881987575,4181
20,106,161,1,0.006211180124223602,0.00047615003881987575,4182
28,150,161,1,0.006211180124223602,0.00047615003881987575,4183
31,112,161,1,0.006211180124223602,0.00047615003881987575,4184
31,138,161,1,0.006211180124223602,0.00047615003881987575,4185
33,145,161,1,0.006211180124223602,0.00047615003881987575,4186
3,16,161,1,0.006211180124223602,0.00047311723602484475,4187
14,244,161,1,0.006211180124223602,0.00047311723602484475,4188
16,152,161,1,0.006211180124223602,0.00047311723602484475,4189
17,94,161,1,0.006211180124223602,0.00047311723602484475,4190
18,79,161,1,0.006211180124223602,0.00047311723602484475,4191
25,90,161,1,0.006211180124223602,0.00047311723602484475,4192
26,252,161,1,0.006211180124223602,0.00047311723602484475,4193
29,37,161,1,0.006211180124223602,0.00047311723602484475,4194
29,180,161,1,0.006211180124223602,0.00047311723602484475,4195
35,222,161,1,0.006211180124223602,0.00047311723602484475,4196
8,75,161,1,0.006211180124223602,0.0004700844332298137,4197
12,180,161,1,0.006211180124223602,0.0004700844332298137,4198
15,255,161,1,0.006211180124223602,0.0004700844332298137,4199
18,197,161,1,0.006211180124223602,0.0004700844332298137,4200
23,148,161,1,0.006211180124223602,0.0004700844332298137,4201
24,129,161,1,0.006211180124223602,0.0004700844332298137,4202
27,188,161,1,0.006211180124223602,0.0004700844332298137,4203
29,119,161,1,0.006211180124223602,0.0004700844332298137,4204
29,129,161,1,0.006211180124223602,0.0004700844332298137,4205
30,172,161,1,0.006211180124223602,0.0004700844332298137,4206
30,242,161,1,0.006211180124223602,0.0004700844332298137,4207
35,65,161,1,0.006211180124223602,0.0004700844332298137,4208
8,110,161,1,0.006211180124223602,0.0004670516304347826,4209
14,150,161,1,0.006211180124223602,0.0004670516304347826,4210
14,176,161,1,0.006211180124223602,0.0004670516304347826,4211
15,162,161,1,0.006211180124223602,0.0004670516304347826,4212
30,144,161,1,0.006211180124223602,0.0004670516304347826,4213
31,75,161,1,0.006211180124223602,0.0004670516304347826,4214
5,243,161,1,0.006211180124223602,0.00046401882763975156,4215
6,141,161,1,0.006211180124223602,0.00046401882763975156,4216
8,253,161,1,0.006211180124223602,0.00046401882763975156,4217
12,141,161,1,0.006211180124223602,0.00046401882763975156,4218
13,32,161,1,0.006211180124223602,0.00046401882763975156,4219
14,168,161,1,0.006211180124223602,0.00046401882763975156,4220
15,168,161,1,0.006211180124223602,0.00046401882763975156,4221
26,85,161,1,0.006211180124223602,0.00046401882763975156,4222
26,188,161,1,0.006211180124223602,0.00046401882763975156,4223
28,246,161,1,0.006211180124223602,0.00046401882763975156,4224
29,78,161,1,0.006211180124223602,0.00046401882763975156,4225
34,97,161,1,0.006211180124223602,0.00046401882763975156,4226
35,37,161,1,0.006211180124223602,0.00046401882763975156,4227
35,148,161,1,0.006211180124223602,0.00046401882763975156,4228
36,131,161,1,0.006211180124223602,0.00046401882763975156,4229
37,177,161,1,0.006211180124223602,0.00046401882763975156,4230
1,113,161,1,0.006211180124223602,0.0004609860248447205,4231
4,53,161,1,0.006211180124223602,0.0004609860248447205,4232
6,137,161,1,0.006211180124223602,0.0004609860248447205,4233
13,2,161,1,0.006211180124223602,0.0004609860248447205,4234
18,232,161,1,0.006211180124223602,0.0004609860248447205,4235
19,124,161,1,0.006211180124223602,0.0004609860248447205,4236
21,88,161,1,0.006211180124223602,0.0004609860248447205,4237
22,2,161,1,0.006211180124223602,0.0004609860248447205,4238
26,176,161,1,0.006211180124223602,0.0004609860248447205,4239
2,23,161,1,0.006211180124223602,0.00045795322204968944,4240
14,235,161,1,0.006211180124223602,0.00045795322204968944,4241
16,136,161,1,0.006211180124223602,0.00045795322204968944,4242
20,198,161,1,0.006211180124223602,0.00045795322204968944,4243
29,208,161,1,0.006211180124223602,0.00045795322204968944,4244
30,113,161,1,0.006211180124223602,0.00045795322204968944,4245
32,94,161,1,0.006211180124223602,0.00045795322204968944,4246
38,195,161,1,0.006211180124223602,0.00045795322204968944,4247
39,236,161,2,0.012422360248447204,0.0004549204192546584,4248
3,162,161,1,0.006211180124223602,0.0004549204192546584,4249
7,211,161,1,0.006211180124223602,0.0004549204192546584,4250
8,20,161,1,0.006211180124223602,0.0004549204192546584,4251
8,220,161,1,0.006211180124223602,0.0004549204192546584,4252
9,61,161,1,0.006211180124223602,0.0004549204192546584,4253
17,187,161,1,0.006211180124223602,0.0004549204192546584,4254
30,29,161,1,0.006211180124223602,0.0004549204192546584,4255
33,109,161,1,0.006211180124223602,0.0004549204192546584,4256
35,145,161,1,0.006211180124223602,0.0004549204192546584,4257
37,233,161,1,0.006211180124223602,0.0004549204192546584,4258
38,242,161,1,0.006211180124223602,0.0004549204192546584,4259
39,136,161,1,0.006211180124223602,0.0004549204192546584,4260
16,46,161,1,0.006211180124223602,0.0004518876164596273,4261
34,176,161,1,0.006211180124223602,0.0004518876164596273,4262
36,38,161,1,0.006211180124223602,0.0004518876164596273,4263
39,152,161,1,0.006211180124223602,0.0004518876164596273,4264
3,150,161,1,0.006211180124223602,0.00044885481366459625,4265
6,88,161,1,0.006211180124223602,0.00044885481366459625,4266
15,129,161,1,0.006211180124223602,0.00044885481366459625,4267
20,135,161,1,0.006211180124223602,0.00044885481366459625,4268
23,214,161,1,0.006211180124223602,0.00044885481366459625,4269
30,60,161,1,0.006211180124223602,0.00044885481366459625,4270
34,69,161,1,0.006211180124223602,0.00044885481366459625,4271
3,174,161,1,0.006211180124223602,0.0004458220108695652,4272
4,205,161,1,0.006211180124223602,0.0004458220108695652,4273
5,112,161,1,0.006211180124223602,0.0004458220108695652,4274
6,224,161,1,0.006211180124223602,0.0004458220108695652,4275
7,74,161,1,0.006211180124223602,0.0004458220108695652,4276
7,200,161,1,0.006211180124223602,0.0004458220108695652,4277
16,109,161,1,0.006211180124223602,0.0004458220108695652,4278
16,209,161,1,0.006211180124223602,0.0004458220108695652,4279
20,162,161,1,0.006211180124223602,0.0004458220108695652,4280
23,97,161,1,0.006211180124223602,0.0004458220108695652,4281
23,228,161,1,0.006211180124223602,0.0004458220108695652,4282
29,206,161,1,0.006211180124223602,0.0004458220108695652,4283
30,161,161,1,0.006211180124223602,0.0004458220108695652,4284
34,16,161,1,0.006211180124223602,0.0004458220108695652,4285
37,65,161,1,0.006211180124223602,0.0004458220108695652,4286
38,236,161,1,0.006211180124223602,0.0004458220108695652,4287
39,98,161,1,0.006211180124223602,0.0004458220108695652,4288
5,146,161,1,0.006211180124223602,0.0004427892080745342,4289
11,223,161,1,0.006211180124223602,0.0004427892080745342,4290
24,193,161,1,0.006211180124223602,0.0004427892080745342,4291
27,225,161,1,0.006211180124223602,0.0004427892080745342,4292
28,75,161,1,0.006211180124223602,0.0004427892080745342,4293
28,154,161,1,0.006211180124223602,0.0004427892080745342,4294
30,36,161,1,0.006211180124223602,0.0004427892080745342,4295
34,243,161,1,0.006211180124223602,0.0004427892080745342,4296
39,90,161,1,0.006211180124223602,0.0004427892080745342,4297
3,91,161,1,0.006211180124223602,0.0004397564052795031,4298
14,107,161,1,0.006211180124223602,0.0004397564052795031,4299
17,77,161,1,0.006211180124223602,0.0004397564052795031,4300
17,191,161,1,0.006211180124223602,0.0004397564052795031,4301
23,46,161,1,0.006211180124223602,0.0004397564052795031,4302
25,228,161,1,0.006211180124223602,0.0004397564052795031,4303
27,182,161,1,0.006211180124223602,0.0004397564052795031,4304
30,81,161,1,0.006211180124223602,0.0004397564052795031,4305
31,102,161,1,0.006211180124223602,0.0004397564052795031,4306
31,107,161,1,0.006211180124223602,0.0004397564052795031,4307
36,111,161,1,0.006211180124223602,0.0004397564052795031,4308
37,188,161,1,0.006211180124223602,0.0004397564052795031,4309
38,149,161,1,0.006211180124223602,0.0004397564052795031,4310
39,170,161,1,0.006211180124223602,0.0004397564052795031,4311
21,146,161,1,0.006211180124223602,0.00043672360248447206,4312
31,224,161,1,0.006211180124223602,0.00043672360248447206,4313
33,236,161,1,0.006211180124223602,0.00043672360248447206,4314
35,218,161,1,0.006211180124223602,0.00043672360248447206,4315
38,184,161,1,0.006211180124223602,0.00043672360248447206,4316
5,2,161,1,0.006211180124223602,0.000433690799689441,4317
20,46,161,1,0.006211180124223602,0.000433690799689441,4318
28,65,161,1,0.006211180124223602,0.000433690799689441,4319
33,138,161,1,0.006211180124223602,0.000433690799689441,4320
33,165,161,1,0.006211180124223602,0.000433690799689441,4321
34,99,161,1,0.006211180124223602,0.000433690799689441,4322
36,82,161,1,0.006211180124223602,0.000433690799689441,4323
37,238,161,1,0.006211180124223602,0.000433690799689441,4324
38,44,161,1,0.006211180124223602,0.000433690799689441,4325
1,19,161,1,0.006211180124223602,0.00043065799689440994,4326
8,95,161,1,0.006211180124223602,0.00043065799689440994,4327
10,71,161,1,0.006211180124223602,0.00043065799689440994,4328
14,48,161,1,0.006211180124223602,0.00043065799689440994,4329
31,143,161,1,0.006211180124223602,0.00043065799689440994,4330
32,44,161,1,0.006211180124223602,0.00043065799689440994,4331
32,104,161,1,0.006211180124223602,0.00043065799689440994,4332
33,252,161,1,0.006211180124223602,0.00043065799689440994,4333
34,67,161,1,0.006211180124223602,0.00043065799689440994,4334
36,85,161,1,0.006211180124223602,0.00043065799689440994,4335
38,101,161,1,0.006211180124223602,0.00043065799689440994,4336
2,29,161,1,0.006211180124223602,0.0004276251940993789,4337
15,226,161,1,0.006211180124223602,0.0004276251940993789,4338
18,225,161,1,0.006211180124223602,0.0004276251940993789,4339
23,126,161,1,0.006211180124223602,0.0004276251940993789,4340
29,27,161,1,0.006211180124223602,0.0004276251940993789,4341
31,34,161,1,0.006211180124223602,0.0004276251940993789,4342
37,36,161,1,0.006211180124223602,0.0004276251940993789,4343
4,0,161,1,0.006211180124223602,0.0004245923913043478,4344
16,1,161,1,0.006211180124223602,0.0004245923913043478,4345
28,42,161,1,0.006211180124223602,0.0004245923913043478,4346
32,65,161,1,0.006211180124223602,0.0004245923913043478,4347
34,104,161,1,0.006211180124223602,0.0004245923913043478,4348
37,98,161,1,0.006211180124223602,0.0004245923913043478,4349
8,209,161,1,0.006211180124223602,0.00042155958850931675,4350
25,17,161,1,0.006211180124223602,0.00042155958850931675,4351
27,12,161,1,0.006211180124223602,0.00042155958850931675,4352
28,183,161,1,0.006211180124223602,0.00042155958850931675,4353
29,122,161,1,0.006211180124223602,0.00042155958850931675,4354
31,62,161,1,0.006211180124223602,0.00042155958850931675,4355
32,15,161,1,0.006211180124223602,0.00042155958850931675,4356
39,202,161,1,0.006211180124223602,0.00042155958850931675,4357
6,126,161,1,0.006211180124223602,0.0004185267857142857,4358
7,184,161,1,0.006211180124223602,0.0004185267857142857,4359
10,134,161,1,0.006211180124223602,0.0004185267857142857,4360
18,121,161,1,0.006211180124223602,0.0004185267857142857,4361
20,33,161,1,0.006211180124223602,0.0004185267857142857,4362
23,22,161,1,0.006211180124223602,0.0004185267857142857,4363
23,200,161,1,0.006211180124223602,0.0004185267857142857,4364
29,86,161,1,0.006211180124223602,0.0004185267857142857,4365
29,99,161,1,0.006211180124223602,0.0004185267857142857,4366
33,192,161,1,0.006211180124223602,0.0004185267857142857,4367
8,54,161,1,0.006211180124223602,0.0004154939829192547,4368
15,93,161,1,0.006211180124223602,0.0004154939829192547,4369
16,177,161,1,0.006211180124223602,0.0004154939829192547,4370
28,7,161,1,0.006211180124223602,0.0004154939829192547,4371
28,36,161,1,0.006211180124223602,0.0004154939829192547,4372
33,42,161,1,0.006211180124223602,0.0004154939829192547,4373
1,18,161,1,0.006211180124223602,0.0004124611801242236,4374
5,204,161,1,0.006211180124223602,0.0004124611801242236,4375
7,82,161,1,0.006211180124223602,0.0004124611801242236,4376
9,224,161,1,0.006211180124223602,0.0004124611801242236,4377
15,37,161,1,0.006211180124223602,0.0004124611801242236,4378
23,29,161,1,0.006211180124223602,0.0004124611801242236,4379
26,191,161,1,0.006211180124223602,0.0004124611801242236,4380
26,215,161,1,0.006211180124223602,0.0004124611801242236,4381
26,226,161,1,0.006211180124223602,0.0004124611801242236,4382
28,179,161,1,0.006211180124223602,0.0004124611801242236,4383
30,154,161,1,0.006211180124223602,0.0004124611801242236,4384
33,54,161,1,0.006211180124223602,0.0004124611801242236,4385
33,151,161,1,0.006211180124223602,0.0004124611801242236,4386
33,202,161,1,0.006211180124223602,0.0004124611801242236,4387
34,64,161,1,0.006211180124223602,0.0004124611801242236,4388
36,40,161,1,0.006211180124223602,0.0004124611801242236,4389
38,118,161,1,0.006211180124223602,0.0004124611801242236,4390
14,106,161,1,0.006211180124223602,0.00040942837732919256,4391
18,72,161,1,0.006211180124223602,0.00040942837732919256,4392
25,157,161,1,0.006211180124223602,0.00040942837732919256,4393
26,243,161,1,0.006211180124223602,0.00040942837732919256,4394
27,22,161,1,0.006211180124223602,0.00040942837732919256,4395
28,54,161,1,0.006211180124223602,0.00040942837732919256,4396
32,46,161,1,0.006211180124223602,0.00040942837732919256,4397
33,114,161,1,0.006211180124223602,0.00040942837732919256,4398
3,195,161,1,0.006211180124223602,0.0004063955745341615,4399
8,94,161,1,0.006211180124223602,0.0004063955745341615,4400
15,90,161,1,0.006211180124223602,0.0004063955745341615,4401
27,20,161,1,0.006211180124223602,0.0004063955745341615,4402
27,79,161,1,0.006211180124223602,0.0004063955745341615,4403
35,184,161,1,0.006211180124223602,0.0004063955745341615,4404
8,132,161,1,0.006211180124223602,0.00040336277173913044,4405
14,42,161,1,0.006211180124223602,0.00040336277173913044,4406
15,21,161,1,0.006211180124223602,0.00040336277173913044,4407
15,56,161,1,0.006211180124223602,0.00040336277173913044,4408
18,236,161,1,0.006211180124223602,0.00040336277173913044,4409
32,161,161,1,0.006211180124223602,0.00040336277173913044,4410
32,190,161,1,0.006211180124223602,0.00040336277173913044,4411
34,186,161,1,0.006211180124223602,0.00040336277173913044,4412
35,142,161,1,0.006211180124223602,0.00040336277173913044,4413
39,17,161,1,0.006211180124223602,0.00040336277173913044,4414
39,238,161,1,0.006211180124223602,0.00040336277173913044,4415
3,19,161,1,0.006211180124223602,0.0004003299689440994,4416
3,81,161,1,0.006211180124223602,0.0004003299689440994,4417
5,125,161,1,0.006211180124223602,0.0004003299689440994,4418
8,85,161,1,0.006211180124223602,0.0004003299689440994,4419
8,134,161,1,0.006211180124223602,0.0004003299689440994,4420
11,14,161,1,0.006211180124223602,0.0004003299689440994,4421
12,121,161,1,0.006211180124223602,0.0004003299689440994,4422
23,197,161,1,0.006211180124223602,0.0004003299689440994,4423
26,255,161,1,0.006211180124223602,0.0004003299689440994,4424
29,89,161,1,0.006211180124223602,0.0004003299689440994,4425
32,34,161,1,0.006211180124223602,0.0004003299689440994,4426
33,21,161,1,0.006211180124223602,0.0004003299689440994,4427
33,228,161,1,0.006211180124223602,0.0004003299689440994,4428
35,214,161,1,0.006211180124223602,0.0004003299689440994,4429
36,218,161,1,0.006211180124223602,0.0004003299689440994,4430
6,136,161,1,0.006211180124223602,0.0003972971661490683,4431
12,207,161,1,0.006211180124223602,0.0003972971661490683,4432
14,242,161,1,0.006211180124223602,0.0003972971661490683,4433
15,114,161,1,0.006211180124223602,0.0003972971661490683,4434
27,184,161,1,0.006211180124223602,0.0003972971661490683,4435
29,64,161,1,0.006211180124223602,0.0003972971661490683,4436
34,98,161,1,0.006211180124223602,0.0003972971661490683,4437
38,150,161,1,0.006211180124223602,0.0003972971661490683,4438
3,219,161,1,0.006211180124223602,0.00039426436335403725,4439
8,234,161,1,0.006211180124223602,0.00039426436335403725,4440
13,9,161,1,0.006211180124223602,0.00039426436335403725,4441
18,167,161,1,0.006211180124223602,0.00039426436335403725,4442
23,58,161,1,0.006211180124223602,0.00039426436335403725,4443
30,99,161,1,0.006211180124223602,0.00039426436335403725,4444
30,204,161,1,0.006211180124223602,0.00039426436335403725,4445
35,50,161,1,0.006211180124223602,0.00039426436335403725,4446
35,86,161,1,0.006211180124223602,0.00039426436335403725,4447
35,170,161,1,0.006211180124223602,0.00039426436335403725,4448
36,216,161,1,0.006211180124223602,0.00039426436335403725,4449
36,239,161,1,0.006211180124223602,0.00039426436335403725,4450
36,241,161,1,0.006211180124223602,0.00039426436335403725,4451
2,231,161,1,0.006211180124223602,0.0003912315605590062,4452
18,16,161,1,0.006211180124223602,0.0003912315605590062,4453
29,221,161,1,0.006211180124223602,0.0003912315605590062,4454
30,73,161,1,0.006211180124223602,0.0003912315605590062,4455
30,254,161,1,0.006211180124223602,0.0003912315605590062,4456
35,11,161,1,0.006211180124223602,0.0003912315605590062,4457
35,41,161,1,0.006211180124223602,0.0003912315605590062,4458
35,244,161,1,0.006211180124223602,0.0003912315605590062,4459
36,42,161,1,0.006211180124223602,0.0003912315605590062,4460
36,56,161,1,0.006211180124223602,0.0003912315605590062,4461
8,144,161,1,0.006211180124223602,0.00038819875776397513,4462
27,240,161,1,0.006211180124223602,0.00038819875776397513,4463
30,207,161,1,0.006211180124223602,0.00038819875776397513,4464
31,101,161,1,0.006211180124223602,0.00038819875776397513,4465
35,69,161,1,0.006211180124223602,0.00038819875776397513,4466
35,255,161,1,0.006211180124223602,0.00038819875776397513,4467
15,238,161,1,0.006211180124223602,0.0003866823563664596,4468
29,59,161,1,0.006211180124223602,0.0003866823563664596,4469
15,60,161,1,0.006211180124223602,0.0003851659549689441,4470
16,206,161,1,0.006211180124223602,0.0003851659549689441,4471
31,175,161,1,0.006211180124223602,0.0003851659549689441,4472
37,190,161,1,0.006211180124223602,0.0003851659549689441,4473
39,29,161,1,0.006211180124223602,0.0003851659549689441,4474
26,82,161,1,0.006211180124223602,0.00038364955357142856,4475
7,86,161,1,0.006211180124223602,0.00038213315217391306,4476
29,225,161,1,0.006211180124223602,0.00038213315217391306,4477
34,202,161,1,0.006211180124223602,0.00038213315217391306,4478
38,123,161,1,0.006211180124223602,0.00038213315217391306,4479
31,21,161,1,0.006211180124223602,0.0003806167507763975,4480
39,154,161,1,0.006211180124223602,0.0003806167507763975,4481
10,82,161,1,0.006211180124223602,0.000379100349378882,4482
19,60,161,1,0.006211180124223602,0.000379100349378882,4483
29,16,161,1,0.006211180124223602,0.000379100349378882,4484
5,39,161,1,0.006211180124223602,0.00037758394798136644,4485
32,61,161,1,0.006211180124223602,0.00037758394798136644,4486
34,8,161,1,0.006211180124223602,0.00037758394798136644,4487
25,158,161,1,0.006211180124223602,0.00037606754658385094,4488
32,200,161,1,0.006211180124223602,0.00037606754658385094,4489
33,156,161,1,0.006211180124223602,0.00037606754658385094,4490
34,206,161,1,0.006211180124223602,0.00037606754658385094,4491
35,177,161,1,0.006211180124223602,0.00037606754658385094,4492
31,201,161,1,0.006211180124223602,0.0003745511451863354,4493
32,31,161,1,0.006211180124223602,0.0003745511451863354,4494
33,254,161,1,0.006211180124223602,0.0003745511451863354,4495
6,71,161,1,0.006211180124223602,0.0003730347437888199,4496
8,42,161,1,0.006211180124223602,0.0003730347437888199,4497
8,70,161,1,0.006211180124223602,0.0003730347437888199,4498
24,202,161,1,0.006211180124223602,0.0003730347437888199,4499
28,169,161,1,0.006211180124223602,0.0003730347437888199,4500
36,120,161,1,0.006211180124223602,0.0003730347437888199,4501
13,189,161,1,0.006211180124223602,0.00037151834239130437,4502
32,165,161,1,0.006211180124223602,0.00037151834239130437,4503
9,29,161,1,0.006211180124223602,0.0003700019409937888,4504
9,238,161,1,0.006211180124223602,0.0003700019409937888,4505
11,45,161,1,0.006211180124223602,0.0003700019409937888,4506
20,34,161,1,0.006211180124223602,0.0003700019409937888,4507
29,19,161,1,0.006211180124223602,0.0003700019409937888,4508
36,63,161,1,0.006211180124223602,0.0003700019409937888,4509
5,209,161,1,0.006211180124223602,0.0003684855395962733,4510
4,195,161,1,0.006211180124223602,0.00036696913819875775,4511
31,141,161,1,0.006211180124223602,0.00036696913819875775,4512
35,73,161,1,0.006211180124223602,0.00036696913819875775,4513
35,100,161,1,0.006211180124223602,0.00036696913819875775,4514
35,245,161,1,0.006211180124223602,0.00036696913819875775,4515
7,75,161,1,0.006211180124223602,0.00036545273680124225,4516
36,102,161,1,0.006211180124223602,0.00036545273680124225,4517
5,118,161,1,0.006211180124223602,0.0003639363354037267,4518
10,252,161,1,0.006211180124223602,0.0003639363354037267,4519
19,85,161,1,0.006211180124223602,0.0003639363354037267,4520
3,92,161,1,0.006211180124223602,0.0003624199340062112,4521
14,217,161,1,0.006211180124223602,0.0003624199340062112,4522
34,19,161,1,0.006211180124223602,0.0003624199340062112,4523
34,44,161,1,0.006211180124223602,0.0003624199340062112,4524
35,168,161,1,0.006211180124223602,0.0003624199340062112,4525
38,82,161,1,0.006211180124223602,0.0003624199340062112,4526
16,115,161,1,0.006211180124223602,0.00036090353260869563,4527
17,135,161,1,0.006211180124223602,0.00036090353260869563,4528
26,196,161,1,0.006211180124223602,0.00036090353260869563,4529
29,39,161,1,0.006211180124223602,0.00036090353260869563,4530
29,139,161,1,0.006211180124223602,0.00036090353260869563,4531
36,78,161,1,0.006211180124223602,0.00036090353260869563,4532
28,176,161,1,0.006211180124223602,0.0003593871312111801,4533
39,91,161,1,0.006211180124223602,0.0003593871312111801,4534
32,245,161,1,0.006211180124223602,0.0003578707298136646,4535
35,228,161,1,0.006211180124223602,0.0003578707298136646,4536
12,23,161,1,0.006211180124223602,0.00035635432841614906,4537
16,104,161,1,0.006211180124223602,0.00035483792701863356,4538
33,232,161,1,0.006211180124223602,0.00035483792701863356,4539
31,241,161,1,0.006211180124223602,0.000353321525621118,4540
34,189,161,1,0.006211180124223602,0.000353321525621118,4541
14,199,161,1,0.006211180124223602,0.0003518051242236025,4542
10,94,161,1,0.006211180124223602,0.00035028872282608694,4543
33,171,161,1,0.006211180124223602,0.00035028872282608694,4544
36,127,161,1,0.006211180124223602,0.00035028872282608694,4545
39,89,161,1,0.006211180124223602,0.00035028872282608694,4546
4,149,161,1,0.006211180124223602,0.00034877232142857144,4547
8,48,161,1,0.006211180124223602,0.00034877232142857144,4548
3,5,161,1,0.006211180124223602,0.0003472559200310559,4549
28,120,161,1,0.006211180124223602,0.0003472559200310559,4550
33,194,161,1,0.006211180124223602,0.0003472559200310559,4551
35,12,161,1,0.006211180124223602,0.0003472559200310559,4552
35,40,161,1,0.006211180124223602,0.0003472559200310559,4553
36,153,161,1,0.006211180124223602,0.0003472559200310559,4554
6,189,161,1,0.006211180124223602,0.0003457395186335404,4555
33,180,161,1,0.006211180124223602,0.0003457395186335404,4556
29,148,161,1,0.006211180124223602,0.00034422311723602487,4557
30,109,161,1,0.006211180124223602,0.00034422311723602487,4558
33,126,161,1,0.006211180124223602,0.00034422311723602487,4559
39,109,161,1,0.006211180124223602,0.00034422311723602487,4560
3,232,161,1,0.006211180124223602,0.0003427067158385093,4561
37,183,161,1,0.006211180124223602,0.0003427067158385093,4562
16,28,161,1,0.006211180124223602,0.0003411903144409938,4563
31,22,161,1,0.006211180124223602,0.0003411903144409938,4564
33,144,161,1,0.006211180124223602,0.0003411903144409938,4565
34,26,161,1,0.006211180124223602,0.0003411903144409938,4566
37,133,161,1,0.006211180124223602,0.0003411903144409938,4567
38,36,161,1,0.006211180124223602,0.0003411903144409938,4568
39,180,161,1,0.006211180124223602,0.0003411903144409938,4569
8,49,161,1,0.006211180124223602,0.00033967391304347825,4570
33,24,161,1,0.006211180124223602,0.00033967391304347825,4571
10,61,161,1,0.006211180124223602,0.00033815751164596275,4572
15,28,161,1,0.006211180124223602,0.00033815751164596275,4573
31,0,161,1,0.006211180124223602,0.00033815751164596275,4574
27,232,161,1,0.006211180124223602,0.0003366411102484472,4575
32,88,161,1,0.006211180124223602,0.0003366411102484472,4576
3,147,161,2,0.012422360248447204,0.0003351247088509317,4577
3,141,161,1,0.006211180124223602,0.0003351247088509317,4578
8,109,161,1,0.006211180124223602,0.0003351247088509317,4579
28,81,161,1,0.006211180124223602,0.0003351247088509317,4580
3,212,161,1,0.006211180124223602,0.00033360830745341613,4581
12,137,161,1,0.006211180124223602,0.00033360830745341613,4582
9,128,161,1,0.006211180124223602,0.0003320919060559006,4583
16,110,161,1,0.006211180124223602,0.0003320919060559006,4584
28,189,161,1,0.006211180124223602,0.0003320919060559006,4585
29,96,161,1,0.006211180124223602,0.0003320919060559006,4586
6,225,161,1,0.006211180124223602,0.00033057550465838507,4587
9,109,161,1,0.006211180124223602,0.00033057550465838507,4588
27,208,161,1,0.006211180124223602,0.00033057550465838507,4589
33,85,161,1,0.006211180124223602,0.00033057550465838507,4590
33,220,161,1,0.006211180124223602,0.00032905910326086956,4591
12,113,161,1,0.006211180124223602,0.00032754270186335406,4592
12,231,161,1,0.006211180124223602,0.00032754270186335406,4593
32,26,161,1,0.006211180124223602,0.00032754270186335406,4594
7,246,161,1,0.006211180124223602,0.0003260263004658385,4595
10,75,161,1,0.006211180124223602,0.0003260263004658385,4596
17,231,161,1,0.006211180124223602,0.0003260263004658385,4597
33,174,161,1,0.006211180124223602,0.0003260263004658385,4598
38,91,161,1,0.006211180124223602,0.0003260263004658385,4599
29,254,161,1,0.006211180124223602,0.000324509899068323,4600
23,34,161,1,0.006211180124223602,0.00032299349767080744,4601
35,116,161,1,0.006211180124223602,0.00032299349767080744,4602
38,170,161,1,0.006211180124223602,0.0003199606948757764,4603
39,58,161,1,0.006211180124223602,0.0003199606948757764,4604
23,79,161,1,0.006211180124223602,0.0003184442934782609,4605
12,173,161,1,0.006211180124223602,0.0003169278920807453,4606
33,74,161,1,0.006211180124223602,0.0003169278920807453,4607
18,112,161,1,0.006211180124223602,0.0003154114906832298,4608
31,142,161,1,0.006211180124223602,0.0003138950892857143,4609
33,57,161,1,0.006211180124223602,0.00031086228649068325,4610
7,27,161,1,0.006211180124223602,0.0003093458850931677,4611
3,124,161,1,0.006211180124223602,0.0003078294836956522,4612
30,37,161,1,0.006211180124223602,0.0003078294836956522,4613
35,4,161,1,0.006211180124223602,0.0003078294836956522,4614
33,205,161,1,0.006211180124223602,0.0003047966809006211,4615
36,2,161,1,0.006211180124223602,0.0003047966809006211,4616
36,29,161,1,0.006211180124223602,0.0003047966809006211,4617
6,169,161,1,0.006211180124223602,0.00030328027950310557,4618
15,193,161,1,0.006211180124223602,0.00030328027950310557,4619
27,41,161,1,0.006211180124223602,0.000298731075310559,4620
16,53,161,1,0.006211180124223602,0.0002972146739130435,4621
5,116,161,1,0.006211180124223602,0.00029569827251552794,4622
33,58,161,1,0.006211180124223602,0.00029569827251552794,4623
39,159,161,1,0.006211180124223602,0.00029418187111801244,4624
8,31,161,1,0.006211180124223602,0.0002926654697204969,4625
8,99,161,1,0.006211180124223602,0.0002911490683229814,4626
12,29,161,1,0.006211180124223602,0.0002911490683229814,4627
12,213,161,1,0.006211180124223602,0.0002911490683229814,4628
29,238,161,1,0.006211180124223602,0.0002911490683229814,4629
28,104,161,1,0.006211180124223602,0.0002896326669254658,4630
6,187,161,1,0.006211180124223602,0.0002881162655279503,4631
16,48,161,1,0.006211180124223602,0.0002881162655279503,4632
37,77,161,1,0.006211180124223602,0.0002865998641304348,4633
33,199,161,1,0.006211180124223602,0.00028508346273291925,4634
10,147,161,1,0.006211180124223602,0.0002820506599378882,4635
36,11,161,1,0.006211180124223602,0.0002805342585403727,4636
31,245,161,1,0.006211180124223602,0.00027901785714285713,4637
36,168,161,1,0.006211180124223602,0.00027901785714285713,4638
29,69,161,1,0.006211180124223602,0.00027598505434782607,4639
32,59,161,1,0.006211180124223602,0.00027598505434782607,4640
32,96,161,1,0.006211180124223602,0.00027598505434782607,4641
16,159,161,1,0.006211180124223602,0.0002714358501552795,4642
10,138,161,1,0.006211180124223602,0.000269919448757764,4643
38,225,161,1,0.006211180124223602,0.00026840304736024844,4644
6,247,161,1,0.006211180124223602,0.00026688664596273294,4645
31,109,161,1,0.006211180124223602,0.00026688664596273294,4646
36,179,161,1,0.006211180124223602,0.00026688664596273294,4647
30,47,161,1,0.006211180124223602,0.0002653702445652174,4648
32,54,161,1,0.006211180124223602,0.0002653702445652174,4649
33,214,161,1,0.006211180124223602,0.0002608210403726708,4650
16,197,161,1,0.006211180124223602,0.00025778823757763975,4651
32,40,161,1,0.006211180124223602,0.00025778823757763975,4652
33,113,161,1,0.006211180124223602,0.00025627183618012425,4653
12,232,161,1,0.006211180124223602,0.0002547554347826087,4654
8,59,161,1,0.006211180124223602,0.0002532390333850932,4655
8,235,161,1,0.006211180124223602,0.0002532390333850932,4656
12,157,161,1,0.006211180124223602,0.0002532390333850932,4657
33,52,161,1,0.006211180124223602,0.0002532390333850932,4658
36,67,161,1,0.006211180124223602,0.0002532390333850932,4659
31,129,161,1,0.006211180124223602,0.0002517226319875776,4660
32,134,161,1,0.006211180124223602,0.0002517226319875776,4661
32,187,161,1,0.006211180124223602,0.000244140625,4662
36,53,161,1,0.006211180124223602,0.000244140625,4663
31,78,161,1,0.006211180124223602,0.0002395914208074534,4664
33,77,161,1,0.006211180124223602,0.0002395914208074534,4665
3,120,161,1,0.006211180124223602,0.00023807501940993788,4666
7,228,161,1,0.006211180124223602,0.00023655861801242237,4667
16,141,161,1,0.006211180124223602,0.00023655861801242237,4668
34,73,161,1,0.006211180124223602,0.0002335258152173913,4669
31,150,161,1,0.006211180124223602,0.00023200941381987578,4670
10,25,161,1,0.006211180124223602,0.0002274602096273292,4671
9,73,161,1,0.006211180124223602,0.00022594380822981366,4672
3,42,161,1,0.006211180124223602,0.00022442740683229813,4673
32,32,161,1,0.006211180124223602,0.00022442740683229813,4674
32,162,161,1,0.006211180124223602,0.0002213946040372671,4675
34,96,161,1,0.006211180124223602,0.0002213946040372671,4676
6,116,161,1,0.006211180124223602,0.0002122961956521739,4677
39,37,161,1,0.006211180124223602,0.0002122961956521739,4678
36,62,161,1,0.006211180124223602,0.00021077979425465838,4679
31,7,161,1,0.006211180124223602,0.00019713218167701863,4680
39,162,161,1,0.006211180124223602,0.00019713218167701863,4681
39,251,161,1,0.006211180124223602,0.00019409937888198756,4682
39,213,161,1,0.006211180124223602,0.00018424276979813665,4683
39,153,161,1,0.006211180124223602,0.00016983695652173913,4684
39,199,161,1,0.006211180124223602,0.00016073854813664597,4685
39,16,161,1,0.006211180124223602,0.00015315654114906831,4686
6,172,161,1,0.006211180124223602,0.00015012373835403728,4687
1,0,161,0,0.0,0.0,4688
1,1,161,0,0.0,0.0,4689
1,2,161,0,0.0,0.0,4690
1,3,161,0,0.0,0.0,4691
1,4,161,0,0.0,0.0,4692
1,6,161,0,0.0,0.0,4693
1,12,161,0,0.0,0.0,4694
1,16,161,0,0.0,0.0,4695
1,20,161,0,0.0,0.0,4696
1,21,161,0,0.0,0.0,4697
1,22,161,0,0.0,0.0,4698
1,23,161,0,0.0,0.0,4699
1,25,161,0,0.0,0.0,4700
1,26,161,0,0.0,0.0,4701
1,27,161,0,0.0,0.0,4702
1,30,161,0,0.0,0.0,4703
1,32,161,0,0.0,0.0,4704
1,36,161,0,0.0,0.0,4705
1,38,161,0,0.0,0.0,4706
1,40,161,0,0.0,0.0,4707
1,42,161,0,0.0,0.0,4708
1,44,161,0,0.0,0.0,4709
1,46,161,0,0.0,0.0,4710
1,47,161,0,0.0,0.0,4711
1,48,161,0,0.0,0.0,4712
1,52,161,0,0.0,0.0,4713
1,53,161,0,0.0,0.0,4714
1,54,161,0,0.0,0.0,4715
1,55,161,0,0.0,0.0,4716
1,56,161,0,0.0,0.0,4717
1,57,161,0,0.0,0.0,4718
1,58,161,0,0.0,0.0,4719
1,63,161,0,0.0,0.0,4720
1,65,161,0,0.0,0.0,4721
1,66,161,0,0.0,0.0,4722
1,72,161,0,0.0,0.0,4723
1,73,161,0,0.0,0.0,4724
1,75,161,0,0.0,0.0,4725
1,76,161,0,0.0,0.0,4726
1,77,161,0,0.0,0.0,4727
1,79,161,0,0.0,0.0,4728
1,82,161,0,0.0,0.0,4729
1,83,161,0,0.0,0.0,4730
1,85,161,0,0.0,0.0,4731
1,88,161,0,0.0,0.0,4732
1,90,161,0,0.0,0.0,4733
1,91,161,0,0.0,0.0,4734
1,92,161,0,0.0,0.0,4735
1,93,161,0,0.0,0.0,4736
1,94,161,0,0.0,0.0,4737
1,96,161,0,0.0,0.0,4738
1,99,161,0,0.0,0.0,4739
1,100,161,0,0.0,0.0,4740
1,101,161,0,0.0,0.0,4741
1,102,161,0,0.0,0.0,4742
1,103,161,0,0.0,0.0,4743
1,104,161,0,0.0,0.0,4744
1,106,161,0,0.0,0.0,4745
1,107,161,0,0.0,0.0,4746
1,109,161,0,0.0,0.0,4747
1,110,161,0,0.0,0.0,4748
1,112,161,0,0.0,0.0,4749
1,118,161,0,0.0,0.0,4750
1,120,161,0,0.0,0.0,4751
1,121,161,0,0.0,0.0,4752
1,123,161,0,0.0,0.0,4753
1,129,161,0,0.0,0.0,4754
1,131,161,0,0.0,0.0,4755
1,132,161,0,0.0,0.0,4756
1,134,161,0,0.0,0.0,4757
1,135,161,0,0.0,0.0,4758
1,140,161,0,0.0,0.0,4759
1,141,161,0,0.0,0.0,4760
1,142,161,0,0.0,0.0,4761
1,145,161,0,0.0,0.0,4762
1,146,161,0,0.0,0.0,4763
1,147,161,0,0.0,0.0,4764
1,150,161,0,0.0,0.0,4765
1,151,161,0,0.0,0.0,4766
1,152,161,0,0.0,0.0,4767
1,154,161,0,0.0,0.0,4768
1,156,161,0,0.0,0.0,4769
1,157,161,0,0.0,0.0,4770
1,158,161,0,0.0,0.0,4771
1,159,161,0,0.0,0.0,4772
1,162,161,0,0.0,0.0,4773
1,164,161,0,0.0,0.0,4774
1,165,161,0,0.0,0.0,4775
1,166,161,0,0.0,0.0,4776
1,167,161,0,0.0,0.0,4777
1,171,161,0,0.0,0.0,4778
1,173,161,0,0.0,0.0,4779
1,174,161,0,0.0,0.0,4780
1,175,161,0,0.0,0.0,4781
1,176,161,0,0.0,0.0,4782
1,179,161,0,0.0,0.0,4783
1,181,161,0,0.0,0.0,4784
1,183,161,0,0.0,0.0,4785
1,184,161,0,0.0,0.0,4786
1,185,161,0,0.0,0.0,4787
1,186,161,0,0.0,0.0,4788
1,187,161,0,0.0,0.0,4789
1,188,161,0,0.0,0.0,4790
1,189,161,0,0.0,0.0,4791
1,191,161,0,0.0,0.0,4792
1,192,161,0,0.0,0.0,4793
1,193,161,0,0.0,0.0,4794
1,195,161,0,0.0,0.0,4795
1,198,161,0,0.0,0.0,4796
1,200,161,0,0.0,0.0,4797
1,203,161,0,0.0,0.0,4798
1,205,161,0,0.0,0.0,4799
1,206,161,0,0.0,0.0,4800
1,207,161,0,0.0,0.0,4801
1,210,161,0,0.0,0.0,4802
1,211,161,0,0.0,0.0,4803
1,213,161,0,0.0,0.0,4804
1,214,161,0,0.0,0.0,4805
1,216,161,0,0.0,0.0,4806
1,217,161,0,0.0,0.0,4807
1,218,161,0,0.0,0.0,4808
1,223,161,0,0.0,0.0,4809
1,225,161,0,0.0,0.0,4810
1,228,161,0,0.0,0.0,4811
1,231,161,0,0.0,0.0,4812
1,233,161,0,0.0,0.0,4813
1,234,161,0,0.0,0.0,4814
1,235,161,0,0.0,0.0,4815
1,236,161,0,0.0,0.0,4816
1,239,161,0,0.0,0.0,4817
1,241,161,0,0.0,0.0,4818
1,242,161,0,0.0,0.0,4819
1,243,161,0,0.0,0.0,4820
1,244,161,0,0.0,0.0,4821
1,245,161,0,0.0,0.0,4822
1,247,161,0,0.0,0.0,4823
1,249,161,0,0.0,0.0,4824
1,250,161,0,0.0,0.0,4825
1,255,161,0,0.0,0.0,4826
2,2,161,0,0.0,0.0,4827
2,4,161,0,0.0,0.0,4828
2,8,161,0,0.0,0.0,4829
2,9,161,0,0.0,0.0,4830
2,10,161,0,0.0,0.0,4831
2,12,161,0,0.0,0.0,4832
2,13,161,0,0.0,0.0,4833
2,17,161,0,0.0,0.0,4834
2,19,161,0,0.0,0.0,4835
2,20,161,0,0.0,0.0,4836
2,21,161,0,0.0,0.0,4837
2,22,161,0,0.0,0.0,4838
2,24,161,0,0.0,0.0,4839
2,25,161,0,0.0,0.0,4840
2,26,161,0,0.0,0.0,4841
2,28,161,0,0.0,0.0,4842
2,30,161,0,0.0,0.0,4843
2,31,161,0,0.0,0.0,4844
2,32,161,0,0.0,0.0,4845
2,33,161,0,0.0,0.0,4846
2,34,161,0,0.0,0.0,4847
2,37,161,0,0.0,0.0,4848
2,41,161,0,0.0,0.0,4849
2,44,161,0,0.0,0.0,4850
2,46,161,0,0.0,0.0,4851
2,48,161,0,0.0,0.0,4852
2,49,161,0,0.0,0.0,4853
2,51,161,0,0.0,0.0,4854
2,56,161,0,0.0,0.0,4855
2,58,161,0,0.0,0.0,4856
2,59,161,0,0.0,0.0,4857
2,61,161,0,0.0,0.0,4858
2,62,161,0,0.0,0.0,4859
2,63,161,0,0.0,0.0,4860
2,65,161,0,0.0,0.0,4861
2,67,161,0,0.0,0.0,4862
2,73,161,0,0.0,0.0,4863
2,74,161,0,0.0,0.0,4864
2,76,161,0,0.0,0.0,4865
2,77,161,0,0.0,0.0,4866
2,80,161,0,0.0,0.0,4867
2,81,161,0,0.0,0.0,4868
2,82,161,0,0.0,0.0,4869
2,86,161,0,0.0,0.0,4870
2,87,161,0,0.0,0.0,4871
2,88,161,0,0.0,0.0,4872
2,89,161,0,0.0,0.0,4873
2,90,161,0,0.0,0.0,4874
2,91,161,0,0.0,0.0,4875
2,92,161,0,0.0,0.0,4876
2,94,161,0,0.0,0.0,4877
2,95,161,0,0.0,0.0,4878
2,96,161,0,0.0,0.0,4879
2,98,161,0,0.0,0.0,4880
2,99,161,0,0.0,0.0,4881
2,100,161,0,0.0,0.0,4882
2,104,161,0,0.0,0.0,4883
2,105,161,0,0.0,0.0,4884
2,106,161,0,0.0,0.0,4885
2,108,161,0,0.0,0.0,4886
2,109,161,0,0.0,0.0,4887
2,111,161,0,0.0,0.0,4888
2,113,161,0,0.0,0.0,4889
2,114,161,0,0.0,0.0,4890
2,115,161,0,0.0,0.0,4891
2,116,161,0,0.0,0.0,4892
2,119,161,0,0.0,0.0,4893
2,122,161,0,0.0,0.0,4894
2,123,161,0,0.0,0.0,4895
2,126,161,0,0.0,0.0,4896
2,128,161,0,0.0,0.0,4897
2,131,161,0,0.0,0.0,4898
2,133,161,0,0.0,0.0,4899
2,136,161,0,0.0,0.0,4900
2,139,161,0,0.0,0.0,4901
2,140,161,0,0.0,0.0,4902
2,141,161,0,0.0,0.0,4903
2,142,161,0,0.0,0.0,4904
2,145,161,0,0.0,0.0,4905
2,147,161,0,0.0,0.0,4906
2,148,161,0,0.0,0.0,4907
2,153,161,0,0.0,0.0,4908
2,154,161,0,0.0,0.0,4909
2,155,161,0,0.0,0.0,4910
2,156,161,0,0.0,0.0,4911
2,158,161,0,0.0,0.0,4912
2,160,161,0,0.0,0.0,4913
2,162,161,0,0.0,0.0,4914
2,164,161,0,0.0,0.0,4915
2,165,161,0,0.0,0.0,4916
2,167,161,0,0.0,0.0,4917
2,168,161,0,0.0,0.0,4918
2,169,161,0,0.0,0.0,4919
2,170,161,0,0.0,0.0,4920
2,171,161,0,0.0,0.0,4921
2,174,161,0,0.0,0.0,4922
2,175,161,0,0.0,0.0,4923
2,178,161,0,0.0,0.0,4924
2,179,161,0,0.0,0.0,4925
2,180,161,0,0.0,0.0,4926
2,181,161,0,0.0,0.0,4927
2,183,161,0,0.0,0.0,4928
2,184,161,0,0.0,0.0,4929
2,188,161,0,0.0,0.0,4930
2,190,161,0,0.0,0.0,4931
2,191,161,0,0.0,0.0,4932
2,192,161,0,0.0,0.0,4933
2,193,161,0,0.0,0.0,4934
2,194,161,0,0.0,0.0,4935
2,195,161,0,0.0,0.0,4936
2,197,161,0,0.0,0.0,4937
2,198,161,0,0.0,0.0,4938
2,200,161,0,0.0,0.0,4939
2,202,161,0,0.0,0.0,4940
2,203,161,0,0.0,0.0,4941
2,206,161,0,0.0,0.0,4942
2,207,161,0,0.0,0.0,4943
2,208,161,0,0.0,0.0,4944
2,211,161,0,0.0,0.0,4945
2,213,161,0,0.0,0.0,4946
2,214,161,0,0.0,0.0,4947
2,216,161,0,0.0,0.0,4948
2,217,161,0,0.0,0.0,4949
2,218,161,0,0.0,0.0,4950
2,219,161,0,0.0,0.0,4951
2,225,161,0,0.0,0.0,4952
2,229,161,0,0.0,0.0,4953
2,230,161,0,0.0,0.0,4954
2,233,161,0,0.0,0.0,4955
2,236,161,0,0.0,0.0,4956
2,239,161,0,0.0,0.0,4957
2,241,161,0,0.0,0.0,4958
2,242,161,0,0.0,0.0,4959
2,243,161,0,0.0,0.0,4960
2,244,161,0,0.0,0.0,4961
2,245,161,0,0.0,0.0,4962
2,249,161,0,0.0,0.0,4963
2,250,161,0,0.0,0.0,4964
2,252,161,0,0.0,0.0,4965
2,253,161,0,0.0,0.0,4966
2,254,161,0,0.0,0.0,4967
2,255,161,0,0.0,0.0,4968
3,2,161,0,0.0,0.0,4969
3,3,161,0,0.0,0.0,4970
3,4,161,0,0.0,0.0,4971
3,6,161,0,0.0,0.0,4972
3,9,161,0,0.0,0.0,4973
3,11,161,0,0.0,0.0,4974
3,13,161,0,0.0,0.0,4975
3,14,161,0,0.0,0.0,4976
3,18,161,0,0.0,0.0,4977
3,20,161,0,0.0,0.0,4978
3,21,161,0,0.0,0.0,4979
3,22,161,0,0.0,0.0,4980
3,23,161,0,0.0,0.0,4981
3,25,161,0,0.0,0.0,4982
3,26,161,0,0.0,0.0,4983
3,28,161,0,0.0,0.0,4984
3,30,161,0,0.0,0.0,4985
3,31,161,0,0.0,0.0,4986
3,33,161,0,0.0,0.0,4987
3,36,161,0,0.0,0.0,4988
3,37,161,0,0.0,0.0,4989
3,38,161,0,0.0,0.0,4990
3,40,161,0,0.0,0.0,4991
3,44,161,0,0.0,0.0,4992
3,47,161,0,0.0,0.0,4993
3,48,161,0,0.0,0.0,4994
3,50,161,0,0.0,0.0,4995
3,53,161,0,0.0,0.0,4996
3,57,161,0,0.0,0.0,4997
3,59,161,0,0.0,0.0,4998
3,61,161,0,0.0,0.0,4999
3,63,161,0,0.0,0.0,5000
3,64,161,0,0.0,0.0,5001
3,66,161,0,0.0,0.0,5002
3,68,161,0,0.0,0.0,5003
3,70,161,0,0.0,0.0,5004
3,71,161,0,0.0,0.0,5005
3,72,161,0,0.0,0.0,5006
3,77,161,0,0.0,0.0,5007
3,78,161,0,0.0,0.0,5008
3,79,161,0,0.0,0.0,5009
3,82,161,0,0.0,0.0,5010
3,83,161,0,0.0,0.0,5011
3,84,161,0,0.0,0.0,5012
3,85,161,0,0.0,0.0,5013
3,87,161,0,0.0,0.0,5014
3,89,161,0,0.0,0.0,5015
3,94,161,0,0.0,0.0,5016
3,95,161,0,0.0,0.0,5017
3,96,161,0,0.0,0.0,5018
3,99,161,0,0.0,0.0,5019
3,100,161,0,0.0,0.0,5020
3,101,161,0,0.0,0.0,5021
3,102,161,0,0.0,0.0,5022
3,103,161,0,0.0,0.0,5023
3,104,161,0,0.0,0.0,5024
3,107,161,0,0.0,0.0,5025
3,109,161,0,0.0,0.0,5026
3,110,161,0,0.0,0.0,5027
3,111,161,0,0.0,0.0,5028
3,115,161,0,0.0,0.0,5029
3,117,161,0,0.0,0.0,5030
3,118,161,0,0.0,0.0,5031
3,119,161,0,0.0,0.0,5032
3,121,161,0,0.0,0.0,5033
3,123,161,0,0.0,0.0,5034
3,125,161,0,0.0,0.0,5035
3,126,161,0,0.0,0.0,5036
3,127,161,0,0.0,0.0,5037
3,128,161,0,0.0,0.0,5038
3,130,161,0,0.0,0.0,5039
3,134,161,0,0.0,0.0,5040
3,135,161,0,0.0,0.0,5041
3,136,161,0,0.0,0.0,5042
3,137,161,0,0.0,0.0,5043
3,138,161,0,0.0,0.0,5044
3,139,161,0,0.0,0.0,5045
3,142,161,0,0.0,0.0,5046
3,143,161,0,0.0,0.0,5047
3,144,161,0,0.0,0.0,5048
3,149,161,0,0.0,0.0,5049
3,152,161,0,0.0,0.0,5050
3,154,161,0,0.0,0.0,5051
3,155,161,0,0.0,0.0,5052
3,157,161,0,0.0,0.0,5053
3,158,161,0,0.0,0.0,5054
3,159,161,0,0.0,0.0,5055
3,161,161,0,0.0,0.0,5056
3,163,161,0,0.0,0.0,5057
3,170,161,0,0.0,0.0,5058
3,171,161,0,0.0,0.0,5059
3,172,161,0,0.0,0.0,5060
3,175,161,0,0.0,0.0,5061
3,178,161,0,0.0,0.0,5062
3,180,161,0,0.0,0.0,5063
3,181,161,0,0.0,0.0,5064
3,183,161,0,0.0,0.0,5065
3,186,161,0,0.0,0.0,5066
3,187,161,0,0.0,0.0,5067
3,189,161,0,0.0,0.0,5068
3,190,161,0,0.0,0.0,5069
3,191,161,0,0.0,0.0,5070
3,194,161,0,0.0,0.0,5071
3,196,161,0,0.0,0.0,5072
3,197,161,0,0.0,0.0,5073
3,201,161,0,0.0,0.0,5074
3,203,161,0,0.0,0.0,5075
3,205,161,0,0.0,0.0,5076
3,208,161,0,0.0,0.0,5077
3,209,161,0,0.0,0.0,5078
3,210,161,0,0.0,0.0,5079
3,213,161,0,0.0,0.0,5080
3,214,161,0,0.0,0.0,5081
3,216,161,0,0.0,0.0,5082
3,220,161,0,0.0,0.0,5083
3,221,161,0,0.0,0.0,5084
3,222,161,0,0.0,0.0,5085
3,224,161,0,0.0,0.0,5086
3,225,161,0,0.0,0.0,5087
3,226,161,0,0.0,0.0,5088
3,227,161,0,0.0,0.0,5089
3,228,161,0,0.0,0.0,5090
3,233,161,0,0.0,0.0,5091
3,234,161,0,0.0,0.0,5092
3,235,161,0,0.0,0.0,5093
3,236,161,0,0.0,0.0,5094
3,238,161,0,0.0,0.0,5095
3,239,161,0,0.0,0.0,5096
3,240,161,0,0.0,0.0,5097
3,242,161,0,0.0,0.0,5098
3,243,161,0,0.0,0.0,5099
3,244,161,0,0.0,0.0,5100
3,247,161,0,0.0,0.0,5101
3,248,161,0,0.0,0.0,5102
3,250,161,0,0.0,0.0,5103
3,252,161,0,0.0,0.0,5104
3,253,161,0,0.0,0.0,5105
3,254,161,0,0.0,0.0,5106
3,255,161,0,0.0,0.0,5107
4,4,161,0,0.0,0.0,5108
4,5,161,0,0.0,0.0,5109
4,6,161,0,0.0,0.0,5110
4,9,161,0,0.0,0.0,5111
4,11,161,0,0.0,0.0,5112
4,13,161,0,0.0,0.0,5113
4,14,161,0,0.0,0.0,5114
4,15,161,0,0.0,0.0,5115
4,16,161,0,0.0,0.0,5116
4,17,161,0,0.0,0.0,5117
4,18,161,0,0.0,0.0,5118
4,24,161,0,0.0,0.0,5119
4,25,161,0,0.0,0.0,5120
4,29,161,0,0.0,0.0,5121
4,33,161,0,0.0,0.0,5122
4,34,161,0,0.0,0.0,5123
4,36,161,0,0.0,0.0,5124
4,38,161,0,0.0,0.0,5125
4,39,161,0,0.0,0.0,5126
4,40,161,0,0.0,0.0,5127
4,41,161,0,0.0,0.0,5128
4,43,161,0,0.0,0.0,5129
4,46,161,0,0.0,0.0,5130
4,48,161,0,0.0,0.0,5131
4,50,161,0,0.0,0.0,5132
4,54,161,0,0.0,0.0,5133
4,57,161,0,0.0,0.0,5134
4,59,161,0,0.0,0.0,5135
4,62,161,0,0.0,0.0,5136
4,66,161,0,0.0,0.0,5137
4,67,161,0,0.0,0.0,5138
4,68,161,0,0.0,0.0,5139
4,69,161,0,0.0,0.0,5140
4,74,161,0,0.0,0.0,5141
4,78,161,0,0.0,0.0,5142
4,79,161,0,0.0,0.0,5143
4,80,161,0,0.0,0.0,5144
4,81,161,0,0.0,0.0,5145
4,85,161,0,0.0,0.0,5146
4,86,161,0,0.0,0.0,5147
4,88,161,0,0.0,0.0,5148
4,91,161,0,0.0,0.0,5149
4,93,161,0,0.0,0.0,5150
4,94,161,0,0.0,0.0,5151
4,95,161,0,0.0,0.0,5152
4,96,161,0,0.0,0.0,5153
4,97,161,0,0.0,0.0,5154
4,98,161,0,0.0,0.0,5155
4,99,161,0,0.0,0.0,5156
4,100,161,0,0.0,0.0,5157
4,101,161,0,0.0,0.0,5158
4,102,161,0,0.0,0.0,5159
4,103,161,0,0.0,0.0,5160
4,104,161,0,0.0,0.0,5161
4,105,161,0,0.0,0.0,5162
4,106,161,0,0.0,0.0,5163
4,107,161,0,0.0,0.0,5164
4,108,161,0,0.0,0.0,5165
4,110,161,0,0.0,0.0,5166
4,111,161,0,0.0,0.0,5167
4,112,161,0,0.0,0.0,5168
4,114,161,0,0.0,0.0,5169
4,115,161,0,0.0,0.0,5170
4,116,161,0,0.0,0.0,5171
4,117,161,0,0.0,0.0,5172
4,118,161,0,0.0,0.0,5173
4,119,161,0,0.0,0.0,5174
4,120,161,0,0.0,0.0,5175
4,121,161,0,0.0,0.0,5176
4,122,161,0,0.0,0.0,5177
4,123,161,0,0.0,0.0,5178
4,128,161,0,0.0,0.0,5179
4,129,161,0,0.0,0.0,5180
4,130,161,0,0.0,0.0,5181
4,131,161,0,0.0,0.0,5182
4,132,161,0,0.0,0.0,5183
4,133,161,0,0.0,0.0,5184
4,136,161,0,0.0,0.0,5185
4,137,161,0,0.0,0.0,5186
4,138,161,0,0.0,0.0,5187
4,140,161,0,0.0,0.0,5188
4,142,161,0,0.0,0.0,5189
4,147,161,0,0.0,0.0,5190
4,148,161,0,0.0,0.0,5191
4,151,161,0,0.0,0.0,5192
4,152,161,0,0.0,0.0,5193
4,153,161,0,0.0,0.0,5194
4,154,161,0,0.0,0.0,5195
4,159,161,0,0.0,0.0,5196
4,161,161,0,0.0,0.0,5197
4,162,161,0,0.0,0.0,5198
4,164,161,0,0.0,0.0,5199
4,165,161,0,0.0,0.0,5200
4,167,161,0,0.0,0.0,5201
4,168,161,0,0.0,0.0,5202
4,170,161,0,0.0,0.0,5203
4,172,161,0,0.0,0.0,5204
4,173,161,0,0.0,0.0,5205
4,178,161,0,0.0,0.0,5206
4,180,161,0,0.0,0.0,5207
4,181,161,0,0.0,0.0,5208
4,182,161,0,0.0,0.0,5209
4,183,161,0,0.0,0.0,5210
4,186,161,0,0.0,0.0,5211
4,187,161,0,0.0,0.0,5212
4,188,161,0,0.0,0.0,5213
4,189,161,0,0.0,0.0,5214
4,190,161,0,0.0,0.0,5215
4,194,161,0,0.0,0.0,5216
4,197,161,0,0.0,0.0,5217
4,198,161,0,0.0,0.0,5218
4,201,161,0,0.0,0.0,5219
4,202,161,0,0.0,0.0,5220
4,206,161,0,0.0,0.0,5221
4,208,161,0,0.0,0.0,5222
4,212,161,0,0.0,0.0,5223
4,213,161,0,0.0,0.0,5224
4,214,161,0,0.0,0.0,5225
4,215,161,0,0.0,0.0,5226
4,216,161,0,0.0,0.0,5227
4,217,161,0,0.0,0.0,5228
4,218,161,0,0.0,0.0,5229
4,220,161,0,0.0,0.0,5230
4,221,161,0,0.0,0.0,5231
4,222,161,0,0.0,0.0,5232
4,225,161,0,0.0,0.0,5233
4,227,161,0,0.0,0.0,5234
4,228,161,0,0.0,0.0,5235
4,231,161,0,0.0,0.0,5236
4,233,161,0,0.0,0.0,5237
4,234,161,0,0.0,0.0,5238
4,236,161,0,0.0,0.0,5239
4,237,161,0,0.0,0.0,5240
4,241,161,0,0.0,0.0,5241
4,243,161,0,0.0,0.0,5242
4,246,161,0,0.0,0.0,5243
4,249,161,0,0.0,0.0,5244
4,251,161,0,0.0,0.0,5245
4,252,161,0,0.0,0.0,5246
4,253,161,0,0.0,0.0,5247
4,254,161,0,0.0,0.0,5248
5,0,161,0,0.0,0.0,5249
5,1,161,0,0.0,0.0,5250
5,4,161,0,0.0,0.0,5251
5,6,161,0,0.0,0.0,5252
5,7,161,0,0.0,0.0,5253
5,8,161,0,0.0,0.0,5254
5,11,161,0,0.0,0.0,5255
5,13,161,0,0.0,0.0,5256
5,17,161,0,0.0,0.0,5257
5,18,161,0,0.0,0.0,5258
5,22,161,0,0.0,0.0,5259
5,26,161,0,0.0,0.0,5260
5,27,161,0,0.0,0.0,5261
5,28,161,0,0.0,0.0,5262
5,30,161,0,0.0,0.0,5263
5,34,161,0,0.0,0.0,5264
5,35,161,0,0.0,0.0,5265
5,36,161,0,0.0,0.0,5266
5,37,161,0,0.0,0.0,5267
5,38,161,0,0.0,0.0,5268
5,40,161,0,0.0,0.0,5269
5,41,161,0,0.0,0.0,5270
5,42,161,0,0.0,0.0,5271
5,44,161,0,0.0,0.0,5272
5,46,161,0,0.0,0.0,5273
5,47,161,0,0.0,0.0,5274
5,49,161,0,0.0,0.0,5275
5,51,161,0,0.0,0.0,5276
5,52,161,0,0.0,0.0,5277
5,53,161,0,0.0,0.0,5278
5,54,161,0,0.0,0.0,5279
5,56,161,0,0.0,0.0,5280
5,57,161,0,0.0,0.0,5281
5,58,161,0,0.0,0.0,5282
5,59,161,0,0.0,0.0,5283
5,61,161,0,0.0,0.0,5284
5,63,161,0,0.0,0.0,5285
5,66,161,0,0.0,0.0,5286
5,68,161,0,0.0,0.0,5287
5,69,161,0,0.0,0.0,5288
5,73,161,0,0.0,0.0,5289
5,74,161,0,0.0,0.0,5290
5,77,161,0,0.0,0.0,5291
5,79,161,0,0.0,0.0,5292
5,81,161,0,0.0,0.0,5293
5,82,161,0,0.0,0.0,5294
5,84,161,0,0.0,0.0,5295
5,86,161,0,0.0,0.0,5296
5,88,161,0,0.0,0.0,5297
5,89,161,0,0.0,0.0,5298
5,90,161,0,0.0,0.0,5299
5,92,161,0,0.0,0.0,5300
5,93,161,0,0.0,0.0,5301
5,94,161,0,0.0,0.0,5302
5,95,161,0,0.0,0.0,5303
5,97,161,0,0.0,0.0,5304
5,101,161,0,0.0,0.0,5305
5,102,161,0,0.0,0.0,5306
5,104,161,0,0.0,0.0,5307
5,107,161,0,0.0,0.0,5308
5,109,161,0,0.0,0.0,5309
5,110,161,0,0.0,0.0,5310
5,113,161,0,0.0,0.0,5311
5,114,161,0,0.0,0.0,5312
5,117,161,0,0.0,0.0,5313
5,119,161,0,0.0,0.0,5314
5,121,161,0,0.0,0.0,5315
5,122,161,0,0.0,0.0,5316
5,123,161,0,0.0,0.0,5317
5,133,161,0,0.0,0.0,5318
5,137,161,0,0.0,0.0,5319
5,138,161,0,0.0,0.0,5320
5,142,161,0,0.0,0.0,5321
5,143,161,0,0.0,0.0,5322
5,144,161,0,0.0,0.0,5323
5,145,161,0,0.0,0.0,5324
5,147,161,0,0.0,0.0,5325
5,149,161,0,0.0,0.0,5326
5,150,161,0,0.0,0.0,5327
5,153,161,0,0.0,0.0,5328
5,157,161,0,0.0,0.0,5329
5,161,161,0,0.0,0.0,5330
5,163,161,0,0.0,0.0,5331
5,164,161,0,0.0,0.0,5332
5,165,161,0,0.0,0.0,5333
5,166,161,0,0.0,0.0,5334
5,167,161,0,0.0,0.0,5335
5,170,161,0,0.0,0.0,5336
5,171,161,0,0.0,0.0,5337
5,173,161,0,0.0,0.0,5338
5,174,161,0,0.0,0.0,5339
5,176,161,0,0.0,0.0,5340
5,177,161,0,0.0,0.0,5341
5,178,161,0,0.0,0.0,5342
5,186,161,0,0.0,0.0,5343
5,188,161,0,0.0,0.0,5344
5,190,161,0,0.0,0.0,5345
5,191,161,0,0.0,0.0,5346
5,192,161,0,0.0,0.0,5347
5,193,161,0,0.0,0.0,5348
5,194,161,0,0.0,0.0,5349
5,195,161,0,0.0,0.0,5350
5,197,161,0,0.0,0.0,5351
5,200,161,0,0.0,0.0,5352
5,201,161,0,0.0,0.0,5353
5,203,161,0,0.0,0.0,5354
5,205,161,0,0.0,0.0,5355
5,206,161,0,0.0,0.0,5356
5,207,161,0,0.0,0.0,5357
5,208,161,0,0.0,0.0,5358
5,211,161,0,0.0,0.0,5359
5,214,161,0,0.0,0.0,5360
5,215,161,0,0.0,0.0,5361
5,216,161,0,0.0,0.0,5362
5,217,161,0,0.0,0.0,5363
5,218,161,0,0.0,0.0,5364
5,219,161,0,0.0,0.0,5365
5,220,161,0,0.0,0.0,5366
5,221,161,0,0.0,0.0,5367
5,222,161,0,0.0,0.0,5368
5,224,161,0,0.0,0.0,5369
5,226,161,0,0.0,0.0,5370
5,228,161,0,0.0,0.0,5371
5,229,161,0,0.0,0.0,5372
5,231,161,0,0.0,0.0,5373
5,242,161,0,0.0,0.0,5374
5,244,161,0,0.0,0.0,5375
5,245,161,0,0.0,0.0,5376
5,247,161,0,0.0,0.0,5377
5,248,161,0,0.0,0.0,5378
5,249,161,0,0.0,0.0,5379
5,251,161,0,0.0,0.0,5380
5,253,161,0,0.0,0.0,5381
6,6,161,0,0.0,0.0,5382
6,7,161,0,0.0,0.0,5383
6,9,161,0,0.0,0.0,5384
6,10,161,0,0.0,0.0,5385
6,11,161,0,0.0,0.0,5386
6,12,161,0,0.0,0.0,5387
6,13,161,0,0.0,0.0,5388
6,14,161,0,0.0,0.0,5389
6,15,161,0,0.0,0.0,5390
6,18,161,0,0.0,0.0,5391
6,19,161,0,0.0,0.0,5392
6,20,161,0,0.0,0.0,5393
6,21,161,0,0.0,0.0,5394
6,23,161,0,0.0,0.0,5395
6,24,161,0,0.0,0.0,5396
6,25,161,0,0.0,0.0,5397
6,26,161,0,0.0,0.0,5398
6,27,161,0,0.0,0.0,5399
6,28,161,0,0.0,0.0,5400
6,32,161,0,0.0,0.0,5401
6,33,161,0,0.0,0.0,5402
6,34,161,0,0.0,0.0,5403
6,36,161,0,0.0,0.0,5404
6,39,161,0,0.0,0.0,5405
6,40,161,0,0.0,0.0,5406
6,41,161,0,0.0,0.0,5407
6,42,161,0,0.0,0.0,5408
6,47,161,0,0.0,0.0,5409
6,49,161,0,0.0,0.0,5410
6,55,161,0,0.0,0.0,5411
6,58,161,0,0.0,0.0,5412
6,59,161,0,0.0,0.0,5413
6,60,161,0,0.0,0.0,5414
6,61,161,0,0.0,0.0,5415
6,62,161,0,0.0,0.0,5416
6,63,161,0,0.0,0.0,5417
6,64,161,0,0.0,0.0,5418
6,65,161,0,0.0,0.0,5419
6,67,161,0,0.0,0.0,5420
6,68,161,0,0.0,0.0,5421
6,70,161,0,0.0,0.0,5422
6,72,161,0,0.0,0.0,5423
6,75,161,0,0.0,0.0,5424
6,76,161,0,0.0,0.0,5425
6,77,161,0,0.0,0.0,5426
6,78,161,0,0.0,0.0,5427
6,79,161,0,0.0,0.0,5428
6,81,161,0,0.0,0.0,5429
6,83,161,0,0.0,0.0,5430
6,86,161,0,0.0,0.0,5431
6,90,161,0,0.0,0.0,5432
6,92,161,0,0.0,0.0,5433
6,93,161,0,0.0,0.0,5434
6,94,161,0,0.0,0.0,5435
6,95,161,0,0.0,0.0,5436
6,96,161,0,0.0,0.0,5437
6,97,161,0,0.0,0.0,5438
6,99,161,0,0.0,0.0,5439
6,100,161,0,0.0,0.0,5440
6,104,161,0,0.0,0.0,5441
6,106,161,0,0.0,0.0,5442
6,107,161,0,0.0,0.0,5443
6,108,161,0,0.0,0.0,5444
6,110,161,0,0.0,0.0,5445
6,111,161,0,0.0,0.0,5446
6,112,161,0,0.0,0.0,5447
6,113,161,0,0.0,0.0,5448
6,114,161,0,0.0,0.0,5449
6,115,161,0,0.0,0.0,5450
6,117,161,0,0.0,0.0,5451
6,119,161,0,0.0,0.0,5452
6,120,161,0,0.0,0.0,5453
6,123,161,0,0.0,0.0,5454
6,127,161,0,0.0,0.0,5455
6,133,161,0,0.0,0.0,5456
6,135,161,0,0.0,0.0,5457
6,138,161,0,0.0,0.0,5458
6,139,161,0,0.0,0.0,5459
6,140,161,0,0.0,0.0,5460
6,142,161,0,0.0,0.0,5461
6,143,161,0,0.0,0.0,5462
6,144,161,0,0.0,0.0,5463
6,146,161,0,0.0,0.0,5464
6,149,161,0,0.0,0.0,5465
6,150,161,0,0.0,0.0,5466
6,151,161,0,0.0,0.0,5467
6,155,161,0,0.0,0.0,5468
6,156,161,0,0.0,0.0,5469
6,158,161,0,0.0,0.0,5470
6,159,161,0,0.0,0.0,5471
6,161,161,0,0.0,0.0,5472
6,163,161,0,0.0,0.0,5473
6,165,161,0,0.0,0.0,5474
6,166,161,0,0.0,0.0,5475
6,168,161,0,0.0,0.0,5476
6,174,161,0,0.0,0.0,5477
6,178,161,0,0.0,0.0,5478
6,181,161,0,0.0,0.0,5479
6,182,161,0,0.0,0.0,5480
6,183,161,0,0.0,0.0,5481
6,185,161,0,0.0,0.0,5482
6,186,161,0,0.0,0.0,5483
6,188,161,0,0.0,0.0,5484
6,191,161,0,0.0,0.0,5485
6,192,161,0,0.0,0.0,5486
6,193,161,0,0.0,0.0,5487
6,195,161,0,0.0,0.0,5488
6,197,161,0,0.0,0.0,5489
6,198,161,0,0.0,0.0,5490
6,199,161,0,0.0,0.0,5491
6,201,161,0,0.0,0.0,5492
6,203,161,0,0.0,0.0,5493
6,205,161,0,0.0,0.0,5494
6,207,161,0,0.0,0.0,5495
6,209,161,0,0.0,0.0,5496
6,210,161,0,0.0,0.0,5497
6,211,161,0,0.0,0.0,5498
6,212,161,0,0.0,0.0,5499
6,213,161,0,0.0,0.0,5500
6,214,161,0,0.0,0.0,5501
6,218,161,0,0.0,0.0,5502
6,219,161,0,0.0,0.0,5503
6,222,161,0,0.0,0.0,5504
6,223,161,0,0.0,0.0,5505
6,226,161,0,0.0,0.0,5506
6,227,161,0,0.0,0.0,5507
6,228,161,0,0.0,0.0,5508
6,229,161,0,0.0,0.0,5509
6,230,161,0,0.0,0.0,5510
6,232,161,0,0.0,0.0,5511
6,233,161,0,0.0,0.0,5512
6,235,161,0,0.0,0.0,5513
6,236,161,0,0.0,0.0,5514
6,237,161,0,0.0,0.0,5515
6,239,161,0,0.0,0.0,5516
6,240,161,0,0.0,0.0,5517
6,242,161,0,0.0,0.0,5518
6,243,161,0,0.0,0.0,5519
6,244,161,0,0.0,0.0,5520
6,245,161,0,0.0,0.0,5521
6,246,161,0,0.0,0.0,5522
6,248,161,0,0.0,0.0,5523
6,249,161,0,0.0,0.0,5524
6,250,161,0,0.0,0.0,5525
6,251,161,0,0.0,0.0,5526
6,252,161,0,0.0,0.0,5527
6,253,161,0,0.0,0.0,5528
7,1,161,0,0.0,0.0,5529
7,2,161,0,0.0,0.0,5530
7,6,161,0,0.0,0.0,5531
7,7,161,0,0.0,0.0,5532
7,9,161,0,0.0,0.0,5533
7,10,161,0,0.0,0.0,5534
7,11,161,0,0.0,0.0,5535
7,12,161,0,0.0,0.0,5536
7,13,161,0,0.0,0.0,5537
7,18,161,0,0.0,0.0,5538
7,20,161,0,0.0,0.0,5539
7,21,161,0,0.0,0.0,5540
7,23,161,0,0.0,0.0,5541
7,24,161,0,0.0,0.0,5542
7,25,161,0,0.0,0.0,5543
7,28,161,0,0.0,0.0,5544
7,29,161,0,0.0,0.0,5545
7,30,161,0,0.0,0.0,5546
7,31,161,0,0.0,0.0,5547
7,32,161,0,0.0,0.0,5548
7,33,161,0,0.0,0.0,5549
7,35,161,0,0.0,0.0,5550
7,36,161,0,0.0,0.0,5551
7,38,161,0,0.0,0.0,5552
7,39,161,0,0.0,0.0,5553
7,40,161,0,0.0,0.0,5554
7,43,161,0,0.0,0.0,5555
7,44,161,0,0.0,0.0,5556
7,45,161,0,0.0,0.0,5557
7,46,161,0,0.0,0.0,5558
7,48,161,0,0.0,0.0,5559
7,49,161,0,0.0,0.0,5560
7,51,161,0,0.0,0.0,5561
7,52,161,0,0.0,0.0,5562
7,54,161,0,0.0,0.0,5563
7,59,161,0,0.0,0.0,5564
7,60,161,0,0.0,0.0,5565
7,61,161,0,0.0,0.0,5566
7,62,161,0,0.0,0.0,5567
7,64,161,0,0.0,0.0,5568
7,65,161,0,0.0,0.0,5569
7,67,161,0,0.0,0.0,5570
7,69,161,0,0.0,0.0,5571
7,70,161,0,0.0,0.0,5572
7,76,161,0,0.0,0.0,5573
7,78,161,0,0.0,0.0,5574
7,79,161,0,0.0,0.0,5575
7,80,161,0,0.0,0.0,5576
7,83,161,0,0.0,0.0,5577
7,85,161,0,0.0,0.0,5578
7,87,161,0,0.0,0.0,5579
7,88,161,0,0.0,0.0,5580
7,89,161,0,0.0,0.0,5581
7,90,161,0,0.0,0.0,5582
7,91,161,0,0.0,0.0,5583
7,93,161,0,0.0,0.0,5584
7,95,161,0,0.0,0.0,5585
7,97,161,0,0.0,0.0,5586
7,98,161,0,0.0,0.0,5587
7,103,161,0,0.0,0.0,5588
7,105,161,0,0.0,0.0,5589
7,106,161,0,0.0,0.0,5590
7,107,161,0,0.0,0.0,5591
7,108,161,0,0.0,0.0,5592
7,111,161,0,0.0,0.0,5593
7,113,161,0,0.0,0.0,5594
7,115,161,0,0.0,0.0,5595
7,116,161,0,0.0,0.0,5596
7,117,161,0,0.0,0.0,5597
7,119,161,0,0.0,0.0,5598
7,120,161,0,0.0,0.0,5599
7,121,161,0,0.0,0.0,5600
7,122,161,0,0.0,0.0,5601
7,124,161,0,0.0,0.0,5602
7,126,161,0,0.0,0.0,5603
7,128,161,0,0.0,0.0,5604
7,129,161,0,0.0,0.0,5605
7,130,161,0,0.0,0.0,5606
7,133,161,0,0.0,0.0,5607
7,134,161,0,0.0,0.0,5608
7,135,161,0,0.0,0.0,5609
7,136,161,0,0.0,0.0,5610
7,138,161,0,0.0,0.0,5611
7,140,161,0,0.0,0.0,5612
7,141,161,0,0.0,0.0,5613
7,143,161,0,0.0,0.0,5614
7,144,161,0,0.0,0.0,5615
7,145,161,0,0.0,0.0,5616
7,151,161,0,0.0,0.0,5617
7,154,161,0,0.0,0.0,5618
7,155,161,0,0.0,0.0,5619
7,156,161,0,0.0,0.0,5620
7,157,161,0,0.0,0.0,5621
7,158,161,0,0.0,0.0,5622
7,159,161,0,0.0,0.0,5623
7,160,161,0,0.0,0.0,5624
7,161,161,0,0.0,0.0,5625
7,162,161,0,0.0,0.0,5626
7,165,161,0,0.0,0.0,5627
7,166,161,0,0.0,0.0,5628
7,167,161,0,0.0,0.0,5629
7,168,161,0,0.0,0.0,5630
7,169,161,0,0.0,0.0,5631
7,170,161,0,0.0,0.0,5632
7,171,161,0,0.0,0.0,5633
7,175,161,0,0.0,0.0,5634
7,176,161,0,0.0,0.0,5635
7,177,161,0,0.0,0.0,5636
7,180,161,0,0.0,0.0,5637
7,181,161,0,0.0,0.0,5638
7,182,161,0,0.0,0.0,5639
7,183,161,0,0.0,0.0,5640
7,185,161,0,0.0,0.0,5641
7,186,161,0,0.0,0.0,5642
7,187,161,0,0.0,0.0,5643
7,189,161,0,0.0,0.0,5644
7,192,161,0,0.0,0.0,5645
7,193,161,0,0.0,0.0,5646
7,195,161,0,0.0,0.0,5647
7,197,161,0,0.0,0.0,5648
7,198,161,0,0.0,0.0,5649
7,199,161,0,0.0,0.0,5650
7,202,161,0,0.0,0.0,5651
7,203,161,0,0.0,0.0,5652
7,204,161,0,0.0,0.0,5653
7,205,161,0,0.0,0.0,5654
7,206,161,0,0.0,0.0,5655
7,208,161,0,0.0,0.0,5656
7,209,161,0,0.0,0.0,5657
7,210,161,0,0.0,0.0,5658
7,212,161,0,0.0,0.0,5659
7,213,161,0,0.0,0.0,5660
7,216,161,0,0.0,0.0,5661
7,217,161,0,0.0,0.0,5662
7,222,161,0,0.0,0.0,5663
7,223,161,0,0.0,0.0,5664
7,224,161,0,0.0,0.0,5665
7,225,161,0,0.0,0.0,5666
7,226,161,0,0.0,0.0,5667
7,227,161,0,0.0,0.0,5668
7,230,161,0,0.0,0.0,5669
7,231,161,0,0.0,0.0,5670
7,233,161,0,0.0,0.0,5671
7,235,161,0,0.0,0.0,5672
7,236,161,0,0.0,0.0,5673
7,238,161,0,0.0,0.0,5674
7,239,161,0,0.0,0.0,5675
7,240,161,0,0.0,0.0,5676
7,241,161,0,0.0,0.0,5677
7,248,161,0,0.0,0.0,5678
7,249,161,0,0.0,0.0,5679
7,250,161,0,0.0,0.0,5680
7,251,161,0,0.0,0.0,5681
7,253,161,0,0.0,0.0,5682
8,0,161,0,0.0,0.0,5683
8,1,161,0,0.0,0.0,5684
8,2,161,0,0.0,0.0,5685
8,3,161,0,0.0,0.0,5686
8,4,161,0,0.0,0.0,5687
8,5,161,0,0.0,0.0,5688
8,6,161,0,0.0,0.0,5689
8,8,161,0,0.0,0.0,5690
8,10,161,0,0.0,0.0,5691
8,11,161,0,0.0,0.0,5692
8,12,161,0,0.0,0.0,5693
8,13,161,0,0.0,0.0,5694
8,14,161,0,0.0,0.0,5695
8,18,161,0,0.0,0.0,5696
8,19,161,0,0.0,0.0,5697
8,22,161,0,0.0,0.0,5698
8,25,161,0,0.0,0.0,5699
8,26,161,0,0.0,0.0,5700
8,27,161,0,0.0,0.0,5701
8,28,161,0,0.0,0.0,5702
8,30,161,0,0.0,0.0,5703
8,39,161,0,0.0,0.0,5704
8,41,161,0,0.0,0.0,5705
8,47,161,0,0.0,0.0,5706
8,50,161,0,0.0,0.0,5707
8,51,161,0,0.0,0.0,5708
8,52,161,0,0.0,0.0,5709
8,53,161,0,0.0,0.0,5710
8,56,161,0,0.0,0.0,5711
8,57,161,0,0.0,0.0,5712
8,58,161,0,0.0,0.0,5713
8,60,161,0,0.0,0.0,5714
8,63,161,0,0.0,0.0,5715
8,67,161,0,0.0,0.0,5716
8,68,161,0,0.0,0.0,5717
8,71,161,0,0.0,0.0,5718
8,74,161,0,0.0,0.0,5719
8,76,161,0,0.0,0.0,5720
8,77,161,0,0.0,0.0,5721
8,78,161,0,0.0,0.0,5722
8,83,161,0,0.0,0.0,5723
8,84,161,0,0.0,0.0,5724
8,86,161,0,0.0,0.0,5725
8,87,161,0,0.0,0.0,5726
8,89,161,0,0.0,0.0,5727
8,92,161,0,0.0,0.0,5728
8,96,161,0,0.0,0.0,5729
8,97,161,0,0.0,0.0,5730
8,98,161,0,0.0,0.0,5731
8,100,161,0,0.0,0.0,5732
8,101,161,0,0.0,0.0,5733
8,102,161,0,0.0,0.0,5734
8,105,161,0,0.0,0.0,5735
8,107,161,0,0.0,0.0,5736
8,111,161,0,0.0,0.0,5737
8,112,161,0,0.0,0.0,5738
8,114,161,0,0.0,0.0,5739
8,115,161,0,0.0,0.0,5740
8,116,161,0,0.0,0.0,5741
8,117,161,0,0.0,0.0,5742
8,120,161,0,0.0,0.0,5743
8,122,161,0,0.0,0.0,5744
8,123,161,0,0.0,0.0,5745
8,124,161,0,0.0,0.0,5746
8,125,161,0,0.0,0.0,5747
8,129,161,0,0.0,0.0,5748
8,130,161,0,0.0,0.0,5749
8,131,161,0,0.0,0.0,5750
8,136,161,0,0.0,0.0,5751
8,138,161,0,0.0,0.0,5752
8,139,161,0,0.0,0.0,5753
8,140,161,0,0.0,0.0,5754
8,141,161,0,0.0,0.0,5755
8,142,161,0,0.0,0.0,5756
8,143,161,0,0.0,0.0,5757
8,145,161,0,0.0,0.0,5758
8,147,161,0,0.0,0.0,5759
8,148,161,0,0.0,0.0,5760
8,151,161,0,0.0,0.0,5761
8,155,161,0,0.0,0.0,5762
8,159,161,0,0.0,0.0,5763
8,160,161,0,0.0,0.0,5764
8,164,161,0,0.0,0.0,5765
8,167,161,0,0.0,0.0,5766
8,168,161,0,0.0,0.0,5767
8,171,161,0,0.0,0.0,5768
8,173,161,0,0.0,0.0,5769
8,174,161,0,0.0,0.0,5770
8,178,161,0,0.0,0.0,5771
8,179,161,0,0.0,0.0,5772
8,180,161,0,0.0,0.0,5773
8,182,161,0,0.0,0.0,5774
8,186,161,0,0.0,0.0,5775
8,187,161,0,0.0,0.0,5776
8,189,161,0,0.0,0.0,5777
8,192,161,0,0.0,0.0,5778
8,194,161,0,0.0,0.0,5779
8,198,161,0,0.0,0.0,5780
8,199,161,0,0.0,0.0,5781
8,200,161,0,0.0,0.0,5782
8,201,161,0,0.0,0.0,5783
8,202,161,0,0.0,0.0,5784
8,203,161,0,0.0,0.0,5785
8,206,161,0,0.0,0.0,5786
8,207,161,0,0.0,0.0,5787
8,208,161,0,0.0,0.0,5788
8,210,161,0,0.0,0.0,5789
8,212,161,0,0.0,0.0,5790
8,214,161,0,0.0,0.0,5791
8,215,161,0,0.0,0.0,5792
8,216,161,0,0.0,0.0,5793
8,217,161,0,0.0,0.0,5794
8,219,161,0,0.0,0.0,5795
8,221,161,0,0.0,0.0,5796
8,222,161,0,0.0,0.0,5797
8,223,161,0,0.0,0.0,5798
8,224,161,0,0.0,0.0,5799
8,225,161,0,0.0,0.0,5800
8,226,161,0,0.0,0.0,5801
8,230,161,0,0.0,0.0,5802
8,231,161,0,0.0,0.0,5803
8,236,161,0,0.0,0.0,5804
8,240,161,0,0.0,0.0,5805
8,241,161,0,0.0,0.0,5806
8,242,161,0,0.0,0.0,5807
8,243,161,0,0.0,0.0,5808
8,245,161,0,0.0,0.0,5809
8,246,161,0,0.0,0.0,5810
8,247,161,0,0.0,0.0,5811
8,248,161,0,0.0,0.0,5812
8,249,161,0,0.0,0.0,5813
8,251,161,0,0.0,0.0,5814
8,252,161,0,0.0,0.0,5815
8,254,161,0,0.0,0.0,5816
9,0,161,0,0.0,0.0,5817
9,2,161,0,0.0,0.0,5818
9,3,161,0,0.0,0.0,5819
9,4,161,0,0.0,0.0,5820
9,6,161,0,0.0,0.0,5821
9,7,161,0,0.0,0.0,5822
9,8,161,0,0.0,0.0,5823
9,9,161,0,0.0,0.0,5824
9,12,161,0,0.0,0.0,5825
9,15,161,0,0.0,0.0,5826
9,16,161,0,0.0,0.0,5827
9,17,161,0,0.0,0.0,5828
9,18,161,0,0.0,0.0,5829
9,19,161,0,0.0,0.0,5830
9,22,161,0,0.0,0.0,5831
9,23,161,0,0.0,0.0,5832
9,25,161,0,0.0,0.0,5833
9,27,161,0,0.0,0.0,5834
9,28,161,0,0.0,0.0,5835
9,32,161,0,0.0,0.0,5836
9,33,161,0,0.0,0.0,5837
9,34,161,0,0.0,0.0,5838
9,35,161,0,0.0,0.0,5839
9,37,161,0,0.0,0.0,5840
9,38,161,0,0.0,0.0,5841
9,39,161,0,0.0,0.0,5842
9,40,161,0,0.0,0.0,5843
9,43,161,0,0.0,0.0,5844
9,44,161,0,0.0,0.0,5845
9,45,161,0,0.0,0.0,5846
9,46,161,0,0.0,0.0,5847
9,48,161,0,0.0,0.0,5848
9,49,161,0,0.0,0.0,5849
9,54,161,0,0.0,0.0,5850
9,55,161,0,0.0,0.0,5851
9,56,161,0,0.0,0.0,5852
9,58,161,0,0.0,0.0,5853
9,59,161,0,0.0,0.0,5854
9,60,161,0,0.0,0.0,5855
9,62,161,0,0.0,0.0,5856
9,65,161,0,0.0,0.0,5857
9,66,161,0,0.0,0.0,5858
9,70,161,0,0.0,0.0,5859
9,74,161,0,0.0,0.0,5860
9,75,161,0,0.0,0.0,5861
9,76,161,0,0.0,0.0,5862
9,77,161,0,0.0,0.0,5863
9,79,161,0,0.0,0.0,5864
9,82,161,0,0.0,0.0,5865
9,83,161,0,0.0,0.0,5866
9,84,161,0,0.0,0.0,5867
9,87,161,0,0.0,0.0,5868
9,88,161,0,0.0,0.0,5869
9,92,161,0,0.0,0.0,5870
9,93,161,0,0.0,0.0,5871
9,94,161,0,0.0,0.0,5872
9,95,161,0,0.0,0.0,5873
9,97,161,0,0.0,0.0,5874
9,100,161,0,0.0,0.0,5875
9,102,161,0,0.0,0.0,5876
9,104,161,0,0.0,0.0,5877
9,105,161,0,0.0,0.0,5878
9,106,161,0,0.0,0.0,5879
9,107,161,0,0.0,0.0,5880
9,108,161,0,0.0,0.0,5881
9,110,161,0,0.0,0.0,5882
9,112,161,0,0.0,0.0,5883
9,114,161,0,0.0,0.0,5884
9,115,161,0,0.0,0.0,5885
9,118,161,0,0.0,0.0,5886
9,119,161,0,0.0,0.0,5887
9,120,161,0,0.0,0.0,5888
9,121,161,0,0.0,0.0,5889
9,122,161,0,0.0,0.0,5890
9,123,161,0,0.0,0.0,5891
9,125,161,0,0.0,0.0,5892
9,127,161,0,0.0,0.0,5893
9,129,161,0,0.0,0.0,5894
9,130,161,0,0.0,0.0,5895
9,131,161,0,0.0,0.0,5896
9,133,161,0,0.0,0.0,5897
9,134,161,0,0.0,0.0,5898
9,135,161,0,0.0,0.0,5899
9,136,161,0,0.0,0.0,5900
9,137,161,0,0.0,0.0,5901
9,139,161,0,0.0,0.0,5902
9,140,161,0,0.0,0.0,5903
9,143,161,0,0.0,0.0,5904
9,146,161,0,0.0,0.0,5905
9,147,161,0,0.0,0.0,5906
9,148,161,0,0.0,0.0,5907
9,149,161,0,0.0,0.0,5908
9,150,161,0,0.0,0.0,5909
9,152,161,0,0.0,0.0,5910
9,153,161,0,0.0,0.0,5911
9,154,161,0,0.0,0.0,5912
9,156,161,0,0.0,0.0,5913
9,157,161,0,0.0,0.0,5914
9,158,161,0,0.0,0.0,5915
9,160,161,0,0.0,0.0,5916
9,161,161,0,0.0,0.0,5917
9,164,161,0,0.0,0.0,5918
9,165,161,0,0.0,0.0,5919
9,166,161,0,0.0,0.0,5920
9,168,161,0,0.0,0.0,5921
9,169,161,0,0.0,0.0,5922
9,170,161,0,0.0,0.0,5923
9,171,161,0,0.0,0.0,5924
9,174,161,0,0.0,0.0,5925
9,175,161,0,0.0,0.0,5926
9,176,161,0,0.0,0.0,5927
9,178,161,0,0.0,0.0,5928
9,179,161,0,0.0,0.0,5929
9,180,161,0,0.0,0.0,5930
9,182,161,0,0.0,0.0,5931
9,184,161,0,0.0,0.0,5932
9,186,161,0,0.0,0.0,5933
9,187,161,0,0.0,0.0,5934
9,188,161,0,0.0,0.0,5935
9,190,161,0,0.0,0.0,5936
9,192,161,0,0.0,0.0,5937
9,194,161,0,0.0,0.0,5938
9,195,161,0,0.0,0.0,5939
9,196,161,0,0.0,0.0,5940
9,200,161,0,0.0,0.0,5941
9,201,161,0,0.0,0.0,5942
9,204,161,0,0.0,0.0,5943
9,205,161,0,0.0,0.0,5944
9,207,161,0,0.0,0.0,5945
9,209,161,0,0.0,0.0,5946
9,211,161,0,0.0,0.0,5947
9,212,161,0,0.0,0.0,5948
9,213,161,0,0.0,0.0,5949
9,215,161,0,0.0,0.0,5950
9,216,161,0,0.0,0.0,5951
9,217,161,0,0.0,0.0,5952
9,219,161,0,0.0,0.0,5953
9,220,161,0,0.0,0.0,5954
9,221,161,0,0.0,0.0,5955
9,222,161,0,0.0,0.0,5956
9,225,161,0,0.0,0.0,5957
9,226,161,0,0.0,0.0,5958
9,227,161,0,0.0,0.0,5959
9,229,161,0,0.0,0.0,5960
9,230,161,0,0.0,0.0,5961
9,231,161,0,0.0,0.0,5962
9,233,161,0,0.0,0.0,5963
9,235,161,0,0.0,0.0,5964
9,237,161,0,0.0,0.0,5965
9,242,161,0,0.0,0.0,5966
9,244,161,0,0.0,0.0,5967
9,245,161,0,0.0,0.0,5968
9,246,161,0,0.0,0.0,5969
9,247,161,0,0.0,0.0,5970
9,252,161,0,0.0,0.0,5971
9,253,161,0,0.0,0.0,5972
10,0,161,0,0.0,0.0,5973
10,1,161,0,0.0,0.0,5974
10,2,161,0,0.0,0.0,5975
10,3,161,0,0.0,0.0,5976
10,4,161,0,0.0,0.0,5977
10,6,161,0,0.0,0.0,5978
10,9,161,0,0.0,0.0,5979
10,10,161,0,0.0,0.0,5980
10,11,161,0,0.0,0.0,5981
10,14,161,0,0.0,0.0,5982
10,17,161,0,0.0,0.0,5983
10,18,161,0,0.0,0.0,5984
10,20,161,0,0.0,0.0,5985
10,21,161,0,0.0,0.0,5986
10,22,161,0,0.0,0.0,5987
10,24,161,0,0.0,0.0,5988
10,29,161,0,0.0,0.0,5989
10,30,161,0,0.0,0.0,5990
10,32,161,0,0.0,0.0,5991
10,35,161,0,0.0,0.0,5992
10,36,161,0,0.0,0.0,5993
10,37,161,0,0.0,0.0,5994
10,38,161,0,0.0,0.0,5995
10,39,161,0,0.0,0.0,5996
10,41,161,0,0.0,0.0,5997
10,43,161,0,0.0,0.0,5998
10,44,161,0,0.0,0.0,5999
10,46,161,0,0.0,0.0,6000
10,47,161,0,0.0,0.0,6001
10,48,161,0,0.0,0.0,6002
10,49,161,0,0.0,0.0,6003
10,50,161,0,0.0,0.0,6004
10,51,161,0,0.0,0.0,6005
10,52,161,0,0.0,0.0,6006
10,53,161,0,0.0,0.0,6007
10,54,161,0,0.0,0.0,6008
10,55,161,0,0.0,0.0,6009
10,62,161,0,0.0,0.0,6010
10,64,161,0,0.0,0.0,6011
10,65,161,0,0.0,0.0,6012
10,66,161,0,0.0,0.0,6013
10,67,161,0,0.0,0.0,6014
10,68,161,0,0.0,0.0,6015
10,69,161,0,0.0,0.0,6016
10,74,161,0,0.0,0.0,6017
10,77,161,0,0.0,0.0,6018
10,78,161,0,0.0,0.0,6019
10,80,161,0,0.0,0.0,6020
10,84,161,0,0.0,0.0,6021
10,85,161,0,0.0,0.0,6022
10,88,161,0,0.0,0.0,6023
10,89,161,0,0.0,0.0,6024
10,90,161,0,0.0,0.0,6025
10,96,161,0,0.0,0.0,6026
10,97,161,0,0.0,0.0,6027
10,100,161,0,0.0,0.0,6028
10,102,161,0,0.0,0.0,6029
10,103,161,0,0.0,0.0,6030
10,104,161,0,0.0,0.0,6031
10,105,161,0,0.0,0.0,6032
10,106,161,0,0.0,0.0,6033
10,107,161,0,0.0,0.0,6034
10,108,161,0,0.0,0.0,6035
10,109,161,0,0.0,0.0,6036
10,110,161,0,0.0,0.0,6037
10,111,161,0,0.0,0.0,6038
10,112,161,0,0.0,0.0,6039
10,113,161,0,0.0,0.0,6040
10,114,161,0,0.0,0.0,6041
10,115,161,0,0.0,0.0,6042
10,118,161,0,0.0,0.0,6043
10,120,161,0,0.0,0.0,6044
10,121,161,0,0.0,0.0,6045
10,124,161,0,0.0,0.0,6046
10,125,161,0,0.0,0.0,6047
10,126,161,0,0.0,0.0,6048
10,128,161,0,0.0,0.0,6049
10,129,161,0,0.0,0.0,6050
10,131,161,0,0.0,0.0,6051
10,133,161,0,0.0,0.0,6052
10,135,161,0,0.0,0.0,6053
10,136,161,0,0.0,0.0,6054
10,137,161,0,0.0,0.0,6055
10,139,161,0,0.0,0.0,6056
10,140,161,0,0.0,0.0,6057
10,142,161,0,0.0,0.0,6058
10,145,161,0,0.0,0.0,6059
10,146,161,0,0.0,0.0,6060
10,148,161,0,0.0,0.0,6061
10,150,161,0,0.0,0.0,6062
10,151,161,0,0.0,0.0,6063
10,153,161,0,0.0,0.0,6064
10,155,161,0,0.0,0.0,6065
10,156,161,0,0.0,0.0,6066
10,158,161,0,0.0,0.0,6067
10,159,161,0,0.0,0.0,6068
10,160,161,0,0.0,0.0,6069
10,161,161,0,0.0,0.0,6070
10,168,161,0,0.0,0.0,6071
10,169,161,0,0.0,0.0,6072
10,170,161,0,0.0,0.0,6073
10,171,161,0,0.0,0.0,6074
10,172,161,0,0.0,0.0,6075
10,173,161,0,0.0,0.0,6076
10,174,161,0,0.0,0.0,6077
10,175,161,0,0.0,0.0,6078
10,176,161,0,0.0,0.0,6079
10,177,161,0,0.0,0.0,6080
10,178,161,0,0.0,0.0,6081
10,179,161,0,0.0,0.0,6082
10,180,161,0,0.0,0.0,6083
10,181,161,0,0.0,0.0,6084
10,182,161,0,0.0,0.0,6085
10,183,161,0,0.0,0.0,6086
10,185,161,0,0.0,0.0,6087
10,186,161,0,0.0,0.0,6088
10,187,161,0,0.0,0.0,6089
10,188,161,0,0.0,0.0,6090
10,189,161,0,0.0,0.0,6091
10,191,161,0,0.0,0.0,6092
10,192,161,0,0.0,0.0,6093
10,193,161,0,0.0,0.0,6094
10,195,161,0,0.0,0.0,6095
10,196,161,0,0.0,0.0,6096
10,197,161,0,0.0,0.0,6097
10,198,161,0,0.0,0.0,6098
10,200,161,0,0.0,0.0,6099
10,202,161,0,0.0,0.0,6100
10,206,161,0,0.0,0.0,6101
10,207,161,0,0.0,0.0,6102
10,208,161,0,0.0,0.0,6103
10,209,161,0,0.0,0.0,6104
10,210,161,0,0.0,0.0,6105
10,211,161,0,0.0,0.0,6106
10,213,161,0,0.0,0.0,6107
10,214,161,0,0.0,0.0,6108
10,215,161,0,0.0,0.0,6109
10,221,161,0,0.0,0.0,6110
10,223,161,0,0.0,0.0,6111
10,225,161,0,0.0,0.0,6112
10,228,161,0,0.0,0.0,6113
10,229,161,0,0.0,0.0,6114
10,231,161,0,0.0,0.0,6115
10,232,161,0,0.0,0.0,6116
10,235,161,0,0.0,0.0,6117
10,237,161,0,0.0,0.0,6118
10,238,161,0,0.0,0.0,6119
10,240,161,0,0.0,0.0,6120
10,241,161,0,0.0,0.0,6121
10,242,161,0,0.0,0.0,6122
10,244,161,0,0.0,0.0,6123
10,248,161,0,0.0,0.0,6124
10,249,161,0,0.0,0.0,6125
10,250,161,0,0.0,0.0,6126
10,251,161,0,0.0,0.0,6127
10,253,161,0,0.0,0.0,6128
10,254,161,0,0.0,0.0,6129
11,0,161,0,0.0,0.0,6130
11,2,161,0,0.0,0.0,6131
11,3,161,0,0.0,0.0,6132
11,4,161,0,0.0,0.0,6133
11,5,161,0,0.0,0.0,6134
11,8,161,0,0.0,0.0,6135
11,9,161,0,0.0,0.0,6136
11,10,161,0,0.0,0.0,6137
11,11,161,0,0.0,0.0,6138
11,13,161,0,0.0,0.0,6139
11,15,161,0,0.0,0.0,6140
11,16,161,0,0.0,0.0,6141
11,17,161,0,0.0,0.0,6142
11,19,161,0,0.0,0.0,6143
11,20,161,0,0.0,0.0,6144
11,21,161,0,0.0,0.0,6145
11,22,161,0,0.0,0.0,6146
11,26,161,0,0.0,0.0,6147
11,30,161,0,0.0,0.0,6148
11,31,161,0,0.0,0.0,6149
11,32,161,0,0.0,0.0,6150
11,33,161,0,0.0,0.0,6151
11,34,161,0,0.0,0.0,6152
11,35,161,0,0.0,0.0,6153
11,36,161,0,0.0,0.0,6154
11,39,161,0,0.0,0.0,6155
11,41,161,0,0.0,0.0,6156
11,42,161,0,0.0,0.0,6157
11,43,161,0,0.0,0.0,6158
11,44,161,0,0.0,0.0,6159
11,46,161,0,0.0,0.0,6160
11,47,161,0,0.0,0.0,6161
11,48,161,0,0.0,0.0,6162
11,49,161,0,0.0,0.0,6163
11,50,161,0,0.0,0.0,6164
11,53,161,0,0.0,0.0,6165
11,59,161,0,0.0,0.0,6166
11,61,161,0,0.0,0.0,6167
11,62,161,0,0.0,0.0,6168
11,64,161,0,0.0,0.0,6169
11,68,161,0,0.0,0.0,6170
11,69,161,0,0.0,0.0,6171
11,70,161,0,0.0,0.0,6172
11,71,161,0,0.0,0.0,6173
11,74,161,0,0.0,0.0,6174
11,77,161,0,0.0,0.0,6175
11,79,161,0,0.0,0.0,6176
11,84,161,0,0.0,0.0,6177
11,88,161,0,0.0,0.0,6178
11,89,161,0,0.0,0.0,6179
11,90,161,0,0.0,0.0,6180
11,91,161,0,0.0,0.0,6181
11,95,161,0,0.0,0.0,6182
11,98,161,0,0.0,0.0,6183
11,99,161,0,0.0,0.0,6184
11,100,161,0,0.0,0.0,6185
11,104,161,0,0.0,0.0,6186
11,107,161,0,0.0,0.0,6187
11,108,161,0,0.0,0.0,6188
11,111,161,0,0.0,0.0,6189
11,112,161,0,0.0,0.0,6190
11,113,161,0,0.0,0.0,6191
11,114,161,0,0.0,0.0,6192
11,115,161,0,0.0,0.0,6193
11,116,161,0,0.0,0.0,6194
11,118,161,0,0.0,0.0,6195
11,123,161,0,0.0,0.0,6196
11,124,161,0,0.0,0.0,6197
11,125,161,0,0.0,0.0,6198
11,126,161,0,0.0,0.0,6199
11,127,161,0,0.0,0.0,6200
11,129,161,0,0.0,0.0,6201
11,130,161,0,0.0,0.0,6202
11,131,161,0,0.0,0.0,6203
11,133,161,0,0.0,0.0,6204
11,135,161,0,0.0,0.0,6205
11,137,161,0,0.0,0.0,6206
11,142,161,0,0.0,0.0,6207
11,143,161,0,0.0,0.0,6208
11,145,161,0,0.0,0.0,6209
11,147,161,0,0.0,0.0,6210
11,149,161,0,0.0,0.0,6211
11,150,161,0,0.0,0.0,6212
11,151,161,0,0.0,0.0,6213
11,153,161,0,0.0,0.0,6214
11,155,161,0,0.0,0.0,6215
11,156,161,0,0.0,0.0,6216
11,158,161,0,0.0,0.0,6217
11,163,161,0,0.0,0.0,6218
11,166,161,0,0.0,0.0,6219
11,167,161,0,0.0,0.0,6220
11,169,161,0,0.0,0.0,6221
11,170,161,0,0.0,0.0,6222
11,171,161,0,0.0,0.0,6223
11,172,161,0,0.0,0.0,6224
11,175,161,0,0.0,0.0,6225
11,176,161,0,0.0,0.0,6226
11,178,161,0,0.0,0.0,6227
11,179,161,0,0.0,0.0,6228
11,181,161,0,0.0,0.0,6229
11,182,161,0,0.0,0.0,6230
11,184,161,0,0.0,0.0,6231
11,185,161,0,0.0,0.0,6232
11,189,161,0,0.0,0.0,6233
11,190,161,0,0.0,0.0,6234
11,191,161,0,0.0,0.0,6235
11,192,161,0,0.0,0.0,6236
11,194,161,0,0.0,0.0,6237
11,195,161,0,0.0,0.0,6238
11,197,161,0,0.0,0.0,6239
11,198,161,0,0.0,0.0,6240
11,199,161,0,0.0,0.0,6241
11,200,161,0,0.0,0.0,6242
11,202,161,0,0.0,0.0,6243
11,204,161,0,0.0,0.0,6244
11,205,161,0,0.0,0.0,6245
11,206,161,0,0.0,0.0,6246
11,208,161,0,0.0,0.0,6247
11,209,161,0,0.0,0.0,6248
11,210,161,0,0.0,0.0,6249
11,211,161,0,0.0,0.0,6250
11,212,161,0,0.0,0.0,6251
11,213,161,0,0.0,0.0,6252
11,214,161,0,0.0,0.0,6253
11,215,161,0,0.0,0.0,6254
11,216,161,0,0.0,0.0,6255
11,217,161,0,0.0,0.0,6256
11,218,161,0,0.0,0.0,6257
11,219,161,0,0.0,0.0,6258
11,220,161,0,0.0,0.0,6259
11,222,161,0,0.0,0.0,6260
11,231,161,0,0.0,0.0,6261
11,232,161,0,0.0,0.0,6262
11,233,161,0,0.0,0.0,6263
11,234,161,0,0.0,0.0,6264
11,236,161,0,0.0,0.0,6265
11,237,161,0,0.0,0.0,6266
11,240,161,0,0.0,0.0,6267
11,241,161,0,0.0,0.0,6268
11,242,161,0,0.0,0.0,6269
11,247,161,0,0.0,0.0,6270
11,248,161,0,0.0,0.0,6271
11,249,161,0,0.0,0.0,6272
11,250,161,0,0.0,0.0,6273
11,252,161,0,0.0,0.0,6274
11,253,161,0,0.0,0.0,6275
11,254,161,0,0.0,0.0,6276
12,0,161,0,0.0,0.0,6277
12,3,161,0,0.0,0.0,6278
12,4,161,0,0.0,0.0,6279
12,6,161,0,0.0,0.0,6280
12,8,161,0,0.0,0.0,6281
12,9,161,0,0.0,0.0,6282
12,11,161,0,0.0,0.0,6283
12,14,161,0,0.0,0.0,6284
12,15,161,0,0.0,0.0,6285
12,17,161,0,0.0,0.0,6286
12,20,161,0,0.0,0.0,6287
12,25,161,0,0.0,0.0,6288
12,30,161,0,0.0,0.0,6289
12,32,161,0,0.0,0.0,6290
12,33,161,0,0.0,0.0,6291
12,36,161,0,0.0,0.0,6292
12,38,161,0,0.0,0.0,6293
12,41,161,0,0.0,0.0,6294
12,42,161,0,0.0,0.0,6295
12,44,161,0,0.0,0.0,6296
12,45,161,0,0.0,0.0,6297
12,46,161,0,0.0,0.0,6298
12,50,161,0,0.0,0.0,6299
12,52,161,0,0.0,0.0,6300
12,53,161,0,0.0,0.0,6301
12,54,161,0,0.0,0.0,6302
12,57,161,0,0.0,0.0,6303
12,58,161,0,0.0,0.0,6304
12,59,161,0,0.0,0.0,6305
12,61,161,0,0.0,0.0,6306
12,62,161,0,0.0,0.0,6307
12,63,161,0,0.0,0.0,6308
12,65,161,0,0.0,0.0,6309
12,66,161,0,0.0,0.0,6310
12,67,161,0,0.0,0.0,6311
12,68,161,0,0.0,0.0,6312
12,71,161,0,0.0,0.0,6313
12,74,161,0,0.0,0.0,6314
12,76,161,0,0.0,0.0,6315
12,78,161,0,0.0,0.0,6316
12,79,161,0,0.0,0.0,6317
12,80,161,0,0.0,0.0,6318
12,81,161,0,0.0,0.0,6319
12,82,161,0,0.0,0.0,6320
12,83,161,0,0.0,0.0,6321
12,84,161,0,0.0,0.0,6322
12,85,161,0,0.0,0.0,6323
12,88,161,0,0.0,0.0,6324
12,90,161,0,0.0,0.0,6325
12,91,161,0,0.0,0.0,6326
12,93,161,0,0.0,0.0,6327
12,94,161,0,0.0,0.0,6328
12,95,161,0,0.0,0.0,6329
12,101,161,0,0.0,0.0,6330
12,103,161,0,0.0,0.0,6331
12,104,161,0,0.0,0.0,6332
12,105,161,0,0.0,0.0,6333
12,106,161,0,0.0,0.0,6334
12,107,161,0,0.0,0.0,6335
12,110,161,0,0.0,0.0,6336
12,111,161,0,0.0,0.0,6337
12,112,161,0,0.0,0.0,6338
12,114,161,0,0.0,0.0,6339
12,116,161,0,0.0,0.0,6340
12,119,161,0,0.0,0.0,6341
12,122,161,0,0.0,0.0,6342
12,123,161,0,0.0,0.0,6343
12,124,161,0,0.0,0.0,6344
12,126,161,0,0.0,0.0,6345
12,127,161,0,0.0,0.0,6346
12,133,161,0,0.0,0.0,6347
12,134,161,0,0.0,0.0,6348
12,135,161,0,0.0,0.0,6349
12,140,161,0,0.0,0.0,6350
12,142,161,0,0.0,0.0,6351
12,148,161,0,0.0,0.0,6352
12,153,161,0,0.0,0.0,6353
12,158,161,0,0.0,0.0,6354
12,159,161,0,0.0,0.0,6355
12,161,161,0,0.0,0.0,6356
12,163,161,0,0.0,0.0,6357
12,165,161,0,0.0,0.0,6358
12,166,161,0,0.0,0.0,6359
12,170,161,0,0.0,0.0,6360
12,172,161,0,0.0,0.0,6361
12,177,161,0,0.0,0.0,6362
12,179,161,0,0.0,0.0,6363
12,181,161,0,0.0,0.0,6364
12,183,161,0,0.0,0.0,6365
12,184,161,0,0.0,0.0,6366
12,186,161,0,0.0,0.0,6367
12,188,161,0,0.0,0.0,6368
12,189,161,0,0.0,0.0,6369
12,191,161,0,0.0,0.0,6370
12,194,161,0,0.0,0.0,6371
12,195,161,0,0.0,0.0,6372
12,197,161,0,0.0,0.0,6373
12,198,161,0,0.0,0.0,6374
12,200,161,0,0.0,0.0,6375
12,201,161,0,0.0,0.0,6376
12,202,161,0,0.0,0.0,6377
12,203,161,0,0.0,0.0,6378
12,205,161,0,0.0,0.0,6379
12,206,161,0,0.0,0.0,6380
12,208,161,0,0.0,0.0,6381
12,211,161,0,0.0,0.0,6382
12,212,161,0,0.0,0.0,6383
12,214,161,0,0.0,0.0,6384
12,215,161,0,0.0,0.0,6385
12,216,161,0,0.0,0.0,6386
12,218,161,0,0.0,0.0,6387
12,221,161,0,0.0,0.0,6388
12,222,161,0,0.0,0.0,6389
12,223,161,0,0.0,0.0,6390
12,224,161,0,0.0,0.0,6391
12,226,161,0,0.0,0.0,6392
12,227,161,0,0.0,0.0,6393
12,228,161,0,0.0,0.0,6394
12,229,161,0,0.0,0.0,6395
12,230,161,0,0.0,0.0,6396
12,234,161,0,0.0,0.0,6397
12,239,161,0,0.0,0.0,6398
12,241,161,0,0.0,0.0,6399
12,243,161,0,0.0,0.0,6400
12,244,161,0,0.0,0.0,6401
12,245,161,0,0.0,0.0,6402
12,248,161,0,0.0,0.0,6403
12,251,161,0,0.0,0.0,6404
12,252,161,0,0.0,0.0,6405
12,253,161,0,0.0,0.0,6406
12,254,161,0,0.0,0.0,6407
12,255,161,0,0.0,0.0,6408
13,0,161,0,0.0,0.0,6409
13,1,161,0,0.0,0.0,6410
13,3,161,0,0.0,0.0,6411
13,4,161,0,0.0,0.0,6412
13,7,161,0,0.0,0.0,6413
13,8,161,0,0.0,0.0,6414
13,12,161,0,0.0,0.0,6415
13,14,161,0,0.0,0.0,6416
13,15,161,0,0.0,0.0,6417
13,17,161,0,0.0,0.0,6418
13,18,161,0,0.0,0.0,6419
13,19,161,0,0.0,0.0,6420
13,20,161,0,0.0,0.0,6421
13,22,161,0,0.0,0.0,6422
13,24,161,0,0.0,0.0,6423
13,25,161,0,0.0,0.0,6424
13,27,161,0,0.0,0.0,6425
13,29,161,0,0.0,0.0,6426
13,30,161,0,0.0,0.0,6427
13,33,161,0,0.0,0.0,6428
13,34,161,0,0.0,0.0,6429
13,35,161,0,0.0,0.0,6430
13,39,161,0,0.0,0.0,6431
13,40,161,0,0.0,0.0,6432
13,41,161,0,0.0,0.0,6433
13,43,161,0,0.0,0.0,6434
13,44,161,0,0.0,0.0,6435
13,45,161,0,0.0,0.0,6436
13,46,161,0,0.0,0.0,6437
13,48,161,0,0.0,0.0,6438
13,51,161,0,0.0,0.0,6439
13,54,161,0,0.0,0.0,6440
13,55,161,0,0.0,0.0,6441
13,56,161,0,0.0,0.0,6442
13,57,161,0,0.0,0.0,6443
13,59,161,0,0.0,0.0,6444
13,62,161,0,0.0,0.0,6445
13,63,161,0,0.0,0.0,6446
13,64,161,0,0.0,0.0,6447
13,65,161,0,0.0,0.0,6448
13,66,161,0,0.0,0.0,6449
13,68,161,0,0.0,0.0,6450
13,69,161,0,0.0,0.0,6451
13,72,161,0,0.0,0.0,6452
13,75,161,0,0.0,0.0,6453
13,76,161,0,0.0,0.0,6454
13,77,161,0,0.0,0.0,6455
13,78,161,0,0.0,0.0,6456
13,79,161,0,0.0,0.0,6457
13,80,161,0,0.0,0.0,6458
13,81,161,0,0.0,0.0,6459
13,83,161,0,0.0,0.0,6460
13,85,161,0,0.0,0.0,6461
13,86,161,0,0.0,0.0,6462
13,87,161,0,0.0,0.0,6463
13,88,161,0,0.0,0.0,6464
13,89,161,0,0.0,0.0,6465
13,90,161,0,0.0,0.0,6466
13,94,161,0,0.0,0.0,6467
13,96,161,0,0.0,0.0,6468
13,98,161,0,0.0,0.0,6469
13,101,161,0,0.0,0.0,6470
13,102,161,0,0.0,0.0,6471
13,105,161,0,0.0,0.0,6472
13,106,161,0,0.0,0.0,6473
13,108,161,0,0.0,0.0,6474
13,109,161,0,0.0,0.0,6475
13,110,161,0,0.0,0.0,6476
13,112,161,0,0.0,0.0,6477
13,114,161,0,0.0,0.0,6478
13,115,161,0,0.0,0.0,6479
13,117,161,0,0.0,0.0,6480
13,119,161,0,0.0,0.0,6481
13,120,161,0,0.0,0.0,6482
13,121,161,0,0.0,0.0,6483
13,123,161,0,0.0,0.0,6484
13,124,161,0,0.0,0.0,6485
13,126,161,0,0.0,0.0,6486
13,127,161,0,0.0,0.0,6487
13,129,161,0,0.0,0.0,6488
13,131,161,0,0.0,0.0,6489
13,132,161,0,0.0,0.0,6490
13,134,161,0,0.0,0.0,6491
13,135,161,0,0.0,0.0,6492
13,138,161,0,0.0,0.0,6493
13,139,161,0,0.0,0.0,6494
13,140,161,0,0.0,0.0,6495
13,141,161,0,0.0,0.0,6496
13,143,161,0,0.0,0.0,6497
13,144,161,0,0.0,0.0,6498
13,145,161,0,0.0,0.0,6499
13,147,161,0,0.0,0.0,6500
13,148,161,0,0.0,0.0,6501
13,152,161,0,0.0,0.0,6502
13,153,161,0,0.0,0.0,6503
13,154,161,0,0.0,0.0,6504
13,155,161,0,0.0,0.0,6505
13,157,161,0,0.0,0.0,6506
13,159,161,0,0.0,0.0,6507
13,160,161,0,0.0,0.0,6508
13,162,161,0,0.0,0.0,6509
13,163,161,0,0.0,0.0,6510
13,165,161,0,0.0,0.0,6511
13,167,161,0,0.0,0.0,6512
13,168,161,0,0.0,0.0,6513
13,170,161,0,0.0,0.0,6514
13,174,161,0,0.0,0.0,6515
13,175,161,0,0.0,0.0,6516
13,176,161,0,0.0,0.0,6517
13,179,161,0,0.0,0.0,6518
13,180,161,0,0.0,0.0,6519
13,181,161,0,0.0,0.0,6520
13,182,161,0,0.0,0.0,6521
13,183,161,0,0.0,0.0,6522
13,184,161,0,0.0,0.0,6523
13,185,161,0,0.0,0.0,6524
13,186,161,0,0.0,0.0,6525
13,187,161,0,0.0,0.0,6526
13,193,161,0,0.0,0.0,6527
13,195,161,0,0.0,0.0,6528
13,196,161,0,0.0,0.0,6529
13,197,161,0,0.0,0.0,6530
13,201,161,0,0.0,0.0,6531
13,202,161,0,0.0,0.0,6532
13,204,161,0,0.0,0.0,6533
13,207,161,0,0.0,0.0,6534
13,208,161,0,0.0,0.0,6535
13,209,161,0,0.0,0.0,6536
13,210,161,0,0.0,0.0,6537
13,213,161,0,0.0,0.0,6538
13,215,161,0,0.0,0.0,6539
13,216,161,0,0.0,0.0,6540
13,218,161,0,0.0,0.0,6541
13,221,161,0,0.0,0.0,6542
13,222,161,0,0.0,0.0,6543
13,223,161,0,0.0,0.0,6544
13,225,161,0,0.0,0.0,6545
13,226,161,0,0.0,0.0,6546
13,227,161,0,0.0,0.0,6547
13,228,161,0,0.0,0.0,6548
13,229,161,0,0.0,0.0,6549
13,230,161,0,0.0,0.0,6550
13,232,161,0,0.0,0.0,6551
13,234,161,0,0.0,0.0,6552
13,235,161,0,0.0,0.0,6553
13,237,161,0,0.0,0.0,6554
13,238,161,0,0.0,0.0,6555
13,239,161,0,0.0,0.0,6556
13,240,161,0,0.0,0.0,6557
13,241,161,0,0.0,0.0,6558
13,243,161,0,0.0,0.0,6559
13,244,161,0,0.0,0.0,6560
13,245,161,0,0.0,0.0,6561
13,247,161,0,0.0,0.0,6562
13,248,161,0,0.0,0.0,6563
13,249,161,0,0.0,0.0,6564
13,250,161,0,0.0,0.0,6565
13,251,161,0,0.0,0.0,6566
13,252,161,0,0.0,0.0,6567
13,254,161,0,0.0,0.0,6568
13,255,161,0,0.0,0.0,6569
14,4,161,0,0.0,0.0,6570
14,5,161,0,0.0,0.0,6571
14,8,161,0,0.0,0.0,6572
14,9,161,0,0.0,0.0,6573
14,10,161,0,0.0,0.0,6574
14,11,161,0,0.0,0.0,6575
14,14,161,0,0.0,0.0,6576
14,15,161,0,0.0,0.0,6577
14,16,161,0,0.0,0.0,6578
14,17,161,0,0.0,0.0,6579
14,18,161,0,0.0,0.0,6580
14,19,161,0,0.0,0.0,6581
14,22,161,0,0.0,0.0,6582
14,23,161,0,0.0,0.0,6583
14,24,161,0,0.0,0.0,6584
14,26,161,0,0.0,0.0,6585
14,27,161,0,0.0,0.0,6586
14,28,161,0,0.0,0.0,6587
14,29,161,0,0.0,0.0,6588
14,30,161,0,0.0,0.0,6589
14,31,161,0,0.0,0.0,6590
14,33,161,0,0.0,0.0,6591
14,35,161,0,0.0,0.0,6592
14,36,161,0,0.0,0.0,6593
14,37,161,0,0.0,0.0,6594
14,38,161,0,0.0,0.0,6595
14,39,161,0,0.0,0.0,6596
14,40,161,0,0.0,0.0,6597
14,46,161,0,0.0,0.0,6598
14,47,161,0,0.0,0.0,6599
14,50,161,0,0.0,0.0,6600
14,51,161,0,0.0,0.0,6601
14,53,161,0,0.0,0.0,6602
14,56,161,0,0.0,0.0,6603
14,57,161,0,0.0,0.0,6604
14,59,161,0,0.0,0.0,6605
14,60,161,0,0.0,0.0,6606
14,61,161,0,0.0,0.0,6607
14,64,161,0,0.0,0.0,6608
14,66,161,0,0.0,0.0,6609
14,67,161,0,0.0,0.0,6610
14,68,161,0,0.0,0.0,6611
14,70,161,0,0.0,0.0,6612
14,72,161,0,0.0,0.0,6613
14,74,161,0,0.0,0.0,6614
14,78,161,0,0.0,0.0,6615
14,81,161,0,0.0,0.0,6616
14,84,161,0,0.0,0.0,6617
14,85,161,0,0.0,0.0,6618
14,87,161,0,0.0,0.0,6619
14,89,161,0,0.0,0.0,6620
14,90,161,0,0.0,0.0,6621
14,91,161,0,0.0,0.0,6622
14,92,161,0,0.0,0.0,6623
14,93,161,0,0.0,0.0,6624
14,97,161,0,0.0,0.0,6625
14,98,161,0,0.0,0.0,6626
14,99,161,0,0.0,0.0,6627
14,100,161,0,0.0,0.0,6628
14,103,161,0,0.0,0.0,6629
14,104,161,0,0.0,0.0,6630
14,108,161,0,0.0,0.0,6631
14,109,161,0,0.0,0.0,6632
14,111,161,0,0.0,0.0,6633
14,114,161,0,0.0,0.0,6634
14,115,161,0,0.0,0.0,6635
14,119,161,0,0.0,0.0,6636
14,120,161,0,0.0,0.0,6637
14,122,161,0,0.0,0.0,6638
14,123,161,0,0.0,0.0,6639
14,124,161,0,0.0,0.0,6640
14,125,161,0,0.0,0.0,6641
14,126,161,0,0.0,0.0,6642
14,127,161,0,0.0,0.0,6643
14,128,161,0,0.0,0.0,6644
14,129,161,0,0.0,0.0,6645
14,132,161,0,0.0,0.0,6646
14,134,161,0,0.0,0.0,6647
14,135,161,0,0.0,0.0,6648
14,139,161,0,0.0,0.0,6649
14,141,161,0,0.0,0.0,6650
14,143,161,0,0.0,0.0,6651
14,144,161,0,0.0,0.0,6652
14,145,161,0,0.0,0.0,6653
14,147,161,0,0.0,0.0,6654
14,149,161,0,0.0,0.0,6655
14,151,161,0,0.0,0.0,6656
14,152,161,0,0.0,0.0,6657
14,155,161,0,0.0,0.0,6658
14,157,161,0,0.0,0.0,6659
14,159,161,0,0.0,0.0,6660
14,160,161,0,0.0,0.0,6661
14,162,161,0,0.0,0.0,6662
14,163,161,0,0.0,0.0,6663
14,165,161,0,0.0,0.0,6664
14,166,161,0,0.0,0.0,6665
14,167,161,0,0.0,0.0,6666
14,170,161,0,0.0,0.0,6667
14,171,161,0,0.0,0.0,6668
14,172,161,0,0.0,0.0,6669
14,173,161,0,0.0,0.0,6670
14,175,161,0,0.0,0.0,6671
14,179,161,0,0.0,0.0,6672
14,180,161,0,0.0,0.0,6673
14,181,161,0,0.0,0.0,6674
14,182,161,0,0.0,0.0,6675
14,184,161,0,0.0,0.0,6676
14,185,161,0,0.0,0.0,6677
14,187,161,0,0.0,0.0,6678
14,188,161,0,0.0,0.0,6679
14,191,161,0,0.0,0.0,6680
14,192,161,0,0.0,0.0,6681
14,193,161,0,0.0,0.0,6682
14,194,161,0,0.0,0.0,6683
14,196,161,0,0.0,0.0,6684
14,200,161,0,0.0,0.0,6685
14,201,161,0,0.0,0.0,6686
14,204,161,0,0.0,0.0,6687
14,205,161,0,0.0,0.0,6688
14,206,161,0,0.0,0.0,6689
14,208,161,0,0.0,0.0,6690
14,209,161,0,0.0,0.0,6691
14,210,161,0,0.0,0.0,6692
14,211,161,0,0.0,0.0,6693
14,212,161,0,0.0,0.0,6694
14,213,161,0,0.0,0.0,6695
14,214,161,0,0.0,0.0,6696
14,215,161,0,0.0,0.0,6697
14,216,161,0,0.0,0.0,6698
14,218,161,0,0.0,0.0,6699
14,219,161,0,0.0,0.0,6700
14,222,161,0,0.0,0.0,6701
14,223,161,0,0.0,0.0,6702
14,224,161,0,0.0,0.0,6703
14,225,161,0,0.0,0.0,6704
14,226,161,0,0.0,0.0,6705
14,229,161,0,0.0,0.0,6706
14,230,161,0,0.0,0.0,6707
14,232,161,0,0.0,0.0,6708
14,233,161,0,0.0,0.0,6709
14,236,161,0,0.0,0.0,6710
14,237,161,0,0.0,0.0,6711
14,238,161,0,0.0,0.0,6712
14,239,161,0,0.0,0.0,6713
14,240,161,0,0.0,0.0,6714
14,241,161,0,0.0,0.0,6715
14,243,161,0,0.0,0.0,6716
14,245,161,0,0.0,0.0,6717
14,247,161,0,0.0,0.0,6718
14,248,161,0,0.0,0.0,6719
14,249,161,0,0.0,0.0,6720
14,250,161,0,0.0,0.0,6721
14,252,161,0,0.0,0.0,6722
14,253,161,0,0.0,0.0,6723
15,0,161,0,0.0,0.0,6724
15,1,161,0,0.0,0.0,6725
15,5,161,0,0.0,0.0,6726
15,6,161,0,0.0,0.0,6727
15,7,161,0,0.0,0.0,6728
15,8,161,0,0.0,0.0,6729
15,9,161,0,0.0,0.0,6730
15,10,161,0,0.0,0.0,6731
15,11,161,0,0.0,0.0,6732
15,13,161,0,0.0,0.0,6733
15,14,161,0,0.0,0.0,6734
15,19,161,0,0.0,0.0,6735
15,20,161,0,0.0,0.0,6736
15,22,161,0,0.0,0.0,6737
15,24,161,0,0.0,0.0,6738
15,26,161,0,0.0,0.0,6739
15,27,161,0,0.0,0.0,6740
15,30,161,0,0.0,0.0,6741
15,33,161,0,0.0,0.0,6742
15,34,161,0,0.0,0.0,6743
15,36,161,0,0.0,0.0,6744
15,38,161,0,0.0,0.0,6745
15,40,161,0,0.0,0.0,6746
15,41,161,0,0.0,0.0,6747
15,42,161,0,0.0,0.0,6748
15,43,161,0,0.0,0.0,6749
15,44,161,0,0.0,0.0,6750
15,45,161,0,0.0,0.0,6751
15,46,161,0,0.0,0.0,6752
15,47,161,0,0.0,0.0,6753
15,49,161,0,0.0,0.0,6754
15,50,161,0,0.0,0.0,6755
15,51,161,0,0.0,0.0,6756
15,52,161,0,0.0,0.0,6757
15,53,161,0,0.0,0.0,6758
15,54,161,0,0.0,0.0,6759
15,55,161,0,0.0,0.0,6760
15,58,161,0,0.0,0.0,6761
15,59,161,0,0.0,0.0,6762
15,61,161,0,0.0,0.0,6763
15,66,161,0,0.0,0.0,6764
15,67,161,0,0.0,0.0,6765
15,68,161,0,0.0,0.0,6766
15,70,161,0,0.0,0.0,6767
15,72,161,0,0.0,0.0,6768
15,74,161,0,0.0,0.0,6769
15,75,161,0,0.0,0.0,6770
15,76,161,0,0.0,0.0,6771
15,78,161,0,0.0,0.0,6772
15,83,161,0,0.0,0.0,6773
15,86,161,0,0.0,0.0,6774
15,87,161,0,0.0,0.0,6775
15,89,161,0,0.0,0.0,6776
15,92,161,0,0.0,0.0,6777
15,95,161,0,0.0,0.0,6778
15,99,161,0,0.0,0.0,6779
15,101,161,0,0.0,0.0,6780
15,102,161,0,0.0,0.0,6781
15,104,161,0,0.0,0.0,6782
15,105,161,0,0.0,0.0,6783
15,106,161,0,0.0,0.0,6784
15,107,161,0,0.0,0.0,6785
15,108,161,0,0.0,0.0,6786
15,110,161,0,0.0,0.0,6787
15,111,161,0,0.0,0.0,6788
15,115,161,0,0.0,0.0,6789
15,119,161,0,0.0,0.0,6790
15,120,161,0,0.0,0.0,6791
15,121,161,0,0.0,0.0,6792
15,123,161,0,0.0,0.0,6793
15,126,161,0,0.0,0.0,6794
15,128,161,0,0.0,0.0,6795
15,132,161,0,0.0,0.0,6796
15,133,161,0,0.0,0.0,6797
15,134,161,0,0.0,0.0,6798
15,137,161,0,0.0,0.0,6799
15,139,161,0,0.0,0.0,6800
15,143,161,0,0.0,0.0,6801
15,144,161,0,0.0,0.0,6802
15,147,161,0,0.0,0.0,6803
15,148,161,0,0.0,0.0,6804
15,151,161,0,0.0,0.0,6805
15,152,161,0,0.0,0.0,6806
15,154,161,0,0.0,0.0,6807
15,155,161,0,0.0,0.0,6808
15,156,161,0,0.0,0.0,6809
15,159,161,0,0.0,0.0,6810
15,160,161,0,0.0,0.0,6811
15,161,161,0,0.0,0.0,6812
15,163,161,0,0.0,0.0,6813
15,164,161,0,0.0,0.0,6814
15,165,161,0,0.0,0.0,6815
15,166,161,0,0.0,0.0,6816
15,169,161,0,0.0,0.0,6817
15,171,161,0,0.0,0.0,6818
15,174,161,0,0.0,0.0,6819
15,175,161,0,0.0,0.0,6820
15,176,161,0,0.0,0.0,6821
15,177,161,0,0.0,0.0,6822
15,182,161,0,0.0,0.0,6823
15,186,161,0,0.0,0.0,6824
15,187,161,0,0.0,0.0,6825
15,188,161,0,0.0,0.0,6826
15,189,161,0,0.0,0.0,6827
15,190,161,0,0.0,0.0,6828
15,191,161,0,0.0,0.0,6829
15,192,161,0,0.0,0.0,6830
15,199,161,0,0.0,0.0,6831
15,200,161,0,0.0,0.0,6832
15,202,161,0,0.0,0.0,6833
15,203,161,0,0.0,0.0,6834
15,204,161,0,0.0,0.0,6835
15,208,161,0,0.0,0.0,6836
15,209,161,0,0.0,0.0,6837
15,210,161,0,0.0,0.0,6838
15,212,161,0,0.0,0.0,6839
15,213,161,0,0.0,0.0,6840
15,214,161,0,0.0,0.0,6841
15,215,161,0,0.0,0.0,6842
15,216,161,0,0.0,0.0,6843
15,217,161,0,0.0,0.0,6844
15,218,161,0,0.0,0.0,6845
15,219,161,0,0.0,0.0,6846
15,222,161,0,0.0,0.0,6847
15,223,161,0,0.0,0.0,6848
15,224,161,0,0.0,0.0,6849
15,227,161,0,0.0,0.0,6850
15,228,161,0,0.0,0.0,6851
15,229,161,0,0.0,0.0,6852
15,230,161,0,0.0,0.0,6853
15,235,161,0,0.0,0.0,6854
15,237,161,0,0.0,0.0,6855
15,239,161,0,0.0,0.0,6856
15,240,161,0,0.0,0.0,6857
15,242,161,0,0.0,0.0,6858
15,243,161,0,0.0,0.0,6859
15,245,161,0,0.0,0.0,6860
15,246,161,0,0.0,0.0,6861
15,247,161,0,0.0,0.0,6862
15,249,161,0,0.0,0.0,6863
16,0,161,0,0.0,0.0,6864
16,2,161,0,0.0,0.0,6865
16,5,161,0,0.0,0.0,6866
16,8,161,0,0.0,0.0,6867
16,9,161,0,0.0,0.0,6868
16,12,161,0,0.0,0.0,6869
16,13,161,0,0.0,0.0,6870
16,14,161,0,0.0,0.0,6871
16,15,161,0,0.0,0.0,6872
16,16,161,0,0.0,0.0,6873
16,18,161,0,0.0,0.0,6874
16,21,161,0,0.0,0.0,6875
16,22,161,0,0.0,0.0,6876
16,23,161,0,0.0,0.0,6877
16,24,161,0,0.0,0.0,6878
16,25,161,0,0.0,0.0,6879
16,26,161,0,0.0,0.0,6880
16,34,161,0,0.0,0.0,6881
16,38,161,0,0.0,0.0,6882
16,39,161,0,0.0,0.0,6883
16,40,161,0,0.0,0.0,6884
16,43,161,0,0.0,0.0,6885
16,45,161,0,0.0,0.0,6886
16,49,161,0,0.0,0.0,6887
16,50,161,0,0.0,0.0,6888
16,52,161,0,0.0,0.0,6889
16,55,161,0,0.0,0.0,6890
16,56,161,0,0.0,0.0,6891
16,57,161,0,0.0,0.0,6892
16,58,161,0,0.0,0.0,6893
16,60,161,0,0.0,0.0,6894
16,62,161,0,0.0,0.0,6895
16,63,161,0,0.0,0.0,6896
16,64,161,0,0.0,0.0,6897
16,66,161,0,0.0,0.0,6898
16,67,161,0,0.0,0.0,6899
16,68,161,0,0.0,0.0,6900
16,69,161,0,0.0,0.0,6901
16,70,161,0,0.0,0.0,6902
16,71,161,0,0.0,0.0,6903
16,72,161,0,0.0,0.0,6904
16,74,161,0,0.0,0.0,6905
16,77,161,0,0.0,0.0,6906
16,80,161,0,0.0,0.0,6907
16,82,161,0,0.0,0.0,6908
16,83,161,0,0.0,0.0,6909
16,84,161,0,0.0,0.0,6910
16,85,161,0,0.0,0.0,6911
16,86,161,0,0.0,0.0,6912
16,88,161,0,0.0,0.0,6913
16,89,161,0,0.0,0.0,6914
16,91,161,0,0.0,0.0,6915
16,92,161,0,0.0,0.0,6916
16,93,161,0,0.0,0.0,6917
16,94,161,0,0.0,0.0,6918
16,95,161,0,0.0,0.0,6919
16,96,161,0,0.0,0.0,6920
16,99,161,0,0.0,0.0,6921
16,100,161,0,0.0,0.0,6922
16,101,161,0,0.0,0.0,6923
16,102,161,0,0.0,0.0,6924
16,105,161,0,0.0,0.0,6925
16,106,161,0,0.0,0.0,6926
16,107,161,0,0.0,0.0,6927
16,108,161,0,0.0,0.0,6928
16,112,161,0,0.0,0.0,6929
16,116,161,0,0.0,0.0,6930
16,119,161,0,0.0,0.0,6931
16,121,161,0,0.0,0.0,6932
16,122,161,0,0.0,0.0,6933
16,125,161,0,0.0,0.0,6934
16,126,161,0,0.0,0.0,6935
16,128,161,0,0.0,0.0,6936
16,131,161,0,0.0,0.0,6937
16,132,161,0,0.0,0.0,6938
16,134,161,0,0.0,0.0,6939
16,135,161,0,0.0,0.0,6940
16,137,161,0,0.0,0.0,6941
16,138,161,0,0.0,0.0,6942
16,139,161,0,0.0,0.0,6943
16,140,161,0,0.0,0.0,6944
16,142,161,0,0.0,0.0,6945
16,143,161,0,0.0,0.0,6946
16,144,161,0,0.0,0.0,6947
16,145,161,0,0.0,0.0,6948
16,146,161,0,0.0,0.0,6949
16,147,161,0,0.0,0.0,6950
16,148,161,0,0.0,0.0,6951
16,150,161,0,0.0,0.0,6952
16,151,161,0,0.0,0.0,6953
16,153,161,0,0.0,0.0,6954
16,154,161,0,0.0,0.0,6955
16,155,161,0,0.0,0.0,6956
16,156,161,0,0.0,0.0,6957
16,157,161,0,0.0,0.0,6958
16,160,161,0,0.0,0.0,6959
16,161,161,0,0.0,0.0,6960
16,162,161,0,0.0,0.0,6961
16,163,161,0,0.0,0.0,6962
16,164,161,0,0.0,0.0,6963
16,166,161,0,0.0,0.0,6964
16,167,161,0,0.0,0.0,6965
16,168,161,0,0.0,0.0,6966
16,172,161,0,0.0,0.0,6967
16,173,161,0,0.0,0.0,6968
16,174,161,0,0.0,0.0,6969
16,175,161,0,0.0,0.0,6970
16,178,161,0,0.0,0.0,6971
16,179,161,0,0.0,0.0,6972
16,180,161,0,0.0,0.0,6973
16,181,161,0,0.0,0.0,6974
16,183,161,0,0.0,0.0,6975
16,186,161,0,0.0,0.0,6976
16,187,161,0,0.0,0.0,6977
16,188,161,0,0.0,0.0,6978
16,190,161,0,0.0,0.0,6979
16,191,161,0,0.0,0.0,6980
16,192,161,0,0.0,0.0,6981
16,193,161,0,0.0,0.0,6982
16,195,161,0,0.0,0.0,6983
16,198,161,0,0.0,0.0,6984
16,199,161,0,0.0,0.0,6985
16,200,161,0,0.0,0.0,6986
16,202,161,0,0.0,0.0,6987
16,203,161,0,0.0,0.0,6988
16,205,161,0,0.0,0.0,6989
16,207,161,0,0.0,0.0,6990
16,208,161,0,0.0,0.0,6991
16,210,161,0,0.0,0.0,6992
16,211,161,0,0.0,0.0,6993
16,212,161,0,0.0,0.0,6994
16,215,161,0,0.0,0.0,6995
16,216,161,0,0.0,0.0,6996
16,217,161,0,0.0,0.0,6997
16,219,161,0,0.0,0.0,6998
16,220,161,0,0.0,0.0,6999
16,223,161,0,0.0,0.0,7000
16,224,161,0,0.0,0.0,7001
16,225,161,0,0.0,0.0,7002
16,227,161,0,0.0,0.0,7003
16,228,161,0,0.0,0.0,7004
16,231,161,0,0.0,0.0,7005
16,232,161,0,0.0,0.0,7006
16,233,161,0,0.0,0.0,7007
16,237,161,0,0.0,0.0,7008
16,238,161,0,0.0,0.0,7009
16,240,161,0,0.0,0.0,7010
16,241,161,0,0.0,0.0,7011
16,242,161,0,0.0,0.0,7012
16,243,161,0,0.0,0.0,7013
16,244,161,0,0.0,0.0,7014
16,248,161,0,0.0,0.0,7015
16,249,161,0,0.0,0.0,7016
16,250,161,0,0.0,0.0,7017
16,252,161,0,0.0,0.0,7018
16,253,161,0,0.0,0.0,7019
16,254,161,0,0.0,0.0,7020
16,255,161,0,0.0,0.0,7021
17,0,161,0,0.0,0.0,7022
17,1,161,0,0.0,0.0,7023
17,2,161,0,0.0,0.0,7024
17,3,161,0,0.0,0.0,7025
17,4,161,0,0.0,0.0,7026
17,5,161,0,0.0,0.0,7027
17,8,161,0,0.0,0.0,7028
17,10,161,0,0.0,0.0,7029
17,11,161,0,0.0,0.0,7030
17,12,161,0,0.0,0.0,7031
17,19,161,0,0.0,0.0,7032
17,22,161,0,0.0,0.0,7033
17,24,161,0,0.0,0.0,7034
17,25,161,0,0.0,0.0,7035
17,26,161,0,0.0,0.0,7036
17,27,161,0,0.0,0.0,7037
17,28,161,0,0.0,0.0,7038
17,30,161,0,0.0,0.0,7039
17,32,161,0,0.0,0.0,7040
17,34,161,0,0.0,0.0,7041
17,35,161,0,0.0,0.0,7042
17,37,161,0,0.0,0.0,7043
17,39,161,0,0.0,0.0,7044
17,43,161,0,0.0,0.0,7045
17,45,161,0,0.0,0.0,7046
17,46,161,0,0.0,0.0,7047
17,47,161,0,0.0,0.0,7048
17,48,161,0,0.0,0.0,7049
17,49,161,0,0.0,0.0,7050
17,50,161,0,0.0,0.0,7051
17,52,161,0,0.0,0.0,7052
17,53,161,0,0.0,0.0,7053
17,54,161,0,0.0,0.0,7054
17,55,161,0,0.0,0.0,7055
17,57,161,0,0.0,0.0,7056
17,60,161,0,0.0,0.0,7057
17,62,161,0,0.0,0.0,7058
17,63,161,0,0.0,0.0,7059
17,64,161,0,0.0,0.0,7060
17,65,161,0,0.0,0.0,7061
17,68,161,0,0.0,0.0,7062
17,70,161,0,0.0,0.0,7063
17,71,161,0,0.0,0.0,7064
17,72,161,0,0.0,0.0,7065
17,73,161,0,0.0,0.0,7066
17,75,161,0,0.0,0.0,7067
17,76,161,0,0.0,0.0,7068
17,78,161,0,0.0,0.0,7069
17,80,161,0,0.0,0.0,7070
17,81,161,0,0.0,0.0,7071
17,82,161,0,0.0,0.0,7072
17,85,161,0,0.0,0.0,7073
17,86,161,0,0.0,0.0,7074
17,89,161,0,0.0,0.0,7075
17,90,161,0,0.0,0.0,7076
17,91,161,0,0.0,0.0,7077
17,92,161,0,0.0,0.0,7078
17,93,161,0,0.0,0.0,7079
17,95,161,0,0.0,0.0,7080
17,96,161,0,0.0,0.0,7081
17,97,161,0,0.0,0.0,7082
17,99,161,0,0.0,0.0,7083
17,100,161,0,0.0,0.0,7084
17,101,161,0,0.0,0.0,7085
17,102,161,0,0.0,0.0,7086
17,103,161,0,0.0,0.0,7087
17,105,161,0,0.0,0.0,7088
17,106,161,0,0.0,0.0,7089
17,107,161,0,0.0,0.0,7090
17,108,161,0,0.0,0.0,7091
17,109,161,0,0.0,0.0,7092
17,112,161,0,0.0,0.0,7093
17,114,161,0,0.0,0.0,7094
17,116,161,0,0.0,0.0,7095
17,117,161,0,0.0,0.0,7096
17,118,161,0,0.0,0.0,7097
17,119,161,0,0.0,0.0,7098
17,121,161,0,0.0,0.0,7099
17,123,161,0,0.0,0.0,7100
17,124,161,0,0.0,0.0,7101
17,128,161,0,0.0,0.0,7102
17,130,161,0,0.0,0.0,7103
17,131,161,0,0.0,0.0,7104
17,132,161,0,0.0,0.0,7105
17,133,161,0,0.0,0.0,7106
17,134,161,0,0.0,0.0,7107
17,136,161,0,0.0,0.0,7108
17,137,161,0,0.0,0.0,7109
17,140,161,0,0.0,0.0,7110
17,141,161,0,0.0,0.0,7111
17,142,161,0,0.0,0.0,7112
17,144,161,0,0.0,0.0,7113
17,145,161,0,0.0,0.0,7114
17,146,161,0,0.0,0.0,7115
17,147,161,0,0.0,0.0,7116
17,149,161,0,0.0,0.0,7117
17,150,161,0,0.0,0.0,7118
17,151,161,0,0.0,0.0,7119
17,155,161,0,0.0,0.0,7120
17,156,161,0,0.0,0.0,7121
17,157,161,0,0.0,0.0,7122
17,161,161,0,0.0,0.0,7123
17,165,161,0,0.0,0.0,7124
17,166,161,0,0.0,0.0,7125
17,168,161,0,0.0,0.0,7126
17,169,161,0,0.0,0.0,7127
17,171,161,0,0.0,0.0,7128
17,176,161,0,0.0,0.0,7129
17,177,161,0,0.0,0.0,7130
17,179,161,0,0.0,0.0,7131
17,180,161,0,0.0,0.0,7132
17,181,161,0,0.0,0.0,7133
17,182,161,0,0.0,0.0,7134
17,183,161,0,0.0,0.0,7135
17,184,161,0,0.0,0.0,7136
17,185,161,0,0.0,0.0,7137
17,188,161,0,0.0,0.0,7138
17,189,161,0,0.0,0.0,7139
17,190,161,0,0.0,0.0,7140
17,193,161,0,0.0,0.0,7141
17,195,161,0,0.0,0.0,7142
17,196,161,0,0.0,0.0,7143
17,198,161,0,0.0,0.0,7144
17,199,161,0,0.0,0.0,7145
17,200,161,0,0.0,0.0,7146
17,202,161,0,0.0,0.0,7147
17,203,161,0,0.0,0.0,7148
17,205,161,0,0.0,0.0,7149
17,207,161,0,0.0,0.0,7150
17,209,161,0,0.0,0.0,7151
17,210,161,0,0.0,0.0,7152
17,212,161,0,0.0,0.0,7153
17,214,161,0,0.0,0.0,7154
17,217,161,0,0.0,0.0,7155
17,219,161,0,0.0,0.0,7156
17,222,161,0,0.0,0.0,7157
17,227,161,0,0.0,0.0,7158
17,229,161,0,0.0,0.0,7159
17,230,161,0,0.0,0.0,7160
17,234,161,0,0.0,0.0,7161
17,235,161,0,0.0,0.0,7162
17,236,161,0,0.0,0.0,7163
17,240,161,0,0.0,0.0,7164
17,241,161,0,0.0,0.0,7165
17,242,161,0,0.0,0.0,7166
17,244,161,0,0.0,0.0,7167
17,247,161,0,0.0,0.0,7168
17,252,161,0,0.0,0.0,7169
17,253,161,0,0.0,0.0,7170
17,255,161,0,0.0,0.0,7171
18,2,161,0,0.0,0.0,7172
18,6,161,0,0.0,0.0,7173
18,8,161,0,0.0,0.0,7174
18,9,161,0,0.0,0.0,7175
18,10,161,0,0.0,0.0,7176
18,11,161,0,0.0,0.0,7177
18,15,161,0,0.0,0.0,7178
18,17,161,0,0.0,0.0,7179
18,22,161,0,0.0,0.0,7180
18,24,161,0,0.0,0.0,7181
18,27,161,0,0.0,0.0,7182
18,30,161,0,0.0,0.0,7183
18,31,161,0,0.0,0.0,7184
18,33,161,0,0.0,0.0,7185
18,34,161,0,0.0,0.0,7186
18,36,161,0,0.0,0.0,7187
18,37,161,0,0.0,0.0,7188
18,39,161,0,0.0,0.0,7189
18,40,161,0,0.0,0.0,7190
18,45,161,0,0.0,0.0,7191
18,46,161,0,0.0,0.0,7192
18,47,161,0,0.0,0.0,7193
18,48,161,0,0.0,0.0,7194
18,50,161,0,0.0,0.0,7195
18,52,161,0,0.0,0.0,7196
18,53,161,0,0.0,0.0,7197
18,54,161,0,0.0,0.0,7198
18,58,161,0,0.0,0.0,7199
18,59,161,0,0.0,0.0,7200
18,61,161,0,0.0,0.0,7201
18,62,161,0,0.0,0.0,7202
18,65,161,0,0.0,0.0,7203
18,66,161,0,0.0,0.0,7204
18,68,161,0,0.0,0.0,7205
18,70,161,0,0.0,0.0,7206
18,74,161,0,0.0,0.0,7207
18,75,161,0,0.0,0.0,7208
18,78,161,0,0.0,0.0,7209
18,80,161,0,0.0,0.0,7210
18,82,161,0,0.0,0.0,7211
18,83,161,0,0.0,0.0,7212
18,85,161,0,0.0,0.0,7213
18,87,161,0,0.0,0.0,7214
18,88,161,0,0.0,0.0,7215
18,89,161,0,0.0,0.0,7216
18,91,161,0,0.0,0.0,7217
18,93,161,0,0.0,0.0,7218
18,95,161,0,0.0,0.0,7219
18,96,161,0,0.0,0.0,7220
18,100,161,0,0.0,0.0,7221
18,101,161,0,0.0,0.0,7222
18,102,161,0,0.0,0.0,7223
18,103,161,0,0.0,0.0,7224
18,104,161,0,0.0,0.0,7225
18,107,161,0,0.0,0.0,7226
18,108,161,0,0.0,0.0,7227
18,109,161,0,0.0,0.0,7228
18,114,161,0,0.0,0.0,7229
18,116,161,0,0.0,0.0,7230
18,117,161,0,0.0,0.0,7231
18,119,161,0,0.0,0.0,7232
18,120,161,0,0.0,0.0,7233
18,125,161,0,0.0,0.0,7234
18,127,161,0,0.0,0.0,7235
18,129,161,0,0.0,0.0,7236
18,131,161,0,0.0,0.0,7237
18,132,161,0,0.0,0.0,7238
18,133,161,0,0.0,0.0,7239
18,136,161,0,0.0,0.0,7240
18,137,161,0,0.0,0.0,7241
18,140,161,0,0.0,0.0,7242
18,141,161,0,0.0,0.0,7243
18,142,161,0,0.0,0.0,7244
18,143,161,0,0.0,0.0,7245
18,146,161,0,0.0,0.0,7246
18,147,161,0,0.0,0.0,7247
18,148,161,0,0.0,0.0,7248
18,151,161,0,0.0,0.0,7249
18,152,161,0,0.0,0.0,7250
18,153,161,0,0.0,0.0,7251
18,154,161,0,0.0,0.0,7252
18,155,161,0,0.0,0.0,7253
18,159,161,0,0.0,0.0,7254
18,161,161,0,0.0,0.0,7255
18,162,161,0,0.0,0.0,7256
18,165,161,0,0.0,0.0,7257
18,166,161,0,0.0,0.0,7258
18,169,161,0,0.0,0.0,7259
18,171,161,0,0.0,0.0,7260
18,172,161,0,0.0,0.0,7261
18,173,161,0,0.0,0.0,7262
18,175,161,0,0.0,0.0,7263
18,176,161,0,0.0,0.0,7264
18,177,161,0,0.0,0.0,7265
18,178,161,0,0.0,0.0,7266
18,179,161,0,0.0,0.0,7267
18,182,161,0,0.0,0.0,7268
18,184,161,0,0.0,0.0,7269
18,188,161,0,0.0,0.0,7270
18,189,161,0,0.0,0.0,7271
18,190,161,0,0.0,0.0,7272
18,192,161,0,0.0,0.0,7273
18,195,161,0,0.0,0.0,7274
18,196,161,0,0.0,0.0,7275
18,198,161,0,0.0,0.0,7276
18,200,161,0,0.0,0.0,7277
18,201,161,0,0.0,0.0,7278
18,204,161,0,0.0,0.0,7279
18,207,161,0,0.0,0.0,7280
18,209,161,0,0.0,0.0,7281
18,210,161,0,0.0,0.0,7282
18,212,161,0,0.0,0.0,7283
18,213,161,0,0.0,0.0,7284
18,214,161,0,0.0,0.0,7285
18,216,161,0,0.0,0.0,7286
18,218,161,0,0.0,0.0,7287
18,220,161,0,0.0,0.0,7288
18,222,161,0,0.0,0.0,7289
18,226,161,0,0.0,0.0,7290
18,229,161,0,0.0,0.0,7291
18,233,161,0,0.0,0.0,7292
18,234,161,0,0.0,0.0,7293
18,235,161,0,0.0,0.0,7294
18,237,161,0,0.0,0.0,7295
18,238,161,0,0.0,0.0,7296
18,239,161,0,0.0,0.0,7297
18,242,161,0,0.0,0.0,7298
18,243,161,0,0.0,0.0,7299
18,246,161,0,0.0,0.0,7300
18,248,161,0,0.0,0.0,7301
18,254,161,0,0.0,0.0,7302
18,255,161,0,0.0,0.0,7303
19,3,161,0,0.0,0.0,7304
19,4,161,0,0.0,0.0,7305
19,6,161,0,0.0,0.0,7306
19,8,161,0,0.0,0.0,7307
19,10,161,0,0.0,0.0,7308
19,11,161,0,0.0,0.0,7309
19,12,161,0,0.0,0.0,7310
19,15,161,0,0.0,0.0,7311
19,16,161,0,0.0,0.0,7312
19,17,161,0,0.0,0.0,7313
19,20,161,0,0.0,0.0,7314
19,21,161,0,0.0,0.0,7315
19,23,161,0,0.0,0.0,7316
19,27,161,0,0.0,0.0,7317
19,28,161,0,0.0,0.0,7318
19,31,161,0,0.0,0.0,7319
19,32,161,0,0.0,0.0,7320
19,33,161,0,0.0,0.0,7321
19,35,161,0,0.0,0.0,7322
19,36,161,0,0.0,0.0,7323
19,37,161,0,0.0,0.0,7324
19,40,161,0,0.0,0.0,7325
19,43,161,0,0.0,0.0,7326
19,46,161,0,0.0,0.0,7327
19,48,161,0,0.0,0.0,7328
19,49,161,0,0.0,0.0,7329
19,51,161,0,0.0,0.0,7330
19,52,161,0,0.0,0.0,7331
19,53,161,0,0.0,0.0,7332
19,54,161,0,0.0,0.0,7333
19,55,161,0,0.0,0.0,7334
19,57,161,0,0.0,0.0,7335
19,58,161,0,0.0,0.0,7336
19,64,161,0,0.0,0.0,7337
19,66,161,0,0.0,0.0,7338
19,69,161,0,0.0,0.0,7339
19,70,161,0,0.0,0.0,7340
19,72,161,0,0.0,0.0,7341
19,73,161,0,0.0,0.0,7342
19,74,161,0,0.0,0.0,7343
19,76,161,0,0.0,0.0,7344
19,78,161,0,0.0,0.0,7345
19,79,161,0,0.0,0.0,7346
19,80,161,0,0.0,0.0,7347
19,82,161,0,0.0,0.0,7348
19,84,161,0,0.0,0.0,7349
19,87,161,0,0.0,0.0,7350
19,89,161,0,0.0,0.0,7351
19,90,161,0,0.0,0.0,7352
19,91,161,0,0.0,0.0,7353
19,92,161,0,0.0,0.0,7354
19,93,161,0,0.0,0.0,7355
19,94,161,0,0.0,0.0,7356
19,96,161,0,0.0,0.0,7357
19,97,161,0,0.0,0.0,7358
19,100,161,0,0.0,0.0,7359
19,101,161,0,0.0,0.0,7360
19,102,161,0,0.0,0.0,7361
19,103,161,0,0.0,0.0,7362
19,105,161,0,0.0,0.0,7363
19,106,161,0,0.0,0.0,7364
19,107,161,0,0.0,0.0,7365
19,108,161,0,0.0,0.0,7366
19,109,161,0,0.0,0.0,7367
19,110,161,0,0.0,0.0,7368
19,111,161,0,0.0,0.0,7369
19,112,161,0,0.0,0.0,7370
19,114,161,0,0.0,0.0,7371
19,116,161,0,0.0,0.0,7372
19,118,161,0,0.0,0.0,7373
19,119,161,0,0.0,0.0,7374
19,120,161,0,0.0,0.0,7375
19,121,161,0,0.0,0.0,7376
19,122,161,0,0.0,0.0,7377
19,125,161,0,0.0,0.0,7378
19,126,161,0,0.0,0.0,7379
19,127,161,0,0.0,0.0,7380
19,128,161,0,0.0,0.0,7381
19,129,161,0,0.0,0.0,7382
19,130,161,0,0.0,0.0,7383
19,134,161,0,0.0,0.0,7384
19,135,161,0,0.0,0.0,7385
19,140,161,0,0.0,0.0,7386
19,141,161,0,0.0,0.0,7387
19,144,161,0,0.0,0.0,7388
19,145,161,0,0.0,0.0,7389
19,146,161,0,0.0,0.0,7390
19,153,161,0,0.0,0.0,7391
19,154,161,0,0.0,0.0,7392
19,155,161,0,0.0,0.0,7393
19,156,161,0,0.0,0.0,7394
19,157,161,0,0.0,0.0,7395
19,158,161,0,0.0,0.0,7396
19,159,161,0,0.0,0.0,7397
19,160,161,0,0.0,0.0,7398
19,162,161,0,0.0,0.0,7399
19,165,161,0,0.0,0.0,7400
19,166,161,0,0.0,0.0,7401
19,168,161,0,0.0,0.0,7402
19,172,161,0,0.0,0.0,7403
19,173,161,0,0.0,0.0,7404
19,175,161,0,0.0,0.0,7405
19,176,161,0,0.0,0.0,7406
19,177,161,0,0.0,0.0,7407
19,178,161,0,0.0,0.0,7408
19,179,161,0,0.0,0.0,7409
19,180,161,0,0.0,0.0,7410
19,181,161,0,0.0,0.0,7411
19,182,161,0,0.0,0.0,7412
19,183,161,0,0.0,0.0,7413
19,185,161,0,0.0,0.0,7414
19,188,161,0,0.0,0.0,7415
19,193,161,0,0.0,0.0,7416
19,196,161,0,0.0,0.0,7417
19,199,161,0,0.0,0.0,7418
19,201,161,0,0.0,0.0,7419
19,205,161,0,0.0,0.0,7420
19,208,161,0,0.0,0.0,7421
19,210,161,0,0.0,0.0,7422
19,211,161,0,0.0,0.0,7423
19,212,161,0,0.0,0.0,7424
19,213,161,0,0.0,0.0,7425
19,214,161,0,0.0,0.0,7426
19,215,161,0,0.0,0.0,7427
19,218,161,0,0.0,0.0,7428
19,219,161,0,0.0,0.0,7429
19,220,161,0,0.0,0.0,7430
19,221,161,0,0.0,0.0,7431
19,222,161,0,0.0,0.0,7432
19,224,161,0,0.0,0.0,7433
19,228,161,0,0.0,0.0,7434
19,229,161,0,0.0,0.0,7435
19,230,161,0,0.0,0.0,7436
19,231,161,0,0.0,0.0,7437
19,232,161,0,0.0,0.0,7438
19,239,161,0,0.0,0.0,7439
19,240,161,0,0.0,0.0,7440
19,241,161,0,0.0,0.0,7441
19,242,161,0,0.0,0.0,7442
19,243,161,0,0.0,0.0,7443
19,244,161,0,0.0,0.0,7444
19,246,161,0,0.0,0.0,7445
19,247,161,0,0.0,0.0,7446
19,250,161,0,0.0,0.0,7447
19,251,161,0,0.0,0.0,7448
19,252,161,0,0.0,0.0,7449
19,253,161,0,0.0,0.0,7450
20,2,161,0,0.0,0.0,7451
20,3,161,0,0.0,0.0,7452
20,4,161,0,0.0,0.0,7453
20,5,161,0,0.0,0.0,7454
20,9,161,0,0.0,0.0,7455
20,12,161,0,0.0,0.0,7456
20,14,161,0,0.0,0.0,7457
20,15,161,0,0.0,0.0,7458
20,17,161,0,0.0,0.0,7459
20,18,161,0,0.0,0.0,7460
20,19,161,0,0.0,0.0,7461
20,21,161,0,0.0,0.0,7462
20,22,161,0,0.0,0.0,7463
20,23,161,0,0.0,0.0,7464
20,24,161,0,0.0,0.0,7465
20,25,161,0,0.0,0.0,7466
20,26,161,0,0.0,0.0,7467
20,29,161,0,0.0,0.0,7468
20,30,161,0,0.0,0.0,7469
20,37,161,0,0.0,0.0,7470
20,38,161,0,0.0,0.0,7471
20,40,161,0,0.0,0.0,7472
20,42,161,0,0.0,0.0,7473
20,43,161,0,0.0,0.0,7474
20,44,161,0,0.0,0.0,7475
20,45,161,0,0.0,0.0,7476
20,48,161,0,0.0,0.0,7477
20,49,161,0,0.0,0.0,7478
20,50,161,0,0.0,0.0,7479
20,51,161,0,0.0,0.0,7480
20,53,161,0,0.0,0.0,7481
20,57,161,0,0.0,0.0,7482
20,62,161,0,0.0,0.0,7483
20,63,161,0,0.0,0.0,7484
20,64,161,0,0.0,0.0,7485
20,65,161,0,0.0,0.0,7486
20,66,161,0,0.0,0.0,7487
20,68,161,0,0.0,0.0,7488
20,69,161,0,0.0,0.0,7489
20,71,161,0,0.0,0.0,7490
20,72,161,0,0.0,0.0,7491
20,73,161,0,0.0,0.0,7492
20,74,161,0,0.0,0.0,7493
20,75,161,0,0.0,0.0,7494
20,76,161,0,0.0,0.0,7495
20,77,161,0,0.0,0.0,7496
20,79,161,0,0.0,0.0,7497
20,80,161,0,0.0,0.0,7498
20,82,161,0,0.0,0.0,7499
20,85,161,0,0.0,0.0,7500
20,88,161,0,0.0,0.0,7501
20,89,161,0,0.0,0.0,7502
20,98,161,0,0.0,0.0,7503
20,100,161,0,0.0,0.0,7504
20,101,161,0,0.0,0.0,7505
20,102,161,0,0.0,0.0,7506
20,108,161,0,0.0,0.0,7507
20,109,161,0,0.0,0.0,7508
20,111,161,0,0.0,0.0,7509
20,113,161,0,0.0,0.0,7510
20,116,161,0,0.0,0.0,7511
20,117,161,0,0.0,0.0,7512
20,118,161,0,0.0,0.0,7513
20,119,161,0,0.0,0.0,7514
20,120,161,0,0.0,0.0,7515
20,121,161,0,0.0,0.0,7516
20,125,161,0,0.0,0.0,7517
20,126,161,0,0.0,0.0,7518
20,128,161,0,0.0,0.0,7519
20,131,161,0,0.0,0.0,7520
20,132,161,0,0.0,0.0,7521
20,136,161,0,0.0,0.0,7522
20,137,161,0,0.0,0.0,7523
20,139,161,0,0.0,0.0,7524
20,140,161,0,0.0,0.0,7525
20,141,161,0,0.0,0.0,7526
20,142,161,0,0.0,0.0,7527
20,144,161,0,0.0,0.0,7528
20,146,161,0,0.0,0.0,7529
20,148,161,0,0.0,0.0,7530
20,149,161,0,0.0,0.0,7531
20,151,161,0,0.0,0.0,7532
20,152,161,0,0.0,0.0,7533
20,153,161,0,0.0,0.0,7534
20,155,161,0,0.0,0.0,7535
20,156,161,0,0.0,0.0,7536
20,157,161,0,0.0,0.0,7537
20,158,161,0,0.0,0.0,7538
20,161,161,0,0.0,0.0,7539
20,163,161,0,0.0,0.0,7540
20,164,161,0,0.0,0.0,7541
20,165,161,0,0.0,0.0,7542
20,166,161,0,0.0,0.0,7543
20,167,161,0,0.0,0.0,7544
20,168,161,0,0.0,0.0,7545
20,169,161,0,0.0,0.0,7546
20,174,161,0,0.0,0.0,7547
20,178,161,0,0.0,0.0,7548
20,179,161,0,0.0,0.0,7549
20,180,161,0,0.0,0.0,7550
20,182,161,0,0.0,0.0,7551
20,183,161,0,0.0,0.0,7552
20,184,161,0,0.0,0.0,7553
20,185,161,0,0.0,0.0,7554
20,191,161,0,0.0,0.0,7555
20,192,161,0,0.0,0.0,7556
20,193,161,0,0.0,0.0,7557
20,196,161,0,0.0,0.0,7558
20,199,161,0,0.0,0.0,7559
20,201,161,0,0.0,0.0,7560
20,203,161,0,0.0,0.0,7561
20,206,161,0,0.0,0.0,7562
20,208,161,0,0.0,0.0,7563
20,210,161,0,0.0,0.0,7564
20,212,161,0,0.0,0.0,7565
20,214,161,0,0.0,0.0,7566
20,215,161,0,0.0,0.0,7567
20,217,161,0,0.0,0.0,7568
20,218,161,0,0.0,0.0,7569
20,221,161,0,0.0,0.0,7570
20,222,161,0,0.0,0.0,7571
20,223,161,0,0.0,0.0,7572
20,224,161,0,0.0,0.0,7573
20,225,161,0,0.0,0.0,7574
20,228,161,0,0.0,0.0,7575
20,229,161,0,0.0,0.0,7576
20,230,161,0,0.0,0.0,7577
20,231,161,0,0.0,0.0,7578
20,232,161,0,0.0,0.0,7579
20,233,161,0,0.0,0.0,7580
20,234,161,0,0.0,0.0,7581
20,236,161,0,0.0,0.0,7582
20,238,161,0,0.0,0.0,7583
20,240,161,0,0.0,0.0,7584
20,243,161,0,0.0,0.0,7585
20,245,161,0,0.0,0.0,7586
20,247,161,0,0.0,0.0,7587
20,249,161,0,0.0,0.0,7588
20,251,161,0,0.0,0.0,7589
20,252,161,0,0.0,0.0,7590
20,253,161,0,0.0,0.0,7591
20,255,161,0,0.0,0.0,7592
21,0,161,0,0.0,0.0,7593
21,4,161,0,0.0,0.0,7594
21,5,161,0,0.0,0.0,7595
21,8,161,0,0.0,0.0,7596
21,10,161,0,0.0,0.0,7597
21,11,161,0,0.0,0.0,7598
21,13,161,0,0.0,0.0,7599
21,15,161,0,0.0,0.0,7600
21,17,161,0,0.0,0.0,7601
21,19,161,0,0.0,0.0,7602
21,20,161,0,0.0,0.0,7603
21,22,161,0,0.0,0.0,7604
21,26,161,0,0.0,0.0,7605
21,27,161,0,0.0,0.0,7606
21,29,161,0,0.0,0.0,7607
21,31,161,0,0.0,0.0,7608
21,34,161,0,0.0,0.0,7609
21,35,161,0,0.0,0.0,7610
21,38,161,0,0.0,0.0,7611
21,41,161,0,0.0,0.0,7612
21,48,161,0,0.0,0.0,7613
21,49,161,0,0.0,0.0,7614
21,51,161,0,0.0,0.0,7615
21,52,161,0,0.0,0.0,7616
21,53,161,0,0.0,0.0,7617
21,54,161,0,0.0,0.0,7618
21,61,161,0,0.0,0.0,7619
21,62,161,0,0.0,0.0,7620
21,66,161,0,0.0,0.0,7621
21,67,161,0,0.0,0.0,7622
21,68,161,0,0.0,0.0,7623
21,69,161,0,0.0,0.0,7624
21,71,161,0,0.0,0.0,7625
21,73,161,0,0.0,0.0,7626
21,75,161,0,0.0,0.0,7627
21,80,161,0,0.0,0.0,7628
21,81,161,0,0.0,0.0,7629
21,83,161,0,0.0,0.0,7630
21,85,161,0,0.0,0.0,7631
21,89,161,0,0.0,0.0,7632
21,90,161,0,0.0,0.0,7633
21,91,161,0,0.0,0.0,7634
21,92,161,0,0.0,0.0,7635
21,95,161,0,0.0,0.0,7636
21,96,161,0,0.0,0.0,7637
21,98,161,0,0.0,0.0,7638
21,102,161,0,0.0,0.0,7639
21,103,161,0,0.0,0.0,7640
21,104,161,0,0.0,0.0,7641
21,107,161,0,0.0,0.0,7642
21,111,161,0,0.0,0.0,7643
21,112,161,0,0.0,0.0,7644
21,113,161,0,0.0,0.0,7645
21,116,161,0,0.0,0.0,7646
21,117,161,0,0.0,0.0,7647
21,119,161,0,0.0,0.0,7648
21,123,161,0,0.0,0.0,7649
21,124,161,0,0.0,0.0,7650
21,125,161,0,0.0,0.0,7651
21,127,161,0,0.0,0.0,7652
21,128,161,0,0.0,0.0,7653
21,129,161,0,0.0,0.0,7654
21,131,161,0,0.0,0.0,7655
21,134,161,0,0.0,0.0,7656
21,136,161,0,0.0,0.0,7657
21,138,161,0,0.0,0.0,7658
21,139,161,0,0.0,0.0,7659
21,143,161,0,0.0,0.0,7660
21,148,161,0,0.0,0.0,7661
21,149,161,0,0.0,0.0,7662
21,150,161,0,0.0,0.0,7663
21,151,161,0,0.0,0.0,7664
21,153,161,0,0.0,0.0,7665
21,154,161,0,0.0,0.0,7666
21,156,161,0,0.0,0.0,7667
21,159,161,0,0.0,0.0,7668
21,165,161,0,0.0,0.0,7669
21,168,161,0,0.0,0.0,7670
21,169,161,0,0.0,0.0,7671
21,170,161,0,0.0,0.0,7672
21,171,161,0,0.0,0.0,7673
21,175,161,0,0.0,0.0,7674
21,177,161,0,0.0,0.0,7675
21,178,161,0,0.0,0.0,7676
21,179,161,0,0.0,0.0,7677
21,180,161,0,0.0,0.0,7678
21,181,161,0,0.0,0.0,7679
21,182,161,0,0.0,0.0,7680
21,185,161,0,0.0,0.0,7681
21,187,161,0,0.0,0.0,7682
21,191,161,0,0.0,0.0,7683
21,192,161,0,0.0,0.0,7684
21,193,161,0,0.0,0.0,7685
21,194,161,0,0.0,0.0,7686
21,195,161,0,0.0,0.0,7687
21,196,161,0,0.0,0.0,7688
21,198,161,0,0.0,0.0,7689
21,199,161,0,0.0,0.0,7690
21,200,161,0,0.0,0.0,7691
21,203,161,0,0.0,0.0,7692
21,205,161,0,0.0,0.0,7693
21,206,161,0,0.0,0.0,7694
21,210,161,0,0.0,0.0,7695
21,211,161,0,0.0,0.0,7696
21,214,161,0,0.0,0.0,7697
21,215,161,0,0.0,0.0,7698
21,216,161,0,0.0,0.0,7699
21,219,161,0,0.0,0.0,7700
21,220,161,0,0.0,0.0,7701
21,221,161,0,0.0,0.0,7702
21,222,161,0,0.0,0.0,7703
21,223,161,0,0.0,0.0,7704
21,224,161,0,0.0,0.0,7705
21,226,161,0,0.0,0.0,7706
21,227,161,0,0.0,0.0,7707
21,229,161,0,0.0,0.0,7708
21,230,161,0,0.0,0.0,7709
21,231,161,0,0.0,0.0,7710
21,237,161,0,0.0,0.0,7711
21,238,161,0,0.0,0.0,7712
21,239,161,0,0.0,0.0,7713
21,241,161,0,0.0,0.0,7714
21,243,161,0,0.0,0.0,7715
21,244,161,0,0.0,0.0,7716
21,247,161,0,0.0,0.0,7717
21,249,161,0,0.0,0.0,7718
21,250,161,0,0.0,0.0,7719
21,251,161,0,0.0,0.0,7720
21,252,161,0,0.0,0.0,7721
21,253,161,0,0.0,0.0,7722
21,254,161,0,0.0,0.0,7723
21,255,161,0,0.0,0.0,7724
22,0,161,0,0.0,0.0,7725
22,1,161,0,0.0,0.0,7726
22,6,161,0,0.0,0.0,7727
22,7,161,0,0.0,0.0,7728
22,8,161,0,0.0,0.0,7729
22,10,161,0,0.0,0.0,7730
22,14,161,0,0.0,0.0,7731
22,20,161,0,0.0,0.0,7732
22,21,161,0,0.0,0.0,7733
22,24,161,0,0.0,0.0,7734
22,25,161,0,0.0,0.0,7735
22,26,161,0,0.0,0.0,7736
22,28,161,0,0.0,0.0,7737
22,29,161,0,0.0,0.0,7738
22,32,161,0,0.0,0.0,7739
22,33,161,0,0.0,0.0,7740
22,34,161,0,0.0,0.0,7741
22,36,161,0,0.0,0.0,7742
22,37,161,0,0.0,0.0,7743
22,38,161,0,0.0,0.0,7744
22,39,161,0,0.0,0.0,7745
22,43,161,0,0.0,0.0,7746
22,45,161,0,0.0,0.0,7747
22,46,161,0,0.0,0.0,7748
22,49,161,0,0.0,0.0,7749
22,51,161,0,0.0,0.0,7750
22,53,161,0,0.0,0.0,7751
22,54,161,0,0.0,0.0,7752
22,56,161,0,0.0,0.0,7753
22,57,161,0,0.0,0.0,7754
22,58,161,0,0.0,0.0,7755
22,63,161,0,0.0,0.0,7756
22,65,161,0,0.0,0.0,7757
22,66,161,0,0.0,0.0,7758
22,69,161,0,0.0,0.0,7759
22,72,161,0,0.0,0.0,7760
22,76,161,0,0.0,0.0,7761
22,77,161,0,0.0,0.0,7762
22,78,161,0,0.0,0.0,7763
22,80,161,0,0.0,0.0,7764
22,82,161,0,0.0,0.0,7765
22,83,161,0,0.0,0.0,7766
22,87,161,0,0.0,0.0,7767
22,88,161,0,0.0,0.0,7768
22,90,161,0,0.0,0.0,7769
22,94,161,0,0.0,0.0,7770
22,95,161,0,0.0,0.0,7771
22,97,161,0,0.0,0.0,7772
22,99,161,0,0.0,0.0,7773
22,100,161,0,0.0,0.0,7774
22,102,161,0,0.0,0.0,7775
22,105,161,0,0.0,0.0,7776
22,107,161,0,0.0,0.0,7777
22,109,161,0,0.0,0.0,7778
22,110,161,0,0.0,0.0,7779
22,113,161,0,0.0,0.0,7780
22,114,161,0,0.0,0.0,7781
22,116,161,0,0.0,0.0,7782
22,117,161,0,0.0,0.0,7783
22,119,161,0,0.0,0.0,7784
22,121,161,0,0.0,0.0,7785
22,123,161,0,0.0,0.0,7786
22,124,161,0,0.0,0.0,7787
22,125,161,0,0.0,0.0,7788
22,126,161,0,0.0,0.0,7789
22,127,161,0,0.0,0.0,7790
22,131,161,0,0.0,0.0,7791
22,134,161,0,0.0,0.0,7792
22,138,161,0,0.0,0.0,7793
22,139,161,0,0.0,0.0,7794
22,140,161,0,0.0,0.0,7795
22,142,161,0,0.0,0.0,7796
22,148,161,0,0.0,0.0,7797
22,150,161,0,0.0,0.0,7798
22,151,161,0,0.0,0.0,7799
22,154,161,0,0.0,0.0,7800
22,157,161,0,0.0,0.0,7801
22,158,161,0,0.0,0.0,7802
22,160,161,0,0.0,0.0,7803
22,163,161,0,0.0,0.0,7804
22,165,161,0,0.0,0.0,7805
22,169,161,0,0.0,0.0,7806
22,170,161,0,0.0,0.0,7807
22,177,161,0,0.0,0.0,7808
22,178,161,0,0.0,0.0,7809
22,179,161,0,0.0,0.0,7810
22,181,161,0,0.0,0.0,7811
22,182,161,0,0.0,0.0,7812
22,183,161,0,0.0,0.0,7813
22,184,161,0,0.0,0.0,7814
22,185,161,0,0.0,0.0,7815
22,186,161,0,0.0,0.0,7816
22,187,161,0,0.0,0.0,7817
22,189,161,0,0.0,0.0,7818
22,190,161,0,0.0,0.0,7819
22,191,161,0,0.0,0.0,7820
22,193,161,0,0.0,0.0,7821
22,194,161,0,0.0,0.0,7822
22,195,161,0,0.0,0.0,7823
22,196,161,0,0.0,0.0,7824
22,198,161,0,0.0,0.0,7825
22,200,161,0,0.0,0.0,7826
22,201,161,0,0.0,0.0,7827
22,202,161,0,0.0,0.0,7828
22,205,161,0,0.0,0.0,7829
22,207,161,0,0.0,0.0,7830
22,212,161,0,0.0,0.0,7831
22,213,161,0,0.0,0.0,7832
22,217,161,0,0.0,0.0,7833
22,219,161,0,0.0,0.0,7834
22,222,161,0,0.0,0.0,7835
22,226,161,0,0.0,0.0,7836
22,232,161,0,0.0,0.0,7837
22,233,161,0,0.0,0.0,7838
22,237,161,0,0.0,0.0,7839
22,240,161,0,0.0,0.0,7840
22,241,161,0,0.0,0.0,7841
22,243,161,0,0.0,0.0,7842
22,245,161,0,0.0,0.0,7843
22,246,161,0,0.0,0.0,7844
22,249,161,0,0.0,0.0,7845
22,250,161,0,0.0,0.0,7846
22,255,161,0,0.0,0.0,7847
23,0,161,0,0.0,0.0,7848
23,1,161,0,0.0,0.0,7849
23,3,161,0,0.0,0.0,7850
23,4,161,0,0.0,0.0,7851
23,5,161,0,0.0,0.0,7852
23,6,161,0,0.0,0.0,7853
23,7,161,0,0.0,0.0,7854
23,9,161,0,0.0,0.0,7855
23,10,161,0,0.0,0.0,7856
23,14,161,0,0.0,0.0,7857
23,15,161,0,0.0,0.0,7858
23,16,161,0,0.0,0.0,7859
23,17,161,0,0.0,0.0,7860
23,27,161,0,0.0,0.0,7861
23,30,161,0,0.0,0.0,7862
23,31,161,0,0.0,0.0,7863
23,32,161,0,0.0,0.0,7864
23,35,161,0,0.0,0.0,7865
23,36,161,0,0.0,0.0,7866
23,39,161,0,0.0,0.0,7867
23,42,161,0,0.0,0.0,7868
23,43,161,0,0.0,0.0,7869
23,49,161,0,0.0,0.0,7870
23,51,161,0,0.0,0.0,7871
23,52,161,0,0.0,0.0,7872
23,55,161,0,0.0,0.0,7873
23,56,161,0,0.0,0.0,7874
23,57,161,0,0.0,0.0,7875
23,61,161,0,0.0,0.0,7876
23,62,161,0,0.0,0.0,7877
23,65,161,0,0.0,0.0,7878
23,68,161,0,0.0,0.0,7879
23,69,161,0,0.0,0.0,7880
23,70,161,0,0.0,0.0,7881
23,71,161,0,0.0,0.0,7882
23,72,161,0,0.0,0.0,7883
23,73,161,0,0.0,0.0,7884
23,78,161,0,0.0,0.0,7885
23,81,161,0,0.0,0.0,7886
23,82,161,0,0.0,0.0,7887
23,83,161,0,0.0,0.0,7888
23,84,161,0,0.0,0.0,7889
23,87,161,0,0.0,0.0,7890
23,88,161,0,0.0,0.0,7891
23,90,161,0,0.0,0.0,7892
23,94,161,0,0.0,0.0,7893
23,95,161,0,0.0,0.0,7894
23,96,161,0,0.0,0.0,7895
23,98,161,0,0.0,0.0,7896
23,100,161,0,0.0,0.0,7897
23,101,161,0,0.0,0.0,7898
23,104,161,0,0.0,0.0,7899
23,105,161,0,0.0,0.0,7900
23,106,161,0,0.0,0.0,7901
23,107,161,0,0.0,0.0,7902
23,109,161,0,0.0,0.0,7903
23,110,161,0,0.0,0.0,7904
23,111,161,0,0.0,0.0,7905
23,112,161,0,0.0,0.0,7906
23,114,161,0,0.0,0.0,7907
23,115,161,0,0.0,0.0,7908
23,116,161,0,0.0,0.0,7909
23,123,161,0,0.0,0.0,7910
23,125,161,0,0.0,0.0,7911
23,131,161,0,0.0,0.0,7912
23,133,161,0,0.0,0.0,7913
23,134,161,0,0.0,0.0,7914
23,135,161,0,0.0,0.0,7915
23,136,161,0,0.0,0.0,7916
23,137,161,0,0.0,0.0,7917
23,139,161,0,0.0,0.0,7918
23,142,161,0,0.0,0.0,7919
23,144,161,0,0.0,0.0,7920
23,146,161,0,0.0,0.0,7921
23,147,161,0,0.0,0.0,7922
23,149,161,0,0.0,0.0,7923
23,151,161,0,0.0,0.0,7924
23,152,161,0,0.0,0.0,7925
23,153,161,0,0.0,0.0,7926
23,155,161,0,0.0,0.0,7927
23,156,161,0,0.0,0.0,7928
23,157,161,0,0.0,0.0,7929
23,159,161,0,0.0,0.0,7930
23,161,161,0,0.0,0.0,7931
23,163,161,0,0.0,0.0,7932
23,165,161,0,0.0,0.0,7933
23,166,161,0,0.0,0.0,7934
23,168,161,0,0.0,0.0,7935
23,170,161,0,0.0,0.0,7936
23,171,161,0,0.0,0.0,7937
23,172,161,0,0.0,0.0,7938
23,177,161,0,0.0,0.0,7939
23,180,161,0,0.0,0.0,7940
23,182,161,0,0.0,0.0,7941
23,184,161,0,0.0,0.0,7942
23,185,161,0,0.0,0.0,7943
23,186,161,0,0.0,0.0,7944
23,188,161,0,0.0,0.0,7945
23,189,161,0,0.0,0.0,7946
23,190,161,0,0.0,0.0,7947
23,192,161,0,0.0,0.0,7948
23,193,161,0,0.0,0.0,7949
23,194,161,0,0.0,0.0,7950
23,195,161,0,0.0,0.0,7951
23,196,161,0,0.0,0.0,7952
23,199,161,0,0.0,0.0,7953
23,204,161,0,0.0,0.0,7954
23,208,161,0,0.0,0.0,7955
23,209,161,0,0.0,0.0,7956
23,210,161,0,0.0,0.0,7957
23,212,161,0,0.0,0.0,7958
23,213,161,0,0.0,0.0,7959
23,217,161,0,0.0,0.0,7960
23,219,161,0,0.0,0.0,7961
23,221,161,0,0.0,0.0,7962
23,222,161,0,0.0,0.0,7963
23,223,161,0,0.0,0.0,7964
23,224,161,0,0.0,0.0,7965
23,229,161,0,0.0,0.0,7966
23,230,161,0,0.0,0.0,7967
23,231,161,0,0.0,0.0,7968
23,232,161,0,0.0,0.0,7969
23,233,161,0,0.0,0.0,7970
23,236,161,0,0.0,0.0,7971
23,237,161,0,0.0,0.0,7972
23,238,161,0,0.0,0.0,7973
23,240,161,0,0.0,0.0,7974
23,241,161,0,0.0,0.0,7975
23,242,161,0,0.0,0.0,7976
23,243,161,0,0.0,0.0,7977
23,244,161,0,0.0,0.0,7978
23,245,161,0,0.0,0.0,7979
23,246,161,0,0.0,0.0,7980
23,250,161,0,0.0,0.0,7981
23,251,161,0,0.0,0.0,7982
23,252,161,0,0.0,0.0,7983
23,255,161,0,0.0,0.0,7984
24,0,161,0,0.0,0.0,7985
24,3,161,0,0.0,0.0,7986
24,5,161,0,0.0,0.0,7987
24,10,161,0,0.0,0.0,7988
24,14,161,0,0.0,0.0,7989
24,15,161,0,0.0,0.0,7990
24,18,161,0,0.0,0.0,7991
24,19,161,0,0.0,0.0,7992
24,20,161,0,0.0,0.0,7993
24,21,161,0,0.0,0.0,7994
24,22,161,0,0.0,0.0,7995
24,23,161,0,0.0,0.0,7996
24,25,161,0,0.0,0.0,7997
24,26,161,0,0.0,0.0,7998
24,27,161,0,0.0,0.0,7999
24,29,161,0,0.0,0.0,8000
24,30,161,0,0.0,0.0,8001
24,31,161,0,0.0,0.0,8002
24,32,161,0,0.0,0.0,8003
24,33,161,0,0.0,0.0,8004
24,34,161,0,0.0,0.0,8005
24,35,161,0,0.0,0.0,8006
24,36,161,0,0.0,0.0,8007
24,37,161,0,0.0,0.0,8008
24,41,161,0,0.0,0.0,8009
24,42,161,0,0.0,0.0,8010
24,43,161,0,0.0,0.0,8011
24,44,161,0,0.0,0.0,8012
24,46,161,0,0.0,0.0,8013
24,48,161,0,0.0,0.0,8014
24,49,161,0,0.0,0.0,8015
24,51,161,0,0.0,0.0,8016
24,54,161,0,0.0,0.0,8017
24,57,161,0,0.0,0.0,8018
24,59,161,0,0.0,0.0,8019
24,61,161,0,0.0,0.0,8020
24,62,161,0,0.0,0.0,8021
24,63,161,0,0.0,0.0,8022
24,64,161,0,0.0,0.0,8023
24,65,161,0,0.0,0.0,8024
24,66,161,0,0.0,0.0,8025
24,68,161,0,0.0,0.0,8026
24,70,161,0,0.0,0.0,8027
24,71,161,0,0.0,0.0,8028
24,72,161,0,0.0,0.0,8029
24,73,161,0,0.0,0.0,8030
24,76,161,0,0.0,0.0,8031
24,79,161,0,0.0,0.0,8032
24,81,161,0,0.0,0.0,8033
24,85,161,0,0.0,0.0,8034
24,86,161,0,0.0,0.0,8035
24,89,161,0,0.0,0.0,8036
24,90,161,0,0.0,0.0,8037
24,91,161,0,0.0,0.0,8038
24,92,161,0,0.0,0.0,8039
24,95,161,0,0.0,0.0,8040
24,97,161,0,0.0,0.0,8041
24,98,161,0,0.0,0.0,8042
24,99,161,0,0.0,0.0,8043
24,101,161,0,0.0,0.0,8044
24,102,161,0,0.0,0.0,8045
24,106,161,0,0.0,0.0,8046
24,107,161,0,0.0,0.0,8047
24,112,161,0,0.0,0.0,8048
24,113,161,0,0.0,0.0,8049
24,114,161,0,0.0,0.0,8050
24,116,161,0,0.0,0.0,8051
24,118,161,0,0.0,0.0,8052
24,119,161,0,0.0,0.0,8053
24,120,161,0,0.0,0.0,8054
24,121,161,0,0.0,0.0,8055
24,123,161,0,0.0,0.0,8056
24,124,161,0,0.0,0.0,8057
24,126,161,0,0.0,0.0,8058
24,127,161,0,0.0,0.0,8059
24,130,161,0,0.0,0.0,8060
24,131,161,0,0.0,0.0,8061
24,132,161,0,0.0,0.0,8062
24,133,161,0,0.0,0.0,8063
24,134,161,0,0.0,0.0,8064
24,137,161,0,0.0,0.0,8065
24,138,161,0,0.0,0.0,8066
24,140,161,0,0.0,0.0,8067
24,142,161,0,0.0,0.0,8068
24,143,161,0,0.0,0.0,8069
24,144,161,0,0.0,0.0,8070
24,145,161,0,0.0,0.0,8071
24,148,161,0,0.0,0.0,8072
24,150,161,0,0.0,0.0,8073
24,152,161,0,0.0,0.0,8074
24,155,161,0,0.0,0.0,8075
24,156,161,0,0.0,0.0,8076
24,157,161,0,0.0,0.0,8077
24,158,161,0,0.0,0.0,8078
24,159,161,0,0.0,0.0,8079
24,161,161,0,0.0,0.0,8080
24,163,161,0,0.0,0.0,8081
24,166,161,0,0.0,0.0,8082
24,170,161,0,0.0,0.0,8083
24,172,161,0,0.0,0.0,8084
24,174,161,0,0.0,0.0,8085
24,175,161,0,0.0,0.0,8086
24,176,161,0,0.0,0.0,8087
24,177,161,0,0.0,0.0,8088
24,180,161,0,0.0,0.0,8089
24,181,161,0,0.0,0.0,8090
24,182,161,0,0.0,0.0,8091
24,183,161,0,0.0,0.0,8092
24,188,161,0,0.0,0.0,8093
24,190,161,0,0.0,0.0,8094
24,194,161,0,0.0,0.0,8095
24,195,161,0,0.0,0.0,8096
24,197,161,0,0.0,0.0,8097
24,198,161,0,0.0,0.0,8098
24,200,161,0,0.0,0.0,8099
24,201,161,0,0.0,0.0,8100
24,203,161,0,0.0,0.0,8101
24,204,161,0,0.0,0.0,8102
24,208,161,0,0.0,0.0,8103
24,210,161,0,0.0,0.0,8104
24,212,161,0,0.0,0.0,8105
24,216,161,0,0.0,0.0,8106
24,222,161,0,0.0,0.0,8107
24,224,161,0,0.0,0.0,8108
24,226,161,0,0.0,0.0,8109
24,227,161,0,0.0,0.0,8110
24,229,161,0,0.0,0.0,8111
24,230,161,0,0.0,0.0,8112
24,236,161,0,0.0,0.0,8113
24,237,161,0,0.0,0.0,8114
24,238,161,0,0.0,0.0,8115
24,239,161,0,0.0,0.0,8116
24,242,161,0,0.0,0.0,8117
24,244,161,0,0.0,0.0,8118
24,245,161,0,0.0,0.0,8119
24,247,161,0,0.0,0.0,8120
24,249,161,0,0.0,0.0,8121
24,250,161,0,0.0,0.0,8122
24,252,161,0,0.0,0.0,8123
24,254,161,0,0.0,0.0,8124
25,0,161,0,0.0,0.0,8125
25,2,161,0,0.0,0.0,8126
25,5,161,0,0.0,0.0,8127
25,6,161,0,0.0,0.0,8128
25,7,161,0,0.0,0.0,8129
25,8,161,0,0.0,0.0,8130
25,12,161,0,0.0,0.0,8131
25,13,161,0,0.0,0.0,8132
25,18,161,0,0.0,0.0,8133
25,19,161,0,0.0,0.0,8134
25,20,161,0,0.0,0.0,8135
25,22,161,0,0.0,0.0,8136
25,23,161,0,0.0,0.0,8137
25,24,161,0,0.0,0.0,8138
25,25,161,0,0.0,0.0,8139
25,27,161,0,0.0,0.0,8140
25,28,161,0,0.0,0.0,8141
25,29,161,0,0.0,0.0,8142
25,30,161,0,0.0,0.0,8143
25,31,161,0,0.0,0.0,8144
25,33,161,0,0.0,0.0,8145
25,34,161,0,0.0,0.0,8146
25,35,161,0,0.0,0.0,8147
25,37,161,0,0.0,0.0,8148
25,38,161,0,0.0,0.0,8149
25,41,161,0,0.0,0.0,8150
25,42,161,0,0.0,0.0,8151
25,43,161,0,0.0,0.0,8152
25,44,161,0,0.0,0.0,8153
25,47,161,0,0.0,0.0,8154
25,50,161,0,0.0,0.0,8155
25,54,161,0,0.0,0.0,8156
25,55,161,0,0.0,0.0,8157
25,56,161,0,0.0,0.0,8158
25,57,161,0,0.0,0.0,8159
25,58,161,0,0.0,0.0,8160
25,60,161,0,0.0,0.0,8161
25,64,161,0,0.0,0.0,8162
25,67,161,0,0.0,0.0,8163
25,69,161,0,0.0,0.0,8164
25,70,161,0,0.0,0.0,8165
25,75,161,0,0.0,0.0,8166
25,76,161,0,0.0,0.0,8167
25,77,161,0,0.0,0.0,8168
25,78,161,0,0.0,0.0,8169
25,79,161,0,0.0,0.0,8170
25,80,161,0,0.0,0.0,8171
25,83,161,0,0.0,0.0,8172
25,85,161,0,0.0,0.0,8173
25,91,161,0,0.0,0.0,8174
25,93,161,0,0.0,0.0,8175
25,94,161,0,0.0,0.0,8176
25,95,161,0,0.0,0.0,8177
25,96,161,0,0.0,0.0,8178
25,97,161,0,0.0,0.0,8179
25,98,161,0,0.0,0.0,8180
25,100,161,0,0.0,0.0,8181
25,102,161,0,0.0,0.0,8182
25,103,161,0,0.0,0.0,8183
25,104,161,0,0.0,0.0,8184
25,106,161,0,0.0,0.0,8185
25,107,161,0,0.0,0.0,8186
25,109,161,0,0.0,0.0,8187
25,110,161,0,0.0,0.0,8188
25,111,161,0,0.0,0.0,8189
25,112,161,0,0.0,0.0,8190
25,113,161,0,0.0,0.0,8191
25,115,161,0,0.0,0.0,8192
25,117,161,0,0.0,0.0,8193
25,119,161,0,0.0,0.0,8194
25,121,161,0,0.0,0.0,8195
25,122,161,0,0.0,0.0,8196
25,125,161,0,0.0,0.0,8197
25,127,161,0,0.0,0.0,8198
25,128,161,0,0.0,0.0,8199
25,129,161,0,0.0,0.0,8200
25,131,161,0,0.0,0.0,8201
25,132,161,0,0.0,0.0,8202
25,133,161,0,0.0,0.0,8203
25,134,161,0,0.0,0.0,8204
25,135,161,0,0.0,0.0,8205
25,137,161,0,0.0,0.0,8206
25,138,161,0,0.0,0.0,8207
25,139,161,0,0.0,0.0,8208
25,142,161,0,0.0,0.0,8209
25,143,161,0,0.0,0.0,8210
25,144,161,0,0.0,0.0,8211
25,145,161,0,0.0,0.0,8212
25,147,161,0,0.0,0.0,8213
25,148,161,0,0.0,0.0,8214
25,149,161,0,0.0,0.0,8215
25,150,161,0,0.0,0.0,8216
25,151,161,0,0.0,0.0,8217
25,152,161,0,0.0,0.0,8218
25,154,161,0,0.0,0.0,8219
25,155,161,0,0.0,0.0,8220
25,160,161,0,0.0,0.0,8221
25,163,161,0,0.0,0.0,8222
25,164,161,0,0.0,0.0,8223
25,165,161,0,0.0,0.0,8224
25,166,161,0,0.0,0.0,8225
25,169,161,0,0.0,0.0,8226
25,170,161,0,0.0,0.0,8227
25,173,161,0,0.0,0.0,8228
25,174,161,0,0.0,0.0,8229
25,175,161,0,0.0,0.0,8230
25,176,161,0,0.0,0.0,8231
25,178,161,0,0.0,0.0,8232
25,179,161,0,0.0,0.0,8233
25,180,161,0,0.0,0.0,8234
25,185,161,0,0.0,0.0,8235
25,187,161,0,0.0,0.0,8236
25,191,161,0,0.0,0.0,8237
25,193,161,0,0.0,0.0,8238
25,195,161,0,0.0,0.0,8239
25,200,161,0,0.0,0.0,8240
25,202,161,0,0.0,0.0,8241
25,203,161,0,0.0,0.0,8242
25,206,161,0,0.0,0.0,8243
25,207,161,0,0.0,0.0,8244
25,210,161,0,0.0,0.0,8245
25,211,161,0,0.0,0.0,8246
25,214,161,0,0.0,0.0,8247
25,216,161,0,0.0,0.0,8248
25,217,161,0,0.0,0.0,8249
25,218,161,0,0.0,0.0,8250
25,219,161,0,0.0,0.0,8251
25,220,161,0,0.0,0.0,8252
25,221,161,0,0.0,0.0,8253
25,222,161,0,0.0,0.0,8254
25,223,161,0,0.0,0.0,8255
25,225,161,0,0.0,0.0,8256
25,227,161,0,0.0,0.0,8257
25,231,161,0,0.0,0.0,8258
25,232,161,0,0.0,0.0,8259
25,233,161,0,0.0,0.0,8260
25,239,161,0,0.0,0.0,8261
25,240,161,0,0.0,0.0,8262
25,242,161,0,0.0,0.0,8263
25,244,161,0,0.0,0.0,8264
25,245,161,0,0.0,0.0,8265
25,247,161,0,0.0,0.0,8266
25,248,161,0,0.0,0.0,8267
25,249,161,0,0.0,0.0,8268
25,250,161,0,0.0,0.0,8269
25,251,161,0,0.0,0.0,8270
25,253,161,0,0.0,0.0,8271
25,254,161,0,0.0,0.0,8272
25,255,161,0,0.0,0.0,8273
26,0,161,0,0.0,0.0,8274
26,2,161,0,0.0,0.0,8275
26,5,161,0,0.0,0.0,8276
26,6,161,0,0.0,0.0,8277
26,7,161,0,0.0,0.0,8278
26,9,161,0,0.0,0.0,8279
26,12,161,0,0.0,0.0,8280
26,17,161,0,0.0,0.0,8281
26,21,161,0,0.0,0.0,8282
26,23,161,0,0.0,0.0,8283
26,24,161,0,0.0,0.0,8284
26,25,161,0,0.0,0.0,8285
26,27,161,0,0.0,0.0,8286
26,28,161,0,0.0,0.0,8287
26,29,161,0,0.0,0.0,8288
26,30,161,0,0.0,0.0,8289
26,32,161,0,0.0,0.0,8290
26,34,161,0,0.0,0.0,8291
26,35,161,0,0.0,0.0,8292
26,37,161,0,0.0,0.0,8293
26,39,161,0,0.0,0.0,8294
26,40,161,0,0.0,0.0,8295
26,41,161,0,0.0,0.0,8296
26,42,161,0,0.0,0.0,8297
26,44,161,0,0.0,0.0,8298
26,51,161,0,0.0,0.0,8299
26,52,161,0,0.0,0.0,8300
26,53,161,0,0.0,0.0,8301
26,54,161,0,0.0,0.0,8302
26,55,161,0,0.0,0.0,8303
26,58,161,0,0.0,0.0,8304
26,59,161,0,0.0,0.0,8305
26,60,161,0,0.0,0.0,8306
26,61,161,0,0.0,0.0,8307
26,62,161,0,0.0,0.0,8308
26,63,161,0,0.0,0.0,8309
26,65,161,0,0.0,0.0,8310
26,69,161,0,0.0,0.0,8311
26,71,161,0,0.0,0.0,8312
26,72,161,0,0.0,0.0,8313
26,73,161,0,0.0,0.0,8314
26,75,161,0,0.0,0.0,8315
26,76,161,0,0.0,0.0,8316
26,77,161,0,0.0,0.0,8317
26,79,161,0,0.0,0.0,8318
26,83,161,0,0.0,0.0,8319
26,89,161,0,0.0,0.0,8320
26,95,161,0,0.0,0.0,8321
26,97,161,0,0.0,0.0,8322
26,98,161,0,0.0,0.0,8323
26,100,161,0,0.0,0.0,8324
26,104,161,0,0.0,0.0,8325
26,105,161,0,0.0,0.0,8326
26,107,161,0,0.0,0.0,8327
26,115,161,0,0.0,0.0,8328
26,116,161,0,0.0,0.0,8329
26,117,161,0,0.0,0.0,8330
26,118,161,0,0.0,0.0,8331
26,122,161,0,0.0,0.0,8332
26,125,161,0,0.0,0.0,8333
26,127,161,0,0.0,0.0,8334
26,128,161,0,0.0,0.0,8335
26,129,161,0,0.0,0.0,8336
26,130,161,0,0.0,0.0,8337
26,131,161,0,0.0,0.0,8338
26,132,161,0,0.0,0.0,8339
26,133,161,0,0.0,0.0,8340
26,136,161,0,0.0,0.0,8341
26,137,161,0,0.0,0.0,8342
26,139,161,0,0.0,0.0,8343
26,140,161,0,0.0,0.0,8344
26,141,161,0,0.0,0.0,8345
26,142,161,0,0.0,0.0,8346
26,143,161,0,0.0,0.0,8347
26,144,161,0,0.0,0.0,8348
26,145,161,0,0.0,0.0,8349
26,149,161,0,0.0,0.0,8350
26,150,161,0,0.0,0.0,8351
26,151,161,0,0.0,0.0,8352
26,152,161,0,0.0,0.0,8353
26,153,161,0,0.0,0.0,8354
26,157,161,0,0.0,0.0,8355
26,159,161,0,0.0,0.0,8356
26,161,161,0,0.0,0.0,8357
26,162,161,0,0.0,0.0,8358
26,163,161,0,0.0,0.0,8359
26,165,161,0,0.0,0.0,8360
26,167,161,0,0.0,0.0,8361
26,168,161,0,0.0,0.0,8362
26,169,161,0,0.0,0.0,8363
26,174,161,0,0.0,0.0,8364
26,177,161,0,0.0,0.0,8365
26,178,161,0,0.0,0.0,8366
26,179,161,0,0.0,0.0,8367
26,180,161,0,0.0,0.0,8368
26,182,161,0,0.0,0.0,8369
26,183,161,0,0.0,0.0,8370
26,184,161,0,0.0,0.0,8371
26,186,161,0,0.0,0.0,8372
26,189,161,0,0.0,0.0,8373
26,190,161,0,0.0,0.0,8374
26,192,161,0,0.0,0.0,8375
26,193,161,0,0.0,0.0,8376
26,195,161,0,0.0,0.0,8377
26,200,161,0,0.0,0.0,8378
26,202,161,0,0.0,0.0,8379
26,203,161,0,0.0,0.0,8380
26,205,161,0,0.0,0.0,8381
26,206,161,0,0.0,0.0,8382
26,207,161,0,0.0,0.0,8383
26,208,161,0,0.0,0.0,8384
26,211,161,0,0.0,0.0,8385
26,212,161,0,0.0,0.0,8386
26,214,161,0,0.0,0.0,8387
26,217,161,0,0.0,0.0,8388
26,218,161,0,0.0,0.0,8389
26,220,161,0,0.0,0.0,8390
26,221,161,0,0.0,0.0,8391
26,223,161,0,0.0,0.0,8392
26,224,161,0,0.0,0.0,8393
26,228,161,0,0.0,0.0,8394
26,232,161,0,0.0,0.0,8395
26,233,161,0,0.0,0.0,8396
26,234,161,0,0.0,0.0,8397
26,240,161,0,0.0,0.0,8398
26,241,161,0,0.0,0.0,8399
26,242,161,0,0.0,0.0,8400
26,244,161,0,0.0,0.0,8401
26,250,161,0,0.0,0.0,8402
26,253,161,0,0.0,0.0,8403
27,0,161,0,0.0,0.0,8404
27,1,161,0,0.0,0.0,8405
27,2,161,0,0.0,0.0,8406
27,3,161,0,0.0,0.0,8407
27,4,161,0,0.0,0.0,8408
27,6,161,0,0.0,0.0,8409
27,7,161,0,0.0,0.0,8410
27,13,161,0,0.0,0.0,8411
27,16,161,0,0.0,0.0,8412
27,18,161,0,0.0,0.0,8413
27,19,161,0,0.0,0.0,8414
27,23,161,0,0.0,0.0,8415
27,25,161,0,0.0,0.0,8416
27,30,161,0,0.0,0.0,8417
27,31,161,0,0.0,0.0,8418
27,32,161,0,0.0,0.0,8419
27,33,161,0,0.0,0.0,8420
27,34,161,0,0.0,0.0,8421
27,37,161,0,0.0,0.0,8422
27,40,161,0,0.0,0.0,8423
27,42,161,0,0.0,0.0,8424
27,44,161,0,0.0,0.0,8425
27,46,161,0,0.0,0.0,8426
27,48,161,0,0.0,0.0,8427
27,49,161,0,0.0,0.0,8428
27,50,161,0,0.0,0.0,8429
27,53,161,0,0.0,0.0,8430
27,54,161,0,0.0,0.0,8431
27,55,161,0,0.0,0.0,8432
27,60,161,0,0.0,0.0,8433
27,62,161,0,0.0,0.0,8434
27,64,161,0,0.0,0.0,8435
27,65,161,0,0.0,0.0,8436
27,67,161,0,0.0,0.0,8437
27,68,161,0,0.0,0.0,8438
27,70,161,0,0.0,0.0,8439
27,71,161,0,0.0,0.0,8440
27,72,161,0,0.0,0.0,8441
27,73,161,0,0.0,0.0,8442
27,74,161,0,0.0,0.0,8443
27,75,161,0,0.0,0.0,8444
27,76,161,0,0.0,0.0,8445
27,77,161,0,0.0,0.0,8446
27,80,161,0,0.0,0.0,8447
27,83,161,0,0.0,0.0,8448
27,87,161,0,0.0,0.0,8449
27,88,161,0,0.0,0.0,8450
27,91,161,0,0.0,0.0,8451
27,92,161,0,0.0,0.0,8452
27,95,161,0,0.0,0.0,8453
27,96,161,0,0.0,0.0,8454
27,98,161,0,0.0,0.0,8455
27,99,161,0,0.0,0.0,8456
27,101,161,0,0.0,0.0,8457
27,103,161,0,0.0,0.0,8458
27,104,161,0,0.0,0.0,8459
27,105,161,0,0.0,0.0,8460
27,107,161,0,0.0,0.0,8461
27,109,161,0,0.0,0.0,8462
27,110,161,0,0.0,0.0,8463
27,112,161,0,0.0,0.0,8464
27,113,161,0,0.0,0.0,8465
27,114,161,0,0.0,0.0,8466
27,117,161,0,0.0,0.0,8467
27,120,161,0,0.0,0.0,8468
27,121,161,0,0.0,0.0,8469
27,124,161,0,0.0,0.0,8470
27,125,161,0,0.0,0.0,8471
27,127,161,0,0.0,0.0,8472
27,128,161,0,0.0,0.0,8473
27,129,161,0,0.0,0.0,8474
27,130,161,0,0.0,0.0,8475
27,132,161,0,0.0,0.0,8476
27,133,161,0,0.0,0.0,8477
27,134,161,0,0.0,0.0,8478
27,137,161,0,0.0,0.0,8479
27,140,161,0,0.0,0.0,8480
27,144,161,0,0.0,0.0,8481
27,145,161,0,0.0,0.0,8482
27,148,161,0,0.0,0.0,8483
27,149,161,0,0.0,0.0,8484
27,153,161,0,0.0,0.0,8485
27,154,161,0,0.0,0.0,8486
27,155,161,0,0.0,0.0,8487
27,156,161,0,0.0,0.0,8488
27,158,161,0,0.0,0.0,8489
27,161,161,0,0.0,0.0,8490
27,163,161,0,0.0,0.0,8491
27,164,161,0,0.0,0.0,8492
27,169,161,0,0.0,0.0,8493
27,170,161,0,0.0,0.0,8494
27,171,161,0,0.0,0.0,8495
27,172,161,0,0.0,0.0,8496
27,173,161,0,0.0,0.0,8497
27,174,161,0,0.0,0.0,8498
27,177,161,0,0.0,0.0,8499
27,187,161,0,0.0,0.0,8500
27,190,161,0,0.0,0.0,8501
27,195,161,0,0.0,0.0,8502
27,196,161,0,0.0,0.0,8503
27,198,161,0,0.0,0.0,8504
27,199,161,0,0.0,0.0,8505
27,200,161,0,0.0,0.0,8506
27,209,161,0,0.0,0.0,8507
27,210,161,0,0.0,0.0,8508
27,213,161,0,0.0,0.0,8509
27,216,161,0,0.0,0.0,8510
27,217,161,0,0.0,0.0,8511
27,218,161,0,0.0,0.0,8512
27,219,161,0,0.0,0.0,8513
27,220,161,0,0.0,0.0,8514
27,222,161,0,0.0,0.0,8515
27,224,161,0,0.0,0.0,8516
27,228,161,0,0.0,0.0,8517
27,229,161,0,0.0,0.0,8518
27,234,161,0,0.0,0.0,8519
27,235,161,0,0.0,0.0,8520
27,237,161,0,0.0,0.0,8521
27,239,161,0,0.0,0.0,8522
27,243,161,0,0.0,0.0,8523
27,247,161,0,0.0,0.0,8524
27,253,161,0,0.0,0.0,8525
27,255,161,0,0.0,0.0,8526
28,1,161,0,0.0,0.0,8527
28,2,161,0,0.0,0.0,8528
28,4,161,0,0.0,0.0,8529
28,5,161,0,0.0,0.0,8530
28,6,161,0,0.0,0.0,8531
28,9,161,0,0.0,0.0,8532
28,11,161,0,0.0,0.0,8533
28,12,161,0,0.0,0.0,8534
28,13,161,0,0.0,0.0,8535
28,14,161,0,0.0,0.0,8536
28,16,161,0,0.0,0.0,8537
28,17,161,0,0.0,0.0,8538
28,18,161,0,0.0,0.0,8539
28,19,161,0,0.0,0.0,8540
28,20,161,0,0.0,0.0,8541
28,25,161,0,0.0,0.0,8542
28,27,161,0,0.0,0.0,8543
28,28,161,0,0.0,0.0,8544
28,30,161,0,0.0,0.0,8545
28,31,161,0,0.0,0.0,8546
28,32,161,0,0.0,0.0,8547
28,33,161,0,0.0,0.0,8548
28,35,161,0,0.0,0.0,8549
28,37,161,0,0.0,0.0,8550
28,38,161,0,0.0,0.0,8551
28,39,161,0,0.0,0.0,8552
28,43,161,0,0.0,0.0,8553
28,44,161,0,0.0,0.0,8554
28,45,161,0,0.0,0.0,8555
28,46,161,0,0.0,0.0,8556
28,49,161,0,0.0,0.0,8557
28,50,161,0,0.0,0.0,8558
28,52,161,0,0.0,0.0,8559
28,53,161,0,0.0,0.0,8560
28,56,161,0,0.0,0.0,8561
28,57,161,0,0.0,0.0,8562
28,61,161,0,0.0,0.0,8563
28,63,161,0,0.0,0.0,8564
28,68,161,0,0.0,0.0,8565
28,69,161,0,0.0,0.0,8566
28,70,161,0,0.0,0.0,8567
28,71,161,0,0.0,0.0,8568
28,72,161,0,0.0,0.0,8569
28,73,161,0,0.0,0.0,8570
28,74,161,0,0.0,0.0,8571
28,87,161,0,0.0,0.0,8572
28,88,161,0,0.0,0.0,8573
28,90,161,0,0.0,0.0,8574
28,91,161,0,0.0,0.0,8575
28,94,161,0,0.0,0.0,8576
28,96,161,0,0.0,0.0,8577
28,97,161,0,0.0,0.0,8578
28,98,161,0,0.0,0.0,8579
28,99,161,0,0.0,0.0,8580
28,101,161,0,0.0,0.0,8581
28,105,161,0,0.0,0.0,8582
28,106,161,0,0.0,0.0,8583
28,108,161,0,0.0,0.0,8584
28,109,161,0,0.0,0.0,8585
28,110,161,0,0.0,0.0,8586
28,114,161,0,0.0,0.0,8587
28,118,161,0,0.0,0.0,8588
28,119,161,0,0.0,0.0,8589
28,121,161,0,0.0,0.0,8590
28,122,161,0,0.0,0.0,8591
28,123,161,0,0.0,0.0,8592
28,124,161,0,0.0,0.0,8593
28,126,161,0,0.0,0.0,8594
28,127,161,0,0.0,0.0,8595
28,128,161,0,0.0,0.0,8596
28,129,161,0,0.0,0.0,8597
28,130,161,0,0.0,0.0,8598
28,133,161,0,0.0,0.0,8599
28,135,161,0,0.0,0.0,8600
28,136,161,0,0.0,0.0,8601
28,137,161,0,0.0,0.0,8602
28,139,161,0,0.0,0.0,8603
28,141,161,0,0.0,0.0,8604
28,142,161,0,0.0,0.0,8605
28,144,161,0,0.0,0.0,8606
28,145,161,0,0.0,0.0,8607
28,146,161,0,0.0,0.0,8608
28,147,161,0,0.0,0.0,8609
28,152,161,0,0.0,0.0,8610
28,153,161,0,0.0,0.0,8611
28,156,161,0,0.0,0.0,8612
28,157,161,0,0.0,0.0,8613
28,159,161,0,0.0,0.0,8614
28,161,161,0,0.0,0.0,8615
28,163,161,0,0.0,0.0,8616
28,166,161,0,0.0,0.0,8617
28,167,161,0,0.0,0.0,8618
28,170,161,0,0.0,0.0,8619
28,171,161,0,0.0,0.0,8620
28,172,161,0,0.0,0.0,8621
28,173,161,0,0.0,0.0,8622
28,175,161,0,0.0,0.0,8623
28,177,161,0,0.0,0.0,8624
28,178,161,0,0.0,0.0,8625
28,181,161,0,0.0,0.0,8626
28,187,161,0,0.0,0.0,8627
28,188,161,0,0.0,0.0,8628
28,190,161,0,0.0,0.0,8629
28,191,161,0,0.0,0.0,8630
28,192,161,0,0.0,0.0,8631
28,194,161,0,0.0,0.0,8632
28,196,161,0,0.0,0.0,8633
28,197,161,0,0.0,0.0,8634
28,198,161,0,0.0,0.0,8635
28,199,161,0,0.0,0.0,8636
28,203,161,0,0.0,0.0,8637
28,204,161,0,0.0,0.0,8638
28,207,161,0,0.0,0.0,8639
28,208,161,0,0.0,0.0,8640
28,209,161,0,0.0,0.0,8641
28,210,161,0,0.0,0.0,8642
28,212,161,0,0.0,0.0,8643
28,213,161,0,0.0,0.0,8644
28,214,161,0,0.0,0.0,8645
28,217,161,0,0.0,0.0,8646
28,218,161,0,0.0,0.0,8647
28,219,161,0,0.0,0.0,8648
28,222,161,0,0.0,0.0,8649
28,224,161,0,0.0,0.0,8650
28,227,161,0,0.0,0.0,8651
28,229,161,0,0.0,0.0,8652
28,230,161,0,0.0,0.0,8653
28,231,161,0,0.0,0.0,8654
28,232,161,0,0.0,0.0,8655
28,235,161,0,0.0,0.0,8656
28,236,161,0,0.0,0.0,8657
28,237,161,0,0.0,0.0,8658
28,239,161,0,0.0,0.0,8659
28,242,161,0,0.0,0.0,8660
28,243,161,0,0.0,0.0,8661
28,245,161,0,0.0,0.0,8662
28,250,161,0,0.0,0.0,8663
28,254,161,0,0.0,0.0,8664
29,1,161,0,0.0,0.0,8665
29,2,161,0,0.0,0.0,8666
29,3,161,0,0.0,0.0,8667
29,4,161,0,0.0,0.0,8668
29,8,161,0,0.0,0.0,8669
29,9,161,0,0.0,0.0,8670
29,10,161,0,0.0,0.0,8671
29,11,161,0,0.0,0.0,8672
29,12,161,0,0.0,0.0,8673
29,13,161,0,0.0,0.0,8674
29,15,161,0,0.0,0.0,8675
29,20,161,0,0.0,0.0,8676
29,22,161,0,0.0,0.0,8677
29,25,161,0,0.0,0.0,8678
29,28,161,0,0.0,0.0,8679
29,31,161,0,0.0,0.0,8680
29,32,161,0,0.0,0.0,8681
29,34,161,0,0.0,0.0,8682
29,35,161,0,0.0,0.0,8683
29,36,161,0,0.0,0.0,8684
29,38,161,0,0.0,0.0,8685
29,40,161,0,0.0,0.0,8686
29,41,161,0,0.0,0.0,8687
29,42,161,0,0.0,0.0,8688
29,46,161,0,0.0,0.0,8689
29,49,161,0,0.0,0.0,8690
29,50,161,0,0.0,0.0,8691
29,51,161,0,0.0,0.0,8692
29,54,161,0,0.0,0.0,8693
29,55,161,0,0.0,0.0,8694
29,56,161,0,0.0,0.0,8695
29,57,161,0,0.0,0.0,8696
29,58,161,0,0.0,0.0,8697
29,62,161,0,0.0,0.0,8698
29,67,161,0,0.0,0.0,8699
29,68,161,0,0.0,0.0,8700
29,70,161,0,0.0,0.0,8701
29,71,161,0,0.0,0.0,8702
29,72,161,0,0.0,0.0,8703
29,73,161,0,0.0,0.0,8704
29,74,161,0,0.0,0.0,8705
29,76,161,0,0.0,0.0,8706
29,81,161,0,0.0,0.0,8707
29,82,161,0,0.0,0.0,8708
29,83,161,0,0.0,0.0,8709
29,84,161,0,0.0,0.0,8710
29,85,161,0,0.0,0.0,8711
29,88,161,0,0.0,0.0,8712
29,91,161,0,0.0,0.0,8713
29,92,161,0,0.0,0.0,8714
29,94,161,0,0.0,0.0,8715
29,95,161,0,0.0,0.0,8716
29,97,161,0,0.0,0.0,8717
29,98,161,0,0.0,0.0,8718
29,101,161,0,0.0,0.0,8719
29,102,161,0,0.0,0.0,8720
29,103,161,0,0.0,0.0,8721
29,104,161,0,0.0,0.0,8722
29,106,161,0,0.0,0.0,8723
29,107,161,0,0.0,0.0,8724
29,108,161,0,0.0,0.0,8725
29,109,161,0,0.0,0.0,8726
29,111,161,0,0.0,0.0,8727
29,113,161,0,0.0,0.0,8728
29,114,161,0,0.0,0.0,8729
29,116,161,0,0.0,0.0,8730
29,117,161,0,0.0,0.0,8731
29,121,161,0,0.0,0.0,8732
29,124,161,0,0.0,0.0,8733
29,125,161,0,0.0,0.0,8734
29,127,161,0,0.0,0.0,8735
29,128,161,0,0.0,0.0,8736
29,130,161,0,0.0,0.0,8737
29,132,161,0,0.0,0.0,8738
29,133,161,0,0.0,0.0,8739
29,135,161,0,0.0,0.0,8740
29,137,161,0,0.0,0.0,8741
29,138,161,0,0.0,0.0,8742
29,140,161,0,0.0,0.0,8743
29,142,161,0,0.0,0.0,8744
29,143,161,0,0.0,0.0,8745
29,147,161,0,0.0,0.0,8746
29,150,161,0,0.0,0.0,8747
29,153,161,0,0.0,0.0,8748
29,154,161,0,0.0,0.0,8749
29,155,161,0,0.0,0.0,8750
29,156,161,0,0.0,0.0,8751
29,157,161,0,0.0,0.0,8752
29,160,161,0,0.0,0.0,8753
29,162,161,0,0.0,0.0,8754
29,163,161,0,0.0,0.0,8755
29,164,161,0,0.0,0.0,8756
29,168,161,0,0.0,0.0,8757
29,169,161,0,0.0,0.0,8758
29,170,161,0,0.0,0.0,8759
29,173,161,0,0.0,0.0,8760
29,174,161,0,0.0,0.0,8761
29,176,161,0,0.0,0.0,8762
29,178,161,0,0.0,0.0,8763
29,182,161,0,0.0,0.0,8764
29,184,161,0,0.0,0.0,8765
29,185,161,0,0.0,0.0,8766
29,187,161,0,0.0,0.0,8767
29,188,161,0,0.0,0.0,8768
29,189,161,0,0.0,0.0,8769
29,190,161,0,0.0,0.0,8770
29,196,161,0,0.0,0.0,8771
29,197,161,0,0.0,0.0,8772
29,198,161,0,0.0,0.0,8773
29,199,161,0,0.0,0.0,8774
29,201,161,0,0.0,0.0,8775
29,203,161,0,0.0,0.0,8776
29,204,161,0,0.0,0.0,8777
29,207,161,0,0.0,0.0,8778
29,214,161,0,0.0,0.0,8779
29,215,161,0,0.0,0.0,8780
29,216,161,0,0.0,0.0,8781
29,219,161,0,0.0,0.0,8782
29,220,161,0,0.0,0.0,8783
29,222,161,0,0.0,0.0,8784
29,223,161,0,0.0,0.0,8785
29,226,161,0,0.0,0.0,8786
29,228,161,0,0.0,0.0,8787
29,229,161,0,0.0,0.0,8788
29,230,161,0,0.0,0.0,8789
29,231,161,0,0.0,0.0,8790
29,232,161,0,0.0,0.0,8791
29,233,161,0,0.0,0.0,8792
29,235,161,0,0.0,0.0,8793
29,236,161,0,0.0,0.0,8794
29,237,161,0,0.0,0.0,8795
29,241,161,0,0.0,0.0,8796
29,242,161,0,0.0,0.0,8797
29,243,161,0,0.0,0.0,8798
29,244,161,0,0.0,0.0,8799
29,246,161,0,0.0,0.0,8800
29,247,161,0,0.0,0.0,8801
29,249,161,0,0.0,0.0,8802
29,251,161,0,0.0,0.0,8803
29,255,161,0,0.0,0.0,8804
30,1,161,0,0.0,0.0,8805
30,2,161,0,0.0,0.0,8806
30,4,161,0,0.0,0.0,8807
30,5,161,0,0.0,0.0,8808
30,6,161,0,0.0,0.0,8809
30,7,161,0,0.0,0.0,8810
30,8,161,0,0.0,0.0,8811
30,9,161,0,0.0,0.0,8812
30,10,161,0,0.0,0.0,8813
30,11,161,0,0.0,0.0,8814
30,12,161,0,0.0,0.0,8815
30,14,161,0,0.0,0.0,8816
30,15,161,0,0.0,0.0,8817
30,16,161,0,0.0,0.0,8818
30,17,161,0,0.0,0.0,8819
30,19,161,0,0.0,0.0,8820
30,20,161,0,0.0,0.0,8821
30,21,161,0,0.0,0.0,8822
30,23,161,0,0.0,0.0,8823
30,25,161,0,0.0,0.0,8824
30,26,161,0,0.0,0.0,8825
30,28,161,0,0.0,0.0,8826
30,31,161,0,0.0,0.0,8827
30,33,161,0,0.0,0.0,8828
30,35,161,0,0.0,0.0,8829
30,38,161,0,0.0,0.0,8830
30,39,161,0,0.0,0.0,8831
30,40,161,0,0.0,0.0,8832
30,41,161,0,0.0,0.0,8833
30,42,161,0,0.0,0.0,8834
30,44,161,0,0.0,0.0,8835
30,45,161,0,0.0,0.0,8836
30,46,161,0,0.0,0.0,8837
30,51,161,0,0.0,0.0,8838
30,54,161,0,0.0,0.0,8839
30,55,161,0,0.0,0.0,8840
30,57,161,0,0.0,0.0,8841
30,58,161,0,0.0,0.0,8842
30,59,161,0,0.0,0.0,8843
30,61,161,0,0.0,0.0,8844
30,62,161,0,0.0,0.0,8845
30,63,161,0,0.0,0.0,8846
30,65,161,0,0.0,0.0,8847
30,67,161,0,0.0,0.0,8848
30,68,161,0,0.0,0.0,8849
30,69,161,0,0.0,0.0,8850
30,70,161,0,0.0,0.0,8851
30,71,161,0,0.0,0.0,8852
30,72,161,0,0.0,0.0,8853
30,74,161,0,0.0,0.0,8854
30,75,161,0,0.0,0.0,8855
30,83,161,0,0.0,0.0,8856
30,86,161,0,0.0,0.0,8857
30,87,161,0,0.0,0.0,8858
30,88,161,0,0.0,0.0,8859
30,90,161,0,0.0,0.0,8860
30,91,161,0,0.0,0.0,8861
30,94,161,0,0.0,0.0,8862
30,96,161,0,0.0,0.0,8863
30,97,161,0,0.0,0.0,8864
30,101,161,0,0.0,0.0,8865
30,104,161,0,0.0,0.0,8866
30,107,161,0,0.0,0.0,8867
30,108,161,0,0.0,0.0,8868
30,110,161,0,0.0,0.0,8869
30,116,161,0,0.0,0.0,8870
30,120,161,0,0.0,0.0,8871
30,121,161,0,0.0,0.0,8872
30,122,161,0,0.0,0.0,8873
30,123,161,0,0.0,0.0,8874
30,125,161,0,0.0,0.0,8875
30,128,161,0,0.0,0.0,8876
30,129,161,0,0.0,0.0,8877
30,130,161,0,0.0,0.0,8878
30,134,161,0,0.0,0.0,8879
30,136,161,0,0.0,0.0,8880
30,138,161,0,0.0,0.0,8881
30,139,161,0,0.0,0.0,8882
30,141,161,0,0.0,0.0,8883
30,148,161,0,0.0,0.0,8884
30,149,161,0,0.0,0.0,8885
30,150,161,0,0.0,0.0,8886
30,155,161,0,0.0,0.0,8887
30,157,161,0,0.0,0.0,8888
30,158,161,0,0.0,0.0,8889
30,159,161,0,0.0,0.0,8890
30,162,161,0,0.0,0.0,8891
30,163,161,0,0.0,0.0,8892
30,165,161,0,0.0,0.0,8893
30,166,161,0,0.0,0.0,8894
30,167,161,0,0.0,0.0,8895
30,168,161,0,0.0,0.0,8896
30,170,161,0,0.0,0.0,8897
30,171,161,0,0.0,0.0,8898
30,173,161,0,0.0,0.0,8899
30,174,161,0,0.0,0.0,8900
30,175,161,0,0.0,0.0,8901
30,179,161,0,0.0,0.0,8902
30,180,161,0,0.0,0.0,8903
30,181,161,0,0.0,0.0,8904
30,182,161,0,0.0,0.0,8905
30,184,161,0,0.0,0.0,8906
30,186,161,0,0.0,0.0,8907
30,187,161,0,0.0,0.0,8908
30,190,161,0,0.0,0.0,8909
30,191,161,0,0.0,0.0,8910
30,192,161,0,0.0,0.0,8911
30,193,161,0,0.0,0.0,8912
30,194,161,0,0.0,0.0,8913
30,198,161,0,0.0,0.0,8914
30,200,161,0,0.0,0.0,8915
30,202,161,0,0.0,0.0,8916
30,205,161,0,0.0,0.0,8917
30,206,161,0,0.0,0.0,8918
30,208,161,0,0.0,0.0,8919
30,209,161,0,0.0,0.0,8920
30,212,161,0,0.0,0.0,8921
30,217,161,0,0.0,0.0,8922
30,219,161,0,0.0,0.0,8923
30,220,161,0,0.0,0.0,8924
30,221,161,0,0.0,0.0,8925
30,222,161,0,0.0,0.0,8926
30,223,161,0,0.0,0.0,8927
30,224,161,0,0.0,0.0,8928
30,227,161,0,0.0,0.0,8929
30,232,161,0,0.0,0.0,8930
30,234,161,0,0.0,0.0,8931
30,236,161,0,0.0,0.0,8932
30,237,161,0,0.0,0.0,8933
30,238,161,0,0.0,0.0,8934
30,239,161,0,0.0,0.0,8935
30,240,161,0,0.0,0.0,8936
30,245,161,0,0.0,0.0,8937
30,246,161,0,0.0,0.0,8938
30,248,161,0,0.0,0.0,8939
30,251,161,0,0.0,0.0,8940
31,1,161,0,0.0,0.0,8941
31,2,161,0,0.0,0.0,8942
31,3,161,0,0.0,0.0,8943
31,8,161,0,0.0,0.0,8944
31,10,161,0,0.0,0.0,8945
31,13,161,0,0.0,0.0,8946
31,14,161,0,0.0,0.0,8947
31,15,161,0,0.0,0.0,8948
31,16,161,0,0.0,0.0,8949
31,19,161,0,0.0,0.0,8950
31,20,161,0,0.0,0.0,8951
31,23,161,0,0.0,0.0,8952
31,27,161,0,0.0,0.0,8953
31,28,161,0,0.0,0.0,8954
31,30,161,0,0.0,0.0,8955
31,32,161,0,0.0,0.0,8956
31,37,161,0,0.0,0.0,8957
31,39,161,0,0.0,0.0,8958
31,43,161,0,0.0,0.0,8959
31,44,161,0,0.0,0.0,8960
31,45,161,0,0.0,0.0,8961
31,46,161,0,0.0,0.0,8962
31,49,161,0,0.0,0.0,8963
31,52,161,0,0.0,0.0,8964
31,54,161,0,0.0,0.0,8965
31,55,161,0,0.0,0.0,8966
31,56,161,0,0.0,0.0,8967
31,58,161,0,0.0,0.0,8968
31,59,161,0,0.0,0.0,8969
31,60,161,0,0.0,0.0,8970
31,63,161,0,0.0,0.0,8971
31,67,161,0,0.0,0.0,8972
31,71,161,0,0.0,0.0,8973
31,76,161,0,0.0,0.0,8974
31,77,161,0,0.0,0.0,8975
31,79,161,0,0.0,0.0,8976
31,80,161,0,0.0,0.0,8977
31,81,161,0,0.0,0.0,8978
31,82,161,0,0.0,0.0,8979
31,83,161,0,0.0,0.0,8980
31,86,161,0,0.0,0.0,8981
31,87,161,0,0.0,0.0,8982
31,88,161,0,0.0,0.0,8983
31,89,161,0,0.0,0.0,8984
31,94,161,0,0.0,0.0,8985
31,95,161,0,0.0,0.0,8986
31,96,161,0,0.0,0.0,8987
31,98,161,0,0.0,0.0,8988
31,99,161,0,0.0,0.0,8989
31,100,161,0,0.0,0.0,8990
31,106,161,0,0.0,0.0,8991
31,108,161,0,0.0,0.0,8992
31,111,161,0,0.0,0.0,8993
31,114,161,0,0.0,0.0,8994
31,116,161,0,0.0,0.0,8995
31,117,161,0,0.0,0.0,8996
31,118,161,0,0.0,0.0,8997
31,119,161,0,0.0,0.0,8998
31,121,161,0,0.0,0.0,8999
31,122,161,0,0.0,0.0,9000
31,124,161,0,0.0,0.0,9001
31,126,161,0,0.0,0.0,9002
31,127,161,0,0.0,0.0,9003
31,128,161,0,0.0,0.0,9004
31,130,161,0,0.0,0.0,9005
31,131,161,0,0.0,0.0,9006
31,133,161,0,0.0,0.0,9007
31,135,161,0,0.0,0.0,9008
31,136,161,0,0.0,0.0,9009
31,137,161,0,0.0,0.0,9010
31,139,161,0,0.0,0.0,9011
31,140,161,0,0.0,0.0,9012
31,145,161,0,0.0,0.0,9013
31,147,161,0,0.0,0.0,9014
31,148,161,0,0.0,0.0,9015
31,151,161,0,0.0,0.0,9016
31,152,161,0,0.0,0.0,9017
31,154,161,0,0.0,0.0,9018
31,156,161,0,0.0,0.0,9019
31,157,161,0,0.0,0.0,9020
31,158,161,0,0.0,0.0,9021
31,161,161,0,0.0,0.0,9022
31,163,161,0,0.0,0.0,9023
31,165,161,0,0.0,0.0,9024
31,168,161,0,0.0,0.0,9025
31,173,161,0,0.0,0.0,9026
31,176,161,0,0.0,0.0,9027
31,177,161,0,0.0,0.0,9028
31,178,161,0,0.0,0.0,9029
31,179,161,0,0.0,0.0,9030
31,180,161,0,0.0,0.0,9031
31,181,161,0,0.0,0.0,9032
31,182,161,0,0.0,0.0,9033
31,184,161,0,0.0,0.0,9034
31,187,161,0,0.0,0.0,9035
31,189,161,0,0.0,0.0,9036
31,190,161,0,0.0,0.0,9037
31,192,161,0,0.0,0.0,9038
31,193,161,0,0.0,0.0,9039
31,195,161,0,0.0,0.0,9040
31,196,161,0,0.0,0.0,9041
31,199,161,0,0.0,0.0,9042
31,203,161,0,0.0,0.0,9043
31,204,161,0,0.0,0.0,9044
31,205,161,0,0.0,0.0,9045
31,209,161,0,0.0,0.0,9046
31,213,161,0,0.0,0.0,9047
31,214,161,0,0.0,0.0,9048
31,215,161,0,0.0,0.0,9049
31,219,161,0,0.0,0.0,9050
31,220,161,0,0.0,0.0,9051
31,221,161,0,0.0,0.0,9052
31,223,161,0,0.0,0.0,9053
31,225,161,0,0.0,0.0,9054
31,228,161,0,0.0,0.0,9055
31,234,161,0,0.0,0.0,9056
31,235,161,0,0.0,0.0,9057
31,236,161,0,0.0,0.0,9058
31,237,161,0,0.0,0.0,9059
31,239,161,0,0.0,0.0,9060
31,244,161,0,0.0,0.0,9061
31,246,161,0,0.0,0.0,9062
31,247,161,0,0.0,0.0,9063
31,250,161,0,0.0,0.0,9064
31,253,161,0,0.0,0.0,9065
31,254,161,0,0.0,0.0,9066
31,255,161,0,0.0,0.0,9067
32,1,161,0,0.0,0.0,9068
32,5,161,0,0.0,0.0,9069
32,7,161,0,0.0,0.0,9070
32,8,161,0,0.0,0.0,9071
32,9,161,0,0.0,0.0,9072
32,10,161,0,0.0,0.0,9073
32,11,161,0,0.0,0.0,9074
32,12,161,0,0.0,0.0,9075
32,14,161,0,0.0,0.0,9076
32,20,161,0,0.0,0.0,9077
32,22,161,0,0.0,0.0,9078
32,24,161,0,0.0,0.0,9079
32,27,161,0,0.0,0.0,9080
32,29,161,0,0.0,0.0,9081
32,33,161,0,0.0,0.0,9082
32,35,161,0,0.0,0.0,9083
32,36,161,0,0.0,0.0,9084
32,37,161,0,0.0,0.0,9085
32,38,161,0,0.0,0.0,9086
32,39,161,0,0.0,0.0,9087
32,41,161,0,0.0,0.0,9088
32,42,161,0,0.0,0.0,9089
32,45,161,0,0.0,0.0,9090
32,47,161,0,0.0,0.0,9091
32,48,161,0,0.0,0.0,9092
32,50,161,0,0.0,0.0,9093
32,53,161,0,0.0,0.0,9094
32,57,161,0,0.0,0.0,9095
32,60,161,0,0.0,0.0,9096
32,62,161,0,0.0,0.0,9097
32,66,161,0,0.0,0.0,9098
32,68,161,0,0.0,0.0,9099
32,70,161,0,0.0,0.0,9100
32,73,161,0,0.0,0.0,9101
32,74,161,0,0.0,0.0,9102
32,77,161,0,0.0,0.0,9103
32,79,161,0,0.0,0.0,9104
32,80,161,0,0.0,0.0,9105
32,82,161,0,0.0,0.0,9106
32,84,161,0,0.0,0.0,9107
32,85,161,0,0.0,0.0,9108
32,90,161,0,0.0,0.0,9109
32,93,161,0,0.0,0.0,9110
32,99,161,0,0.0,0.0,9111
32,100,161,0,0.0,0.0,9112
32,101,161,0,0.0,0.0,9113
32,105,161,0,0.0,0.0,9114
32,106,161,0,0.0,0.0,9115
32,107,161,0,0.0,0.0,9116
32,109,161,0,0.0,0.0,9117
32,112,161,0,0.0,0.0,9118
32,113,161,0,0.0,0.0,9119
32,115,161,0,0.0,0.0,9120
32,116,161,0,0.0,0.0,9121
32,117,161,0,0.0,0.0,9122
32,121,161,0,0.0,0.0,9123
32,122,161,0,0.0,0.0,9124
32,124,161,0,0.0,0.0,9125
32,126,161,0,0.0,0.0,9126
32,128,161,0,0.0,0.0,9127
32,129,161,0,0.0,0.0,9128
32,130,161,0,0.0,0.0,9129
32,131,161,0,0.0,0.0,9130
32,133,161,0,0.0,0.0,9131
32,136,161,0,0.0,0.0,9132
32,139,161,0,0.0,0.0,9133
32,141,161,0,0.0,0.0,9134
32,144,161,0,0.0,0.0,9135
32,145,161,0,0.0,0.0,9136
32,149,161,0,0.0,0.0,9137
32,151,161,0,0.0,0.0,9138
32,152,161,0,0.0,0.0,9139
32,156,161,0,0.0,0.0,9140
32,157,161,0,0.0,0.0,9141
32,159,161,0,0.0,0.0,9142
32,166,161,0,0.0,0.0,9143
32,168,161,0,0.0,0.0,9144
32,170,161,0,0.0,0.0,9145
32,172,161,0,0.0,0.0,9146
32,174,161,0,0.0,0.0,9147
32,178,161,0,0.0,0.0,9148
32,179,161,0,0.0,0.0,9149
32,181,161,0,0.0,0.0,9150
32,182,161,0,0.0,0.0,9151
32,183,161,0,0.0,0.0,9152
32,185,161,0,0.0,0.0,9153
32,188,161,0,0.0,0.0,9154
32,194,161,0,0.0,0.0,9155
32,195,161,0,0.0,0.0,9156
32,201,161,0,0.0,0.0,9157
32,202,161,0,0.0,0.0,9158
32,203,161,0,0.0,0.0,9159
32,206,161,0,0.0,0.0,9160
32,207,161,0,0.0,0.0,9161
32,209,161,0,0.0,0.0,9162
32,210,161,0,0.0,0.0,9163
32,211,161,0,0.0,0.0,9164
32,214,161,0,0.0,0.0,9165
32,216,161,0,0.0,0.0,9166
32,219,161,0,0.0,0.0,9167
32,220,161,0,0.0,0.0,9168
32,222,161,0,0.0,0.0,9169
32,223,161,0,0.0,0.0,9170
32,226,161,0,0.0,0.0,9171
32,231,161,0,0.0,0.0,9172
32,233,161,0,0.0,0.0,9173
32,234,161,0,0.0,0.0,9174
32,235,161,0,0.0,0.0,9175
32,239,161,0,0.0,0.0,9176
32,241,161,0,0.0,0.0,9177
32,243,161,0,0.0,0.0,9178
32,244,161,0,0.0,0.0,9179
32,247,161,0,0.0,0.0,9180
32,248,161,0,0.0,0.0,9181
32,249,161,0,0.0,0.0,9182
32,250,161,0,0.0,0.0,9183
32,251,161,0,0.0,0.0,9184
32,252,161,0,0.0,0.0,9185
32,255,161,0,0.0,0.0,9186
33,0,161,0,0.0,0.0,9187
33,2,161,0,0.0,0.0,9188
33,3,161,0,0.0,0.0,9189
33,6,161,0,0.0,0.0,9190
33,9,161,0,0.0,0.0,9191
33,11,161,0,0.0,0.0,9192
33,12,161,0,0.0,0.0,9193
33,15,161,0,0.0,0.0,9194
33,20,161,0,0.0,0.0,9195
33,23,161,0,0.0,0.0,9196
33,25,161,0,0.0,0.0,9197
33,27,161,0,0.0,0.0,9198
33,29,161,0,0.0,0.0,9199
33,30,161,0,0.0,0.0,9200
33,31,161,0,0.0,0.0,9201
33,33,161,0,0.0,0.0,9202
33,34,161,0,0.0,0.0,9203
33,37,161,0,0.0,0.0,9204
33,43,161,0,0.0,0.0,9205
33,44,161,0,0.0,0.0,9206
33,45,161,0,0.0,0.0,9207
33,49,161,0,0.0,0.0,9208
33,55,161,0,0.0,0.0,9209
33,59,161,0,0.0,0.0,9210
33,60,161,0,0.0,0.0,9211
33,62,161,0,0.0,0.0,9212
33,63,161,0,0.0,0.0,9213
33,64,161,0,0.0,0.0,9214
33,68,161,0,0.0,0.0,9215
33,69,161,0,0.0,0.0,9216
33,71,161,0,0.0,0.0,9217
33,72,161,0,0.0,0.0,9218
33,76,161,0,0.0,0.0,9219
33,78,161,0,0.0,0.0,9220
33,79,161,0,0.0,0.0,9221
33,83,161,0,0.0,0.0,9222
33,84,161,0,0.0,0.0,9223
33,86,161,0,0.0,0.0,9224
33,88,161,0,0.0,0.0,9225
33,89,161,0,0.0,0.0,9226
33,90,161,0,0.0,0.0,9227
33,91,161,0,0.0,0.0,9228
33,92,161,0,0.0,0.0,9229
33,93,161,0,0.0,0.0,9230
33,95,161,0,0.0,0.0,9231
33,97,161,0,0.0,0.0,9232
33,98,161,0,0.0,0.0,9233
33,104,161,0,0.0,0.0,9234
33,110,161,0,0.0,0.0,9235
33,111,161,0,0.0,0.0,9236
33,112,161,0,0.0,0.0,9237
33,115,161,0,0.0,0.0,9238
33,117,161,0,0.0,0.0,9239
33,119,161,0,0.0,0.0,9240
33,120,161,0,0.0,0.0,9241
33,121,161,0,0.0,0.0,9242
33,122,161,0,0.0,0.0,9243
33,124,161,0,0.0,0.0,9244
33,127,161,0,0.0,0.0,9245
33,130,161,0,0.0,0.0,9246
33,132,161,0,0.0,0.0,9247
33,133,161,0,0.0,0.0,9248
33,134,161,0,0.0,0.0,9249
33,136,161,0,0.0,0.0,9250
33,140,161,0,0.0,0.0,9251
33,143,161,0,0.0,0.0,9252
33,146,161,0,0.0,0.0,9253
33,147,161,0,0.0,0.0,9254
33,148,161,0,0.0,0.0,9255
33,150,161,0,0.0,0.0,9256
33,152,161,0,0.0,0.0,9257
33,153,161,0,0.0,0.0,9258
33,159,161,0,0.0,0.0,9259
33,161,161,0,0.0,0.0,9260
33,164,161,0,0.0,0.0,9261
33,168,161,0,0.0,0.0,9262
33,170,161,0,0.0,0.0,9263
33,172,161,0,0.0,0.0,9264
33,173,161,0,0.0,0.0,9265
33,176,161,0,0.0,0.0,9266
33,177,161,0,0.0,0.0,9267
33,181,161,0,0.0,0.0,9268
33,183,161,0,0.0,0.0,9269
33,185,161,0,0.0,0.0,9270
33,186,161,0,0.0,0.0,9271
33,188,161,0,0.0,0.0,9272
33,189,161,0,0.0,0.0,9273
33,190,161,0,0.0,0.0,9274
33,191,161,0,0.0,0.0,9275
33,195,161,0,0.0,0.0,9276
33,197,161,0,0.0,0.0,9277
33,200,161,0,0.0,0.0,9278
33,204,161,0,0.0,0.0,9279
33,208,161,0,0.0,0.0,9280
33,209,161,0,0.0,0.0,9281
33,211,161,0,0.0,0.0,9282
33,213,161,0,0.0,0.0,9283
33,215,161,0,0.0,0.0,9284
33,217,161,0,0.0,0.0,9285
33,218,161,0,0.0,0.0,9286
33,221,161,0,0.0,0.0,9287
33,222,161,0,0.0,0.0,9288
33,227,161,0,0.0,0.0,9289
33,230,161,0,0.0,0.0,9290
33,231,161,0,0.0,0.0,9291
33,233,161,0,0.0,0.0,9292
33,239,161,0,0.0,0.0,9293
33,240,161,0,0.0,0.0,9294
33,245,161,0,0.0,0.0,9295
34,1,161,0,0.0,0.0,9296
34,4,161,0,0.0,0.0,9297
34,6,161,0,0.0,0.0,9298
34,7,161,0,0.0,0.0,9299
34,9,161,0,0.0,0.0,9300
34,10,161,0,0.0,0.0,9301
34,11,161,0,0.0,0.0,9302
34,13,161,0,0.0,0.0,9303
34,14,161,0,0.0,0.0,9304
34,17,161,0,0.0,0.0,9305
34,18,161,0,0.0,0.0,9306
34,20,161,0,0.0,0.0,9307
34,24,161,0,0.0,0.0,9308
34,27,161,0,0.0,0.0,9309
34,28,161,0,0.0,0.0,9310
34,29,161,0,0.0,0.0,9311
34,30,161,0,0.0,0.0,9312
34,31,161,0,0.0,0.0,9313
34,32,161,0,0.0,0.0,9314
34,34,161,0,0.0,0.0,9315
34,35,161,0,0.0,0.0,9316
34,38,161,0,0.0,0.0,9317
34,39,161,0,0.0,0.0,9318
34,43,161,0,0.0,0.0,9319
34,45,161,0,0.0,0.0,9320
34,46,161,0,0.0,0.0,9321
34,47,161,0,0.0,0.0,9322
34,48,161,0,0.0,0.0,9323
34,50,161,0,0.0,0.0,9324
34,51,161,0,0.0,0.0,9325
34,53,161,0,0.0,0.0,9326
34,58,161,0,0.0,0.0,9327
34,59,161,0,0.0,0.0,9328
34,61,161,0,0.0,0.0,9329
34,62,161,0,0.0,0.0,9330
34,65,161,0,0.0,0.0,9331
34,68,161,0,0.0,0.0,9332
34,70,161,0,0.0,0.0,9333
34,72,161,0,0.0,0.0,9334
34,74,161,0,0.0,0.0,9335
34,75,161,0,0.0,0.0,9336
34,77,161,0,0.0,0.0,9337
34,78,161,0,0.0,0.0,9338
34,81,161,0,0.0,0.0,9339
34,82,161,0,0.0,0.0,9340
34,85,161,0,0.0,0.0,9341
34,89,161,0,0.0,0.0,9342
34,93,161,0,0.0,0.0,9343
34,94,161,0,0.0,0.0,9344
34,103,161,0,0.0,0.0,9345
34,106,161,0,0.0,0.0,9346
34,107,161,0,0.0,0.0,9347
34,108,161,0,0.0,0.0,9348
34,110,161,0,0.0,0.0,9349
34,111,161,0,0.0,0.0,9350
34,116,161,0,0.0,0.0,9351
34,117,161,0,0.0,0.0,9352
34,119,161,0,0.0,0.0,9353
34,121,161,0,0.0,0.0,9354
34,124,161,0,0.0,0.0,9355
34,127,161,0,0.0,0.0,9356
34,128,161,0,0.0,0.0,9357
34,131,161,0,0.0,0.0,9358
34,136,161,0,0.0,0.0,9359
34,137,161,0,0.0,0.0,9360
34,141,161,0,0.0,0.0,9361
34,148,161,0,0.0,0.0,9362
34,149,161,0,0.0,0.0,9363
34,150,161,0,0.0,0.0,9364
34,151,161,0,0.0,0.0,9365
34,153,161,0,0.0,0.0,9366
34,154,161,0,0.0,0.0,9367
34,156,161,0,0.0,0.0,9368
34,159,161,0,0.0,0.0,9369
34,161,161,0,0.0,0.0,9370
34,162,161,0,0.0,0.0,9371
34,168,161,0,0.0,0.0,9372
34,172,161,0,0.0,0.0,9373
34,177,161,0,0.0,0.0,9374
34,180,161,0,0.0,0.0,9375
34,181,161,0,0.0,0.0,9376
34,182,161,0,0.0,0.0,9377
34,187,161,0,0.0,0.0,9378
34,188,161,0,0.0,0.0,9379
34,192,161,0,0.0,0.0,9380
34,193,161,0,0.0,0.0,9381
34,195,161,0,0.0,0.0,9382
34,196,161,0,0.0,0.0,9383
34,197,161,0,0.0,0.0,9384
34,198,161,0,0.0,0.0,9385
34,201,161,0,0.0,0.0,9386
34,205,161,0,0.0,0.0,9387
34,207,161,0,0.0,0.0,9388
34,208,161,0,0.0,0.0,9389
34,209,161,0,0.0,0.0,9390
34,210,161,0,0.0,0.0,9391
34,211,161,0,0.0,0.0,9392
34,212,161,0,0.0,0.0,9393
34,213,161,0,0.0,0.0,9394
34,215,161,0,0.0,0.0,9395
34,216,161,0,0.0,0.0,9396
34,217,161,0,0.0,0.0,9397
34,218,161,0,0.0,0.0,9398
34,220,161,0,0.0,0.0,9399
34,221,161,0,0.0,0.0,9400
34,222,161,0,0.0,0.0,9401
34,224,161,0,0.0,0.0,9402
34,227,161,0,0.0,0.0,9403
34,230,161,0,0.0,0.0,9404
34,231,161,0,0.0,0.0,9405
34,232,161,0,0.0,0.0,9406
34,235,161,0,0.0,0.0,9407
34,237,161,0,0.0,0.0,9408
34,239,161,0,0.0,0.0,9409
34,240,161,0,0.0,0.0,9410
34,242,161,0,0.0,0.0,9411
34,248,161,0,0.0,0.0,9412
34,249,161,0,0.0,0.0,9413
34,250,161,0,0.0,0.0,9414
34,254,161,0,0.0,0.0,9415
35,0,161,0,0.0,0.0,9416
35,6,161,0,0.0,0.0,9417
35,7,161,0,0.0,0.0,9418
35,10,161,0,0.0,0.0,9419
35,14,161,0,0.0,0.0,9420
35,15,161,0,0.0,0.0,9421
35,16,161,0,0.0,0.0,9422
35,20,161,0,0.0,0.0,9423
35,23,161,0,0.0,0.0,9424
35,25,161,0,0.0,0.0,9425
35,28,161,0,0.0,0.0,9426
35,29,161,0,0.0,0.0,9427
35,31,161,0,0.0,0.0,9428
35,33,161,0,0.0,0.0,9429
35,34,161,0,0.0,0.0,9430
35,35,161,0,0.0,0.0,9431
35,39,161,0,0.0,0.0,9432
35,42,161,0,0.0,0.0,9433
35,43,161,0,0.0,0.0,9434
35,44,161,0,0.0,0.0,9435
35,45,161,0,0.0,0.0,9436
35,51,161,0,0.0,0.0,9437
35,52,161,0,0.0,0.0,9438
35,54,161,0,0.0,0.0,9439
35,55,161,0,0.0,0.0,9440
35,56,161,0,0.0,0.0,9441
35,58,161,0,0.0,0.0,9442
35,61,161,0,0.0,0.0,9443
35,62,161,0,0.0,0.0,9444
35,63,161,0,0.0,0.0,9445
35,72,161,0,0.0,0.0,9446
35,74,161,0,0.0,0.0,9447
35,75,161,0,0.0,0.0,9448
35,76,161,0,0.0,0.0,9449
35,79,161,0,0.0,0.0,9450
35,81,161,0,0.0,0.0,9451
35,82,161,0,0.0,0.0,9452
35,83,161,0,0.0,0.0,9453
35,98,161,0,0.0,0.0,9454
35,102,161,0,0.0,0.0,9455
35,103,161,0,0.0,0.0,9456
35,104,161,0,0.0,0.0,9457
35,106,161,0,0.0,0.0,9458
35,107,161,0,0.0,0.0,9459
35,111,161,0,0.0,0.0,9460
35,112,161,0,0.0,0.0,9461
35,113,161,0,0.0,0.0,9462
35,117,161,0,0.0,0.0,9463
35,120,161,0,0.0,0.0,9464
35,122,161,0,0.0,0.0,9465
35,125,161,0,0.0,0.0,9466
35,128,161,0,0.0,0.0,9467
35,130,161,0,0.0,0.0,9468
35,131,161,0,0.0,0.0,9469
35,132,161,0,0.0,0.0,9470
35,136,161,0,0.0,0.0,9471
35,138,161,0,0.0,0.0,9472
35,139,161,0,0.0,0.0,9473
35,141,161,0,0.0,0.0,9474
35,143,161,0,0.0,0.0,9475
35,150,161,0,0.0,0.0,9476
35,151,161,0,0.0,0.0,9477
35,152,161,0,0.0,0.0,9478
35,153,161,0,0.0,0.0,9479
35,154,161,0,0.0,0.0,9480
35,156,161,0,0.0,0.0,9481
35,157,161,0,0.0,0.0,9482
35,161,161,0,0.0,0.0,9483
35,162,161,0,0.0,0.0,9484
35,163,161,0,0.0,0.0,9485
35,164,161,0,0.0,0.0,9486
35,166,161,0,0.0,0.0,9487
35,167,161,0,0.0,0.0,9488
35,169,161,0,0.0,0.0,9489
35,171,161,0,0.0,0.0,9490
35,172,161,0,0.0,0.0,9491
35,174,161,0,0.0,0.0,9492
35,176,161,0,0.0,0.0,9493
35,178,161,0,0.0,0.0,9494
35,180,161,0,0.0,0.0,9495
35,182,161,0,0.0,0.0,9496
35,185,161,0,0.0,0.0,9497
35,186,161,0,0.0,0.0,9498
35,187,161,0,0.0,0.0,9499
35,188,161,0,0.0,0.0,9500
35,189,161,0,0.0,0.0,9501
35,190,161,0,0.0,0.0,9502
35,191,161,0,0.0,0.0,9503
35,192,161,0,0.0,0.0,9504
35,195,161,0,0.0,0.0,9505
35,198,161,0,0.0,0.0,9506
35,203,161,0,0.0,0.0,9507
35,205,161,0,0.0,0.0,9508
35,207,161,0,0.0,0.0,9509
35,208,161,0,0.0,0.0,9510
35,211,161,0,0.0,0.0,9511
35,219,161,0,0.0,0.0,9512
35,220,161,0,0.0,0.0,9513
35,225,161,0,0.0,0.0,9514
35,226,161,0,0.0,0.0,9515
35,227,161,0,0.0,0.0,9516
35,232,161,0,0.0,0.0,9517
35,233,161,0,0.0,0.0,9518
35,235,161,0,0.0,0.0,9519
35,238,161,0,0.0,0.0,9520
35,242,161,0,0.0,0.0,9521
35,247,161,0,0.0,0.0,9522
35,251,161,0,0.0,0.0,9523
35,254,161,0,0.0,0.0,9524
36,3,161,0,0.0,0.0,9525
36,4,161,0,0.0,0.0,9526
36,6,161,0,0.0,0.0,9527
36,9,161,0,0.0,0.0,9528
36,10,161,0,0.0,0.0,9529
36,16,161,0,0.0,0.0,9530
36,17,161,0,0.0,0.0,9531
36,18,161,0,0.0,0.0,9532
36,19,161,0,0.0,0.0,9533
36,21,161,0,0.0,0.0,9534
36,27,161,0,0.0,0.0,9535
36,28,161,0,0.0,0.0,9536
36,32,161,0,0.0,0.0,9537
36,35,161,0,0.0,0.0,9538
36,41,161,0,0.0,0.0,9539
36,43,161,0,0.0,0.0,9540
36,49,161,0,0.0,0.0,9541
36,50,161,0,0.0,0.0,9542
36,51,161,0,0.0,0.0,9543
36,55,161,0,0.0,0.0,9544
36,58,161,0,0.0,0.0,9545
36,59,161,0,0.0,0.0,9546
36,64,161,0,0.0,0.0,9547
36,66,161,0,0.0,0.0,9548
36,70,161,0,0.0,0.0,9549
36,72,161,0,0.0,0.0,9550
36,74,161,0,0.0,0.0,9551
36,76,161,0,0.0,0.0,9552
36,77,161,0,0.0,0.0,9553
36,84,161,0,0.0,0.0,9554
36,87,161,0,0.0,0.0,9555
36,88,161,0,0.0,0.0,9556
36,89,161,0,0.0,0.0,9557
36,92,161,0,0.0,0.0,9558
36,99,161,0,0.0,0.0,9559
36,100,161,0,0.0,0.0,9560
36,105,161,0,0.0,0.0,9561
36,106,161,0,0.0,0.0,9562
36,108,161,0,0.0,0.0,9563
36,109,161,0,0.0,0.0,9564
36,112,161,0,0.0,0.0,9565
36,114,161,0,0.0,0.0,9566
36,115,161,0,0.0,0.0,9567
36,117,161,0,0.0,0.0,9568
36,118,161,0,0.0,0.0,9569
36,119,161,0,0.0,0.0,9570
36,121,161,0,0.0,0.0,9571
36,128,161,0,0.0,0.0,9572
36,129,161,0,0.0,0.0,9573
36,134,161,0,0.0,0.0,9574
36,136,161,0,0.0,0.0,9575
36,140,161,0,0.0,0.0,9576
36,141,161,0,0.0,0.0,9577
36,145,161,0,0.0,0.0,9578
36,146,161,0,0.0,0.0,9579
36,148,161,0,0.0,0.0,9580
36,151,161,0,0.0,0.0,9581
36,152,161,0,0.0,0.0,9582
36,156,161,0,0.0,0.0,9583
36,158,161,0,0.0,0.0,9584
36,159,161,0,0.0,0.0,9585
36,160,161,0,0.0,0.0,9586
36,161,161,0,0.0,0.0,9587
36,164,161,0,0.0,0.0,9588
36,167,161,0,0.0,0.0,9589
36,169,161,0,0.0,0.0,9590
36,170,161,0,0.0,0.0,9591
36,171,161,0,0.0,0.0,9592
36,172,161,0,0.0,0.0,9593
36,174,161,0,0.0,0.0,9594
36,175,161,0,0.0,0.0,9595
36,176,161,0,0.0,0.0,9596
36,182,161,0,0.0,0.0,9597
36,184,161,0,0.0,0.0,9598
36,185,161,0,0.0,0.0,9599
36,186,161,0,0.0,0.0,9600
36,188,161,0,0.0,0.0,9601
36,189,161,0,0.0,0.0,9602
36,193,161,0,0.0,0.0,9603
36,196,161,0,0.0,0.0,9604
36,199,161,0,0.0,0.0,9605
36,200,161,0,0.0,0.0,9606
36,202,161,0,0.0,0.0,9607
36,203,161,0,0.0,0.0,9608
36,204,161,0,0.0,0.0,9609
36,205,161,0,0.0,0.0,9610
36,206,161,0,0.0,0.0,9611
36,208,161,0,0.0,0.0,9612
36,210,161,0,0.0,0.0,9613
36,211,161,0,0.0,0.0,9614
36,213,161,0,0.0,0.0,9615
36,214,161,0,0.0,0.0,9616
36,219,161,0,0.0,0.0,9617
36,220,161,0,0.0,0.0,9618
36,223,161,0,0.0,0.0,9619
36,227,161,0,0.0,0.0,9620
36,228,161,0,0.0,0.0,9621
36,232,161,0,0.0,0.0,9622
36,233,161,0,0.0,0.0,9623
36,234,161,0,0.0,0.0,9624
36,236,161,0,0.0,0.0,9625
36,237,161,0,0.0,0.0,9626
36,242,161,0,0.0,0.0,9627
36,244,161,0,0.0,0.0,9628
36,245,161,0,0.0,0.0,9629
36,248,161,0,0.0,0.0,9630
36,254,161,0,0.0,0.0,9631
37,4,161,0,0.0,0.0,9632
37,5,161,0,0.0,0.0,9633
37,7,161,0,0.0,0.0,9634
37,11,161,0,0.0,0.0,9635
37,13,161,0,0.0,0.0,9636
37,14,161,0,0.0,0.0,9637
37,15,161,0,0.0,0.0,9638
37,17,161,0,0.0,0.0,9639
37,18,161,0,0.0,0.0,9640
37,20,161,0,0.0,0.0,9641
37,22,161,0,0.0,0.0,9642
37,23,161,0,0.0,0.0,9643
37,24,161,0,0.0,0.0,9644
37,27,161,0,0.0,0.0,9645
37,30,161,0,0.0,0.0,9646
37,35,161,0,0.0,0.0,9647
37,37,161,0,0.0,0.0,9648
37,39,161,0,0.0,0.0,9649
37,40,161,0,0.0,0.0,9650
37,42,161,0,0.0,0.0,9651
37,43,161,0,0.0,0.0,9652
37,44,161,0,0.0,0.0,9653
37,51,161,0,0.0,0.0,9654
37,52,161,0,0.0,0.0,9655
37,53,161,0,0.0,0.0,9656
37,55,161,0,0.0,0.0,9657
37,58,161,0,0.0,0.0,9658
37,63,161,0,0.0,0.0,9659
37,67,161,0,0.0,0.0,9660
37,70,161,0,0.0,0.0,9661
37,71,161,0,0.0,0.0,9662
37,72,161,0,0.0,0.0,9663
37,74,161,0,0.0,0.0,9664
37,75,161,0,0.0,0.0,9665
37,76,161,0,0.0,0.0,9666
37,78,161,0,0.0,0.0,9667
37,80,161,0,0.0,0.0,9668
37,82,161,0,0.0,0.0,9669
37,84,161,0,0.0,0.0,9670
37,88,161,0,0.0,0.0,9671
37,91,161,0,0.0,0.0,9672
37,92,161,0,0.0,0.0,9673
37,94,161,0,0.0,0.0,9674
37,95,161,0,0.0,0.0,9675
37,99,161,0,0.0,0.0,9676
37,102,161,0,0.0,0.0,9677
37,103,161,0,0.0,0.0,9678
37,104,161,0,0.0,0.0,9679
37,111,161,0,0.0,0.0,9680
37,114,161,0,0.0,0.0,9681
37,117,161,0,0.0,0.0,9682
37,126,161,0,0.0,0.0,9683
37,128,161,0,0.0,0.0,9684
37,130,161,0,0.0,0.0,9685
37,134,161,0,0.0,0.0,9686
37,135,161,0,0.0,0.0,9687
37,137,161,0,0.0,0.0,9688
37,143,161,0,0.0,0.0,9689
37,147,161,0,0.0,0.0,9690
37,148,161,0,0.0,0.0,9691
37,149,161,0,0.0,0.0,9692
37,150,161,0,0.0,0.0,9693
37,153,161,0,0.0,0.0,9694
37,159,161,0,0.0,0.0,9695
37,160,161,0,0.0,0.0,9696
37,163,161,0,0.0,0.0,9697
37,165,161,0,0.0,0.0,9698
37,166,161,0,0.0,0.0,9699
37,169,161,0,0.0,0.0,9700
37,170,161,0,0.0,0.0,9701
37,173,161,0,0.0,0.0,9702
37,176,161,0,0.0,0.0,9703
37,180,161,0,0.0,0.0,9704
37,181,161,0,0.0,0.0,9705
37,184,161,0,0.0,0.0,9706
37,185,161,0,0.0,0.0,9707
37,189,161,0,0.0,0.0,9708
37,191,161,0,0.0,0.0,9709
37,192,161,0,0.0,0.0,9710
37,195,161,0,0.0,0.0,9711
37,196,161,0,0.0,0.0,9712
37,201,161,0,0.0,0.0,9713
37,203,161,0,0.0,0.0,9714
37,204,161,0,0.0,0.0,9715
37,211,161,0,0.0,0.0,9716
37,212,161,0,0.0,0.0,9717
37,214,161,0,0.0,0.0,9718
37,217,161,0,0.0,0.0,9719
37,218,161,0,0.0,0.0,9720
37,219,161,0,0.0,0.0,9721
37,221,161,0,0.0,0.0,9722
37,223,161,0,0.0,0.0,9723
37,224,161,0,0.0,0.0,9724
37,227,161,0,0.0,0.0,9725
37,228,161,0,0.0,0.0,9726
37,230,161,0,0.0,0.0,9727
37,231,161,0,0.0,0.0,9728
37,232,161,0,0.0,0.0,9729
37,234,161,0,0.0,0.0,9730
37,237,161,0,0.0,0.0,9731
37,239,161,0,0.0,0.0,9732
37,242,161,0,0.0,0.0,9733
37,246,161,0,0.0,0.0,9734
37,247,161,0,0.0,0.0,9735
37,250,161,0,0.0,0.0,9736
37,252,161,0,0.0,0.0,9737
37,254,161,0,0.0,0.0,9738
38,1,161,0,0.0,0.0,9739
38,2,161,0,0.0,0.0,9740
38,3,161,0,0.0,0.0,9741
38,8,161,0,0.0,0.0,9742
38,10,161,0,0.0,0.0,9743
38,11,161,0,0.0,0.0,9744
38,13,161,0,0.0,0.0,9745
38,15,161,0,0.0,0.0,9746
38,16,161,0,0.0,0.0,9747
38,18,161,0,0.0,0.0,9748
38,19,161,0,0.0,0.0,9749
38,20,161,0,0.0,0.0,9750
38,21,161,0,0.0,0.0,9751
38,24,161,0,0.0,0.0,9752
38,26,161,0,0.0,0.0,9753
38,27,161,0,0.0,0.0,9754
38,28,161,0,0.0,0.0,9755
38,29,161,0,0.0,0.0,9756
38,30,161,0,0.0,0.0,9757
38,31,161,0,0.0,0.0,9758
38,32,161,0,0.0,0.0,9759
38,34,161,0,0.0,0.0,9760
38,35,161,0,0.0,0.0,9761
38,39,161,0,0.0,0.0,9762
38,40,161,0,0.0,0.0,9763
38,41,161,0,0.0,0.0,9764
38,43,161,0,0.0,0.0,9765
38,48,161,0,0.0,0.0,9766
38,50,161,0,0.0,0.0,9767
38,51,161,0,0.0,0.0,9768
38,52,161,0,0.0,0.0,9769
38,56,161,0,0.0,0.0,9770
38,58,161,0,0.0,0.0,9771
38,59,161,0,0.0,0.0,9772
38,61,161,0,0.0,0.0,9773
38,63,161,0,0.0,0.0,9774
38,65,161,0,0.0,0.0,9775
38,66,161,0,0.0,0.0,9776
38,67,161,0,0.0,0.0,9777
38,68,161,0,0.0,0.0,9778
38,70,161,0,0.0,0.0,9779
38,72,161,0,0.0,0.0,9780
38,75,161,0,0.0,0.0,9781
38,79,161,0,0.0,0.0,9782
38,80,161,0,0.0,0.0,9783
38,81,161,0,0.0,0.0,9784
38,83,161,0,0.0,0.0,9785
38,85,161,0,0.0,0.0,9786
38,87,161,0,0.0,0.0,9787
38,89,161,0,0.0,0.0,9788
38,90,161,0,0.0,0.0,9789
38,93,161,0,0.0,0.0,9790
38,97,161,0,0.0,0.0,9791
38,99,161,0,0.0,0.0,9792
38,102,161,0,0.0,0.0,9793
38,104,161,0,0.0,0.0,9794
38,106,161,0,0.0,0.0,9795
38,108,161,0,0.0,0.0,9796
38,111,161,0,0.0,0.0,9797
38,113,161,0,0.0,0.0,9798
38,116,161,0,0.0,0.0,9799
38,117,161,0,0.0,0.0,9800
38,129,161,0,0.0,0.0,9801
38,130,161,0,0.0,0.0,9802
38,131,161,0,0.0,0.0,9803
38,134,161,0,0.0,0.0,9804
38,135,161,0,0.0,0.0,9805
38,136,161,0,0.0,0.0,9806
38,139,161,0,0.0,0.0,9807
38,140,161,0,0.0,0.0,9808
38,143,161,0,0.0,0.0,9809
38,146,161,0,0.0,0.0,9810
38,147,161,0,0.0,0.0,9811
38,151,161,0,0.0,0.0,9812
38,153,161,0,0.0,0.0,9813
38,154,161,0,0.0,0.0,9814
38,155,161,0,0.0,0.0,9815
38,156,161,0,0.0,0.0,9816
38,157,161,0,0.0,0.0,9817
38,158,161,0,0.0,0.0,9818
38,159,161,0,0.0,0.0,9819
38,160,161,0,0.0,0.0,9820
38,161,161,0,0.0,0.0,9821
38,164,161,0,0.0,0.0,9822
38,165,161,0,0.0,0.0,9823
38,166,161,0,0.0,0.0,9824
38,167,161,0,0.0,0.0,9825
38,171,161,0,0.0,0.0,9826
38,172,161,0,0.0,0.0,9827
38,173,161,0,0.0,0.0,9828
38,177,161,0,0.0,0.0,9829
38,178,161,0,0.0,0.0,9830
38,180,161,0,0.0,0.0,9831
38,181,161,0,0.0,0.0,9832
38,182,161,0,0.0,0.0,9833
38,183,161,0,0.0,0.0,9834
38,185,161,0,0.0,0.0,9835
38,186,161,0,0.0,0.0,9836
38,187,161,0,0.0,0.0,9837
38,188,161,0,0.0,0.0,9838
38,191,161,0,0.0,0.0,9839
38,192,161,0,0.0,0.0,9840
38,193,161,0,0.0,0.0,9841
38,194,161,0,0.0,0.0,9842
38,197,161,0,0.0,0.0,9843
38,199,161,0,0.0,0.0,9844
38,200,161,0,0.0,0.0,9845
38,201,161,0,0.0,0.0,9846
38,202,161,0,0.0,0.0,9847
38,205,161,0,0.0,0.0,9848
38,209,161,0,0.0,0.0,9849
38,211,161,0,0.0,0.0,9850
38,212,161,0,0.0,0.0,9851
38,215,161,0,0.0,0.0,9852
38,220,161,0,0.0,0.0,9853
38,226,161,0,0.0,0.0,9854
38,228,161,0,0.0,0.0,9855
38,231,161,0,0.0,0.0,9856
38,233,161,0,0.0,0.0,9857
38,238,161,0,0.0,0.0,9858
38,241,161,0,0.0,0.0,9859
38,243,161,0,0.0,0.0,9860
38,245,161,0,0.0,0.0,9861
38,247,161,0,0.0,0.0,9862
38,249,161,0,0.0,0.0,9863
38,253,161,0,0.0,0.0,9864
38,254,161,0,0.0,0.0,9865
38,255,161,0,0.0,0.0,9866
39,0,161,0,0.0,0.0,9867
39,2,161,0,0.0,0.0,9868
39,4,161,0,0.0,0.0,9869
39,7,161,0,0.0,0.0,9870
39,8,161,0,0.0,0.0,9871
39,9,161,0,0.0,0.0,9872
39,10,161,0,0.0,0.0,9873
39,13,161,0,0.0,0.0,9874
39,14,161,0,0.0,0.0,9875
39,21,161,0,0.0,0.0,9876
39,22,161,0,0.0,0.0,9877
39,23,161,0,0.0,0.0,9878
39,24,161,0,0.0,0.0,9879
39,30,161,0,0.0,0.0,9880
39,31,161,0,0.0,0.0,9881
39,32,161,0,0.0,0.0,9882
39,35,161,0,0.0,0.0,9883
39,36,161,0,0.0,0.0,9884
39,38,161,0,0.0,0.0,9885
39,39,161,0,0.0,0.0,9886
39,42,161,0,0.0,0.0,9887
39,43,161,0,0.0,0.0,9888
39,48,161,0,0.0,0.0,9889
39,49,161,0,0.0,0.0,9890
39,51,161,0,0.0,0.0,9891
39,53,161,0,0.0,0.0,9892
39,54,161,0,0.0,0.0,9893
39,57,161,0,0.0,0.0,9894
39,60,161,0,0.0,0.0,9895
39,63,161,0,0.0,0.0,9896
39,64,161,0,0.0,0.0,9897
39,67,161,0,0.0,0.0,9898
39,71,161,0,0.0,0.0,9899
39,73,161,0,0.0,0.0,9900
39,74,161,0,0.0,0.0,9901
39,76,161,0,0.0,0.0,9902
39,77,161,0,0.0,0.0,9903
39,79,161,0,0.0,0.0,9904
39,88,161,0,0.0,0.0,9905
39,94,161,0,0.0,0.0,9906
39,97,161,0,0.0,0.0,9907
39,100,161,0,0.0,0.0,9908
39,101,161,0,0.0,0.0,9909
39,103,161,0,0.0,0.0,9910
39,104,161,0,0.0,0.0,9911
39,106,161,0,0.0,0.0,9912
39,107,161,0,0.0,0.0,9913
39,113,161,0,0.0,0.0,9914
39,114,161,0,0.0,0.0,9915
39,116,161,0,0.0,0.0,9916
39,118,161,0,0.0,0.0,9917
39,122,161,0,0.0,0.0,9918
39,124,161,0,0.0,0.0,9919
39,125,161,0,0.0,0.0,9920
39,126,161,0,0.0,0.0,9921
39,130,161,0,0.0,0.0,9922
39,132,161,0,0.0,0.0,9923
39,133,161,0,0.0,0.0,9924
39,137,161,0,0.0,0.0,9925
39,138,161,0,0.0,0.0,9926
39,139,161,0,0.0,0.0,9927
39,140,161,0,0.0,0.0,9928
39,147,161,0,0.0,0.0,9929
39,148,161,0,0.0,0.0,9930
39,150,161,0,0.0,0.0,9931
39,151,161,0,0.0,0.0,9932
39,156,161,0,0.0,0.0,9933
39,157,161,0,0.0,0.0,9934
39,163,161,0,0.0,0.0,9935
39,166,161,0,0.0,0.0,9936
39,168,161,0,0.0,0.0,9937
39,169,161,0,0.0,0.0,9938
39,171,161,0,0.0,0.0,9939
39,175,161,0,0.0,0.0,9940
39,179,161,0,0.0,0.0,9941
39,181,161,0,0.0,0.0,9942
39,182,161,0,0.0,0.0,9943
39,183,161,0,0.0,0.0,9944
39,184,161,0,0.0,0.0,9945
39,185,161,0,0.0,0.0,9946
39,187,161,0,0.0,0.0,9947
39,192,161,0,0.0,0.0,9948
39,195,161,0,0.0,0.0,9949
39,196,161,0,0.0,0.0,9950
39,197,161,0,0.0,0.0,9951
39,198,161,0,0.0,0.0,9952
39,200,161,0,0.0,0.0,9953
39,201,161,0,0.0,0.0,9954
39,203,161,0,0.0,0.0,9955
39,204,161,0,0.0,0.0,9956
39,205,161,0,0.0,0.0,9957
39,206,161,0,0.0,0.0,9958
39,207,161,0,0.0,0.0,9959
39,208,161,0,0.0,0.0,9960
39,210,161,0,0.0,0.0,9961
39,212,161,0,0.0,0.0,9962
39,214,161,0,0.0,0.0,9963
39,215,161,0,0.0,0.0,9964
39,216,161,0,0.0,0.0,9965
39,218,161,0,0.0,0.0,9966
39,219,161,0,0.0,0.0,9967
39,220,161,0,0.0,0.0,9968
39,223,161,0,0.0,0.0,9969
39,224,161,0,0.0,0.0,9970
39,225,161,0,0.0,0.0,9971
39,226,161,0,0.0,0.0,9972
39,227,161,0,0.0,0.0,9973
39,230,161,0,0.0,0.0,9974
39,231,161,0,0.0,0.0,9975
39,239,161,0,0.0,0.0,9976
39,240,161,0,0.0,0.0,9977
39,241,161,0,0.0,0.0,9978
39,244,161,0,0.0,0.0,9979
39,245,161,0,0.0,0.0,9980
39,246,161,0,0.0,0.0,9981
39,247,161,0,0.0,0.0,9982
39,254,161,0,0.0,0.0,9983
39,255,161,0,0.0,0.0,9984
