layer,expert,selection_supervised_positions,selection_supervised_selected_hits,selection_supervised_selected_rate,selection_supervised_routing_mass,routing_rank
32,121,330,309,0.9363636363636364,0.25325964725378786,1
8,255,330,276,0.8363636363636363,0.2052527225378788,2
18,119,330,223,0.6757575757575758,0.17119140625,3
15,74,330,255,0.7727272727272727,0.16532907196969698,4
28,210,330,252,0.7636363636363637,0.16243341619318183,5
33,235,330,266,0.806060606060606,0.15970052083333333,6
35,132,330,252,0.7636363636363637,0.13704796993371213,7
26,224,330,246,0.7454545454545455,0.13230794270833332,8
16,242,330,221,0.6696969696969697,0.1281753077651515,9
6,112,330,220,0.6666666666666666,0.12656841856060605,10
17,51,330,237,0.7181818181818181,0.12438372987689394,11
34,223,330,185,0.5606060606060606,0.1173739346590909,12
31,65,330,232,0.703030303030303,0.11737097537878788,13
22,10,330,200,0.6060606060606061,0.11416459517045455,14
4,47,330,168,0.509090909090909,0.11081173058712121,15
21,159,330,230,0.696969696969697,0.10985884232954546,16
6,17,330,160,0.48484848484848486,0.10772076231060607,17
7,82,330,195,0.5909090909090909,0.10105646306818182,18
14,83,330,179,0.5424242424242425,0.09725748697916667,19
14,183,330,184,0.5575757575757576,0.0965228456439394,20
27,63,330,218,0.6606060606060606,0.09259588068181818,21
17,95,330,179,0.5424242424242425,0.08915349786931819,22
16,189,330,160,0.48484848484848486,0.08612319483901515,23
5,185,330,145,0.4393939393939394,0.08533084753787878,24
15,137,330,138,0.41818181818181815,0.08420780066287879,25
8,3,330,151,0.4575757575757576,0.08329819187973485,26
10,23,330,148,0.4484848484848485,0.08223248106060606,27
9,79,330,155,0.4696969696969697,0.08134173768939394,28
19,255,330,184,0.5575757575757576,0.0809237393465909,29
17,229,330,160,0.48484848484848486,0.08045395359848485,30
23,28,330,142,0.4303030303030303,0.08019723603219697,31
25,163,330,192,0.5818181818181818,0.08013287168560607,32
30,175,330,170,0.5151515151515151,0.07988873106060607,33
18,43,330,120,0.36363636363636365,0.07965938683712122,34
10,119,330,137,0.41515151515151516,0.07933830492424243,35
3,29,330,145,0.4393939393939394,0.07915482954545454,36
11,102,330,156,0.4727272727272727,0.07483871922348485,37
24,45,330,174,0.5272727272727272,0.07439334753787878,38
12,27,330,115,0.3484848484848485,0.07334724195075758,39
21,82,330,129,0.39090909090909093,0.07272727272727272,40
36,178,330,140,0.42424242424242425,0.07136600378787879,41
9,86,330,139,0.4212121212121212,0.07104196259469697,42
29,70,330,172,0.5212121212121212,0.07023629853219697,43
39,252,330,53,0.1606060606060606,0.06930338541666667,44
16,136,330,169,0.5121212121212121,0.06835197679924243,45
38,43,330,143,0.43333333333333335,0.06809969815340909,46
12,212,330,110,0.3333333333333333,0.0667288115530303,47
14,134,330,110,0.3333333333333333,0.06651574337121212,48
6,48,330,150,0.45454545454545453,0.06591352982954546,49
12,175,330,110,0.3333333333333333,0.06519886363636364,50
6,0,330,142,0.4303030303030303,0.0636422821969697,51
38,32,330,106,0.3212121212121212,0.06325017755681818,52
19,221,330,165,0.5,0.06258285984848484,53
15,173,330,111,0.33636363636363636,0.06250295928030303,54
30,151,330,128,0.3878787878787879,0.06191110321969697,55
24,153,330,138,0.41818181818181815,0.06155155066287879,56
3,188,330,155,0.4696969696969697,0.06152639678030303,57
15,244,330,95,0.2878787878787879,0.06101296164772727,58
14,121,330,121,0.36666666666666664,0.06054909446022727,59
39,199,330,103,0.31212121212121213,0.06001568418560606,60
1,8,330,125,0.3787878787878788,0.059083510890151514,61
11,110,330,82,0.24848484848484848,0.05899473248106061,62
19,7,330,134,0.40606060606060607,0.058919270833333336,63
12,188,330,170,0.5151515151515151,0.05860040838068182,64
16,111,330,115,0.3484848484848485,0.058485736268939395,65
19,238,330,133,0.403030303030303,0.05796786221590909,66
31,82,330,106,0.3212121212121212,0.05764086174242424,67
31,4,330,113,0.3424242424242424,0.057537286931818185,68
27,219,330,150,0.45454545454545453,0.057424094460227275,69
10,72,330,125,0.3787878787878788,0.056872928503787876,70
14,32,330,161,0.48787878787878786,0.054804391571969695,71
37,202,330,126,0.38181818181818183,0.05471635298295455,72
28,107,330,168,0.509090909090909,0.05430427320075758,73
22,122,330,110,0.3333333333333333,0.054154829545454544,74
38,60,330,50,0.15151515151515152,0.053873697916666664,75
13,211,330,69,0.20909090909090908,0.05365175189393939,76
31,23,330,141,0.42727272727272725,0.05323375355113636,77
32,87,330,149,0.45151515151515154,0.052886038115530304,78
20,226,330,117,0.35454545454545455,0.05282167376893939,79
9,101,330,125,0.3787878787878788,0.05242513020833333,80
8,232,330,126,0.38181818181818183,0.05225053267045455,81
10,19,330,131,0.396969696969697,0.05156545928030303,82
11,239,330,110,0.3333333333333333,0.051387902462121215,83
13,173,330,113,0.3424242424242424,0.05113044507575758,84
18,180,330,79,0.23939393939393938,0.05112156723484849,85
22,128,330,105,0.3181818181818182,0.05097952178030303,86
20,56,330,102,0.3090909090909091,0.05096916429924243,87
13,198,330,107,0.3242424242424242,0.05036991003787879,88
17,88,330,133,0.403030303030303,0.05030850497159091,89
9,63,330,110,0.3333333333333333,0.050258937026515155,90
20,189,330,95,0.2878787878787879,0.04995709043560606,91
37,88,330,76,0.23030303030303031,0.04989642518939394,92
9,205,330,70,0.21212121212121213,0.04922022964015151,93
13,200,330,125,0.3787878787878788,0.04893465909090909,94
36,252,330,81,0.24545454545454545,0.04886437618371212,95
23,41,330,80,0.24242424242424243,0.04844489820075758,96
5,116,330,107,0.3242424242424242,0.04833540482954545,97
25,39,330,163,0.49393939393939396,0.047998786695075756,98
3,39,330,130,0.3939393939393939,0.04792850378787879,99
33,141,330,90,0.2727272727272727,0.04775982481060606,100
14,112,330,85,0.25757575757575757,0.047209398674242425,101
35,37,330,83,0.2515151515151515,0.04718498461174243,102
35,67,330,71,0.21515151515151515,0.04717980587121212,103
10,31,330,115,0.3484848484848485,0.047135416666666666,104
35,76,330,82,0.24848484848484848,0.046314216382575754,105
37,198,330,72,0.21818181818181817,0.04623431581439394,106
13,120,330,119,0.3606060606060606,0.046158854166666666,107
4,61,330,142,0.4303030303030303,0.046124082623106064,108
2,102,330,110,0.3333333333333333,0.045956143465909094,109
13,53,330,111,0.33636363636363636,0.04593838778409091,110
17,14,330,72,0.21818181818181817,0.04587180397727273,111
17,110,330,112,0.3393939393939394,0.0458251953125,112
20,250,330,150,0.45454545454545453,0.04563210227272727,113
13,73,330,100,0.30303030303030304,0.045629142992424244,114
18,97,330,132,0.4,0.0448974609375,115
1,69,330,95,0.2878787878787879,0.04486564867424243,116
19,187,330,97,0.29393939393939394,0.04471472537878788,117
28,246,330,84,0.2545454545454545,0.044639263731060606,118
29,120,330,90,0.2727272727272727,0.04417465672348485,119
3,36,330,80,0.24242424242424243,0.04407700047348485,120
33,153,330,84,0.2545454545454545,0.04374260179924242,121
24,139,330,77,0.23333333333333334,0.043730764678030304,122
25,88,330,117,0.35454545454545455,0.0436331084280303,123
21,42,330,128,0.3878787878787879,0.043628669507575754,124
29,135,330,100,0.30303030303030304,0.043505859375,125
35,176,330,121,0.36666666666666664,0.04350511955492424,126
32,168,330,80,0.24242424242424243,0.04343483664772727,127
5,139,330,101,0.30606060606060603,0.043078983191287876,128
20,28,330,95,0.2878787878787879,0.04305160984848485,129
15,200,330,117,0.35454545454545455,0.042625473484848485,130
13,82,330,70,0.21212121212121213,0.04260179924242424,131
33,79,330,85,0.25757575757575757,0.04244347774621212,132
17,246,330,117,0.35454545454545455,0.04238429214015151,133
37,116,330,72,0.21818181818181817,0.042363577178030305,134
20,219,330,104,0.3151515151515151,0.042344341856060605,135
35,124,330,50,0.15151515151515152,0.04219933712121212,136
20,186,330,91,0.27575757575757576,0.04214754971590909,137
34,35,330,80,0.24242424242424243,0.04204841382575757,138
7,19,330,95,0.2878787878787879,0.04163559422348485,139
23,224,330,65,0.19696969696969696,0.04127752130681818,140
4,226,330,103,0.31212121212121213,0.04127456202651515,141
10,5,330,100,0.30303030303030304,0.04109848484848485,142
31,186,330,69,0.20909090909090908,0.04052290482954545,143
16,196,330,66,0.2,0.04038825757575758,144
19,206,330,95,0.2878787878787879,0.040179628314393936,145
19,170,330,108,0.32727272727272727,0.040164831912878785,146
4,109,330,86,0.2606060606060606,0.04006125710227273,147
29,130,330,74,0.22424242424242424,0.039976917613636365,148
32,142,330,131,0.396969696969697,0.03968616832386364,149
10,15,330,127,0.38484848484848483,0.039497514204545454,150
26,219,330,71,0.21515151515151515,0.039345111268939394,151
27,146,330,76,0.23030303030303031,0.039150538589015155,152
12,115,330,100,0.30303030303030304,0.03914979876893939,153
32,31,330,82,0.24848484848484848,0.03894338896780303,154
21,234,330,103,0.31212121212121213,0.038878284801136365,155
17,33,330,80,0.24242424242424243,0.03884203361742424,156
36,198,330,73,0.22121212121212122,0.03883537523674242,157
12,14,330,102,0.3090909090909091,0.03859419389204546,158
27,86,330,87,0.2636363636363636,0.03854166666666667,159
2,221,330,95,0.2878787878787879,0.03850467566287879,160
7,218,330,109,0.3303030303030303,0.03827089251893939,161
14,140,330,102,0.3090909090909091,0.037866950757575756,162
34,3,330,78,0.23636363636363636,0.03740604285037879,163
25,168,330,58,0.17575757575757575,0.037354995265151514,164
34,80,330,75,0.22727272727272727,0.0372995087594697,165
21,161,330,72,0.21818181818181817,0.03715968276515152,166
1,13,330,100,0.30303030303030304,0.03701615767045455,167
25,194,330,63,0.19090909090909092,0.03697176846590909,168
7,81,330,100,0.30303030303030304,0.03692885890151515,169
4,75,330,83,0.2515151515151515,0.03691554214015152,170
39,72,330,50,0.15151515151515152,0.036739464962121215,171
26,70,330,101,0.30606060606060603,0.03669137665719697,172
30,100,330,97,0.29393939393939394,0.03664106889204546,173
12,249,330,114,0.34545454545454546,0.036443536931818184,174
2,36,330,66,0.2,0.036375473484848486,175
6,89,330,90,0.2727272727272727,0.03631184895833333,176
38,203,330,60,0.18181818181818182,0.0362741181344697,177
28,149,330,54,0.16363636363636364,0.03624378551136364,178
37,245,330,112,0.3393939393939394,0.036151308001893936,179
17,104,330,106,0.3212121212121212,0.036083984375,180
33,234,330,50,0.15151515151515152,0.035970052083333336,181
4,55,330,105,0.3181818181818182,0.03584132339015152,182
5,119,330,38,0.11515151515151516,0.03574958570075758,183
34,111,330,73,0.22121212121212122,0.035600142045454544,184
3,76,330,95,0.2878787878787879,0.035582386363636365,185
5,159,330,85,0.25757575757575757,0.03533676609848485,186
29,194,330,54,0.16363636363636364,0.03524206912878788,187
2,120,330,103,0.31212121212121213,0.035020123106060605,188
20,4,330,70,0.21212121212121213,0.03485292376893939,189
24,146,330,92,0.2787878787878788,0.03475378787878788,190
16,117,330,121,0.36666666666666664,0.03453332149621212,191
30,66,330,56,0.1696969696969697,0.03448745265151515,192
4,76,330,92,0.2787878787878788,0.03443270596590909,193
23,226,330,107,0.3242424242424242,0.034154533617424244,194
21,186,330,63,0.19090909090909092,0.033974017518939394,195
7,73,330,83,0.2515151515151515,0.03390299479166667,196
9,71,330,74,0.22424242424242424,0.03380533854166667,197
9,234,330,100,0.30303030303030304,0.033716560132575756,198
24,50,330,65,0.19696969696969696,0.03354788115530303,199
27,192,330,41,0.12424242424242424,0.033374763257575754,200
22,81,330,89,0.2696969696969697,0.033343690814393936,201
16,97,330,74,0.22424242424242424,0.03333629261363636,202
5,24,330,85,0.25757575757575757,0.03331557765151515,203
12,217,330,71,0.21515151515151515,0.03330522017045454,204
19,167,330,68,0.20606060606060606,0.03325047348484848,205
3,114,330,95,0.2878787878787879,0.03320238517992424,206
26,134,330,50,0.15151515151515152,0.032993016098484845,207
6,80,330,71,0.21515151515151515,0.03297230113636364,208
16,170,330,68,0.20606060606060606,0.032969341856060604,209
22,158,330,75,0.22727272727272727,0.032957504734848486,210
1,117,330,75,0.22727272727272727,0.032933830492424244,211
24,197,330,66,0.2,0.03288944128787879,212
37,0,330,50,0.15151515151515152,0.03283913352272727,213
15,113,330,88,0.26666666666666666,0.03281545928030303,214
20,91,330,97,0.29393939393939394,0.03280362215909091,215
22,54,330,85,0.25757575757575757,0.032781427556818184,216
2,253,330,65,0.19696969696969696,0.032399680397727275,217
39,40,330,58,0.17575757575757575,0.032362689393939395,218
17,172,330,40,0.12121212121212122,0.03226281368371212,219
27,73,330,79,0.23939393939393938,0.03219844933712121,220
39,84,330,57,0.17272727272727273,0.032107821377840906,221
33,206,330,67,0.20303030303030303,0.032090435606060605,222
22,196,330,79,0.23939393939393938,0.03203420928030303,223
38,242,330,35,0.10606060606060606,0.03195874763257576,224
26,132,330,56,0.1696969696969697,0.03189512310606061,225
24,233,330,102,0.3090909090909091,0.03182410037878788,226
20,74,330,80,0.24242424242424243,0.03180190577651515,227
5,16,330,74,0.22424242424242424,0.03167465672348485,228
4,210,330,65,0.19696969696969696,0.03162878787878788,229
35,193,330,52,0.15757575757575756,0.031605853456439396,230
2,100,330,49,0.1484848484848485,0.031602154356060605,231
18,145,330,74,0.22424242424242424,0.03147934422348485,232
30,207,330,62,0.18787878787878787,0.03139204545454546,233
16,6,330,88,0.26666666666666666,0.03131362452651515,234
39,245,330,61,0.18484848484848485,0.03131288470643939,235
17,153,330,105,0.3181818181818182,0.031260357481060604,236
37,127,330,79,0.23939393939393938,0.03121078953598485,237
7,16,330,97,0.29393939393939394,0.031168619791666668,238
7,8,330,80,0.24242424242424243,0.03106652462121212,239
34,147,330,64,0.19393939393939394,0.031023615056818183,240
11,115,330,80,0.24242424242424243,0.03089932528409091,241
11,225,330,80,0.24242424242424243,0.03085641571969697,242
19,97,330,50,0.15151515151515152,0.030806107954545456,243
24,40,330,24,0.07272727272727272,0.03077355587121212,244
3,207,330,75,0.22727272727272727,0.030745442708333334,245
21,174,330,58,0.17575757575757575,0.03074026396780303,246
35,252,330,80,0.24242424242424243,0.0307373046875,247
31,38,330,59,0.1787878787878788,0.03070919152462121,248
24,184,330,74,0.22424242424242424,0.030662582859848485,249
16,229,330,89,0.2696969696969697,0.030562707149621213,250
28,122,330,75,0.22727272727272727,0.03052423650568182,251
2,5,330,75,0.22727272727272727,0.03051461884469697,252
19,225,330,17,0.051515151515151514,0.030458392518939392,253
14,158,330,101,0.30606060606060603,0.030449514678030302,254
13,104,330,83,0.2515151515151515,0.030418442234848485,255
23,196,330,77,0.23333333333333334,0.030399206912878788,256
21,78,330,90,0.2727272727272727,0.03013583096590909,257
10,0,330,70,0.21212121212121213,0.030119554924242425,258
1,128,330,70,0.21212121212121213,0.03010031960227273,259
10,13,330,72,0.21818181818181817,0.029930160984848485,260
31,132,330,50,0.15151515151515152,0.029802911931818183,261
18,164,330,83,0.2515151515151515,0.029576526988636363,262
11,43,330,63,0.19090909090909092,0.029570608428030304,263
29,250,330,50,0.15151515151515152,0.02950402462121212,264
25,234,330,63,0.19090909090909092,0.029487748579545454,265
14,63,330,51,0.15454545454545454,0.029456676136363637,266
27,7,330,74,0.22424242424242424,0.029435961174242423,267
34,172,330,79,0.23939393939393938,0.029424124053030302,268
31,93,330,57,0.17272727272727273,0.029345703125,269
7,125,330,77,0.23333333333333334,0.029264322916666665,270
4,26,330,91,0.27575757575757576,0.029228811553030302,271
12,37,330,89,0.2696969696969697,0.029221413352272727,272
16,120,330,62,0.18787878787878787,0.029069010416666666,273
5,213,330,90,0.2727272727272727,0.029067530776515152,274
38,178,330,62,0.18787878787878787,0.02904977509469697,275
38,53,330,45,0.13636363636363635,0.02903201941287879,276
34,165,330,62,0.18787878787878787,0.02902758049242424,277
30,8,330,71,0.21515151515151515,0.028990589488636365,278
35,138,330,71,0.21515151515151515,0.02897357362689394,279
23,138,330,68,0.20606060606060606,0.028887014678030305,280
13,26,330,55,0.16666666666666666,0.028867779356060608,281
8,43,330,102,0.3090909090909091,0.028684303977272726,282
26,214,330,60,0.18181818181818182,0.028660629734848484,283
36,103,330,71,0.21515151515151515,0.02863399621212121,284
37,29,330,65,0.19696969696969696,0.028617720170454546,285
11,86,330,65,0.19696969696969696,0.028570371685606062,286
25,253,330,60,0.18181818181818182,0.028437204071969698,287
30,184,330,49,0.1484848484848485,0.02840317234848485,288
11,224,330,66,0.2,0.028369140625,289
4,223,330,69,0.20909090909090908,0.0283203125,290
1,64,330,95,0.2878787878787879,0.02829959753787879,291
26,50,330,55,0.16666666666666666,0.028261126893939392,292
28,219,330,69,0.20909090909090908,0.02817974668560606,293
21,215,330,60,0.18181818181818182,0.028157552083333332,294
6,102,330,85,0.25757575757575757,0.028059895833333334,295
31,160,330,79,0.23939393939393938,0.027994051846590907,296
10,6,330,75,0.22727272727272727,0.02792376893939394,297
13,212,330,65,0.19696969696969696,0.027916370738636363,298
19,200,330,81,0.24545454545454545,0.027897135416666666,299
30,243,330,45,0.13636363636363635,0.027880859375,300
38,140,330,63,0.19090909090909092,0.027809096827651515,301
5,35,330,75,0.22727272727272727,0.027781723484848486,302
24,39,330,73,0.22121212121212122,0.027618963068181818,303
36,190,330,37,0.11212121212121212,0.027417732007575756,304
37,72,330,44,0.13333333333333333,0.027392578125,305
34,113,330,58,0.17575757575757575,0.027391098484848483,306
22,204,330,61,0.18484848484848485,0.027351148200757576,307
33,166,330,66,0.2,0.027257191051136363,308
9,91,330,82,0.24848484848484848,0.027219460227272726,309
27,0,330,93,0.2818181818181818,0.02706261837121212,310
23,2,330,41,0.12424242424242424,0.02705669981060606,311
20,47,330,76,0.23030303030303031,0.027052260890151517,312
25,84,330,54,0.16363636363636364,0.027027107007575758,313
11,123,330,47,0.14242424242424243,0.027022668087121213,314
11,180,330,91,0.27575757575757576,0.02701970880681818,315
30,195,330,50,0.15151515151515152,0.026953125,316
12,165,330,63,0.19090909090909092,0.02688062263257576,317
29,83,330,68,0.20606060606060606,0.026828835227272727,318
37,155,330,50,0.15151515151515152,0.02676373106060606,319
22,137,330,65,0.19696969696969696,0.026732658617424243,320
2,212,330,60,0.18181818181818182,0.026686789772727273,321
11,248,330,45,0.13636363636363635,0.026642400568181818,322
8,21,330,100,0.30303030303030304,0.026633522727272728,323
16,17,330,62,0.18787878787878787,0.026506273674242423,324
29,26,330,43,0.1303030303030303,0.02641009706439394,325
6,114,330,102,0.3090909090909091,0.026369406960227274,326
30,229,330,14,0.04242424242424243,0.026278409090909092,327
15,150,330,50,0.15151515151515152,0.026213304924242425,328
39,135,330,60,0.18181818181818182,0.026189260771780302,329
5,155,330,79,0.23939393939393938,0.026167436079545456,330
27,101,330,76,0.23030303030303031,0.026157818418560606,331
19,184,330,64,0.19393939393939394,0.026149680397727273,332
24,94,330,55,0.16666666666666666,0.026060901988636365,333
36,30,330,65,0.19696969696969696,0.026006155303030302,334
23,160,330,54,0.16363636363636364,0.025898881392045454,335
30,30,330,69,0.20909090909090908,0.025895182291666666,336
12,5,330,74,0.22424242424242424,0.025831557765151517,337
28,169,330,53,0.1606060606060606,0.02581824100378788,338
30,224,330,68,0.20606060606060606,0.025702829071969698,339
9,10,330,65,0.19696969696969696,0.025699869791666666,340
21,36,330,52,0.15757575757575756,0.025664358428030304,341
29,18,330,37,0.11212121212121212,0.025649562026515152,342
1,219,330,77,0.23333333333333334,0.0255859375,343
2,216,330,40,0.12121212121212122,0.0255859375,344
1,59,330,89,0.2696969696969697,0.025578539299242423,345
27,231,330,50,0.15151515151515152,0.025458688446969698,346
26,222,330,53,0.1606060606060606,0.02545720880681818,347
28,40,330,55,0.16666666666666666,0.02537508877840909,348
23,89,330,53,0.1606060606060606,0.025361032196969696,349
34,162,330,59,0.1787878787878788,0.02531072443181818,350
32,3,330,40,0.12121212121212122,0.025309244791666668,351
3,215,330,60,0.18181818181818182,0.02529000946969697,352
2,125,330,65,0.19696969696969696,0.02523822206439394,353
22,40,330,64,0.19393939393939394,0.02522638494318182,354
3,75,330,60,0.18181818181818182,0.025099135890151517,355
39,111,330,76,0.23030303030303031,0.025094696969696968,356
28,132,330,84,0.2545454545454545,0.025043649384469697,357
20,143,330,41,0.12424242424242424,0.025019235321969698,358
12,154,330,86,0.2606060606060606,0.024909741950757576,359
12,228,330,37,0.11212121212121212,0.02490530303030303,360
16,158,330,60,0.18181818181818182,0.024852035984848486,361
31,11,330,61,0.18484848484848485,0.02484685724431818,362
39,45,330,50,0.15151515151515152,0.02483132102272727,363
13,149,330,74,0.22424242424242424,0.02479580965909091,364
10,79,330,60,0.18181818181818182,0.02468335700757576,365
15,44,330,82,0.24848484848484848,0.024640447443181817,366
38,125,330,50,0.15151515151515152,0.024619732481060606,367
19,95,330,56,0.1696969696969697,0.024613813920454544,368
3,10,330,50,0.15151515151515152,0.024604936079545454,369
13,179,330,55,0.16666666666666666,0.02458718039772727,370
34,88,330,61,0.18484848484848485,0.02457904237689394,371
1,89,330,77,0.23333333333333334,0.02445697206439394,372
30,105,330,42,0.12727272727272726,0.02442589962121212,373
23,106,330,59,0.1787878787878788,0.024408143939393938,374
34,139,330,65,0.19696969696969696,0.024391867897727272,375
8,238,330,53,0.1606060606060606,0.024384469696969696,376
32,146,330,58,0.17575757575757575,0.024372632575757575,377
39,167,330,64,0.19393939393939394,0.02434747869318182,378
18,37,330,59,0.1787878787878788,0.024337121212121213,379
7,55,330,50,0.15151515151515152,0.024175840435606062,380
24,232,330,57,0.17272727272727273,0.02414624763257576,381
38,25,330,44,0.13333333333333333,0.024058948863636364,382
33,182,330,79,0.23939393939393938,0.02405450994318182,383
8,65,330,68,0.20606060606060606,0.024007161458333332,384
15,20,330,66,0.2,0.023990885416666666,385
32,51,330,55,0.16666666666666666,0.023990885416666666,386
26,117,330,72,0.21818181818181817,0.023970170454545456,387
9,185,330,69,0.20909090909090908,0.02391690340909091,388
25,77,330,52,0.15757575757575756,0.023894708806818182,389
1,230,330,50,0.15151515151515152,0.023893229166666665,390
37,28,330,27,0.08181818181818182,0.02383404356060606,391
12,106,330,64,0.19393939393939394,0.023826645359848485,392
8,189,330,68,0.20606060606060606,0.023735647490530302,393
25,45,330,45,0.13636363636363635,0.023703835227272728,394
10,45,330,55,0.16666666666666666,0.023694957386363635,395
21,209,330,89,0.2696969696969697,0.023668323863636365,396
2,223,330,65,0.19696969696969696,0.023629853219696968,397
4,156,330,75,0.22727272727272727,0.02359656131628788,398
25,144,330,55,0.16666666666666666,0.023585464015151516,399
1,70,330,80,0.24242424242424243,0.023551432291666667,400
39,14,330,40,0.12121212121212122,0.023539595170454546,401
23,105,330,60,0.18181818181818182,0.023527018229166665,402
7,139,330,74,0.22424242424242424,0.023511482007575756,403
25,146,330,41,0.12424242424242424,0.023487807765151514,404
29,181,330,77,0.23333333333333334,0.023464133522727273,405
35,144,330,50,0.15151515151515152,0.0234375,406
11,97,330,50,0.15151515151515152,0.023399029356060606,407
24,78,330,50,0.15151515151515152,0.023348721590909092,408
14,1,330,70,0.21212121212121213,0.023311730587121212,409
5,241,330,67,0.20303030303030303,0.023279178503787877,410
22,210,330,73,0.22121212121212122,0.023261422821969698,411
35,206,330,49,0.1484848484848485,0.023237748579545456,412
26,213,330,50,0.15151515151515152,0.023211115056818183,413
20,5,330,35,0.10606060606060606,0.023197798295454545,414
39,190,330,50,0.15151515151515152,0.02315044981060606,415
4,45,330,67,0.20303030303030303,0.023141571969696968,416
21,184,330,51,0.15454545454545454,0.02311049952651515,417
20,102,330,74,0.22424242424242424,0.023103841145833335,418
16,51,330,49,0.1484848484848485,0.02304391571969697,419
32,205,330,57,0.17272727272727273,0.023042436079545453,420
15,247,330,73,0.22121212121212122,0.023006184895833334,421
4,221,330,37,0.11212121212121212,0.02294921875,422
28,138,330,50,0.15151515151515152,0.022935901988636365,423
6,148,330,60,0.18181818181818182,0.022892992424242423,424
2,124,330,55,0.16666666666666666,0.02286931818181818,425
38,248,330,61,0.18484848484848485,0.022843424479166666,426
23,54,330,60,0.18181818181818182,0.022834546638257576,427
23,234,330,50,0.15151515151515152,0.022824928977272726,428
1,221,330,55,0.16666666666666666,0.022755385890151514,429
14,227,330,65,0.19696969696969696,0.022746508049242425,430
29,53,330,63,0.19090909090909092,0.02274206912878788,431
14,221,330,51,0.15454545454545454,0.02265033143939394,432
7,149,330,50,0.15151515151515152,0.02265033143939394,433
36,133,330,62,0.18787878787878787,0.02264441287878788,434
9,52,330,55,0.16666666666666666,0.022637014678030302,435
33,142,330,67,0.20303030303030303,0.022624437736742425,436
18,113,330,51,0.15454545454545454,0.022611860795454547,437
10,185,330,64,0.19393939393939394,0.022600023674242423,438
24,185,330,50,0.15151515151515152,0.02258966619318182,439
2,14,330,55,0.16666666666666666,0.022557114109848484,440
23,21,330,55,0.16666666666666666,0.022514204545454546,441
9,57,330,50,0.15151515151515152,0.02248461174242424,442
25,153,330,50,0.15151515151515152,0.02248461174242424,443
6,99,330,40,0.12121212121212122,0.02248461174242424,444
38,251,330,60,0.18181818181818182,0.022199781013257577,445
39,211,330,42,0.12727272727272726,0.022178326231060606,446
7,84,330,50,0.15151515151515152,0.022123579545454547,447
9,173,330,53,0.1606060606060606,0.02211322206439394,448
5,50,330,34,0.10303030303030303,0.02206439393939394,449
26,172,330,50,0.15151515151515152,0.022025923295454546,450
11,119,330,55,0.16666666666666666,0.02199633049242424,451
19,88,330,43,0.1303030303030303,0.021991891571969697,452
39,222,330,55,0.16666666666666666,0.02192974668560606,453
19,22,330,66,0.2,0.02186020359848485,454
20,173,330,15,0.045454545454545456,0.021830610795454546,455
29,66,330,46,0.1393939393939394,0.02182321259469697,456
9,159,330,64,0.19393939393939394,0.021790660511363635,457
1,95,330,50,0.15151515151515152,0.02178918087121212,458
23,230,330,67,0.20303030303030303,0.02178326231060606,459
12,160,330,50,0.15151515151515152,0.021756628787878787,460
15,29,330,68,0.20606060606060606,0.021735913825757576,461
20,175,330,60,0.18181818181818182,0.021675248579545454,462
29,212,330,68,0.20606060606060606,0.021644915956439394,463
7,71,330,53,0.1606060606060606,0.021619022253787878,464
39,191,330,60,0.18181818181818182,0.02161606297348485,465
7,89,330,31,0.09393939393939393,0.021605705492424243,466
22,168,330,50,0.15151515151515152,0.021586470170454546,467
9,58,330,51,0.15454545454545454,0.021531723484848483,468
36,39,330,61,0.18484848484848485,0.021530983664772727,469
36,12,330,51,0.15454545454545454,0.021502130681818183,470
10,241,330,50,0.15151515151515152,0.021462180397727272,471
23,20,330,50,0.15151515151515152,0.02144146543560606,472
5,103,330,50,0.15151515151515152,0.02143850615530303,473
25,46,330,75,0.22727272727272727,0.021431107954545454,474
1,20,330,50,0.15151515151515152,0.02137784090909091,475
11,57,330,50,0.15151515151515152,0.021333451704545453,476
7,66,330,63,0.19090909090909092,0.021281664299242425,477
12,104,330,35,0.10606060606060606,0.02127426609848485,478
29,68,330,36,0.10909090909090909,0.021271306818181818,479
8,113,330,60,0.18181818181818182,0.02124689275568182,480
7,178,330,60,0.18181818181818182,0.021198804450757575,481
1,86,330,50,0.15151515151515152,0.021118903882575757,482
29,188,330,30,0.09090909090909091,0.021046401515151514,483
21,115,330,50,0.15151515151515152,0.021018288352272728,484
33,47,330,44,0.13333333333333333,0.021016068892045454,485
25,18,330,34,0.10303030303030303,0.021015329071969697,486
37,34,330,45,0.13636363636363635,0.02093838778409091,487
27,233,330,43,0.1303030303030303,0.020922111742424244,488
32,92,330,68,0.20606060606060606,0.020875503077651514,489
27,214,330,44,0.13333333333333333,0.020845170454545453,490
30,164,330,49,0.1484848484848485,0.020842211174242425,491
30,46,330,37,0.11212121212121212,0.020814098011363635,492
1,31,330,50,0.15151515151515152,0.020759351325757576,493
2,0,330,59,0.1787878787878788,0.020732717803030303,494
12,132,330,48,0.14545454545454545,0.020723100142045453,495
3,60,330,55,0.16666666666666666,0.020704604640151517,496
29,192,330,60,0.18181818181818182,0.020688328598484847,497
14,45,330,50,0.15151515151515152,0.020598070549242425,498
24,206,330,50,0.15151515151515152,0.020572916666666666,499
8,191,330,64,0.19393939393939394,0.02051743016098485,500
25,156,330,68,0.20606060606060606,0.020501893939393938,501
34,20,330,56,0.1696969696969697,0.020485617897727272,502
5,239,330,54,0.16363636363636364,0.02048265861742424,503
19,197,330,50,0.15151515151515152,0.020466382575757575,504
1,61,330,50,0.15151515151515152,0.020454545454545454,505
6,152,330,50,0.15151515151515152,0.02042495265151515,506
16,118,330,66,0.2,0.020408676609848485,507
27,136,330,35,0.10606060606060606,0.02040423768939394,508
8,118,330,55,0.16666666666666666,0.020393880208333333,509
26,150,330,58,0.17575757575757575,0.02036724668560606,510
9,5,330,66,0.2,0.020339133522727273,511
17,138,330,57,0.17272727272727273,0.02033469460227273,512
10,230,330,50,0.15151515151515152,0.020311020359848483,513
2,189,330,50,0.15151515151515152,0.020276988636363635,514
28,48,330,40,0.12121212121212122,0.02027254971590909,515
31,91,330,35,0.10606060606060606,0.02026071259469697,516
30,135,330,31,0.09393939393939393,0.020251094933712122,517
31,248,330,30,0.09090909090909091,0.020235558712121213,518
11,230,330,50,0.15151515151515152,0.020231119791666665,519
33,66,330,60,0.18181818181818182,0.020179332386363637,520
22,144,330,61,0.18484848484848485,0.020075757575757577,521
8,154,330,50,0.15151515151515152,0.020025449810606062,522
33,100,330,69,0.20909090909090908,0.02001287286931818,523
7,118,330,53,0.1606060606060606,0.020006214488636365,524
17,71,330,57,0.17272727272727273,0.019972182765151517,525
13,50,330,60,0.18181818181818182,0.019921875,526
24,183,330,40,0.12121212121212122,0.019902639678030302,527
26,173,330,32,0.09696969696969697,0.019880445075757577,528
39,95,330,60,0.18181818181818182,0.019856770833333332,529
35,240,330,51,0.15454545454545454,0.01984197443181818,530
37,118,330,43,0.1303030303030303,0.019819779829545456,531
25,51,330,52,0.15757575757575756,0.019723603219696968,532
22,108,330,44,0.13333333333333333,0.019716205018939392,533
2,40,330,65,0.19696969696969696,0.01971472537878788,534
2,50,330,51,0.15454545454545454,0.01971472537878788,535
15,12,330,59,0.1787878787878788,0.01966885653409091,536
37,206,330,55,0.16666666666666666,0.019640743371212122,537
13,161,330,73,0.22121212121212122,0.01962890625,538
10,162,330,50,0.15151515151515152,0.019627426609848484,539
5,80,330,56,0.1696969696969697,0.01954012784090909,540
12,209,330,53,0.1606060606060606,0.01950757575757576,541
28,164,330,59,0.1787878787878788,0.019498697916666665,542
2,177,330,35,0.10606060606060606,0.019491299715909093,543
21,144,330,46,0.1393939393939394,0.01948834043560606,544
27,126,330,46,0.1393939393939394,0.01946392637310606,545
8,250,330,50,0.15151515151515152,0.019435073390151516,546
16,33,330,64,0.19393939393939394,0.01943433357007576,547
7,96,330,55,0.16666666666666666,0.01942471590909091,548
8,128,330,73,0.22121212121212122,0.01938550544507576,549
10,207,330,40,0.12121212121212122,0.019380326704545453,550
13,187,330,34,0.10303030303030303,0.019368489583333332,551
3,43,330,50,0.15151515151515152,0.01936700994318182,552
26,76,330,50,0.15151515151515152,0.019359611742424242,553
9,114,330,45,0.13636363636363635,0.01932114109848485,554
1,103,330,30,0.09090909090909091,0.019258996212121213,555
10,220,330,53,0.1606060606060606,0.019227923768939392,556
31,20,330,63,0.19090909090909092,0.019227183948863635,557
25,214,330,47,0.14242424242424243,0.019222005208333334,558
14,11,330,60,0.18181818181818182,0.019204989346590907,559
35,194,330,75,0.22727272727272727,0.019172437263257576,560
30,140,330,50,0.15151515151515152,0.019170217803030302,561
15,4,330,48,0.14545454545454545,0.019105853456439392,562
4,28,330,46,0.1393939393939394,0.01909771543560606,563
10,168,330,45,0.13636363636363635,0.01909771543560606,564
14,101,330,51,0.15454545454545454,0.019078480113636363,565
19,25,330,66,0.2,0.019065163352272728,566
2,60,330,50,0.15151515151515152,0.01906368371212121,567
25,199,330,36,0.10909090909090909,0.01901929450757576,568
23,179,330,84,0.2545454545454545,0.01901263612689394,569
36,162,330,47,0.14242424242424243,0.019004498106060606,570
24,246,330,53,0.1606060606060606,0.018979344223484847,571
6,87,330,50,0.15151515151515152,0.018977864583333334,572
23,45,330,46,0.1393939393939394,0.018968986742424244,573
3,132,330,60,0.18181818181818182,0.018937174479166666,574
29,190,330,30,0.09090909090909091,0.01893051609848485,575
31,57,330,65,0.19696969696969696,0.018926816998106062,576
16,75,330,69,0.20909090909090908,0.018920158617424243,577
6,30,330,52,0.15757575757575756,0.018909801136363636,578
18,100,330,62,0.18787878787878787,0.018845436789772727,579
27,89,330,41,0.12424242424242424,0.018837298768939394,580
13,16,330,35,0.10606060606060606,0.018831380208333335,581
36,126,330,41,0.12424242424242424,0.018799567945075757,582
36,56,330,43,0.1303030303030303,0.018798828125,583
15,73,330,51,0.15454545454545454,0.018760357481060606,584
13,171,330,50,0.15151515151515152,0.01875591856060606,585
4,143,330,45,0.13636363636363635,0.01875591856060606,586
24,171,330,61,0.18484848484848485,0.018745561079545454,587
33,190,330,64,0.19393939393939394,0.018698952414772728,588
9,138,330,38,0.11515151515151516,0.018680456912878788,589
22,64,330,41,0.12424242424242424,0.018627189867424242,590
1,66,330,50,0.15151515151515152,0.01861239346590909,591
7,42,330,40,0.12121212121212122,0.018526574337121213,592
10,116,330,50,0.15151515151515152,0.018516216856060606,593
37,9,330,46,0.1393939393939394,0.01850216027462121,594
15,233,330,55,0.16666666666666666,0.018437795928030302,595
2,57,330,55,0.16666666666666666,0.018399325284090908,596
23,53,330,61,0.18484848484848485,0.018388227982954544,597
5,178,330,63,0.19090909090909092,0.018357895359848483,598
7,194,330,59,0.1787878787878788,0.01834457859848485,599
33,215,330,25,0.07575757575757576,0.018314985795454545,600
11,54,330,51,0.15454545454545454,0.018297230113636365,601
13,197,330,65,0.19696969696969696,0.018257279829545454,602
4,113,330,50,0.15151515151515152,0.018248401988636365,603
7,0,330,50,0.15151515151515152,0.018238044507575758,604
32,189,330,51,0.15454545454545454,0.01819809422348485,605
18,156,330,75,0.22727272727272727,0.018196614583333333,606
26,11,330,51,0.15454545454545454,0.018150005918560606,607
32,64,330,30,0.09090909090909091,0.01814926609848485,608
6,134,330,50,0.15151515151515152,0.01814630681818182,609
32,177,330,64,0.19393939393939394,0.018138168797348486,610
3,88,330,55,0.16666666666666666,0.01812115293560606,611
5,78,330,57,0.17272727272727273,0.01805456912878788,612
2,127,330,55,0.16666666666666666,0.018047170928030303,613
27,193,330,57,0.17272727272727273,0.01804273200757576,614
28,60,330,50,0.15151515151515152,0.018036813446969696,615
38,252,330,49,0.1484848484848485,0.017972449100378787,616
24,168,330,54,0.16363636363636364,0.017943596117424243,617
20,158,330,53,0.1606060606060606,0.017904385653409093,618
23,137,330,53,0.1606060606060606,0.01788293087121212,619
1,133,330,35,0.10606060606060606,0.01787701231060606,620
24,12,330,63,0.19090909090909092,0.01787109375,621
20,237,330,44,0.13333333333333333,0.01786517518939394,622
8,64,330,59,0.1787878787878788,0.017860736268939394,623
29,171,330,57,0.17272727272727273,0.01784741950757576,624
16,10,330,72,0.21818181818181817,0.017842240767045454,625
17,103,330,53,0.1606060606060606,0.01780155066287879,626
25,124,330,35,0.10606060606060606,0.017774917140151517,627
6,224,330,20,0.06060606060606061,0.017770478219696968,628
17,20,330,61,0.18484848484848485,0.017695016571969698,629
20,67,330,51,0.15454545454545454,0.017683179450757577,630
24,214,330,73,0.22121212121212122,0.01764248934659091,631
7,243,330,50,0.15151515151515152,0.01757516571969697,632
28,69,330,40,0.12121212121212122,0.017570726799242424,633
21,5,330,46,0.1393939393939394,0.01756628787878788,634
38,122,330,64,0.19393939393939394,0.017555190577651515,635
7,58,330,37,0.11212121212121212,0.017548532196969696,636
3,129,330,60,0.18181818181818182,0.017431640625,637
26,80,330,65,0.19696969696969696,0.017416104403409093,638
7,14,330,50,0.15151515151515152,0.01735469933712121,639
21,221,330,46,0.1393939393939394,0.017348780776515152,640
21,164,330,54,0.16363636363636364,0.017319187973484848,641
13,252,330,58,0.17575757575757575,0.017286635890151517,642
6,170,330,65,0.19696969696969696,0.017261482007575758,643
38,219,330,48,0.14545454545454545,0.01725408380681818,644
12,97,330,57,0.17272727272727273,0.017246685606060606,645
36,229,330,19,0.05757575757575758,0.017194898200757577,646
31,222,330,45,0.13636363636363635,0.01718454071969697,647
8,24,330,54,0.16363636363636364,0.017178622159090908,648
22,87,330,55,0.16666666666666666,0.017154947916666666,649
18,125,330,55,0.16666666666666666,0.017133493134469695,650
2,119,330,45,0.13636363636363635,0.01711055871212121,651
11,129,330,20,0.06060606060606061,0.01709280303030303,652
3,108,330,50,0.15151515151515152,0.01705285274621212,653
19,75,330,40,0.12121212121212122,0.017051373106060606,654
3,13,330,35,0.10606060606060606,0.01704693418560606,655
27,183,330,60,0.18181818181818182,0.017019560842803032,656
13,233,330,50,0.15151515151515152,0.017012902462121213,657
36,120,330,60,0.18181818181818182,0.016999585700757575,658
21,245,330,43,0.1303030303030303,0.016994406960227273,659
21,212,330,54,0.16363636363636364,0.01698922821969697,660
9,31,330,65,0.19696969696969696,0.016984789299242423,661
30,95,330,45,0.13636363636363635,0.016980350378787878,662
18,240,330,30,0.09090909090909091,0.016953716856060605,663
2,93,330,50,0.15151515151515152,0.016898970170454546,664
12,192,330,56,0.1696969696969697,0.016830906723484848,665
22,14,330,35,0.10606060606060606,0.016817589962121213,666
4,158,330,48,0.14545454545454545,0.016810931581439394,667
8,66,330,54,0.16363636363636364,0.016739908854166666,668
12,220,330,45,0.13636363636363635,0.01673029119318182,669
8,17,330,45,0.13636363636363635,0.01669625946969697,670
8,80,330,50,0.15151515151515152,0.016682942708333332,671
8,126,330,41,0.12424242424242424,0.01662893584280303,672
9,128,330,59,0.1787878787878788,0.016509084990530304,673
9,103,330,54,0.16363636363636364,0.016505385890151516,674
20,16,330,51,0.15454545454545454,0.016447679924242425,675
5,233,330,40,0.12121212121212122,0.016434363162878787,676
24,240,330,51,0.15454545454545454,0.016341145833333334,677
4,255,330,50,0.15151515151515152,0.016293797348484847,678
36,69,330,37,0.11212121212121212,0.016247928503787878,679
33,223,330,56,0.1696969696969697,0.01624718868371212,680
16,222,330,58,0.17575757575757575,0.016199100378787877,681
14,48,330,46,0.1393939393939394,0.016185043797348486,682
10,60,330,46,0.1393939393939394,0.01618282433712121,683
30,255,330,39,0.11818181818181818,0.016179125236742423,684
37,131,330,44,0.13333333333333333,0.01617394649621212,685
9,223,330,35,0.10606060606060606,0.016160629734848483,686
31,26,330,14,0.04242424242424243,0.016157670454545456,687
6,179,330,50,0.15151515151515152,0.01615619081439394,688
20,109,330,44,0.13333333333333333,0.016153231534090907,689
39,142,330,30,0.09090909090909091,0.016138065222537877,690
18,170,330,50,0.15151515151515152,0.01612215909090909,691
38,234,330,36,0.10909090909090909,0.016107362689393938,692
5,227,330,50,0.15151515151515152,0.016098484848484848,693
17,217,330,40,0.12121212121212122,0.01603338068181818,694
33,145,330,30,0.09090909090909091,0.016028941761363637,695
27,46,330,27,0.08181818181818182,0.016028941761363637,696
26,171,330,36,0.10909090909090909,0.015994910037878788,697
32,102,330,60,0.18181818181818182,0.015986772017045455,698
3,156,330,55,0.16666666666666666,0.01598455255681818,699
33,40,330,29,0.08787878787878788,0.01596087831439394,700
9,93,330,36,0.10909090909090909,0.015959398674242425,701
14,52,330,50,0.15151515151515152,0.015950520833333332,702
26,86,330,50,0.15151515151515152,0.01594904119318182,703
16,159,330,20,0.06060606060606061,0.015947561553030305,704
38,206,330,28,0.08484848484848485,0.015925366950757577,705
18,191,330,40,0.12121212121212122,0.015913529829545456,706
4,244,330,30,0.09090909090909091,0.015910570549242425,707
28,53,330,30,0.09090909090909091,0.015904651988636363,708
26,10,330,42,0.12727272727272726,0.01585064512310606,709
5,135,330,20,0.06060606060606061,0.015812914299242423,710
38,221,330,38,0.11515151515151516,0.01581143465909091,711
33,157,330,59,0.1787878787878788,0.01578406131628788,712
34,203,330,34,0.10303030303030303,0.015775183475378787,713
15,197,330,50,0.15151515151515152,0.015743371212121212,714
27,164,330,45,0.13636363636363635,0.01572857481060606,715
20,227,330,50,0.15151515151515152,0.015727095170454546,716
5,124,330,45,0.13636363636363635,0.015727095170454546,717
5,15,330,55,0.16666666666666666,0.015701941287878787,718
1,250,330,40,0.12121212121212122,0.015697502367424242,719
8,251,330,43,0.1303030303030303,0.015647194602272728,720
27,29,330,34,0.10303030303030303,0.015647194602272728,721
9,127,330,52,0.15757575757575756,0.015636097301136364,722
17,1,330,40,0.12121212121212122,0.015629438920454545,723
14,223,330,34,0.10303030303030303,0.015611683238636364,724
23,199,330,35,0.10606060606060606,0.015607244318181819,725
13,97,330,52,0.15757575757575756,0.015589488636363636,726
1,46,330,20,0.06060606060606061,0.015583570075757575,727
22,99,330,36,0.10909090909090909,0.015556936553030302,728
7,215,330,43,0.1303030303030303,0.015549538352272727,729
11,26,330,40,0.12121212121212122,0.015545099431818182,730
16,255,330,35,0.10606060606060606,0.01552438446969697,731
15,145,330,40,0.12121212121212122,0.015518465909090909,732
29,67,330,38,0.11515151515151516,0.01551550662878788,733
14,16,330,56,0.1696969696969697,0.01542080965909091,734
8,29,330,61,0.18484848484848485,0.015417850378787878,735
36,217,330,57,0.17272727272727273,0.01539935487689394,736
32,56,330,40,0.12121212121212122,0.015390477035984848,737
29,176,330,49,0.1484848484848485,0.015387517755681817,738
36,192,330,39,0.11818181818181818,0.015358664772727272,739
16,127,330,59,0.1787878787878788,0.015348307291666667,740
27,198,330,30,0.09090909090909091,0.015306877367424242,741
18,213,330,55,0.16666666666666666,0.015250651041666667,742
38,145,330,46,0.1393939393939394,0.01523141571969697,743
23,169,330,29,0.08787878787878788,0.015229936079545455,744
28,58,330,34,0.10303030303030303,0.015213660037878787,745
2,248,330,45,0.13636363636363635,0.015175189393939394,746
35,191,330,31,0.09393939393939393,0.015157433712121212,747
2,161,330,45,0.13636363636363635,0.01513080018939394,748
9,116,330,50,0.15151515151515152,0.015117483428030303,749
27,61,330,53,0.1606060606060606,0.015111564867424243,750
19,101,330,40,0.12121212121212122,0.015105646306818182,751
30,146,330,46,0.1393939393939394,0.015102687026515151,752
1,178,330,25,0.07575757575757576,0.015089370265151515,753
36,67,330,42,0.12727272727272726,0.015052379261363637,754
34,170,330,41,0.12424242424242424,0.01500872987689394,755
12,238,330,30,0.09090909090909091,0.014973958333333334,756
18,193,330,20,0.06060606060606061,0.014973958333333334,757
13,207,330,33,0.1,0.014972478693181818,758
6,121,330,51,0.15454545454545454,0.014965080492424242,759
36,202,330,25,0.07575757575757576,0.014948804450757575,760
3,170,330,35,0.10606060606060606,0.014870383522727272,761
28,98,330,47,0.14242424242424243,0.014854107481060606,762
36,104,330,39,0.11818181818181818,0.014850408380681818,763
3,69,330,25,0.07575757575757576,0.014842270359848486,764
7,244,330,44,0.13333333333333333,0.014836351799242425,765
3,7,330,35,0.10606060606060606,0.014836351799242425,766
1,253,330,42,0.12727272727272726,0.01483487215909091,767
8,142,330,36,0.10909090909090909,0.014825994318181818,768
25,93,330,25,0.07575757575757576,0.014818596117424242,769
4,65,330,35,0.10606060606060606,0.014796401515151516,770
15,89,330,49,0.1484848484848485,0.014786044034090909,771
39,165,330,34,0.10303030303030303,0.014771247632575757,772
6,98,330,43,0.1303030303030303,0.014769767992424243,773
28,195,330,46,0.1393939393939394,0.01473055752840909,774
7,208,330,52,0.15757575757575756,0.014703184185606061,775
11,6,330,43,0.1303030303030303,0.01469430634469697,776
34,244,330,46,0.1393939393939394,0.014674331202651516,777
26,121,330,49,0.1484848484848485,0.01466027462121212,778
30,147,330,50,0.15151515151515152,0.014652876420454545,779
27,202,330,36,0.10909090909090909,0.014645478219696969,780
29,38,330,19,0.05757575757575758,0.014643998579545455,781
11,186,330,41,0.12424242424242424,0.014615885416666667,782
29,29,330,51,0.15454545454545454,0.014599609375,783
5,96,330,43,0.1303030303030303,0.014595170454545454,784
6,190,330,50,0.15151515151515152,0.014558179450757576,785
26,237,330,28,0.08484848484848485,0.014549301609848485,786
26,199,330,59,0.1787878787878788,0.014541903409090909,787
31,66,330,50,0.15151515151515152,0.014537464488636364,788
39,232,330,28,0.08484848484848485,0.014530066287878788,789
3,159,330,30,0.09090909090909091,0.014515269886363636,790
9,67,330,55,0.16666666666666666,0.014494554924242424,791
33,226,330,43,0.1303030303030303,0.01448049834280303,792
16,91,330,52,0.15757575757575756,0.014445726799242425,793
34,69,330,30,0.09090909090909091,0.01441021543560606,794
14,110,330,51,0.15454545454545454,0.014385061553030303,795
21,110,330,35,0.10606060606060606,0.014348070549242425,796
10,42,330,50,0.15151515151515152,0.014343631628787878,797
37,248,330,41,0.12424242424242424,0.014337713068181818,798
12,92,330,33,0.1,0.014314778645833333,799
29,36,330,37,0.11212121212121212,0.014271129261363636,800
29,146,330,31,0.09393939393939393,0.01426964962121212,801
16,221,330,20,0.06060606060606061,0.01426964962121212,802
18,110,330,50,0.15151515151515152,0.01425485321969697,803
39,250,330,35,0.10606060606060606,0.014204545454545454,804
23,175,330,34,0.10303030303030303,0.014197147253787878,805
13,150,330,45,0.13636363636363635,0.014169034090909092,806
33,58,330,54,0.16363636363636364,0.014163855350378788,807
6,130,330,52,0.15757575757575756,0.014162375710227272,808
34,253,330,17,0.051515151515151514,0.014106889204545454,809
28,24,330,14,0.04242424242424243,0.014103929924242425,810
34,173,330,37,0.11212121212121212,0.01409579190340909,811
4,13,330,37,0.11212121212121212,0.014081735321969697,812
28,247,330,46,0.1393939393939394,0.0140380859375,813
25,196,330,48,0.14545454545454545,0.01396484375,814
26,111,330,42,0.12727272727272726,0.013954486268939394,815
10,10,330,25,0.07575757575757576,0.013879024621212122,816
31,120,330,30,0.09090909090909091,0.013868667140151515,817
38,37,330,48,0.14545454545454545,0.013863488399621211,818
11,183,330,42,0.12727272727272726,0.013859789299242425,819
34,240,330,49,0.1484848484848485,0.01385165127840909,820
3,165,330,50,0.15151515151515152,0.013839074337121213,821
22,161,330,31,0.09393939393939393,0.013837594696969697,822
18,115,330,48,0.14545454545454545,0.013811700994318181,823
23,74,330,37,0.11212121212121212,0.013803562973484848,824
4,18,330,30,0.09090909090909091,0.013802083333333333,825
23,145,330,35,0.10606060606060606,0.013793205492424243,826
19,186,330,60,0.18181818181818182,0.013791725852272728,827
20,144,330,31,0.09393939393939393,0.01378136837121212,828
30,117,330,54,0.16363636363636364,0.013758433948863636,829
30,196,330,53,0.1606060606060606,0.013739198626893939,830
12,49,330,39,0.11818181818181818,0.013726621685606061,831
27,166,330,25,0.07575757575757576,0.013725142045454546,832
22,221,330,34,0.10303030303030303,0.013710345643939394,833
39,242,330,28,0.08484848484848485,0.013705906723484849,834
29,17,330,47,0.14242424242424243,0.013698508522727273,835
8,197,330,38,0.11515151515151516,0.01367779356060606,836
31,151,330,33,0.1,0.013673354640151516,837
36,180,330,42,0.12727272727272726,0.013656338778409091,838
22,91,330,36,0.10909090909090909,0.013655598958333333,839
23,209,330,41,0.12424242424242424,0.013654119318181819,840
23,188,330,36,0.10909090909090909,0.013642282196969696,841
36,70,330,35,0.10606060606060606,0.013604551373106061,842
39,65,330,55,0.16666666666666666,0.01357421875,843
34,169,330,58,0.17575757575757575,0.013567560369318181,844
16,140,330,45,0.13636363636363635,0.013563861268939393,845
11,122,330,50,0.15151515151515152,0.013552024147727272,846
11,29,330,44,0.13333333333333333,0.013541666666666667,847
36,246,330,42,0.12727272727272726,0.01352243134469697,848
34,247,330,53,0.1606060606060606,0.01351651278409091,849
36,16,330,28,0.08484848484848485,0.0134765625,850
14,21,330,45,0.13636363636363635,0.013464725378787878,851
36,138,330,49,0.1484848484848485,0.0134521484375,852
33,201,330,55,0.16666666666666666,0.013428474195075757,853
2,235,330,46,0.1393939393939394,0.013412937973484848,854
14,107,330,40,0.12121212121212122,0.013409978693181819,855
5,117,330,30,0.09090909090909091,0.013409978693181819,856
10,70,330,40,0.12121212121212122,0.013395182291666667,857
37,180,330,38,0.11515151515151516,0.01337890625,858
17,17,330,57,0.17272727272727273,0.013378166429924242,859
32,237,330,47,0.14242424242424243,0.013376686789772727,860
13,4,330,25,0.07575757575757576,0.013374467329545454,861
21,121,330,26,0.07878787878787878,0.013365589488636363,862
10,210,330,42,0.12727272727272726,0.013328598484848485,863
38,100,330,43,0.1303030303030303,0.01331750118371212,864
27,186,330,46,0.1393939393939394,0.013312322443181817,865
1,252,330,30,0.09090909090909091,0.013306403882575757,866
19,136,330,40,0.12121212121212122,0.013253136837121211,867
2,246,330,45,0.13636363636363635,0.013219105113636364,868
9,107,330,25,0.07575757575757576,0.013207267992424242,869
17,147,330,35,0.10606060606060606,0.013194691051136364,870
26,166,330,34,0.10303030303030303,0.013188032670454545,871
30,84,330,59,0.1787878787878788,0.013186553030303031,872
23,212,330,48,0.14545454545454545,0.013170276988636364,873
7,101,330,37,0.11212121212121212,0.013114050662878789,874
37,97,330,53,0.1606060606060606,0.013089636600378788,875
27,215,330,43,0.1303030303030303,0.01304006865530303,876
24,173,330,20,0.06060606060606061,0.013038589015151515,877
6,91,330,50,0.15151515151515152,0.013020093513257575,878
36,52,330,17,0.051515151515151514,0.013013435132575758,879
33,91,330,20,0.06060606060606061,0.012999378551136363,880
7,252,330,35,0.10606060606060606,0.012998638731060606,881
34,56,330,37,0.11212121212121212,0.012996419270833334,882
38,216,330,45,0.13636363636363635,0.01299124053030303,883
32,63,330,38,0.11515151515151516,0.012940932765151516,884
10,95,330,46,0.1393939393939394,0.012923177083333333,885
19,227,330,29,0.08787878787878788,0.012923177083333333,886
25,105,330,37,0.11212121212121212,0.012906901041666667,887
15,220,330,45,0.13636363636363635,0.012905421401515151,888
36,164,330,30,0.09090909090909091,0.01289950284090909,889
34,30,330,41,0.12424242424242424,0.012874348958333334,890
36,207,330,44,0.13333333333333333,0.012828480113636364,891
15,57,330,40,0.12121212121212122,0.012824041193181817,892
12,246,330,41,0.12424242424242424,0.01280480587121212,893
17,204,330,40,0.12121212121212122,0.01279000946969697,894
6,217,330,35,0.10606060606060606,0.012782611268939394,895
39,176,330,31,0.09393939393939393,0.012773733428030303,896
28,43,330,19,0.05757575757575758,0.012769294507575758,897
13,13,330,39,0.11818181818181818,0.012717507102272728,898
12,24,330,42,0.12727272727272726,0.01270123106060606,899
2,185,330,42,0.12727272727272726,0.012699751420454545,900
30,109,330,35,0.10606060606060606,0.012690873579545455,901
13,199,330,40,0.12121212121212122,0.012670158617424243,902
39,23,330,25,0.07575757575757576,0.012656841856060606,903
9,26,330,50,0.15151515151515152,0.012628728693181818,904
39,3,330,35,0.10606060606060606,0.0126220703125,905
22,106,330,38,0.11515151515151516,0.012613932291666666,906
29,227,330,42,0.12727272727272726,0.012612452651515152,907
19,216,330,25,0.07575757575757576,0.012610973011363637,908
10,231,330,40,0.12121212121212122,0.012593217329545454,909
35,61,330,31,0.09393939393939393,0.012568063446969696,910
6,53,330,34,0.10303030303030303,0.012535511363636363,911
18,199,330,43,0.1303030303030303,0.012525153882575758,912
5,184,330,37,0.11212121212121212,0.012523674242424242,913
23,185,330,25,0.07575757575757576,0.012523674242424242,914
22,238,330,20,0.06060606060606061,0.012517755681818182,915
33,146,330,31,0.09393939393939393,0.012513316761363637,916
33,125,330,47,0.14242424242424243,0.012460789535984848,917
20,197,330,36,0.10909090909090909,0.012454131155303031,918
38,56,330,30,0.09090909090909091,0.012454131155303031,919
29,5,330,24,0.07272727272727272,0.012434895833333333,920
20,165,330,20,0.06060606060606061,0.01240234375,921
35,87,330,35,0.10606060606060606,0.01235055634469697,922
20,133,330,29,0.08787878787878788,0.012346117424242424,923
30,52,330,34,0.10303030303030303,0.012340198863636364,924
18,187,330,35,0.10606060606060606,0.01231060606060606,925
11,32,330,36,0.10909090909090909,0.012309126420454546,926
26,44,330,27,0.08181818181818182,0.012281013257575758,927
1,146,330,15,0.045454545454545456,0.012276574337121211,928
38,246,330,46,0.1393939393939394,0.012275834517045454,929
14,2,330,40,0.12121212121212122,0.012275094696969698,930
17,84,330,38,0.11515151515151516,0.012190015388257576,931
5,158,330,47,0.14242424242424243,0.012175958806818182,932
1,17,330,35,0.10606060606060606,0.012159682765151515,933
5,55,330,37,0.11212121212121212,0.012156723484848486,934
22,235,330,41,0.12424242424242424,0.012136008522727273,935
38,49,330,47,0.14242424242424243,0.012135268702651514,936
35,50,330,33,0.1,0.012125651041666666,937
34,33,330,26,0.07878787878787878,0.01211233428030303,938
12,171,330,45,0.13636363636363635,0.012076822916666667,939
3,35,330,35,0.10606060606060606,0.012033913352272727,940
22,16,330,42,0.12727272727272726,0.012024295691287878,941
32,111,330,31,0.09393939393939393,0.01200875946969697,942
8,55,330,33,0.1,0.011993963068181818,943
26,49,330,23,0.0696969696969697,0.011991003787878788,944
17,96,330,38,0.11515151515151516,0.011955492424242424,945
17,242,330,35,0.10606060606060606,0.011912582859848486,946
24,135,330,42,0.12727272727272726,0.011881510416666666,947
11,138,330,38,0.11515151515151516,0.011869673295454545,948
34,145,330,27,0.08181818181818182,0.011860795454545454,949
5,232,330,46,0.1393939393939394,0.011838600852272728,950
10,8,330,34,0.10303030303030303,0.011783854166666666,951
1,188,330,35,0.10606060606060606,0.011767578125,952
30,56,330,21,0.06363636363636363,0.011766098484848485,953
4,82,330,32,0.09696969696969697,0.011749822443181818,954
2,89,330,38,0.11515151515151516,0.011711351799242424,955
26,174,330,25,0.07575757575757576,0.011696555397727272,956
27,81,330,20,0.06060606060606061,0.011686197916666667,957
3,218,330,45,0.13636363636363635,0.011681758996212122,958
19,41,330,36,0.10909090909090909,0.011647727272727273,959
39,137,330,26,0.07878787878787878,0.011638849431818182,960
15,82,330,45,0.13636363636363635,0.01160851680871212,961
8,115,330,30,0.09090909090909091,0.011597419507575757,962
34,166,330,22,0.06666666666666667,0.011592980587121212,963
27,28,330,40,0.12121212121212122,0.011588541666666667,964
24,158,330,25,0.07575757575757576,0.011579663825757576,965
15,95,330,32,0.09696969696969697,0.011557469223484848,966
25,238,330,39,0.11818181818181818,0.011536754261363637,967
7,199,330,30,0.09090909090909091,0.011521957859848485,968
7,117,330,15,0.045454545454545456,0.011511600378787878,969
25,72,330,41,0.12424242424242424,0.011453894412878788,970
5,140,330,40,0.12121212121212122,0.011451674952651515,971
18,47,330,30,0.09090909090909091,0.011440577651515151,972
2,222,330,35,0.10606060606060606,0.011427260890151515,973
39,77,330,35,0.10606060606060606,0.011415793678977272,974
4,163,330,26,0.07878787878787878,0.011353278882575757,975
21,109,330,24,0.07272727272727272,0.011351799242424243,976
17,173,330,36,0.10909090909090909,0.011350319602272728,977
3,251,330,39,0.11818181818181818,0.011345880681818183,978
39,241,330,32,0.09696969696969697,0.011336263020833333,979
9,144,330,32,0.09696969696969697,0.011304450757575758,980
36,114,330,26,0.07878787878787878,0.011298532196969698,981
31,36,330,21,0.06363636363636363,0.011281516335227273,982
36,141,330,15,0.045454545454545456,0.011263020833333333,983
7,60,330,43,0.1303030303030303,0.011254142992424242,984
14,82,330,40,0.12121212121212122,0.01124230587121212,985
33,229,330,24,0.07272727272727272,0.011233428030303031,986
21,114,330,39,0.11818181818181818,0.011231948390151516,987
27,203,330,30,0.09090909090909091,0.011223070549242424,988
11,213,330,33,0.1,0.011206794507575758,989
21,204,330,29,0.08787878787878788,0.011203835227272727,990
7,26,330,37,0.11212121212121212,0.011196437026515151,991
28,72,330,29,0.08787878787878788,0.011194957386363636,992
33,90,330,31,0.09393939393939393,0.011189778645833334,993
8,132,330,20,0.06060606060606061,0.011189038825757575,994
4,160,330,40,0.12121212121212122,0.011175722064393939,995
31,112,330,26,0.07878787878787878,0.011150568181818182,996
28,42,330,38,0.11515151515151516,0.01114834872159091,997
30,6,330,34,0.10303030303030303,0.011140950520833333,998
1,206,330,15,0.045454545454545456,0.011119495738636364,999
5,20,330,29,0.08787878787878788,0.01108102509469697,1000
22,60,330,25,0.07575757575757576,0.01108102509469697,1001
35,62,330,20,0.06060606060606061,0.011057350852272727,1002
28,251,330,32,0.09696969696969697,0.011052911931818182,1003
8,190,330,35,0.10606060606060606,0.011051432291666666,1004
10,59,330,39,0.11818181818181818,0.011036635890151514,1005
17,174,330,50,0.15151515151515152,0.011017400568181818,1006
32,12,330,25,0.07575757575757576,0.011011482007575757,1007
15,23,330,44,0.13333333333333333,0.010983368844696969,1008
15,184,330,36,0.10909090909090909,0.010962653882575758,1009
7,114,330,22,0.06666666666666667,0.010958214962121212,1010
13,219,330,36,0.10909090909090909,0.010931581439393939,1011
30,169,330,19,0.05757575757575758,0.010916785037878789,1012
6,97,330,30,0.09090909090909091,0.010900508996212121,1013
18,229,330,44,0.13333333333333333,0.010867217092803031,1014
21,141,330,40,0.12121212121212122,0.01084280303030303,1015
6,216,330,45,0.13636363636363635,0.010822088068181818,1016
19,130,330,25,0.07575757575757576,0.010798413825757575,1017
25,224,330,40,0.12121212121212122,0.010791015625,1018
11,66,330,44,0.13333333333333333,0.010768821022727273,1019
35,159,330,48,0.14545454545454545,0.01076364228219697,1020
1,115,330,26,0.07878787878787878,0.010751065340909092,1021
3,230,330,40,0.12121212121212122,0.010740707859848484,1022
20,22,330,30,0.09090909090909091,0.010721472537878788,1023
38,115,330,39,0.11818181818181818,0.010711115056818182,1024
36,195,330,41,0.12424242424242424,0.01070889559659091,1025
32,52,330,33,0.1,0.010705196496212122,1026
30,113,330,41,0.12424242424242424,0.01070223721590909,1027
22,146,330,33,0.1,0.01070223721590909,1028
25,49,330,30,0.09090909090909091,0.010700757575757575,1029
4,209,330,29,0.08787878787878788,0.010699277935606061,1030
15,196,330,45,0.13636363636363635,0.010685961174242425,1031
23,63,330,26,0.07878787878787878,0.01068448153409091,1032
9,64,330,43,0.1303030303030303,0.010683001893939394,1033
20,247,330,34,0.10303030303030303,0.010679302793560606,1034
28,215,330,41,0.12424242424242424,0.010667465672348485,1035
34,138,330,39,0.11818181818181818,0.010651929450757576,1036
4,149,330,20,0.06060606060606061,0.010620857007575757,1037
25,209,330,25,0.07575757575757576,0.010617897727272728,1038
32,229,330,15,0.045454545454545456,0.010594223484848484,1039
34,199,330,44,0.13333333333333333,0.01058682528409091,1040
11,74,330,33,0.1,0.01054983428030303,1041
31,110,330,34,0.10303030303030303,0.0105224609375,1042
26,230,330,36,0.10909090909090909,0.010464015151515151,1043
25,226,330,36,0.10909090909090909,0.01045809659090909,1044
29,245,330,42,0.12727272727272726,0.0104248046875,1045
1,204,330,25,0.07575757575757576,0.010413707386363637,1046
11,30,330,32,0.09696969696969697,0.01040926846590909,1047
23,159,330,31,0.09393939393939393,0.01040630918560606,1048
4,19,330,30,0.09090909090909091,0.010382634943181817,1049
7,254,330,25,0.07575757575757576,0.010378196022727272,1050
12,55,330,33,0.1,0.010358960700757576,1051
3,242,330,5,0.015151515151515152,0.01035748106060606,1052
28,200,330,28,0.08484848484848485,0.01035452178030303,1053
35,101,330,29,0.08787878787878788,0.010340465198863636,1054
37,124,330,28,0.08484848484848485,0.010333806818181818,1055
29,77,330,31,0.09393939393939393,0.010332327178030303,1056
39,115,330,39,0.11818181818181818,0.0103271484375,1057
3,164,330,35,0.10606060606060606,0.010319010416666666,1058
2,225,330,33,0.1,0.010313091856060606,1059
11,16,330,15,0.045454545454545456,0.010292376893939394,1060
19,39,330,43,0.1303030303030303,0.010280539772727273,1061
11,251,330,28,0.08484848484848485,0.010280539772727273,1062
18,67,330,32,0.09696969696969697,0.010271661931818181,1063
4,229,330,35,0.10606060606060606,0.010268702651515152,1064
4,79,330,30,0.09090909090909091,0.010224313446969696,1065
36,154,330,28,0.08484848484848485,0.010206557765151515,1066
3,250,330,15,0.045454545454545456,0.010191761363636363,1067
5,38,330,25,0.07575757575757576,0.010187322443181818,1068
9,193,330,33,0.1,0.010169566761363637,1069
20,35,330,33,0.1,0.010154770359848485,1070
15,116,330,38,0.11515151515151516,0.010100023674242424,1071
11,195,330,35,0.10606060606060606,0.010100023674242424,1072
20,187,330,20,0.06060606060606061,0.010100023674242424,1073
19,64,330,23,0.0696969696969697,0.010092625473484848,1074
16,226,330,39,0.11818181818181818,0.010091145833333334,1075
1,71,330,25,0.07575757575757576,0.010088186553030303,1076
22,25,330,22,0.06666666666666667,0.01008596709280303,1077
34,110,330,22,0.06666666666666667,0.01005859375,1078
8,69,330,28,0.08484848484848485,0.010052675189393939,1079
36,23,330,33,0.1,0.01004971590909091,1080
15,251,330,45,0.13636363636363635,0.010042317708333333,1081
25,13,330,30,0.09090909090909091,0.010039358428030304,1082
3,86,330,15,0.045454545454545456,0.009984611742424243,1083
1,124,330,20,0.06060606060606061,0.00996981534090909,1084
37,44,330,35,0.10606060606060606,0.00990915009469697,1085
31,157,330,19,0.05757575757575758,0.009903231534090909,1086
35,42,330,30,0.09090909090909091,0.009901751893939393,1087
8,58,330,25,0.07575757575757576,0.009895833333333333,1088
38,64,330,19,0.05757575757575758,0.009891394412878788,1089
31,29,330,21,0.06363636363636363,0.009885475852272728,1090
26,187,330,31,0.09393939393939393,0.009882516571969696,1091
16,176,330,31,0.09393939393939393,0.00988177675189394,1092
36,247,330,26,0.07878787878787878,0.009870679450757576,1093
6,57,330,39,0.11818181818181818,0.009867720170454546,1094
23,18,330,30,0.09090909090909091,0.009849224668560606,1095
36,142,330,21,0.06363636363636363,0.009826290246212122,1096
5,210,330,30,0.09090909090909091,0.009810014204545454,1097
39,1,330,42,0.12727272727272726,0.009798177083333333,1098
30,226,330,25,0.07575757575757576,0.009786339962121212,1099
4,202,330,12,0.03636363636363636,0.009781901041666667,1100
18,86,330,24,0.07272727272727272,0.009780421401515152,1101
24,208,330,33,0.1,0.009747869318181819,1102
18,78,330,25,0.07575757575757576,0.00971975615530303,1103
13,144,330,20,0.06060606060606061,0.00971383759469697,1104
39,93,330,37,0.11212121212121212,0.009703480113636363,1105
28,86,330,19,0.05757575757575758,0.009678326231060606,1106
27,220,330,18,0.05454545454545454,0.00966796875,1107
14,184,330,22,0.06666666666666667,0.009666489109848485,1108
25,201,330,24,0.07272727272727272,0.009654651988636364,1109
6,150,330,23,0.0696969696969697,0.009647253787878788,1110
27,179,330,35,0.10606060606060606,0.009634676846590908,1111
3,204,330,30,0.09090909090909091,0.009632457386363636,1112
21,118,330,28,0.08484848484848485,0.009619140625,1113
15,97,330,34,0.10303030303030303,0.00961618134469697,1114
21,108,330,20,0.06060606060606061,0.009604344223484848,1115
23,225,330,20,0.06060606060606061,0.009601384943181818,1116
25,236,330,38,0.11515151515151516,0.009592507102272727,1117
15,243,330,35,0.10606060606060606,0.009582889441287878,1118
32,180,330,38,0.11515151515151516,0.009582149621212122,1119
32,37,330,20,0.06060606060606061,0.009549597537878788,1120
22,132,330,31,0.09393939393939393,0.009534801136363636,1121
26,136,330,30,0.09090909090909091,0.009531841856060605,1122
3,65,330,29,0.08787878787878788,0.00951556581439394,1123
28,34,330,39,0.11818181818181818,0.009510387073863636,1124
31,217,330,26,0.07878787878787878,0.009493371212121212,1125
31,174,330,31,0.09393939393939393,0.009492631392045455,1126
35,94,330,16,0.048484848484848485,0.009485973011363636,1127
36,0,330,34,0.10303030303030303,0.009482273910984848,1128
28,65,330,41,0.12424242424242424,0.00948153409090909,1129
20,23,330,34,0.10303030303030303,0.009474135890151515,1130
29,151,330,31,0.09393939393939393,0.009471176609848486,1131
2,197,330,15,0.045454545454545456,0.009466737689393939,1132
6,255,330,30,0.09090909090909091,0.009448982007575758,1133
36,31,330,30,0.09090909090909091,0.009446022727272727,1134
1,215,330,38,0.11515151515151516,0.009437144886363637,1135
9,244,330,30,0.09090909090909091,0.00942974668560606,1136
34,191,330,35,0.10606060606060606,0.009416429924242424,1137
25,231,330,24,0.07272727272727272,0.009400153882575757,1138
25,254,330,24,0.07272727272727272,0.009400153882575757,1139
24,108,330,20,0.06060606060606061,0.009389796401515152,1140
27,10,330,32,0.09696969696969697,0.009383877840909091,1141
19,40,330,25,0.07575757575757576,0.009361683238636363,1142
24,147,330,15,0.045454545454545456,0.009354285037878787,1143
27,187,330,35,0.10606060606060606,0.009352805397727273,1144
24,87,330,23,0.0696969696969697,0.009352805397727273,1145
38,116,330,36,0.10909090909090909,0.009349846117424242,1146
24,249,330,25,0.07575757575757576,0.009342447916666666,1147
28,47,330,27,0.08181818181818182,0.009335789535984849,1148
38,151,330,27,0.08181818181818182,0.009327651515151514,1149
23,23,330,25,0.07575757575757576,0.00932321259469697,1150
19,156,330,25,0.07575757575757576,0.009274384469696969,1151
2,228,330,30,0.09090909090909091,0.009272904829545455,1152
9,195,330,20,0.06060606060606061,0.009253669507575758,1153
39,83,330,20,0.06060606060606061,0.009253669507575758,1154
24,34,330,32,0.09696969696969697,0.009250710227272727,1155
10,105,330,37,0.11212121212121212,0.009244791666666667,1156
15,81,330,30,0.09090909090909091,0.009244791666666667,1157
3,97,330,29,0.08787878787878788,0.009236653645833334,1158
6,4,330,27,0.08181818181818182,0.009228515625,1159
13,51,330,36,0.10909090909090909,0.00918560606060606,1160
24,69,330,32,0.09696969696969697,0.00918560606060606,1161
39,228,330,29,0.08787878787878788,0.00918264678030303,1162
27,66,330,28,0.08484848484848485,0.009175248579545454,1163
21,127,330,34,0.10303030303030303,0.009170069839015152,1164
19,190,330,32,0.09696969696969697,0.009169330018939393,1165
13,107,330,43,0.1303030303030303,0.009150094696969696,1166
20,208,330,25,0.07575757575757576,0.00912198153409091,1167
9,202,330,27,0.08181818181818182,0.009111624053030303,1168
19,144,330,29,0.08787878787878788,0.009110144412878787,1169
30,79,330,23,0.0696969696969697,0.009110144412878787,1170
37,41,330,33,0.1,0.00910940459280303,1171
29,150,330,32,0.09696969696969697,0.009087209990530302,1172
26,75,330,25,0.07575757575757576,0.009080551609848485,1173
37,194,330,25,0.07575757575757576,0.009074633049242425,1174
17,139,330,25,0.07575757575757576,0.009070933948863637,1175
12,182,330,27,0.08181818181818182,0.009049479166666667,1176
35,249,330,25,0.07575757575757576,0.009033203125,1177
30,148,330,25,0.07575757575757576,0.009022845643939395,1178
3,112,330,20,0.06060606060606061,0.009009528882575758,1179
19,174,330,20,0.06060606060606061,0.008996212121212122,1180
29,48,330,34,0.10303030303030303,0.008988813920454546,1181
26,45,330,20,0.06060606060606061,0.008985854640151515,1182
29,209,330,20,0.06060606060606061,0.008971058238636363,1183
34,160,330,33,0.1,0.00896883877840909,1184
11,194,330,26,0.07878787878787878,0.008966619318181818,1185
3,184,330,33,0.1,0.008953302556818182,1186
11,145,330,23,0.0696969696969697,0.008948863636363637,1187
18,3,330,40,0.12121212121212122,0.00892962831439394,1188
21,16,330,22,0.06666666666666667,0.008917791193181817,1189
37,197,330,25,0.07575757575757576,0.008913352272727272,1190
2,130,330,30,0.09090909090909091,0.008901515151515152,1191
38,121,330,25,0.07575757575757576,0.008888198390151515,1192
35,231,330,37,0.11212121212121212,0.008855646306818182,1193
18,212,330,35,0.10606060606060606,0.008848987926136363,1194
3,147,330,15,0.045454545454545456,0.008815696022727273,1195
6,1,330,24,0.07272727272727272,0.008811257102272728,1196
27,230,330,15,0.045454545454545456,0.008811257102272728,1197
15,198,330,30,0.09090909090909091,0.008806818181818181,1198
7,224,330,15,0.045454545454545456,0.008803858901515152,1199
35,142,330,40,0.12121212121212122,0.008786843039772728,1200
18,183,330,40,0.12121212121212122,0.008778705018939395,1201
38,198,330,32,0.09696969696969697,0.008773526278409091,1202
11,27,330,34,0.10303030303030303,0.008768347537878788,1203
18,139,330,25,0.07575757575757576,0.008752071496212122,1204
37,208,330,25,0.07575757575757576,0.008750591856060606,1205
34,77,330,25,0.07575757575757576,0.008747632575757575,1206
18,88,330,27,0.08181818181818182,0.008741714015151515,1207
38,81,330,28,0.08484848484848485,0.00873727509469697,1208
19,198,330,31,0.09393939393939393,0.008735795454545454,1209
5,113,330,30,0.09090909090909091,0.008732836174242425,1210
2,121,330,20,0.06060606060606061,0.008728397253787878,1211
14,36,330,11,0.03333333333333333,0.008698804450757576,1212
23,93,330,33,0.1,0.008689186789772728,1213
39,19,330,29,0.08787878787878788,0.008686227509469697,1214
23,44,330,25,0.07575757575757576,0.008681048768939393,1215
22,164,330,33,0.1,0.00867882930871212,1216
18,169,330,17,0.051515151515151514,0.008676609848484848,1217
8,27,330,13,0.03939393939393939,0.008670691287878788,1218
13,79,330,20,0.06060606060606061,0.008666252367424243,1219
12,138,330,35,0.10606060606060606,0.00865441524621212,1220
24,243,330,29,0.08787878787878788,0.008652935606060607,1221
26,87,330,37,0.11212121212121212,0.00863961884469697,1222
18,57,330,20,0.06060606060606061,0.008620383522727273,1223
23,76,330,20,0.06060606060606061,0.008620383522727273,1224
35,165,330,26,0.07878787878787878,0.00859079071969697,1225
14,251,330,30,0.09090909090909091,0.008581912878787878,1226
2,176,330,30,0.09090909090909091,0.008575994318181818,1227
22,151,330,20,0.06060606060606061,0.008574514678030304,1228
26,147,330,18,0.05454545454545454,0.008570075757575757,1229
38,196,330,35,0.10606060606060606,0.008567116477272728,1230
38,133,330,32,0.09696969696969697,0.008558238636363636,1231
21,163,330,43,0.1303030303030303,0.00855084043560606,1232
21,202,330,23,0.0696969696969697,0.00853900331439394,1233
29,215,330,20,0.06060606060606061,0.008527166193181819,1234
37,125,330,30,0.09090909090909091,0.008521247632575758,1235
39,231,330,19,0.05757575757575758,0.008497573390151515,1236
1,168,330,27,0.08181818181818182,0.008491654829545454,1237
3,15,330,5,0.015151515151515152,0.00848721590909091,1238
35,58,330,31,0.09393939393939393,0.008484256628787878,1239
38,83,330,21,0.06363636363636363,0.008482776988636363,1240
1,196,330,25,0.07575757575757576,0.008478338068181818,1241
30,18,330,36,0.10909090909090909,0.008469460227272727,1242
32,5,330,38,0.11515151515151516,0.008467240767045454,1243
34,246,330,30,0.09090909090909091,0.008465021306818182,1244
29,152,330,32,0.09696969696969697,0.008451704545454545,1245
33,93,330,25,0.07575757575757576,0.008439127604166667,1246
22,68,330,28,0.08484848484848485,0.008429509943181817,1247
14,38,330,30,0.09090909090909091,0.008428030303030304,1248
1,105,330,30,0.09090909090909091,0.00841027462121212,1249
22,120,330,25,0.07575757575757576,0.00839547821969697,1250
27,162,330,10,0.030303030303030304,0.00839251893939394,1251
2,83,330,25,0.07575757575757576,0.008377722537878787,1252
10,255,330,22,0.06666666666666667,0.008362186316287878,1253
2,35,330,25,0.07575757575757576,0.008354048295454546,1254
30,0,330,19,0.05757575757575758,0.008343690814393939,1255
30,189,330,21,0.06363636363636363,0.008334812973484849,1256
33,103,330,17,0.051515151515151514,0.008329634232954545,1257
25,215,330,14,0.04242424242424243,0.008327414772727273,1258
27,100,330,14,0.04242424242424243,0.008324455492424242,1259
11,173,330,29,0.08787878787878788,0.008305220170454545,1260
35,83,330,28,0.08484848484848485,0.008301521070075757,1261
27,62,330,20,0.06060606060606061,0.008287464488636364,1262
39,123,330,46,0.1393939393939394,0.00828228574810606,1263
18,41,330,30,0.09090909090909091,0.008281545928030303,1264
26,250,330,20,0.06060606060606061,0.008278586647727272,1265
13,117,330,18,0.05454545454545454,0.008274147727272727,1266
14,13,330,29,0.08787878787878788,0.008240116003787878,1267
34,92,330,15,0.045454545454545456,0.008228278882575758,1268
30,230,330,30,0.09090909090909091,0.008223839962121213,1269
24,52,330,27,0.08181818181818182,0.008217921401515152,1270
15,127,330,24,0.07272727272727272,0.00821200284090909,1271
25,96,330,24,0.07272727272727272,0.00820016571969697,1272
22,77,330,25,0.07575757575757576,0.008180930397727272,1273
38,134,330,21,0.06363636363636363,0.008176491477272728,1274
36,221,330,29,0.08787878787878788,0.008174272017045455,1275
3,190,330,10,0.030303030303030304,0.008173532196969696,1276
11,177,330,26,0.07878787878787878,0.008170572916666667,1277
14,41,330,36,0.10909090909090909,0.00816687381628788,1278
2,220,330,28,0.08484848484848485,0.008163174715909091,1279
37,54,330,26,0.07878787878787878,0.00814837831439394,1280
21,7,330,25,0.07575757575757576,0.008133581912878787,1281
13,49,330,24,0.07272727272727272,0.008133581912878787,1282
7,169,330,19,0.05757575757575758,0.008126183712121211,1283
22,50,330,35,0.10606060606060606,0.008117305871212122,1284
20,125,330,24,0.07272727272727272,0.00810250946969697,1285
33,212,330,24,0.07272727272727272,0.008099550189393939,1286
12,102,330,24,0.07272727272727272,0.008084753787878788,1287
4,1,330,24,0.07272727272727272,0.008072916666666667,1288
38,204,330,15,0.045454545454545456,0.008064038825757576,1289
30,48,330,24,0.07272727272727272,0.008047762784090908,1290
37,115,330,17,0.051515151515151514,0.008046283143939395,1291
35,21,330,19,0.05757575757575758,0.00804406368371212,1292
25,204,330,25,0.07575757575757576,0.008038884943181819,1293
13,77,330,28,0.08484848484848485,0.008031486742424243,1294
25,250,330,30,0.09090909090909091,0.008025568181818182,1295
31,107,330,28,0.08484848484848485,0.008022608901515151,1296
14,198,330,32,0.09696969696969697,0.008021129261363636,1297
31,169,330,33,0.1,0.007985617897727273,1298
6,106,330,34,0.10303030303030303,0.007984878077651514,1299
39,26,330,29,0.08787878787878788,0.007981178977272727,1300
23,14,330,23,0.0696969696969697,0.007960464015151516,1301
37,46,330,30,0.09090909090909091,0.007945667613636364,1302
29,224,330,23,0.0696969696969697,0.007932350852272728,1303
38,240,330,15,0.045454545454545456,0.007932350852272728,1304
12,6,330,15,0.045454545454545456,0.00791607481060606,1305
3,80,330,20,0.06060606060606061,0.007908676609848484,1306
21,63,330,26,0.07878787878787878,0.00790423768939394,1307
5,166,330,28,0.08484848484848485,0.007895359848484848,1308
35,32,330,16,0.048484848484848485,0.007883522727272727,1309
16,150,330,28,0.08484848484848485,0.007871685606060606,1310
4,247,330,21,0.06363636363636363,0.007867246685606061,1311
8,220,330,37,0.11212121212121212,0.007865767045454546,1312
36,50,330,22,0.06666666666666667,0.00786428740530303,1313
39,71,330,28,0.08484848484848485,0.007861328125,1314
26,227,330,31,0.09393939393939393,0.007845052083333333,1315
36,22,330,10,0.030303030303030304,0.007845052083333333,1316
22,185,330,25,0.07575757575757576,0.007836174242424242,1317
37,175,330,19,0.05757575757575758,0.007828776041666667,1318
1,110,330,25,0.07575757575757576,0.007827296401515152,1319
27,246,330,28,0.08484848484848485,0.007821377840909092,1320
36,2,330,19,0.05757575757575758,0.007819898200757576,1321
37,104,330,19,0.05757575757575758,0.007819158380681817,1322
11,164,330,25,0.07575757575757576,0.007796223958333333,1323
26,161,330,24,0.07272727272727272,0.007790305397727273,1324
21,105,330,23,0.0696969696969697,0.0077814275568181815,1325
38,171,330,21,0.06363636363636363,0.007778468276515151,1326
7,29,330,26,0.07878787878787878,0.007776248816287879,1327
20,124,330,23,0.0696969696969697,0.007775508996212121,1328
30,249,330,28,0.08484848484848485,0.007765151515151515,1329
29,200,330,34,0.10303030303030303,0.007744436553030303,1330
37,217,330,30,0.09090909090909091,0.007743696732954546,1331
18,206,330,20,0.06060606060606061,0.007742956912878788,1332
31,52,330,20,0.06060606060606061,0.007738517992424242,1333
25,112,330,28,0.08484848484848485,0.007713364109848485,1334
31,136,330,22,0.06666666666666667,0.007700047348484848,1335
20,176,330,30,0.09090909090909091,0.0076630563446969694,1336
18,160,330,28,0.08484848484848485,0.0076630563446969694,1337
38,222,330,31,0.09393939393939393,0.007639382102272727,1338
13,17,330,27,0.08181818181818182,0.007636422821969697,1339
5,198,330,23,0.0696969696969697,0.007634943181818182,1340
23,59,330,30,0.09090909090909091,0.007621626420454546,1341
19,4,330,20,0.06060606060606061,0.0076171875,1342
22,159,330,26,0.07878787878787878,0.007615707859848485,1343
24,11,330,24,0.07272727272727272,0.007572798295454546,1344
17,142,330,20,0.06060606060606061,0.00757131865530303,1345
34,218,330,20,0.06060606060606061,0.0075698390151515155,1346
1,192,330,28,0.08484848484848485,0.0075668797348484845,1347
4,110,330,25,0.07575757575757576,0.007563920454545454,1348
27,1,330,20,0.06060606060606061,0.007563920454545454,1349
26,119,330,32,0.09696969696969697,0.007560221354166666,1350
20,246,330,22,0.06666666666666667,0.007555042613636364,1351
18,94,330,19,0.05757575757575758,0.007552083333333333,1352
4,150,330,24,0.07272727272727272,0.0075402462121212125,1353
1,50,330,30,0.09090909090909091,0.007528409090909091,1354
18,142,330,21,0.06363636363636363,0.00751657196969697,1355
37,201,330,18,0.05454545454545454,0.007515092329545454,1356
9,60,330,25,0.07575757575757576,0.007510653409090909,1357
37,172,330,27,0.08181818181818182,0.007501775568181818,1358
8,107,330,20,0.06060606060606061,0.007481060606060606,1359
35,253,330,25,0.07575757575757576,0.007469223484848485,1360
35,105,330,18,0.05454545454545454,0.007464784564393939,1361
31,221,330,21,0.06363636363636363,0.007455906723484848,1362
30,53,330,28,0.08484848484848485,0.007453687263257576,1363
1,85,330,10,0.030303030303030304,0.007439630681818182,1364
15,231,330,26,0.07878787878787878,0.007435931581439394,1365
7,217,330,23,0.0696969696969697,0.0074144767992424246,1366
28,63,330,20,0.06060606060606061,0.007412997159090909,1367
1,84,330,27,0.08181818181818182,0.007410037878787879,1368
25,69,330,20,0.06060606060606061,0.007410037878787879,1369
25,1,330,11,0.03333333333333333,0.007387843276515152,1370
1,108,330,26,0.07878787878787878,0.007386363636363636,1371
26,126,330,22,0.06666666666666667,0.007374526515151515,1372
35,85,330,22,0.06666666666666667,0.007364169034090909,1373
24,155,330,15,0.045454545454545456,0.007359730113636363,1374
33,184,330,14,0.04242424242424243,0.007347892992424243,1375
39,81,330,27,0.08181818181818182,0.007332356770833334,1376
30,177,330,26,0.07878787878787878,0.007332356770833334,1377
17,206,330,33,0.1,0.0073256983901515155,1378
19,149,330,19,0.05757575757575758,0.007316820549242424,1379
5,175,330,20,0.06060606060606061,0.007307942708333333,1380
27,87,330,24,0.07272727272727272,0.0072998046875,1381
4,170,330,15,0.045454545454545456,0.007299064867424243,1382
16,213,330,27,0.08181818181818182,0.007285748106060606,1383
32,160,330,21,0.06363636363636363,0.007279829545454545,1384
37,48,330,16,0.048484848484848485,0.007276870265151515,1385
14,236,330,30,0.09090909090909091,0.007264293323863636,1386
1,34,330,28,0.08484848484848485,0.0072635535037878785,1387
38,120,330,19,0.05757575757575758,0.007261334043560606,1388
19,148,330,24,0.07272727272727272,0.007253196022727273,1389
29,73,330,19,0.05757575757575758,0.007221383759469697,1390
27,201,330,18,0.05454545454545454,0.007217684659090909,1391
35,214,330,24,0.07272727272727272,0.007215465198863636,1392
9,166,330,15,0.045454545454545456,0.007213245738636364,1393
22,202,330,26,0.07878787878787878,0.0072021484375,1394
38,33,330,25,0.07575757575757576,0.007198449337121212,1395
4,138,330,24,0.07272727272727272,0.007198449337121212,1396
38,223,330,21,0.06363636363636363,0.007194010416666666,1397
21,107,330,23,0.0696969696969697,0.0071747750946969694,1398
2,90,330,20,0.06060606060606061,0.007168856534090909,1399
24,4,330,24,0.07272727272727272,0.007165897253787879,1400
28,221,330,24,0.07272727272727272,0.007163677793560606,1401
29,6,330,30,0.09090909090909091,0.007151840672348485,1402
16,52,330,26,0.07878787878787878,0.007149621212121212,1403
35,68,330,27,0.08181818181818182,0.007142223011363636,1404
39,141,330,30,0.09090909090909091,0.007138523910984848,1405
39,188,330,28,0.08484848484848485,0.007132235440340909,1406
9,17,330,10,0.030303030303030304,0.0071111505681818185,1407
27,118,330,26,0.07878787878787878,0.007109670928030303,1408
13,167,330,25,0.07575757575757576,0.007109670928030303,1409
33,122,330,21,0.06363636363636363,0.007109670928030303,1410
17,215,330,30,0.09090909090909091,0.007097093986742424,1411
9,191,330,21,0.06363636363636363,0.007090435606060606,1412
39,87,330,32,0.09696969696969697,0.007087476325757576,1413
4,70,330,25,0.07575757575757576,0.007084517045454546,1414
6,254,330,25,0.07575757575757576,0.007084517045454546,1415
8,176,330,22,0.06666666666666667,0.007080078125,1416
5,21,330,15,0.045454545454545456,0.0070785984848484845,1417
14,80,330,25,0.07575757575757576,0.00707415956439394,1418
11,168,330,27,0.08181818181818182,0.007065281723484848,1419
25,59,330,20,0.06060606060606061,0.0070519649621212125,1420
7,50,330,20,0.06060606060606061,0.007046046401515151,1421
21,152,330,15,0.045454545454545456,0.007037168560606061,1422
37,174,330,15,0.045454545454545456,0.007033469460227273,1423
4,49,330,23,0.0696969696969697,0.007032729640151515,1424
26,253,330,24,0.07272727272727272,0.007022372159090909,1425
11,192,330,26,0.07878787878787878,0.0070194128787878785,1426
31,116,330,19,0.05757575757575758,0.007007575757575758,1427
14,188,330,25,0.07575757575757576,0.007006096117424242,1428
5,25,330,21,0.06363636363636363,0.007004616477272727,1429
32,244,330,32,0.09696969696969697,0.007003136837121212,1430
21,172,330,20,0.06060606060606061,0.006987600615530303,1431
31,115,330,21,0.06363636363636363,0.0069853811553030306,1432
14,197,330,26,0.07878787878787878,0.006982421875,1433
1,175,330,20,0.06060606060606061,0.006977982954545455,1434
10,205,330,25,0.07575757575757576,0.006972064393939394,1435
28,220,330,25,0.07575757575757576,0.006972064393939394,1436
21,21,330,33,0.1,0.006970584753787879,1437
23,85,330,14,0.04242424242424243,0.006948390151515152,1438
7,234,330,10,0.030303030303030304,0.006946910511363636,1439
23,154,330,24,0.07272727272727272,0.006943951231060606,1440
15,167,330,23,0.0696969696969697,0.006932114109848485,1441
36,228,330,23,0.0696969696969697,0.0069261955492424246,1442
33,171,330,20,0.06060606060606061,0.006917317708333333,1443
39,216,330,28,0.08484848484848485,0.006916577888257576,1444
31,12,330,28,0.08484848484848485,0.006915838068181818,1445
20,72,330,15,0.045454545454545456,0.006915838068181818,1446
2,54,330,15,0.045454545454545456,0.006909919507575758,1447
16,109,330,29,0.08787878787878788,0.00690326112689394,1448
26,56,330,25,0.07575757575757576,0.006899562026515152,1449
7,168,330,20,0.06060606060606061,0.00689068418560606,1450
15,94,330,18,0.05454545454545454,0.006862571022727273,1451
12,233,330,22,0.06666666666666667,0.006861091382575757,1452
18,250,330,29,0.08787878787878788,0.006858132102272727,1453
3,205,330,17,0.051515151515151514,0.00684185606060606,1454
9,20,330,20,0.06060606060606061,0.00683889678030303,1455
36,87,330,15,0.045454545454545456,0.00683001893939394,1456
5,201,330,18,0.05454545454545454,0.006825580018939394,1457
30,111,330,20,0.06060606060606061,0.006818921638257576,1458
28,187,330,15,0.045454545454545456,0.006817441998106061,1459
36,78,330,22,0.06666666666666667,0.006813742897727273,1460
37,167,330,20,0.06060606060606061,0.006809303977272727,1461
5,36,330,19,0.05757575757575758,0.006809303977272727,1462
15,208,330,23,0.0696969696969697,0.0068078243371212125,1463
3,133,330,21,0.06363636363636363,0.006778231534090909,1464
10,204,330,24,0.07272727272727272,0.0067752722537878785,1465
29,211,330,20,0.06060606060606061,0.006773792613636364,1466
25,246,330,14,0.04242424242424243,0.006773792613636364,1467
35,173,330,24,0.07272727272727272,0.006751598011363637,1468
20,114,330,27,0.08181818181818182,0.006750118371212121,1469
2,118,330,20,0.06060606060606061,0.006750118371212121,1470
36,132,330,19,0.05757575757575758,0.006750118371212121,1471
14,133,330,21,0.06363636363636363,0.006747159090909091,1472
31,122,330,24,0.07272727272727272,0.0067456794507575754,1473
36,255,330,20,0.06060606060606061,0.00673828125,1474
23,48,330,14,0.04242424242424243,0.006735321969696969,1475
21,93,330,10,0.030303030303030304,0.006735321969696969,1476
2,101,330,20,0.06060606060606061,0.006719045928030303,1477
34,123,330,17,0.051515151515151514,0.006719045928030303,1478
18,146,330,20,0.06060606060606061,0.006714607007575758,1479
30,235,330,16,0.048484848484848485,0.006708688446969697,1480
7,152,330,20,0.06060606060606061,0.006707208806818182,1481
20,105,330,30,0.09090909090909091,0.006692412405303031,1482
28,109,330,10,0.030303030303030304,0.006690932765151515,1483
14,69,330,20,0.06060606060606061,0.0066864938446969694,1484
35,246,330,15,0.045454545454545456,0.0066820549242424246,1485
39,186,330,22,0.06666666666666667,0.006679095643939394,1486
17,245,330,10,0.030303030303030304,0.006667258522727273,1487
23,180,330,24,0.07272727272727272,0.0066650390625,1488
31,226,330,29,0.08787878787878788,0.006657640861742424,1489
32,13,330,34,0.10303030303030303,0.006630267518939394,1490
31,211,330,21,0.06363636363636363,0.006630267518939394,1491
30,80,330,27,0.08181818181818182,0.006615471117424243,1492
38,162,330,17,0.051515151515151514,0.006615471117424243,1493
36,80,330,21,0.06363636363636363,0.006603633996212121,1494
15,131,330,26,0.07878787878787878,0.006602154356060606,1495
32,140,330,20,0.06060606060606061,0.00659771543560606,1496
26,82,330,22,0.06666666666666667,0.00659475615530303,1497
3,113,330,25,0.07575757575757576,0.00658587831439394,1498
31,90,330,22,0.06666666666666667,0.006582919034090909,1499
28,112,330,20,0.06060606060606061,0.006577000473484848,1500
20,122,330,14,0.04242424242424243,0.006557765151515151,1501
32,98,330,14,0.04242424242424243,0.00654296875,1502
11,140,330,22,0.06666666666666667,0.006534090909090909,1503
39,78,330,19,0.05757575757575758,0.006534090909090909,1504
35,49,330,21,0.06363636363636363,0.0065311316287878785,1505
5,255,330,27,0.08181818181818182,0.006528172348484848,1506
32,35,330,15,0.045454545454545456,0.006513375946969697,1507
10,110,330,15,0.045454545454545456,0.006508937026515151,1508
22,253,330,14,0.04242424242424243,0.0065015388257575754,1509
19,214,330,20,0.06060606060606061,0.006500059185606061,1510
22,30,330,25,0.07575757575757576,0.0064978397253787875,1511
34,102,330,24,0.07272727272727272,0.006493400804924243,1512
32,59,330,26,0.07878787878787878,0.006488222064393939,1513
12,208,330,20,0.06060606060606061,0.006482303503787879,1514
22,35,330,24,0.07272727272727272,0.006476384943181818,1515
11,193,330,19,0.05757575757575758,0.0064719460227272724,1516
28,3,330,30,0.09090909090909091,0.0064675071022727276,1517
31,123,330,24,0.07272727272727272,0.006461588541666666,1518
7,76,330,15,0.045454545454545456,0.006455669981060606,1519
10,16,330,18,0.05454545454545454,0.006451231060606061,1520
18,157,330,22,0.06666666666666667,0.006443093039772727,1521
18,247,330,14,0.04242424242424243,0.006439393939393939,1522
25,53,330,19,0.05757575757575758,0.0064379142992424246,1523
39,117,330,21,0.06363636363636363,0.006434215198863637,1524
37,33,330,23,0.0696969696969697,0.006417199337121212,1525
20,171,330,23,0.0696969696969697,0.006415719696969697,1526
16,129,330,28,0.08484848484848485,0.0064127604166666664,1527
24,104,330,22,0.06666666666666667,0.006409801136363636,1528
32,118,330,26,0.07878787878787878,0.0064090613162878785,1529
36,88,330,22,0.06666666666666667,0.006368371212121212,1530
2,6,330,15,0.045454545454545456,0.006360973011363636,1531
23,173,330,23,0.0696969696969697,0.006354314630681818,1532
29,193,330,10,0.030303030303030304,0.00635357481060606,1533
20,154,330,21,0.06363636363636363,0.0063491358901515155,1534
3,151,330,20,0.06060606060606061,0.0063461766098484845,1535
36,55,330,13,0.03939393939393939,0.00634469696969697,1536
37,26,330,21,0.06363636363636363,0.006329160748106061,1537
1,145,330,10,0.030303030303030304,0.006325461647727273,1538
37,105,330,11,0.03333333333333333,0.006312144886363637,1539
21,137,330,14,0.04242424242424243,0.006310665246212121,1540
11,158,330,24,0.07272727272727272,0.006307705965909091,1541
3,68,330,10,0.030303030303030304,0.006297348484848485,1542
23,211,330,17,0.051515151515151514,0.006294389204545454,1543
17,216,330,17,0.051515151515151514,0.0062825520833333336,1544
29,175,330,14,0.04242424242424243,0.006273674242424242,1545
11,147,330,18,0.05454545454545454,0.006269235321969697,1546
22,171,330,14,0.04242424242424243,0.006261837121212121,1547
25,116,330,15,0.045454545454545456,0.006258877840909091,1548
2,227,330,15,0.045454545454545456,0.0062529592803030306,1549
27,167,330,23,0.0696969696969697,0.006248520359848485,1550
4,93,330,21,0.06363636363636363,0.006238162878787879,1551
30,89,330,29,0.08787878787878788,0.006235203598484848,1552
32,201,330,21,0.06363636363636363,0.006232244318181818,1553
18,111,330,18,0.05454545454545454,0.006229285037878788,1554
30,133,330,24,0.07272727272727272,0.006221147017045454,1555
39,18,330,23,0.0696969696969697,0.00621966737689394,1556
11,188,330,19,0.05757575757575758,0.006217447916666666,1557
18,84,330,21,0.06363636363636363,0.006208570075757576,1558
21,29,330,20,0.06060606060606061,0.006207090435606061,1559
37,214,330,20,0.06060606060606061,0.0061982125946969694,1560
3,163,330,10,0.030303030303030304,0.0061937736742424246,1561
20,211,330,23,0.0696969696969697,0.006193033854166667,1562
2,170,330,20,0.06060606060606061,0.006186375473484849,1563
24,248,330,19,0.05757575757575758,0.006181936553030303,1564
14,130,330,15,0.045454545454545456,0.006159741950757576,1565
24,133,330,15,0.045454545454545456,0.006153823390151515,1566
29,110,330,14,0.04242424242424243,0.006143465909090909,1567
11,58,330,25,0.07575757575757576,0.006119791666666667,1568
11,70,330,10,0.030303030303030304,0.006107954545454546,1569
35,8,330,19,0.05757575757575758,0.0061020359848484845,1570
21,32,330,29,0.08787878787878788,0.006096857244318182,1571
23,99,330,14,0.04242424242424243,0.006087239583333333,1572
38,128,330,26,0.07878787878787878,0.006086499763257576,1573
35,47,330,19,0.05757575757575758,0.006085759943181818,1574
13,31,330,20,0.06060606060606061,0.006081321022727273,1575
8,35,330,25,0.07575757575757576,0.0060791015625,1576
18,186,330,19,0.05757575757575758,0.006077621922348485,1577
4,172,330,20,0.06060606060606061,0.006056167140151515,1578
5,85,330,20,0.06060606060606061,0.006053207859848485,1579
35,236,330,18,0.05454545454545454,0.00604876893939394,1580
24,43,330,15,0.045454545454545456,0.00604876893939394,1581
9,247,330,20,0.06060606060606061,0.006041370738636364,1582
32,219,330,31,0.09393939393939393,0.006040630918560606,1583
33,18,330,14,0.04242424242424243,0.006039891098484848,1584
2,77,330,15,0.045454545454545456,0.006035452178030303,1585
28,155,330,21,0.06363636363636363,0.0060095584753787875,1586
16,35,330,23,0.0696969696969697,0.006004379734848485,1587
4,129,330,20,0.06060606060606061,0.006004379734848485,1588
27,205,330,15,0.045454545454545456,0.006001420454545455,1589
37,145,330,14,0.04242424242424243,0.005992542613636364,1590
29,3,330,10,0.030303030303030304,0.005989583333333334,1591
31,155,330,26,0.07878787878787878,0.0059814453125,1592
32,251,330,13,0.03939393939393939,0.005977006392045454,1593
18,60,330,18,0.05454545454545454,0.005973307291666666,1594
24,215,330,10,0.030303030303030304,0.005971827651515152,1595
12,196,330,18,0.05454545454545454,0.005964429450757576,1596
28,159,330,17,0.051515151515151514,0.005962949810606061,1597
5,14,330,23,0.0696969696969697,0.0059540719696969694,1598
5,187,330,5,0.015151515151515152,0.0059540719696969694,1599
33,127,330,10,0.030303030303030304,0.005948153409090909,1600
36,245,330,15,0.045454545454545456,0.005945194128787879,1601
33,96,330,14,0.04242424242424243,0.005942234848484849,1602
39,178,330,28,0.08484848484848485,0.005939275568181818,1603
11,196,330,19,0.05757575757575758,0.005930397727272727,1604
25,70,330,22,0.06666666666666667,0.005921519886363636,1605
1,19,330,20,0.06060606060606061,0.00591412168560606,1606
37,220,330,15,0.045454545454545456,0.005894886363636363,1607
7,241,330,20,0.06060606060606061,0.005893406723484849,1608
33,32,330,26,0.07878787878787878,0.0058904474431818185,1609
29,115,330,20,0.06060606060606061,0.005886008522727273,1610
38,127,330,21,0.06363636363636363,0.005881569602272727,1611
33,130,330,21,0.06363636363636363,0.005869732481060606,1612
11,82,330,17,0.051515151515151514,0.005859375,1613
31,21,330,21,0.06363636363636363,0.00585641571969697,1614
4,219,330,10,0.030303030303030304,0.00585641571969697,1615
28,160,330,23,0.0696969696969697,0.005845318418560606,1616
28,2,330,18,0.05454545454545454,0.005841619318181818,1617
10,83,330,20,0.06060606060606061,0.005840139678030303,1618
21,24,330,14,0.04242424242424243,0.005838660037878788,1619
10,100,330,20,0.06060606060606061,0.0058312618371212125,1620
11,223,330,12,0.03636363636363636,0.0058283025568181815,1621
7,61,330,18,0.05454545454545454,0.005826822916666667,1622
5,51,330,24,0.07272727272727272,0.005825343276515151,1623
37,209,330,18,0.05454545454545454,0.005822383996212121,1624
18,25,330,15,0.045454545454545456,0.005822383996212121,1625
12,252,330,15,0.045454545454545456,0.00581350615530303,1626
2,111,330,19,0.05757575757575758,0.005812026515151515,1627
34,106,330,7,0.021212121212121213,0.005812026515151515,1628
32,253,330,23,0.0696969696969697,0.005786872632575758,1629
25,192,330,22,0.06666666666666667,0.005775035511363637,1630
8,213,330,20,0.06060606060606061,0.005775035511363637,1631
2,134,330,15,0.045454545454545456,0.005767637310606061,1632
35,36,330,26,0.07878787878787878,0.005763938210227273,1633
1,240,330,10,0.030303030303030304,0.005763198390151515,1634
32,192,330,14,0.04242424242424243,0.00576171875,1635
3,232,330,15,0.045454545454545456,0.005760239109848485,1636
32,224,330,26,0.07878787878787878,0.005752101089015152,1637
6,220,330,16,0.048484848484848485,0.005746922348484848,1638
39,192,330,18,0.05454545454545454,0.005743963068181818,1639
39,108,330,25,0.07575757575757576,0.00574322324810606,1640
9,197,330,20,0.06060606060606061,0.005741003787878788,1641
19,249,330,18,0.05454545454545454,0.005738044507575758,1642
39,28,330,25,0.07575757575757576,0.005735455137310606,1643
23,66,330,22,0.06666666666666667,0.005732125946969697,1644
30,124,330,18,0.05454545454545454,0.005730646306818182,1645
19,13,330,18,0.05454545454545454,0.005726207386363636,1646
12,48,330,24,0.07272727272727272,0.005725467566287879,1647
35,57,330,15,0.045454545454545456,0.005723248106060606,1648
1,125,330,15,0.045454545454545456,0.005721768465909091,1649
37,123,330,15,0.045454545454545456,0.005721768465909091,1650
20,121,330,15,0.045454545454545456,0.005712890625,1651
38,190,330,18,0.05454545454545454,0.005695874763257576,1652
35,230,330,18,0.05454545454545454,0.005690696022727273,1653
13,236,330,22,0.06666666666666667,0.005687736742424242,1654
15,179,330,19,0.05757575757575758,0.005681818181818182,1655
11,163,330,20,0.06060606060606061,0.005674419981060606,1656
20,254,330,23,0.0696969696969697,0.005671460700757576,1657
14,106,330,10,0.030303030303030304,0.00566998106060606,1658
34,71,330,19,0.05757575757575758,0.005668501420454546,1659
6,219,330,24,0.07272727272727272,0.005656664299242424,1660
13,1,330,15,0.045454545454545456,0.005653705018939394,1661
22,129,330,15,0.045454545454545456,0.005653705018939394,1662
22,3,330,19,0.05757575757575758,0.005652225378787879,1663
35,135,330,29,0.08787878787878788,0.005647786458333333,1664
27,35,330,23,0.0696969696969697,0.005645566998106061,1665
22,148,330,9,0.02727272727272727,0.005634469696969697,1666
29,63,330,15,0.045454545454545456,0.005615234375,1667
25,10,330,14,0.04242424242424243,0.00560931581439394,1668
31,175,330,21,0.06363636363636363,0.005604137073863636,1669
17,136,330,20,0.06060606060606061,0.005604137073863636,1670
5,208,330,5,0.015151515151515152,0.005598958333333333,1671
4,175,330,20,0.06060606060606061,0.005593039772727273,1672
15,138,330,15,0.045454545454545456,0.005582682291666667,1673
34,48,330,20,0.06060606060606061,0.005575284090909091,1674
15,69,330,15,0.045454545454545456,0.005561967329545454,1675
11,24,330,17,0.051515151515151514,0.00556048768939394,1676
13,166,330,20,0.06060606060606061,0.005559008049242424,1677
24,192,330,16,0.048484848484848485,0.005539772727272727,1678
5,229,330,15,0.045454545454545456,0.005535333806818182,1679
22,206,330,16,0.048484848484848485,0.005529415246212121,1680
25,73,330,14,0.04242424242424243,0.005522017045454545,1681
35,182,330,15,0.045454545454545456,0.005517578125,1682
19,77,330,22,0.06666666666666667,0.00549908262310606,1683
23,30,330,20,0.06060606060606061,0.005497602982954546,1684
2,240,330,15,0.045454545454545456,0.005496863162878788,1685
12,250,330,21,0.06363636363636363,0.005483546401515152,1686
31,134,330,24,0.07272727272727272,0.005482806581439394,1687
21,140,330,15,0.045454545454545456,0.005479107481060606,1688
18,224,330,20,0.06060606060606061,0.00546875,1689
21,229,330,22,0.06666666666666667,0.005446555397727273,1690
20,195,330,18,0.05454545454545454,0.005445075757575758,1691
11,203,330,16,0.048484848484848485,0.005443596117424242,1692
39,221,330,10,0.030303030303030304,0.005437307646780303,1693
18,123,330,19,0.05757575757575758,0.0054317589962121215,1694
28,114,330,18,0.05454545454545454,0.005429539535984848,1695
34,40,330,18,0.05454545454545454,0.005429539535984848,1696
6,138,330,15,0.045454545454545456,0.00542288115530303,1697
22,11,330,14,0.04242424242424243,0.005418442234848485,1698
27,237,330,21,0.06363636363636363,0.005415482954545455,1699
22,188,330,19,0.05757575757575758,0.005415482954545455,1700
37,136,330,15,0.045454545454545456,0.005412523674242424,1701
33,10,330,23,0.0696969696969697,0.005405865293560606,1702
36,98,330,18,0.05454545454545454,0.005405125473484849,1703
28,205,330,24,0.07272727272727272,0.005403645833333333,1704
2,79,330,16,0.048484848484848485,0.005403645833333333,1705
35,197,330,14,0.04242424242424243,0.005400686553030303,1706
39,151,330,15,0.045454545454545456,0.005394767992424243,1707
26,1,330,24,0.07272727272727272,0.005392548532196969,1708
1,183,330,20,0.06060606060606061,0.005388849431818182,1709
6,127,330,20,0.06060606060606061,0.005385890151515152,1710
32,133,330,10,0.030303030303030304,0.00537109375,1711
37,229,330,10,0.030303030303030304,0.00537109375,1712
17,111,330,20,0.06060606060606061,0.005364435369318182,1713
2,140,330,5,0.015151515151515152,0.005344460227272727,1714
12,226,330,17,0.051515151515151514,0.005337062026515151,1715
33,126,330,11,0.03333333333333333,0.005337062026515151,1716
28,100,330,14,0.04242424242424243,0.005332623106060606,1717
39,44,330,15,0.045454545454545456,0.005329663825757576,1718
5,181,330,15,0.045454545454545456,0.00532522490530303,1719
32,44,330,11,0.03333333333333333,0.00532522490530303,1720
32,191,330,14,0.04242424242424243,0.00531930634469697,1721
32,114,330,14,0.04242424242424243,0.005317826704545454,1722
22,48,330,16,0.048484848484848485,0.005311908143939394,1723
25,122,330,10,0.030303030303030304,0.005308948863636364,1724
10,189,330,5,0.015151515151515152,0.005303030303030303,1725
6,93,330,21,0.06363636363636363,0.005300071022727273,1726
19,115,330,19,0.05757575757575758,0.005298591382575758,1727
33,250,330,17,0.051515151515151514,0.005298591382575758,1728
2,159,330,15,0.045454545454545456,0.005298591382575758,1729
2,254,330,15,0.045454545454545456,0.005298591382575758,1730
29,179,330,21,0.06363636363636363,0.005297111742424242,1731
27,207,330,5,0.015151515151515152,0.005297111742424242,1732
18,20,330,26,0.07878787878787878,0.005296371922348485,1733
37,133,330,15,0.045454545454545456,0.005294152462121212,1734
19,162,330,10,0.030303030303030304,0.005294152462121212,1735
31,84,330,14,0.04242424242424243,0.005291193181818182,1736
33,131,330,14,0.04242424242424243,0.005288233901515151,1737
8,252,330,15,0.045454545454545456,0.005285274621212121,1738
37,236,330,21,0.06363636363636363,0.005282315340909091,1739
19,62,330,19,0.05757575757575758,0.005282315340909091,1740
32,185,330,15,0.045454545454545456,0.005282315340909091,1741
3,183,330,20,0.06060606060606061,0.0052808357007575754,1742
6,123,330,20,0.06060606060606061,0.0052763967803030306,1743
28,165,330,20,0.06060606060606061,0.005267518939393939,1744
29,205,330,15,0.045454545454545456,0.005263080018939394,1745
7,32,330,15,0.045454545454545456,0.005261600378787879,1746
38,103,330,16,0.048484848484848485,0.005260120738636364,1747
22,47,330,21,0.06363636363636363,0.0052490234375,1748
22,160,330,20,0.06060606060606061,0.005240885416666666,1749
8,244,330,10,0.030303030303030304,0.005239405776515152,1750
29,141,330,14,0.04242424242424243,0.005226089015151515,1751
30,57,330,15,0.045454545454545456,0.005224609375,1752
8,164,330,24,0.07272727272727272,0.005220170454545455,1753
26,145,330,15,0.045454545454545456,0.005220170454545455,1754
23,130,330,17,0.051515151515151514,0.005215731534090909,1755
3,21,330,15,0.045454545454545456,0.005215731534090909,1756
24,116,330,12,0.03636363636363636,0.005215731534090909,1757
31,74,330,20,0.06060606060606061,0.005214251893939394,1758
34,214,330,19,0.05757575757575758,0.005211292613636363,1759
26,247,330,18,0.05454545454545454,0.005209812973484849,1760
17,117,330,15,0.045454545454545456,0.005197975852272727,1761
4,213,330,15,0.045454545454545456,0.005195016571969697,1762
3,44,330,18,0.05454545454545454,0.005193536931818182,1763
25,123,330,18,0.05454545454545454,0.00517578125,1764
25,99,330,14,0.04242424242424243,0.00517578125,1765
28,144,330,10,0.030303030303030304,0.0051580255681818185,1766
14,238,330,19,0.05757575757575758,0.005150627367424243,1767
39,68,330,20,0.06060606060606061,0.005144708806818182,1768
25,228,330,23,0.0696969696969697,0.005141009706439394,1769
37,16,330,14,0.04242424242424243,0.005140269886363636,1770
22,173,330,14,0.04242424242424243,0.005135830965909091,1771
32,178,330,23,0.0696969696969697,0.005132131865530303,1772
8,235,330,20,0.06060606060606061,0.0051228841145833336,1773
26,52,330,18,0.05454545454545454,0.005110677083333333,1774
10,172,330,20,0.06060606060606061,0.005106238162878788,1775
27,185,330,15,0.045454545454545456,0.005104758522727273,1776
11,199,330,19,0.05757575757575758,0.0050988399621212125,1777
22,44,330,24,0.07272727272727272,0.0050951408617424246,1778
34,87,330,17,0.051515151515151514,0.005076645359848485,1779
28,241,330,11,0.03333333333333333,0.005073686079545454,1780
29,16,330,24,0.07272727272727272,0.00507220643939394,1781
20,150,330,17,0.051515151515151514,0.0050618489583333336,1782
30,43,330,19,0.05757575757575758,0.005060369318181818,1783
25,216,330,15,0.045454545454545456,0.005054450757575758,1784
9,36,330,15,0.045454545454545456,0.005047052556818182,1785
17,11,330,23,0.0696969696969697,0.005045572916666667,1786
23,139,330,10,0.030303030303030304,0.005039654356060606,1787
30,215,330,28,0.08484848484848485,0.005037434895833333,1788
11,226,330,22,0.06666666666666667,0.0050366950757575754,1789
14,177,330,15,0.045454545454545456,0.005033735795454545,1790
24,127,330,15,0.045454545454545456,0.0050322561553030306,1791
4,159,330,15,0.045454545454545456,0.005021898674242424,1792
34,9,330,18,0.05454545454545454,0.005018199573863636,1793
16,115,330,24,0.07272727272727272,0.005015240293560606,1794
9,89,330,15,0.045454545454545456,0.005013020833333334,1795
11,83,330,15,0.045454545454545456,0.005010061553030303,1796
21,188,330,14,0.04242424242424243,0.005005622632575758,1797
29,241,330,19,0.05757575757575758,0.00500192353219697,1798
28,212,330,13,0.03939393939393939,0.005001183712121212,1799
36,7,330,14,0.04242424242424243,0.004995265151515152,1800
33,216,330,23,0.0696969696969697,0.004993785511363636,1801
5,3,330,15,0.045454545454545456,0.004992305871212121,1802
31,49,330,17,0.051515151515151514,0.004984167850378788,1803
21,88,330,15,0.045454545454545456,0.004983428030303031,1804
37,49,330,24,0.07272727272727272,0.004976029829545455,1805
29,84,330,13,0.03939393939393939,0.004974550189393939,1806
33,116,330,15,0.045454545454545456,0.004970111268939394,1807
28,55,330,15,0.045454545454545456,0.004968631628787879,1808
1,209,330,10,0.030303030303030304,0.004961233428030303,1809
9,165,330,14,0.04242424242424243,0.004959753787878788,1810
28,6,330,28,0.08484848484848485,0.0049479166666666664,1811
24,251,330,18,0.05454545454545454,0.004946437026515152,1812
28,103,330,17,0.051515151515151514,0.004946437026515152,1813
2,42,330,15,0.045454545454545456,0.004944957386363636,1814
36,249,330,16,0.048484848484848485,0.00493755918560606,1815
20,166,330,20,0.06060606060606061,0.00493459990530303,1816
13,37,330,18,0.05454545454545454,0.004931640625,1817
37,228,330,14,0.04242424242424243,0.004931640625,1818
5,251,330,10,0.030303030303030304,0.004930160984848485,1819
37,210,330,20,0.06060606060606061,0.00492868134469697,1820
13,188,330,16,0.048484848484848485,0.004924242424242424,1821
36,197,330,18,0.05454545454545454,0.004915364583333333,1822
10,65,330,17,0.051515151515151514,0.004915364583333333,1823
11,101,330,14,0.04242424242424243,0.0049109256628787875,1824
19,163,330,15,0.045454545454545456,0.004902047821969697,1825
1,62,330,15,0.045454545454545456,0.00488873106060606,1826
34,180,330,5,0.015151515151515152,0.00488873106060606,1827
9,1,330,15,0.045454545454545456,0.00487985321969697,1828
8,16,330,9,0.02727272727272727,0.004878373579545454,1829
23,174,330,18,0.05454545454545454,0.004869495738636364,1830
21,232,330,17,0.051515151515151514,0.004869495738636364,1831
35,146,330,17,0.051515151515151514,0.004868755918560606,1832
24,60,330,13,0.03939393939393939,0.004862097537878788,1833
24,14,330,17,0.051515151515151514,0.004860617897727273,1834
13,151,330,16,0.048484848484848485,0.004860617897727273,1835
21,153,330,16,0.048484848484848485,0.004853219696969697,1836
2,103,330,15,0.045454545454545456,0.004853219696969697,1837
28,143,330,14,0.04242424242424243,0.004847301136363637,1838
30,106,330,15,0.045454545454545456,0.004845821496212121,1839
24,112,330,15,0.045454545454545456,0.004844341856060606,1840
33,16,330,14,0.04242424242424243,0.004844341856060606,1841
38,102,330,5,0.015151515151515152,0.004841382575757576,1842
37,249,330,17,0.051515151515151514,0.004834724195075758,1843
7,214,330,15,0.045454545454545456,0.004833984375,1844
26,36,330,14,0.04242424242424243,0.004832504734848485,1845
34,189,330,15,0.045454545454545456,0.004826586174242424,1846
14,91,330,22,0.06666666666666667,0.0048221472537878785,1847
38,47,330,18,0.05454545454545454,0.004819187973484848,1848
17,0,330,15,0.045454545454545456,0.004816968513257576,1849
16,27,330,15,0.045454545454545456,0.004813269412878788,1850
19,24,330,17,0.051515151515151514,0.004796253551136363,1851
30,51,330,18,0.05454545454545454,0.004795513731060606,1852
37,107,330,11,0.03333333333333333,0.004795513731060606,1853
38,213,330,20,0.06060606060606061,0.0047925544507575754,1854
10,141,330,18,0.05454545454545454,0.0047925544507575754,1855
24,77,330,23,0.0696969696969697,0.004781457149621212,1856
22,207,330,13,0.03939393939393939,0.004779237689393939,1857
30,116,330,20,0.06060606060606061,0.004778497869318182,1858
31,35,330,16,0.048484848484848485,0.004776278409090909,1859
39,25,330,16,0.048484848484848485,0.004774798768939394,1860
9,182,330,20,0.06060606060606061,0.004773319128787879,1861
29,123,330,14,0.04242424242424243,0.004770359848484848,1862
38,112,330,18,0.05454545454545454,0.004761482007575758,1863
35,224,330,19,0.05757575757575758,0.004757043087121212,1864
33,82,330,20,0.06060606060606061,0.004755563446969697,1865
10,81,330,15,0.045454545454545456,0.004749644886363636,1866
35,147,330,20,0.06060606060606061,0.004740027225378788,1867
5,72,330,15,0.045454545454545456,0.004731889204545455,1868
26,23,330,15,0.045454545454545456,0.004727450284090909,1869
17,61,330,15,0.045454545454545456,0.004723011363636363,1870
4,30,330,15,0.045454545454545456,0.004721531723484849,1871
39,126,330,20,0.06060606060606061,0.004713023792613636,1872
34,96,330,21,0.06363636363636363,0.0047119140625,1873
18,235,330,19,0.05757575757575758,0.004709694602272727,1874
24,110,330,17,0.051515151515151514,0.004698597301136364,1875
6,187,330,18,0.05454545454545454,0.00469045928030303,1876
35,1,330,20,0.06060606060606061,0.004680101799242424,1877
37,56,330,19,0.05757575757575758,0.004677142518939394,1878
34,26,330,19,0.05757575757575758,0.004674923058712121,1879
31,239,330,20,0.06060606060606061,0.004672703598484849,1880
27,25,330,7,0.021212121212121213,0.004663825757575757,1881
36,62,330,14,0.04242424242424243,0.004654947916666667,1882
18,188,330,18,0.05454545454545454,0.004653468276515152,1883
32,23,330,17,0.051515151515151514,0.004653468276515152,1884
39,89,330,15,0.045454545454545456,0.004653468276515152,1885
2,249,330,5,0.015151515151515152,0.004651988636363636,1886
32,132,330,21,0.06363636363636363,0.004650508996212121,1887
21,198,330,15,0.045454545454545456,0.004646070075757576,1888
1,166,330,10,0.030303030303030304,0.004638671875,1889
4,63,330,15,0.045454545454545456,0.00463275331439394,1890
14,20,330,16,0.048484848484848485,0.004631273674242424,1891
36,213,330,14,0.04242424242424243,0.004631273674242424,1892
5,147,330,10,0.030303030303030304,0.004631273674242424,1893
26,74,330,17,0.051515151515151514,0.004625355113636364,1894
2,109,330,10,0.030303030303030304,0.004625355113636364,1895
24,16,330,21,0.06363636363636363,0.004623875473484848,1896
29,45,330,14,0.04242424242424243,0.004623135653409091,1897
34,164,330,16,0.048484848484848485,0.004618696732954545,1898
29,117,330,13,0.03939393939393939,0.004616477272727273,1899
35,216,330,10,0.030303030303030304,0.004613517992424243,1900
31,68,330,19,0.05757575757575758,0.004612778172348485,1901
16,141,330,15,0.045454545454545456,0.004606119791666667,1902
29,240,330,21,0.06363636363636363,0.004603160511363637,1903
36,47,330,18,0.05454545454545454,0.004603160511363637,1904
35,140,330,14,0.04242424242424243,0.004600201231060606,1905
28,18,330,14,0.04242424242424243,0.004597241950757576,1906
33,13,330,14,0.04242424242424243,0.004595762310606061,1907
33,160,330,14,0.04242424242424243,0.004595762310606061,1908
33,253,330,14,0.04242424242424243,0.004591323390151515,1909
21,100,330,17,0.051515151515151514,0.004588364109848485,1910
5,148,330,15,0.045454545454545456,0.004585404829545454,1911
12,221,330,15,0.045454545454545456,0.004580965909090909,1912
34,149,330,15,0.045454545454545456,0.004580226089015152,1913
38,161,330,10,0.030303030303030304,0.004579486268939394,1914
17,59,330,15,0.045454545454545456,0.004576526988636364,1915
26,170,330,13,0.03939393939393939,0.004564689867424242,1916
5,145,330,15,0.045454545454545456,0.004558771306818182,1917
15,194,330,19,0.05757575757575758,0.004555812026515151,1918
2,1,330,14,0.04242424242424243,0.004552852746212121,1919
22,242,330,16,0.048484848484848485,0.004549893465909091,1920
22,203,330,13,0.03939393939393939,0.0045484138257575754,1921
19,235,330,24,0.07272727272727272,0.004543235085227273,1922
34,143,330,14,0.04242424242424243,0.004542495265151515,1923
27,78,330,16,0.048484848484848485,0.004535097064393939,1924
8,93,330,20,0.06060606060606061,0.004527698863636364,1925
36,48,330,15,0.045454545454545456,0.004524739583333334,1926
37,73,330,20,0.06060606060606061,0.004523259943181818,1927
12,72,330,15,0.045454545454545456,0.004521040482954546,1928
28,167,330,18,0.05454545454545454,0.004512162642045454,1929
28,76,330,15,0.045454545454545456,0.004506983901515152,1930
21,18,330,11,0.03333333333333333,0.004505504261363636,1931
28,92,330,18,0.05454545454545454,0.004504024621212121,1932
36,239,330,15,0.045454545454545456,0.004502544981060606,1933
22,18,330,15,0.045454545454545456,0.004499585700757576,1934
24,170,330,17,0.051515151515151514,0.004495146780303031,1935
3,235,330,5,0.015151515151515152,0.0044921875,1936
33,99,330,15,0.045454545454545456,0.004490707859848485,1937
37,83,330,21,0.06363636363636363,0.004486268939393939,1938
35,141,330,10,0.030303030303030304,0.004472952178030303,1939
23,248,330,15,0.045454545454545456,0.004469992897727273,1940
38,230,330,11,0.03333333333333333,0.004467033617424242,1941
17,112,330,10,0.030303030303030304,0.004461115056818182,1942
3,5,330,10,0.030303030303030304,0.004458155776515152,1943
14,247,330,19,0.05757575757575758,0.0044551964962121215,1944
23,29,330,18,0.05454545454545454,0.00444040009469697,1945
28,234,330,10,0.030303030303030304,0.00444040009469697,1946
33,180,330,16,0.048484848484848485,0.004438180634469697,1947
10,190,330,13,0.03939393939393939,0.004435961174242424,1948
37,146,330,13,0.03939393939393939,0.004434481534090909,1949
20,52,330,15,0.045454545454545456,0.004431522253787879,1950
16,64,330,17,0.051515151515151514,0.004428562973484849,1951
12,157,330,16,0.048484848484848485,0.004424124053030303,1952
26,239,330,16,0.048484848484848485,0.004418205492424243,1953
4,77,330,18,0.05454545454545454,0.004416725852272727,1954
23,122,330,18,0.05454545454545454,0.004415246212121212,1955
31,245,330,15,0.045454545454545456,0.004407848011363636,1956
24,148,330,13,0.03939393939393939,0.004398970170454546,1957
36,130,330,19,0.05757575757575758,0.0043923117897727276,1958
7,246,330,16,0.048484848484848485,0.00439157196969697,1959
37,213,330,19,0.05757575757575758,0.004390092329545454,1960
1,29,330,15,0.045454545454545456,0.004384173768939394,1961
35,89,330,15,0.045454545454545456,0.004364938446969697,1962
33,199,330,19,0.05757575757575758,0.004360499526515151,1963
8,49,330,15,0.045454545454545456,0.004356060606060606,1964
30,191,330,10,0.030303030303030304,0.004353101325757576,1965
12,181,330,8,0.024242424242424242,0.004351621685606061,1966
11,14,330,10,0.030303030303030304,0.004350142045454545,1967
31,208,330,14,0.04242424242424243,0.004345703125,1968
26,91,330,15,0.045454545454545456,0.00433978456439394,1969
28,201,330,14,0.04242424242424243,0.00433978456439394,1970
33,26,330,17,0.051515151515151514,0.004338304924242424,1971
39,116,330,10,0.030303030303030304,0.004326467803030303,1972
4,108,330,15,0.045454545454545456,0.004320549242424242,1973
36,32,330,14,0.04242424242424243,0.004319069602272727,1974
17,15,330,18,0.05454545454545454,0.004316850142045455,1975
6,101,330,18,0.05454545454545454,0.004316110321969697,1976
10,145,330,15,0.045454545454545456,0.004310191761363637,1977
36,150,330,15,0.045454545454545456,0.004302793560606061,1978
5,91,330,5,0.015151515151515152,0.004302793560606061,1979
33,50,330,17,0.051515151515151514,0.0042998342803030306,1980
27,211,330,15,0.045454545454545456,0.004296875,1981
9,254,330,15,0.045454545454545456,0.004293915719696969,1982
5,128,330,8,0.024242424242424242,0.004293915719696969,1983
33,185,330,15,0.045454545454545456,0.004286517518939394,1984
38,159,330,17,0.051515151515151514,0.004277639678030303,1985
22,220,330,15,0.045454545454545456,0.00427542021780303,1986
34,243,330,14,0.04242424242424243,0.004273200757575758,1987
25,198,330,15,0.045454545454545456,0.0042702414772727276,1988
16,53,330,15,0.045454545454545456,0.004264322916666666,1989
18,178,330,15,0.045454545454545456,0.004262843276515152,1990
1,186,330,10,0.030303030303030304,0.004262843276515152,1991
23,151,330,5,0.015151515151515152,0.004261363636363636,1992
27,17,330,17,0.051515151515151514,0.004259883996212121,1993
39,173,330,15,0.045454545454545456,0.004258404356060606,1994
14,81,330,15,0.045454545454545456,0.004249526515151515,1995
22,41,330,12,0.03636363636363636,0.004246567234848485,1996
3,63,330,10,0.030303030303030304,0.0042450875946969694,1997
38,229,330,13,0.03939393939393939,0.004243607954545455,1998
21,76,330,11,0.03333333333333333,0.004242128314393939,1999
26,201,330,15,0.045454545454545456,0.004239169034090909,2000
13,242,330,15,0.045454545454545456,0.004233250473484849,2001
18,227,330,10,0.030303030303030304,0.004230291193181818,2002
2,172,330,10,0.030303030303030304,0.004225852272727273,2003
34,118,330,10,0.030303030303030304,0.004225852272727273,2004
7,247,330,15,0.045454545454545456,0.004222892992424242,2005
30,44,330,13,0.03939393939393939,0.004221413352272727,2006
22,67,330,14,0.04242424242424243,0.0042154947916666664,2007
35,125,330,20,0.06060606060606061,0.004214754971590909,2008
7,99,330,13,0.03939393939393939,0.004212535511363636,2009
36,243,330,10,0.030303030303030304,0.004212535511363636,2010
3,9,330,5,0.015151515151515152,0.004208096590909091,2011
33,101,330,19,0.05757575757575758,0.004206616950757576,2012
13,146,330,13,0.03939393939393939,0.004197739109848485,2013
8,146,330,14,0.04242424242424243,0.004193300189393939,2014
22,98,330,15,0.045454545454545456,0.004191820549242424,2015
6,197,330,15,0.045454545454545456,0.004185901988636363,2016
33,144,330,18,0.05454545454545454,0.004185162168560606,2017
35,127,330,16,0.048484848484848485,0.0041814630681818185,2018
25,119,330,15,0.045454545454545456,0.004179983428030303,2019
33,236,330,15,0.045454545454545456,0.0041785037878787875,2020
32,230,330,21,0.06363636363636363,0.004162227746212121,2021
8,166,330,13,0.03939393939393939,0.004157788825757576,2022
18,95,330,15,0.045454545454545456,0.0041518702651515155,2023
32,204,330,15,0.045454545454545456,0.0041518702651515155,2024
2,58,330,10,0.030303030303030304,0.0041518702651515155,2025
23,67,330,16,0.048484848484848485,0.004145951704545454,2026
27,225,330,14,0.04242424242424243,0.00414447206439394,2027
12,86,330,10,0.030303030303030304,0.004142992424242424,2028
28,183,330,10,0.030303030303030304,0.004137073863636364,2029
32,222,330,16,0.048484848484848485,0.004135594223484848,2030
36,37,330,14,0.04242424242424243,0.004129675662878788,2031
24,63,330,10,0.030303030303030304,0.004120797821969697,2032
33,111,330,14,0.04242424242424243,0.0041185783617424246,2033
12,231,330,14,0.04242424242424243,0.004116358901515151,2034
34,121,330,11,0.03333333333333333,0.004107481060606061,2035
21,171,330,16,0.048484848484848485,0.004106001420454545,2036
33,92,330,17,0.051515151515151514,0.004092684659090909,2037
10,171,330,17,0.051515151515151514,0.004091205018939394,2038
35,158,330,17,0.051515151515151514,0.004091205018939394,2039
29,149,330,8,0.024242424242424242,0.004088245738636364,2040
36,177,330,14,0.04242424242424243,0.004079367897727273,2041
32,212,330,16,0.048484848484848485,0.004075668797348485,2042
28,244,330,9,0.02727272727272727,0.004074928977272727,2043
34,116,330,7,0.021212121212121213,0.004074928977272727,2044
37,158,330,11,0.03333333333333333,0.004073449337121212,2045
37,184,330,10,0.030303030303030304,0.004071969696969697,2046
38,165,330,12,0.03636363636363636,0.004069010416666667,2047
32,154,330,19,0.05757575757575758,0.004054214015151515,2048
11,121,330,12,0.03636363636363636,0.004043856534090909,2049
19,5,330,11,0.03333333333333333,0.004043856534090909,2050
19,131,330,23,0.0696969696969697,0.004040157433712121,2051
26,135,330,12,0.03636363636363636,0.004032759232954546,2052
28,62,330,15,0.045454545454545456,0.00403127959280303,2053
7,86,330,14,0.04242424242424243,0.004020182291666666,2054
34,44,330,12,0.03636363636363636,0.004020182291666666,2055
39,80,330,14,0.04242424242424243,0.004018702651515152,2056
24,252,330,10,0.030303030303030304,0.004018702651515152,2057
20,115,330,12,0.03636363636363636,0.004009824810606061,2058
14,217,330,17,0.051515151515151514,0.004008345170454545,2059
34,59,330,19,0.05757575757575758,0.004006865530303031,2060
37,94,330,7,0.021212121212121213,0.004006865530303031,2061
14,33,330,15,0.045454545454545456,0.004005385890151515,2062
3,208,330,13,0.03939393939393939,0.004005385890151515,2063
6,200,330,10,0.030303030303030304,0.004002426609848485,2064
31,179,330,18,0.05454545454545454,0.004001686789772727,2065
6,38,330,11,0.03333333333333333,0.003999467329545455,2066
21,79,330,12,0.03636363636363636,0.003990589488636363,2067
26,148,330,16,0.048484848484848485,0.003989109848484849,2068
28,22,330,17,0.051515151515151514,0.003983931107954545,2069
33,129,330,13,0.03939393939393939,0.003983191287878788,2070
21,231,330,15,0.045454545454545456,0.003981711647727273,2071
36,68,330,11,0.03333333333333333,0.003978752367424242,2072
36,235,330,13,0.03939393939393939,0.003975793087121212,2073
3,136,330,15,0.045454545454545456,0.003972833806818182,2074
38,62,330,21,0.06363636363636363,0.003943980823863637,2075
16,47,330,16,0.048484848484848485,0.003941761363636363,2076
26,15,330,19,0.05757575757575758,0.0039373224431818185,2077
12,242,330,15,0.045454545454545456,0.0039373224431818185,2078
36,187,330,16,0.048484848484848485,0.003935842803030303,2079
10,139,330,12,0.03636363636363636,0.003932883522727273,2080
31,231,330,16,0.048484848484848485,0.003932143702651515,2081
34,163,330,14,0.04242424242424243,0.003928444602272727,2082
13,191,330,15,0.045454545454545456,0.003925485321969697,2083
17,167,330,13,0.03939393939393939,0.003925485321969697,2084
24,84,330,17,0.051515151515151514,0.003921046401515152,2085
11,135,330,15,0.045454545454545456,0.003921046401515152,2086
17,251,330,13,0.03939393939393939,0.003918826941287879,2087
17,83,330,14,0.04242424242424243,0.003915127840909091,2088
22,180,330,13,0.03939393939393939,0.003910688920454546,2089
18,23,330,12,0.03636363636363636,0.00390625,2090
14,235,330,15,0.045454545454545456,0.0039018110795454547,2091
29,80,330,13,0.03939393939393939,0.0039018110795454547,2092
9,158,330,10,0.030303030303030304,0.0038929332386363636,2093
9,13,330,15,0.045454545454545456,0.0038914535984848485,2094
11,36,330,15,0.045454545454545456,0.0038899739583333334,2095
31,105,330,16,0.048484848484848485,0.0038840553977272725,2096
38,22,330,14,0.04242424242424243,0.003875177556818182,2097
5,212,330,10,0.030303030303030304,0.0038736979166666668,2098
31,144,330,16,0.048484848484848485,0.0038596413352272726,2099
25,15,330,11,0.03333333333333333,0.0038544625946969695,2100
13,203,330,17,0.051515151515151514,0.003847064393939394,2101
29,93,330,11,0.03333333333333333,0.003847064393939394,2102
13,133,330,10,0.030303030303030304,0.003845584753787879,2103
28,248,330,19,0.05757575757575758,0.0038389263731060607,2104
11,114,330,15,0.045454545454545456,0.003838186553030303,2105
37,20,330,11,0.03333333333333333,0.003838186553030303,2106
18,163,330,17,0.051515151515151514,0.003836706912878788,2107
8,215,330,10,0.030303030303030304,0.003836706912878788,2108
36,1,330,13,0.03939393939393939,0.0038293087121212123,2109
24,47,330,10,0.030303030303030304,0.0038263494318181816,2110
5,18,330,10,0.030303030303030304,0.003820430871212121,2111
26,19,330,11,0.03333333333333333,0.003818951231060606,2112
3,246,330,15,0.045454545454545456,0.0038130326704545457,2113
38,45,330,13,0.03939393939393939,0.00380859375,2114
28,77,330,20,0.06060606060606061,0.0038056344696969697,2115
32,25,330,18,0.05454545454545454,0.0038011955492424244,2116
8,148,330,10,0.030303030303030304,0.0037982362689393937,2117
31,42,330,8,0.024242424242424242,0.0037967566287878786,2118
39,90,330,10,0.030303030303030304,0.003789358428030303,2119
23,40,330,21,0.06363636363636363,0.0037886186079545453,2120
19,180,330,15,0.045454545454545456,0.003786399147727273,2121
8,119,330,10,0.030303030303030304,0.003786399147727273,2122
19,100,330,12,0.03636363636363636,0.003781960227272727,2123
7,23,330,5,0.015151515151515152,0.003781960227272727,2124
36,89,330,8,0.024242424242424242,0.003777521306818182,2125
26,141,330,13,0.03939393939393939,0.0037745620265151516,2126
24,61,330,15,0.045454545454545456,0.0037656841856060605,2127
39,207,330,11,0.03333333333333333,0.003759765625,2128
3,31,330,5,0.015151515151515152,0.003758285984848485,2129
12,73,330,15,0.045454545454545456,0.00375680634469697,2130
39,69,330,14,0.04242424242424243,0.0037538470643939392,2131
38,84,330,13,0.03939393939393939,0.003752367424242424,2132
39,5,330,10,0.030303030303030304,0.003749408143939394,2133
18,14,330,17,0.051515151515151514,0.003747928503787879,2134
15,16,330,15,0.045454545454545456,0.003740530303030303,2135
29,90,330,15,0.045454545454545456,0.003740530303030303,2136
25,167,330,12,0.03636363636363636,0.003740530303030303,2137
15,92,330,11,0.03333333333333333,0.003740530303030303,2138
12,68,330,10,0.030303030303030304,0.0037375710227272726,2139
18,167,330,19,0.05757575757575758,0.0037338719223484846,2140
8,242,330,15,0.045454545454545456,0.003731652462121212,2141
14,4,330,14,0.04242424242424243,0.003730172821969697,2142
25,149,330,11,0.03333333333333333,0.0037242542613636362,2143
4,200,330,5,0.015151515151515152,0.003722774621212121,2144
15,253,330,10,0.030303030303030304,0.003721294981060606,2145
19,218,330,13,0.03939393939393939,0.003719815340909091,2146
33,28,330,11,0.03333333333333333,0.0037109375,2147
1,139,330,5,0.015151515151515152,0.0037109375,2148
13,140,330,14,0.04242424242424243,0.0037094578598484847,2149
23,205,330,10,0.030303030303030304,0.0037094578598484847,2150
19,70,330,15,0.045454545454545456,0.0037079782196969696,2151
37,47,330,13,0.03939393939393939,0.0037072383996212123,2152
6,226,330,15,0.045454545454545456,0.0037050189393939394,2153
19,204,330,5,0.015151515151515152,0.003699100378787879,2154
23,64,330,18,0.05454545454545454,0.0036924419981060608,2155
38,76,330,11,0.03333333333333333,0.0036909623579545457,2156
27,196,330,12,0.03636363636363636,0.0036872632575757577,2157
17,108,330,19,0.05757575757575758,0.003681344696969697,2158
4,245,330,13,0.03939393939393939,0.003672466856060606,2159
5,160,330,14,0.04242424242424243,0.0036717270359848484,2160
2,96,330,10,0.030303030303030304,0.003670987215909091,2161
27,190,330,15,0.045454545454545456,0.003669507575757576,2162
38,41,330,15,0.045454545454545456,0.003665808475378788,2163
26,186,330,9,0.02727272727272727,0.0036576704545454547,2164
12,82,330,14,0.04242424242424243,0.0036539713541666667,2165
34,230,330,17,0.051515151515151514,0.003653231534090909,2166
13,131,330,10,0.030303030303030304,0.003653231534090909,2167
39,140,330,16,0.048484848484848485,0.0036480527935606063,2168
36,226,330,14,0.04242424242424243,0.0036443536931818183,2169
36,134,330,12,0.03636363636363636,0.0036443536931818183,2170
39,254,330,11,0.03333333333333333,0.0036443536931818183,2171
37,89,330,10,0.030303030303030304,0.0036443536931818183,2172
33,80,330,16,0.048484848484848485,0.0036369554924242423,2173
1,170,330,10,0.030303030303030304,0.003635475852272727,2174
26,27,330,16,0.048484848484848485,0.003633996212121212,2175
29,226,330,14,0.04242424242424243,0.003632516571969697,2176
38,79,330,16,0.048484848484848485,0.0036317767518939392,2177
35,69,330,14,0.04242424242424243,0.0036265980113636366,2178
9,30,330,12,0.03636363636363636,0.003625118371212121,2179
35,5,330,19,0.05757575757575758,0.0036228989109848486,2180
37,241,330,16,0.048484848484848485,0.003622159090909091,2181
38,197,330,16,0.048484848484848485,0.0036206794507575757,2182
31,8,330,15,0.045454545454545456,0.0036169803503787877,2183
36,108,330,12,0.03636363636363636,0.0036147608901515153,2184
14,26,330,12,0.03636363636363636,0.00361328125,2185
29,254,330,11,0.03333333333333333,0.0036088423295454544,2186
8,157,330,15,0.045454545454545456,0.003608102509469697,2187
30,39,330,16,0.048484848484848485,0.0036073626893939393,2188
24,212,330,13,0.03939393939393939,0.0036073626893939393,2189
16,209,330,13,0.03939393939393939,0.003605883049242424,2190
12,85,330,12,0.03636363636363636,0.003601444128787879,2191
4,232,330,15,0.045454545454545456,0.0035999644886363638,2192
12,149,330,10,0.030303030303030304,0.0035999644886363638,2193
6,45,330,15,0.045454545454545456,0.0035984848484848487,2194
22,84,330,15,0.045454545454545456,0.003595525568181818,2195
12,13,330,15,0.045454545454545456,0.003594045928030303,2196
36,238,330,11,0.03333333333333333,0.003594045928030303,2197
5,108,330,10,0.030303030303030304,0.003594045928030303,2198
6,233,330,14,0.04242424242424243,0.003592566287878788,2199
10,161,330,10,0.030303030303030304,0.003592566287878788,2200
1,251,330,5,0.015151515151515152,0.0035866477272727274,2201
4,52,330,13,0.03939393939393939,0.0035851680871212123,2202
2,122,330,10,0.030303030303030304,0.0035851680871212123,2203
2,193,330,10,0.030303030303030304,0.0035807291666666665,2204
25,76,330,13,0.03939393939393939,0.0035777698863636363,2205
30,188,330,19,0.05757575757575758,0.003568152225378788,2206
36,102,330,11,0.03333333333333333,0.003568152225378788,2207
9,211,330,10,0.030303030303030304,0.003564453125,2208
28,131,330,11,0.03333333333333333,0.003562973484848485,2209
31,63,330,10,0.030303030303030304,0.003560754024621212,2210
31,13,330,14,0.04242424242424243,0.0035585345643939395,2211
30,123,330,16,0.048484848484848485,0.0035555752840909093,2212
31,191,330,17,0.051515151515151514,0.0035548354640151515,2213
22,223,330,16,0.048484848484848485,0.0035526160037878786,2214
32,226,330,14,0.04242424242424243,0.0035526160037878786,2215
36,13,330,12,0.03636363636363636,0.0035496567234848484,2216
18,102,330,13,0.03939393939393939,0.003545217803030303,2217
2,45,330,10,0.030303030303030304,0.003543738162878788,2218
22,208,330,11,0.03333333333333333,0.0035407788825757578,2219
34,114,330,15,0.045454545454545456,0.00353707978219697,2220
6,27,330,5,0.015151515151515152,0.003536339962121212,2221
8,228,330,15,0.045454545454545456,0.0035319010416666667,2222
6,75,330,5,0.015151515151515152,0.0035304214015151516,2223
22,118,330,13,0.03939393939393939,0.0035274621212121214,2224
6,43,330,15,0.045454545454545456,0.0035267223011363636,2225
3,229,330,15,0.045454545454545456,0.0035245028409090907,2226
6,125,330,10,0.030303030303030304,0.0035245028409090907,2227
14,17,330,15,0.045454545454545456,0.0035230232007575756,2228
23,91,330,13,0.03939393939393939,0.0035230232007575756,2229
32,123,330,12,0.03636363636363636,0.0035185842803030303,2230
13,177,330,10,0.030303030303030304,0.0035185842803030303,2231
24,178,330,10,0.030303030303030304,0.0035185842803030303,2232
24,80,330,10,0.030303030303030304,0.003515625,2233
10,163,330,12,0.03636363636363636,0.00351266571969697,2234
36,222,330,12,0.03636363636363636,0.0035111860795454543,2235
4,90,330,10,0.030303030303030304,0.003505267518939394,2236
34,233,330,11,0.03333333333333333,0.0035023082386363637,2237
18,13,330,14,0.04242424242424243,0.0035008285984848486,2238
35,109,330,14,0.04242424242424243,0.0034986091382575757,2239
31,240,330,14,0.04242424242424243,0.0034978693181818184,2240
3,107,330,15,0.045454545454545456,0.0034971294981060606,2241
24,79,330,10,0.030303030303030304,0.003496389678030303,2242
18,12,330,15,0.045454545454545456,0.0034949100378787877,2243
29,39,330,6,0.01818181818181818,0.0034904711174242424,2244
12,53,330,13,0.03939393939393939,0.003486032196969697,2245
33,147,330,12,0.03636363636363636,0.003486032196969697,2246
23,223,330,14,0.04242424242424243,0.003475674715909091,2247
13,226,330,11,0.03333333333333333,0.0034697561553030305,2248
6,202,330,14,0.04242424242424243,0.0034682765151515154,2249
20,61,330,16,0.048484848484848485,0.0034638375946969696,2250
33,137,330,14,0.04242424242424243,0.003461618134469697,2251
27,113,330,5,0.015151515151515152,0.0034593986742424243,2252
29,186,330,10,0.030303030303030304,0.003457919034090909,2253
36,163,330,10,0.030303030303030304,0.003457919034090909,2254
30,72,330,15,0.045454545454545456,0.003452740293560606,2255
34,241,330,14,0.04242424242424243,0.003449781013257576,2256
24,225,330,13,0.03939393939393939,0.003449041193181818,2257
37,7,330,15,0.045454545454545456,0.003446081912878788,2258
5,211,330,10,0.030303030303030304,0.003446081912878788,2259
24,159,330,11,0.03333333333333333,0.003444602272727273,2260
6,167,330,17,0.051515151515151514,0.0034423828125,2261
12,25,330,14,0.04242424242424243,0.0034416429924242426,2262
7,88,330,13,0.03939393939393939,0.0034416429924242426,2263
18,89,330,16,0.048484848484848485,0.0034379438920454546,2264
21,173,330,8,0.024242424242424242,0.0034342447916666666,2265
8,254,330,17,0.051515151515151514,0.0034298058712121213,2266
29,148,330,14,0.04242424242424243,0.0034298058712121213,2267
16,249,330,10,0.030303030303030304,0.003428326231060606,2268
32,21,330,22,0.06666666666666667,0.003425366950757576,2269
25,141,330,13,0.03939393939393939,0.00342092803030303,2270
32,240,330,15,0.045454545454545456,0.0034187085700757578,2271
4,157,330,11,0.03333333333333333,0.003416489109848485,2272
20,177,330,8,0.024242424242424242,0.003416489109848485,2273
27,3,330,10,0.030303030303030304,0.0034135298295454547,2274
23,210,330,10,0.030303030303030304,0.003407611268939394,2275
27,135,330,13,0.03939393939393939,0.0034068714488636365,2276
11,132,330,14,0.04242424242424243,0.003398733428030303,2277
21,230,330,10,0.030303030303030304,0.003398733428030303,2278
26,9,330,14,0.04242424242424243,0.0033942945075757574,2279
39,206,330,10,0.030303030303030304,0.003391335227272727,2280
31,238,330,14,0.04242424242424243,0.003389855587121212,2281
5,75,330,10,0.030303030303030304,0.003386896306818182,2282
26,3,330,13,0.03939393939393939,0.0033824573863636366,2283
2,166,330,10,0.030303030303030304,0.0033824573863636366,2284
2,168,330,10,0.030303030303030304,0.0033824573863636366,2285
33,213,330,14,0.04242424242424243,0.003381717566287879,2286
26,103,330,12,0.03636363636363636,0.003380977746212121,2287
1,72,330,10,0.030303030303030304,0.0033765388257575757,2288
30,85,330,13,0.03939393939393939,0.0033750591856060606,2289
26,197,330,16,0.048484848484848485,0.003374319365530303,2290
11,76,330,13,0.03939393939393939,0.0033676609848484846,2291
31,241,330,5,0.015151515151515152,0.003361742424242424,2292
24,255,330,17,0.051515151515151514,0.003361002604166667,2293
38,239,330,13,0.03939393939393939,0.003360262784090909,2294
24,207,330,11,0.03333333333333333,0.003360262784090909,2295
36,26,330,8,0.024242424242424242,0.003358783143939394,2296
9,167,330,12,0.03636363636363636,0.003357303503787879,2297
37,196,330,8,0.024242424242424242,0.003357303503787879,2298
32,108,330,16,0.048484848484848485,0.0033558238636363638,2299
37,93,330,15,0.045454545454545456,0.003352124763257576,2300
35,64,330,9,0.02727272727272727,0.003349905303030303,2301
30,231,330,7,0.021212121212121213,0.003349905303030303,2302
32,89,330,15,0.045454545454545456,0.0033462062026515154,2303
18,130,330,15,0.045454545454545456,0.0033439867424242425,2304
27,182,330,13,0.03939393939393939,0.0033425071022727274,2305
3,155,330,12,0.03636363636363636,0.0033410274621212123,2306
22,247,330,12,0.03636363636363636,0.0033410274621212123,2307
1,153,330,15,0.045454545454545456,0.003339547821969697,2308
22,39,330,10,0.030303030303030304,0.003339547821969697,2309
29,97,330,10,0.030303030303030304,0.0033380681818181816,2310
27,170,330,11,0.03333333333333333,0.0033336292613636363,2311
23,120,330,10,0.030303030303030304,0.0033336292613636363,2312
33,177,330,14,0.04242424242424243,0.003326970880681818,2313
30,154,330,8,0.024242424242424242,0.0033247514204545457,2314
7,163,330,5,0.015151515151515152,0.00332327178030303,2315
26,97,330,10,0.030303030303030304,0.0033203125,2316
11,255,330,10,0.030303030303030304,0.003318832859848485,2317
21,225,330,11,0.03333333333333333,0.0033173532196969697,2318
1,137,330,10,0.030303030303030304,0.0033158735795454546,2319
23,119,330,20,0.06060606060606061,0.0033129142992424244,2320
1,224,330,10,0.030303030303030304,0.0033114346590909093,2321
36,240,330,11,0.03333333333333333,0.0033099550189393937,2322
31,89,330,10,0.030303030303030304,0.0033099550189393937,2323
2,196,330,10,0.030303030303030304,0.0033084753787878786,2324
15,117,330,17,0.051515151515151514,0.0033077355587121213,2325
26,94,330,14,0.04242424242424243,0.0033069957386363635,2326
13,87,330,10,0.030303030303030304,0.0033069957386363635,2327
27,252,330,10,0.030303030303030304,0.0033055160984848484,2328
12,227,330,10,0.030303030303030304,0.003302556818181818,2329
28,226,330,5,0.015151515151515152,0.0032966382575757578,2330
23,4,330,10,0.030303030303030304,0.003293678977272727,2331
15,237,330,14,0.04242424242424243,0.0032774029356060605,2332
25,32,330,13,0.03939393939393939,0.0032759232954545454,2333
28,240,330,12,0.03636363636363636,0.0032759232954545454,2334
34,226,330,12,0.03636363636363636,0.0032744436553030303,2335
13,85,330,10,0.030303030303030304,0.003271484375,2336
30,68,330,10,0.030303030303030304,0.003270004734848485,2337
20,159,330,10,0.030303030303030304,0.00326852509469697,2338
29,166,330,11,0.03333333333333333,0.003266305634469697,2339
31,233,330,17,0.051515151515151514,0.0032655658143939392,2340
25,63,330,11,0.03333333333333333,0.0032655658143939392,2341
19,199,330,10,0.030303030303030304,0.003259647253787879,2342
24,28,330,11,0.03333333333333333,0.0032566879734848486,2343
1,187,330,5,0.015151515151515152,0.0032552083333333335,2344
19,96,330,12,0.03636363636363636,0.0032544685132575757,2345
1,28,330,10,0.030303030303030304,0.003252249053030303,2346
18,2,330,12,0.03636363636363636,0.0032507694128787877,2347
17,56,330,8,0.024242424242424242,0.0032492897727272726,2348
37,187,330,9,0.02727272727272727,0.0032470703125,2349
37,151,330,14,0.04242424242424243,0.0032448508522727273,2350
17,165,330,12,0.03636363636363636,0.0032374526515151513,2351
8,84,330,15,0.045454545454545456,0.0032337535511363638,2352
6,161,330,5,0.015151515151515152,0.003231534090909091,2353
3,127,330,11,0.03333333333333333,0.003230054450757576,2354
26,223,330,10,0.030303030303030304,0.0032167376893939394,2355
20,221,330,12,0.03636363636363636,0.003213778409090909,2356
1,158,330,5,0.015151515151515152,0.003213778409090909,2357
22,113,330,10,0.030303030303030304,0.0032078598484848483,2358
14,51,330,13,0.03939393939393939,0.003203420928030303,2359
39,202,330,11,0.03333333333333333,0.003203420928030303,2360
9,245,330,10,0.030303030303030304,0.003200461647727273,2361
15,219,330,15,0.045454545454545456,0.0031989820075757577,2362
12,77,330,10,0.030303030303030304,0.0031989820075757577,2363
4,238,330,10,0.030303030303030304,0.0031975023674242426,2364
1,116,330,10,0.030303030303030304,0.0031915838068181817,2365
9,208,330,10,0.030303030303030304,0.0031915838068181817,2366
23,249,330,17,0.051515151515151514,0.0031908439867424244,2367
29,85,330,12,0.03636363636363636,0.0031893643465909093,2368
36,139,330,11,0.03333333333333333,0.0031893643465909093,2369
25,131,330,14,0.04242424242424243,0.0031871448863636364,2370
23,181,330,10,0.030303030303030304,0.003184185606060606,2371
26,254,330,11,0.03333333333333333,0.003182705965909091,2372
28,253,330,7,0.021212121212121213,0.0031797466856060604,2373
15,37,330,10,0.030303030303030304,0.0031782670454545453,2374
29,43,330,12,0.03636363636363636,0.003176047585227273,2375
31,18,330,15,0.045454545454545456,0.003175307765151515,2376
27,98,330,14,0.04242424242424243,0.0031730883049242422,2377
31,95,330,10,0.030303030303030304,0.003171608664772727,2378
37,200,330,15,0.045454545454545456,0.0031679095643939396,2379
30,125,330,11,0.03333333333333333,0.0031679095643939396,2380
37,106,330,11,0.03333333333333333,0.0031679095643939396,2381
5,156,330,7,0.021212121212121213,0.0031679095643939396,2382
4,119,330,10,0.030303030303030304,0.0031590317234848485,2383
27,69,330,13,0.03939393939393939,0.003154592803030303,2384
1,111,330,12,0.03636363636363636,0.003154592803030303,2385
20,123,330,10,0.030303030303030304,0.003153113162878788,2386
30,103,330,10,0.030303030303030304,0.0031516335227272725,2387
38,7,330,18,0.05454545454545454,0.003147194602272727,2388
1,181,330,10,0.030303030303030304,0.003147194602272727,2389
38,5,330,13,0.03939393939393939,0.003145714962121212,2390
19,34,330,10,0.030303030303030304,0.0031412760416666668,2391
34,62,330,16,0.048484848484848485,0.003139056581439394,2392
36,41,330,12,0.03636363636363636,0.0031383167613636366,2393
3,125,330,10,0.030303030303030304,0.0031383167613636366,2394
35,248,330,17,0.051515151515151514,0.0031316583806818184,2395
31,178,330,14,0.04242424242424243,0.0031309185606060606,2396
6,39,330,10,0.030303030303030304,0.0031294389204545455,2397
12,128,330,10,0.030303030303030304,0.0031294389204545455,2398
2,230,330,10,0.030303030303030304,0.0031279592803030304,2399
10,227,330,11,0.03333333333333333,0.0031264796401515153,2400
5,171,330,11,0.03333333333333333,0.003125,2401
33,9,330,11,0.03333333333333333,0.0031227805397727273,2402
39,162,330,10,0.030303030303030304,0.0031220407196969695,2403
11,21,330,11,0.03333333333333333,0.0031190814393939393,2404
19,52,330,10,0.030303030303030304,0.0031190814393939393,2405
37,239,330,10,0.030303030303030304,0.0031190814393939393,2406
26,18,330,14,0.04242424242424243,0.003117601799242424,2407
7,161,330,13,0.03939393939393939,0.0031116832386363638,2408
19,137,330,13,0.03939393939393939,0.003107244318181818,2409
30,60,330,12,0.03636363636363636,0.003107244318181818,2410
12,224,330,10,0.030303030303030304,0.003104285037878788,2411
20,112,330,9,0.02727272727272727,0.003104285037878788,2412
39,177,330,9,0.02727272727272727,0.0030998461174242425,2413
34,45,330,9,0.02727272727272727,0.003086529356060606,2414
34,238,330,12,0.03636363636363636,0.0030843098958333332,2415
4,177,330,10,0.030303030303030304,0.003083570075757576,2416
12,172,330,15,0.045454545454545456,0.0030820904356060608,2417
13,46,330,10,0.030303030303030304,0.0030820904356060608,2418
9,228,330,10,0.030303030303030304,0.00307913115530303,2419
1,207,330,10,0.030303030303030304,0.003076171875,2420
6,232,330,13,0.03939393939393939,0.0030732125946969697,2421
36,241,330,7,0.021212121212121213,0.0030702533143939395,2422
6,46,330,12,0.03636363636363636,0.0030687736742424244,2423
22,195,330,10,0.030303030303030304,0.0030672940340909093,2424
32,238,330,12,0.03636363636363636,0.0030665542140151515,2425
4,185,330,13,0.03939393939393939,0.0030643347537878786,2426
35,96,330,9,0.02727272727272727,0.0030643347537878786,2427
35,233,330,10,0.030303030303030304,0.0030628551136363635,2428
23,3,330,9,0.02727272727272727,0.0030628551136363635,2429
37,255,330,7,0.021212121212121213,0.0030613754734848484,2430
9,225,330,10,0.030303030303030304,0.003058416193181818,2431
17,156,330,9,0.02727272727272727,0.003056936553030303,2432
1,104,330,10,0.030303030303030304,0.003053237452651515,2433
27,223,330,10,0.030303030303030304,0.0030510179924242422,2434
3,4,330,10,0.030303030303030304,0.003046579071969697,2435
27,116,330,9,0.02727272727272727,0.003045099431818182,2436
15,217,330,12,0.03636363636363636,0.0030406605113636365,2437
9,227,330,13,0.03939393939393939,0.0030362215909090907,2438
13,119,330,10,0.030303030303030304,0.0030332623106060605,2439
38,20,330,8,0.024242424242424242,0.0030317826704545454,2440
20,134,330,12,0.03636363636363636,0.003028823390151515,2441
2,10,330,10,0.030303030303030304,0.003028823390151515,2442
31,0,330,9,0.02727272727272727,0.003028823390151515,2443
38,152,330,13,0.03939393939393939,0.003025864109848485,2444
16,163,330,12,0.03636363636363636,0.003025864109848485,2445
3,81,330,10,0.030303030303030304,0.0030214251893939392,2446
11,217,330,11,0.03333333333333333,0.003019945549242424,2447
20,84,330,10,0.030303030303030304,0.003015506628787879,2448
29,160,330,10,0.030303030303030304,0.003015506628787879,2449
13,225,330,10,0.030303030303030304,0.0030140269886363637,2450
38,138,330,10,0.030303030303030304,0.0030140269886363637,2451
27,254,330,11,0.03333333333333333,0.0030125473484848486,2452
38,55,330,11,0.03333333333333333,0.0030110677083333335,2453
33,73,330,10,0.030303030303030304,0.0030110677083333335,2454
18,81,330,13,0.03939393939393939,0.0030088482481060606,2455
34,97,330,10,0.030303030303030304,0.003008108428030303,2456
26,81,330,11,0.03333333333333333,0.0030066287878787877,2457
1,160,330,10,0.030303030303030304,0.0030066287878787877,2458
11,126,330,5,0.015151515151515152,0.0030066287878787877,2459
39,194,330,12,0.03636363636363636,0.0030058889678030304,2460
18,152,330,10,0.030303030303030304,0.002997750946969697,2461
10,202,330,10,0.030303030303030304,0.0029918323863636362,2462
17,25,330,10,0.030303030303030304,0.0029918323863636362,2463
12,87,330,9,0.02727272727272727,0.0029918323863636362,2464
8,38,330,15,0.045454545454545456,0.002988873106060606,2465
31,153,330,13,0.03939393939393939,0.002988873106060606,2466
36,166,330,12,0.03636363636363636,0.002985913825757576,2467
21,201,330,11,0.03333333333333333,0.002985174005681818,2468
21,95,330,10,0.030303030303030304,0.0029829545454545456,2469
30,254,330,10,0.030303030303030304,0.0029814749053030305,2470
32,110,330,12,0.03636363636363636,0.0029807350852272727,2471
33,41,330,10,0.030303030303030304,0.0029770359848484847,2472
37,79,330,5,0.015151515151515152,0.0029770359848484847,2473
15,71,330,13,0.03939393939393939,0.0029711174242424243,2474
37,2,330,12,0.03636363636363636,0.0029711174242424243,2475
4,127,330,10,0.030303030303030304,0.0029637192234848483,2476
20,207,330,7,0.021212121212121213,0.0029637192234848483,2477
11,172,330,10,0.030303030303030304,0.002957800662878788,2478
26,33,330,10,0.030303030303030304,0.002957800662878788,2479
7,17,330,10,0.030303030303030304,0.0029548413825757577,2480
18,176,330,10,0.030303030303030304,0.0029518821022727275,2481
17,205,330,10,0.030303030303030304,0.0029459635416666666,2482
15,206,330,14,0.04242424242424243,0.0029444839015151515,2483
21,57,330,5,0.015151515151515152,0.0029444839015151515,2484
29,11,330,10,0.030303030303030304,0.0029430042613636364,2485
13,143,330,10,0.030303030303030304,0.002940044981060606,2486
38,132,330,13,0.03939393939393939,0.0029393051609848484,2487
25,48,330,10,0.030303030303030304,0.002938565340909091,2488
9,154,330,11,0.03333333333333333,0.002937085700757576,2489
29,177,330,12,0.03636363636363636,0.002933386600378788,2490
25,110,330,11,0.03333333333333333,0.002931167140151515,2491
34,84,330,12,0.03636363636363636,0.0029296875,2492
5,110,330,10,0.030303030303030304,0.0029252485795454547,2493
8,34,330,11,0.03333333333333333,0.0029178503787878787,2494
29,238,330,11,0.03333333333333333,0.0029148910984848485,2495
20,95,330,10,0.030303030303030304,0.0029148910984848485,2496
25,161,330,9,0.02727272727272727,0.0029148910984848485,2497
1,244,330,10,0.030303030303030304,0.002910452178030303,2498
4,83,330,10,0.030303030303030304,0.002901574337121212,2499
21,45,330,7,0.021212121212121213,0.002900094696969697,2500
32,61,330,10,0.030303030303030304,0.002898615056818182,2501
23,142,330,6,0.01818181818181818,0.002898615056818182,2502
37,68,330,10,0.030303030303030304,0.0028971354166666668,2503
39,152,330,13,0.03939393939393939,0.002896395596590909,2504
22,85,330,11,0.03333333333333333,0.0028956557765151517,2505
2,160,330,10,0.030303030303030304,0.0028956557765151517,2506
33,249,330,11,0.03333333333333333,0.0028941761363636366,2507
17,154,330,9,0.02727272727272727,0.002892696496212121,2508
9,141,330,8,0.024242424242424242,0.002892696496212121,2509
35,155,330,13,0.03939393939393939,0.002889737215909091,2510
36,5,330,9,0.02727272727272727,0.002889737215909091,2511
35,115,330,13,0.03939393939393939,0.0028852982954545455,2512
9,72,330,10,0.030303030303030304,0.0028823390151515153,2513
21,233,330,11,0.03333333333333333,0.002873461174242424,2514
19,124,330,10,0.030303030303030304,0.002873461174242424,2515
27,27,330,10,0.030303030303030304,0.002873461174242424,2516
11,179,330,8,0.024242424242424242,0.002871981534090909,2517
26,138,330,5,0.015151515151515152,0.002870501893939394,2518
37,62,330,8,0.024242424242424242,0.002868282433712121,2519
28,190,330,5,0.015151515151515152,0.0028675426136363638,2520
26,22,330,9,0.02727272727272727,0.002863103693181818,2521
34,178,330,11,0.03333333333333333,0.0028608842329545456,2522
1,5,330,10,0.030303030303030304,0.002860144412878788,2523
5,226,330,10,0.030303030303030304,0.0028586647727272727,2524
7,166,330,9,0.02727272727272727,0.0028586647727272727,2525
14,246,330,9,0.02727272727272727,0.0028571851325757576,2526
23,171,330,11,0.03333333333333333,0.0028557054924242425,2527
1,167,330,10,0.030303030303030304,0.0028557054924242425,2528
3,245,330,5,0.015151515151515152,0.0028557054924242425,2529
37,19,330,10,0.030303030303030304,0.0028534860321969696,2530
31,150,330,5,0.015151515151515152,0.0028527462121212123,2531
27,244,330,10,0.030303030303030304,0.0028468276515151514,2532
35,180,330,9,0.02727272727272727,0.0028453480113636363,2533
27,247,330,9,0.02727272727272727,0.0028379498106060608,2534
17,62,330,12,0.03636363636363636,0.0028364701704545457,2535
4,104,330,5,0.015151515151515152,0.00283203125,2536
37,190,330,5,0.015151515151515152,0.00283203125,2537
11,159,330,10,0.030303030303030304,0.0028290719696969697,2538
33,22,330,11,0.03333333333333333,0.002828332149621212,2539
16,20,330,12,0.03636363636363636,0.0028275923295454546,2540
37,152,330,11,0.03333333333333333,0.0028275923295454546,2541
9,115,330,11,0.03333333333333333,0.0028231534090909093,2542
35,11,330,10,0.030303030303030304,0.0028231534090909093,2543
33,25,330,9,0.02727272727272727,0.0028216737689393937,2544
34,25,330,10,0.030303030303030304,0.0028187144886363635,2545
6,155,330,10,0.030303030303030304,0.0028172348484848484,2546
35,104,330,12,0.03636363636363636,0.002814275568181818,2547
19,30,330,10,0.030303030303030304,0.002814275568181818,2548
7,21,330,11,0.03333333333333333,0.002812795928030303,2549
21,142,330,9,0.02727272727272727,0.002812795928030303,2550
25,61,330,10,0.030303030303030304,0.002811316287878788,2551
1,109,330,5,0.015151515151515152,0.0028083570075757578,2552
3,77,330,10,0.030303030303030304,0.0027965198863636365,2553
37,85,330,6,0.01818181818181818,0.0027965198863636365,2554
32,247,330,5,0.015151515151515152,0.0027965198863636365,2555
22,110,330,5,0.015151515151515152,0.0027935606060606063,2556
30,250,330,11,0.03333333333333333,0.0027920809659090907,2557
1,194,330,10,0.030303030303030304,0.002784682765151515,2558
29,118,330,13,0.03939393939393939,0.002783203125,2559
34,13,330,10,0.030303030303030304,0.002783203125,2560
27,150,330,12,0.03636363636363636,0.0027824633049242423,2561
24,57,330,8,0.024242424242424242,0.002781723484848485,2562
20,209,330,10,0.030303030303030304,0.0027787642045454543,2563
3,243,330,5,0.015151515151515152,0.0027787642045454543,2564
13,57,330,11,0.03333333333333333,0.002775804924242424,2565
16,104,330,10,0.030303030303030304,0.002774325284090909,2566
21,22,330,10,0.030303030303030304,0.002772845643939394,2567
33,81,330,10,0.030303030303030304,0.0027721058238636366,2568
4,101,330,10,0.030303030303030304,0.0027698863636363637,2569
29,172,330,10,0.030303030303030304,0.0027698863636363637,2570
25,115,330,11,0.03333333333333333,0.0027684067234848486,2571
16,240,330,10,0.030303030303030304,0.0027654474431818184,2572
21,117,330,10,0.030303030303030304,0.0027624881628787877,2573
26,194,330,10,0.030303030303030304,0.0027624881628787877,2574
10,28,330,11,0.03333333333333333,0.0027610085227272726,2575
37,224,330,5,0.015151515151515152,0.0027610085227272726,2576
31,43,330,10,0.030303030303030304,0.0027602687026515153,2577
34,76,330,6,0.01818181818181818,0.0027595288825757575,2578
37,108,330,12,0.03636363636363636,0.0027565696022727273,2579
25,197,330,11,0.03333333333333333,0.0027476917613636362,2580
1,144,330,10,0.030303030303030304,0.0027476917613636362,2581
13,235,330,10,0.030303030303030304,0.002744732481060606,2582
30,220,330,10,0.030303030303030304,0.002741773200757576,2583
1,210,330,10,0.030303030303030304,0.0027388139204545456,2584
4,241,330,10,0.030303030303030304,0.002734375,2585
26,28,330,9,0.02727272727272727,0.002734375,2586
21,190,330,6,0.01818181818181818,0.0027314157196969696,2587
34,125,330,13,0.03939393939393939,0.0027284564393939394,2588
32,236,330,6,0.01818181818181818,0.0027269767992424243,2589
12,237,330,5,0.015151515151515152,0.002722537878787879,2590
5,132,330,10,0.030303030303030304,0.0027195785984848483,2591
26,90,330,10,0.030303030303030304,0.002716619318181818,2592
22,42,330,10,0.030303030303030304,0.002712180397727273,2593
11,47,330,10,0.030303030303030304,0.002704782196969697,2594
4,41,330,9,0.02727272727272727,0.0027033025568181817,2595
31,188,330,11,0.03333333333333333,0.0027025627367424244,2596
24,1,330,10,0.030303030303030304,0.0027018229166666666,2597
15,185,330,13,0.03939393939393939,0.0027010830965909093,2598
19,63,330,10,0.030303030303030304,0.0027003432765151515,2599
34,134,330,12,0.03636363636363636,0.0026936848958333333,2600
4,130,330,10,0.030303030303030304,0.002692945075757576,2601
11,117,330,10,0.030303030303030304,0.002692945075757576,2602
24,55,330,5,0.015151515151515152,0.0026899857954545453,2603
17,42,330,10,0.030303030303030304,0.00268850615530303,2604
7,229,330,8,0.024242424242424242,0.00268850615530303,2605
5,79,330,10,0.030303030303030304,0.002685546875,2606
27,191,330,9,0.02727272727272727,0.002681847774621212,2607
21,0,330,5,0.015151515151515152,0.0026811079545454547,2608
21,43,330,10,0.030303030303030304,0.002678148674242424,2609
35,241,330,11,0.03333333333333333,0.0026744495738636365,2610
32,143,330,12,0.03636363636363636,0.0026677911931818183,2611
11,184,330,10,0.030303030303030304,0.0026677911931818183,2612
37,168,330,10,0.030303030303030304,0.002666311553030303,2613
1,165,330,10,0.030303030303030304,0.0026633522727272725,2614
2,112,330,8,0.024242424242424242,0.0026603929924242423,2615
31,124,330,5,0.015151515151515152,0.0026603929924242423,2616
36,34,330,9,0.02727272727272727,0.0026529947916666668,2617
34,53,330,9,0.02727272727272727,0.0026515151515151517,2618
8,172,330,17,0.051515151515151514,0.002650775331439394,2619
30,223,330,13,0.03939393939393939,0.0026500355113636366,2620
28,89,330,13,0.03939393939393939,0.002647076231060606,2621
25,66,330,10,0.030303030303030304,0.002647076231060606,2622
1,119,330,10,0.030303030303030304,0.0026441169507575757,2623
26,110,330,9,0.02727272727272727,0.0026411576704545455,2624
10,247,330,9,0.02727272727272727,0.0026396780303030304,2625
25,244,330,5,0.015151515151515152,0.0026396780303030304,2626
31,200,330,12,0.03636363636363636,0.00263671875,2627
3,180,330,10,0.030303030303030304,0.0026337594696969695,2628
29,1,330,10,0.030303030303030304,0.0026308001893939393,2629
26,151,330,5,0.015151515151515152,0.0026308001893939393,2630
3,17,330,10,0.030303030303030304,0.002624881628787879,2631
11,244,330,10,0.030303030303030304,0.002624881628787879,2632
23,184,330,9,0.02727272727272727,0.002620442708333333,2633
18,4,330,9,0.02727272727272727,0.002617483428030303,2634
5,67,330,5,0.015151515151515152,0.0026130445075757576,2635
31,88,330,10,0.030303030303030304,0.0026100852272727274,2636
20,181,330,14,0.04242424242424243,0.0026086055871212123,2637
9,142,330,9,0.02727272727272727,0.0026012073863636363,2638
16,181,330,5,0.015151515151515152,0.0026012073863636363,2639
20,34,330,10,0.030303030303030304,0.002599727746212121,2640
3,18,330,10,0.030303030303030304,0.002598248106060606,2641
12,205,330,10,0.030303030303030304,0.002598248106060606,2642
37,141,330,8,0.024242424242424242,0.0025923295454545457,2643
37,4,330,7,0.021212121212121213,0.002589370265151515,2644
20,82,330,5,0.015151515151515152,0.002589370265151515,2645
39,158,330,10,0.030303030303030304,0.002587890625,2646
11,160,330,7,0.021212121212121213,0.0025819720643939395,2647
9,75,330,11,0.03333333333333333,0.0025812322443181817,2648
20,253,330,5,0.015151515151515152,0.0025804924242424244,2649
35,126,330,13,0.03939393939393939,0.0025775331439393937,2650
13,172,330,9,0.02727272727272727,0.002565696022727273,2651
2,139,330,5,0.015151515151515152,0.002559777462121212,2652
27,236,330,9,0.02727272727272727,0.0025590376420454547,2653
13,192,330,9,0.02727272727272727,0.002558297821969697,2654
29,155,330,10,0.030303030303030304,0.002556818181818182,2655
22,172,330,13,0.03939393939393939,0.0025553385416666667,2656
33,27,330,9,0.02727272727272727,0.0025553385416666667,2657
33,183,330,4,0.012121212121212121,0.0025538589015151516,2658
34,5,330,6,0.01818181818181818,0.0025508996212121214,2659
6,208,330,11,0.03333333333333333,0.0025494199810606063,2660
36,253,330,10,0.030303030303030304,0.0025494199810606063,2661
39,172,330,8,0.024242424242424242,0.0025464607007575756,2662
1,102,330,10,0.030303030303030304,0.0025449810606060605,2663
22,74,330,9,0.02727272727272727,0.0025435014204545454,2664
3,172,330,10,0.030303030303030304,0.0025420217803030303,2665
20,220,330,8,0.024242424242424242,0.0025420217803030303,2666
6,218,330,10,0.030303030303030304,0.0025390625,2667
27,142,330,8,0.024242424242424242,0.0025331439393939392,2668
6,55,330,5,0.015151515151515152,0.0025331439393939392,2669
8,105,330,7,0.021212121212121213,0.0025309244791666668,2670
29,60,330,10,0.030303030303030304,0.002528705018939394,2671
38,236,330,6,0.01818181818181818,0.0025242660984848486,2672
15,87,330,11,0.03333333333333333,0.0025213068181818184,2673
29,195,330,10,0.030303030303030304,0.0025213068181818184,2674
23,158,330,9,0.02727272727272727,0.0025213068181818184,2675
11,241,330,5,0.015151515151515152,0.0025213068181818184,2676
33,29,330,6,0.01818181818181818,0.002519827178030303,2677
4,167,330,10,0.030303030303030304,0.0025183475378787877,2678
18,137,330,9,0.02727272727272727,0.0025183475378787877,2679
15,83,330,5,0.015151515151515152,0.0025183475378787877,2680
37,171,330,9,0.02727272727272727,0.0025168678977272726,2681
37,138,330,12,0.03636363636363636,0.0025146484375,2682
21,94,330,14,0.04242424242424243,0.002507250236742424,2683
22,92,330,9,0.02727272727272727,0.002506510416666667,2684
28,15,330,14,0.04242424242424243,0.002502071496212121,2685
6,103,330,10,0.030303030303030304,0.002502071496212121,2686
7,213,330,9,0.02727272727272727,0.002499112215909091,2687
6,204,330,9,0.02727272727272727,0.002490234375,2688
20,218,330,9,0.02727272727272727,0.0024843158143939394,2689
26,112,330,9,0.02727272727272727,0.0024843158143939394,2690
35,80,330,7,0.021212121212121213,0.0024791370738636363,2691
29,37,330,5,0.015151515151515152,0.0024739583333333332,2692
32,76,330,12,0.03636363636363636,0.002472478693181818,2693
16,3,330,12,0.03636363636363636,0.0024717388731060608,2694
38,52,330,9,0.02727272727272727,0.002470999053030303,2695
33,228,330,12,0.03636363636363636,0.00246877959280303,2696
37,64,330,15,0.045454545454545456,0.002467299952651515,2697
29,8,330,5,0.015151515151515152,0.0024650804924242426,2698
26,251,330,5,0.015151515151515152,0.002462121212121212,2699
15,152,330,9,0.02727272727272727,0.002460641571969697,2700
36,123,330,8,0.024242424242424242,0.0024591619318181817,2701
38,212,330,12,0.03636363636363636,0.0024584221117424244,2702
15,157,330,11,0.03333333333333333,0.0024532433712121213,2703
33,67,330,10,0.030303030303030304,0.0024532433712121213,2704
36,122,330,7,0.021212121212121213,0.0024532433712121213,2705
3,158,330,10,0.030303030303030304,0.0024473248106060604,2706
16,169,330,10,0.030303030303030304,0.0024473248106060604,2707
6,186,330,10,0.030303030303030304,0.00244436553030303,2708
2,30,330,9,0.02727272727272727,0.00244140625,2709
13,90,330,9,0.02727272727272727,0.002439926609848485,2710
21,157,330,7,0.021212121212121213,0.002439926609848485,2711
21,222,330,7,0.021212121212121213,0.0024354876893939396,2712
38,153,330,6,0.01818181818181818,0.0024354876893939396,2713
18,19,330,10,0.030303030303030304,0.0024295691287878787,2714
5,248,330,5,0.015151515151515152,0.0024295691287878787,2715
32,213,330,10,0.030303030303030304,0.0024280894886363636,2716
36,85,330,8,0.024242424242424242,0.0024280894886363636,2717
31,108,330,10,0.030303030303030304,0.0024236505681818183,2718
25,90,330,9,0.02727272727272727,0.002422170928030303,2719
12,236,330,7,0.021212121212121213,0.002420691287878788,2720
16,130,330,12,0.03636363636363636,0.0024177320075757574,2721
29,72,330,9,0.02727272727272727,0.0024177320075757574,2722
11,202,330,9,0.02727272727272727,0.002414772727272727,2723
13,155,330,5,0.015151515151515152,0.002414772727272727,2724
1,237,330,5,0.015151515151515152,0.002411813446969697,2725
10,103,330,10,0.030303030303030304,0.0024088541666666668,2726
17,220,330,9,0.02727272727272727,0.0024073745265151517,2727
4,95,330,9,0.02727272727272727,0.0024058948863636366,2728
3,94,330,10,0.030303030303030304,0.002402935606060606,2729
7,228,330,10,0.030303030303030304,0.002401455965909091,2730
1,37,330,8,0.024242424242424242,0.0023940577651515153,2731
34,29,330,8,0.024242424242424242,0.0023933179450757575,2732
37,237,330,10,0.030303030303030304,0.0023918383049242424,2733
21,136,330,11,0.03333333333333333,0.0023910984848484846,2734
27,180,330,9,0.02727272727272727,0.0023896188446969695,2735
17,187,330,13,0.03939393939393939,0.0023881392045454544,2736
34,108,330,8,0.024242424242424242,0.002385179924242424,2737
3,169,330,10,0.030303030303030304,0.002383700284090909,2738
3,193,330,6,0.01818181818181818,0.002383700284090909,2739
21,251,330,6,0.01818181818181818,0.002380741003787879,2740
18,150,330,10,0.030303030303030304,0.0023792613636363638,2741
16,251,330,9,0.02727272727272727,0.0023777817234848487,2742
6,165,330,8,0.024242424242424242,0.002376302083333333,2743
38,207,330,8,0.024242424242424242,0.002376302083333333,2744
37,55,330,10,0.030303030303030304,0.002373342803030303,2745
35,183,330,9,0.02727272727272727,0.0023689038825757576,2746
27,141,330,8,0.024242424242424242,0.0023652047821969696,2747
29,235,330,8,0.024242424242424242,0.0023644649621212123,2748
24,194,330,5,0.015151515151515152,0.0023644649621212123,2749
29,169,330,7,0.021212121212121213,0.002352627840909091,2750
4,197,330,8,0.024242424242424242,0.002351148200757576,2751
29,239,330,10,0.030303030303030304,0.0023496685606060608,2752
37,215,330,5,0.015151515151515152,0.0023496685606060608,2753
7,5,330,8,0.024242424242424242,0.0023481889204545457,2754
11,56,330,10,0.030303030303030304,0.002342270359848485,2755
14,6,330,10,0.030303030303030304,0.002342270359848485,2756
28,179,330,10,0.030303030303030304,0.0023407907196969697,2757
24,96,330,8,0.024242424242424242,0.0023407907196969697,2758
18,92,330,10,0.030303030303030304,0.0023393110795454546,2759
24,164,330,9,0.02727272727272727,0.0023333925189393937,2760
34,219,330,5,0.015151515151515152,0.0023319128787878786,2761
36,189,330,5,0.015151515151515152,0.0023319128787878786,2762
39,59,330,20,0.06060606060606061,0.0023311730587121213,2763
8,47,330,12,0.03636363636363636,0.0023304332386363635,2764
30,131,330,15,0.045454545454545456,0.0023289535984848484,2765
6,79,330,10,0.030303030303030304,0.002328213778409091,2766
10,149,330,10,0.030303030303030304,0.002324514678030303,2767
2,236,330,5,0.015151515151515152,0.002323035037878788,2768
7,153,330,9,0.02727272727272727,0.0023200757575757578,2769
2,78,330,5,0.015151515151515152,0.0023200757575757578,2770
24,205,330,10,0.030303030303030304,0.0023185961174242422,2771
29,252,330,10,0.030303030303030304,0.002315636837121212,2772
38,14,330,10,0.030303030303030304,0.002314157196969697,2773
39,163,330,7,0.021212121212121213,0.002314157196969697,2774
23,201,330,14,0.04242424242424243,0.0023134173768939396,2775
15,153,330,10,0.030303030303030304,0.0023134173768939396,2776
24,175,330,8,0.024242424242424242,0.002312677556818182,2777
25,188,330,5,0.015151515151515152,0.0023111979166666667,2778
31,80,330,10,0.030303030303030304,0.0023097182765151516,2779
14,164,330,8,0.024242424242424242,0.0023097182765151516,2780
15,236,330,10,0.030303030303030304,0.0023082386363636365,2781
29,218,330,7,0.021212121212121213,0.0023082386363636365,2782
20,27,330,5,0.015151515151515152,0.0023082386363636365,2783
14,61,330,10,0.030303030303030304,0.0023067589962121214,2784
26,46,330,6,0.01818181818181818,0.0023052793560606063,2785
25,154,330,9,0.02727272727272727,0.0023023200757575756,2786
32,218,330,15,0.045454545454545456,0.002298620975378788,2787
24,189,330,9,0.02727272727272727,0.0022978811553030303,2788
15,60,330,10,0.030303030303030304,0.002296401515151515,2789
2,4,330,7,0.021212121212121213,0.002293442234848485,2790
18,153,330,10,0.030303030303030304,0.0022904829545454543,2791
4,239,330,5,0.015151515151515152,0.0022904829545454543,2792
19,171,330,14,0.04242424242424243,0.002289743134469697,2793
34,49,330,11,0.03333333333333333,0.002289743134469697,2794
38,144,330,15,0.045454545454545456,0.0022890033143939392,2795
4,39,330,5,0.015151515151515152,0.002287523674242424,2796
20,88,330,10,0.030303030303030304,0.002286044034090909,2797
34,239,330,8,0.024242424242424242,0.002286044034090909,2798
10,234,330,5,0.015151515151515152,0.002284564393939394,2799
31,243,330,10,0.030303030303030304,0.0022816051136363637,2800
37,3,330,7,0.021212121212121213,0.0022816051136363637,2801
4,224,330,12,0.03636363636363636,0.0022764263731060606,2802
3,194,330,5,0.015151515151515152,0.0022727272727272726,2803
28,206,330,13,0.03939393939393939,0.0022697679924242424,2804
19,228,330,10,0.030303030303030304,0.0022697679924242424,2805
35,6,330,11,0.03333333333333333,0.0022690281723484846,2806
28,56,330,10,0.030303030303030304,0.002263109611742424,2807
9,108,330,10,0.030303030303030304,0.0022608901515151513,2808
34,90,330,10,0.030303030303030304,0.0022608901515151513,2809
37,86,330,9,0.02727272727272727,0.0022608901515151513,2810
33,36,330,5,0.015151515151515152,0.0022608901515151513,2811
28,158,330,8,0.024242424242424242,0.002256451231060606,2812
31,73,330,9,0.02727272727272727,0.002254971590909091,2813
2,205,330,8,0.024242424242424242,0.002254971590909091,2814
39,92,330,9,0.02727272727272727,0.002253491950757576,2815
34,133,330,8,0.024242424242424242,0.0022505326704545456,2816
34,200,330,7,0.021212121212121213,0.0022505326704545456,2817
20,73,330,8,0.024242424242424242,0.00224609375,2818
36,144,330,8,0.024242424242424242,0.0022401751893939394,2819
29,24,330,11,0.03333333333333333,0.0022386955492424243,2820
30,203,330,11,0.03333333333333333,0.0022386955492424243,2821
2,217,330,10,0.030303030303030304,0.002235736268939394,2822
15,212,330,5,0.015151515151515152,0.002234256628787879,2823
31,24,330,7,0.021212121212121213,0.002233516808712121,2824
10,22,330,9,0.02727272727272727,0.0022298177083333332,2825
10,237,330,10,0.030303030303030304,0.002228338068181818,2826
8,150,330,10,0.030303030303030304,0.002226858428030303,2827
39,96,330,8,0.024242424242424242,0.0022261186079545457,2828
28,166,330,8,0.024242424242424242,0.002225378787878788,2829
16,113,330,6,0.01818181818181818,0.002225378787878788,2830
10,246,330,10,0.030303030303030304,0.002223899147727273,2831
1,134,330,5,0.015151515151515152,0.0022224195075757577,2832
33,59,330,9,0.02727272727272727,0.002217980587121212,2833
36,110,330,9,0.02727272727272727,0.002217980587121212,2834
24,76,330,8,0.024242424242424242,0.0022150213068181817,2835
8,104,330,13,0.03939393939393939,0.0022135416666666666,2836
21,220,330,10,0.030303030303030304,0.0022105823863636364,2837
17,27,330,11,0.03333333333333333,0.0022031841856060604,2838
29,102,330,8,0.024242424242424242,0.002199485085227273,2839
28,174,330,11,0.03333333333333333,0.0021980054450757578,2840
11,148,330,9,0.02727272727272727,0.0021928267045454547,2841
15,136,330,8,0.024242424242424242,0.0021913470643939396,2842
18,69,330,10,0.030303030303030304,0.002189867424242424,2843
38,250,330,7,0.021212121212121213,0.002189867424242424,2844
23,86,330,7,0.021212121212121213,0.002186908143939394,2845
17,39,330,9,0.02727272727272727,0.0021839488636363636,2846
13,244,330,8,0.024242424242424242,0.0021809895833333334,2847
4,207,330,5,0.015151515151515152,0.002178030303030303,2848
26,143,330,5,0.015151515151515152,0.002178030303030303,2849
32,158,330,9,0.02727272727272727,0.002176550662878788,2850
34,19,330,6,0.01818181818181818,0.002176550662878788,2851
38,96,330,14,0.04242424242424243,0.0021735913825757574,2852
6,225,330,5,0.015151515151515152,0.0021721117424242423,2853
18,49,330,7,0.021212121212121213,0.002169152462121212,2854
20,202,330,8,0.024242424242424242,0.0021684126420454543,2855
32,137,330,11,0.03333333333333333,0.002167672821969697,2856
26,26,330,8,0.024242424242424242,0.002167672821969697,2857
25,187,330,5,0.015151515151515152,0.002166193181818182,2858
13,215,330,10,0.030303030303030304,0.0021647135416666668,2859
29,99,330,10,0.030303030303030304,0.002162494081439394,2860
16,40,330,5,0.015151515151515152,0.002160274621212121,2861
7,147,330,7,0.021212121212121213,0.0021543560606060606,2862
37,242,330,6,0.01818181818181818,0.0021543560606060606,2863
17,116,330,10,0.030303030303030304,0.0021513967803030304,2864
24,56,330,8,0.024242424242424242,0.0021513967803030304,2865
7,119,330,5,0.015151515151515152,0.0021513967803030304,2866
14,75,330,9,0.02727272727272727,0.0021499171401515153,2867
20,255,330,5,0.015151515151515152,0.0021454782196969695,2868
11,185,330,6,0.01818181818181818,0.002141039299242424,2869
23,87,330,8,0.024242424242424242,0.002139559659090909,2870
32,33,330,13,0.03939393939393939,0.002138080018939394,2871
37,205,330,5,0.015151515151515152,0.002138080018939394,2872
13,190,330,7,0.021212121212121213,0.002136600378787879,2873
36,116,330,7,0.021212121212121213,0.002132161458333333,2874
21,46,330,8,0.024242424242424242,0.002130681818181818,2875
14,248,330,10,0.030303030303030304,0.0021299419981060607,2876
17,223,330,12,0.03636363636363636,0.002127722537878788,2877
28,113,330,5,0.015151515151515152,0.002127722537878788,2878
31,96,330,9,0.02727272727272727,0.0021247632575757576,2879
9,34,330,10,0.030303030303030304,0.0021232836174242425,2880
36,4,330,8,0.024242424242424242,0.0021232836174242425,2881
3,192,330,5,0.015151515151515152,0.0021218039772727274,2882
19,140,330,9,0.02727272727272727,0.0021203243371212123,2883
10,99,330,10,0.030303030303030304,0.002118844696969697,2884
35,78,330,8,0.024242424242424242,0.0021173650568181816,2885
4,11,330,5,0.015151515151515152,0.0021158854166666665,2886
13,8,330,5,0.015151515151515152,0.0021129261363636363,2887
34,1,330,10,0.030303030303030304,0.002112186316287879,2888
30,143,330,10,0.030303030303030304,0.002111446496212121,2889
20,80,330,9,0.02727272727272727,0.0021107066761363634,2890
19,49,330,9,0.02727272727272727,0.002109966856060606,2891
33,123,330,6,0.01818181818181818,0.002108487215909091,2892
4,230,330,5,0.015151515151515152,0.002107007575757576,2893
8,204,330,10,0.030303030303030304,0.0021055279356060608,2894
16,201,330,9,0.02727272727272727,0.0021055279356060608,2895
9,145,330,7,0.021212121212121213,0.0021055279356060608,2896
25,52,330,7,0.021212121212121213,0.0021055279356060608,2897
30,171,330,6,0.01818181818181818,0.0021055279356060608,2898
12,142,330,10,0.030303030303030304,0.0021040482954545457,2899
31,193,330,9,0.02727272727272727,0.0021040482954545457,2900
24,109,330,14,0.04242424242424243,0.002101089015151515,2901
6,51,330,10,0.030303030303030304,0.002101089015151515,2902
27,24,330,8,0.024242424242424242,0.002099609375,2903
34,198,330,9,0.02727272727272727,0.0020973899147727275,2904
39,208,330,8,0.024242424242424242,0.002096280184659091,2905
26,217,330,8,0.024242424242424242,0.0020936908143939395,2906
35,111,330,6,0.01818181818181818,0.0020936908143939395,2907
9,35,330,9,0.02727272727272727,0.0020907315340909093,2908
4,125,330,8,0.024242424242424242,0.0020907315340909093,2909
21,9,330,6,0.01818181818181818,0.0020907315340909093,2910
26,109,330,5,0.015151515151515152,0.0020892518939393937,2911
4,8,330,10,0.030303030303030304,0.0020862926136363635,2912
13,139,330,9,0.02727272727272727,0.0020862926136363635,2913
5,242,330,5,0.015151515151515152,0.0020862926136363635,2914
23,207,330,10,0.030303030303030304,0.0020833333333333333,2915
28,79,330,7,0.021212121212121213,0.00207815459280303,2916
8,94,330,10,0.030303030303030304,0.0020759351325757578,2917
39,50,330,8,0.024242424242424242,0.0020744554924242422,2918
23,170,330,5,0.015151515151515152,0.0020744554924242422,2919
36,128,330,10,0.030303030303030304,0.0020707563920454547,2920
38,232,330,10,0.030303030303030304,0.0020692767518939396,2921
18,184,330,9,0.02727272727272727,0.0020670572916666667,2922
33,255,330,10,0.030303030303030304,0.0020655776515151516,2923
37,21,330,6,0.01818181818181818,0.0020640980113636365,2924
12,199,330,10,0.030303030303030304,0.0020596590909090907,2925
37,226,330,7,0.021212121212121213,0.0020596590909090907,2926
8,44,330,6,0.01818181818181818,0.0020596590909090907,2927
37,251,330,6,0.01818181818181818,0.0020581794507575756,2928
1,54,330,7,0.021212121212121213,0.0020552201704545454,2929
11,5,330,7,0.021212121212121213,0.002049301609848485,2930
36,236,330,4,0.012121212121212121,0.00204782196969697,2931
37,204,330,7,0.021212121212121213,0.002047082149621212,2932
2,86,330,5,0.015151515151515152,0.0020448626893939392,2933
1,223,330,5,0.015151515151515152,0.002041903409090909,2934
39,105,330,7,0.021212121212121213,0.0020345052083333335,2935
19,151,330,8,0.024242424242424242,0.0020330255681818184,2936
28,26,330,8,0.024242424242424242,0.0020322857481060606,2937
7,28,330,5,0.015151515151515152,0.0020300662878787877,2938
25,109,330,5,0.015151515151515152,0.0020300662878787877,2939
23,215,330,9,0.02727272727272727,0.0020271070075757575,2940
34,122,330,7,0.021212121212121213,0.0020271070075757575,2941
37,216,330,7,0.021212121212121213,0.0020271070075757575,2942
38,17,330,8,0.024242424242424242,0.0020263671875,2943
29,20,330,6,0.01818181818181818,0.002021188446969697,2944
26,100,330,5,0.015151515151515152,0.002021188446969697,2945
36,135,330,6,0.01818181818181818,0.002018229166666667,2946
19,169,330,5,0.015151515151515152,0.0020063920454545456,2947
14,144,330,8,0.024242424242424242,0.002001953125,2948
39,238,330,8,0.024242424242424242,0.002001953125,2949
34,212,330,5,0.015151515151515152,0.002001953125,2950
30,225,330,6,0.01818181818181818,0.0019989938446969696,2951
21,166,330,7,0.021212121212121213,0.001991595643939394,2952
28,238,330,9,0.02727272727272727,0.001987896543560606,2953
1,129,330,5,0.015151515151515152,0.0019856770833333332,2954
18,11,330,9,0.02727272727272727,0.001984197443181818,2955
39,36,330,7,0.021212121212121213,0.0019753196022727275,2956
25,54,330,6,0.01818181818181818,0.0019753196022727275,2957
28,176,330,8,0.024242424242424242,0.001972360321969697,2958
32,2,330,6,0.01818181818181818,0.0019708806818181817,2959
5,1,330,7,0.021212121212121213,0.0019694010416666666,2960
4,212,330,9,0.02727272727272727,0.0019679214015151515,2961
13,65,330,7,0.021212121212121213,0.0019679214015151515,2962
9,174,330,8,0.024242424242424242,0.0019649621212121213,2963
24,46,330,7,0.021212121212121213,0.0019649621212121213,2964
21,135,330,5,0.015151515151515152,0.0019649621212121213,2965
15,125,330,9,0.02727272727272727,0.001963482481060606,2966
39,82,330,8,0.024242424242424242,0.001963482481060606,2967
21,89,330,8,0.024242424242424242,0.0019575639204545453,2968
20,8,330,6,0.01818181818181818,0.0019575639204545453,2969
26,179,330,8,0.024242424242424242,0.001953125,2970
8,229,330,5,0.015151515151515152,0.001953125,2971
15,201,330,9,0.02727272727272727,0.0019501657196969698,2972
37,240,330,8,0.024242424242424242,0.0019486860795454545,2973
5,177,330,7,0.021212121212121213,0.0019472064393939394,2974
23,65,330,5,0.015151515151515152,0.0019472064393939394,2975
1,135,330,9,0.02727272727272727,0.0019442471590909091,2976
1,36,330,5,0.015151515151515152,0.0019412878787878787,2977
35,16,330,5,0.015151515151515152,0.0019398082386363636,2978
25,101,330,9,0.02727272727272727,0.0019368489583333334,2979
33,252,330,8,0.024242424242424242,0.0019368489583333334,2980
37,225,330,5,0.015151515151515152,0.0019353693181818183,2981
14,93,330,7,0.021212121212121213,0.0019324100378787879,2982
31,194,330,10,0.030303030303030304,0.0019316702178030303,2983
27,122,330,5,0.015151515151515152,0.0019309303977272727,2984
10,160,330,7,0.021212121212121213,0.0019294507575757576,2985
18,112,330,8,0.024242424242424242,0.0019279711174242423,2986
9,181,330,7,0.021212121212121213,0.001923532196969697,2987
17,63,330,10,0.030303030303030304,0.0019213127367424243,2988
25,175,330,7,0.021212121212121213,0.0019205729166666666,2989
26,218,330,8,0.024242424242424242,0.001919833096590909,2990
38,175,330,7,0.021212121212121213,0.001919833096590909,2991
5,76,330,9,0.02727272727272727,0.0019190932765151515,2992
35,156,330,9,0.02727272727272727,0.001918353456439394,2993
4,89,330,5,0.015151515151515152,0.0019176136363636364,2994
37,186,330,7,0.021212121212121213,0.0019146543560606061,2995
10,4,330,8,0.024242424242424242,0.0019116950757575757,2996
38,119,330,8,0.024242424242424242,0.0019116950757575757,2997
29,112,330,6,0.01818181818181818,0.0019116950757575757,2998
31,50,330,9,0.02727272727272727,0.001909475615530303,2999
28,35,330,7,0.021212121212121213,0.001909475615530303,3000
5,223,330,5,0.015151515151515152,0.0019087357954545455,3001
39,155,330,5,0.015151515151515152,0.0019087357954545455,3002
37,36,330,6,0.01818181818181818,0.001905776515151515,3003
16,185,330,9,0.02727272727272727,0.0019035570549242424,3004
18,22,330,8,0.024242424242424242,0.0019028172348484848,3005
4,97,330,5,0.015151515151515152,0.0018998579545454546,3006
12,184,330,10,0.030303030303030304,0.0018991181344696969,3007
28,151,330,8,0.024242424242424242,0.0018976384943181818,3008
26,48,330,8,0.024242424242424242,0.0018968986742424242,3009
26,198,330,6,0.01818181818181818,0.001893939393939394,3010
27,131,330,5,0.015151515151515152,0.001893939393939394,3011
10,180,330,8,0.024242424242424242,0.0018924597537878789,3012
37,23,330,6,0.01818181818181818,0.0018917199337121211,3013
36,196,330,7,0.021212121212121213,0.0018909801136363636,3014
27,176,330,5,0.015151515151515152,0.0018909801136363636,3015
8,102,330,12,0.03636363636363636,0.001888760653409091,3016
9,100,330,5,0.015151515151515152,0.0018806226325757576,3017
32,71,330,10,0.030303030303030304,0.0018791429924242425,3018
4,20,330,8,0.024242424242424242,0.0018776633522727272,3019
2,158,330,5,0.015151515151515152,0.0018776633522727272,3020
36,105,330,9,0.02727272727272727,0.0018769235321969696,3021
37,60,330,10,0.030303030303030304,0.001874704071969697,3022
13,121,330,5,0.015151515151515152,0.001874704071969697,3023
3,19,330,5,0.015151515151515152,0.0018732244318181818,3024
11,220,330,5,0.015151515151515152,0.0018732244318181818,3025
28,223,330,9,0.02727272727272727,0.0018717447916666667,3026
21,133,330,5,0.015151515151515152,0.0018717447916666667,3027
34,201,330,7,0.021212121212121213,0.0018702651515151514,3028
18,222,330,8,0.024242424242424242,0.0018628669507575757,3029
4,85,330,5,0.015151515151515152,0.0018628669507575757,3030
35,210,330,5,0.015151515151515152,0.0018613873106060606,3031
27,41,330,9,0.02727272727272727,0.001860647490530303,3032
28,252,330,8,0.024242424242424242,0.001860647490530303,3033
1,220,330,5,0.015151515151515152,0.0018599076704545455,3034
12,232,330,10,0.030303030303030304,0.001859167850378788,3035
15,227,330,10,0.030303030303030304,0.0018584280303030303,3036
9,66,330,6,0.01818181818181818,0.0018569483901515152,3037
24,88,330,5,0.015151515151515152,0.0018569483901515152,3038
14,3,330,8,0.024242424242424242,0.00185546875,3039
36,27,330,8,0.024242424242424242,0.00185546875,3040
7,133,330,5,0.015151515151515152,0.0018525094696969697,3041
27,138,330,7,0.021212121212121213,0.0018480705492424242,3042
33,108,330,7,0.021212121212121213,0.0018480705492424242,3043
32,68,330,5,0.015151515151515152,0.001846590909090909,3044
6,222,330,8,0.024242424242424242,0.0018458510890151515,3045
34,184,330,5,0.015151515151515152,0.001845111268939394,3046
18,71,330,6,0.01818181818181818,0.0018421519886363637,3047
16,30,330,10,0.030303030303030304,0.001841412168560606,3048
33,104,330,5,0.015151515151515152,0.0018406723484848484,3049
9,210,330,8,0.024242424242424242,0.0018391927083333333,3050
14,149,330,6,0.01818181818181818,0.0018391927083333333,3051
33,238,330,6,0.01818181818181818,0.0018391927083333333,3052
20,20,330,5,0.015151515151515152,0.0018391927083333333,3053
39,11,330,7,0.021212121212121213,0.0018384528882575758,3054
9,224,330,5,0.015151515151515152,0.0018377130681818182,3055
9,25,330,7,0.021212121212121213,0.001834753787878788,3056
37,66,330,6,0.01818181818181818,0.0018332741477272727,3057
13,88,330,8,0.024242424242424242,0.0018317945075757576,3058
24,137,330,6,0.01818181818181818,0.0018317945075757576,3059
2,152,330,5,0.015151515151515152,0.0018288352272727273,3060
24,73,330,6,0.01818181818181818,0.001825875946969697,3061
5,214,330,5,0.015151515151515152,0.0018243963068181818,3062
1,90,330,5,0.015151515151515152,0.0018214370265151516,3063
5,224,330,5,0.015151515151515152,0.0018214370265151516,3064
28,21,330,5,0.015151515151515152,0.0018199573863636363,3065
35,196,330,5,0.015151515151515152,0.0018184777462121212,3066
10,243,330,8,0.024242424242424242,0.001816998106060606,3067
5,33,330,5,0.015151515151515152,0.001815518465909091,3068
5,157,330,5,0.015151515151515152,0.001815518465909091,3069
23,115,330,7,0.021212121212121213,0.0018140388257575758,3070
38,141,330,4,0.012121212121212121,0.0018140388257575758,3071
28,141,330,6,0.01818181818181818,0.0018110795454545454,3072
32,173,330,10,0.030303030303030304,0.0018095999053030303,3073
3,128,330,7,0.021212121212121213,0.0018095999053030303,3074
2,113,330,5,0.015151515151515152,0.0018095999053030303,3075
12,129,330,9,0.02727272727272727,0.0018088600852272727,3076
29,165,330,7,0.021212121212121213,0.0018081202651515152,3077
25,182,330,6,0.01818181818181818,0.0018081202651515152,3078
4,51,330,5,0.015151515151515152,0.0018081202651515152,3079
8,91,330,5,0.015151515151515152,0.001806640625,3080
22,200,330,7,0.021212121212121213,0.0018036813446969697,3081
36,46,330,7,0.021212121212121213,0.0018036813446969697,3082
37,140,330,7,0.021212121212121213,0.0018036813446969697,3083
9,3,330,8,0.024242424242424242,0.0018022017045454545,3084
34,245,330,7,0.021212121212121213,0.0018022017045454545,3085
8,78,330,5,0.015151515151515152,0.0018022017045454545,3086
23,218,330,9,0.02727272727272727,0.0017985026041666666,3087
37,38,330,6,0.01818181818181818,0.001797762784090909,3088
2,131,330,5,0.015151515151515152,0.001796283143939394,3089
24,7,330,5,0.015151515151515152,0.001796283143939394,3090
32,26,330,9,0.02727272727272727,0.0017940636837121212,3091
14,231,330,6,0.01818181818181818,0.0017918442234848486,3092
25,114,330,6,0.01818181818181818,0.0017918442234848486,3093
2,135,330,5,0.015151515151515152,0.0017903645833333333,3094
2,203,330,5,0.015151515151515152,0.0017903645833333333,3095
26,69,330,6,0.01818181818181818,0.0017881451231060606,3096
21,242,330,8,0.024242424242424242,0.001787405303030303,3097
15,172,330,7,0.021212121212121213,0.001787405303030303,3098
26,61,330,5,0.015151515151515152,0.001787405303030303,3099
5,61,330,5,0.015151515151515152,0.001785925662878788,3100
38,167,330,6,0.01818181818181818,0.0017829663825757575,3101
8,153,330,5,0.015151515151515152,0.0017814867424242424,3102
2,56,330,5,0.015151515151515152,0.0017800071022727273,3103
37,59,330,7,0.021212121212121213,0.0017770478219696969,3104
2,33,330,5,0.015151515151515152,0.0017770478219696969,3105
37,98,330,5,0.015151515151515152,0.0017770478219696969,3106
21,207,330,6,0.01818181818181818,0.0017755681818181818,3107
5,77,330,6,0.01818181818181818,0.0017740885416666667,3108
3,186,330,5,0.015151515151515152,0.0017726089015151515,3109
7,130,330,5,0.015151515151515152,0.0017726089015151515,3110
38,137,330,6,0.01818181818181818,0.001771869081439394,3111
38,10,330,6,0.01818181818181818,0.0017696496212121211,3112
30,163,330,5,0.015151515151515152,0.0017696496212121211,3113
34,105,330,5,0.015151515151515152,0.0017696496212121211,3114
19,195,330,6,0.01818181818181818,0.001768169981060606,3115
21,176,330,5,0.015151515151515152,0.001768169981060606,3116
22,147,330,5,0.015151515151515152,0.001768169981060606,3117
26,169,330,8,0.024242424242424242,0.0017674301609848485,3118
35,38,330,6,0.01818181818181818,0.001766690340909091,3119
31,45,330,7,0.021212121212121213,0.0017659505208333333,3120
33,114,330,6,0.01818181818181818,0.0017652107007575758,3121
7,7,330,5,0.015151515151515152,0.0017637310606060607,3122
24,132,330,5,0.015151515151515152,0.0017637310606060607,3123
13,210,330,7,0.021212121212121213,0.0017607717803030303,3124
29,161,330,8,0.024242424242424242,0.0017578125,3125
33,168,330,9,0.02727272727272727,0.0017555930397727272,3126
30,242,330,7,0.021212121212121213,0.0017533735795454545,3127
22,52,330,6,0.01818181818181818,0.0017533735795454545,3128
36,209,330,5,0.015151515151515152,0.0017533735795454545,3129
16,60,330,8,0.024242424242424242,0.0017504142992424243,3130
18,135,330,7,0.021212121212121213,0.0017504142992424243,3131
38,191,330,5,0.015151515151515152,0.0017504142992424243,3132
35,0,330,9,0.02727272727272727,0.0017496744791666667,3133
1,43,330,5,0.015151515151515152,0.0017489346590909092,3134
5,225,330,5,0.015151515151515152,0.0017489346590909092,3135
2,16,330,5,0.015151515151515152,0.0017474550189393939,3136
20,79,330,5,0.015151515151515152,0.0017474550189393939,3137
4,62,330,6,0.01818181818181818,0.0017459753787878788,3138
31,170,330,8,0.024242424242424242,0.0017444957386363636,3139
2,80,330,5,0.015151515151515152,0.0017430160984848485,3140
3,26,330,6,0.01818181818181818,0.0017415364583333334,3141
29,159,330,6,0.01818181818181818,0.0017415364583333334,3142
1,162,330,5,0.015151515151515152,0.0017415364583333334,3143
16,98,330,5,0.015151515151515152,0.0017415364583333334,3144
14,230,330,7,0.021212121212121213,0.0017407966382575757,3145
30,183,330,5,0.015151515151515152,0.0017400568181818181,3146
12,152,330,11,0.03333333333333333,0.0017393169981060606,3147
25,159,330,7,0.021212121212121213,0.001738577178030303,3148
29,14,330,7,0.021212121212121213,0.001738577178030303,3149
8,129,330,5,0.015151515151515152,0.001738577178030303,3150
11,11,330,5,0.015151515151515152,0.001738577178030303,3151
8,196,330,5,0.015151515151515152,0.0017356178977272728,3152
5,101,330,5,0.015151515151515152,0.0017341382575757577,3153
2,163,330,5,0.015151515151515152,0.0017326586174242424,3154
31,79,330,5,0.015151515151515152,0.0017326586174242424,3155
37,139,330,5,0.015151515151515152,0.0017326586174242424,3156
30,145,330,6,0.01818181818181818,0.0017311789772727273,3157
37,27,330,4,0.012121212121212121,0.0017311789772727273,3158
39,145,330,8,0.024242424242424242,0.0017308090672348486,3159
39,249,330,12,0.03636363636363636,0.0017304391571969697,3160
4,46,330,5,0.015151515151515152,0.0017296993371212121,3161
19,248,330,11,0.03333333333333333,0.0017289595170454546,3162
39,12,330,6,0.01818181818181818,0.0017274798768939395,3163
29,52,330,7,0.021212121212121213,0.0017267400568181817,3164
31,72,330,7,0.021212121212121213,0.0017252604166666666,3165
24,26,330,5,0.015151515151515152,0.0017237807765151515,3166
37,78,330,5,0.015151515151515152,0.0017237807765151515,3167
7,56,330,5,0.015151515151515152,0.0017223011363636364,3168
16,121,330,10,0.030303030303030304,0.0017215613162878788,3169
31,32,330,7,0.021212121212121213,0.0017215613162878788,3170
36,165,330,7,0.021212121212121213,0.0017215613162878788,3171
24,193,330,5,0.015151515151515152,0.0017208214962121213,3172
22,96,330,6,0.01818181818181818,0.001719341856060606,3173
29,86,330,8,0.024242424242424242,0.0017186020359848484,3174
7,200,330,6,0.01818181818181818,0.0017178622159090909,3175
2,250,330,5,0.015151515151515152,0.0017163825757575758,3176
25,41,330,7,0.021212121212121213,0.0017119436553030302,3177
25,229,330,5,0.015151515151515152,0.001708984375,3178
25,232,330,5,0.015151515151515152,0.001708984375,3179
3,135,330,5,0.015151515151515152,0.001707504734848485,3180
12,108,330,7,0.021212121212121213,0.0017060250946969698,3181
27,102,330,6,0.01818181818181818,0.0017060250946969698,3182
22,5,330,5,0.015151515151515152,0.0017060250946969698,3183
37,17,330,7,0.021212121212121213,0.0017030658143939394,3184
7,134,330,5,0.015151515151515152,0.0017030658143939394,3185
26,248,330,5,0.015151515151515152,0.0017015861742424242,3186
7,27,330,6,0.01818181818181818,0.0017001065340909091,3187
2,11,330,5,0.015151515151515152,0.0017001065340909091,3188
34,207,330,5,0.015151515151515152,0.001698626893939394,3189
30,201,330,6,0.01818181818181818,0.0016971472537878787,3190
15,222,330,5,0.015151515151515152,0.0016971472537878787,3191
21,150,330,5,0.015151515151515152,0.0016971472537878787,3192
11,0,330,5,0.015151515151515152,0.0016941879734848485,3193
20,103,330,5,0.015151515151515152,0.0016941879734848485,3194
35,237,330,5,0.015151515151515152,0.0016941879734848485,3195
30,20,330,5,0.015151515151515152,0.0016927083333333334,3196
38,226,330,8,0.024242424242424242,0.0016919685132575758,3197
10,155,330,7,0.021212121212121213,0.0016912286931818183,3198
14,95,330,6,0.01818181818181818,0.0016904888731060605,3199
1,77,330,5,0.015151515151515152,0.001689749053030303,3200
2,70,330,5,0.015151515151515152,0.0016853101325757576,3201
37,188,330,5,0.015151515151515152,0.0016838304924242423,3202
37,243,330,5,0.015151515151515152,0.0016838304924242423,3203
4,9,330,6,0.01818181818181818,0.001679391571969697,3204
32,43,330,6,0.01818181818181818,0.001679391571969697,3205
2,238,330,5,0.015151515151515152,0.001679391571969697,3206
32,28,330,8,0.024242424242424242,0.0016786517518939394,3207
14,220,330,6,0.01818181818181818,0.0016764322916666666,3208
23,22,330,6,0.01818181818181818,0.001674212831439394,3209
28,150,330,10,0.030303030303030304,0.0016734730113636364,3210
28,121,330,5,0.015151515151515152,0.0016734730113636364,3211
35,171,330,6,0.01818181818181818,0.0016712535511363637,3212
6,162,330,7,0.021212121212121213,0.0016705137310606061,3213
23,233,330,5,0.015151515151515152,0.0016705137310606061,3214
26,88,330,5,0.015151515151515152,0.0016690340909090908,3215
25,237,330,6,0.01818181818181818,0.0016675544507575757,3216
30,142,330,6,0.01818181818181818,0.0016660748106060606,3217
2,15,330,5,0.015151515151515152,0.0016645951704545455,3218
23,203,330,5,0.015151515151515152,0.0016645951704545455,3219
23,222,330,5,0.015151515151515152,0.0016645951704545455,3220
24,13,330,5,0.015151515151515152,0.0016645951704545455,3221
25,130,330,5,0.015151515151515152,0.0016645951704545455,3222
28,23,330,10,0.030303030303030304,0.0016631155303030304,3223
26,220,330,6,0.01818181818181818,0.0016631155303030304,3224
14,228,330,6,0.01818181818181818,0.00166015625,3225
31,129,330,6,0.01818181818181818,0.00166015625,3226
27,139,330,5,0.015151515151515152,0.0016586766098484848,3227
9,113,330,5,0.015151515151515152,0.0016571969696969697,3228
27,111,330,6,0.01818181818181818,0.0016557173295454546,3229
20,58,330,5,0.015151515151515152,0.0016557173295454546,3230
27,117,330,5,0.015151515151515152,0.0016557173295454546,3231
14,171,330,5,0.015151515151515152,0.0016542376893939393,3232
25,152,330,5,0.015151515151515152,0.001651278409090909,3233
7,205,330,7,0.021212121212121213,0.001649798768939394,3234
3,64,330,5,0.015151515151515152,0.0016483191287878789,3235
36,248,330,5,0.015151515151515152,0.0016483191287878789,3236
33,7,330,7,0.021212121212121213,0.0016468394886363636,3237
17,7,330,7,0.021212121212121213,0.0016453598484848485,3238
5,54,330,5,0.015151515151515152,0.0016453598484848485,3239
35,110,330,8,0.024242424242424242,0.001644620028409091,3240
21,206,330,7,0.021212121212121213,0.001644620028409091,3241
34,12,330,7,0.021212121212121213,0.0016438802083333333,3242
28,78,330,5,0.015151515151515152,0.0016438802083333333,3243
33,128,330,7,0.021212121212121213,0.0016379616477272727,3244
31,227,330,5,0.015151515151515152,0.0016379616477272727,3245
16,211,330,8,0.024242424242424242,0.0016372218276515152,3246
32,190,330,5,0.015151515151515152,0.0016364820075757576,3247
35,103,330,6,0.01818181818181818,0.0016350023674242425,3248
25,140,330,5,0.015151515151515152,0.0016350023674242425,3249
31,102,330,5,0.015151515151515152,0.0016350023674242425,3250
18,251,330,7,0.021212121212121213,0.0016335227272727272,3251
5,9,330,5,0.015151515151515152,0.0016335227272727272,3252
17,115,330,8,0.024242424242424242,0.001632043087121212,3253
25,177,330,5,0.015151515151515152,0.001632043087121212,3254
32,38,330,6,0.01818181818181818,0.0016313032670454545,3255
12,150,330,7,0.021212121212121213,0.001630563446969697,3256
15,124,330,6,0.01818181818181818,0.001630563446969697,3257
16,114,330,9,0.02727272727272727,0.0016290838068181818,3258
1,126,330,5,0.015151515151515152,0.0016290838068181818,3259
23,235,330,5,0.015151515151515152,0.0016290838068181818,3260
5,142,330,5,0.015151515151515152,0.0016276041666666667,3261
12,19,330,5,0.015151515151515152,0.0016261245265151514,3262
30,202,330,5,0.015151515151515152,0.0016261245265151514,3263
3,143,330,5,0.015151515151515152,0.0016231652462121212,3264
26,226,330,5,0.015151515151515152,0.0016231652462121212,3265
8,61,330,5,0.015151515151515152,0.001621685606060606,3266
13,95,330,5,0.015151515151515152,0.0016187263257575757,3267
23,191,330,5,0.015151515151515152,0.0016187263257575757,3268
30,3,330,9,0.02727272727272727,0.0016157670454545455,3269
12,136,330,5,0.015151515151515152,0.0016157670454545455,3270
18,129,330,5,0.015151515151515152,0.0016157670454545455,3271
36,181,330,5,0.015151515151515152,0.0016142874053030303,3272
5,234,330,5,0.015151515151515152,0.001611328125,3273
25,17,330,5,0.015151515151515152,0.001611328125,3274
3,216,330,5,0.015151515151515152,0.0016098484848484848,3275
39,58,330,5,0.015151515151515152,0.0016098484848484848,3276
1,249,330,5,0.015151515151515152,0.0016083688446969697,3277
26,180,330,5,0.015151515151515152,0.0016054095643939395,3278
15,30,330,7,0.021212121212121213,0.0016039299242424242,3279
29,96,330,6,0.01818181818181818,0.0016039299242424242,3280
20,6,330,6,0.01818181818181818,0.001602450284090909,3281
21,91,330,4,0.012121212121212121,0.001602450284090909,3282
33,112,330,7,0.021212121212121213,0.001600970643939394,3283
28,152,330,8,0.024242424242424242,0.0015994910037878788,3284
38,4,330,7,0.021212121212121213,0.0015994910037878788,3285
39,233,330,6,0.01818181818181818,0.0015994910037878788,3286
18,73,330,8,0.024242424242424242,0.0015987511837121213,3287
11,28,330,5,0.015151515151515152,0.0015980113636363637,3288
11,80,330,5,0.015151515151515152,0.0015980113636363637,3289
10,87,330,5,0.015151515151515152,0.0015965317234848484,3290
37,87,330,8,0.024242424242424242,0.0015957919034090909,3291
20,89,330,6,0.01818181818181818,0.0015950520833333333,3292
2,224,330,5,0.015151515151515152,0.0015950520833333333,3293
39,131,330,13,0.03939393939393939,0.0015928326231060606,3294
35,48,330,6,0.01818181818181818,0.001592092803030303,3295
12,67,330,5,0.015151515151515152,0.001592092803030303,3296
3,41,330,5,0.015151515151515152,0.001590613162878788,3297
3,150,330,5,0.015151515151515152,0.001590613162878788,3298
22,192,330,5,0.015151515151515152,0.0015891335227272727,3299
27,75,330,7,0.021212121212121213,0.0015876538825757576,3300
6,100,330,6,0.01818181818181818,0.0015876538825757576,3301
24,20,330,5,0.015151515151515152,0.0015876538825757576,3302
1,18,330,5,0.015151515151515152,0.0015861742424242424,3303
27,20,330,5,0.015151515151515152,0.0015861742424242424,3304
18,0,330,7,0.021212121212121213,0.0015846946022727273,3305
3,179,330,5,0.015151515151515152,0.001583214962121212,3306
9,198,330,5,0.015151515151515152,0.001581735321969697,3307
14,131,330,5,0.015151515151515152,0.001581735321969697,3308
31,171,330,5,0.015151515151515152,0.001581735321969697,3309
33,196,330,6,0.01818181818181818,0.0015802556818181818,3310
5,221,330,5,0.015151515151515152,0.0015772964015151516,3311
11,104,330,5,0.015151515151515152,0.0015772964015151516,3312
35,190,330,7,0.021212121212121213,0.0015758167613636363,3313
1,56,330,5,0.015151515151515152,0.0015758167613636363,3314
20,39,330,5,0.015151515151515152,0.0015743371212121212,3315
19,191,330,5,0.015151515151515152,0.001571377840909091,3316
36,225,330,6,0.01818181818181818,0.0015706380208333334,3317
29,94,330,8,0.024242424242424242,0.0015698982007575758,3318
5,196,330,5,0.015151515151515152,0.0015684185606060605,3319
30,94,330,5,0.015151515151515152,0.0015669389204545454,3320
14,120,330,7,0.021212121212121213,0.0015647194602272727,3321
2,18,330,5,0.015151515151515152,0.0015625,3322
31,75,330,6,0.01818181818181818,0.0015610203598484848,3323
39,154,330,5,0.015151515151515152,0.0015610203598484848,3324
25,102,330,6,0.01818181818181818,0.0015580610795454545,3325
32,14,330,10,0.030303030303030304,0.0015565814393939394,3326
36,199,330,6,0.01818181818181818,0.0015565814393939394,3327
30,34,330,5,0.015151515151515152,0.0015565814393939394,3328
10,86,330,7,0.021212121212121213,0.001552142518939394,3329
32,46,330,6,0.01818181818181818,0.0015514026988636364,3330
31,17,330,6,0.01818181818181818,0.0015491832386363637,3331
27,119,330,7,0.021212121212121213,0.0015477035984848486,3332
36,15,330,6,0.01818181818181818,0.0015477035984848486,3333
1,236,330,5,0.015151515151515152,0.0015477035984848486,3334
35,148,330,7,0.021212121212121213,0.0015469637784090908,3335
22,138,330,6,0.01818181818181818,0.0015447443181818182,3336
4,64,330,5,0.015151515151515152,0.0015447443181818182,3337
7,120,330,5,0.015151515151515152,0.0015447443181818182,3338
4,128,330,5,0.015151515151515152,0.001541785037878788,3339
13,222,330,5,0.015151515151515152,0.001541785037878788,3340
3,52,330,5,0.015151515151515152,0.0015388257575757575,3341
39,124,330,5,0.015151515151515152,0.0015358664772727273,3342
9,188,330,5,0.015151515151515152,0.0015343868371212122,3343
38,9,330,5,0.015151515151515152,0.0015343868371212122,3344
18,68,330,6,0.01818181818181818,0.0015329071969696969,3345
30,5,330,6,0.01818181818181818,0.0015329071969696969,3346
6,118,330,5,0.015151515151515152,0.0015329071969696969,3347
10,195,330,5,0.015151515151515152,0.0015329071969696969,3348
13,194,330,5,0.015151515151515152,0.0015314275568181818,3349
36,203,330,4,0.012121212121212121,0.0015314275568181818,3350
5,12,330,5,0.015151515151515152,0.0015284682765151515,3351
26,181,330,6,0.01818181818181818,0.0015269886363636364,3352
30,50,330,5,0.015151515151515152,0.0015255089962121211,3353
23,101,330,6,0.01818181818181818,0.001524029356060606,3354
13,63,330,5,0.015151515151515152,0.001524029356060606,3355
38,200,330,4,0.012121212121212121,0.001524029356060606,3356
7,184,330,5,0.015151515151515152,0.001522549715909091,3357
27,197,330,5,0.015151515151515152,0.001522549715909091,3358
1,113,330,5,0.015151515151515152,0.0015210700757575758,3359
5,98,330,5,0.015151515151515152,0.0015210700757575758,3360
15,159,330,8,0.024242424242424242,0.0015203302556818182,3361
21,74,330,6,0.01818181818181818,0.0015181107954545454,3362
10,84,330,5,0.015151515151515152,0.0015181107954545454,3363
35,10,330,10,0.030303030303030304,0.0015144116950757576,3364
3,3,330,5,0.015151515151515152,0.001513671875,3365
13,164,330,5,0.015151515151515152,0.001512192234848485,3366
28,130,330,5,0.015151515151515152,0.001512192234848485,3367
19,12,330,7,0.021212121212121213,0.0015114524147727272,3368
17,240,330,5,0.015151515151515152,0.0015107125946969696,3369
2,150,330,5,0.015151515151515152,0.0015092329545454545,3370
23,143,330,5,0.015151515151515152,0.0015092329545454545,3371
26,96,330,5,0.015151515151515152,0.0015077533143939394,3372
31,85,330,7,0.021212121212121213,0.0015070134943181818,3373
1,58,330,5,0.015151515151515152,0.0015062736742424243,3374
4,23,330,5,0.015151515151515152,0.0015062736742424243,3375
17,249,330,7,0.021212121212121213,0.0015033143939393939,3376
33,21,330,7,0.021212121212121213,0.0015033143939393939,3377
30,218,330,6,0.01818181818181818,0.0014988754734848485,3378
39,134,330,6,0.01818181818181818,0.0014988754734848485,3379
32,32,330,5,0.015151515151515152,0.0014988754734848485,3380
8,8,330,7,0.021212121212121213,0.0014973958333333334,3381
3,160,330,5,0.015151515151515152,0.0014973958333333334,3382
38,235,330,7,0.021212121212121213,0.0014966560132575757,3383
2,73,330,5,0.015151515151515152,0.0014959161931818181,3384
2,149,330,5,0.015151515151515152,0.001494436553030303,3385
3,191,330,5,0.015151515151515152,0.001494436553030303,3386
10,34,330,5,0.015151515151515152,0.001492956912878788,3387
15,123,330,5,0.015151515151515152,0.001492956912878788,3388
34,194,330,5,0.015151515151515152,0.001492956912878788,3389
21,106,330,5,0.015151515151515152,0.0014914772727272728,3390
17,164,330,8,0.024242424242424242,0.0014907374526515152,3391
1,33,330,5,0.015151515151515152,0.0014899976325757577,3392
5,83,330,5,0.015151515151515152,0.0014899976325757577,3393
38,179,330,5,0.015151515151515152,0.0014899976325757577,3394
22,219,330,5,0.015151515151515152,0.0014885179924242424,3395
30,166,330,5,0.015151515151515152,0.0014870383522727273,3396
20,198,330,6,0.01818181818181818,0.0014862985321969697,3397
28,10,330,6,0.01818181818181818,0.0014855587121212121,3398
27,226,330,5,0.015151515151515152,0.0014855587121212121,3399
5,162,330,5,0.015151515151515152,0.001484079071969697,3400
11,125,330,5,0.015151515151515152,0.001484079071969697,3401
17,13,330,5,0.015151515151515152,0.001484079071969697,3402
17,26,330,5,0.015151515151515152,0.001484079071969697,3403
32,96,330,9,0.02727272727272727,0.0014833392518939395,3404
22,239,330,6,0.01818181818181818,0.0014833392518939395,3405
15,245,330,6,0.01818181818181818,0.0014825994318181817,3406
1,27,330,5,0.015151515151515152,0.0014825994318181817,3407
2,128,330,6,0.01818181818181818,0.0014811197916666666,3408
15,221,330,6,0.01818181818181818,0.0014811197916666666,3409
24,181,330,6,0.01818181818181818,0.0014811197916666666,3410
15,230,330,5,0.015151515151515152,0.0014811197916666666,3411
21,218,330,6,0.01818181818181818,0.0014796401515151515,3412
7,72,330,5,0.015151515151515152,0.0014796401515151515,3413
23,88,330,6,0.01818181818181818,0.0014781605113636364,3414
1,149,330,5,0.015151515151515152,0.0014766808712121213,3415
20,244,330,5,0.015151515151515152,0.001475201231060606,3416
4,29,330,5,0.015151515151515152,0.0014737215909090909,3417
13,9,330,5,0.015151515151515152,0.0014737215909090909,3418
30,92,330,5,0.015151515151515152,0.0014737215909090909,3419
5,149,330,5,0.015151515151515152,0.0014722419507575758,3420
2,12,330,5,0.015151515151515152,0.0014707623106060606,3421
3,57,330,7,0.021212121212121213,0.0014692826704545455,3422
25,169,330,6,0.01818181818181818,0.0014692826704545455,3423
4,237,330,5,0.015151515151515152,0.0014692826704545455,3424
35,65,330,5,0.015151515151515152,0.0014692826704545455,3425
35,185,330,5,0.015151515151515152,0.0014692826704545455,3426
34,46,330,5,0.015151515151515152,0.0014678030303030302,3427
33,19,330,6,0.01818181818181818,0.00146484375,3428
1,60,330,5,0.015151515151515152,0.00146484375,3429
12,83,330,5,0.015151515151515152,0.00146484375,3430
21,49,330,5,0.015151515151515152,0.00146484375,3431
32,112,330,5,0.015151515151515152,0.00146484375,3432
37,99,330,6,0.01818181818181818,0.001463364109848485,3433
13,209,330,5,0.015151515151515152,0.001463364109848485,3434
24,160,330,5,0.015151515151515152,0.001463364109848485,3435
8,233,330,5,0.015151515151515152,0.0014618844696969698,3436
10,138,330,5,0.015151515151515152,0.0014618844696969698,3437
36,11,330,7,0.021212121212121213,0.001461144649621212,3438
3,142,330,5,0.015151515151515152,0.0014604048295454545,3439
2,47,330,5,0.015151515151515152,0.0014574455492424242,3440
12,98,330,5,0.015151515151515152,0.0014574455492424242,3441
32,167,330,7,0.021212121212121213,0.0014559659090909091,3442
37,12,330,6,0.01818181818181818,0.0014559659090909091,3443
23,38,330,5,0.015151515151515152,0.0014559659090909091,3444
27,94,330,7,0.021212121212121213,0.0014530066287878787,3445
31,53,330,6,0.01818181818181818,0.0014530066287878787,3446
39,47,330,5,0.015151515151515152,0.0014530066287878787,3447
38,87,330,7,0.021212121212121213,0.0014522668087121212,3448
19,189,330,6,0.01818181818181818,0.0014515269886363636,3449
28,134,330,5,0.015151515151515152,0.0014515269886363636,3450
35,51,330,5,0.015151515151515152,0.0014515269886363636,3451
18,232,330,6,0.01818181818181818,0.0014500473484848485,3452
23,35,330,5,0.015151515151515152,0.0014500473484848485,3453
36,63,330,5,0.015151515151515152,0.0014500473484848485,3454
10,228,330,5,0.015151515151515152,0.001445608428030303,3455
29,41,330,6,0.01818181818181818,0.0014433889678030303,3456
16,46,330,7,0.021212121212121213,0.0014419093276515152,3457
1,74,330,5,0.015151515151515152,0.0014411695075757576,3458
3,244,330,5,0.015151515151515152,0.0014411695075757576,3459
8,121,330,5,0.015151515151515152,0.0014396898674242423,3460
38,114,330,6,0.01818181818181818,0.0014382102272727272,3461
15,248,330,5,0.015151515151515152,0.0014382102272727272,3462
16,133,330,5,0.015151515151515152,0.0014382102272727272,3463
22,156,330,5,0.015151515151515152,0.0014382102272727272,3464
3,71,330,6,0.01818181818181818,0.001436730587121212,3465
14,195,330,6,0.01818181818181818,0.001436730587121212,3466
2,167,330,5,0.015151515151515152,0.001436730587121212,3467
5,92,330,5,0.015151515151515152,0.001436730587121212,3468
38,147,330,5,0.015151515151515152,0.001436730587121212,3469
18,83,330,5,0.015151515151515152,0.0014322916666666666,3470
39,160,330,5,0.015151515151515152,0.0014322916666666666,3471
4,184,330,5,0.015151515151515152,0.0014308120265151515,3472
17,143,330,8,0.024242424242424242,0.0014293323863636364,3473
29,163,330,5,0.015151515151515152,0.0014293323863636364,3474
26,124,330,6,0.01818181818181818,0.0014278527462121212,3475
5,244,330,5,0.015151515151515152,0.0014278527462121212,3476
5,252,330,5,0.015151515151515152,0.0014278527462121212,3477
33,139,330,5,0.015151515151515152,0.0014278527462121212,3478
25,221,330,5,0.015151515151515152,0.0014263731060606061,3479
38,224,330,5,0.015151515151515152,0.0014263731060606061,3480
7,148,330,5,0.015151515151515152,0.0014234138257575757,3481
10,224,330,6,0.01818181818181818,0.0014204545454545455,3482
37,232,330,5,0.015151515151515152,0.0014204545454545455,3483
15,50,330,7,0.021212121212121213,0.001417495265151515,3484
33,232,330,6,0.01818181818181818,0.001417495265151515,3485
21,169,330,6,0.01818181818181818,0.001416015625,3486
26,188,330,5,0.015151515151515152,0.001416015625,3487
6,36,330,5,0.015151515151515152,0.0014145359848484848,3488
13,39,330,5,0.015151515151515152,0.0014145359848484848,3489
14,49,330,7,0.021212121212121213,0.0014130563446969697,3490
25,33,330,6,0.01818181818181818,0.0014100970643939393,3491
1,67,330,5,0.015151515151515152,0.0014100970643939393,3492
16,241,330,5,0.015151515151515152,0.0014100970643939393,3493
19,207,330,5,0.015151515151515152,0.0014100970643939393,3494
1,112,330,5,0.015151515151515152,0.0014086174242424242,3495
34,210,330,5,0.015151515151515152,0.001407137784090909,3496
26,123,330,5,0.015151515151515152,0.001405658143939394,3497
31,207,330,7,0.021212121212121213,0.0014049183238636364,3498
10,114,330,6,0.01818181818181818,0.0014041785037878789,3499
10,26,330,5,0.015151515151515152,0.0013997395833333333,3500
26,225,330,5,0.015151515151515152,0.0013982599431818182,3501
29,145,330,5,0.015151515151515152,0.0013982599431818182,3502
1,42,330,5,0.015151515151515152,0.0013967803030303031,3503
4,231,330,5,0.015151515151515152,0.0013967803030303031,3504
32,0,330,7,0.021212121212121213,0.0013953006628787878,3505
7,37,330,6,0.01818181818181818,0.0013953006628787878,3506
11,149,330,5,0.015151515151515152,0.0013938210227272727,3507
20,19,330,5,0.015151515151515152,0.0013938210227272727,3508
27,165,330,6,0.01818181818181818,0.0013923413825757576,3509
1,63,330,5,0.015151515151515152,0.0013923413825757576,3510
7,176,330,5,0.015151515151515152,0.0013923413825757576,3511
7,187,330,5,0.015151515151515152,0.0013923413825757576,3512
6,221,330,6,0.01818181818181818,0.0013908617424242425,3513
3,146,330,5,0.015151515151515152,0.0013908617424242425,3514
11,181,330,5,0.015151515151515152,0.0013908617424242425,3515
29,128,330,5,0.015151515151515152,0.0013908617424242425,3516
13,142,330,6,0.01818181818181818,0.0013893821022727272,3517
5,216,330,5,0.015151515151515152,0.001387902462121212,3518
15,130,330,5,0.015151515151515152,0.001387902462121212,3519
17,81,330,5,0.015151515151515152,0.001387902462121212,3520
28,46,330,5,0.015151515151515152,0.001387902462121212,3521
24,149,330,5,0.015151515151515152,0.0013849431818181818,3522
35,44,330,5,0.015151515151515152,0.0013849431818181818,3523
2,143,330,5,0.015151515151515152,0.0013834635416666667,3524
16,182,330,5,0.015151515151515152,0.0013834635416666667,3525
20,12,330,5,0.015151515151515152,0.0013819839015151514,3526
39,64,330,5,0.015151515151515152,0.0013819839015151514,3527
22,7,330,5,0.015151515151515152,0.0013805042613636363,3528
39,195,330,5,0.015151515151515152,0.0013805042613636363,3529
35,4,330,7,0.021212121212121213,0.001377544981060606,3530
37,129,330,6,0.01818181818181818,0.001377544981060606,3531
4,42,330,5,0.015151515151515152,0.001376065340909091,3532
28,5,330,5,0.015151515151515152,0.001376065340909091,3533
1,121,330,5,0.015151515151515152,0.0013745857007575757,3534
17,48,330,5,0.015151515151515152,0.0013745857007575757,3535
17,69,330,6,0.01818181818181818,0.0013731060606060606,3536
1,23,330,5,0.015151515151515152,0.0013731060606060606,3537
19,175,330,5,0.015151515151515152,0.0013731060606060606,3538
3,174,330,5,0.015151515151515152,0.0013716264204545455,3539
4,0,330,5,0.015151515151515152,0.0013716264204545455,3540
1,161,330,5,0.015151515151515152,0.0013701467803030303,3541
2,138,330,5,0.015151515151515152,0.0013686671401515152,3542
7,171,330,5,0.015151515151515152,0.0013657078598484848,3543
12,39,330,5,0.015151515151515152,0.0013657078598484848,3544
7,24,330,5,0.015151515151515152,0.0013642282196969697,3545
11,204,330,5,0.015151515151515152,0.0013642282196969697,3546
11,142,330,4,0.012121212121212121,0.0013627485795454546,3547
10,150,330,6,0.01818181818181818,0.0013612689393939395,3548
5,39,330,5,0.015151515151515152,0.0013597892992424242,3549
7,146,330,5,0.015151515151515152,0.0013597892992424242,3550
18,252,330,5,0.015151515151515152,0.001358309659090909,3551
9,88,330,5,0.015151515151515152,0.001356830018939394,3552
34,115,330,5,0.015151515151515152,0.001356830018939394,3553
13,21,330,5,0.015151515151515152,0.0013553503787878788,3554
10,143,330,6,0.01818181818181818,0.0013538707386363637,3555
19,47,330,5,0.015151515151515152,0.0013538707386363637,3556
2,64,330,5,0.015151515151515152,0.0013523910984848484,3557
4,190,330,5,0.015151515151515152,0.0013509114583333333,3558
5,150,330,5,0.015151515151515152,0.0013509114583333333,3559
19,211,330,5,0.015151515151515152,0.0013509114583333333,3560
24,209,330,5,0.015151515151515152,0.0013509114583333333,3561
13,71,330,5,0.015151515151515152,0.0013494318181818182,3562
34,120,330,5,0.015151515151515152,0.0013494318181818182,3563
25,184,330,4,0.012121212121212121,0.0013494318181818182,3564
34,249,330,6,0.01818181818181818,0.001347952178030303,3565
3,106,330,5,0.015151515151515152,0.001346472537878788,3566
8,10,330,5,0.015151515151515152,0.001346472537878788,3567
30,153,330,7,0.021212121212121213,0.0013457327178030302,3568
3,139,330,10,0.030303030303030304,0.0013449928977272727,3569
32,227,330,6,0.01818181818181818,0.0013449928977272727,3570
11,197,330,5,0.015151515151515152,0.0013449928977272727,3571
26,41,330,5,0.015151515151515152,0.0013449928977272727,3572
19,9,330,4,0.012121212121212121,0.0013449928977272727,3573
22,254,330,6,0.01818181818181818,0.001344253077651515,3574
22,212,330,4,0.012121212121212121,0.0013435132575757576,3575
12,4,330,5,0.015151515151515152,0.0013420336174242424,3576
30,174,330,5,0.015151515151515152,0.0013420336174242424,3577
18,202,330,5,0.015151515151515152,0.0013405539772727273,3578
11,17,330,4,0.012121212121212121,0.0013405539772727273,3579
1,15,330,5,0.015151515151515152,0.001339074337121212,3580
10,154,330,5,0.015151515151515152,0.001339074337121212,3581
31,251,330,5,0.015151515151515152,0.001339074337121212,3582
36,182,330,4,0.012121212121212121,0.001337594696969697,3583
21,41,330,5,0.015151515151515152,0.0013361150568181818,3584
25,160,330,5,0.015151515151515152,0.0013361150568181818,3585
2,43,330,5,0.015151515151515152,0.0013346354166666667,3586
11,109,330,4,0.012121212121212121,0.0013346354166666667,3587
34,99,330,7,0.021212121212121213,0.0013338955965909091,3588
12,7,330,6,0.01818181818181818,0.0013331557765151516,3589
25,129,330,5,0.015151515151515152,0.0013331557765151516,3590
5,183,330,5,0.015151515151515152,0.0013316761363636363,3591
20,194,330,5,0.015151515151515152,0.0013316761363636363,3592
4,195,330,5,0.015151515151515152,0.0013301964962121212,3593
2,182,330,5,0.015151515151515152,0.001328716856060606,3594
38,148,330,5,0.015151515151515152,0.0013279770359848485,3595
23,229,330,5,0.015151515151515152,0.001327237215909091,3596
30,102,330,5,0.015151515151515152,0.001327237215909091,3597
10,66,330,5,0.015151515151515152,0.0013257575757575758,3598
16,4,330,5,0.015151515151515152,0.0013257575757575758,3599
32,179,330,5,0.015151515151515152,0.0013257575757575758,3600
34,55,330,5,0.015151515151515152,0.0013257575757575758,3601
39,230,330,5,0.015151515151515152,0.0013257575757575758,3602
35,204,330,7,0.021212121212121213,0.0013242779356060605,3603
11,175,330,5,0.015151515151515152,0.0013227982954545454,3604
19,74,330,5,0.015151515151515152,0.0013227982954545454,3605
39,79,330,5,0.015151515151515152,0.0013227982954545454,3606
3,226,330,5,0.015151515151515152,0.0013213186553030303,3607
22,191,330,5,0.015151515151515152,0.0013213186553030303,3608
37,193,330,3,0.00909090909090909,0.0013213186553030303,3609
24,67,330,6,0.01818181818181818,0.0013205788352272727,3610
29,91,330,7,0.021212121212121213,0.0013198390151515152,3611
5,143,330,5,0.015151515151515152,0.0013198390151515152,3612
38,57,330,5,0.015151515151515152,0.0013198390151515152,3613
7,104,330,5,0.015151515151515152,0.001318359375,3614
22,139,330,5,0.015151515151515152,0.0013168797348484848,3615
1,6,330,5,0.015151515151515152,0.0013154000946969697,3616
10,48,330,5,0.015151515151515152,0.0013154000946969697,3617
19,237,330,6,0.01818181818181818,0.0013124408143939394,3618
15,202,330,5,0.015151515151515152,0.0013124408143939394,3619
36,71,330,4,0.012121212121212121,0.0013124408143939394,3620
3,198,330,5,0.015151515151515152,0.001308001893939394,3621
10,40,330,5,0.015151515151515152,0.001308001893939394,3622
11,108,330,5,0.015151515151515152,0.0013065222537878788,3623
37,207,330,5,0.015151515151515152,0.0013065222537878788,3624
34,10,330,4,0.012121212121212121,0.0013065222537878788,3625
24,157,330,5,0.015151515151515152,0.0013050426136363637,3626
30,28,330,4,0.012121212121212121,0.0013050426136363637,3627
22,69,330,5,0.015151515151515152,0.0013035629734848486,3628
35,221,330,5,0.015151515151515152,0.0013028231534090908,3629
24,5,330,4,0.012121212121212121,0.0013020833333333333,3630
36,96,330,5,0.015151515151515152,0.0013006036931818182,3631
32,215,330,5,0.015151515151515152,0.001299124053030303,3632
35,243,330,6,0.01818181818181818,0.001297644412878788,3633
5,170,330,5,0.015151515151515152,0.001297644412878788,3634
12,23,330,5,0.015151515151515152,0.001297644412878788,3635
34,100,330,6,0.01818181818181818,0.0012961647727272728,3636
5,37,330,4,0.012121212121212121,0.0012961647727272728,3637
13,138,330,5,0.015151515151515152,0.0012946851325757575,3638
31,172,330,5,0.015151515151515152,0.0012946851325757575,3639
34,216,330,6,0.01818181818181818,0.0012932054924242424,3640
6,85,330,5,0.015151515151515152,0.0012932054924242424,3641
31,192,330,5,0.015151515151515152,0.0012932054924242424,3642
31,104,330,5,0.015151515151515152,0.0012902462121212122,3643
27,6,330,5,0.015151515151515152,0.0012887665719696969,3644
38,12,330,5,0.015151515151515152,0.0012887665719696969,3645
39,225,330,5,0.015151515151515152,0.0012887665719696969,3646
17,207,330,4,0.012121212121212121,0.0012872869318181818,3647
34,158,330,6,0.01818181818181818,0.0012858072916666667,3648
38,91,330,7,0.021212121212121213,0.001285067471590909,3649
35,74,330,6,0.01818181818181818,0.001285067471590909,3650
37,119,330,6,0.01818181818181818,0.0012843276515151515,3651
11,48,330,5,0.015151515151515152,0.0012843276515151515,3652
23,8,330,5,0.015151515151515152,0.0012843276515151515,3653
31,254,330,5,0.015151515151515152,0.0012843276515151515,3654
36,230,330,5,0.015151515151515152,0.0012843276515151515,3655
23,152,330,5,0.015151515151515152,0.0012828480113636364,3656
6,239,330,5,0.015151515151515152,0.0012813683712121211,3657
25,136,330,5,0.015151515151515152,0.0012813683712121211,3658
39,66,330,5,0.015151515151515152,0.0012813683712121211,3659
10,178,330,5,0.015151515151515152,0.001278409090909091,3660
35,179,330,5,0.015151515151515152,0.001278409090909091,3661
27,58,330,6,0.01818181818181818,0.0012761896306818182,3662
12,100,330,5,0.015151515151515152,0.0012754498106060607,3663
4,2,330,4,0.012121212121212121,0.0012739701704545454,3664
31,201,330,5,0.015151515151515152,0.0012724905303030303,3665
39,85,330,5,0.015151515151515152,0.0012717507102272727,3666
3,252,330,5,0.015151515151515152,0.0012710108901515152,3667
35,225,330,5,0.015151515151515152,0.00126953125,3668
39,164,330,5,0.015151515151515152,0.0012691613399621212,3669
23,113,330,5,0.015151515151515152,0.001268051609848485,3670
20,240,330,6,0.01818181818181818,0.0012665719696969696,3671
2,251,330,5,0.015151515151515152,0.0012665719696969696,3672
27,44,330,5,0.015151515151515152,0.0012650923295454545,3673
14,8,330,5,0.015151515151515152,0.0012621330492424243,3674
24,198,330,5,0.015151515151515152,0.0012621330492424243,3675
4,137,330,5,0.015151515151515152,0.0012606534090909092,3676
12,163,330,5,0.015151515151515152,0.0012606534090909092,3677
12,180,330,5,0.015151515151515152,0.0012606534090909092,3678
35,93,330,5,0.015151515151515152,0.0012606534090909092,3679
33,106,330,5,0.015151515151515152,0.0012591737689393939,3680
30,69,330,4,0.012121212121212121,0.0012576941287878788,3681
3,120,330,5,0.015151515151515152,0.0012562144886363636,3682
23,246,330,5,0.015151515151515152,0.0012562144886363636,3683
32,55,330,5,0.015151515151515152,0.0012562144886363636,3684
24,105,330,9,0.02727272727272727,0.0012547348484848485,3685
1,41,330,5,0.015151515151515152,0.0012547348484848485,3686
22,76,330,4,0.012121212121212121,0.0012547348484848485,3687
8,168,330,5,0.015151515151515152,0.0012517755681818181,3688
23,165,330,5,0.015151515151515152,0.0012517755681818181,3689
19,147,330,6,0.01818181818181818,0.001250295928030303,3690
10,147,330,5,0.015151515151515152,0.001250295928030303,3691
25,4,330,5,0.015151515151515152,0.001250295928030303,3692
29,142,330,4,0.012121212121212121,0.001248816287878788,3693
22,33,330,5,0.015151515151515152,0.0012473366477272728,3694
21,50,330,6,0.01818181818181818,0.0012465968276515152,3695
1,229,330,5,0.015151515151515152,0.0012458570075757577,3696
2,88,330,5,0.015151515151515152,0.0012458570075757577,3697
7,110,330,5,0.015151515151515152,0.0012458570075757577,3698
15,134,330,5,0.015151515151515152,0.0012443773674242424,3699
17,248,330,5,0.015151515151515152,0.0012443773674242424,3700
27,125,330,4,0.012121212121212121,0.0012443773674242424,3701
13,43,330,4,0.012121212121212121,0.0012428977272727273,3702
36,224,330,5,0.015151515151515152,0.0012414180871212121,3703
13,108,330,5,0.015151515151515152,0.001239938446969697,3704
20,106,330,5,0.015151515151515152,0.001239938446969697,3705
33,174,330,5,0.015151515151515152,0.001239938446969697,3706
4,139,330,4,0.012121212121212121,0.001239938446969697,3707
11,51,330,5,0.015151515151515152,0.0012384588068181817,3708
4,211,330,5,0.015151515151515152,0.0012369791666666666,3709
23,166,330,5,0.015151515151515152,0.0012369791666666666,3710
24,83,330,6,0.01818181818181818,0.0012354995265151515,3711
4,235,330,5,0.015151515151515152,0.0012354995265151515,3712
15,238,330,5,0.015151515151515152,0.0012354995265151515,3713
23,80,330,5,0.015151515151515152,0.0012354995265151515,3714
7,124,330,5,0.015151515151515152,0.0012340198863636364,3715
9,4,330,5,0.015151515151515152,0.0012340198863636364,3716
19,246,330,5,0.015151515151515152,0.0012340198863636364,3717
15,207,330,5,0.015151515151515152,0.0012325402462121213,3718
20,190,330,5,0.015151515151515152,0.001231060606060606,3719
31,70,330,5,0.015151515151515152,0.001231060606060606,3720
14,54,330,5,0.015151515151515152,0.0012295809659090909,3721
35,59,330,5,0.015151515151515152,0.0012281013257575758,3722
27,130,330,5,0.015151515151515152,0.0012251420454545455,3723
4,179,330,5,0.015151515151515152,0.0012236624053030302,3724
10,166,330,5,0.015151515151515152,0.0012236624053030302,3725
38,21,330,4,0.012121212121212121,0.0012236624053030302,3726
29,106,330,6,0.01818181818181818,0.001222182765151515,3727
20,236,330,5,0.015151515151515152,0.001222182765151515,3728
22,213,330,5,0.015151515151515152,0.001222182765151515,3729
32,67,330,7,0.021212121212121213,0.001220703125,3730
1,123,330,5,0.015151515151515152,0.001220703125,3731
4,161,330,5,0.015151515151515152,0.001220703125,3732
38,26,330,5,0.015151515151515152,0.001220703125,3733
39,144,330,4,0.012121212121212121,0.001220703125,3734
10,146,330,5,0.015151515151515152,0.0012177438446969698,3735
38,182,330,5,0.015151515151515152,0.0012177438446969698,3736
39,55,330,4,0.012121212121212121,0.0012177438446969698,3737
9,246,330,5,0.015151515151515152,0.0012162642045454545,3738
25,241,330,5,0.015151515151515152,0.0012162642045454545,3739
6,158,330,5,0.015151515151515152,0.0012147845643939394,3740
9,29,330,5,0.015151515151515152,0.0012133049242424242,3741
14,243,330,5,0.015151515151515152,0.0012118252840909091,3742
38,30,330,3,0.00909090909090909,0.0012118252840909091,3743
15,91,330,6,0.01818181818181818,0.0012096058238636363,3744
29,167,330,5,0.015151515151515152,0.0012088660037878787,3745
23,254,330,4,0.012121212121212121,0.0012088660037878787,3746
26,113,330,5,0.015151515151515152,0.0012059067234848485,3747
32,90,330,5,0.015151515151515152,0.001205166903409091,3748
33,170,330,5,0.015151515151515152,0.001205166903409091,3749
38,255,330,5,0.015151515151515152,0.0012044270833333334,3750
35,113,330,6,0.01818181818181818,0.0012036872632575758,3751
17,98,330,6,0.01818181818181818,0.001201467803030303,3752
19,132,330,5,0.015151515151515152,0.001201467803030303,3753
2,98,330,4,0.012121212121212121,0.001201467803030303,3754
39,17,330,6,0.01818181818181818,0.0012010978929924243,3755
12,167,330,5,0.015151515151515152,0.0011999881628787879,3756
16,94,330,5,0.015151515151515152,0.0011999881628787879,3757
22,12,330,5,0.015151515151515152,0.0011999881628787879,3758
16,99,330,6,0.01818181818181818,0.0011985085227272727,3759
4,191,330,5,0.015151515151515152,0.0011985085227272727,3760
7,57,330,5,0.015151515151515152,0.0011985085227272727,3761
3,66,330,5,0.015151515151515152,0.0011970288825757576,3762
5,137,330,5,0.015151515151515152,0.0011970288825757576,3763
30,161,330,5,0.015151515151515152,0.0011970288825757576,3764
12,31,330,6,0.01818181818181818,0.0011962890625,3765
34,64,330,6,0.01818181818181818,0.0011955492424242423,3766
2,34,330,5,0.015151515151515152,0.0011955492424242423,3767
10,144,330,5,0.015151515151515152,0.0011955492424242423,3768
23,129,330,5,0.015151515151515152,0.0011955492424242423,3769
38,69,330,5,0.015151515151515152,0.0011955492424242423,3770
35,172,330,4,0.012121212121212121,0.0011955492424242423,3771
23,56,330,5,0.015151515151515152,0.0011940696022727272,3772
36,36,330,5,0.015151515151515152,0.0011940696022727272,3773
39,209,330,5,0.015151515151515152,0.001192589962121212,3774
12,110,330,4,0.012121212121212121,0.001192589962121212,3775
5,120,330,5,0.015151515151515152,0.001191110321969697,3776
30,99,330,4,0.012121212121212121,0.001191110321969697,3777
15,98,330,5,0.015151515151515152,0.0011896306818181819,3778
16,239,330,6,0.01818181818181818,0.001187411221590909,3779
16,96,330,5,0.015151515151515152,0.0011851917613636364,3780
31,156,330,5,0.015151515151515152,0.0011851917613636364,3781
33,84,330,4,0.012121212121212121,0.0011851917613636364,3782
25,85,330,6,0.01818181818181818,0.0011844519412878788,3783
13,189,330,5,0.015151515151515152,0.0011837121212121212,3784
32,202,330,9,0.02727272727272727,0.0011829723011363637,3785
24,213,330,5,0.015151515151515152,0.0011822324810606061,3786
26,8,330,4,0.012121212121212121,0.0011822324810606061,3787
15,106,330,5,0.015151515151515152,0.0011792732007575757,3788
32,119,330,5,0.015151515151515152,0.0011792732007575757,3789
38,169,330,5,0.015151515151515152,0.0011777935606060606,3790
15,163,330,5,0.015151515151515152,0.0011763139204545455,3791
2,237,330,5,0.015151515151515152,0.001173354640151515,3792
26,31,330,5,0.015151515151515152,0.001173354640151515,3793
28,189,330,5,0.015151515151515152,0.001173354640151515,3794
6,164,330,5,0.015151515151515152,0.001171875,3795
11,198,330,5,0.015151515151515152,0.001171875,3796
13,83,330,5,0.015151515151515152,0.001171875,3797
32,113,330,5,0.015151515151515152,0.001171875,3798
35,31,330,5,0.015151515151515152,0.0011689157196969697,3799
36,54,330,5,0.015151515151515152,0.0011689157196969697,3800
37,192,330,4,0.012121212121212121,0.0011689157196969697,3801
5,95,330,5,0.015151515151515152,0.0011674360795454546,3802
15,11,330,5,0.015151515151515152,0.0011674360795454546,3803
7,3,330,5,0.015151515151515152,0.0011644767992424242,3804
10,106,330,5,0.015151515151515152,0.0011644767992424242,3805
11,174,330,5,0.015151515151515152,0.0011644767992424242,3806
12,218,330,5,0.015151515151515152,0.0011644767992424242,3807
15,147,330,5,0.015151515151515152,0.0011644767992424242,3808
17,182,330,5,0.015151515151515152,0.0011644767992424242,3809
20,155,330,5,0.015151515151515152,0.0011644767992424242,3810
27,204,330,5,0.015151515151515152,0.0011644767992424242,3811
30,2,330,6,0.01818181818181818,0.001161517518939394,3812
6,90,330,5,0.015151515151515152,0.001161517518939394,3813
25,213,330,5,0.015151515151515152,0.001161517518939394,3814
13,178,330,5,0.015151515151515152,0.0011600378787878789,3815
25,57,330,4,0.012121212121212121,0.0011600378787878789,3816
38,228,330,8,0.024242424242424242,0.0011585582386363636,3817
28,115,330,5,0.015151515151515152,0.0011585582386363636,3818
22,71,330,5,0.015151515151515152,0.001156338778409091,3819
10,27,330,5,0.015151515151515152,0.0011555989583333333,3820
11,52,330,4,0.012121212121212121,0.0011555989583333333,3821
24,17,330,4,0.012121212121212121,0.0011555989583333333,3822
32,45,330,5,0.015151515151515152,0.0011548591382575758,3823
7,106,330,5,0.015151515151515152,0.0011541193181818182,3824
8,108,330,5,0.015151515151515152,0.0011541193181818182,3825
16,7,330,5,0.015151515151515152,0.0011541193181818182,3826
19,192,330,4,0.012121212121212121,0.0011541193181818182,3827
18,181,330,5,0.015151515151515152,0.0011533794981060607,3828
8,88,330,8,0.024242424242424242,0.0011526396780303031,3829
22,15,330,5,0.015151515151515152,0.0011526396780303031,3830
37,75,330,5,0.015151515151515152,0.0011518998579545454,3831
13,92,330,5,0.015151515151515152,0.0011511600378787878,3832
28,148,330,5,0.015151515151515152,0.0011511600378787878,3833
35,84,330,5,0.015151515151515152,0.0011496803977272727,3834
32,169,330,6,0.01818181818181818,0.0011482007575757576,3835
2,181,330,5,0.015151515151515152,0.0011467211174242425,3836
18,249,330,4,0.012121212121212121,0.0011467211174242425,3837
30,252,330,5,0.015151515151515152,0.0011452414772727272,3838
15,76,330,5,0.015151515151515152,0.001143761837121212,3839
13,6,330,5,0.015151515151515152,0.001142282196969697,3840
13,231,330,5,0.015151515151515152,0.0011408025568181818,3841
19,38,330,5,0.015151515151515152,0.0011408025568181818,3842
32,84,330,7,0.021212121212121213,0.0011385830965909092,3843
35,60,330,4,0.012121212121212121,0.0011378432765151514,3844
2,144,330,5,0.015151515151515152,0.0011363636363636363,3845
28,173,330,4,0.012121212121212121,0.0011363636363636363,3846
26,155,330,6,0.01818181818181818,0.0011348839962121212,3847
5,2,330,5,0.015151515151515152,0.0011348839962121212,3848
26,2,330,5,0.015151515151515152,0.0011348839962121212,3849
29,137,330,5,0.015151515151515152,0.001133404356060606,3850
28,185,330,6,0.01818181818181818,0.001131924715909091,3851
18,16,330,5,0.015151515151515152,0.001131924715909091,3852
34,128,330,5,0.015151515151515152,0.001131924715909091,3853
18,56,330,5,0.015151515151515152,0.0011304450757575757,3854
13,103,330,5,0.015151515151515152,0.0011289654356060606,3855
19,188,330,5,0.015151515151515152,0.0011289654356060606,3856
10,82,330,5,0.015151515151515152,0.0011274857954545455,3857
10,174,330,5,0.015151515151515152,0.0011274857954545455,3858
33,214,330,7,0.021212121212121213,0.0011260061553030303,3859
16,15,330,6,0.01818181818181818,0.0011260061553030303,3860
2,187,330,5,0.015151515151515152,0.0011260061553030303,3861
6,128,330,5,0.015151515151515152,0.0011245265151515152,3862
18,99,330,5,0.015151515151515152,0.0011245265151515152,3863
29,121,330,5,0.015151515151515152,0.0011245265151515152,3864
4,16,330,4,0.012121212121212121,0.0011245265151515152,3865
34,142,330,4,0.012121212121212121,0.0011245265151515152,3866
20,147,330,5,0.015151515151515152,0.001123046875,3867
30,168,330,5,0.015151515151515152,0.001123046875,3868
7,129,330,5,0.015151515151515152,0.0011215672348484848,3869
12,178,330,5,0.015151515151515152,0.0011215672348484848,3870
25,243,330,5,0.015151515151515152,0.0011215672348484848,3871
11,232,330,5,0.015151515151515152,0.0011200875946969697,3872
24,187,330,5,0.015151515151515152,0.0011200875946969697,3873
3,181,330,5,0.015151515151515152,0.0011186079545454546,3874
15,90,330,5,0.015151515151515152,0.0011186079545454546,3875
18,18,330,5,0.015151515151515152,0.0011186079545454546,3876
38,192,330,3,0.00909090909090909,0.0011186079545454546,3877
16,92,330,5,0.015151515151515152,0.0011171283143939395,3878
18,230,330,4,0.012121212121212121,0.0011171283143939395,3879
20,160,330,5,0.015151515151515152,0.0011112097537878788,3880
18,134,330,4,0.012121212121212121,0.0011097301136363637,3881
5,45,330,5,0.015151515151515152,0.0011082504734848484,3882
27,54,330,4,0.012121212121212121,0.0011082504734848484,3883
16,202,330,5,0.015151515151515152,0.0011067708333333333,3884
34,237,330,5,0.015151515151515152,0.0011067708333333333,3885
36,97,330,5,0.015151515151515152,0.0011052911931818182,3886
3,224,330,5,0.015151515151515152,0.001103811553030303,3887
16,37,330,5,0.015151515151515152,0.001103811553030303,3888
19,56,330,9,0.02727272727272727,0.001102331912878788,3889
1,45,330,5,0.015151515151515152,0.001102331912878788,3890
30,77,330,5,0.015151515151515152,0.001102331912878788,3891
33,231,330,5,0.015151515151515152,0.001102331912878788,3892
38,86,330,4,0.012121212121212121,0.001102331912878788,3893
3,203,330,5,0.015151515151515152,0.0011008522727272727,3894
25,68,330,4,0.012121212121212121,0.0011008522727272727,3895
10,218,330,5,0.015151515151515152,0.0010993726325757576,3896
1,193,330,4,0.012121212121212121,0.0010993726325757576,3897
21,47,330,5,0.015151515151515152,0.0010978929924242424,3898
29,107,330,5,0.015151515151515152,0.0010978929924242424,3899
21,205,330,4,0.012121212121212121,0.0010964133522727273,3900
3,47,330,5,0.015151515151515152,0.001094933712121212,3901
10,167,330,5,0.015151515151515152,0.001093454071969697,3902
21,99,330,5,0.015151515151515152,0.0010919744318181818,3903
33,57,330,5,0.015151515151515152,0.0010919744318181818,3904
23,11,330,4,0.012121212121212121,0.0010890151515151516,3905
4,38,330,5,0.015151515151515152,0.0010875355113636363,3906
7,65,330,5,0.015151515151515152,0.0010875355113636363,3907
3,138,330,5,0.015151515151515152,0.0010860558712121212,3908
31,230,330,5,0.015151515151515152,0.001084576231060606,3909
30,204,330,4,0.012121212121212121,0.001084576231060606,3910
15,149,330,6,0.01818181818181818,0.001083096590909091,3911
13,93,330,5,0.015151515151515152,0.001083096590909091,3912
14,254,330,5,0.015151515151515152,0.001083096590909091,3913
28,75,330,4,0.012121212121212121,0.001083096590909091,3914
30,209,330,4,0.012121212121212121,0.001083096590909091,3915
7,242,330,4,0.012121212121212121,0.0010816169507575758,3916
5,65,330,5,0.015151515151515152,0.0010801373106060605,3917
16,28,330,5,0.015151515151515152,0.0010801373106060605,3918
33,30,330,5,0.015151515151515152,0.0010801373106060605,3919
35,17,330,4,0.012121212121212121,0.0010786576704545454,3920
16,165,330,5,0.015151515151515152,0.0010771780303030303,3921
31,173,330,5,0.015151515151515152,0.0010771780303030303,3922
38,23,330,5,0.015151515151515152,0.0010771780303030303,3923
38,73,330,5,0.015151515151515152,0.0010771780303030303,3924
28,118,330,5,0.015151515151515152,0.0010764382102272727,3925
33,207,330,4,0.012121212121212121,0.0010756983901515152,3926
13,25,330,5,0.015151515151515152,0.0010727391098484848,3927
4,206,330,5,0.015151515151515152,0.0010712594696969697,3928
15,175,330,5,0.015151515151515152,0.0010712594696969697,3929
11,23,330,5,0.015151515151515152,0.0010697798295454545,3930
35,209,330,3,0.00909090909090909,0.0010697798295454545,3931
3,22,330,5,0.015151515151515152,0.0010683001893939394,3932
28,49,330,5,0.015151515151515152,0.0010683001893939394,3933
19,18,330,4,0.012121212121212121,0.0010683001893939394,3934
26,42,330,4,0.012121212121212121,0.0010683001893939394,3935
6,168,330,5,0.015151515151515152,0.0010668205492424243,3936
38,185,330,3,0.00909090909090909,0.0010668205492424243,3937
18,26,330,5,0.015151515151515152,0.0010609019886363637,3938
31,141,330,4,0.012121212121212121,0.0010594223484848486,3939
28,203,330,6,0.01818181818181818,0.0010579427083333333,3940
21,197,330,5,0.015151515151515152,0.0010579427083333333,3941
30,144,330,4,0.012121212121212121,0.0010579427083333333,3942
32,210,330,5,0.015151515151515152,0.0010564630681818182,3943
28,105,330,5,0.015151515151515152,0.001054983428030303,3944
25,26,330,4,0.012121212121212121,0.001054983428030303,3945
35,7,330,4,0.012121212121212121,0.001054983428030303,3946
5,114,330,5,0.015151515151515152,0.001053503787878788,3947
9,51,330,4,0.012121212121212121,0.0010520241477272728,3948
26,235,330,4,0.012121212121212121,0.0010520241477272728,3949
8,89,330,5,0.015151515151515152,0.0010505445075757575,3950
8,239,330,5,0.015151515151515152,0.0010505445075757575,3951
30,178,330,7,0.021212121212121213,0.0010490648674242424,3952
32,60,330,6,0.01818181818181818,0.0010453657670454546,3953
17,97,330,7,0.021212121212121213,0.0010446259469696969,3954
30,150,330,4,0.012121212121212121,0.0010446259469696969,3955
37,148,330,5,0.015151515151515152,0.0010424064867424242,3956
8,211,330,5,0.015151515151515152,0.0010416666666666667,3957
4,220,330,4,0.012121212121212121,0.0010372277462121211,3958
1,51,330,5,0.015151515151515152,0.001035748106060606,3959
4,103,330,5,0.015151515151515152,0.001035748106060606,3960
26,204,330,4,0.012121212121212121,0.001035748106060606,3961
12,34,330,5,0.015151515151515152,0.001034268465909091,3962
20,49,330,5,0.015151515151515152,0.001034268465909091,3963
26,101,330,5,0.015151515151515152,0.001034268465909091,3964
39,248,330,3,0.00909090909090909,0.001034268465909091,3965
38,205,330,4,0.012121212121212121,0.0010327888257575758,3966
35,120,330,5,0.015151515151515152,0.0010313091856060607,3967
25,24,330,5,0.015151515151515152,0.0010305693655303031,3968
12,195,330,5,0.015151515151515152,0.0010298295454545454,3969
33,242,330,5,0.015151515151515152,0.0010298295454545454,3970
5,168,330,5,0.015151515151515152,0.0010283499053030303,3971
16,82,330,5,0.015151515151515152,0.0010283499053030303,3972
39,102,330,3,0.00909090909090909,0.0010283499053030303,3973
17,57,330,4,0.012121212121212121,0.0010268702651515152,3974
36,95,330,4,0.012121212121212121,0.001025390625,3975
3,249,330,5,0.015151515151515152,0.0010224313446969696,3976
8,178,330,5,0.015151515151515152,0.0010224313446969696,3977
11,170,330,5,0.015151515151515152,0.0010224313446969696,3978
30,208,330,5,0.015151515151515152,0.0010209517045454545,3979
16,253,330,4,0.012121212121212121,0.0010209517045454545,3980
38,29,330,4,0.012121212121212121,0.0010209517045454545,3981
5,71,330,5,0.015151515151515152,0.0010194720643939394,3982
14,125,330,5,0.015151515151515152,0.0010194720643939394,3983
14,250,330,5,0.015151515151515152,0.0010194720643939394,3984
33,63,330,5,0.015151515151515152,0.0010194720643939394,3985
17,151,330,4,0.012121212121212121,0.0010194720643939394,3986
15,112,330,5,0.015151515151515152,0.0010179924242424243,3987
4,182,330,4,0.012121212121212121,0.0010179924242424243,3988
18,234,330,4,0.012121212121212121,0.0010179924242424243,3989
6,124,330,4,0.012121212121212121,0.0010150331439393939,3990
5,17,330,5,0.015151515151515152,0.0010135535037878788,3991
6,129,330,5,0.015151515151515152,0.0010135535037878788,3992
14,203,330,5,0.015151515151515152,0.0010135535037878788,3993
38,70,330,4,0.012121212121212121,0.0010120738636363636,3994
7,181,330,3,0.00909090909090909,0.0010091145833333334,3995
34,42,330,4,0.012121212121212121,0.0010076349431818181,3996
30,214,330,6,0.01818181818181818,0.0010054154829545455,3997
6,236,330,5,0.015151515151515152,0.001004675662878788,3998
22,109,330,5,0.015151515151515152,0.0010031960227272728,3999
27,64,330,5,0.015151515151515152,0.0010031960227272728,4000
11,7,330,4,0.012121212121212121,0.0010031960227272728,4001
11,90,330,4,0.012121212121212121,0.0010031960227272728,4002
5,48,330,5,0.015151515151515152,0.0010017163825757577,4003
27,221,330,5,0.015151515151515152,0.0010017163825757577,4004
7,35,330,5,0.015151515151515152,0.0010002367424242424,4005
1,152,330,4,0.012121212121212121,0.0010002367424242424,4006
35,250,330,4,0.012121212121212121,0.0010002367424242424,4007
38,11,330,5,0.015151515151515152,0.0009987571022727273,4008
8,184,330,5,0.015151515151515152,0.0009972774621212121,4009
5,250,330,5,0.015151515151515152,0.000995797821969697,4010
6,235,330,5,0.015151515151515152,0.000995797821969697,4011
8,71,330,5,0.015151515151515152,0.000995797821969697,4012
27,240,330,3,0.00909090909090909,0.000995797821969697,4013
34,23,330,4,0.012121212121212121,0.0009943181818181817,4014
34,89,330,4,0.012121212121212121,0.0009928385416666666,4015
18,118,330,5,0.015151515151515152,0.0009913589015151515,4016
35,119,330,4,0.012121212121212121,0.0009913589015151515,4017
6,15,330,5,0.015151515151515152,0.0009883996212121213,4018
35,95,330,5,0.015151515151515152,0.0009854403409090909,4019
13,220,330,4,0.012121212121212121,0.0009854403409090909,4020
32,161,330,6,0.01818181818181818,0.0009847005208333333,4021
6,82,330,5,0.015151515151515152,0.0009839607007575758,4022
21,81,330,4,0.012121212121212121,0.0009839607007575758,4023
11,88,330,3,0.00909090909090909,0.0009839607007575758,4024
14,186,330,5,0.015151515151515152,0.0009824810606060606,4025
18,1,330,5,0.015151515151515152,0.0009824810606060606,4026
32,57,330,5,0.015151515151515152,0.000981741240530303,4027
3,199,330,5,0.015151515151515152,0.0009810014204545455,4028
12,158,330,4,0.012121212121212121,0.0009810014204545455,4029
18,65,330,4,0.012121212121212121,0.0009810014204545455,4030
39,99,330,5,0.015151515151515152,0.0009795217803030302,4031
14,226,330,5,0.015151515151515152,0.000978042140151515,4032
9,77,330,4,0.012121212121212121,0.0009736032196969697,4033
22,228,330,4,0.012121212121212121,0.0009736032196969697,4034
34,34,330,5,0.015151515151515152,0.0009728633996212121,4035
21,75,330,4,0.012121212121212121,0.0009721235795454546,4036
15,56,330,5,0.015151515151515152,0.0009706439393939394,4037
6,231,330,5,0.015151515151515152,0.0009699041193181818,4038
38,110,330,5,0.015151515151515152,0.0009639855587121212,4039
21,132,330,5,0.015151515151515152,0.000962505918560606,4040
33,217,330,5,0.015151515151515152,0.000962505918560606,4041
38,105,330,4,0.012121212121212121,0.0009617660984848485,4042
22,21,330,3,0.00909090909090909,0.0009588068181818182,4043
16,108,330,4,0.012121212121212121,0.0009573271780303031,4044
34,141,330,4,0.012121212121212121,0.0009573271780303031,4045
36,79,330,3,0.00909090909090909,0.0009573271780303031,4046
2,215,330,4,0.012121212121212121,0.0009558475378787879,4047
6,171,330,5,0.015151515151515152,0.0009543678977272727,4048
8,226,330,5,0.015151515151515152,0.0009543678977272727,4049
7,255,330,4,0.012121212121212121,0.0009543678977272727,4050
24,163,330,4,0.012121212121212121,0.0009543678977272727,4051
7,47,330,5,0.015151515151515152,0.0009536280776515152,4052
15,105,330,5,0.015151515151515152,0.0009521484375,4053
1,255,330,3,0.00909090909090909,0.0009514086174242424,4054
38,15,330,3,0.00909090909090909,0.0009514086174242424,4055
37,130,330,3,0.00909090909090909,0.0009499289772727273,4056
33,167,330,4,0.012121212121212121,0.0009484493371212121,4057
21,90,330,3,0.00909090909090909,0.0009484493371212121,4058
37,112,330,4,0.012121212121212121,0.0009477095170454545,4059
6,70,330,5,0.015151515151515152,0.000946969696969697,4060
20,90,330,4,0.012121212121212121,0.0009425307765151516,4061
30,59,330,4,0.012121212121212121,0.0009425307765151516,4062
8,4,330,5,0.015151515151515152,0.0009417909564393939,4063
37,154,330,4,0.012121212121212121,0.0009410511363636364,4064
35,9,330,5,0.015151515151515152,0.0009395714962121212,4065
15,28,330,4,0.012121212121212121,0.0009395714962121212,4066
27,108,330,4,0.012121212121212121,0.0009395714962121212,4067
20,231,330,4,0.012121212121212121,0.000938091856060606,4068
35,40,330,4,0.012121212121212121,0.000938091856060606,4069
16,43,330,4,0.012121212121212121,0.0009366122159090909,4070
8,63,330,5,0.015151515151515152,0.0009358723958333334,4071
39,184,330,9,0.02727272727272727,0.0009351325757575757,4072
3,101,330,5,0.015151515151515152,0.0009336529356060606,4073
14,64,330,3,0.00909090909090909,0.0009336529356060606,4074
8,120,330,5,0.015151515151515152,0.0009321732954545455,4075
35,73,330,4,0.012121212121212121,0.0009321732954545455,4076
3,74,330,3,0.00909090909090909,0.0009321732954545455,4077
16,95,330,6,0.01818181818181818,0.000927734375,4078
32,155,330,5,0.015151515151515152,0.0009269945549242424,4079
4,27,330,3,0.00909090909090909,0.0009262547348484848,4080
28,14,330,5,0.015151515151515152,0.0009210759943181819,4081
32,242,330,5,0.015151515151515152,0.0009203361742424242,4082
37,50,330,4,0.012121212121212121,0.0009203361742424242,4083
37,71,330,3,0.00909090909090909,0.0009203361742424242,4084
22,43,330,4,0.012121212121212121,0.0009188565340909091,4085
27,145,330,4,0.012121212121212121,0.000917376893939394,4086
8,31,330,5,0.015151515151515152,0.0009158972537878788,4087
20,127,330,5,0.015151515151515152,0.0009158972537878788,4088
30,87,330,5,0.015151515151515152,0.0009151574337121212,4089
5,52,330,5,0.015151515151515152,0.0009144176136363637,4090
20,54,330,4,0.012121212121212121,0.0009144176136363637,4091
36,92,330,4,0.012121212121212121,0.0009144176136363637,4092
6,95,330,5,0.015151515151515152,0.000913677793560606,4093
35,13,330,5,0.015151515151515152,0.000913677793560606,4094
33,56,330,3,0.00909090909090909,0.0009129379734848485,4095
16,152,330,4,0.012121212121212121,0.0009114583333333333,4096
34,255,330,3,0.00909090909090909,0.0009114583333333333,4097
39,88,330,5,0.015151515151515152,0.0009107185132575758,4098
27,174,330,4,0.012121212121212121,0.0009099786931818181,4099
2,218,330,3,0.00909090909090909,0.000908499053030303,4100
35,133,330,3,0.00909090909090909,0.000908499053030303,4101
6,174,330,5,0.015151515151515152,0.0009070194128787879,4102
10,76,330,5,0.015151515151515152,0.0009070194128787879,4103
33,49,330,5,0.015151515151515152,0.0009070194128787879,4104
22,126,330,3,0.00909090909090909,0.0009011008522727273,4105
25,81,330,3,0.00909090909090909,0.0009011008522727273,4106
7,220,330,3,0.00909090909090909,0.0008996212121212122,4107
4,25,330,5,0.015151515151515152,0.000898141571969697,4108
15,235,330,4,0.012121212121212121,0.000898141571969697,4109
3,149,330,5,0.015151515151515152,0.0008974017518939394,4110
35,46,330,3,0.00909090909090909,0.0008966619318181818,4111
36,82,330,4,0.012121212121212121,0.0008951822916666666,4112
34,27,330,5,0.015151515151515152,0.0008944424715909091,4113
38,210,330,5,0.015151515151515152,0.0008944424715909091,4114
30,88,330,3,0.00909090909090909,0.0008907433712121212,4115
33,105,330,3,0.00909090909090909,0.0008907433712121212,4116
17,134,330,5,0.015151515151515152,0.0008892637310606061,4117
29,206,330,3,0.00909090909090909,0.0008892637310606061,4118
16,137,330,5,0.015151515151515152,0.0008885239109848484,4119
5,0,330,5,0.015151515151515152,0.0008870442708333333,4120
36,45,330,3,0.00909090909090909,0.0008863044507575758,4121
5,69,330,5,0.015151515151515152,0.0008848248106060606,4122
9,213,330,4,0.012121212121212121,0.0008848248106060606,4123
24,191,330,3,0.00909090909090909,0.0008833451704545455,4124
6,62,330,5,0.015151515151515152,0.0008803858901515151,4125
18,185,330,5,0.015151515151515152,0.00087890625,4126
8,169,330,5,0.015151515151515152,0.0008766867897727273,4127
17,163,330,5,0.015151515151515152,0.0008766867897727273,4128
31,60,330,4,0.012121212121212121,0.0008729876893939394,4129
38,253,330,5,0.015151515151515152,0.0008722478693181818,4130
34,93,330,4,0.012121212121212121,0.0008715080492424243,4131
9,237,330,3,0.00909090909090909,0.0008715080492424243,4132
37,132,330,4,0.012121212121212121,0.0008700284090909091,4133
22,229,330,4,0.012121212121212121,0.0008678089488636364,4134
16,36,330,5,0.015151515151515152,0.0008670691287878788,4135
16,123,330,4,0.012121212121212121,0.0008670691287878788,4136
32,232,330,4,0.012121212121212121,0.0008670691287878788,4137
37,156,330,3,0.00909090909090909,0.0008670691287878788,4138
29,79,330,3,0.00909090909090909,0.0008626302083333333,4139
37,69,330,5,0.015151515151515152,0.000859670928030303,4140
23,34,330,3,0.00909090909090909,0.000859670928030303,4141
29,174,330,3,0.00909090909090909,0.0008581912878787879,4142
30,107,330,3,0.00909090909090909,0.0008581912878787879,4143
1,195,330,5,0.015151515151515152,0.0008574514678030303,4144
32,4,330,5,0.015151515151515152,0.0008574514678030303,4145
13,12,330,4,0.012121212121212121,0.0008552320075757576,4146
3,253,330,3,0.00909090909090909,0.0008552320075757576,4147
37,185,330,4,0.012121212121212121,0.0008544921875,4148
33,193,330,4,0.012121212121212121,0.0008537523674242424,4149
37,45,330,3,0.00909090909090909,0.0008537523674242424,4150
24,58,330,3,0.00909090909090909,0.0008507930871212121,4151
32,246,330,4,0.012121212121212121,0.0008500532670454546,4152
13,94,330,3,0.00909090909090909,0.000849313446969697,4153
5,68,330,5,0.015151515151515152,0.0008485736268939394,4154
9,250,330,5,0.015151515151515152,0.0008478338068181818,4155
1,243,330,5,0.015151515151515152,0.0008433948863636364,4156
31,15,330,3,0.00909090909090909,0.0008433948863636364,4157
17,226,330,5,0.015151515151515152,0.0008426550662878788,4158
34,228,330,4,0.012121212121212121,0.0008426550662878788,4159
3,255,330,4,0.012121212121212121,0.0008419152462121212,4160
10,88,330,4,0.012121212121212121,0.0008419152462121212,4161
28,209,330,4,0.012121212121212121,0.0008419152462121212,4162
35,134,330,5,0.015151515151515152,0.0008411754261363636,4163
34,86,330,5,0.015151515151515152,0.0008389559659090909,4164
14,88,330,4,0.012121212121212121,0.0008389559659090909,4165
39,181,330,4,0.012121212121212121,0.0008389559659090909,4166
39,48,330,3,0.00909090909090909,0.0008389559659090909,4167
6,137,330,5,0.015151515151515152,0.0008359966856060606,4168
22,141,330,4,0.012121212121212121,0.0008352568655303031,4169
39,243,330,6,0.01818181818181818,0.0008345170454545454,4170
29,12,330,3,0.00909090909090909,0.0008345170454545454,4171
25,142,330,3,0.00909090909090909,0.0008330374053030303,4172
32,225,330,4,0.012121212121212121,0.0008322975852272727,4173
34,157,330,5,0.015151515151515152,0.0008308179450757575,4174
33,194,330,4,0.012121212121212121,0.000830078125,4175
33,189,330,5,0.015151515151515152,0.0008293383049242424,4176
32,235,330,4,0.012121212121212121,0.0008256392045454545,4177
38,58,330,4,0.012121212121212121,0.0008234197443181818,4178
10,122,330,5,0.015151515151515152,0.0008226799242424242,4179
1,122,330,5,0.015151515151515152,0.0008212002840909091,4180
1,2,330,3,0.00909090909090909,0.0008212002840909091,4181
28,177,330,3,0.00909090909090909,0.0008167613636363636,4182
5,254,330,3,0.00909090909090909,0.0008152817234848485,4183
24,221,330,3,0.00909090909090909,0.0008152817234848485,4184
25,162,330,3,0.00909090909090909,0.0008152817234848485,4185
39,109,330,8,0.024242424242424242,0.0008138020833333334,4186
14,143,330,5,0.015151515151515152,0.0008123224431818182,4187
9,120,330,4,0.012121212121212121,0.000810842803030303,4188
25,3,330,3,0.00909090909090909,0.000810842803030303,4189
12,114,330,5,0.015151515151515152,0.0008101029829545455,4190
8,48,330,5,0.015151515151515152,0.0008086233428030303,4191
1,199,330,5,0.015151515151515152,0.0008078835227272727,4192
19,58,330,3,0.00909090909090909,0.0008078835227272727,4193
37,219,330,4,0.012121212121212121,0.0008064038825757576,4194
35,66,330,3,0.00909090909090909,0.0008049242424242424,4195
19,172,330,3,0.00909090909090909,0.0008019649621212121,4196
23,90,330,3,0.00909090909090909,0.0008019649621212121,4197
30,21,330,3,0.00909090909090909,0.0007990056818181819,4198
26,66,330,4,0.012121212121212121,0.0007982658617424242,4199
32,233,330,5,0.015151515151515152,0.0007975260416666667,4200
38,237,330,4,0.012121212121212121,0.0007967862215909091,4201
20,86,330,4,0.012121212121212121,0.0007960464015151515,4202
7,186,330,3,0.00909090909090909,0.0007930871212121212,4203
23,239,330,3,0.00909090909090909,0.0007930871212121212,4204
38,184,330,3,0.00909090909090909,0.0007930871212121212,4205
8,57,330,3,0.00909090909090909,0.0007886482007575758,4206
37,52,330,4,0.012121212121212121,0.0007871685606060606,4207
2,154,330,3,0.00909090909090909,0.0007871685606060606,4208
27,153,330,4,0.012121212121212121,0.0007849491003787879,4209
5,154,330,4,0.012121212121212121,0.0007842092803030303,4210
14,77,330,4,0.012121212121212121,0.0007842092803030303,4211
11,19,330,3,0.00909090909090909,0.0007827296401515152,4212
18,5,330,3,0.00909090909090909,0.0007827296401515152,4213
32,72,330,5,0.015151515151515152,0.0007819898200757576,4214
32,103,330,4,0.012121212121212121,0.00078125,4215
10,14,330,5,0.015151515151515152,0.0007805101799242424,4216
17,87,330,4,0.012121212121212121,0.0007782907196969697,4217
17,252,330,3,0.00909090909090909,0.0007782907196969697,4218
35,222,330,3,0.00909090909090909,0.0007782907196969697,4219
38,124,330,2,0.006060606060606061,0.0007782907196969697,4220
16,29,330,4,0.012121212121212121,0.0007753314393939394,4221
38,218,330,2,0.006060606060606061,0.0007753314393939394,4222
37,25,330,5,0.015151515151515152,0.0007731119791666666,4223
35,199,330,4,0.012121212121212121,0.0007731119791666666,4224
4,134,330,5,0.015151515151515152,0.0007723721590909091,4225
17,106,330,4,0.012121212121212121,0.0007723721590909091,4226
22,237,330,3,0.00909090909090909,0.0007723721590909091,4227
36,201,330,3,0.00909090909090909,0.0007723721590909091,4228
27,30,330,4,0.012121212121212121,0.000770892518939394,4229
39,185,330,8,0.024242424242424242,0.0007694128787878788,4230
28,54,330,3,0.00909090909090909,0.0007694128787878788,4231
17,85,330,5,0.015151515151515152,0.0007664535984848484,4232
37,101,330,3,0.00909090909090909,0.0007664535984848484,4233
24,18,330,3,0.00909090909090909,0.0007634943181818182,4234
32,20,330,4,0.012121212121212121,0.0007627544981060606,4235
27,14,330,3,0.00909090909090909,0.000762014678030303,4236
17,122,330,5,0.015151515151515152,0.0007612748579545455,4237
33,208,330,4,0.012121212121212121,0.0007612748579545455,4238
27,238,330,4,0.012121212121212121,0.0007590553977272727,4239
4,92,330,3,0.00909090909090909,0.0007590553977272727,4240
33,65,330,4,0.012121212121212121,0.0007575757575757576,4241
8,140,330,5,0.015151515151515152,0.0007560961174242425,4242
39,138,330,3,0.00909090909090909,0.0007560961174242425,4243
10,124,330,3,0.00909090909090909,0.0007546164772727273,4244
21,87,330,3,0.00909090909090909,0.0007546164772727273,4245
23,186,330,3,0.00909090909090909,0.0007546164772727273,4246
6,105,330,3,0.00909090909090909,0.0007516571969696969,4247
36,194,330,3,0.00909090909090909,0.0007516571969696969,4248
20,138,330,4,0.012121212121212121,0.0007501775568181818,4249
21,14,330,3,0.00909090909090909,0.0007472182765151515,4250
16,31,330,4,0.012121212121212121,0.0007457386363636364,4251
35,122,330,3,0.00909090909090909,0.0007457386363636364,4252
23,13,330,3,0.00909090909090909,0.0007442589962121212,4253
16,204,330,5,0.015151515151515152,0.0007412997159090909,4254
30,10,330,3,0.00909090909090909,0.0007412997159090909,4255
11,191,330,3,0.00909090909090909,0.0007398200757575758,4256
33,8,330,3,0.00909090909090909,0.0007353811553030303,4257
39,33,330,3,0.00909090909090909,0.0007350112452651515,4258
38,244,330,4,0.012121212121212121,0.0007339015151515151,4259
29,244,330,3,0.00909090909090909,0.0007309422348484849,4260
11,128,330,3,0.00909090909090909,0.0007265033143939394,4261
6,247,330,5,0.015151515151515152,0.0007250236742424242,4262
7,201,330,3,0.00909090909090909,0.0007250236742424242,4263
23,25,330,3,0.00909090909090909,0.0007250236742424242,4264
27,47,330,3,0.00909090909090909,0.0007250236742424242,4265
36,109,330,3,0.00909090909090909,0.0007250236742424242,4266
36,91,330,4,0.012121212121212121,0.0007235440340909091,4267
21,28,330,4,0.012121212121212121,0.0007220643939393939,4268
31,47,330,3,0.00909090909090909,0.0007191051136363636,4269
14,142,330,3,0.00909090909090909,0.0007176254734848485,4270
17,38,330,4,0.012121212121212121,0.0007161458333333333,4271
3,209,330,5,0.015151515151515152,0.0007146661931818182,4272
36,25,330,3,0.00909090909090909,0.0007146661931818182,4273
6,203,330,5,0.015151515151515152,0.0007131865530303031,4274
20,13,330,4,0.012121212121212121,0.0007131865530303031,4275
20,99,330,2,0.006060606060606061,0.0007131865530303031,4276
35,149,330,4,0.012121212121212121,0.0007124467329545454,4277
28,1,330,5,0.015151515151515152,0.0007117069128787879,4278
34,146,330,4,0.012121212121212121,0.0007109670928030303,4279
36,131,330,2,0.006060606060606061,0.0007102272727272727,4280
12,134,330,5,0.015151515151515152,0.0007065281723484849,4281
27,114,330,3,0.00909090909090909,0.0007057883522727273,4282
19,60,330,2,0.006060606060606061,0.000702829071969697,4283
27,22,330,3,0.00909090909090909,0.0007013494318181818,4284
28,31,330,3,0.00909090909090909,0.0007013494318181818,4285
30,62,330,3,0.00909090909090909,0.0007013494318181818,4286
38,201,330,3,0.00909090909090909,0.0006998697916666667,4287
39,6,330,3,0.00909090909090909,0.0006998697916666667,4288
23,33,330,3,0.00909090909090909,0.0006983901515151516,4289
28,207,330,5,0.015151515151515152,0.0006946910511363636,4290
20,81,330,4,0.012121212121212121,0.0006946910511363636,4291
23,92,330,3,0.00909090909090909,0.000693951231060606,4292
29,210,330,3,0.00909090909090909,0.0006895123106060606,4293
10,25,330,3,0.00909090909090909,0.0006880326704545455,4294
14,191,330,3,0.00909090909090909,0.0006880326704545455,4295
8,79,330,2,0.006060606060606061,0.0006880326704545455,4296
37,121,330,3,0.00909090909090909,0.0006872928503787878,4297
37,179,330,3,0.00909090909090909,0.0006872928503787878,4298
38,195,330,3,0.00909090909090909,0.0006865530303030303,4299
7,237,330,2,0.006060606060606061,0.0006865530303030303,4300
10,123,330,2,0.006060606060606061,0.0006865530303030303,4301
9,69,330,3,0.00909090909090909,0.0006850733901515152,4302
27,140,330,3,0.00909090909090909,0.0006850733901515152,4303
4,105,330,5,0.015151515151515152,0.0006843335700757576,4304
11,40,330,3,0.00909090909090909,0.00068359375,4305
3,85,330,5,0.015151515151515152,0.0006821141098484848,4306
20,17,330,3,0.00909090909090909,0.0006821141098484848,4307
27,85,330,3,0.00909090909090909,0.0006791548295454545,4308
37,157,330,3,0.00909090909090909,0.0006776751893939394,4309
20,153,330,3,0.00909090909090909,0.0006761955492424242,4310
10,217,330,2,0.006060606060606061,0.0006747159090909091,4311
32,34,330,3,0.00909090909090909,0.0006717566287878788,4312
10,182,330,3,0.00909090909090909,0.0006702769886363637,4313
14,79,330,3,0.00909090909090909,0.0006702769886363637,4314
24,68,330,3,0.00909090909090909,0.0006702769886363637,4315
36,64,330,4,0.012121212121212121,0.0006687973484848485,4316
34,144,330,3,0.00909090909090909,0.0006687973484848485,4317
10,253,330,3,0.00909090909090909,0.0006673177083333333,4318
35,255,330,3,0.00909090909090909,0.0006658380681818181,4319
36,17,330,2,0.006060606060606061,0.0006658380681818181,4320
37,150,330,4,0.012121212121212121,0.0006650982481060606,4321
12,111,330,3,0.00909090909090909,0.000664358428030303,4322
30,132,330,3,0.00909090909090909,0.000664358428030303,4323
35,228,330,2,0.006060606060606061,0.000664358428030303,4324
34,236,330,5,0.015151515151515152,0.0006628787878787879,4325
15,25,330,3,0.00909090909090909,0.0006613991477272727,4326
28,12,330,4,0.012121212121212121,0.0006606593276515152,4327
18,96,330,3,0.00909090909090909,0.0006599195075757576,4328
36,58,330,3,0.00909090909090909,0.0006569602272727273,4329
26,231,330,4,0.012121212121212121,0.000654000946969697,4330
27,245,330,3,0.00909090909090909,0.000654000946969697,4331
26,64,330,4,0.012121212121212121,0.0006525213068181818,4332
31,37,330,3,0.00909090909090909,0.0006525213068181818,4333
36,215,330,3,0.00909090909090909,0.0006525213068181818,4334
26,115,330,4,0.012121212121212121,0.0006517814867424243,4335
39,139,330,4,0.012121212121212121,0.0006510416666666666,4336
2,153,330,2,0.006060606060606061,0.0006480823863636364,4337
24,244,330,3,0.00909090909090909,0.0006466027462121212,4338
15,108,330,3,0.00909090909090909,0.0006436434659090909,4339
36,77,330,2,0.006060606060606061,0.0006436434659090909,4340
32,186,330,4,0.012121212121212121,0.0006429036458333333,4341
39,253,330,2,0.006060606060606061,0.0006421638257575758,4342
35,27,330,4,0.012121212121212121,0.000639944365530303,4343
12,169,330,4,0.012121212121212121,0.0006392045454545455,4344
37,11,330,3,0.00909090909090909,0.0006392045454545455,4345
34,70,330,2,0.006060606060606061,0.0006392045454545455,4346
36,171,330,2,0.006060606060606061,0.0006392045454545455,4347
33,243,330,3,0.00909090909090909,0.0006377249053030303,4348
37,67,330,3,0.00909090909090909,0.0006377249053030303,4349
36,155,330,3,0.00909090909090909,0.0006362452651515151,4350
3,119,330,3,0.00909090909090909,0.000634765625,4351
8,149,330,4,0.012121212121212121,0.0006340258049242425,4352
18,211,330,3,0.00909090909090909,0.0006340258049242425,4353
13,55,330,3,0.00909090909090909,0.0006332859848484848,4354
23,232,330,3,0.00909090909090909,0.0006332859848484848,4355
32,88,330,4,0.012121212121212121,0.0006325461647727273,4356
35,238,330,5,0.015151515151515152,0.0006318063446969697,4357
27,82,330,3,0.00909090909090909,0.0006288470643939394,4358
38,38,330,3,0.00909090909090909,0.0006288470643939394,4359
33,246,330,2,0.006060606060606061,0.0006288470643939394,4360
22,162,330,4,0.012121212121212121,0.0006266276041666667,4361
37,70,330,4,0.012121212121212121,0.0006258877840909091,4362
3,210,330,5,0.015151515151515152,0.0006251479640151515,4363
35,202,330,3,0.00909090909090909,0.0006236683238636364,4364
36,59,330,3,0.00909090909090909,0.0006236683238636364,4365
29,139,330,3,0.00909090909090909,0.0006229285037878788,4366
33,202,330,4,0.012121212121212121,0.0006207090435606061,4367
20,108,330,3,0.00909090909090909,0.0006170099431818182,4368
21,241,330,3,0.00909090909090909,0.000615530303030303,4369
32,128,330,4,0.012121212121212121,0.0006147904829545454,4370
6,229,330,3,0.00909090909090909,0.0006140506628787879,4371
19,127,330,3,0.00909090909090909,0.0006140506628787879,4372
2,169,330,2,0.006060606060606061,0.0006140506628787879,4373
34,153,330,2,0.006060606060606061,0.0006140506628787879,4374
12,190,330,3,0.00909090909090909,0.0006125710227272728,4375
19,164,330,4,0.012121212121212121,0.0006096117424242424,4376
17,208,330,3,0.00909090909090909,0.0006096117424242424,4377
32,172,330,4,0.012121212121212121,0.0006081321022727272,4378
33,11,330,3,0.00909090909090909,0.0006073922821969697,4379
28,186,330,4,0.012121212121212121,0.0006066524621212121,4380
8,209,330,2,0.006060606060606061,0.0006066524621212121,4381
25,86,330,2,0.006060606060606061,0.0006066524621212121,4382
34,135,330,2,0.006060606060606061,0.0006066524621212121,4383
26,4,330,3,0.00909090909090909,0.000605172821969697,4384
18,245,330,4,0.012121212121212121,0.0006044330018939394,4385
12,51,330,3,0.00909090909090909,0.0006036931818181818,4386
8,145,330,2,0.006060606060606061,0.0006036931818181818,4387
31,154,330,3,0.00909090909090909,0.0006007339015151515,4388
25,71,330,2,0.006060606060606061,0.0006007339015151515,4389
9,24,330,4,0.012121212121212121,0.0005992542613636364,4390
31,114,330,3,0.00909090909090909,0.0005992542613636364,4391
8,199,330,3,0.00909090909090909,0.0005977746212121212,4392
38,35,330,3,0.00909090909090909,0.000596294981060606,4393
3,78,330,5,0.015151515151515152,0.0005955551609848485,4394
4,15,330,3,0.00909090909090909,0.0005933357007575757,4395
38,146,330,2,0.006060606060606061,0.0005918560606060606,4396
5,169,330,4,0.012121212121212121,0.0005911162405303031,4397
38,18,330,5,0.015151515151515152,0.0005903764204545454,4398
29,30,330,3,0.00909090909090909,0.0005896366003787879,4399
1,227,330,2,0.006060606060606061,0.0005888967803030303,4400
18,200,330,3,0.00909090909090909,0.0005874171401515152,4401
13,123,330,3,0.00909090909090909,0.0005859375,4402
15,122,330,3,0.00909090909090909,0.0005859375,4403
38,243,330,3,0.00909090909090909,0.0005851976799242424,4404
4,187,330,4,0.012121212121212121,0.0005844578598484849,4405
39,189,330,5,0.015151515151515152,0.0005833481297348484,4406
21,236,330,2,0.006060606060606061,0.0005829782196969697,4407
20,222,330,3,0.00909090909090909,0.0005785392992424242,4408
22,115,330,3,0.00909090909090909,0.0005785392992424242,4409
29,127,330,2,0.006060606060606061,0.0005785392992424242,4410
19,2,330,5,0.015151515151515152,0.0005777994791666667,4411
22,23,330,2,0.006060606060606061,0.0005755800189393939,4412
25,157,330,2,0.006060606060606061,0.0005741003787878788,4413
29,34,330,3,0.00909090909090909,0.0005733605587121212,4414
19,14,330,5,0.015151515151515152,0.0005726207386363636,4415
21,96,330,3,0.00909090909090909,0.0005704012784090909,4416
2,141,330,2,0.006060606060606061,0.0005681818181818182,4417
31,242,330,3,0.00909090909090909,0.0005659623579545455,4418
33,86,330,3,0.00909090909090909,0.0005652225378787878,4419
39,217,330,2,0.006060606060606061,0.0005652225378787878,4420
29,234,330,2,0.006060606060606061,0.0005637428977272727,4421
30,172,330,2,0.006060606060606061,0.0005637428977272727,4422
35,117,330,2,0.006060606060606061,0.0005637428977272727,4423
8,183,330,2,0.006060606060606061,0.0005607836174242424,4424
22,130,330,2,0.006060606060606061,0.0005593039772727273,4425
15,41,330,3,0.00909090909090909,0.0005578243371212121,4426
14,97,330,2,0.006060606060606061,0.0005578243371212121,4427
33,179,330,2,0.006060606060606061,0.0005578243371212121,4428
24,119,330,2,0.006060606060606061,0.0005548650568181819,4429
30,118,330,3,0.00909090909090909,0.0005541252367424242,4430
33,247,330,3,0.00909090909090909,0.0005526455965909091,4431
39,110,330,2,0.006060606060606061,0.0005504261363636363,4432
32,193,330,3,0.00909090909090909,0.0005437677556818181,4433
34,21,330,2,0.006060606060606061,0.0005430279356060606,4434
27,115,330,2,0.006060606060606061,0.0005400686553030303,4435
31,127,330,3,0.00909090909090909,0.0005348899147727273,4436
22,57,330,2,0.006060606060606061,0.0005326704545454545,4437
29,170,330,2,0.006060606060606061,0.0005326704545454545,4438
29,119,330,2,0.006060606060606061,0.0005311908143939394,4439
24,101,330,2,0.006060606060606061,0.000526751893939394,4440
39,120,330,4,0.012121212121212121,0.0005245324337121212,4441
37,143,330,2,0.006060606060606061,0.0005193536931818182,4442
21,248,330,2,0.006060606060606061,0.0005163944128787879,4443
27,147,330,2,0.006060606060606061,0.0005163944128787879,4444
21,254,330,2,0.006060606060606061,0.0005149147727272727,4445
11,107,330,2,0.006060606060606061,0.0005134351325757576,4446
29,124,330,2,0.006060606060606061,0.0005119554924242425,4447
32,199,330,2,0.006060606060606061,0.0005119554924242425,4448
34,16,330,2,0.006060606060606061,0.0005119554924242425,4449
18,177,330,2,0.006060606060606061,0.0005089962121212121,4450
24,90,330,2,0.006060606060606061,0.0005075165719696969,4451
20,162,330,3,0.00909090909090909,0.0005060369318181818,4452
18,136,330,2,0.006060606060606061,0.0005060369318181818,4453
37,170,330,2,0.006060606060606061,0.0005060369318181818,4454
8,208,330,5,0.015151515151515152,0.000502337831439394,4455
28,233,330,3,0.00909090909090909,0.000502337831439394,4456
5,182,330,2,0.006060606060606061,0.0005015980113636364,4457
14,234,330,2,0.006060606060606061,0.0005015980113636364,4458
19,19,330,2,0.006060606060606061,0.0005001183712121212,4459
38,78,330,2,0.006060606060606061,0.0005001183712121212,4460
10,94,330,2,0.006060606060606061,0.0004986387310606061,4461
21,224,330,2,0.006060606060606061,0.0004986387310606061,4462
33,151,330,2,0.006060606060606061,0.0004986387310606061,4463
19,86,330,3,0.00909090909090909,0.0004941998106060606,4464
14,167,330,2,0.006060606060606061,0.0004897608901515151,4465
31,133,330,2,0.006060606060606061,0.0004897608901515151,4466
35,15,330,2,0.006060606060606061,0.0004897608901515151,4467
21,116,330,2,0.006060606060606061,0.00048828125,4468
31,92,330,2,0.006060606060606061,0.00048828125,4469
29,95,330,2,0.006060606060606061,0.00048680160984848484,4470
11,136,330,2,0.006060606060606061,0.0004853219696969697,4471
25,191,330,2,0.006060606060606061,0.0004853219696969697,4472
10,33,330,2,0.006060606060606061,0.00048384232954545457,4473
35,251,330,2,0.006060606060606061,0.00048384232954545457,4474
19,245,330,4,0.012121212121212121,0.0004823626893939394,4475
39,97,330,3,0.00909090909090909,0.0004823626893939394,4476
22,149,330,2,0.006060606060606061,0.0004823626893939394,4477
18,124,330,2,0.006060606060606061,0.00048088304924242425,4478
31,46,330,2,0.006060606060606061,0.00048088304924242425,4479
17,152,330,3,0.00909090909090909,0.00048014322916666664,4480
30,233,330,2,0.006060606060606061,0.0004794034090909091,4481
36,3,330,3,0.00909090909090909,0.00047866358901515153,4482
9,214,330,2,0.006060606060606061,0.0004779237689393939,4483
37,199,330,2,0.006060606060606061,0.0004779237689393939,4484
8,90,330,5,0.015151515151515152,0.00047496448863636366,4485
24,21,330,2,0.006060606060606061,0.00047496448863636366,4486
4,107,330,2,0.006060606060606061,0.0004734848484848485,4487
8,73,330,2,0.006060606060606061,0.0004734848484848485,4488
30,213,330,2,0.006060606060606061,0.0004734848484848485,4489
28,117,330,2,0.006060606060606061,0.0004705255681818182,4490
32,151,330,2,0.006060606060606061,0.0004705255681818182,4491
35,207,330,2,0.006060606060606061,0.0004705255681818182,4492
8,110,330,3,0.00909090909090909,0.00046830610795454546,4493
33,44,330,2,0.006060606060606061,0.00046756628787878785,4494
28,211,330,3,0.00909090909090909,0.00046534682765151514,4495
35,25,330,2,0.006060606060606061,0.0004646070075757576,4496
32,221,330,3,0.00909090909090909,0.0004638671875,4497
12,35,330,2,0.006060606060606061,0.0004631273674242424,4498
15,18,330,2,0.006060606060606061,0.0004631273674242424,4499
19,123,330,2,0.006060606060606061,0.0004631273674242424,4500
19,133,330,2,0.006060606060606061,0.0004631273674242424,4501
34,171,330,2,0.006060606060606061,0.0004601680871212121,4502
21,247,330,2,0.006060606060606061,0.0004579486268939394,4503
1,205,330,2,0.006060606060606061,0.0004557291666666667,4504
27,248,330,2,0.006060606060606061,0.0004557291666666667,4505
36,73,330,2,0.006060606060606061,0.0004557291666666667,4506
35,218,330,2,0.006060606060606061,0.00045498934659090907,4507
22,61,330,2,0.006060606060606061,0.0004542495265151515,4508
10,71,330,2,0.006060606060606061,0.00045276988636363635,4509
28,67,330,3,0.00909090909090909,0.0004520300662878788,4510
35,52,330,2,0.006060606060606061,0.0004520300662878788,4511
9,164,330,2,0.006060606060606061,0.0004512902462121212,4512
39,201,330,5,0.015151515151515152,0.0004487008759469697,4513
38,63,330,2,0.006060606060606061,0.0004483309659090909,4514
12,45,330,2,0.006060606060606061,0.00044389204545454544,4515
25,38,330,2,0.006060606060606061,0.00044389204545454544,4516
33,248,330,2,0.006060606060606061,0.00044389204545454544,4517
28,82,330,2,0.006060606060606061,0.0004424124053030303,4518
39,255,330,4,0.012121212121212121,0.00044130267518939395,4519
19,139,330,2,0.006060606060606061,0.00044093276515151517,4520
23,37,330,3,0.00909090909090909,0.0004372336647727273,4521
30,81,330,3,0.00909090909090909,0.0004372336647727273,4522
15,17,330,2,0.006060606060606061,0.0004364938446969697,4523
27,5,330,2,0.006060606060606061,0.0004335345643939394,4524
21,67,330,2,0.006060606060606061,0.00043205492424242426,4525
23,114,330,2,0.006060606060606061,0.0004276160037878788,4526
29,134,330,2,0.006060606060606061,0.0004239169034090909,4527
32,250,330,3,0.00909090909090909,0.00042317708333333335,4528
4,40,330,3,0.00909090909090909,0.00042243726325757574,4529
35,34,330,2,0.006060606060606061,0.0004216974431818182,4530
27,8,330,2,0.006060606060606061,0.000420217803030303,4531
15,183,330,2,0.006060606060606061,0.00041873816287878786,4532
23,148,330,2,0.006060606060606061,0.00041873816287878786,4533
38,233,330,2,0.006060606060606061,0.0004172585227272727,4534
34,81,330,4,0.012121212121212121,0.00041651870265151515,4535
30,45,330,2,0.006060606060606061,0.0004157788825757576,4536
17,66,330,2,0.006060606060606061,0.00041429924242424244,4537
20,21,330,1,0.0030303030303030303,0.00041429924242424244,4538
32,216,330,3,0.00909090909090909,0.0004128196022727273,4539
8,52,330,2,0.006060606060606061,0.0004128196022727273,4540
32,197,330,2,0.006060606060606061,0.0004113399621212121,4541
37,244,330,2,0.006060606060606061,0.0004054214015151515,4542
35,203,330,2,0.006060606060606061,0.00040394176136363636,4543
37,13,330,2,0.006060606060606061,0.00040394176136363636,4544
31,10,330,2,0.006060606060606061,0.0004002426609848485,4545
30,112,330,2,0.006060606060606061,0.00039950284090909093,4546
28,71,330,2,0.006060606060606061,0.00039802320075757577,4547
30,98,330,2,0.006060606060606061,0.0003935842803030303,4548
39,35,330,4,0.012121212121212121,0.0003913648200757576,4549
33,158,330,2,0.006060606060606061,0.0003913648200757576,4550
9,156,330,2,0.006060606060606061,0.000390625,4551
8,159,330,2,0.006060606060606061,0.00038914535984848486,4552
27,249,330,2,0.006060606060606061,0.00038914535984848486,4553
31,31,330,2,0.006060606060606061,0.00038840553977272725,4554
13,38,330,2,0.006060606060606061,0.0003876657196969697,4555
18,59,330,2,0.006060606060606061,0.0003876657196969697,4556
30,83,330,2,0.006060606060606061,0.00038692589962121215,4557
22,111,330,2,0.006060606060606061,0.0003832267992424242,4558
31,103,330,2,0.006060606060606061,0.0003832267992424242,4559
17,127,330,2,0.006060606060606061,0.00037952769886363634,4560
3,152,330,3,0.00909090909090909,0.00037360913825757575,4561
35,169,330,2,0.006060606060606061,0.00037138967803030304,4562
38,107,330,2,0.006060606060606061,0.00037064985795454543,4563
18,208,330,2,0.006060606060606061,0.0003662109375,4564
36,218,330,2,0.006060606060606061,0.0003551136363636364,4565
29,230,330,2,0.006060606060606061,0.0003536339962121212,4566
2,164,330,1,0.0030303030303030303,0.0003536339962121212,4567
37,235,330,1,0.0030303030303030303,0.00035215435606060605,4568
33,77,330,2,0.006060606060606061,0.0003506747159090909,4569
29,236,330,2,0.006060606060606061,0.00034993489583333334,4570
8,33,330,2,0.006060606060606061,0.0003477154356060606,4571
26,154,330,2,0.006060606060606061,0.0003477154356060606,4572
31,229,330,2,0.006060606060606061,0.00034623579545454546,4573
38,61,330,2,0.006060606060606061,0.00034623579545454546,4574
32,6,330,3,0.00909090909090909,0.0003447561553030303,4575
36,125,330,2,0.006060606060606061,0.0003447561553030303,4576
20,232,330,1,0.0030303030303030303,0.00034327651515151514,4577
35,26,330,1,0.0030303030303030303,0.00034327651515151514,4578
11,211,330,1,0.0030303030303030303,0.000341796875,4579
20,213,330,1,0.0030303030303030303,0.00034031723484848487,4580
22,9,330,1,0.0030303030303030303,0.00034031723484848487,4581
12,28,330,1,0.0030303030303030303,0.00033735795454545455,4582
35,136,330,1,0.0030303030303030303,0.00033735795454545455,4583
28,161,330,2,0.006060606060606061,0.0003358783143939394,4584
7,253,330,1,0.0030303030303030303,0.0003358783143939394,4585
16,81,330,2,0.006060606060606061,0.00033439867424242423,4586
38,92,330,1,0.0030303030303030303,0.00033439867424242423,4587
11,166,330,1,0.0030303030303030303,0.00033291903409090907,4588
28,188,330,1,0.0030303030303030303,0.00033291903409090907,4589
11,247,330,1,0.0030303030303030303,0.0003299597537878788,4590
24,49,330,1,0.0030303030303030303,0.0003299597537878788,4591
28,36,330,1,0.0030303030303030303,0.0003299597537878788,4592
17,178,330,2,0.006060606060606061,0.0003277402935606061,4593
38,36,330,1,0.0030303030303030303,0.0003240411931818182,4594
28,168,330,2,0.006060606060606061,0.00032256155303030305,4595
35,187,330,1,0.0030303030303030303,0.0003210819128787879,4596
36,61,330,1,0.0030303030303030303,0.0003210819128787879,4597
37,162,330,1,0.0030303030303030303,0.0003210819128787879,4598
31,250,330,2,0.006060606060606061,0.0003196022727272727,4599
2,191,330,1,0.0030303030303030303,0.0003196022727272727,4600
25,190,330,1,0.0030303030303030303,0.00031812263257575756,4601
37,252,330,1,0.0030303030303030303,0.0003151633522727273,4602
27,217,330,1,0.0030303030303030303,0.00031368371212121214,4603
22,80,330,1,0.0030303030303030303,0.0003062855113636364,4604
36,118,330,1,0.0030303030303030303,0.0003062855113636364,4605
34,75,330,1,0.0030303030303030303,0.0003048058712121212,4606
32,254,330,2,0.006060606060606061,0.0003040660511363636,4607
38,193,330,1,0.0030303030303030303,0.00030332623106060606,4608
28,139,330,2,0.006060606060606061,0.0003018465909090909,4609
22,45,330,1,0.0030303030303030303,0.0003018465909090909,4610
27,148,330,1,0.0030303030303030303,0.00029740767045454547,4611
7,79,330,1,0.0030303030303030303,0.0002959280303030303,4612
29,0,330,1,0.0030303030303030303,0.0002959280303030303,4613
25,65,330,1,0.0030303030303030303,0.00029444839015151515,4614
33,70,330,1,0.0030303030303030303,0.00029444839015151515,4615
38,72,330,1,0.0030303030303030303,0.00029444839015151515,4616
39,41,330,1,0.0030303030303030303,0.00029444839015151515,4617
39,34,330,3,0.00909090909090909,0.00029333866003787877,4618
26,63,330,1,0.0030303030303030303,0.00029296875,4619
33,155,330,2,0.006060606060606061,0.00029222892992424244,4620
7,18,330,1,0.0030303030303030303,0.00029148910984848483,4621
18,218,330,1,0.0030303030303030303,0.00029148910984848483,4622
30,24,330,1,0.0030303030303030303,0.00029148910984848483,4623
30,49,330,1,0.0030303030303030303,0.00029148910984848483,4624
33,175,330,1,0.0030303030303030303,0.00029148910984848483,4625
30,240,330,1,0.0030303030303030303,0.00028852982954545456,4626
26,47,330,1,0.0030303030303030303,0.0002870501893939394,4627
34,225,330,1,0.0030303030303030303,0.0002870501893939394,4628
24,223,330,1,0.0030303030303030303,0.0002840909090909091,4629
29,253,330,1,0.0030303030303030303,0.0002840909090909091,4630
36,60,330,1,0.0030303030303030303,0.0002826112689393939,4631
24,140,330,1,0.0030303030303030303,0.0002811316287878788,4632
32,81,330,2,0.006060606060606061,0.0002803918087121212,4633
19,29,330,1,0.0030303030303030303,0.00027965198863636365,4634
20,168,330,1,0.0030303030303030303,0.0002781723484848485,4635
39,234,330,2,0.006060606060606061,0.0002766927083333333,4636
25,36,330,1,0.0030303030303030303,0.0002766927083333333,4637
26,29,330,1,0.0030303030303030303,0.0002766927083333333,4638
26,249,330,1,0.0030303030303030303,0.00027521306818181817,4639
21,25,330,1,0.0030303030303030303,0.000273733428030303,4640
22,58,330,1,0.0030303030303030303,0.000273733428030303,4641
36,86,330,1,0.0030303030303030303,0.000273733428030303,4642
14,202,330,1,0.0030303030303030303,0.0002722537878787879,4643
23,49,330,1,0.0030303030303030303,0.0002722537878787879,4644
29,157,330,1,0.0030303030303030303,0.00027077414772727274,4645
38,71,330,1,0.0030303030303030303,0.0002692945075757576,4646
16,155,330,1,0.0030303030303030303,0.00026633522727272725,4647
26,89,330,1,0.0030303030303030303,0.00026633522727272725,4648
26,216,330,1,0.0030303030303030303,0.00026633522727272725,4649
31,228,330,1,0.0030303030303030303,0.00026633522727272725,4650
33,237,330,2,0.006060606060606061,0.0002655954071969697,4651
14,12,330,1,0.0030303030303030303,0.00026485558712121215,4652
19,233,330,1,0.0030303030303030303,0.00026485558712121215,4653
26,84,330,1,0.0030303030303030303,0.00026485558712121215,4654
28,66,330,1,0.0030303030303030303,0.00026485558712121215,4655
37,53,330,1,0.0030303030303030303,0.00026485558712121215,4656
23,136,330,1,0.0030303030303030303,0.000263375946969697,4657
4,37,330,1,0.0030303030303030303,0.0002618963068181818,4658
20,163,330,1,0.0030303030303030303,0.0002618963068181818,4659
21,3,330,1,0.0030303030303030303,0.0002618963068181818,4660
21,6,330,1,0.0030303030303030303,0.0002618963068181818,4661
26,102,330,1,0.0030303030303030303,0.0002618963068181818,4662
35,118,330,2,0.006060606060606061,0.00026041666666666666,4663
26,246,330,1,0.0030303030303030303,0.00026041666666666666,4664
39,203,330,3,0.00909090909090909,0.0002596768465909091,4665
31,40,330,2,0.006060606060606061,0.0002596768465909091,4666
3,238,330,1,0.0030303030303030303,0.00025745738636363634,4667
22,59,330,1,0.0030303030303030303,0.00025745738636363634,4668
34,94,330,1,0.0030303030303030303,0.00025745738636363634,4669
11,37,330,1,0.0030303030303030303,0.00025597774621212123,4670
24,117,330,1,0.0030303030303030303,0.00025597774621212123,4671
35,160,330,1,0.0030303030303030303,0.00025597774621212123,4672
4,141,330,1,0.0030303030303030303,0.0002544981060606061,4673
22,104,330,1,0.0030303030303030303,0.0002544981060606061,4674
31,14,330,1,0.0030303030303030303,0.0002544981060606061,4675
31,244,330,1,0.0030303030303030303,0.0002544981060606061,4676
19,81,330,1,0.0030303030303030303,0.0002530184659090909,4677
24,93,330,1,0.0030303030303030303,0.0002530184659090909,4678
29,232,330,1,0.0030303030303030303,0.0002530184659090909,4679
34,6,330,1,0.0030303030303030303,0.0002530184659090909,4680
36,8,330,1,0.0030303030303030303,0.0002530184659090909,4681
4,133,330,1,0.0030303030303030303,0.00025153882575757575,4682
13,15,330,1,0.0030303030303030303,0.00025153882575757575,4683
24,166,330,1,0.0030303030303030303,0.00025153882575757575,4684
33,124,330,1,0.0030303030303030303,0.00025153882575757575,4685
1,55,330,1,0.0030303030303030303,0.0002500591856060606,4686
17,211,330,1,0.0030303030303030303,0.0002500591856060606,4687
19,42,330,1,0.0030303030303030303,0.0002500591856060606,4688
24,169,330,1,0.0030303030303030303,0.0002500591856060606,4689
34,229,330,1,0.0030303030303030303,0.0002500591856060606,4690
39,42,330,1,0.0030303030303030303,0.0002500591856060606,4691
39,119,330,1,0.0030303030303030303,0.0002500591856060606,4692
19,50,330,1,0.0030303030303030303,0.00024857954545454543,4693
27,123,330,1,0.0030303030303030303,0.00024857954545454543,4694
29,214,330,1,0.0030303030303030303,0.00024857954545454543,4695
37,191,330,1,0.0030303030303030303,0.00024857954545454543,4696
6,66,330,1,0.0030303030303030303,0.0002470999053030303,4697
7,12,330,1,0.0030303030303030303,0.0002470999053030303,4698
7,64,330,1,0.0030303030303030303,0.0002470999053030303,4699
37,24,330,1,0.0030303030303030303,0.0002470999053030303,4700
38,215,330,1,0.0030303030303030303,0.0002470999053030303,4701
3,45,330,2,0.006060606060606061,0.00024562026515151516,4702
13,28,330,1,0.0030303030303030303,0.00024562026515151516,4703
32,17,330,1,0.0030303030303030303,0.00024562026515151516,4704
39,114,330,1,0.0030303030303030303,0.00024562026515151516,4705
14,42,330,1,0.0030303030303030303,0.000244140625,4706
16,161,330,1,0.0030303030303030303,0.000244140625,4707
29,248,330,1,0.0030303030303030303,0.000244140625,4708
31,34,330,1,0.0030303030303030303,0.000244140625,4709
33,76,330,1,0.0030303030303030303,0.000244140625,4710
33,205,330,1,0.0030303030303030303,0.000244140625,4711
11,111,330,1,0.0030303030303030303,0.00024266098484848484,4712
27,157,330,1,0.0030303030303030303,0.00024266098484848484,4713
25,219,330,1,0.0030303030303030303,0.0002411813446969697,4714
30,152,330,1,0.0030303030303030303,0.0002411813446969697,4715
11,210,330,1,0.0030303030303030303,0.00023970170454545454,4716
16,110,330,1,0.0030303030303030303,0.00023970170454545454,4717
31,232,330,1,0.0030303030303030303,0.00023970170454545454,4718
20,135,330,1,0.0030303030303030303,0.00023822206439393938,4719
23,141,330,1,0.0030303030303030303,0.00023822206439393938,4720
26,175,330,1,0.0030303030303030303,0.00023822206439393938,4721
32,231,330,1,0.0030303030303030303,0.00023822206439393938,4722
9,157,330,1,0.0030303030303030303,0.00023674242424242425,4723
32,130,330,2,0.006060606060606061,0.00023600260416666667,4724
12,58,330,1,0.0030303030303030303,0.0002352627840909091,4725
31,216,330,1,0.0030303030303030303,0.0002352627840909091,4726
38,220,330,1,0.0030303030303030303,0.0002352627840909091,4727
9,65,330,1,0.0030303030303030303,0.0002323035037878788,4728
17,176,330,1,0.0030303030303030303,0.0002323035037878788,4729
36,10,330,1,0.0030303030303030303,0.0002323035037878788,4730
14,123,330,1,0.0030303030303030303,0.00023082386363636363,4731
20,233,330,1,0.0030303030303030303,0.00023082386363636363,4732
28,51,330,1,0.0030303030303030303,0.00023082386363636363,4733
31,87,330,1,0.0030303030303030303,0.00023082386363636363,4734
31,214,330,1,0.0030303030303030303,0.00023082386363636363,4735
33,156,330,1,0.0030303030303030303,0.00023082386363636363,4736
16,134,330,1,0.0030303030303030303,0.0002293442234848485,4737
16,244,330,1,0.0030303030303030303,0.0002293442234848485,4738
21,252,330,1,0.0030303030303030303,0.0002293442234848485,4739
27,70,330,1,0.0030303030303030303,0.0002293442234848485,4740
31,219,330,1,0.0030303030303030303,0.0002293442234848485,4741
38,142,330,1,0.0030303030303030303,0.0002293442234848485,4742
21,126,330,1,0.0030303030303030303,0.00022786458333333334,4743
23,47,330,1,0.0030303030303030303,0.00022786458333333334,4744
26,106,330,1,0.0030303030303030303,0.00022786458333333334,4745
35,99,330,1,0.0030303030303030303,0.00022786458333333334,4746
39,121,330,1,0.0030303030303030303,0.00022638494318181818,4747
6,248,330,1,0.0030303030303030303,0.00022490530303030304,4748
12,17,330,1,0.0030303030303030303,0.00022490530303030304,4749
17,250,330,1,0.0030303030303030303,0.00022490530303030304,4750
23,36,330,1,0.0030303030303030303,0.00022490530303030304,4751
26,35,330,1,0.0030303030303030303,0.00022490530303030304,4752
28,97,330,1,0.0030303030303030303,0.00022490530303030304,4753
30,156,330,1,0.0030303030303030303,0.00022490530303030304,4754
36,14,330,1,0.0030303030303030303,0.00022490530303030304,4755
38,214,330,1,0.0030303030303030303,0.00022490530303030304,4756
7,219,330,1,0.0030303030303030303,0.00022342566287878788,4757
24,152,330,1,0.0030303030303030303,0.00022342566287878788,4758
31,54,330,1,0.0030303030303030303,0.00022342566287878788,4759
12,63,330,1,0.0030303030303030303,0.00022194602272727272,4760
12,253,330,1,0.0030303030303030303,0.00022194602272727272,4761
23,6,330,1,0.0030303030303030303,0.00022194602272727272,4762
33,37,330,1,0.0030303030303030303,0.00022194602272727272,4763
34,251,330,1,0.0030303030303030303,0.00022194602272727272,4764
16,149,330,1,0.0030303030303030303,0.00022046638257575759,4765
31,30,330,2,0.006060606060606061,0.00021898674242424242,4766
13,27,330,1,0.0030303030303030303,0.00021898674242424242,4767
20,94,330,1,0.0030303030303030303,0.00021898674242424242,4768
20,129,330,1,0.0030303030303030303,0.00021898674242424242,4769
23,123,330,1,0.0030303030303030303,0.00021898674242424242,4770
23,144,330,1,0.0030303030303030303,0.00021898674242424242,4771
39,129,330,1,0.0030303030303030303,0.00021898674242424242,4772
10,177,330,1,0.0030303030303030303,0.00021750710227272726,4773
23,10,330,1,0.0030303030303030303,0.00021750710227272726,4774
29,196,330,1,0.0030303030303030303,0.00021750710227272726,4775
37,177,330,1,0.0030303030303030303,0.00021750710227272726,4776
25,245,330,1,0.0030303030303030303,0.00021602746212121213,4777
36,147,330,1,0.0030303030303030303,0.00021602746212121213,4778
9,253,330,1,0.0030303030303030303,0.00021454782196969697,4779
14,229,330,1,0.0030303030303030303,0.00021454782196969697,4780
2,66,330,1,0.0030303030303030303,0.0002130681818181818,4781
28,59,330,1,0.0030303030303030303,0.0002130681818181818,4782
31,1,330,1,0.0030303030303030303,0.0002130681818181818,4783
33,203,330,1,0.0030303030303030303,0.0002130681818181818,4784
36,29,330,1,0.0030303030303030303,0.0002130681818181818,4785
36,75,330,1,0.0030303030303030303,0.0002130681818181818,4786
19,102,330,1,0.0030303030303030303,0.00021158854166666667,4787
31,146,330,1,0.0030303030303030303,0.00021158854166666667,4788
19,150,330,1,0.0030303030303030303,0.0002101089015151515,4789
28,249,330,1,0.0030303030303030303,0.0002101089015151515,4790
33,51,330,1,0.0030303030303030303,0.0002101089015151515,4791
33,60,330,1,0.0030303030303030303,0.0002101089015151515,4792
3,220,330,1,0.0030303030303030303,0.00020862926136363635,4793
7,45,330,1,0.0030303030303030303,0.00020862926136363635,4794
15,84,330,1,0.0030303030303030303,0.00020862926136363635,4795
26,60,330,1,0.0030303030303030303,0.00020862926136363635,4796
26,191,330,1,0.0030303030303030303,0.00020862926136363635,4797
36,33,330,1,0.0030303030303030303,0.00020714962121212122,4798
23,58,330,1,0.0030303030303030303,0.00020566998106060606,4799
27,154,330,1,0.0030303030303030303,0.00020566998106060606,4800
34,179,330,1,0.0030303030303030303,0.00020566998106060606,4801
20,100,330,1,0.0030303030303030303,0.0002041903409090909,4802
28,127,330,1,0.0030303030303030303,0.0002041903409090909,4803
36,101,330,1,0.0030303030303030303,0.0002041903409090909,4804
32,120,330,1,0.0030303030303030303,0.00020271070075757576,4805
32,135,330,1,0.0030303030303030303,0.00020271070075757576,4806
35,234,330,1,0.0030303030303030303,0.00020271070075757576,4807
21,122,330,1,0.0030303030303030303,0.0002012310606060606,4808
28,104,330,1,0.0030303030303030303,0.0002012310606060606,4809
31,168,330,1,0.0030303030303030303,0.0002012310606060606,4810
32,248,330,1,0.0030303030303030303,0.0002012310606060606,4811
33,244,330,1,0.0030303030303030303,0.0002012310606060606,4812
36,216,330,1,0.0030303030303030303,0.0002012310606060606,4813
37,110,330,1,0.0030303030303030303,0.0002012310606060606,4814
4,183,330,1,0.0030303030303030303,0.00019975142045454547,4815
12,109,330,1,0.0030303030303030303,0.0001982717803030303,4816
28,218,330,1,0.0030303030303030303,0.00019679214015151514,4817
30,141,330,1,0.0030303030303030303,0.00019679214015151514,4818
31,61,330,1,0.0030303030303030303,0.00019679214015151514,4819
37,1,330,1,0.0030303030303030303,0.00019679214015151514,4820
20,239,330,1,0.0030303030303030303,0.0001953125,4821
21,131,330,1,0.0030303030303030303,0.0001953125,4822
25,171,330,1,0.0030303030303030303,0.0001953125,4823
27,55,330,1,0.0030303030303030303,0.0001953125,4824
32,83,330,1,0.0030303030303030303,0.0001953125,4825
5,107,330,1,0.0030303030303030303,0.00019383285984848485,4826
29,42,330,1,0.0030303030303030303,0.00019383285984848485,4827
29,22,330,1,0.0030303030303030303,0.0001923532196969697,4828
31,94,330,1,0.0030303030303030303,0.0001923532196969697,4829
33,46,330,1,0.0030303030303030303,0.0001923532196969697,4830
17,203,330,1,0.0030303030303030303,0.00019087357954545455,4831
30,176,330,1,0.0030303030303030303,0.00019087357954545455,4832
30,194,330,1,0.0030303030303030303,0.00019087357954545455,4833
3,48,330,1,0.0030303030303030303,0.0001893939393939394,4834
22,252,330,1,0.0030303030303030303,0.0001893939393939394,4835
23,19,330,1,0.0030303030303030303,0.0001893939393939394,4836
32,196,330,1,0.0030303030303030303,0.0001886541193181818,4837
33,87,330,1,0.0030303030303030303,0.0001886541193181818,4838
21,168,330,1,0.0030303030303030303,0.00018717447916666668,4839
35,245,330,1,0.0030303030303030303,0.00018717447916666668,4840
7,145,330,1,0.0030303030303030303,0.0001864346590909091,4841
28,70,330,1,0.0030303030303030303,0.0001864346590909091,4842
39,147,330,1,0.0030303030303030303,0.0001864346590909091,4843
37,178,330,1,0.0030303030303030303,0.00018495501893939394,4844
38,77,330,1,0.0030303030303030303,0.00018495501893939394,4845
38,126,330,1,0.0030303030303030303,0.00018495501893939394,4846
16,69,330,1,0.0030303030303030303,0.00018421519886363636,4847
32,228,330,1,0.0030303030303030303,0.00018421519886363636,4848
18,61,330,1,0.0030303030303030303,0.00018273555871212122,4849
37,6,330,1,0.0030303030303030303,0.00018273555871212122,4850
29,178,330,1,0.0030303030303030303,0.00018199573863636364,4851
6,210,330,1,0.0030303030303030303,0.00018125591856060606,4852
23,55,330,1,0.0030303030303030303,0.00018125591856060606,4853
30,115,330,1,0.0030303030303030303,0.00018051609848484848,4854
5,134,330,1,0.0030303030303030303,0.00017903645833333332,4855
15,135,330,1,0.0030303030303030303,0.00017903645833333332,4856
37,144,330,1,0.0030303030303030303,0.0001775568181818182,4857
14,18,330,1,0.0030303030303030303,0.00017533735795454545,4858
8,75,330,1,0.0030303030303030303,0.0001738577178030303,4859
35,168,330,1,0.0030303030303030303,0.0001738577178030303,4860
37,122,330,1,0.0030303030303030303,0.0001738577178030303,4861
22,134,330,1,0.0030303030303030303,0.00017237807765151515,4862
32,47,330,1,0.0030303030303030303,0.00016941879734848486,4863
18,121,330,1,0.0030303030303030303,0.0001679391571969697,4864
29,143,330,1,0.0030303030303030303,0.00016719933712121211,4865
31,165,330,1,0.0030303030303030303,0.00016719933712121211,4866
17,146,330,1,0.0030303030303030303,0.00016571969696969698,4867
31,140,330,1,0.0030303030303030303,0.0001649798768939394,4868
28,170,330,1,0.0030303030303030303,0.00016424005681818182,4869
34,7,330,1,0.0030303030303030303,0.00016276041666666666,4870
35,88,330,1,0.0030303030303030303,0.00016128077651515152,4871
34,101,330,1,0.0030303030303030303,0.00015980113636363636,4872
24,235,330,1,0.0030303030303030303,0.0001583214962121212,4873
31,199,330,1,0.0030303030303030303,0.0001583214962121212,4874
38,89,330,1,0.0030303030303030303,0.0001583214962121212,4875
28,17,330,1,0.0030303030303030303,0.00015758167613636365,4876
12,40,330,1,0.0030303030303030303,0.0001553622159090909,4877
23,221,330,1,0.0030303030303030303,0.00015462239583333333,4878
34,103,330,1,0.0030303030303030303,0.0001531427556818182,4879
17,241,330,1,0.0030303030303030303,0.0001524029356060606,4880
32,166,330,1,0.0030303030303030303,0.0001524029356060606,4881
35,108,330,1,0.0030303030303030303,0.00015166311553030303,4882
9,204,330,1,0.0030303030303030303,0.0001494436553030303,4883
21,65,330,1,0.0030303030303030303,0.00014722419507575758,4884
35,18,330,1,0.0030303030303030303,0.000146484375,4885
33,54,330,1,0.0030303030303030303,0.00014574455492424241,4886
38,2,330,1,0.0030303030303030303,0.00014500473484848486,4887
33,239,330,1,0.0030303030303030303,0.00014426491477272728,4888
35,30,330,1,0.0030303030303030303,0.00014426491477272728,4889
32,1,330,1,0.0030303030303030303,0.0001435250946969697,4890
29,154,330,1,0.0030303030303030303,0.00014278527462121212,4891
29,219,330,1,0.0030303030303030303,0.00014278527462121212,4892
35,23,330,1,0.0030303030303030303,0.00014204545454545454,4893
24,253,330,1,0.0030303030303030303,0.0001405658143939394,4894
23,133,330,1,0.0030303030303030303,0.00013982599431818182,4895
32,49,330,1,0.0030303030303030303,0.00013982599431818182,4896
36,127,330,1,0.0030303030303030303,0.00013982599431818182,4897
23,176,330,1,0.0030303030303030303,0.0001368667140151515,4898
32,80,330,1,0.0030303030303030303,0.00013612689393939395,4899
36,191,330,1,0.0030303030303030303,0.00013612689393939395,4900
16,162,330,1,0.0030303030303030303,0.00013538707386363637,4901
39,236,330,1,0.0030303030303030303,0.0001339074337121212,4902
33,52,330,1,0.0030303030303030303,0.00013316761363636363,4903
17,23,330,1,0.0030303030303030303,0.00012724905303030304,4904
39,237,330,1,0.0030303030303030303,0.00012133049242424242,4905
39,20,330,1,0.0030303030303030303,0.00011837121212121212,4906
19,104,330,1,0.0030303030303030303,0.0001161517518939394,4907
35,91,330,1,0.0030303030303030303,0.0001161517518939394,4908
39,38,330,1,0.0030303030303030303,9.765625e-05,4909
39,205,330,1,0.0030303030303030303,9.099786931818182e-05,4910
39,15,330,1,0.0030303030303030303,8.212002840909091e-05,4911
39,213,330,1,0.0030303030303030303,7.879083806818182e-05,4912
39,62,330,1,0.0030303030303030303,7.842092803030303e-05,4913
1,0,330,0,0.0,0.0,4914
1,1,330,0,0.0,0.0,4915
1,3,330,0,0.0,0.0,4916
1,4,330,0,0.0,0.0,4917
1,7,330,0,0.0,0.0,4918
1,9,330,0,0.0,0.0,4919
1,10,330,0,0.0,0.0,4920
1,11,330,0,0.0,0.0,4921
1,12,330,0,0.0,0.0,4922
1,14,330,0,0.0,0.0,4923
1,16,330,0,0.0,0.0,4924
1,21,330,0,0.0,0.0,4925
1,22,330,0,0.0,0.0,4926
1,24,330,0,0.0,0.0,4927
1,25,330,0,0.0,0.0,4928
1,26,330,0,0.0,0.0,4929
1,30,330,0,0.0,0.0,4930
1,32,330,0,0.0,0.0,4931
1,35,330,0,0.0,0.0,4932
1,38,330,0,0.0,0.0,4933
1,39,330,0,0.0,0.0,4934
1,40,330,0,0.0,0.0,4935
1,44,330,0,0.0,0.0,4936
1,47,330,0,0.0,0.0,4937
1,48,330,0,0.0,0.0,4938
1,49,330,0,0.0,0.0,4939
1,52,330,0,0.0,0.0,4940
1,53,330,0,0.0,0.0,4941
1,57,330,0,0.0,0.0,4942
1,65,330,0,0.0,0.0,4943
1,68,330,0,0.0,0.0,4944
1,73,330,0,0.0,0.0,4945
1,75,330,0,0.0,0.0,4946
1,76,330,0,0.0,0.0,4947
1,78,330,0,0.0,0.0,4948
1,79,330,0,0.0,0.0,4949
1,80,330,0,0.0,0.0,4950
1,81,330,0,0.0,0.0,4951
1,82,330,0,0.0,0.0,4952
1,83,330,0,0.0,0.0,4953
1,87,330,0,0.0,0.0,4954
1,88,330,0,0.0,0.0,4955
1,91,330,0,0.0,0.0,4956
1,92,330,0,0.0,0.0,4957
1,93,330,0,0.0,0.0,4958
1,94,330,0,0.0,0.0,4959
1,96,330,0,0.0,0.0,4960
1,97,330,0,0.0,0.0,4961
1,98,330,0,0.0,0.0,4962
1,99,330,0,0.0,0.0,4963
1,100,330,0,0.0,0.0,4964
1,101,330,0,0.0,0.0,4965
1,106,330,0,0.0,0.0,4966
1,107,330,0,0.0,0.0,4967
1,114,330,0,0.0,0.0,4968
1,118,330,0,0.0,0.0,4969
1,120,330,0,0.0,0.0,4970
1,127,330,0,0.0,0.0,4971
1,130,330,0,0.0,0.0,4972
1,131,330,0,0.0,0.0,4973
1,132,330,0,0.0,0.0,4974
1,136,330,0,0.0,0.0,4975
1,138,330,0,0.0,0.0,4976
1,140,330,0,0.0,0.0,4977
1,141,330,0,0.0,0.0,4978
1,142,330,0,0.0,0.0,4979
1,143,330,0,0.0,0.0,4980
1,147,330,0,0.0,0.0,4981
1,148,330,0,0.0,0.0,4982
1,150,330,0,0.0,0.0,4983
1,151,330,0,0.0,0.0,4984
1,154,330,0,0.0,0.0,4985
1,155,330,0,0.0,0.0,4986
1,156,330,0,0.0,0.0,4987
1,157,330,0,0.0,0.0,4988
1,159,330,0,0.0,0.0,4989
1,163,330,0,0.0,0.0,4990
1,164,330,0,0.0,0.0,4991
1,169,330,0,0.0,0.0,4992
1,171,330,0,0.0,0.0,4993
1,172,330,0,0.0,0.0,4994
1,173,330,0,0.0,0.0,4995
1,174,330,0,0.0,0.0,4996
1,176,330,0,0.0,0.0,4997
1,177,330,0,0.0,0.0,4998
1,179,330,0,0.0,0.0,4999
1,180,330,0,0.0,0.0,5000
1,182,330,0,0.0,0.0,5001
1,184,330,0,0.0,0.0,5002
1,185,330,0,0.0,0.0,5003
1,189,330,0,0.0,0.0,5004
1,190,330,0,0.0,0.0,5005
1,191,330,0,0.0,0.0,5006
1,197,330,0,0.0,0.0,5007
1,198,330,0,0.0,0.0,5008
1,200,330,0,0.0,0.0,5009
1,201,330,0,0.0,0.0,5010
1,202,330,0,0.0,0.0,5011
1,203,330,0,0.0,0.0,5012
1,208,330,0,0.0,0.0,5013
1,211,330,0,0.0,0.0,5014
1,212,330,0,0.0,0.0,5015
1,213,330,0,0.0,0.0,5016
1,214,330,0,0.0,0.0,5017
1,216,330,0,0.0,0.0,5018
1,217,330,0,0.0,0.0,5019
1,218,330,0,0.0,0.0,5020
1,222,330,0,0.0,0.0,5021
1,225,330,0,0.0,0.0,5022
1,226,330,0,0.0,0.0,5023
1,228,330,0,0.0,0.0,5024
1,231,330,0,0.0,0.0,5025
1,232,330,0,0.0,0.0,5026
1,233,330,0,0.0,0.0,5027
1,234,330,0,0.0,0.0,5028
1,235,330,0,0.0,0.0,5029
1,238,330,0,0.0,0.0,5030
1,239,330,0,0.0,0.0,5031
1,241,330,0,0.0,0.0,5032
1,242,330,0,0.0,0.0,5033
1,245,330,0,0.0,0.0,5034
1,246,330,0,0.0,0.0,5035
1,247,330,0,0.0,0.0,5036
1,248,330,0,0.0,0.0,5037
1,254,330,0,0.0,0.0,5038
2,2,330,0,0.0,0.0,5039
2,3,330,0,0.0,0.0,5040
2,7,330,0,0.0,0.0,5041
2,8,330,0,0.0,0.0,5042
2,9,330,0,0.0,0.0,5043
2,13,330,0,0.0,0.0,5044
2,17,330,0,0.0,0.0,5045
2,19,330,0,0.0,0.0,5046
2,20,330,0,0.0,0.0,5047
2,21,330,0,0.0,0.0,5048
2,22,330,0,0.0,0.0,5049
2,23,330,0,0.0,0.0,5050
2,24,330,0,0.0,0.0,5051
2,25,330,0,0.0,0.0,5052
2,26,330,0,0.0,0.0,5053
2,27,330,0,0.0,0.0,5054
2,28,330,0,0.0,0.0,5055
2,29,330,0,0.0,0.0,5056
2,31,330,0,0.0,0.0,5057
2,32,330,0,0.0,0.0,5058
2,37,330,0,0.0,0.0,5059
2,38,330,0,0.0,0.0,5060
2,39,330,0,0.0,0.0,5061
2,41,330,0,0.0,0.0,5062
2,44,330,0,0.0,0.0,5063
2,46,330,0,0.0,0.0,5064
2,48,330,0,0.0,0.0,5065
2,49,330,0,0.0,0.0,5066
2,51,330,0,0.0,0.0,5067
2,52,330,0,0.0,0.0,5068
2,53,330,0,0.0,0.0,5069
2,55,330,0,0.0,0.0,5070
2,59,330,0,0.0,0.0,5071
2,61,330,0,0.0,0.0,5072
2,62,330,0,0.0,0.0,5073
2,63,330,0,0.0,0.0,5074
2,65,330,0,0.0,0.0,5075
2,67,330,0,0.0,0.0,5076
2,68,330,0,0.0,0.0,5077
2,69,330,0,0.0,0.0,5078
2,71,330,0,0.0,0.0,5079
2,72,330,0,0.0,0.0,5080
2,74,330,0,0.0,0.0,5081
2,75,330,0,0.0,0.0,5082
2,76,330,0,0.0,0.0,5083
2,81,330,0,0.0,0.0,5084
2,82,330,0,0.0,0.0,5085
2,84,330,0,0.0,0.0,5086
2,85,330,0,0.0,0.0,5087
2,87,330,0,0.0,0.0,5088
2,91,330,0,0.0,0.0,5089
2,92,330,0,0.0,0.0,5090
2,94,330,0,0.0,0.0,5091
2,95,330,0,0.0,0.0,5092
2,97,330,0,0.0,0.0,5093
2,99,330,0,0.0,0.0,5094
2,104,330,0,0.0,0.0,5095
2,105,330,0,0.0,0.0,5096
2,106,330,0,0.0,0.0,5097
2,107,330,0,0.0,0.0,5098
2,108,330,0,0.0,0.0,5099
2,110,330,0,0.0,0.0,5100
2,114,330,0,0.0,0.0,5101
2,115,330,0,0.0,0.0,5102
2,116,330,0,0.0,0.0,5103
2,117,330,0,0.0,0.0,5104
2,123,330,0,0.0,0.0,5105
2,126,330,0,0.0,0.0,5106
2,129,330,0,0.0,0.0,5107
2,132,330,0,0.0,0.0,5108
2,133,330,0,0.0,0.0,5109
2,136,330,0,0.0,0.0,5110
2,137,330,0,0.0,0.0,5111
2,142,330,0,0.0,0.0,5112
2,145,330,0,0.0,0.0,5113
2,146,330,0,0.0,0.0,5114
2,147,330,0,0.0,0.0,5115
2,148,330,0,0.0,0.0,5116
2,151,330,0,0.0,0.0,5117
2,155,330,0,0.0,0.0,5118
2,156,330,0,0.0,0.0,5119
2,157,330,0,0.0,0.0,5120
2,162,330,0,0.0,0.0,5121
2,165,330,0,0.0,0.0,5122
2,171,330,0,0.0,0.0,5123
2,173,330,0,0.0,0.0,5124
2,174,330,0,0.0,0.0,5125
2,175,330,0,0.0,0.0,5126
2,178,330,0,0.0,0.0,5127
2,179,330,0,0.0,0.0,5128
2,180,330,0,0.0,0.0,5129
2,183,330,0,0.0,0.0,5130
2,184,330,0,0.0,0.0,5131
2,186,330,0,0.0,0.0,5132
2,188,330,0,0.0,0.0,5133
2,190,330,0,0.0,0.0,5134
2,192,330,0,0.0,0.0,5135
2,194,330,0,0.0,0.0,5136
2,195,330,0,0.0,0.0,5137
2,198,330,0,0.0,0.0,5138
2,199,330,0,0.0,0.0,5139
2,200,330,0,0.0,0.0,5140
2,201,330,0,0.0,0.0,5141
2,202,330,0,0.0,0.0,5142
2,204,330,0,0.0,0.0,5143
2,206,330,0,0.0,0.0,5144
2,207,330,0,0.0,0.0,5145
2,208,330,0,0.0,0.0,5146
2,209,330,0,0.0,0.0,5147
2,210,330,0,0.0,0.0,5148
2,211,330,0,0.0,0.0,5149
2,213,330,0,0.0,0.0,5150
2,214,330,0,0.0,0.0,5151
2,219,330,0,0.0,0.0,5152
2,226,330,0,0.0,0.0,5153
2,229,330,0,0.0,0.0,5154
2,231,330,0,0.0,0.0,5155
2,232,330,0,0.0,0.0,5156
2,233,330,0,0.0,0.0,5157
2,234,330,0,0.0,0.0,5158
2,239,330,0,0.0,0.0,5159
2,241,330,0,0.0,0.0,5160
2,242,330,0,0.0,0.0,5161
2,243,330,0,0.0,0.0,5162
2,244,330,0,0.0,0.0,5163
2,245,330,0,0.0,0.0,5164
2,247,330,0,0.0,0.0,5165
2,252,330,0,0.0,0.0,5166
2,255,330,0,0.0,0.0,5167
3,0,330,0,0.0,0.0,5168
3,1,330,0,0.0,0.0,5169
3,2,330,0,0.0,0.0,5170
3,6,330,0,0.0,0.0,5171
3,8,330,0,0.0,0.0,5172
3,11,330,0,0.0,0.0,5173
3,12,330,0,0.0,0.0,5174
3,14,330,0,0.0,0.0,5175
3,16,330,0,0.0,0.0,5176
3,20,330,0,0.0,0.0,5177
3,23,330,0,0.0,0.0,5178
3,24,330,0,0.0,0.0,5179
3,25,330,0,0.0,0.0,5180
3,27,330,0,0.0,0.0,5181
3,28,330,0,0.0,0.0,5182
3,30,330,0,0.0,0.0,5183
3,32,330,0,0.0,0.0,5184
3,33,330,0,0.0,0.0,5185
3,34,330,0,0.0,0.0,5186
3,37,330,0,0.0,0.0,5187
3,38,330,0,0.0,0.0,5188
3,40,330,0,0.0,0.0,5189
3,42,330,0,0.0,0.0,5190
3,46,330,0,0.0,0.0,5191
3,49,330,0,0.0,0.0,5192
3,50,330,0,0.0,0.0,5193
3,51,330,0,0.0,0.0,5194
3,53,330,0,0.0,0.0,5195
3,54,330,0,0.0,0.0,5196
3,55,330,0,0.0,0.0,5197
3,56,330,0,0.0,0.0,5198
3,58,330,0,0.0,0.0,5199
3,59,330,0,0.0,0.0,5200
3,61,330,0,0.0,0.0,5201
3,62,330,0,0.0,0.0,5202
3,67,330,0,0.0,0.0,5203
3,70,330,0,0.0,0.0,5204
3,72,330,0,0.0,0.0,5205
3,73,330,0,0.0,0.0,5206
3,79,330,0,0.0,0.0,5207
3,82,330,0,0.0,0.0,5208
3,83,330,0,0.0,0.0,5209
3,84,330,0,0.0,0.0,5210
3,87,330,0,0.0,0.0,5211
3,89,330,0,0.0,0.0,5212
3,90,330,0,0.0,0.0,5213
3,91,330,0,0.0,0.0,5214
3,92,330,0,0.0,0.0,5215
3,93,330,0,0.0,0.0,5216
3,95,330,0,0.0,0.0,5217
3,96,330,0,0.0,0.0,5218
3,98,330,0,0.0,0.0,5219
3,99,330,0,0.0,0.0,5220
3,100,330,0,0.0,0.0,5221
3,102,330,0,0.0,0.0,5222
3,103,330,0,0.0,0.0,5223
3,104,330,0,0.0,0.0,5224
3,105,330,0,0.0,0.0,5225
3,109,330,0,0.0,0.0,5226
3,110,330,0,0.0,0.0,5227
3,111,330,0,0.0,0.0,5228
3,115,330,0,0.0,0.0,5229
3,116,330,0,0.0,0.0,5230
3,117,330,0,0.0,0.0,5231
3,118,330,0,0.0,0.0,5232
3,121,330,0,0.0,0.0,5233
3,122,330,0,0.0,0.0,5234
3,123,330,0,0.0,0.0,5235
3,124,330,0,0.0,0.0,5236
3,126,330,0,0.0,0.0,5237
3,130,330,0,0.0,0.0,5238
3,131,330,0,0.0,0.0,5239
3,134,330,0,0.0,0.0,5240
3,137,330,0,0.0,0.0,5241
3,140,330,0,0.0,0.0,5242
3,141,330,0,0.0,0.0,5243
3,144,330,0,0.0,0.0,5244
3,145,330,0,0.0,0.0,5245
3,148,330,0,0.0,0.0,5246
3,153,330,0,0.0,0.0,5247
3,154,330,0,0.0,0.0,5248
3,157,330,0,0.0,0.0,5249
3,161,330,0,0.0,0.0,5250
3,162,330,0,0.0,0.0,5251
3,166,330,0,0.0,0.0,5252
3,167,330,0,0.0,0.0,5253
3,168,330,0,0.0,0.0,5254
3,171,330,0,0.0,0.0,5255
3,173,330,0,0.0,0.0,5256
3,175,330,0,0.0,0.0,5257
3,176,330,0,0.0,0.0,5258
3,177,330,0,0.0,0.0,5259
3,178,330,0,0.0,0.0,5260
3,182,330,0,0.0,0.0,5261
3,185,330,0,0.0,0.0,5262
3,187,330,0,0.0,0.0,5263
3,189,330,0,0.0,0.0,5264
3,195,330,0,0.0,0.0,5265
3,196,330,0,0.0,0.0,5266
3,197,330,0,0.0,0.0,5267
3,200,330,0,0.0,0.0,5268
3,201,330,0,0.0,0.0,5269
3,202,330,0,0.0,0.0,5270
3,206,330,0,0.0,0.0,5271
3,211,330,0,0.0,0.0,5272
3,212,330,0,0.0,0.0,5273
3,213,330,0,0.0,0.0,5274
3,214,330,0,0.0,0.0,5275
3,217,330,0,0.0,0.0,5276
3,219,330,0,0.0,0.0,5277
3,221,330,0,0.0,0.0,5278
3,222,330,0,0.0,0.0,5279
3,223,330,0,0.0,0.0,5280
3,225,330,0,0.0,0.0,5281
3,227,330,0,0.0,0.0,5282
3,228,330,0,0.0,0.0,5283
3,231,330,0,0.0,0.0,5284
3,233,330,0,0.0,0.0,5285
3,234,330,0,0.0,0.0,5286
3,236,330,0,0.0,0.0,5287
3,237,330,0,0.0,0.0,5288
3,239,330,0,0.0,0.0,5289
3,240,330,0,0.0,0.0,5290
3,241,330,0,0.0,0.0,5291
3,247,330,0,0.0,0.0,5292
3,248,330,0,0.0,0.0,5293
3,254,330,0,0.0,0.0,5294
4,3,330,0,0.0,0.0,5295
4,4,330,0,0.0,0.0,5296
4,5,330,0,0.0,0.0,5297
4,6,330,0,0.0,0.0,5298
4,7,330,0,0.0,0.0,5299
4,10,330,0,0.0,0.0,5300
4,12,330,0,0.0,0.0,5301
4,14,330,0,0.0,0.0,5302
4,17,330,0,0.0,0.0,5303
4,21,330,0,0.0,0.0,5304
4,22,330,0,0.0,0.0,5305
4,24,330,0,0.0,0.0,5306
4,31,330,0,0.0,0.0,5307
4,32,330,0,0.0,0.0,5308
4,33,330,0,0.0,0.0,5309
4,34,330,0,0.0,0.0,5310
4,35,330,0,0.0,0.0,5311
4,36,330,0,0.0,0.0,5312
4,43,330,0,0.0,0.0,5313
4,44,330,0,0.0,0.0,5314
4,48,330,0,0.0,0.0,5315
4,50,330,0,0.0,0.0,5316
4,53,330,0,0.0,0.0,5317
4,54,330,0,0.0,0.0,5318
4,56,330,0,0.0,0.0,5319
4,57,330,0,0.0,0.0,5320
4,58,330,0,0.0,0.0,5321
4,59,330,0,0.0,0.0,5322
4,60,330,0,0.0,0.0,5323
4,66,330,0,0.0,0.0,5324
4,67,330,0,0.0,0.0,5325
4,68,330,0,0.0,0.0,5326
4,69,330,0,0.0,0.0,5327
4,71,330,0,0.0,0.0,5328
4,72,330,0,0.0,0.0,5329
4,73,330,0,0.0,0.0,5330
4,74,330,0,0.0,0.0,5331
4,78,330,0,0.0,0.0,5332
4,80,330,0,0.0,0.0,5333
4,81,330,0,0.0,0.0,5334
4,84,330,0,0.0,0.0,5335
4,86,330,0,0.0,0.0,5336
4,87,330,0,0.0,0.0,5337
4,88,330,0,0.0,0.0,5338
4,91,330,0,0.0,0.0,5339
4,94,330,0,0.0,0.0,5340
4,96,330,0,0.0,0.0,5341
4,98,330,0,0.0,0.0,5342
4,99,330,0,0.0,0.0,5343
4,100,330,0,0.0,0.0,5344
4,102,330,0,0.0,0.0,5345
4,106,330,0,0.0,0.0,5346
4,111,330,0,0.0,0.0,5347
4,112,330,0,0.0,0.0,5348
4,114,330,0,0.0,0.0,5349
4,115,330,0,0.0,0.0,5350
4,116,330,0,0.0,0.0,5351
4,117,330,0,0.0,0.0,5352
4,118,330,0,0.0,0.0,5353
4,120,330,0,0.0,0.0,5354
4,121,330,0,0.0,0.0,5355
4,122,330,0,0.0,0.0,5356
4,123,330,0,0.0,0.0,5357
4,124,330,0,0.0,0.0,5358
4,126,330,0,0.0,0.0,5359
4,131,330,0,0.0,0.0,5360
4,132,330,0,0.0,0.0,5361
4,135,330,0,0.0,0.0,5362
4,136,330,0,0.0,0.0,5363
4,140,330,0,0.0,0.0,5364
4,142,330,0,0.0,0.0,5365
4,144,330,0,0.0,0.0,5366
4,145,330,0,0.0,0.0,5367
4,146,330,0,0.0,0.0,5368
4,147,330,0,0.0,0.0,5369
4,148,330,0,0.0,0.0,5370
4,151,330,0,0.0,0.0,5371
4,152,330,0,0.0,0.0,5372
4,153,330,0,0.0,0.0,5373
4,154,330,0,0.0,0.0,5374
4,155,330,0,0.0,0.0,5375
4,162,330,0,0.0,0.0,5376
4,164,330,0,0.0,0.0,5377
4,165,330,0,0.0,0.0,5378
4,166,330,0,0.0,0.0,5379
4,168,330,0,0.0,0.0,5380
4,169,330,0,0.0,0.0,5381
4,171,330,0,0.0,0.0,5382
4,173,330,0,0.0,0.0,5383
4,174,330,0,0.0,0.0,5384
4,176,330,0,0.0,0.0,5385
4,178,330,0,0.0,0.0,5386
4,180,330,0,0.0,0.0,5387
4,181,330,0,0.0,0.0,5388
4,186,330,0,0.0,0.0,5389
4,188,330,0,0.0,0.0,5390
4,189,330,0,0.0,0.0,5391
4,192,330,0,0.0,0.0,5392
4,193,330,0,0.0,0.0,5393
4,194,330,0,0.0,0.0,5394
4,196,330,0,0.0,0.0,5395
4,198,330,0,0.0,0.0,5396
4,199,330,0,0.0,0.0,5397
4,201,330,0,0.0,0.0,5398
4,203,330,0,0.0,0.0,5399
4,204,330,0,0.0,0.0,5400
4,205,330,0,0.0,0.0,5401
4,208,330,0,0.0,0.0,5402
4,214,330,0,0.0,0.0,5403
4,215,330,0,0.0,0.0,5404
4,216,330,0,0.0,0.0,5405
4,217,330,0,0.0,0.0,5406
4,218,330,0,0.0,0.0,5407
4,222,330,0,0.0,0.0,5408
4,225,330,0,0.0,0.0,5409
4,227,330,0,0.0,0.0,5410
4,228,330,0,0.0,0.0,5411
4,233,330,0,0.0,0.0,5412
4,234,330,0,0.0,0.0,5413
4,236,330,0,0.0,0.0,5414
4,240,330,0,0.0,0.0,5415
4,242,330,0,0.0,0.0,5416
4,243,330,0,0.0,0.0,5417
4,246,330,0,0.0,0.0,5418
4,248,330,0,0.0,0.0,5419
4,249,330,0,0.0,0.0,5420
4,250,330,0,0.0,0.0,5421
4,251,330,0,0.0,0.0,5422
4,252,330,0,0.0,0.0,5423
4,253,330,0,0.0,0.0,5424
4,254,330,0,0.0,0.0,5425
5,4,330,0,0.0,0.0,5426
5,5,330,0,0.0,0.0,5427
5,6,330,0,0.0,0.0,5428
5,7,330,0,0.0,0.0,5429
5,8,330,0,0.0,0.0,5430
5,10,330,0,0.0,0.0,5431
5,11,330,0,0.0,0.0,5432
5,13,330,0,0.0,0.0,5433
5,19,330,0,0.0,0.0,5434
5,22,330,0,0.0,0.0,5435
5,23,330,0,0.0,0.0,5436
5,26,330,0,0.0,0.0,5437
5,27,330,0,0.0,0.0,5438
5,28,330,0,0.0,0.0,5439
5,29,330,0,0.0,0.0,5440
5,30,330,0,0.0,0.0,5441
5,31,330,0,0.0,0.0,5442
5,32,330,0,0.0,0.0,5443
5,34,330,0,0.0,0.0,5444
5,40,330,0,0.0,0.0,5445
5,41,330,0,0.0,0.0,5446
5,42,330,0,0.0,0.0,5447
5,43,330,0,0.0,0.0,5448
5,44,330,0,0.0,0.0,5449
5,46,330,0,0.0,0.0,5450
5,47,330,0,0.0,0.0,5451
5,49,330,0,0.0,0.0,5452
5,53,330,0,0.0,0.0,5453
5,56,330,0,0.0,0.0,5454
5,57,330,0,0.0,0.0,5455
5,58,330,0,0.0,0.0,5456
5,59,330,0,0.0,0.0,5457
5,60,330,0,0.0,0.0,5458
5,62,330,0,0.0,0.0,5459
5,63,330,0,0.0,0.0,5460
5,64,330,0,0.0,0.0,5461
5,66,330,0,0.0,0.0,5462
5,70,330,0,0.0,0.0,5463
5,73,330,0,0.0,0.0,5464
5,74,330,0,0.0,0.0,5465
5,81,330,0,0.0,0.0,5466
5,82,330,0,0.0,0.0,5467
5,84,330,0,0.0,0.0,5468
5,86,330,0,0.0,0.0,5469
5,87,330,0,0.0,0.0,5470
5,88,330,0,0.0,0.0,5471
5,89,330,0,0.0,0.0,5472
5,90,330,0,0.0,0.0,5473
5,93,330,0,0.0,0.0,5474
5,94,330,0,0.0,0.0,5475
5,97,330,0,0.0,0.0,5476
5,99,330,0,0.0,0.0,5477
5,100,330,0,0.0,0.0,5478
5,102,330,0,0.0,0.0,5479
5,104,330,0,0.0,0.0,5480
5,105,330,0,0.0,0.0,5481
5,106,330,0,0.0,0.0,5482
5,109,330,0,0.0,0.0,5483
5,111,330,0,0.0,0.0,5484
5,112,330,0,0.0,0.0,5485
5,115,330,0,0.0,0.0,5486
5,118,330,0,0.0,0.0,5487
5,121,330,0,0.0,0.0,5488
5,122,330,0,0.0,0.0,5489
5,123,330,0,0.0,0.0,5490
5,125,330,0,0.0,0.0,5491
5,126,330,0,0.0,0.0,5492
5,127,330,0,0.0,0.0,5493
5,129,330,0,0.0,0.0,5494
5,130,330,0,0.0,0.0,5495
5,131,330,0,0.0,0.0,5496
5,133,330,0,0.0,0.0,5497
5,136,330,0,0.0,0.0,5498
5,138,330,0,0.0,0.0,5499
5,141,330,0,0.0,0.0,5500
5,144,330,0,0.0,0.0,5501
5,146,330,0,0.0,0.0,5502
5,151,330,0,0.0,0.0,5503
5,152,330,0,0.0,0.0,5504
5,153,330,0,0.0,0.0,5505
5,161,330,0,0.0,0.0,5506
5,163,330,0,0.0,0.0,5507
5,164,330,0,0.0,0.0,5508
5,165,330,0,0.0,0.0,5509
5,167,330,0,0.0,0.0,5510
5,172,330,0,0.0,0.0,5511
5,173,330,0,0.0,0.0,5512
5,174,330,0,0.0,0.0,5513
5,176,330,0,0.0,0.0,5514
5,179,330,0,0.0,0.0,5515
5,180,330,0,0.0,0.0,5516
5,186,330,0,0.0,0.0,5517
5,188,330,0,0.0,0.0,5518
5,189,330,0,0.0,0.0,5519
5,190,330,0,0.0,0.0,5520
5,191,330,0,0.0,0.0,5521
5,192,330,0,0.0,0.0,5522
5,193,330,0,0.0,0.0,5523
5,194,330,0,0.0,0.0,5524
5,195,330,0,0.0,0.0,5525
5,197,330,0,0.0,0.0,5526
5,199,330,0,0.0,0.0,5527
5,200,330,0,0.0,0.0,5528
5,202,330,0,0.0,0.0,5529
5,203,330,0,0.0,0.0,5530
5,204,330,0,0.0,0.0,5531
5,205,330,0,0.0,0.0,5532
5,206,330,0,0.0,0.0,5533
5,207,330,0,0.0,0.0,5534
5,209,330,0,0.0,0.0,5535
5,215,330,0,0.0,0.0,5536
5,217,330,0,0.0,0.0,5537
5,218,330,0,0.0,0.0,5538
5,219,330,0,0.0,0.0,5539
5,220,330,0,0.0,0.0,5540
5,222,330,0,0.0,0.0,5541
5,228,330,0,0.0,0.0,5542
5,230,330,0,0.0,0.0,5543
5,231,330,0,0.0,0.0,5544
5,235,330,0,0.0,0.0,5545
5,236,330,0,0.0,0.0,5546
5,237,330,0,0.0,0.0,5547
5,238,330,0,0.0,0.0,5548
5,240,330,0,0.0,0.0,5549
5,243,330,0,0.0,0.0,5550
5,245,330,0,0.0,0.0,5551
5,246,330,0,0.0,0.0,5552
5,247,330,0,0.0,0.0,5553
5,249,330,0,0.0,0.0,5554
5,253,330,0,0.0,0.0,5555
6,2,330,0,0.0,0.0,5556
6,3,330,0,0.0,0.0,5557
6,5,330,0,0.0,0.0,5558
6,6,330,0,0.0,0.0,5559
6,7,330,0,0.0,0.0,5560
6,8,330,0,0.0,0.0,5561
6,9,330,0,0.0,0.0,5562
6,10,330,0,0.0,0.0,5563
6,11,330,0,0.0,0.0,5564
6,12,330,0,0.0,0.0,5565
6,13,330,0,0.0,0.0,5566
6,14,330,0,0.0,0.0,5567
6,16,330,0,0.0,0.0,5568
6,18,330,0,0.0,0.0,5569
6,19,330,0,0.0,0.0,5570
6,20,330,0,0.0,0.0,5571
6,21,330,0,0.0,0.0,5572
6,22,330,0,0.0,0.0,5573
6,23,330,0,0.0,0.0,5574
6,24,330,0,0.0,0.0,5575
6,25,330,0,0.0,0.0,5576
6,26,330,0,0.0,0.0,5577
6,28,330,0,0.0,0.0,5578
6,29,330,0,0.0,0.0,5579
6,31,330,0,0.0,0.0,5580
6,32,330,0,0.0,0.0,5581
6,33,330,0,0.0,0.0,5582
6,34,330,0,0.0,0.0,5583
6,35,330,0,0.0,0.0,5584
6,37,330,0,0.0,0.0,5585
6,40,330,0,0.0,0.0,5586
6,41,330,0,0.0,0.0,5587
6,42,330,0,0.0,0.0,5588
6,44,330,0,0.0,0.0,5589
6,47,330,0,0.0,0.0,5590
6,49,330,0,0.0,0.0,5591
6,50,330,0,0.0,0.0,5592
6,52,330,0,0.0,0.0,5593
6,54,330,0,0.0,0.0,5594
6,56,330,0,0.0,0.0,5595
6,58,330,0,0.0,0.0,5596
6,59,330,0,0.0,0.0,5597
6,60,330,0,0.0,0.0,5598
6,61,330,0,0.0,0.0,5599
6,63,330,0,0.0,0.0,5600
6,64,330,0,0.0,0.0,5601
6,65,330,0,0.0,0.0,5602
6,67,330,0,0.0,0.0,5603
6,68,330,0,0.0,0.0,5604
6,69,330,0,0.0,0.0,5605
6,71,330,0,0.0,0.0,5606
6,72,330,0,0.0,0.0,5607
6,73,330,0,0.0,0.0,5608
6,74,330,0,0.0,0.0,5609
6,76,330,0,0.0,0.0,5610
6,77,330,0,0.0,0.0,5611
6,78,330,0,0.0,0.0,5612
6,81,330,0,0.0,0.0,5613
6,83,330,0,0.0,0.0,5614
6,84,330,0,0.0,0.0,5615
6,86,330,0,0.0,0.0,5616
6,88,330,0,0.0,0.0,5617
6,92,330,0,0.0,0.0,5618
6,94,330,0,0.0,0.0,5619
6,96,330,0,0.0,0.0,5620
6,104,330,0,0.0,0.0,5621
6,107,330,0,0.0,0.0,5622
6,108,330,0,0.0,0.0,5623
6,109,330,0,0.0,0.0,5624
6,110,330,0,0.0,0.0,5625
6,111,330,0,0.0,0.0,5626
6,113,330,0,0.0,0.0,5627
6,115,330,0,0.0,0.0,5628
6,116,330,0,0.0,0.0,5629
6,117,330,0,0.0,0.0,5630
6,119,330,0,0.0,0.0,5631
6,120,330,0,0.0,0.0,5632
6,122,330,0,0.0,0.0,5633
6,126,330,0,0.0,0.0,5634
6,131,330,0,0.0,0.0,5635
6,132,330,0,0.0,0.0,5636
6,133,330,0,0.0,0.0,5637
6,135,330,0,0.0,0.0,5638
6,136,330,0,0.0,0.0,5639
6,139,330,0,0.0,0.0,5640
6,140,330,0,0.0,0.0,5641
6,141,330,0,0.0,0.0,5642
6,142,330,0,0.0,0.0,5643
6,143,330,0,0.0,0.0,5644
6,144,330,0,0.0,0.0,5645
6,145,330,0,0.0,0.0,5646
6,146,330,0,0.0,0.0,5647
6,147,330,0,0.0,0.0,5648
6,149,330,0,0.0,0.0,5649
6,151,330,0,0.0,0.0,5650
6,153,330,0,0.0,0.0,5651
6,154,330,0,0.0,0.0,5652
6,156,330,0,0.0,0.0,5653
6,157,330,0,0.0,0.0,5654
6,159,330,0,0.0,0.0,5655
6,160,330,0,0.0,0.0,5656
6,163,330,0,0.0,0.0,5657
6,166,330,0,0.0,0.0,5658
6,169,330,0,0.0,0.0,5659
6,172,330,0,0.0,0.0,5660
6,173,330,0,0.0,0.0,5661
6,175,330,0,0.0,0.0,5662
6,176,330,0,0.0,0.0,5663
6,177,330,0,0.0,0.0,5664
6,178,330,0,0.0,0.0,5665
6,180,330,0,0.0,0.0,5666
6,181,330,0,0.0,0.0,5667
6,182,330,0,0.0,0.0,5668
6,183,330,0,0.0,0.0,5669
6,184,330,0,0.0,0.0,5670
6,185,330,0,0.0,0.0,5671
6,188,330,0,0.0,0.0,5672
6,189,330,0,0.0,0.0,5673
6,191,330,0,0.0,0.0,5674
6,192,330,0,0.0,0.0,5675
6,193,330,0,0.0,0.0,5676
6,194,330,0,0.0,0.0,5677
6,195,330,0,0.0,0.0,5678
6,196,330,0,0.0,0.0,5679
6,198,330,0,0.0,0.0,5680
6,199,330,0,0.0,0.0,5681
6,201,330,0,0.0,0.0,5682
6,205,330,0,0.0,0.0,5683
6,206,330,0,0.0,0.0,5684
6,207,330,0,0.0,0.0,5685
6,209,330,0,0.0,0.0,5686
6,211,330,0,0.0,0.0,5687
6,212,330,0,0.0,0.0,5688
6,213,330,0,0.0,0.0,5689
6,214,330,0,0.0,0.0,5690
6,215,330,0,0.0,0.0,5691
6,223,330,0,0.0,0.0,5692
6,227,330,0,0.0,0.0,5693
6,228,330,0,0.0,0.0,5694
6,230,330,0,0.0,0.0,5695
6,234,330,0,0.0,0.0,5696
6,237,330,0,0.0,0.0,5697
6,238,330,0,0.0,0.0,5698
6,240,330,0,0.0,0.0,5699
6,241,330,0,0.0,0.0,5700
6,242,330,0,0.0,0.0,5701
6,243,330,0,0.0,0.0,5702
6,244,330,0,0.0,0.0,5703
6,245,330,0,0.0,0.0,5704
6,246,330,0,0.0,0.0,5705
6,249,330,0,0.0,0.0,5706
6,250,330,0,0.0,0.0,5707
6,251,330,0,0.0,0.0,5708
6,252,330,0,0.0,0.0,5709
6,253,330,0,0.0,0.0,5710
7,1,330,0,0.0,0.0,5711
7,2,330,0,0.0,0.0,5712
7,4,330,0,0.0,0.0,5713
7,6,330,0,0.0,0.0,5714
7,9,330,0,0.0,0.0,5715
7,10,330,0,0.0,0.0,5716
7,11,330,0,0.0,0.0,5717
7,13,330,0,0.0,0.0,5718
7,15,330,0,0.0,0.0,5719
7,20,330,0,0.0,0.0,5720
7,22,330,0,0.0,0.0,5721
7,25,330,0,0.0,0.0,5722
7,30,330,0,0.0,0.0,5723
7,31,330,0,0.0,0.0,5724
7,33,330,0,0.0,0.0,5725
7,34,330,0,0.0,0.0,5726
7,36,330,0,0.0,0.0,5727
7,38,330,0,0.0,0.0,5728
7,39,330,0,0.0,0.0,5729
7,40,330,0,0.0,0.0,5730
7,41,330,0,0.0,0.0,5731
7,43,330,0,0.0,0.0,5732
7,44,330,0,0.0,0.0,5733
7,46,330,0,0.0,0.0,5734
7,48,330,0,0.0,0.0,5735
7,49,330,0,0.0,0.0,5736
7,51,330,0,0.0,0.0,5737
7,52,330,0,0.0,0.0,5738
7,53,330,0,0.0,0.0,5739
7,54,330,0,0.0,0.0,5740
7,59,330,0,0.0,0.0,5741
7,62,330,0,0.0,0.0,5742
7,63,330,0,0.0,0.0,5743
7,67,330,0,0.0,0.0,5744
7,68,330,0,0.0,0.0,5745
7,69,330,0,0.0,0.0,5746
7,70,330,0,0.0,0.0,5747
7,74,330,0,0.0,0.0,5748
7,75,330,0,0.0,0.0,5749
7,77,330,0,0.0,0.0,5750
7,78,330,0,0.0,0.0,5751
7,80,330,0,0.0,0.0,5752
7,83,330,0,0.0,0.0,5753
7,85,330,0,0.0,0.0,5754
7,87,330,0,0.0,0.0,5755
7,90,330,0,0.0,0.0,5756
7,91,330,0,0.0,0.0,5757
7,92,330,0,0.0,0.0,5758
7,93,330,0,0.0,0.0,5759
7,94,330,0,0.0,0.0,5760
7,95,330,0,0.0,0.0,5761
7,97,330,0,0.0,0.0,5762
7,98,330,0,0.0,0.0,5763
7,100,330,0,0.0,0.0,5764
7,102,330,0,0.0,0.0,5765
7,103,330,0,0.0,0.0,5766
7,105,330,0,0.0,0.0,5767
7,107,330,0,0.0,0.0,5768
7,108,330,0,0.0,0.0,5769
7,109,330,0,0.0,0.0,5770
7,111,330,0,0.0,0.0,5771
7,112,330,0,0.0,0.0,5772
7,113,330,0,0.0,0.0,5773
7,115,330,0,0.0,0.0,5774
7,116,330,0,0.0,0.0,5775
7,121,330,0,0.0,0.0,5776
7,122,330,0,0.0,0.0,5777
7,123,330,0,0.0,0.0,5778
7,126,330,0,0.0,0.0,5779
7,127,330,0,0.0,0.0,5780
7,128,330,0,0.0,0.0,5781
7,131,330,0,0.0,0.0,5782
7,132,330,0,0.0,0.0,5783
7,135,330,0,0.0,0.0,5784
7,136,330,0,0.0,0.0,5785
7,137,330,0,0.0,0.0,5786
7,138,330,0,0.0,0.0,5787
7,140,330,0,0.0,0.0,5788
7,141,330,0,0.0,0.0,5789
7,142,330,0,0.0,0.0,5790
7,143,330,0,0.0,0.0,5791
7,144,330,0,0.0,0.0,5792
7,150,330,0,0.0,0.0,5793
7,151,330,0,0.0,0.0,5794
7,154,330,0,0.0,0.0,5795
7,155,330,0,0.0,0.0,5796
7,156,330,0,0.0,0.0,5797
7,157,330,0,0.0,0.0,5798
7,158,330,0,0.0,0.0,5799
7,159,330,0,0.0,0.0,5800
7,160,330,0,0.0,0.0,5801
7,162,330,0,0.0,0.0,5802
7,164,330,0,0.0,0.0,5803
7,165,330,0,0.0,0.0,5804
7,167,330,0,0.0,0.0,5805
7,170,330,0,0.0,0.0,5806
7,172,330,0,0.0,0.0,5807
7,173,330,0,0.0,0.0,5808
7,174,330,0,0.0,0.0,5809
7,175,330,0,0.0,0.0,5810
7,177,330,0,0.0,0.0,5811
7,179,330,0,0.0,0.0,5812
7,180,330,0,0.0,0.0,5813
7,182,330,0,0.0,0.0,5814
7,183,330,0,0.0,0.0,5815
7,185,330,0,0.0,0.0,5816
7,188,330,0,0.0,0.0,5817
7,189,330,0,0.0,0.0,5818
7,190,330,0,0.0,0.0,5819
7,191,330,0,0.0,0.0,5820
7,192,330,0,0.0,0.0,5821
7,193,330,0,0.0,0.0,5822
7,195,330,0,0.0,0.0,5823
7,196,330,0,0.0,0.0,5824
7,197,330,0,0.0,0.0,5825
7,198,330,0,0.0,0.0,5826
7,202,330,0,0.0,0.0,5827
7,203,330,0,0.0,0.0,5828
7,204,330,0,0.0,0.0,5829
7,206,330,0,0.0,0.0,5830
7,207,330,0,0.0,0.0,5831
7,209,330,0,0.0,0.0,5832
7,210,330,0,0.0,0.0,5833
7,211,330,0,0.0,0.0,5834
7,212,330,0,0.0,0.0,5835
7,216,330,0,0.0,0.0,5836
7,221,330,0,0.0,0.0,5837
7,222,330,0,0.0,0.0,5838
7,223,330,0,0.0,0.0,5839
7,225,330,0,0.0,0.0,5840
7,226,330,0,0.0,0.0,5841
7,227,330,0,0.0,0.0,5842
7,230,330,0,0.0,0.0,5843
7,231,330,0,0.0,0.0,5844
7,232,330,0,0.0,0.0,5845
7,233,330,0,0.0,0.0,5846
7,235,330,0,0.0,0.0,5847
7,236,330,0,0.0,0.0,5848
7,238,330,0,0.0,0.0,5849
7,239,330,0,0.0,0.0,5850
7,240,330,0,0.0,0.0,5851
7,245,330,0,0.0,0.0,5852
7,248,330,0,0.0,0.0,5853
7,249,330,0,0.0,0.0,5854
7,250,330,0,0.0,0.0,5855
7,251,330,0,0.0,0.0,5856
8,0,330,0,0.0,0.0,5857
8,1,330,0,0.0,0.0,5858
8,2,330,0,0.0,0.0,5859
8,5,330,0,0.0,0.0,5860
8,6,330,0,0.0,0.0,5861
8,7,330,0,0.0,0.0,5862
8,9,330,0,0.0,0.0,5863
8,11,330,0,0.0,0.0,5864
8,12,330,0,0.0,0.0,5865
8,13,330,0,0.0,0.0,5866
8,14,330,0,0.0,0.0,5867
8,15,330,0,0.0,0.0,5868
8,18,330,0,0.0,0.0,5869
8,19,330,0,0.0,0.0,5870
8,20,330,0,0.0,0.0,5871
8,22,330,0,0.0,0.0,5872
8,23,330,0,0.0,0.0,5873
8,25,330,0,0.0,0.0,5874
8,26,330,0,0.0,0.0,5875
8,28,330,0,0.0,0.0,5876
8,30,330,0,0.0,0.0,5877
8,32,330,0,0.0,0.0,5878
8,36,330,0,0.0,0.0,5879
8,37,330,0,0.0,0.0,5880
8,39,330,0,0.0,0.0,5881
8,40,330,0,0.0,0.0,5882
8,41,330,0,0.0,0.0,5883
8,42,330,0,0.0,0.0,5884
8,45,330,0,0.0,0.0,5885
8,46,330,0,0.0,0.0,5886
8,50,330,0,0.0,0.0,5887
8,51,330,0,0.0,0.0,5888
8,53,330,0,0.0,0.0,5889
8,54,330,0,0.0,0.0,5890
8,56,330,0,0.0,0.0,5891
8,59,330,0,0.0,0.0,5892
8,60,330,0,0.0,0.0,5893
8,62,330,0,0.0,0.0,5894
8,67,330,0,0.0,0.0,5895
8,68,330,0,0.0,0.0,5896
8,70,330,0,0.0,0.0,5897
8,72,330,0,0.0,0.0,5898
8,74,330,0,0.0,0.0,5899
8,76,330,0,0.0,0.0,5900
8,77,330,0,0.0,0.0,5901
8,81,330,0,0.0,0.0,5902
8,82,330,0,0.0,0.0,5903
8,83,330,0,0.0,0.0,5904
8,85,330,0,0.0,0.0,5905
8,86,330,0,0.0,0.0,5906
8,87,330,0,0.0,0.0,5907
8,92,330,0,0.0,0.0,5908
8,95,330,0,0.0,0.0,5909
8,96,330,0,0.0,0.0,5910
8,97,330,0,0.0,0.0,5911
8,98,330,0,0.0,0.0,5912
8,99,330,0,0.0,0.0,5913
8,100,330,0,0.0,0.0,5914
8,101,330,0,0.0,0.0,5915
8,103,330,0,0.0,0.0,5916
8,106,330,0,0.0,0.0,5917
8,109,330,0,0.0,0.0,5918
8,111,330,0,0.0,0.0,5919
8,112,330,0,0.0,0.0,5920
8,114,330,0,0.0,0.0,5921
8,116,330,0,0.0,0.0,5922
8,117,330,0,0.0,0.0,5923
8,122,330,0,0.0,0.0,5924
8,123,330,0,0.0,0.0,5925
8,124,330,0,0.0,0.0,5926
8,125,330,0,0.0,0.0,5927
8,127,330,0,0.0,0.0,5928
8,130,330,0,0.0,0.0,5929
8,131,330,0,0.0,0.0,5930
8,133,330,0,0.0,0.0,5931
8,134,330,0,0.0,0.0,5932
8,135,330,0,0.0,0.0,5933
8,136,330,0,0.0,0.0,5934
8,137,330,0,0.0,0.0,5935
8,138,330,0,0.0,0.0,5936
8,139,330,0,0.0,0.0,5937
8,141,330,0,0.0,0.0,5938
8,143,330,0,0.0,0.0,5939
8,144,330,0,0.0,0.0,5940
8,147,330,0,0.0,0.0,5941
8,151,330,0,0.0,0.0,5942
8,152,330,0,0.0,0.0,5943
8,155,330,0,0.0,0.0,5944
8,156,330,0,0.0,0.0,5945
8,158,330,0,0.0,0.0,5946
8,160,330,0,0.0,0.0,5947
8,161,330,0,0.0,0.0,5948
8,162,330,0,0.0,0.0,5949
8,163,330,0,0.0,0.0,5950
8,165,330,0,0.0,0.0,5951
8,167,330,0,0.0,0.0,5952
8,170,330,0,0.0,0.0,5953
8,171,330,0,0.0,0.0,5954
8,173,330,0,0.0,0.0,5955
8,174,330,0,0.0,0.0,5956
8,175,330,0,0.0,0.0,5957
8,177,330,0,0.0,0.0,5958
8,179,330,0,0.0,0.0,5959
8,180,330,0,0.0,0.0,5960
8,181,330,0,0.0,0.0,5961
8,182,330,0,0.0,0.0,5962
8,185,330,0,0.0,0.0,5963
8,186,330,0,0.0,0.0,5964
8,187,330,0,0.0,0.0,5965
8,188,330,0,0.0,0.0,5966
8,192,330,0,0.0,0.0,5967
8,193,330,0,0.0,0.0,5968
8,194,330,0,0.0,0.0,5969
8,195,330,0,0.0,0.0,5970
8,198,330,0,0.0,0.0,5971
8,200,330,0,0.0,0.0,5972
8,201,330,0,0.0,0.0,5973
8,202,330,0,0.0,0.0,5974
8,203,330,0,0.0,0.0,5975
8,205,330,0,0.0,0.0,5976
8,206,330,0,0.0,0.0,5977
8,207,330,0,0.0,0.0,5978
8,210,330,0,0.0,0.0,5979
8,212,330,0,0.0,0.0,5980
8,214,330,0,0.0,0.0,5981
8,216,330,0,0.0,0.0,5982
8,217,330,0,0.0,0.0,5983
8,218,330,0,0.0,0.0,5984
8,219,330,0,0.0,0.0,5985
8,221,330,0,0.0,0.0,5986
8,222,330,0,0.0,0.0,5987
8,223,330,0,0.0,0.0,5988
8,224,330,0,0.0,0.0,5989
8,225,330,0,0.0,0.0,5990
8,227,330,0,0.0,0.0,5991
8,230,330,0,0.0,0.0,5992
8,231,330,0,0.0,0.0,5993
8,234,330,0,0.0,0.0,5994
8,236,330,0,0.0,0.0,5995
8,237,330,0,0.0,0.0,5996
8,240,330,0,0.0,0.0,5997
8,241,330,0,0.0,0.0,5998
8,243,330,0,0.0,0.0,5999
8,245,330,0,0.0,0.0,6000
8,246,330,0,0.0,0.0,6001
8,247,330,0,0.0,0.0,6002
8,248,330,0,0.0,0.0,6003
8,249,330,0,0.0,0.0,6004
8,253,330,0,0.0,0.0,6005
9,0,330,0,0.0,0.0,6006
9,2,330,0,0.0,0.0,6007
9,6,330,0,0.0,0.0,6008
9,7,330,0,0.0,0.0,6009
9,8,330,0,0.0,0.0,6010
9,9,330,0,0.0,0.0,6011
9,11,330,0,0.0,0.0,6012
9,12,330,0,0.0,0.0,6013
9,14,330,0,0.0,0.0,6014
9,15,330,0,0.0,0.0,6015
9,16,330,0,0.0,0.0,6016
9,18,330,0,0.0,0.0,6017
9,19,330,0,0.0,0.0,6018
9,21,330,0,0.0,0.0,6019
9,22,330,0,0.0,0.0,6020
9,23,330,0,0.0,0.0,6021
9,27,330,0,0.0,0.0,6022
9,28,330,0,0.0,0.0,6023
9,32,330,0,0.0,0.0,6024
9,33,330,0,0.0,0.0,6025
9,37,330,0,0.0,0.0,6026
9,38,330,0,0.0,0.0,6027
9,39,330,0,0.0,0.0,6028
9,40,330,0,0.0,0.0,6029
9,41,330,0,0.0,0.0,6030
9,42,330,0,0.0,0.0,6031
9,43,330,0,0.0,0.0,6032
9,44,330,0,0.0,0.0,6033
9,45,330,0,0.0,0.0,6034
9,46,330,0,0.0,0.0,6035
9,47,330,0,0.0,0.0,6036
9,48,330,0,0.0,0.0,6037
9,49,330,0,0.0,0.0,6038
9,50,330,0,0.0,0.0,6039
9,53,330,0,0.0,0.0,6040
9,54,330,0,0.0,0.0,6041
9,55,330,0,0.0,0.0,6042
9,56,330,0,0.0,0.0,6043
9,59,330,0,0.0,0.0,6044
9,61,330,0,0.0,0.0,6045
9,62,330,0,0.0,0.0,6046
9,68,330,0,0.0,0.0,6047
9,70,330,0,0.0,0.0,6048
9,73,330,0,0.0,0.0,6049
9,74,330,0,0.0,0.0,6050
9,76,330,0,0.0,0.0,6051
9,78,330,0,0.0,0.0,6052
9,80,330,0,0.0,0.0,6053
9,81,330,0,0.0,0.0,6054
9,82,330,0,0.0,0.0,6055
9,83,330,0,0.0,0.0,6056
9,84,330,0,0.0,0.0,6057
9,85,330,0,0.0,0.0,6058
9,87,330,0,0.0,0.0,6059
9,90,330,0,0.0,0.0,6060
9,92,330,0,0.0,0.0,6061
9,94,330,0,0.0,0.0,6062
9,95,330,0,0.0,0.0,6063
9,96,330,0,0.0,0.0,6064
9,97,330,0,0.0,0.0,6065
9,98,330,0,0.0,0.0,6066
9,99,330,0,0.0,0.0,6067
9,102,330,0,0.0,0.0,6068
9,104,330,0,0.0,0.0,6069
9,105,330,0,0.0,0.0,6070
9,106,330,0,0.0,0.0,6071
9,109,330,0,0.0,0.0,6072
9,110,330,0,0.0,0.0,6073
9,111,330,0,0.0,0.0,6074
9,112,330,0,0.0,0.0,6075
9,117,330,0,0.0,0.0,6076
9,118,330,0,0.0,0.0,6077
9,119,330,0,0.0,0.0,6078
9,121,330,0,0.0,0.0,6079
9,122,330,0,0.0,0.0,6080
9,123,330,0,0.0,0.0,6081
9,124,330,0,0.0,0.0,6082
9,125,330,0,0.0,0.0,6083
9,126,330,0,0.0,0.0,6084
9,129,330,0,0.0,0.0,6085
9,130,330,0,0.0,0.0,6086
9,131,330,0,0.0,0.0,6087
9,132,330,0,0.0,0.0,6088
9,133,330,0,0.0,0.0,6089
9,134,330,0,0.0,0.0,6090
9,135,330,0,0.0,0.0,6091
9,136,330,0,0.0,0.0,6092
9,137,330,0,0.0,0.0,6093
9,139,330,0,0.0,0.0,6094
9,140,330,0,0.0,0.0,6095
9,143,330,0,0.0,0.0,6096
9,146,330,0,0.0,0.0,6097
9,147,330,0,0.0,0.0,6098
9,148,330,0,0.0,0.0,6099
9,149,330,0,0.0,0.0,6100
9,150,330,0,0.0,0.0,6101
9,151,330,0,0.0,0.0,6102
9,152,330,0,0.0,0.0,6103
9,153,330,0,0.0,0.0,6104
9,155,330,0,0.0,0.0,6105
9,160,330,0,0.0,0.0,6106
9,161,330,0,0.0,0.0,6107
9,162,330,0,0.0,0.0,6108
9,163,330,0,0.0,0.0,6109
9,168,330,0,0.0,0.0,6110
9,169,330,0,0.0,0.0,6111
9,170,330,0,0.0,0.0,6112
9,171,330,0,0.0,0.0,6113
9,172,330,0,0.0,0.0,6114
9,175,330,0,0.0,0.0,6115
9,176,330,0,0.0,0.0,6116
9,177,330,0,0.0,0.0,6117
9,178,330,0,0.0,0.0,6118
9,179,330,0,0.0,0.0,6119
9,180,330,0,0.0,0.0,6120
9,183,330,0,0.0,0.0,6121
9,184,330,0,0.0,0.0,6122
9,186,330,0,0.0,0.0,6123
9,187,330,0,0.0,0.0,6124
9,189,330,0,0.0,0.0,6125
9,190,330,0,0.0,0.0,6126
9,192,330,0,0.0,0.0,6127
9,194,330,0,0.0,0.0,6128
9,196,330,0,0.0,0.0,6129
9,199,330,0,0.0,0.0,6130
9,200,330,0,0.0,0.0,6131
9,201,330,0,0.0,0.0,6132
9,203,330,0,0.0,0.0,6133
9,206,330,0,0.0,0.0,6134
9,207,330,0,0.0,0.0,6135
9,209,330,0,0.0,0.0,6136
9,212,330,0,0.0,0.0,6137
9,215,330,0,0.0,0.0,6138
9,216,330,0,0.0,0.0,6139
9,217,330,0,0.0,0.0,6140
9,218,330,0,0.0,0.0,6141
9,219,330,0,0.0,0.0,6142
9,220,330,0,0.0,0.0,6143
9,221,330,0,0.0,0.0,6144
9,222,330,0,0.0,0.0,6145
9,226,330,0,0.0,0.0,6146
9,229,330,0,0.0,0.0,6147
9,230,330,0,0.0,0.0,6148
9,231,330,0,0.0,0.0,6149
9,232,330,0,0.0,0.0,6150
9,233,330,0,0.0,0.0,6151
9,235,330,0,0.0,0.0,6152
9,236,330,0,0.0,0.0,6153
9,238,330,0,0.0,0.0,6154
9,239,330,0,0.0,0.0,6155
9,240,330,0,0.0,0.0,6156
9,241,330,0,0.0,0.0,6157
9,242,330,0,0.0,0.0,6158
9,243,330,0,0.0,0.0,6159
9,248,330,0,0.0,0.0,6160
9,249,330,0,0.0,0.0,6161
9,251,330,0,0.0,0.0,6162
9,252,330,0,0.0,0.0,6163
9,255,330,0,0.0,0.0,6164
10,1,330,0,0.0,0.0,6165
10,2,330,0,0.0,0.0,6166
10,3,330,0,0.0,0.0,6167
10,7,330,0,0.0,0.0,6168
10,9,330,0,0.0,0.0,6169
10,11,330,0,0.0,0.0,6170
10,12,330,0,0.0,0.0,6171
10,17,330,0,0.0,0.0,6172
10,18,330,0,0.0,0.0,6173
10,20,330,0,0.0,0.0,6174
10,21,330,0,0.0,0.0,6175
10,24,330,0,0.0,0.0,6176
10,29,330,0,0.0,0.0,6177
10,30,330,0,0.0,0.0,6178
10,32,330,0,0.0,0.0,6179
10,35,330,0,0.0,0.0,6180
10,36,330,0,0.0,0.0,6181
10,37,330,0,0.0,0.0,6182
10,38,330,0,0.0,0.0,6183
10,39,330,0,0.0,0.0,6184
10,41,330,0,0.0,0.0,6185
10,43,330,0,0.0,0.0,6186
10,44,330,0,0.0,0.0,6187
10,46,330,0,0.0,0.0,6188
10,47,330,0,0.0,0.0,6189
10,49,330,0,0.0,0.0,6190
10,50,330,0,0.0,0.0,6191
10,51,330,0,0.0,0.0,6192
10,52,330,0,0.0,0.0,6193
10,53,330,0,0.0,0.0,6194
10,54,330,0,0.0,0.0,6195
10,55,330,0,0.0,0.0,6196
10,56,330,0,0.0,0.0,6197
10,57,330,0,0.0,0.0,6198
10,58,330,0,0.0,0.0,6199
10,61,330,0,0.0,0.0,6200
10,62,330,0,0.0,0.0,6201
10,63,330,0,0.0,0.0,6202
10,64,330,0,0.0,0.0,6203
10,67,330,0,0.0,0.0,6204
10,68,330,0,0.0,0.0,6205
10,69,330,0,0.0,0.0,6206
10,73,330,0,0.0,0.0,6207
10,74,330,0,0.0,0.0,6208
10,75,330,0,0.0,0.0,6209
10,77,330,0,0.0,0.0,6210
10,78,330,0,0.0,0.0,6211
10,80,330,0,0.0,0.0,6212
10,85,330,0,0.0,0.0,6213
10,89,330,0,0.0,0.0,6214
10,90,330,0,0.0,0.0,6215
10,91,330,0,0.0,0.0,6216
10,92,330,0,0.0,0.0,6217
10,93,330,0,0.0,0.0,6218
10,96,330,0,0.0,0.0,6219
10,97,330,0,0.0,0.0,6220
10,98,330,0,0.0,0.0,6221
10,101,330,0,0.0,0.0,6222
10,102,330,0,0.0,0.0,6223
10,104,330,0,0.0,0.0,6224
10,107,330,0,0.0,0.0,6225
10,108,330,0,0.0,0.0,6226
10,109,330,0,0.0,0.0,6227
10,111,330,0,0.0,0.0,6228
10,112,330,0,0.0,0.0,6229
10,113,330,0,0.0,0.0,6230
10,115,330,0,0.0,0.0,6231
10,117,330,0,0.0,0.0,6232
10,118,330,0,0.0,0.0,6233
10,120,330,0,0.0,0.0,6234
10,121,330,0,0.0,0.0,6235
10,125,330,0,0.0,0.0,6236
10,126,330,0,0.0,0.0,6237
10,127,330,0,0.0,0.0,6238
10,128,330,0,0.0,0.0,6239
10,129,330,0,0.0,0.0,6240
10,130,330,0,0.0,0.0,6241
10,131,330,0,0.0,0.0,6242
10,132,330,0,0.0,0.0,6243
10,133,330,0,0.0,0.0,6244
10,134,330,0,0.0,0.0,6245
10,135,330,0,0.0,0.0,6246
10,136,330,0,0.0,0.0,6247
10,137,330,0,0.0,0.0,6248
10,140,330,0,0.0,0.0,6249
10,142,330,0,0.0,0.0,6250
10,148,330,0,0.0,0.0,6251
10,151,330,0,0.0,0.0,6252
10,152,330,0,0.0,0.0,6253
10,153,330,0,0.0,0.0,6254
10,156,330,0,0.0,0.0,6255
10,157,330,0,0.0,0.0,6256
10,158,330,0,0.0,0.0,6257
10,159,330,0,0.0,0.0,6258
10,164,330,0,0.0,0.0,6259
10,165,330,0,0.0,0.0,6260
10,169,330,0,0.0,0.0,6261
10,170,330,0,0.0,0.0,6262
10,173,330,0,0.0,0.0,6263
10,175,330,0,0.0,0.0,6264
10,176,330,0,0.0,0.0,6265
10,179,330,0,0.0,0.0,6266
10,181,330,0,0.0,0.0,6267
10,183,330,0,0.0,0.0,6268
10,184,330,0,0.0,0.0,6269
10,186,330,0,0.0,0.0,6270
10,187,330,0,0.0,0.0,6271
10,188,330,0,0.0,0.0,6272
10,191,330,0,0.0,0.0,6273
10,192,330,0,0.0,0.0,6274
10,193,330,0,0.0,0.0,6275
10,194,330,0,0.0,0.0,6276
10,196,330,0,0.0,0.0,6277
10,197,330,0,0.0,0.0,6278
10,198,330,0,0.0,0.0,6279
10,199,330,0,0.0,0.0,6280
10,200,330,0,0.0,0.0,6281
10,201,330,0,0.0,0.0,6282
10,203,330,0,0.0,0.0,6283
10,206,330,0,0.0,0.0,6284
10,208,330,0,0.0,0.0,6285
10,209,330,0,0.0,0.0,6286
10,211,330,0,0.0,0.0,6287
10,212,330,0,0.0,0.0,6288
10,213,330,0,0.0,0.0,6289
10,214,330,0,0.0,0.0,6290
10,215,330,0,0.0,0.0,6291
10,216,330,0,0.0,0.0,6292
10,219,330,0,0.0,0.0,6293
10,221,330,0,0.0,0.0,6294
10,222,330,0,0.0,0.0,6295
10,223,330,0,0.0,0.0,6296
10,225,330,0,0.0,0.0,6297
10,226,330,0,0.0,0.0,6298
10,229,330,0,0.0,0.0,6299
10,232,330,0,0.0,0.0,6300
10,233,330,0,0.0,0.0,6301
10,235,330,0,0.0,0.0,6302
10,236,330,0,0.0,0.0,6303
10,238,330,0,0.0,0.0,6304
10,239,330,0,0.0,0.0,6305
10,240,330,0,0.0,0.0,6306
10,242,330,0,0.0,0.0,6307
10,244,330,0,0.0,0.0,6308
10,245,330,0,0.0,0.0,6309
10,248,330,0,0.0,0.0,6310
10,249,330,0,0.0,0.0,6311
10,250,330,0,0.0,0.0,6312
10,251,330,0,0.0,0.0,6313
10,252,330,0,0.0,0.0,6314
10,254,330,0,0.0,0.0,6315
11,1,330,0,0.0,0.0,6316
11,2,330,0,0.0,0.0,6317
11,3,330,0,0.0,0.0,6318
11,4,330,0,0.0,0.0,6319
11,8,330,0,0.0,0.0,6320
11,9,330,0,0.0,0.0,6321
11,10,330,0,0.0,0.0,6322
11,12,330,0,0.0,0.0,6323
11,13,330,0,0.0,0.0,6324
11,15,330,0,0.0,0.0,6325
11,18,330,0,0.0,0.0,6326
11,20,330,0,0.0,0.0,6327
11,22,330,0,0.0,0.0,6328
11,25,330,0,0.0,0.0,6329
11,31,330,0,0.0,0.0,6330
11,33,330,0,0.0,0.0,6331
11,34,330,0,0.0,0.0,6332
11,35,330,0,0.0,0.0,6333
11,38,330,0,0.0,0.0,6334
11,39,330,0,0.0,0.0,6335
11,41,330,0,0.0,0.0,6336
11,42,330,0,0.0,0.0,6337
11,44,330,0,0.0,0.0,6338
11,45,330,0,0.0,0.0,6339
11,46,330,0,0.0,0.0,6340
11,49,330,0,0.0,0.0,6341
11,50,330,0,0.0,0.0,6342
11,53,330,0,0.0,0.0,6343
11,55,330,0,0.0,0.0,6344
11,59,330,0,0.0,0.0,6345
11,60,330,0,0.0,0.0,6346
11,61,330,0,0.0,0.0,6347
11,62,330,0,0.0,0.0,6348
11,63,330,0,0.0,0.0,6349
11,64,330,0,0.0,0.0,6350
11,65,330,0,0.0,0.0,6351
11,67,330,0,0.0,0.0,6352
11,68,330,0,0.0,0.0,6353
11,69,330,0,0.0,0.0,6354
11,71,330,0,0.0,0.0,6355
11,72,330,0,0.0,0.0,6356
11,73,330,0,0.0,0.0,6357
11,75,330,0,0.0,0.0,6358
11,77,330,0,0.0,0.0,6359
11,78,330,0,0.0,0.0,6360
11,79,330,0,0.0,0.0,6361
11,81,330,0,0.0,0.0,6362
11,84,330,0,0.0,0.0,6363
11,85,330,0,0.0,0.0,6364
11,87,330,0,0.0,0.0,6365
11,89,330,0,0.0,0.0,6366
11,91,330,0,0.0,0.0,6367
11,92,330,0,0.0,0.0,6368
11,93,330,0,0.0,0.0,6369
11,94,330,0,0.0,0.0,6370
11,95,330,0,0.0,0.0,6371
11,96,330,0,0.0,0.0,6372
11,98,330,0,0.0,0.0,6373
11,99,330,0,0.0,0.0,6374
11,100,330,0,0.0,0.0,6375
11,103,330,0,0.0,0.0,6376
11,105,330,0,0.0,0.0,6377
11,106,330,0,0.0,0.0,6378
11,112,330,0,0.0,0.0,6379
11,113,330,0,0.0,0.0,6380
11,116,330,0,0.0,0.0,6381
11,118,330,0,0.0,0.0,6382
11,120,330,0,0.0,0.0,6383
11,124,330,0,0.0,0.0,6384
11,127,330,0,0.0,0.0,6385
11,130,330,0,0.0,0.0,6386
11,131,330,0,0.0,0.0,6387
11,133,330,0,0.0,0.0,6388
11,134,330,0,0.0,0.0,6389
11,137,330,0,0.0,0.0,6390
11,139,330,0,0.0,0.0,6391
11,141,330,0,0.0,0.0,6392
11,143,330,0,0.0,0.0,6393
11,144,330,0,0.0,0.0,6394
11,146,330,0,0.0,0.0,6395
11,150,330,0,0.0,0.0,6396
11,151,330,0,0.0,0.0,6397
11,152,330,0,0.0,0.0,6398
11,153,330,0,0.0,0.0,6399
11,154,330,0,0.0,0.0,6400
11,155,330,0,0.0,0.0,6401
11,156,330,0,0.0,0.0,6402
11,157,330,0,0.0,0.0,6403
11,161,330,0,0.0,0.0,6404
11,162,330,0,0.0,0.0,6405
11,165,330,0,0.0,0.0,6406
11,167,330,0,0.0,0.0,6407
11,169,330,0,0.0,0.0,6408
11,171,330,0,0.0,0.0,6409
11,176,330,0,0.0,0.0,6410
11,178,330,0,0.0,0.0,6411
11,182,330,0,0.0,0.0,6412
11,187,330,0,0.0,0.0,6413
11,189,330,0,0.0,0.0,6414
11,190,330,0,0.0,0.0,6415
11,200,330,0,0.0,0.0,6416
11,201,330,0,0.0,0.0,6417
11,205,330,0,0.0,0.0,6418
11,206,330,0,0.0,0.0,6419
11,207,330,0,0.0,0.0,6420
11,208,330,0,0.0,0.0,6421
11,209,330,0,0.0,0.0,6422
11,212,330,0,0.0,0.0,6423
11,214,330,0,0.0,0.0,6424
11,215,330,0,0.0,0.0,6425
11,216,330,0,0.0,0.0,6426
11,218,330,0,0.0,0.0,6427
11,219,330,0,0.0,0.0,6428
11,221,330,0,0.0,0.0,6429
11,222,330,0,0.0,0.0,6430
11,227,330,0,0.0,0.0,6431
11,228,330,0,0.0,0.0,6432
11,229,330,0,0.0,0.0,6433
11,231,330,0,0.0,0.0,6434
11,233,330,0,0.0,0.0,6435
11,234,330,0,0.0,0.0,6436
11,235,330,0,0.0,0.0,6437
11,236,330,0,0.0,0.0,6438
11,237,330,0,0.0,0.0,6439
11,238,330,0,0.0,0.0,6440
11,240,330,0,0.0,0.0,6441
11,242,330,0,0.0,0.0,6442
11,243,330,0,0.0,0.0,6443
11,245,330,0,0.0,0.0,6444
11,246,330,0,0.0,0.0,6445
11,249,330,0,0.0,0.0,6446
11,250,330,0,0.0,0.0,6447
11,252,330,0,0.0,0.0,6448
11,253,330,0,0.0,0.0,6449
11,254,330,0,0.0,0.0,6450
12,0,330,0,0.0,0.0,6451
12,1,330,0,0.0,0.0,6452
12,2,330,0,0.0,0.0,6453
12,3,330,0,0.0,0.0,6454
12,8,330,0,0.0,0.0,6455
12,9,330,0,0.0,0.0,6456
12,10,330,0,0.0,0.0,6457
12,11,330,0,0.0,0.0,6458
12,12,330,0,0.0,0.0,6459
12,15,330,0,0.0,0.0,6460
12,16,330,0,0.0,0.0,6461
12,18,330,0,0.0,0.0,6462
12,20,330,0,0.0,0.0,6463
12,21,330,0,0.0,0.0,6464
12,22,330,0,0.0,0.0,6465
12,26,330,0,0.0,0.0,6466
12,29,330,0,0.0,0.0,6467
12,30,330,0,0.0,0.0,6468
12,32,330,0,0.0,0.0,6469
12,33,330,0,0.0,0.0,6470
12,36,330,0,0.0,0.0,6471
12,38,330,0,0.0,0.0,6472
12,41,330,0,0.0,0.0,6473
12,42,330,0,0.0,0.0,6474
12,43,330,0,0.0,0.0,6475
12,44,330,0,0.0,0.0,6476
12,46,330,0,0.0,0.0,6477
12,47,330,0,0.0,0.0,6478
12,50,330,0,0.0,0.0,6479
12,52,330,0,0.0,0.0,6480
12,54,330,0,0.0,0.0,6481
12,56,330,0,0.0,0.0,6482
12,57,330,0,0.0,0.0,6483
12,59,330,0,0.0,0.0,6484
12,60,330,0,0.0,0.0,6485
12,61,330,0,0.0,0.0,6486
12,62,330,0,0.0,0.0,6487
12,64,330,0,0.0,0.0,6488
12,65,330,0,0.0,0.0,6489
12,66,330,0,0.0,0.0,6490
12,69,330,0,0.0,0.0,6491
12,70,330,0,0.0,0.0,6492
12,71,330,0,0.0,0.0,6493
12,74,330,0,0.0,0.0,6494
12,75,330,0,0.0,0.0,6495
12,76,330,0,0.0,0.0,6496
12,78,330,0,0.0,0.0,6497
12,79,330,0,0.0,0.0,6498
12,80,330,0,0.0,0.0,6499
12,81,330,0,0.0,0.0,6500
12,84,330,0,0.0,0.0,6501
12,88,330,0,0.0,0.0,6502
12,89,330,0,0.0,0.0,6503
12,90,330,0,0.0,0.0,6504
12,91,330,0,0.0,0.0,6505
12,93,330,0,0.0,0.0,6506
12,94,330,0,0.0,0.0,6507
12,95,330,0,0.0,0.0,6508
12,96,330,0,0.0,0.0,6509
12,99,330,0,0.0,0.0,6510
12,101,330,0,0.0,0.0,6511
12,103,330,0,0.0,0.0,6512
12,105,330,0,0.0,0.0,6513
12,107,330,0,0.0,0.0,6514
12,112,330,0,0.0,0.0,6515
12,113,330,0,0.0,0.0,6516
12,116,330,0,0.0,0.0,6517
12,117,330,0,0.0,0.0,6518
12,118,330,0,0.0,0.0,6519
12,119,330,0,0.0,0.0,6520
12,120,330,0,0.0,0.0,6521
12,121,330,0,0.0,0.0,6522
12,122,330,0,0.0,0.0,6523
12,123,330,0,0.0,0.0,6524
12,124,330,0,0.0,0.0,6525
12,125,330,0,0.0,0.0,6526
12,126,330,0,0.0,0.0,6527
12,127,330,0,0.0,0.0,6528
12,130,330,0,0.0,0.0,6529
12,131,330,0,0.0,0.0,6530
12,133,330,0,0.0,0.0,6531
12,135,330,0,0.0,0.0,6532
12,137,330,0,0.0,0.0,6533
12,139,330,0,0.0,0.0,6534
12,140,330,0,0.0,0.0,6535
12,141,330,0,0.0,0.0,6536
12,143,330,0,0.0,0.0,6537
12,144,330,0,0.0,0.0,6538
12,145,330,0,0.0,0.0,6539
12,146,330,0,0.0,0.0,6540
12,147,330,0,0.0,0.0,6541
12,148,330,0,0.0,0.0,6542
12,151,330,0,0.0,0.0,6543
12,153,330,0,0.0,0.0,6544
12,155,330,0,0.0,0.0,6545
12,156,330,0,0.0,0.0,6546
12,159,330,0,0.0,0.0,6547
12,161,330,0,0.0,0.0,6548
12,162,330,0,0.0,0.0,6549
12,164,330,0,0.0,0.0,6550
12,166,330,0,0.0,0.0,6551
12,168,330,0,0.0,0.0,6552
12,170,330,0,0.0,0.0,6553
12,173,330,0,0.0,0.0,6554
12,174,330,0,0.0,0.0,6555
12,176,330,0,0.0,0.0,6556
12,177,330,0,0.0,0.0,6557
12,179,330,0,0.0,0.0,6558
12,183,330,0,0.0,0.0,6559
12,185,330,0,0.0,0.0,6560
12,186,330,0,0.0,0.0,6561
12,187,330,0,0.0,0.0,6562
12,189,330,0,0.0,0.0,6563
12,191,330,0,0.0,0.0,6564
12,193,330,0,0.0,0.0,6565
12,194,330,0,0.0,0.0,6566
12,197,330,0,0.0,0.0,6567
12,198,330,0,0.0,0.0,6568
12,200,330,0,0.0,0.0,6569
12,201,330,0,0.0,0.0,6570
12,202,330,0,0.0,0.0,6571
12,203,330,0,0.0,0.0,6572
12,204,330,0,0.0,0.0,6573
12,206,330,0,0.0,0.0,6574
12,207,330,0,0.0,0.0,6575
12,210,330,0,0.0,0.0,6576
12,211,330,0,0.0,0.0,6577
12,213,330,0,0.0,0.0,6578
12,214,330,0,0.0,0.0,6579
12,215,330,0,0.0,0.0,6580
12,216,330,0,0.0,0.0,6581
12,219,330,0,0.0,0.0,6582
12,222,330,0,0.0,0.0,6583
12,223,330,0,0.0,0.0,6584
12,225,330,0,0.0,0.0,6585
12,229,330,0,0.0,0.0,6586
12,230,330,0,0.0,0.0,6587
12,234,330,0,0.0,0.0,6588
12,235,330,0,0.0,0.0,6589
12,239,330,0,0.0,0.0,6590
12,240,330,0,0.0,0.0,6591
12,241,330,0,0.0,0.0,6592
12,243,330,0,0.0,0.0,6593
12,244,330,0,0.0,0.0,6594
12,245,330,0,0.0,0.0,6595
12,247,330,0,0.0,0.0,6596
12,248,330,0,0.0,0.0,6597
12,251,330,0,0.0,0.0,6598
12,254,330,0,0.0,0.0,6599
12,255,330,0,0.0,0.0,6600
13,0,330,0,0.0,0.0,6601
13,2,330,0,0.0,0.0,6602
13,3,330,0,0.0,0.0,6603
13,5,330,0,0.0,0.0,6604
13,7,330,0,0.0,0.0,6605
13,10,330,0,0.0,0.0,6606
13,11,330,0,0.0,0.0,6607
13,14,330,0,0.0,0.0,6608
13,18,330,0,0.0,0.0,6609
13,19,330,0,0.0,0.0,6610
13,20,330,0,0.0,0.0,6611
13,22,330,0,0.0,0.0,6612
13,23,330,0,0.0,0.0,6613
13,24,330,0,0.0,0.0,6614
13,29,330,0,0.0,0.0,6615
13,30,330,0,0.0,0.0,6616
13,32,330,0,0.0,0.0,6617
13,33,330,0,0.0,0.0,6618
13,34,330,0,0.0,0.0,6619
13,35,330,0,0.0,0.0,6620
13,36,330,0,0.0,0.0,6621
13,40,330,0,0.0,0.0,6622
13,41,330,0,0.0,0.0,6623
13,42,330,0,0.0,0.0,6624
13,44,330,0,0.0,0.0,6625
13,45,330,0,0.0,0.0,6626
13,47,330,0,0.0,0.0,6627
13,48,330,0,0.0,0.0,6628
13,52,330,0,0.0,0.0,6629
13,54,330,0,0.0,0.0,6630
13,56,330,0,0.0,0.0,6631
13,58,330,0,0.0,0.0,6632
13,59,330,0,0.0,0.0,6633
13,60,330,0,0.0,0.0,6634
13,61,330,0,0.0,0.0,6635
13,62,330,0,0.0,0.0,6636
13,64,330,0,0.0,0.0,6637
13,66,330,0,0.0,0.0,6638
13,67,330,0,0.0,0.0,6639
13,68,330,0,0.0,0.0,6640
13,69,330,0,0.0,0.0,6641
13,70,330,0,0.0,0.0,6642
13,72,330,0,0.0,0.0,6643
13,74,330,0,0.0,0.0,6644
13,75,330,0,0.0,0.0,6645
13,76,330,0,0.0,0.0,6646
13,78,330,0,0.0,0.0,6647
13,80,330,0,0.0,0.0,6648
13,81,330,0,0.0,0.0,6649
13,84,330,0,0.0,0.0,6650
13,86,330,0,0.0,0.0,6651
13,89,330,0,0.0,0.0,6652
13,91,330,0,0.0,0.0,6653
13,96,330,0,0.0,0.0,6654
13,98,330,0,0.0,0.0,6655
13,99,330,0,0.0,0.0,6656
13,100,330,0,0.0,0.0,6657
13,101,330,0,0.0,0.0,6658
13,102,330,0,0.0,0.0,6659
13,105,330,0,0.0,0.0,6660
13,106,330,0,0.0,0.0,6661
13,109,330,0,0.0,0.0,6662
13,110,330,0,0.0,0.0,6663
13,111,330,0,0.0,0.0,6664
13,112,330,0,0.0,0.0,6665
13,113,330,0,0.0,0.0,6666
13,114,330,0,0.0,0.0,6667
13,115,330,0,0.0,0.0,6668
13,116,330,0,0.0,0.0,6669
13,118,330,0,0.0,0.0,6670
13,122,330,0,0.0,0.0,6671
13,124,330,0,0.0,0.0,6672
13,125,330,0,0.0,0.0,6673
13,126,330,0,0.0,0.0,6674
13,127,330,0,0.0,0.0,6675
13,128,330,0,0.0,0.0,6676
13,129,330,0,0.0,0.0,6677
13,130,330,0,0.0,0.0,6678
13,132,330,0,0.0,0.0,6679
13,134,330,0,0.0,0.0,6680
13,135,330,0,0.0,0.0,6681
13,136,330,0,0.0,0.0,6682
13,137,330,0,0.0,0.0,6683
13,141,330,0,0.0,0.0,6684
13,145,330,0,0.0,0.0,6685
13,147,330,0,0.0,0.0,6686
13,148,330,0,0.0,0.0,6687
13,152,330,0,0.0,0.0,6688
13,153,330,0,0.0,0.0,6689
13,154,330,0,0.0,0.0,6690
13,156,330,0,0.0,0.0,6691
13,157,330,0,0.0,0.0,6692
13,158,330,0,0.0,0.0,6693
13,159,330,0,0.0,0.0,6694
13,160,330,0,0.0,0.0,6695
13,162,330,0,0.0,0.0,6696
13,163,330,0,0.0,0.0,6697
13,165,330,0,0.0,0.0,6698
13,168,330,0,0.0,0.0,6699
13,169,330,0,0.0,0.0,6700
13,170,330,0,0.0,0.0,6701
13,174,330,0,0.0,0.0,6702
13,175,330,0,0.0,0.0,6703
13,176,330,0,0.0,0.0,6704
13,180,330,0,0.0,0.0,6705
13,181,330,0,0.0,0.0,6706
13,182,330,0,0.0,0.0,6707
13,183,330,0,0.0,0.0,6708
13,184,330,0,0.0,0.0,6709
13,185,330,0,0.0,0.0,6710
13,186,330,0,0.0,0.0,6711
13,193,330,0,0.0,0.0,6712
13,195,330,0,0.0,0.0,6713
13,196,330,0,0.0,0.0,6714
13,201,330,0,0.0,0.0,6715
13,202,330,0,0.0,0.0,6716
13,204,330,0,0.0,0.0,6717
13,205,330,0,0.0,0.0,6718
13,206,330,0,0.0,0.0,6719
13,208,330,0,0.0,0.0,6720
13,213,330,0,0.0,0.0,6721
13,214,330,0,0.0,0.0,6722
13,216,330,0,0.0,0.0,6723
13,217,330,0,0.0,0.0,6724
13,218,330,0,0.0,0.0,6725
13,221,330,0,0.0,0.0,6726
13,223,330,0,0.0,0.0,6727
13,224,330,0,0.0,0.0,6728
13,227,330,0,0.0,0.0,6729
13,228,330,0,0.0,0.0,6730
13,229,330,0,0.0,0.0,6731
13,230,330,0,0.0,0.0,6732
13,232,330,0,0.0,0.0,6733
13,234,330,0,0.0,0.0,6734
13,237,330,0,0.0,0.0,6735
13,238,330,0,0.0,0.0,6736
13,239,330,0,0.0,0.0,6737
13,240,330,0,0.0,0.0,6738
13,241,330,0,0.0,0.0,6739
13,243,330,0,0.0,0.0,6740
13,245,330,0,0.0,0.0,6741
13,246,330,0,0.0,0.0,6742
13,247,330,0,0.0,0.0,6743
13,248,330,0,0.0,0.0,6744
13,249,330,0,0.0,0.0,6745
13,250,330,0,0.0,0.0,6746
13,251,330,0,0.0,0.0,6747
13,253,330,0,0.0,0.0,6748
13,254,330,0,0.0,0.0,6749
13,255,330,0,0.0,0.0,6750
14,0,330,0,0.0,0.0,6751
14,5,330,0,0.0,0.0,6752
14,7,330,0,0.0,0.0,6753
14,9,330,0,0.0,0.0,6754
14,10,330,0,0.0,0.0,6755
14,14,330,0,0.0,0.0,6756
14,15,330,0,0.0,0.0,6757
14,19,330,0,0.0,0.0,6758
14,22,330,0,0.0,0.0,6759
14,23,330,0,0.0,0.0,6760
14,24,330,0,0.0,0.0,6761
14,25,330,0,0.0,0.0,6762
14,27,330,0,0.0,0.0,6763
14,28,330,0,0.0,0.0,6764
14,29,330,0,0.0,0.0,6765
14,30,330,0,0.0,0.0,6766
14,31,330,0,0.0,0.0,6767
14,34,330,0,0.0,0.0,6768
14,35,330,0,0.0,0.0,6769
14,37,330,0,0.0,0.0,6770
14,39,330,0,0.0,0.0,6771
14,40,330,0,0.0,0.0,6772
14,43,330,0,0.0,0.0,6773
14,44,330,0,0.0,0.0,6774
14,46,330,0,0.0,0.0,6775
14,47,330,0,0.0,0.0,6776
14,50,330,0,0.0,0.0,6777
14,53,330,0,0.0,0.0,6778
14,55,330,0,0.0,0.0,6779
14,56,330,0,0.0,0.0,6780
14,57,330,0,0.0,0.0,6781
14,58,330,0,0.0,0.0,6782
14,59,330,0,0.0,0.0,6783
14,60,330,0,0.0,0.0,6784
14,62,330,0,0.0,0.0,6785
14,65,330,0,0.0,0.0,6786
14,66,330,0,0.0,0.0,6787
14,67,330,0,0.0,0.0,6788
14,68,330,0,0.0,0.0,6789
14,70,330,0,0.0,0.0,6790
14,71,330,0,0.0,0.0,6791
14,72,330,0,0.0,0.0,6792
14,73,330,0,0.0,0.0,6793
14,74,330,0,0.0,0.0,6794
14,76,330,0,0.0,0.0,6795
14,78,330,0,0.0,0.0,6796
14,84,330,0,0.0,0.0,6797
14,85,330,0,0.0,0.0,6798
14,86,330,0,0.0,0.0,6799
14,87,330,0,0.0,0.0,6800
14,89,330,0,0.0,0.0,6801
14,90,330,0,0.0,0.0,6802
14,92,330,0,0.0,0.0,6803
14,94,330,0,0.0,0.0,6804
14,96,330,0,0.0,0.0,6805
14,98,330,0,0.0,0.0,6806
14,99,330,0,0.0,0.0,6807
14,100,330,0,0.0,0.0,6808
14,102,330,0,0.0,0.0,6809
14,103,330,0,0.0,0.0,6810
14,104,330,0,0.0,0.0,6811
14,105,330,0,0.0,0.0,6812
14,108,330,0,0.0,0.0,6813
14,109,330,0,0.0,0.0,6814
14,111,330,0,0.0,0.0,6815
14,113,330,0,0.0,0.0,6816
14,114,330,0,0.0,0.0,6817
14,115,330,0,0.0,0.0,6818
14,116,330,0,0.0,0.0,6819
14,117,330,0,0.0,0.0,6820
14,118,330,0,0.0,0.0,6821
14,119,330,0,0.0,0.0,6822
14,122,330,0,0.0,0.0,6823
14,124,330,0,0.0,0.0,6824
14,126,330,0,0.0,0.0,6825
14,127,330,0,0.0,0.0,6826
14,128,330,0,0.0,0.0,6827
14,129,330,0,0.0,0.0,6828
14,132,330,0,0.0,0.0,6829
14,135,330,0,0.0,0.0,6830
14,136,330,0,0.0,0.0,6831
14,137,330,0,0.0,0.0,6832
14,138,330,0,0.0,0.0,6833
14,139,330,0,0.0,0.0,6834
14,141,330,0,0.0,0.0,6835
14,145,330,0,0.0,0.0,6836
14,146,330,0,0.0,0.0,6837
14,147,330,0,0.0,0.0,6838
14,148,330,0,0.0,0.0,6839
14,150,330,0,0.0,0.0,6840
14,151,330,0,0.0,0.0,6841
14,152,330,0,0.0,0.0,6842
14,153,330,0,0.0,0.0,6843
14,154,330,0,0.0,0.0,6844
14,155,330,0,0.0,0.0,6845
14,156,330,0,0.0,0.0,6846
14,157,330,0,0.0,0.0,6847
14,159,330,0,0.0,0.0,6848
14,160,330,0,0.0,0.0,6849
14,161,330,0,0.0,0.0,6850
14,162,330,0,0.0,0.0,6851
14,163,330,0,0.0,0.0,6852
14,165,330,0,0.0,0.0,6853
14,166,330,0,0.0,0.0,6854
14,168,330,0,0.0,0.0,6855
14,169,330,0,0.0,0.0,6856
14,170,330,0,0.0,0.0,6857
14,172,330,0,0.0,0.0,6858
14,173,330,0,0.0,0.0,6859
14,174,330,0,0.0,0.0,6860
14,175,330,0,0.0,0.0,6861
14,176,330,0,0.0,0.0,6862
14,178,330,0,0.0,0.0,6863
14,179,330,0,0.0,0.0,6864
14,180,330,0,0.0,0.0,6865
14,181,330,0,0.0,0.0,6866
14,182,330,0,0.0,0.0,6867
14,185,330,0,0.0,0.0,6868
14,187,330,0,0.0,0.0,6869
14,189,330,0,0.0,0.0,6870
14,190,330,0,0.0,0.0,6871
14,192,330,0,0.0,0.0,6872
14,193,330,0,0.0,0.0,6873
14,194,330,0,0.0,0.0,6874
14,196,330,0,0.0,0.0,6875
14,199,330,0,0.0,0.0,6876
14,200,330,0,0.0,0.0,6877
14,201,330,0,0.0,0.0,6878
14,204,330,0,0.0,0.0,6879
14,205,330,0,0.0,0.0,6880
14,206,330,0,0.0,0.0,6881
14,207,330,0,0.0,0.0,6882
14,208,330,0,0.0,0.0,6883
14,209,330,0,0.0,0.0,6884
14,210,330,0,0.0,0.0,6885
14,211,330,0,0.0,0.0,6886
14,212,330,0,0.0,0.0,6887
14,213,330,0,0.0,0.0,6888
14,214,330,0,0.0,0.0,6889
14,215,330,0,0.0,0.0,6890
14,216,330,0,0.0,0.0,6891
14,218,330,0,0.0,0.0,6892
14,219,330,0,0.0,0.0,6893
14,222,330,0,0.0,0.0,6894
14,224,330,0,0.0,0.0,6895
14,225,330,0,0.0,0.0,6896
14,232,330,0,0.0,0.0,6897
14,233,330,0,0.0,0.0,6898
14,237,330,0,0.0,0.0,6899
14,239,330,0,0.0,0.0,6900
14,240,330,0,0.0,0.0,6901
14,241,330,0,0.0,0.0,6902
14,242,330,0,0.0,0.0,6903
14,244,330,0,0.0,0.0,6904
14,245,330,0,0.0,0.0,6905
14,249,330,0,0.0,0.0,6906
14,252,330,0,0.0,0.0,6907
14,253,330,0,0.0,0.0,6908
14,255,330,0,0.0,0.0,6909
15,0,330,0,0.0,0.0,6910
15,1,330,0,0.0,0.0,6911
15,2,330,0,0.0,0.0,6912
15,3,330,0,0.0,0.0,6913
15,5,330,0,0.0,0.0,6914
15,6,330,0,0.0,0.0,6915
15,7,330,0,0.0,0.0,6916
15,8,330,0,0.0,0.0,6917
15,9,330,0,0.0,0.0,6918
15,10,330,0,0.0,0.0,6919
15,13,330,0,0.0,0.0,6920
15,14,330,0,0.0,0.0,6921
15,15,330,0,0.0,0.0,6922
15,19,330,0,0.0,0.0,6923
15,21,330,0,0.0,0.0,6924
15,22,330,0,0.0,0.0,6925
15,24,330,0,0.0,0.0,6926
15,26,330,0,0.0,0.0,6927
15,27,330,0,0.0,0.0,6928
15,31,330,0,0.0,0.0,6929
15,32,330,0,0.0,0.0,6930
15,33,330,0,0.0,0.0,6931
15,34,330,0,0.0,0.0,6932
15,35,330,0,0.0,0.0,6933
15,36,330,0,0.0,0.0,6934
15,38,330,0,0.0,0.0,6935
15,39,330,0,0.0,0.0,6936
15,40,330,0,0.0,0.0,6937
15,42,330,0,0.0,0.0,6938
15,43,330,0,0.0,0.0,6939
15,45,330,0,0.0,0.0,6940
15,46,330,0,0.0,0.0,6941
15,47,330,0,0.0,0.0,6942
15,48,330,0,0.0,0.0,6943
15,49,330,0,0.0,0.0,6944
15,51,330,0,0.0,0.0,6945
15,52,330,0,0.0,0.0,6946
15,53,330,0,0.0,0.0,6947
15,54,330,0,0.0,0.0,6948
15,55,330,0,0.0,0.0,6949
15,58,330,0,0.0,0.0,6950
15,59,330,0,0.0,0.0,6951
15,61,330,0,0.0,0.0,6952
15,62,330,0,0.0,0.0,6953
15,63,330,0,0.0,0.0,6954
15,64,330,0,0.0,0.0,6955
15,65,330,0,0.0,0.0,6956
15,66,330,0,0.0,0.0,6957
15,67,330,0,0.0,0.0,6958
15,68,330,0,0.0,0.0,6959
15,70,330,0,0.0,0.0,6960
15,72,330,0,0.0,0.0,6961
15,75,330,0,0.0,0.0,6962
15,77,330,0,0.0,0.0,6963
15,78,330,0,0.0,0.0,6964
15,79,330,0,0.0,0.0,6965
15,80,330,0,0.0,0.0,6966
15,85,330,0,0.0,0.0,6967
15,86,330,0,0.0,0.0,6968
15,88,330,0,0.0,0.0,6969
15,93,330,0,0.0,0.0,6970
15,96,330,0,0.0,0.0,6971
15,99,330,0,0.0,0.0,6972
15,100,330,0,0.0,0.0,6973
15,101,330,0,0.0,0.0,6974
15,102,330,0,0.0,0.0,6975
15,103,330,0,0.0,0.0,6976
15,104,330,0,0.0,0.0,6977
15,107,330,0,0.0,0.0,6978
15,109,330,0,0.0,0.0,6979
15,110,330,0,0.0,0.0,6980
15,111,330,0,0.0,0.0,6981
15,114,330,0,0.0,0.0,6982
15,115,330,0,0.0,0.0,6983
15,118,330,0,0.0,0.0,6984
15,119,330,0,0.0,0.0,6985
15,120,330,0,0.0,0.0,6986
15,121,330,0,0.0,0.0,6987
15,126,330,0,0.0,0.0,6988
15,128,330,0,0.0,0.0,6989
15,129,330,0,0.0,0.0,6990
15,132,330,0,0.0,0.0,6991
15,133,330,0,0.0,0.0,6992
15,139,330,0,0.0,0.0,6993
15,140,330,0,0.0,0.0,6994
15,141,330,0,0.0,0.0,6995
15,142,330,0,0.0,0.0,6996
15,143,330,0,0.0,0.0,6997
15,144,330,0,0.0,0.0,6998
15,146,330,0,0.0,0.0,6999
15,148,330,0,0.0,0.0,7000
15,151,330,0,0.0,0.0,7001
15,154,330,0,0.0,0.0,7002
15,155,330,0,0.0,0.0,7003
15,156,330,0,0.0,0.0,7004
15,158,330,0,0.0,0.0,7005
15,160,330,0,0.0,0.0,7006
15,161,330,0,0.0,0.0,7007
15,162,330,0,0.0,0.0,7008
15,164,330,0,0.0,0.0,7009
15,165,330,0,0.0,0.0,7010
15,166,330,0,0.0,0.0,7011
15,168,330,0,0.0,0.0,7012
15,169,330,0,0.0,0.0,7013
15,170,330,0,0.0,0.0,7014
15,171,330,0,0.0,0.0,7015
15,174,330,0,0.0,0.0,7016
15,176,330,0,0.0,0.0,7017
15,177,330,0,0.0,0.0,7018
15,178,330,0,0.0,0.0,7019
15,180,330,0,0.0,0.0,7020
15,181,330,0,0.0,0.0,7021
15,182,330,0,0.0,0.0,7022
15,186,330,0,0.0,0.0,7023
15,187,330,0,0.0,0.0,7024
15,188,330,0,0.0,0.0,7025
15,189,330,0,0.0,0.0,7026
15,190,330,0,0.0,0.0,7027
15,191,330,0,0.0,0.0,7028
15,192,330,0,0.0,0.0,7029
15,193,330,0,0.0,0.0,7030
15,195,330,0,0.0,0.0,7031
15,199,330,0,0.0,0.0,7032
15,203,330,0,0.0,0.0,7033
15,204,330,0,0.0,0.0,7034
15,205,330,0,0.0,0.0,7035
15,209,330,0,0.0,0.0,7036
15,210,330,0,0.0,0.0,7037
15,211,330,0,0.0,0.0,7038
15,213,330,0,0.0,0.0,7039
15,214,330,0,0.0,0.0,7040
15,215,330,0,0.0,0.0,7041
15,216,330,0,0.0,0.0,7042
15,218,330,0,0.0,0.0,7043
15,223,330,0,0.0,0.0,7044
15,224,330,0,0.0,0.0,7045
15,225,330,0,0.0,0.0,7046
15,226,330,0,0.0,0.0,7047
15,228,330,0,0.0,0.0,7048
15,229,330,0,0.0,0.0,7049
15,232,330,0,0.0,0.0,7050
15,234,330,0,0.0,0.0,7051
15,239,330,0,0.0,0.0,7052
15,240,330,0,0.0,0.0,7053
15,241,330,0,0.0,0.0,7054
15,242,330,0,0.0,0.0,7055
15,246,330,0,0.0,0.0,7056
15,249,330,0,0.0,0.0,7057
15,250,330,0,0.0,0.0,7058
15,252,330,0,0.0,0.0,7059
15,254,330,0,0.0,0.0,7060
15,255,330,0,0.0,0.0,7061
16,0,330,0,0.0,0.0,7062
16,1,330,0,0.0,0.0,7063
16,2,330,0,0.0,0.0,7064
16,5,330,0,0.0,0.0,7065
16,8,330,0,0.0,0.0,7066
16,9,330,0,0.0,0.0,7067
16,11,330,0,0.0,0.0,7068
16,12,330,0,0.0,0.0,7069
16,13,330,0,0.0,0.0,7070
16,14,330,0,0.0,0.0,7071
16,16,330,0,0.0,0.0,7072
16,18,330,0,0.0,0.0,7073
16,19,330,0,0.0,0.0,7074
16,21,330,0,0.0,0.0,7075
16,22,330,0,0.0,0.0,7076
16,23,330,0,0.0,0.0,7077
16,24,330,0,0.0,0.0,7078
16,25,330,0,0.0,0.0,7079
16,26,330,0,0.0,0.0,7080
16,32,330,0,0.0,0.0,7081
16,34,330,0,0.0,0.0,7082
16,38,330,0,0.0,0.0,7083
16,39,330,0,0.0,0.0,7084
16,41,330,0,0.0,0.0,7085
16,42,330,0,0.0,0.0,7086
16,44,330,0,0.0,0.0,7087
16,45,330,0,0.0,0.0,7088
16,48,330,0,0.0,0.0,7089
16,49,330,0,0.0,0.0,7090
16,50,330,0,0.0,0.0,7091
16,54,330,0,0.0,0.0,7092
16,55,330,0,0.0,0.0,7093
16,56,330,0,0.0,0.0,7094
16,57,330,0,0.0,0.0,7095
16,58,330,0,0.0,0.0,7096
16,59,330,0,0.0,0.0,7097
16,61,330,0,0.0,0.0,7098
16,62,330,0,0.0,0.0,7099
16,63,330,0,0.0,0.0,7100
16,65,330,0,0.0,0.0,7101
16,66,330,0,0.0,0.0,7102
16,67,330,0,0.0,0.0,7103
16,68,330,0,0.0,0.0,7104
16,70,330,0,0.0,0.0,7105
16,71,330,0,0.0,0.0,7106
16,72,330,0,0.0,0.0,7107
16,73,330,0,0.0,0.0,7108
16,74,330,0,0.0,0.0,7109
16,76,330,0,0.0,0.0,7110
16,77,330,0,0.0,0.0,7111
16,78,330,0,0.0,0.0,7112
16,79,330,0,0.0,0.0,7113
16,80,330,0,0.0,0.0,7114
16,83,330,0,0.0,0.0,7115
16,84,330,0,0.0,0.0,7116
16,85,330,0,0.0,0.0,7117
16,86,330,0,0.0,0.0,7118
16,87,330,0,0.0,0.0,7119
16,88,330,0,0.0,0.0,7120
16,89,330,0,0.0,0.0,7121
16,90,330,0,0.0,0.0,7122
16,93,330,0,0.0,0.0,7123
16,100,330,0,0.0,0.0,7124
16,101,330,0,0.0,0.0,7125
16,102,330,0,0.0,0.0,7126
16,103,330,0,0.0,0.0,7127
16,105,330,0,0.0,0.0,7128
16,106,330,0,0.0,0.0,7129
16,107,330,0,0.0,0.0,7130
16,112,330,0,0.0,0.0,7131
16,116,330,0,0.0,0.0,7132
16,119,330,0,0.0,0.0,7133
16,122,330,0,0.0,0.0,7134
16,124,330,0,0.0,0.0,7135
16,125,330,0,0.0,0.0,7136
16,126,330,0,0.0,0.0,7137
16,128,330,0,0.0,0.0,7138
16,131,330,0,0.0,0.0,7139
16,132,330,0,0.0,0.0,7140
16,135,330,0,0.0,0.0,7141
16,138,330,0,0.0,0.0,7142
16,139,330,0,0.0,0.0,7143
16,142,330,0,0.0,0.0,7144
16,143,330,0,0.0,0.0,7145
16,144,330,0,0.0,0.0,7146
16,145,330,0,0.0,0.0,7147
16,146,330,0,0.0,0.0,7148
16,147,330,0,0.0,0.0,7149
16,148,330,0,0.0,0.0,7150
16,151,330,0,0.0,0.0,7151
16,153,330,0,0.0,0.0,7152
16,154,330,0,0.0,0.0,7153
16,156,330,0,0.0,0.0,7154
16,157,330,0,0.0,0.0,7155
16,160,330,0,0.0,0.0,7156
16,164,330,0,0.0,0.0,7157
16,166,330,0,0.0,0.0,7158
16,167,330,0,0.0,0.0,7159
16,168,330,0,0.0,0.0,7160
16,171,330,0,0.0,0.0,7161
16,172,330,0,0.0,0.0,7162
16,173,330,0,0.0,0.0,7163
16,174,330,0,0.0,0.0,7164
16,175,330,0,0.0,0.0,7165
16,177,330,0,0.0,0.0,7166
16,178,330,0,0.0,0.0,7167
16,179,330,0,0.0,0.0,7168
16,180,330,0,0.0,0.0,7169
16,183,330,0,0.0,0.0,7170
16,184,330,0,0.0,0.0,7171
16,186,330,0,0.0,0.0,7172
16,187,330,0,0.0,0.0,7173
16,188,330,0,0.0,0.0,7174
16,190,330,0,0.0,0.0,7175
16,191,330,0,0.0,0.0,7176
16,192,330,0,0.0,0.0,7177
16,193,330,0,0.0,0.0,7178
16,194,330,0,0.0,0.0,7179
16,195,330,0,0.0,0.0,7180
16,197,330,0,0.0,0.0,7181
16,198,330,0,0.0,0.0,7182
16,199,330,0,0.0,0.0,7183
16,200,330,0,0.0,0.0,7184
16,203,330,0,0.0,0.0,7185
16,205,330,0,0.0,0.0,7186
16,206,330,0,0.0,0.0,7187
16,207,330,0,0.0,0.0,7188
16,208,330,0,0.0,0.0,7189
16,210,330,0,0.0,0.0,7190
16,212,330,0,0.0,0.0,7191
16,214,330,0,0.0,0.0,7192
16,215,330,0,0.0,0.0,7193
16,216,330,0,0.0,0.0,7194
16,217,330,0,0.0,0.0,7195
16,218,330,0,0.0,0.0,7196
16,219,330,0,0.0,0.0,7197
16,220,330,0,0.0,0.0,7198
16,223,330,0,0.0,0.0,7199
16,224,330,0,0.0,0.0,7200
16,225,330,0,0.0,0.0,7201
16,227,330,0,0.0,0.0,7202
16,228,330,0,0.0,0.0,7203
16,230,330,0,0.0,0.0,7204
16,231,330,0,0.0,0.0,7205
16,232,330,0,0.0,0.0,7206
16,233,330,0,0.0,0.0,7207
16,234,330,0,0.0,0.0,7208
16,235,330,0,0.0,0.0,7209
16,236,330,0,0.0,0.0,7210
16,237,330,0,0.0,0.0,7211
16,238,330,0,0.0,0.0,7212
16,243,330,0,0.0,0.0,7213
16,245,330,0,0.0,0.0,7214
16,246,330,0,0.0,0.0,7215
16,247,330,0,0.0,0.0,7216
16,248,330,0,0.0,0.0,7217
16,250,330,0,0.0,0.0,7218
16,252,330,0,0.0,0.0,7219
16,254,330,0,0.0,0.0,7220
17,2,330,0,0.0,0.0,7221
17,3,330,0,0.0,0.0,7222
17,4,330,0,0.0,0.0,7223
17,5,330,0,0.0,0.0,7224
17,6,330,0,0.0,0.0,7225
17,8,330,0,0.0,0.0,7226
17,9,330,0,0.0,0.0,7227
17,10,330,0,0.0,0.0,7228
17,12,330,0,0.0,0.0,7229
17,16,330,0,0.0,0.0,7230
17,18,330,0,0.0,0.0,7231
17,19,330,0,0.0,0.0,7232
17,21,330,0,0.0,0.0,7233
17,22,330,0,0.0,0.0,7234
17,24,330,0,0.0,0.0,7235
17,28,330,0,0.0,0.0,7236
17,29,330,0,0.0,0.0,7237
17,30,330,0,0.0,0.0,7238
17,31,330,0,0.0,0.0,7239
17,32,330,0,0.0,0.0,7240
17,34,330,0,0.0,0.0,7241
17,35,330,0,0.0,0.0,7242
17,36,330,0,0.0,0.0,7243
17,37,330,0,0.0,0.0,7244
17,40,330,0,0.0,0.0,7245
17,41,330,0,0.0,0.0,7246
17,43,330,0,0.0,0.0,7247
17,44,330,0,0.0,0.0,7248
17,45,330,0,0.0,0.0,7249
17,46,330,0,0.0,0.0,7250
17,47,330,0,0.0,0.0,7251
17,49,330,0,0.0,0.0,7252
17,50,330,0,0.0,0.0,7253
17,52,330,0,0.0,0.0,7254
17,53,330,0,0.0,0.0,7255
17,54,330,0,0.0,0.0,7256
17,55,330,0,0.0,0.0,7257
17,58,330,0,0.0,0.0,7258
17,60,330,0,0.0,0.0,7259
17,64,330,0,0.0,0.0,7260
17,65,330,0,0.0,0.0,7261
17,67,330,0,0.0,0.0,7262
17,68,330,0,0.0,0.0,7263
17,70,330,0,0.0,0.0,7264
17,72,330,0,0.0,0.0,7265
17,73,330,0,0.0,0.0,7266
17,74,330,0,0.0,0.0,7267
17,75,330,0,0.0,0.0,7268
17,76,330,0,0.0,0.0,7269
17,77,330,0,0.0,0.0,7270
17,78,330,0,0.0,0.0,7271
17,79,330,0,0.0,0.0,7272
17,80,330,0,0.0,0.0,7273
17,82,330,0,0.0,0.0,7274
17,86,330,0,0.0,0.0,7275
17,89,330,0,0.0,0.0,7276
17,90,330,0,0.0,0.0,7277
17,91,330,0,0.0,0.0,7278
17,92,330,0,0.0,0.0,7279
17,93,330,0,0.0,0.0,7280
17,94,330,0,0.0,0.0,7281
17,99,330,0,0.0,0.0,7282
17,100,330,0,0.0,0.0,7283
17,101,330,0,0.0,0.0,7284
17,102,330,0,0.0,0.0,7285
17,105,330,0,0.0,0.0,7286
17,107,330,0,0.0,0.0,7287
17,109,330,0,0.0,0.0,7288
17,113,330,0,0.0,0.0,7289
17,114,330,0,0.0,0.0,7290
17,118,330,0,0.0,0.0,7291
17,119,330,0,0.0,0.0,7292
17,120,330,0,0.0,0.0,7293
17,121,330,0,0.0,0.0,7294
17,123,330,0,0.0,0.0,7295
17,124,330,0,0.0,0.0,7296
17,125,330,0,0.0,0.0,7297
17,126,330,0,0.0,0.0,7298
17,128,330,0,0.0,0.0,7299
17,129,330,0,0.0,0.0,7300
17,130,330,0,0.0,0.0,7301
17,131,330,0,0.0,0.0,7302
17,132,330,0,0.0,0.0,7303
17,133,330,0,0.0,0.0,7304
17,135,330,0,0.0,0.0,7305
17,137,330,0,0.0,0.0,7306
17,140,330,0,0.0,0.0,7307
17,141,330,0,0.0,0.0,7308
17,144,330,0,0.0,0.0,7309
17,145,330,0,0.0,0.0,7310
17,148,330,0,0.0,0.0,7311
17,149,330,0,0.0,0.0,7312
17,150,330,0,0.0,0.0,7313
17,155,330,0,0.0,0.0,7314
17,157,330,0,0.0,0.0,7315
17,158,330,0,0.0,0.0,7316
17,159,330,0,0.0,0.0,7317
17,160,330,0,0.0,0.0,7318
17,161,330,0,0.0,0.0,7319
17,162,330,0,0.0,0.0,7320
17,166,330,0,0.0,0.0,7321
17,168,330,0,0.0,0.0,7322
17,169,330,0,0.0,0.0,7323
17,170,330,0,0.0,0.0,7324
17,171,330,0,0.0,0.0,7325
17,175,330,0,0.0,0.0,7326
17,177,330,0,0.0,0.0,7327
17,179,330,0,0.0,0.0,7328
17,180,330,0,0.0,0.0,7329
17,181,330,0,0.0,0.0,7330
17,183,330,0,0.0,0.0,7331
17,184,330,0,0.0,0.0,7332
17,185,330,0,0.0,0.0,7333
17,186,330,0,0.0,0.0,7334
17,188,330,0,0.0,0.0,7335
17,189,330,0,0.0,0.0,7336
17,190,330,0,0.0,0.0,7337
17,191,330,0,0.0,0.0,7338
17,192,330,0,0.0,0.0,7339
17,193,330,0,0.0,0.0,7340
17,194,330,0,0.0,0.0,7341
17,195,330,0,0.0,0.0,7342
17,196,330,0,0.0,0.0,7343
17,197,330,0,0.0,0.0,7344
17,198,330,0,0.0,0.0,7345
17,199,330,0,0.0,0.0,7346
17,200,330,0,0.0,0.0,7347
17,201,330,0,0.0,0.0,7348
17,202,330,0,0.0,0.0,7349
17,209,330,0,0.0,0.0,7350
17,210,330,0,0.0,0.0,7351
17,212,330,0,0.0,0.0,7352
17,213,330,0,0.0,0.0,7353
17,214,330,0,0.0,0.0,7354
17,218,330,0,0.0,0.0,7355
17,219,330,0,0.0,0.0,7356
17,221,330,0,0.0,0.0,7357
17,222,330,0,0.0,0.0,7358
17,224,330,0,0.0,0.0,7359
17,225,330,0,0.0,0.0,7360
17,227,330,0,0.0,0.0,7361
17,228,330,0,0.0,0.0,7362
17,230,330,0,0.0,0.0,7363
17,231,330,0,0.0,0.0,7364
17,232,330,0,0.0,0.0,7365
17,233,330,0,0.0,0.0,7366
17,234,330,0,0.0,0.0,7367
17,235,330,0,0.0,0.0,7368
17,236,330,0,0.0,0.0,7369
17,237,330,0,0.0,0.0,7370
17,238,330,0,0.0,0.0,7371
17,239,330,0,0.0,0.0,7372
17,243,330,0,0.0,0.0,7373
17,244,330,0,0.0,0.0,7374
17,247,330,0,0.0,0.0,7375
17,253,330,0,0.0,0.0,7376
17,254,330,0,0.0,0.0,7377
17,255,330,0,0.0,0.0,7378
18,6,330,0,0.0,0.0,7379
18,7,330,0,0.0,0.0,7380
18,8,330,0,0.0,0.0,7381
18,9,330,0,0.0,0.0,7382
18,10,330,0,0.0,0.0,7383
18,15,330,0,0.0,0.0,7384
18,17,330,0,0.0,0.0,7385
18,21,330,0,0.0,0.0,7386
18,24,330,0,0.0,0.0,7387
18,27,330,0,0.0,0.0,7388
18,28,330,0,0.0,0.0,7389
18,29,330,0,0.0,0.0,7390
18,30,330,0,0.0,0.0,7391
18,31,330,0,0.0,0.0,7392
18,32,330,0,0.0,0.0,7393
18,33,330,0,0.0,0.0,7394
18,34,330,0,0.0,0.0,7395
18,35,330,0,0.0,0.0,7396
18,36,330,0,0.0,0.0,7397
18,38,330,0,0.0,0.0,7398
18,39,330,0,0.0,0.0,7399
18,40,330,0,0.0,0.0,7400
18,42,330,0,0.0,0.0,7401
18,44,330,0,0.0,0.0,7402
18,45,330,0,0.0,0.0,7403
18,46,330,0,0.0,0.0,7404
18,48,330,0,0.0,0.0,7405
18,50,330,0,0.0,0.0,7406
18,51,330,0,0.0,0.0,7407
18,52,330,0,0.0,0.0,7408
18,53,330,0,0.0,0.0,7409
18,54,330,0,0.0,0.0,7410
18,55,330,0,0.0,0.0,7411
18,58,330,0,0.0,0.0,7412
18,62,330,0,0.0,0.0,7413
18,63,330,0,0.0,0.0,7414
18,64,330,0,0.0,0.0,7415
18,66,330,0,0.0,0.0,7416
18,70,330,0,0.0,0.0,7417
18,72,330,0,0.0,0.0,7418
18,74,330,0,0.0,0.0,7419
18,75,330,0,0.0,0.0,7420
18,76,330,0,0.0,0.0,7421
18,77,330,0,0.0,0.0,7422
18,79,330,0,0.0,0.0,7423
18,80,330,0,0.0,0.0,7424
18,82,330,0,0.0,0.0,7425
18,85,330,0,0.0,0.0,7426
18,87,330,0,0.0,0.0,7427
18,90,330,0,0.0,0.0,7428
18,91,330,0,0.0,0.0,7429
18,93,330,0,0.0,0.0,7430
18,98,330,0,0.0,0.0,7431
18,101,330,0,0.0,0.0,7432
18,103,330,0,0.0,0.0,7433
18,104,330,0,0.0,0.0,7434
18,105,330,0,0.0,0.0,7435
18,106,330,0,0.0,0.0,7436
18,107,330,0,0.0,0.0,7437
18,108,330,0,0.0,0.0,7438
18,109,330,0,0.0,0.0,7439
18,114,330,0,0.0,0.0,7440
18,116,330,0,0.0,0.0,7441
18,117,330,0,0.0,0.0,7442
18,120,330,0,0.0,0.0,7443
18,122,330,0,0.0,0.0,7444
18,126,330,0,0.0,0.0,7445
18,127,330,0,0.0,0.0,7446
18,128,330,0,0.0,0.0,7447
18,131,330,0,0.0,0.0,7448
18,132,330,0,0.0,0.0,7449
18,133,330,0,0.0,0.0,7450
18,138,330,0,0.0,0.0,7451
18,140,330,0,0.0,0.0,7452
18,141,330,0,0.0,0.0,7453
18,143,330,0,0.0,0.0,7454
18,144,330,0,0.0,0.0,7455
18,147,330,0,0.0,0.0,7456
18,148,330,0,0.0,0.0,7457
18,149,330,0,0.0,0.0,7458
18,151,330,0,0.0,0.0,7459
18,154,330,0,0.0,0.0,7460
18,155,330,0,0.0,0.0,7461
18,158,330,0,0.0,0.0,7462
18,159,330,0,0.0,0.0,7463
18,161,330,0,0.0,0.0,7464
18,162,330,0,0.0,0.0,7465
18,165,330,0,0.0,0.0,7466
18,166,330,0,0.0,0.0,7467
18,168,330,0,0.0,0.0,7468
18,171,330,0,0.0,0.0,7469
18,172,330,0,0.0,0.0,7470
18,173,330,0,0.0,0.0,7471
18,174,330,0,0.0,0.0,7472
18,175,330,0,0.0,0.0,7473
18,179,330,0,0.0,0.0,7474
18,182,330,0,0.0,0.0,7475
18,189,330,0,0.0,0.0,7476
18,190,330,0,0.0,0.0,7477
18,192,330,0,0.0,0.0,7478
18,194,330,0,0.0,0.0,7479
18,195,330,0,0.0,0.0,7480
18,196,330,0,0.0,0.0,7481
18,197,330,0,0.0,0.0,7482
18,198,330,0,0.0,0.0,7483
18,201,330,0,0.0,0.0,7484
18,203,330,0,0.0,0.0,7485
18,204,330,0,0.0,0.0,7486
18,205,330,0,0.0,0.0,7487
18,207,330,0,0.0,0.0,7488
18,209,330,0,0.0,0.0,7489
18,210,330,0,0.0,0.0,7490
18,214,330,0,0.0,0.0,7491
18,215,330,0,0.0,0.0,7492
18,216,330,0,0.0,0.0,7493
18,217,330,0,0.0,0.0,7494
18,219,330,0,0.0,0.0,7495
18,220,330,0,0.0,0.0,7496
18,221,330,0,0.0,0.0,7497
18,223,330,0,0.0,0.0,7498
18,225,330,0,0.0,0.0,7499
18,226,330,0,0.0,0.0,7500
18,228,330,0,0.0,0.0,7501
18,231,330,0,0.0,0.0,7502
18,233,330,0,0.0,0.0,7503
18,236,330,0,0.0,0.0,7504
18,237,330,0,0.0,0.0,7505
18,238,330,0,0.0,0.0,7506
18,239,330,0,0.0,0.0,7507
18,241,330,0,0.0,0.0,7508
18,242,330,0,0.0,0.0,7509
18,243,330,0,0.0,0.0,7510
18,244,330,0,0.0,0.0,7511
18,246,330,0,0.0,0.0,7512
18,248,330,0,0.0,0.0,7513
18,253,330,0,0.0,0.0,7514
18,254,330,0,0.0,0.0,7515
18,255,330,0,0.0,0.0,7516
19,0,330,0,0.0,0.0,7517
19,1,330,0,0.0,0.0,7518
19,3,330,0,0.0,0.0,7519
19,6,330,0,0.0,0.0,7520
19,8,330,0,0.0,0.0,7521
19,10,330,0,0.0,0.0,7522
19,11,330,0,0.0,0.0,7523
19,15,330,0,0.0,0.0,7524
19,16,330,0,0.0,0.0,7525
19,17,330,0,0.0,0.0,7526
19,20,330,0,0.0,0.0,7527
19,21,330,0,0.0,0.0,7528
19,23,330,0,0.0,0.0,7529
19,26,330,0,0.0,0.0,7530
19,27,330,0,0.0,0.0,7531
19,28,330,0,0.0,0.0,7532
19,31,330,0,0.0,0.0,7533
19,32,330,0,0.0,0.0,7534
19,33,330,0,0.0,0.0,7535
19,35,330,0,0.0,0.0,7536
19,36,330,0,0.0,0.0,7537
19,37,330,0,0.0,0.0,7538
19,43,330,0,0.0,0.0,7539
19,44,330,0,0.0,0.0,7540
19,45,330,0,0.0,0.0,7541
19,46,330,0,0.0,0.0,7542
19,48,330,0,0.0,0.0,7543
19,51,330,0,0.0,0.0,7544
19,53,330,0,0.0,0.0,7545
19,54,330,0,0.0,0.0,7546
19,55,330,0,0.0,0.0,7547
19,57,330,0,0.0,0.0,7548
19,59,330,0,0.0,0.0,7549
19,61,330,0,0.0,0.0,7550
19,65,330,0,0.0,0.0,7551
19,66,330,0,0.0,0.0,7552
19,67,330,0,0.0,0.0,7553
19,68,330,0,0.0,0.0,7554
19,69,330,0,0.0,0.0,7555
19,71,330,0,0.0,0.0,7556
19,72,330,0,0.0,0.0,7557
19,73,330,0,0.0,0.0,7558
19,76,330,0,0.0,0.0,7559
19,78,330,0,0.0,0.0,7560
19,79,330,0,0.0,0.0,7561
19,80,330,0,0.0,0.0,7562
19,82,330,0,0.0,0.0,7563
19,83,330,0,0.0,0.0,7564
19,84,330,0,0.0,0.0,7565
19,85,330,0,0.0,0.0,7566
19,87,330,0,0.0,0.0,7567
19,89,330,0,0.0,0.0,7568
19,90,330,0,0.0,0.0,7569
19,91,330,0,0.0,0.0,7570
19,92,330,0,0.0,0.0,7571
19,93,330,0,0.0,0.0,7572
19,94,330,0,0.0,0.0,7573
19,98,330,0,0.0,0.0,7574
19,99,330,0,0.0,0.0,7575
19,103,330,0,0.0,0.0,7576
19,105,330,0,0.0,0.0,7577
19,106,330,0,0.0,0.0,7578
19,107,330,0,0.0,0.0,7579
19,108,330,0,0.0,0.0,7580
19,109,330,0,0.0,0.0,7581
19,110,330,0,0.0,0.0,7582
19,111,330,0,0.0,0.0,7583
19,112,330,0,0.0,0.0,7584
19,113,330,0,0.0,0.0,7585
19,114,330,0,0.0,0.0,7586
19,116,330,0,0.0,0.0,7587
19,117,330,0,0.0,0.0,7588
19,118,330,0,0.0,0.0,7589
19,119,330,0,0.0,0.0,7590
19,120,330,0,0.0,0.0,7591
19,121,330,0,0.0,0.0,7592
19,122,330,0,0.0,0.0,7593
19,125,330,0,0.0,0.0,7594
19,126,330,0,0.0,0.0,7595
19,128,330,0,0.0,0.0,7596
19,129,330,0,0.0,0.0,7597
19,134,330,0,0.0,0.0,7598
19,135,330,0,0.0,0.0,7599
19,138,330,0,0.0,0.0,7600
19,141,330,0,0.0,0.0,7601
19,142,330,0,0.0,0.0,7602
19,143,330,0,0.0,0.0,7603
19,145,330,0,0.0,0.0,7604
19,146,330,0,0.0,0.0,7605
19,152,330,0,0.0,0.0,7606
19,153,330,0,0.0,0.0,7607
19,154,330,0,0.0,0.0,7608
19,155,330,0,0.0,0.0,7609
19,157,330,0,0.0,0.0,7610
19,158,330,0,0.0,0.0,7611
19,159,330,0,0.0,0.0,7612
19,160,330,0,0.0,0.0,7613
19,161,330,0,0.0,0.0,7614
19,165,330,0,0.0,0.0,7615
19,166,330,0,0.0,0.0,7616
19,168,330,0,0.0,0.0,7617
19,173,330,0,0.0,0.0,7618
19,176,330,0,0.0,0.0,7619
19,177,330,0,0.0,0.0,7620
19,178,330,0,0.0,0.0,7621
19,179,330,0,0.0,0.0,7622
19,181,330,0,0.0,0.0,7623
19,182,330,0,0.0,0.0,7624
19,183,330,0,0.0,0.0,7625
19,185,330,0,0.0,0.0,7626
19,193,330,0,0.0,0.0,7627
19,194,330,0,0.0,0.0,7628
19,196,330,0,0.0,0.0,7629
19,201,330,0,0.0,0.0,7630
19,202,330,0,0.0,0.0,7631
19,203,330,0,0.0,0.0,7632
19,205,330,0,0.0,0.0,7633
19,208,330,0,0.0,0.0,7634
19,209,330,0,0.0,0.0,7635
19,210,330,0,0.0,0.0,7636
19,212,330,0,0.0,0.0,7637
19,213,330,0,0.0,0.0,7638
19,215,330,0,0.0,0.0,7639
19,217,330,0,0.0,0.0,7640
19,219,330,0,0.0,0.0,7641
19,220,330,0,0.0,0.0,7642
19,222,330,0,0.0,0.0,7643
19,223,330,0,0.0,0.0,7644
19,224,330,0,0.0,0.0,7645
19,226,330,0,0.0,0.0,7646
19,229,330,0,0.0,0.0,7647
19,230,330,0,0.0,0.0,7648
19,231,330,0,0.0,0.0,7649
19,232,330,0,0.0,0.0,7650
19,234,330,0,0.0,0.0,7651
19,236,330,0,0.0,0.0,7652
19,239,330,0,0.0,0.0,7653
19,240,330,0,0.0,0.0,7654
19,241,330,0,0.0,0.0,7655
19,242,330,0,0.0,0.0,7656
19,243,330,0,0.0,0.0,7657
19,244,330,0,0.0,0.0,7658
19,247,330,0,0.0,0.0,7659
19,250,330,0,0.0,0.0,7660
19,251,330,0,0.0,0.0,7661
19,252,330,0,0.0,0.0,7662
19,253,330,0,0.0,0.0,7663
19,254,330,0,0.0,0.0,7664
20,0,330,0,0.0,0.0,7665
20,1,330,0,0.0,0.0,7666
20,2,330,0,0.0,0.0,7667
20,3,330,0,0.0,0.0,7668
20,7,330,0,0.0,0.0,7669
20,9,330,0,0.0,0.0,7670
20,10,330,0,0.0,0.0,7671
20,11,330,0,0.0,0.0,7672
20,14,330,0,0.0,0.0,7673
20,15,330,0,0.0,0.0,7674
20,18,330,0,0.0,0.0,7675
20,24,330,0,0.0,0.0,7676
20,25,330,0,0.0,0.0,7677
20,26,330,0,0.0,0.0,7678
20,29,330,0,0.0,0.0,7679
20,30,330,0,0.0,0.0,7680
20,31,330,0,0.0,0.0,7681
20,32,330,0,0.0,0.0,7682
20,33,330,0,0.0,0.0,7683
20,36,330,0,0.0,0.0,7684
20,37,330,0,0.0,0.0,7685
20,38,330,0,0.0,0.0,7686
20,40,330,0,0.0,0.0,7687
20,41,330,0,0.0,0.0,7688
20,42,330,0,0.0,0.0,7689
20,43,330,0,0.0,0.0,7690
20,44,330,0,0.0,0.0,7691
20,45,330,0,0.0,0.0,7692
20,46,330,0,0.0,0.0,7693
20,48,330,0,0.0,0.0,7694
20,50,330,0,0.0,0.0,7695
20,51,330,0,0.0,0.0,7696
20,53,330,0,0.0,0.0,7697
20,55,330,0,0.0,0.0,7698
20,57,330,0,0.0,0.0,7699
20,59,330,0,0.0,0.0,7700
20,60,330,0,0.0,0.0,7701
20,62,330,0,0.0,0.0,7702
20,63,330,0,0.0,0.0,7703
20,64,330,0,0.0,0.0,7704
20,65,330,0,0.0,0.0,7705
20,66,330,0,0.0,0.0,7706
20,68,330,0,0.0,0.0,7707
20,69,330,0,0.0,0.0,7708
20,70,330,0,0.0,0.0,7709
20,71,330,0,0.0,0.0,7710
20,75,330,0,0.0,0.0,7711
20,76,330,0,0.0,0.0,7712
20,77,330,0,0.0,0.0,7713
20,78,330,0,0.0,0.0,7714
20,83,330,0,0.0,0.0,7715
20,85,330,0,0.0,0.0,7716
20,87,330,0,0.0,0.0,7717
20,92,330,0,0.0,0.0,7718
20,93,330,0,0.0,0.0,7719
20,96,330,0,0.0,0.0,7720
20,97,330,0,0.0,0.0,7721
20,98,330,0,0.0,0.0,7722
20,101,330,0,0.0,0.0,7723
20,104,330,0,0.0,0.0,7724
20,107,330,0,0.0,0.0,7725
20,110,330,0,0.0,0.0,7726
20,111,330,0,0.0,0.0,7727
20,113,330,0,0.0,0.0,7728
20,116,330,0,0.0,0.0,7729
20,117,330,0,0.0,0.0,7730
20,118,330,0,0.0,0.0,7731
20,119,330,0,0.0,0.0,7732
20,120,330,0,0.0,0.0,7733
20,126,330,0,0.0,0.0,7734
20,128,330,0,0.0,0.0,7735
20,130,330,0,0.0,0.0,7736
20,131,330,0,0.0,0.0,7737
20,132,330,0,0.0,0.0,7738
20,136,330,0,0.0,0.0,7739
20,137,330,0,0.0,0.0,7740
20,139,330,0,0.0,0.0,7741
20,140,330,0,0.0,0.0,7742
20,141,330,0,0.0,0.0,7743
20,142,330,0,0.0,0.0,7744
20,145,330,0,0.0,0.0,7745
20,146,330,0,0.0,0.0,7746
20,148,330,0,0.0,0.0,7747
20,149,330,0,0.0,0.0,7748
20,151,330,0,0.0,0.0,7749
20,152,330,0,0.0,0.0,7750
20,156,330,0,0.0,0.0,7751
20,157,330,0,0.0,0.0,7752
20,161,330,0,0.0,0.0,7753
20,164,330,0,0.0,0.0,7754
20,167,330,0,0.0,0.0,7755
20,169,330,0,0.0,0.0,7756
20,170,330,0,0.0,0.0,7757
20,172,330,0,0.0,0.0,7758
20,174,330,0,0.0,0.0,7759
20,178,330,0,0.0,0.0,7760
20,179,330,0,0.0,0.0,7761
20,180,330,0,0.0,0.0,7762
20,182,330,0,0.0,0.0,7763
20,183,330,0,0.0,0.0,7764
20,184,330,0,0.0,0.0,7765
20,185,330,0,0.0,0.0,7766
20,188,330,0,0.0,0.0,7767
20,191,330,0,0.0,0.0,7768
20,192,330,0,0.0,0.0,7769
20,193,330,0,0.0,0.0,7770
20,196,330,0,0.0,0.0,7771
20,199,330,0,0.0,0.0,7772
20,200,330,0,0.0,0.0,7773
20,201,330,0,0.0,0.0,7774
20,203,330,0,0.0,0.0,7775
20,204,330,0,0.0,0.0,7776
20,205,330,0,0.0,0.0,7777
20,206,330,0,0.0,0.0,7778
20,210,330,0,0.0,0.0,7779
20,212,330,0,0.0,0.0,7780
20,214,330,0,0.0,0.0,7781
20,215,330,0,0.0,0.0,7782
20,216,330,0,0.0,0.0,7783
20,217,330,0,0.0,0.0,7784
20,223,330,0,0.0,0.0,7785
20,224,330,0,0.0,0.0,7786
20,225,330,0,0.0,0.0,7787
20,228,330,0,0.0,0.0,7788
20,229,330,0,0.0,0.0,7789
20,230,330,0,0.0,0.0,7790
20,234,330,0,0.0,0.0,7791
20,235,330,0,0.0,0.0,7792
20,238,330,0,0.0,0.0,7793
20,241,330,0,0.0,0.0,7794
20,242,330,0,0.0,0.0,7795
20,243,330,0,0.0,0.0,7796
20,245,330,0,0.0,0.0,7797
20,248,330,0,0.0,0.0,7798
20,249,330,0,0.0,0.0,7799
20,251,330,0,0.0,0.0,7800
20,252,330,0,0.0,0.0,7801
21,1,330,0,0.0,0.0,7802
21,2,330,0,0.0,0.0,7803
21,4,330,0,0.0,0.0,7804
21,8,330,0,0.0,0.0,7805
21,10,330,0,0.0,0.0,7806
21,11,330,0,0.0,0.0,7807
21,12,330,0,0.0,0.0,7808
21,13,330,0,0.0,0.0,7809
21,15,330,0,0.0,0.0,7810
21,17,330,0,0.0,0.0,7811
21,19,330,0,0.0,0.0,7812
21,20,330,0,0.0,0.0,7813
21,23,330,0,0.0,0.0,7814
21,26,330,0,0.0,0.0,7815
21,27,330,0,0.0,0.0,7816
21,30,330,0,0.0,0.0,7817
21,31,330,0,0.0,0.0,7818
21,33,330,0,0.0,0.0,7819
21,34,330,0,0.0,0.0,7820
21,35,330,0,0.0,0.0,7821
21,37,330,0,0.0,0.0,7822
21,38,330,0,0.0,0.0,7823
21,39,330,0,0.0,0.0,7824
21,40,330,0,0.0,0.0,7825
21,44,330,0,0.0,0.0,7826
21,48,330,0,0.0,0.0,7827
21,51,330,0,0.0,0.0,7828
21,52,330,0,0.0,0.0,7829
21,53,330,0,0.0,0.0,7830
21,54,330,0,0.0,0.0,7831
21,55,330,0,0.0,0.0,7832
21,56,330,0,0.0,0.0,7833
21,58,330,0,0.0,0.0,7834
21,59,330,0,0.0,0.0,7835
21,60,330,0,0.0,0.0,7836
21,61,330,0,0.0,0.0,7837
21,62,330,0,0.0,0.0,7838
21,64,330,0,0.0,0.0,7839
21,66,330,0,0.0,0.0,7840
21,68,330,0,0.0,0.0,7841
21,69,330,0,0.0,0.0,7842
21,70,330,0,0.0,0.0,7843
21,71,330,0,0.0,0.0,7844
21,72,330,0,0.0,0.0,7845
21,73,330,0,0.0,0.0,7846
21,77,330,0,0.0,0.0,7847
21,80,330,0,0.0,0.0,7848
21,83,330,0,0.0,0.0,7849
21,84,330,0,0.0,0.0,7850
21,85,330,0,0.0,0.0,7851
21,86,330,0,0.0,0.0,7852
21,92,330,0,0.0,0.0,7853
21,97,330,0,0.0,0.0,7854
21,98,330,0,0.0,0.0,7855
21,101,330,0,0.0,0.0,7856
21,102,330,0,0.0,0.0,7857
21,103,330,0,0.0,0.0,7858
21,104,330,0,0.0,0.0,7859
21,111,330,0,0.0,0.0,7860
21,112,330,0,0.0,0.0,7861
21,113,330,0,0.0,0.0,7862
21,119,330,0,0.0,0.0,7863
21,120,330,0,0.0,0.0,7864
21,123,330,0,0.0,0.0,7865
21,124,330,0,0.0,0.0,7866
21,125,330,0,0.0,0.0,7867
21,128,330,0,0.0,0.0,7868
21,129,330,0,0.0,0.0,7869
21,130,330,0,0.0,0.0,7870
21,134,330,0,0.0,0.0,7871
21,138,330,0,0.0,0.0,7872
21,139,330,0,0.0,0.0,7873
21,143,330,0,0.0,0.0,7874
21,145,330,0,0.0,0.0,7875
21,146,330,0,0.0,0.0,7876
21,147,330,0,0.0,0.0,7877
21,148,330,0,0.0,0.0,7878
21,149,330,0,0.0,0.0,7879
21,151,330,0,0.0,0.0,7880
21,154,330,0,0.0,0.0,7881
21,155,330,0,0.0,0.0,7882
21,156,330,0,0.0,0.0,7883
21,158,330,0,0.0,0.0,7884
21,160,330,0,0.0,0.0,7885
21,162,330,0,0.0,0.0,7886
21,165,330,0,0.0,0.0,7887
21,167,330,0,0.0,0.0,7888
21,170,330,0,0.0,0.0,7889
21,175,330,0,0.0,0.0,7890
21,177,330,0,0.0,0.0,7891
21,178,330,0,0.0,0.0,7892
21,179,330,0,0.0,0.0,7893
21,180,330,0,0.0,0.0,7894
21,181,330,0,0.0,0.0,7895
21,182,330,0,0.0,0.0,7896
21,183,330,0,0.0,0.0,7897
21,185,330,0,0.0,0.0,7898
21,187,330,0,0.0,0.0,7899
21,189,330,0,0.0,0.0,7900
21,191,330,0,0.0,0.0,7901
21,192,330,0,0.0,0.0,7902
21,193,330,0,0.0,0.0,7903
21,194,330,0,0.0,0.0,7904
21,195,330,0,0.0,0.0,7905
21,196,330,0,0.0,0.0,7906
21,199,330,0,0.0,0.0,7907
21,200,330,0,0.0,0.0,7908
21,203,330,0,0.0,0.0,7909
21,208,330,0,0.0,0.0,7910
21,210,330,0,0.0,0.0,7911
21,211,330,0,0.0,0.0,7912
21,213,330,0,0.0,0.0,7913
21,214,330,0,0.0,0.0,7914
21,216,330,0,0.0,0.0,7915
21,217,330,0,0.0,0.0,7916
21,219,330,0,0.0,0.0,7917
21,223,330,0,0.0,0.0,7918
21,226,330,0,0.0,0.0,7919
21,227,330,0,0.0,0.0,7920
21,228,330,0,0.0,0.0,7921
21,235,330,0,0.0,0.0,7922
21,237,330,0,0.0,0.0,7923
21,238,330,0,0.0,0.0,7924
21,239,330,0,0.0,0.0,7925
21,240,330,0,0.0,0.0,7926
21,243,330,0,0.0,0.0,7927
21,244,330,0,0.0,0.0,7928
21,246,330,0,0.0,0.0,7929
21,249,330,0,0.0,0.0,7930
21,250,330,0,0.0,0.0,7931
21,253,330,0,0.0,0.0,7932
21,255,330,0,0.0,0.0,7933
22,0,330,0,0.0,0.0,7934
22,1,330,0,0.0,0.0,7935
22,2,330,0,0.0,0.0,7936
22,4,330,0,0.0,0.0,7937
22,6,330,0,0.0,0.0,7938
22,8,330,0,0.0,0.0,7939
22,13,330,0,0.0,0.0,7940
22,17,330,0,0.0,0.0,7941
22,19,330,0,0.0,0.0,7942
22,20,330,0,0.0,0.0,7943
22,22,330,0,0.0,0.0,7944
22,24,330,0,0.0,0.0,7945
22,26,330,0,0.0,0.0,7946
22,27,330,0,0.0,0.0,7947
22,28,330,0,0.0,0.0,7948
22,29,330,0,0.0,0.0,7949
22,31,330,0,0.0,0.0,7950
22,32,330,0,0.0,0.0,7951
22,34,330,0,0.0,0.0,7952
22,36,330,0,0.0,0.0,7953
22,37,330,0,0.0,0.0,7954
22,38,330,0,0.0,0.0,7955
22,46,330,0,0.0,0.0,7956
22,49,330,0,0.0,0.0,7957
22,51,330,0,0.0,0.0,7958
22,53,330,0,0.0,0.0,7959
22,55,330,0,0.0,0.0,7960
22,56,330,0,0.0,0.0,7961
22,62,330,0,0.0,0.0,7962
22,63,330,0,0.0,0.0,7963
22,65,330,0,0.0,0.0,7964
22,66,330,0,0.0,0.0,7965
22,70,330,0,0.0,0.0,7966
22,72,330,0,0.0,0.0,7967
22,73,330,0,0.0,0.0,7968
22,75,330,0,0.0,0.0,7969
22,78,330,0,0.0,0.0,7970
22,79,330,0,0.0,0.0,7971
22,82,330,0,0.0,0.0,7972
22,83,330,0,0.0,0.0,7973
22,86,330,0,0.0,0.0,7974
22,88,330,0,0.0,0.0,7975
22,89,330,0,0.0,0.0,7976
22,90,330,0,0.0,0.0,7977
22,93,330,0,0.0,0.0,7978
22,94,330,0,0.0,0.0,7979
22,95,330,0,0.0,0.0,7980
22,97,330,0,0.0,0.0,7981
22,100,330,0,0.0,0.0,7982
22,101,330,0,0.0,0.0,7983
22,102,330,0,0.0,0.0,7984
22,103,330,0,0.0,0.0,7985
22,105,330,0,0.0,0.0,7986
22,107,330,0,0.0,0.0,7987
22,112,330,0,0.0,0.0,7988
22,114,330,0,0.0,0.0,7989
22,116,330,0,0.0,0.0,7990
22,117,330,0,0.0,0.0,7991
22,119,330,0,0.0,0.0,7992
22,121,330,0,0.0,0.0,7993
22,123,330,0,0.0,0.0,7994
22,124,330,0,0.0,0.0,7995
22,125,330,0,0.0,0.0,7996
22,127,330,0,0.0,0.0,7997
22,131,330,0,0.0,0.0,7998
22,133,330,0,0.0,0.0,7999
22,135,330,0,0.0,0.0,8000
22,136,330,0,0.0,0.0,8001
22,140,330,0,0.0,0.0,8002
22,142,330,0,0.0,0.0,8003
22,143,330,0,0.0,0.0,8004
22,145,330,0,0.0,0.0,8005
22,150,330,0,0.0,0.0,8006
22,152,330,0,0.0,0.0,8007
22,153,330,0,0.0,0.0,8008
22,154,330,0,0.0,0.0,8009
22,155,330,0,0.0,0.0,8010
22,157,330,0,0.0,0.0,8011
22,163,330,0,0.0,0.0,8012
22,165,330,0,0.0,0.0,8013
22,166,330,0,0.0,0.0,8014
22,167,330,0,0.0,0.0,8015
22,169,330,0,0.0,0.0,8016
22,170,330,0,0.0,0.0,8017
22,174,330,0,0.0,0.0,8018
22,175,330,0,0.0,0.0,8019
22,176,330,0,0.0,0.0,8020
22,177,330,0,0.0,0.0,8021
22,178,330,0,0.0,0.0,8022
22,179,330,0,0.0,0.0,8023
22,181,330,0,0.0,0.0,8024
22,182,330,0,0.0,0.0,8025
22,183,330,0,0.0,0.0,8026
22,184,330,0,0.0,0.0,8027
22,186,330,0,0.0,0.0,8028
22,187,330,0,0.0,0.0,8029
22,189,330,0,0.0,0.0,8030
22,190,330,0,0.0,0.0,8031
22,193,330,0,0.0,0.0,8032
22,194,330,0,0.0,0.0,8033
22,197,330,0,0.0,0.0,8034
22,198,330,0,0.0,0.0,8035
22,199,330,0,0.0,0.0,8036
22,201,330,0,0.0,0.0,8037
22,205,330,0,0.0,0.0,8038
22,209,330,0,0.0,0.0,8039
22,211,330,0,0.0,0.0,8040
22,214,330,0,0.0,0.0,8041
22,215,330,0,0.0,0.0,8042
22,216,330,0,0.0,0.0,8043
22,217,330,0,0.0,0.0,8044
22,218,330,0,0.0,0.0,8045
22,222,330,0,0.0,0.0,8046
22,224,330,0,0.0,0.0,8047
22,225,330,0,0.0,0.0,8048
22,226,330,0,0.0,0.0,8049
22,227,330,0,0.0,0.0,8050
22,230,330,0,0.0,0.0,8051
22,231,330,0,0.0,0.0,8052
22,232,330,0,0.0,0.0,8053
22,233,330,0,0.0,0.0,8054
22,234,330,0,0.0,0.0,8055
22,236,330,0,0.0,0.0,8056
22,240,330,0,0.0,0.0,8057
22,241,330,0,0.0,0.0,8058
22,243,330,0,0.0,0.0,8059
22,244,330,0,0.0,0.0,8060
22,245,330,0,0.0,0.0,8061
22,246,330,0,0.0,0.0,8062
22,248,330,0,0.0,0.0,8063
22,249,330,0,0.0,0.0,8064
22,250,330,0,0.0,0.0,8065
22,251,330,0,0.0,0.0,8066
22,255,330,0,0.0,0.0,8067
23,0,330,0,0.0,0.0,8068
23,1,330,0,0.0,0.0,8069
23,5,330,0,0.0,0.0,8070
23,7,330,0,0.0,0.0,8071
23,9,330,0,0.0,0.0,8072
23,12,330,0,0.0,0.0,8073
23,15,330,0,0.0,0.0,8074
23,16,330,0,0.0,0.0,8075
23,17,330,0,0.0,0.0,8076
23,24,330,0,0.0,0.0,8077
23,26,330,0,0.0,0.0,8078
23,27,330,0,0.0,0.0,8079
23,31,330,0,0.0,0.0,8080
23,32,330,0,0.0,0.0,8081
23,39,330,0,0.0,0.0,8082
23,42,330,0,0.0,0.0,8083
23,43,330,0,0.0,0.0,8084
23,46,330,0,0.0,0.0,8085
23,50,330,0,0.0,0.0,8086
23,51,330,0,0.0,0.0,8087
23,52,330,0,0.0,0.0,8088
23,57,330,0,0.0,0.0,8089
23,60,330,0,0.0,0.0,8090
23,61,330,0,0.0,0.0,8091
23,62,330,0,0.0,0.0,8092
23,68,330,0,0.0,0.0,8093
23,69,330,0,0.0,0.0,8094
23,70,330,0,0.0,0.0,8095
23,71,330,0,0.0,0.0,8096
23,72,330,0,0.0,0.0,8097
23,73,330,0,0.0,0.0,8098
23,75,330,0,0.0,0.0,8099
23,77,330,0,0.0,0.0,8100
23,78,330,0,0.0,0.0,8101
23,79,330,0,0.0,0.0,8102
23,81,330,0,0.0,0.0,8103
23,82,330,0,0.0,0.0,8104
23,83,330,0,0.0,0.0,8105
23,84,330,0,0.0,0.0,8106
23,94,330,0,0.0,0.0,8107
23,95,330,0,0.0,0.0,8108
23,96,330,0,0.0,0.0,8109
23,97,330,0,0.0,0.0,8110
23,98,330,0,0.0,0.0,8111
23,100,330,0,0.0,0.0,8112
23,102,330,0,0.0,0.0,8113
23,103,330,0,0.0,0.0,8114
23,104,330,0,0.0,0.0,8115
23,107,330,0,0.0,0.0,8116
23,108,330,0,0.0,0.0,8117
23,109,330,0,0.0,0.0,8118
23,110,330,0,0.0,0.0,8119
23,111,330,0,0.0,0.0,8120
23,112,330,0,0.0,0.0,8121
23,116,330,0,0.0,0.0,8122
23,117,330,0,0.0,0.0,8123
23,118,330,0,0.0,0.0,8124
23,121,330,0,0.0,0.0,8125
23,124,330,0,0.0,0.0,8126
23,125,330,0,0.0,0.0,8127
23,126,330,0,0.0,0.0,8128
23,127,330,0,0.0,0.0,8129
23,128,330,0,0.0,0.0,8130
23,131,330,0,0.0,0.0,8131
23,132,330,0,0.0,0.0,8132
23,134,330,0,0.0,0.0,8133
23,135,330,0,0.0,0.0,8134
23,140,330,0,0.0,0.0,8135
23,146,330,0,0.0,0.0,8136
23,147,330,0,0.0,0.0,8137
23,149,330,0,0.0,0.0,8138
23,150,330,0,0.0,0.0,8139
23,153,330,0,0.0,0.0,8140
23,155,330,0,0.0,0.0,8141
23,156,330,0,0.0,0.0,8142
23,157,330,0,0.0,0.0,8143
23,161,330,0,0.0,0.0,8144
23,162,330,0,0.0,0.0,8145
23,163,330,0,0.0,0.0,8146
23,164,330,0,0.0,0.0,8147
23,167,330,0,0.0,0.0,8148
23,168,330,0,0.0,0.0,8149
23,172,330,0,0.0,0.0,8150
23,177,330,0,0.0,0.0,8151
23,178,330,0,0.0,0.0,8152
23,182,330,0,0.0,0.0,8153
23,183,330,0,0.0,0.0,8154
23,187,330,0,0.0,0.0,8155
23,189,330,0,0.0,0.0,8156
23,190,330,0,0.0,0.0,8157
23,192,330,0,0.0,0.0,8158
23,193,330,0,0.0,0.0,8159
23,194,330,0,0.0,0.0,8160
23,195,330,0,0.0,0.0,8161
23,197,330,0,0.0,0.0,8162
23,198,330,0,0.0,0.0,8163
23,200,330,0,0.0,0.0,8164
23,202,330,0,0.0,0.0,8165
23,204,330,0,0.0,0.0,8166
23,206,330,0,0.0,0.0,8167
23,208,330,0,0.0,0.0,8168
23,213,330,0,0.0,0.0,8169
23,214,330,0,0.0,0.0,8170
23,216,330,0,0.0,0.0,8171
23,217,330,0,0.0,0.0,8172
23,219,330,0,0.0,0.0,8173
23,220,330,0,0.0,0.0,8174
23,227,330,0,0.0,0.0,8175
23,228,330,0,0.0,0.0,8176
23,231,330,0,0.0,0.0,8177
23,236,330,0,0.0,0.0,8178
23,237,330,0,0.0,0.0,8179
23,238,330,0,0.0,0.0,8180
23,240,330,0,0.0,0.0,8181
23,241,330,0,0.0,0.0,8182
23,242,330,0,0.0,0.0,8183
23,243,330,0,0.0,0.0,8184
23,244,330,0,0.0,0.0,8185
23,245,330,0,0.0,0.0,8186
23,247,330,0,0.0,0.0,8187
23,250,330,0,0.0,0.0,8188
23,251,330,0,0.0,0.0,8189
23,252,330,0,0.0,0.0,8190
23,253,330,0,0.0,0.0,8191
23,255,330,0,0.0,0.0,8192
24,0,330,0,0.0,0.0,8193
24,2,330,0,0.0,0.0,8194
24,3,330,0,0.0,0.0,8195
24,6,330,0,0.0,0.0,8196
24,8,330,0,0.0,0.0,8197
24,9,330,0,0.0,0.0,8198
24,10,330,0,0.0,0.0,8199
24,15,330,0,0.0,0.0,8200
24,19,330,0,0.0,0.0,8201
24,22,330,0,0.0,0.0,8202
24,23,330,0,0.0,0.0,8203
24,24,330,0,0.0,0.0,8204
24,25,330,0,0.0,0.0,8205
24,27,330,0,0.0,0.0,8206
24,29,330,0,0.0,0.0,8207
24,30,330,0,0.0,0.0,8208
24,31,330,0,0.0,0.0,8209
24,32,330,0,0.0,0.0,8210
24,33,330,0,0.0,0.0,8211
24,35,330,0,0.0,0.0,8212
24,36,330,0,0.0,0.0,8213
24,37,330,0,0.0,0.0,8214
24,38,330,0,0.0,0.0,8215
24,41,330,0,0.0,0.0,8216
24,42,330,0,0.0,0.0,8217
24,44,330,0,0.0,0.0,8218
24,48,330,0,0.0,0.0,8219
24,51,330,0,0.0,0.0,8220
24,53,330,0,0.0,0.0,8221
24,54,330,0,0.0,0.0,8222
24,59,330,0,0.0,0.0,8223
24,62,330,0,0.0,0.0,8224
24,64,330,0,0.0,0.0,8225
24,65,330,0,0.0,0.0,8226
24,66,330,0,0.0,0.0,8227
24,70,330,0,0.0,0.0,8228
24,71,330,0,0.0,0.0,8229
24,72,330,0,0.0,0.0,8230
24,74,330,0,0.0,0.0,8231
24,75,330,0,0.0,0.0,8232
24,81,330,0,0.0,0.0,8233
24,82,330,0,0.0,0.0,8234
24,85,330,0,0.0,0.0,8235
24,86,330,0,0.0,0.0,8236
24,89,330,0,0.0,0.0,8237
24,91,330,0,0.0,0.0,8238
24,92,330,0,0.0,0.0,8239
24,95,330,0,0.0,0.0,8240
24,97,330,0,0.0,0.0,8241
24,98,330,0,0.0,0.0,8242
24,99,330,0,0.0,0.0,8243
24,100,330,0,0.0,0.0,8244
24,102,330,0,0.0,0.0,8245
24,103,330,0,0.0,0.0,8246
24,106,330,0,0.0,0.0,8247
24,107,330,0,0.0,0.0,8248
24,111,330,0,0.0,0.0,8249
24,113,330,0,0.0,0.0,8250
24,114,330,0,0.0,0.0,8251
24,115,330,0,0.0,0.0,8252
24,118,330,0,0.0,0.0,8253
24,120,330,0,0.0,0.0,8254
24,121,330,0,0.0,0.0,8255
24,122,330,0,0.0,0.0,8256
24,123,330,0,0.0,0.0,8257
24,124,330,0,0.0,0.0,8258
24,125,330,0,0.0,0.0,8259
24,126,330,0,0.0,0.0,8260
24,128,330,0,0.0,0.0,8261
24,129,330,0,0.0,0.0,8262
24,130,330,0,0.0,0.0,8263
24,131,330,0,0.0,0.0,8264
24,134,330,0,0.0,0.0,8265
24,136,330,0,0.0,0.0,8266
24,138,330,0,0.0,0.0,8267
24,141,330,0,0.0,0.0,8268
24,142,330,0,0.0,0.0,8269
24,143,330,0,0.0,0.0,8270
24,144,330,0,0.0,0.0,8271
24,145,330,0,0.0,0.0,8272
24,150,330,0,0.0,0.0,8273
24,151,330,0,0.0,0.0,8274
24,154,330,0,0.0,0.0,8275
24,156,330,0,0.0,0.0,8276
24,161,330,0,0.0,0.0,8277
24,162,330,0,0.0,0.0,8278
24,165,330,0,0.0,0.0,8279
24,167,330,0,0.0,0.0,8280
24,172,330,0,0.0,0.0,8281
24,174,330,0,0.0,0.0,8282
24,176,330,0,0.0,0.0,8283
24,177,330,0,0.0,0.0,8284
24,179,330,0,0.0,0.0,8285
24,180,330,0,0.0,0.0,8286
24,182,330,0,0.0,0.0,8287
24,186,330,0,0.0,0.0,8288
24,188,330,0,0.0,0.0,8289
24,190,330,0,0.0,0.0,8290
24,195,330,0,0.0,0.0,8291
24,196,330,0,0.0,0.0,8292
24,199,330,0,0.0,0.0,8293
24,200,330,0,0.0,0.0,8294
24,201,330,0,0.0,0.0,8295
24,202,330,0,0.0,0.0,8296
24,203,330,0,0.0,0.0,8297
24,204,330,0,0.0,0.0,8298
24,210,330,0,0.0,0.0,8299
24,211,330,0,0.0,0.0,8300
24,216,330,0,0.0,0.0,8301
24,217,330,0,0.0,0.0,8302
24,218,330,0,0.0,0.0,8303
24,219,330,0,0.0,0.0,8304
24,220,330,0,0.0,0.0,8305
24,222,330,0,0.0,0.0,8306
24,224,330,0,0.0,0.0,8307
24,226,330,0,0.0,0.0,8308
24,227,330,0,0.0,0.0,8309
24,228,330,0,0.0,0.0,8310
24,229,330,0,0.0,0.0,8311
24,230,330,0,0.0,0.0,8312
24,231,330,0,0.0,0.0,8313
24,234,330,0,0.0,0.0,8314
24,236,330,0,0.0,0.0,8315
24,237,330,0,0.0,0.0,8316
24,238,330,0,0.0,0.0,8317
24,239,330,0,0.0,0.0,8318
24,241,330,0,0.0,0.0,8319
24,242,330,0,0.0,0.0,8320
24,245,330,0,0.0,0.0,8321
24,247,330,0,0.0,0.0,8322
24,250,330,0,0.0,0.0,8323
24,254,330,0,0.0,0.0,8324
25,0,330,0,0.0,0.0,8325
25,2,330,0,0.0,0.0,8326
25,5,330,0,0.0,0.0,8327
25,6,330,0,0.0,0.0,8328
25,7,330,0,0.0,0.0,8329
25,8,330,0,0.0,0.0,8330
25,9,330,0,0.0,0.0,8331
25,11,330,0,0.0,0.0,8332
25,12,330,0,0.0,0.0,8333
25,14,330,0,0.0,0.0,8334
25,16,330,0,0.0,0.0,8335
25,19,330,0,0.0,0.0,8336
25,20,330,0,0.0,0.0,8337
25,21,330,0,0.0,0.0,8338
25,22,330,0,0.0,0.0,8339
25,23,330,0,0.0,0.0,8340
25,25,330,0,0.0,0.0,8341
25,27,330,0,0.0,0.0,8342
25,28,330,0,0.0,0.0,8343
25,29,330,0,0.0,0.0,8344
25,30,330,0,0.0,0.0,8345
25,31,330,0,0.0,0.0,8346
25,34,330,0,0.0,0.0,8347
25,35,330,0,0.0,0.0,8348
25,37,330,0,0.0,0.0,8349
25,40,330,0,0.0,0.0,8350
25,42,330,0,0.0,0.0,8351
25,43,330,0,0.0,0.0,8352
25,44,330,0,0.0,0.0,8353
25,47,330,0,0.0,0.0,8354
25,50,330,0,0.0,0.0,8355
25,55,330,0,0.0,0.0,8356
25,56,330,0,0.0,0.0,8357
25,58,330,0,0.0,0.0,8358
25,60,330,0,0.0,0.0,8359
25,62,330,0,0.0,0.0,8360
25,64,330,0,0.0,0.0,8361
25,67,330,0,0.0,0.0,8362
25,74,330,0,0.0,0.0,8363
25,75,330,0,0.0,0.0,8364
25,78,330,0,0.0,0.0,8365
25,79,330,0,0.0,0.0,8366
25,80,330,0,0.0,0.0,8367
25,82,330,0,0.0,0.0,8368
25,83,330,0,0.0,0.0,8369
25,87,330,0,0.0,0.0,8370
25,89,330,0,0.0,0.0,8371
25,91,330,0,0.0,0.0,8372
25,92,330,0,0.0,0.0,8373
25,94,330,0,0.0,0.0,8374
25,95,330,0,0.0,0.0,8375
25,97,330,0,0.0,0.0,8376
25,98,330,0,0.0,0.0,8377
25,100,330,0,0.0,0.0,8378
25,103,330,0,0.0,0.0,8379
25,104,330,0,0.0,0.0,8380
25,106,330,0,0.0,0.0,8381
25,107,330,0,0.0,0.0,8382
25,108,330,0,0.0,0.0,8383
25,111,330,0,0.0,0.0,8384
25,113,330,0,0.0,0.0,8385
25,117,330,0,0.0,0.0,8386
25,118,330,0,0.0,0.0,8387
25,120,330,0,0.0,0.0,8388
25,121,330,0,0.0,0.0,8389
25,125,330,0,0.0,0.0,8390
25,126,330,0,0.0,0.0,8391
25,127,330,0,0.0,0.0,8392
25,128,330,0,0.0,0.0,8393
25,132,330,0,0.0,0.0,8394
25,133,330,0,0.0,0.0,8395
25,134,330,0,0.0,0.0,8396
25,135,330,0,0.0,0.0,8397
25,137,330,0,0.0,0.0,8398
25,138,330,0,0.0,0.0,8399
25,139,330,0,0.0,0.0,8400
25,143,330,0,0.0,0.0,8401
25,145,330,0,0.0,0.0,8402
25,147,330,0,0.0,0.0,8403
25,148,330,0,0.0,0.0,8404
25,150,330,0,0.0,0.0,8405
25,151,330,0,0.0,0.0,8406
25,155,330,0,0.0,0.0,8407
25,158,330,0,0.0,0.0,8408
25,164,330,0,0.0,0.0,8409
25,165,330,0,0.0,0.0,8410
25,166,330,0,0.0,0.0,8411
25,170,330,0,0.0,0.0,8412
25,172,330,0,0.0,0.0,8413
25,173,330,0,0.0,0.0,8414
25,174,330,0,0.0,0.0,8415
25,176,330,0,0.0,0.0,8416
25,178,330,0,0.0,0.0,8417
25,179,330,0,0.0,0.0,8418
25,180,330,0,0.0,0.0,8419
25,181,330,0,0.0,0.0,8420
25,183,330,0,0.0,0.0,8421
25,185,330,0,0.0,0.0,8422
25,186,330,0,0.0,0.0,8423
25,189,330,0,0.0,0.0,8424
25,193,330,0,0.0,0.0,8425
25,195,330,0,0.0,0.0,8426
25,200,330,0,0.0,0.0,8427
25,202,330,0,0.0,0.0,8428
25,203,330,0,0.0,0.0,8429
25,205,330,0,0.0,0.0,8430
25,206,330,0,0.0,0.0,8431
25,207,330,0,0.0,0.0,8432
25,208,330,0,0.0,0.0,8433
25,210,330,0,0.0,0.0,8434
25,211,330,0,0.0,0.0,8435
25,212,330,0,0.0,0.0,8436
25,217,330,0,0.0,0.0,8437
25,218,330,0,0.0,0.0,8438
25,220,330,0,0.0,0.0,8439
25,222,330,0,0.0,0.0,8440
25,223,330,0,0.0,0.0,8441
25,225,330,0,0.0,0.0,8442
25,227,330,0,0.0,0.0,8443
25,230,330,0,0.0,0.0,8444
25,233,330,0,0.0,0.0,8445
25,235,330,0,0.0,0.0,8446
25,239,330,0,0.0,0.0,8447
25,240,330,0,0.0,0.0,8448
25,242,330,0,0.0,0.0,8449
25,247,330,0,0.0,0.0,8450
25,248,330,0,0.0,0.0,8451
25,249,330,0,0.0,0.0,8452
25,251,330,0,0.0,0.0,8453
25,252,330,0,0.0,0.0,8454
25,255,330,0,0.0,0.0,8455
26,0,330,0,0.0,0.0,8456
26,5,330,0,0.0,0.0,8457
26,6,330,0,0.0,0.0,8458
26,7,330,0,0.0,0.0,8459
26,12,330,0,0.0,0.0,8460
26,13,330,0,0.0,0.0,8461
26,14,330,0,0.0,0.0,8462
26,16,330,0,0.0,0.0,8463
26,17,330,0,0.0,0.0,8464
26,20,330,0,0.0,0.0,8465
26,21,330,0,0.0,0.0,8466
26,24,330,0,0.0,0.0,8467
26,25,330,0,0.0,0.0,8468
26,30,330,0,0.0,0.0,8469
26,32,330,0,0.0,0.0,8470
26,34,330,0,0.0,0.0,8471
26,37,330,0,0.0,0.0,8472
26,38,330,0,0.0,0.0,8473
26,39,330,0,0.0,0.0,8474
26,40,330,0,0.0,0.0,8475
26,43,330,0,0.0,0.0,8476
26,51,330,0,0.0,0.0,8477
26,53,330,0,0.0,0.0,8478
26,54,330,0,0.0,0.0,8479
26,55,330,0,0.0,0.0,8480
26,57,330,0,0.0,0.0,8481
26,58,330,0,0.0,0.0,8482
26,59,330,0,0.0,0.0,8483
26,62,330,0,0.0,0.0,8484
26,65,330,0,0.0,0.0,8485
26,67,330,0,0.0,0.0,8486
26,68,330,0,0.0,0.0,8487
26,71,330,0,0.0,0.0,8488
26,72,330,0,0.0,0.0,8489
26,73,330,0,0.0,0.0,8490
26,77,330,0,0.0,0.0,8491
26,78,330,0,0.0,0.0,8492
26,79,330,0,0.0,0.0,8493
26,83,330,0,0.0,0.0,8494
26,85,330,0,0.0,0.0,8495
26,92,330,0,0.0,0.0,8496
26,93,330,0,0.0,0.0,8497
26,95,330,0,0.0,0.0,8498
26,98,330,0,0.0,0.0,8499
26,99,330,0,0.0,0.0,8500
26,104,330,0,0.0,0.0,8501
26,105,330,0,0.0,0.0,8502
26,107,330,0,0.0,0.0,8503
26,108,330,0,0.0,0.0,8504
26,114,330,0,0.0,0.0,8505
26,116,330,0,0.0,0.0,8506
26,118,330,0,0.0,0.0,8507
26,120,330,0,0.0,0.0,8508
26,122,330,0,0.0,0.0,8509
26,125,330,0,0.0,0.0,8510
26,127,330,0,0.0,0.0,8511
26,128,330,0,0.0,0.0,8512
26,129,330,0,0.0,0.0,8513
26,130,330,0,0.0,0.0,8514
26,131,330,0,0.0,0.0,8515
26,133,330,0,0.0,0.0,8516
26,137,330,0,0.0,0.0,8517
26,139,330,0,0.0,0.0,8518
26,140,330,0,0.0,0.0,8519
26,142,330,0,0.0,0.0,8520
26,144,330,0,0.0,0.0,8521
26,146,330,0,0.0,0.0,8522
26,149,330,0,0.0,0.0,8523
26,152,330,0,0.0,0.0,8524
26,153,330,0,0.0,0.0,8525
26,156,330,0,0.0,0.0,8526
26,157,330,0,0.0,0.0,8527
26,158,330,0,0.0,0.0,8528
26,159,330,0,0.0,0.0,8529
26,160,330,0,0.0,0.0,8530
26,162,330,0,0.0,0.0,8531
26,163,330,0,0.0,0.0,8532
26,164,330,0,0.0,0.0,8533
26,165,330,0,0.0,0.0,8534
26,167,330,0,0.0,0.0,8535
26,168,330,0,0.0,0.0,8536
26,176,330,0,0.0,0.0,8537
26,177,330,0,0.0,0.0,8538
26,178,330,0,0.0,0.0,8539
26,182,330,0,0.0,0.0,8540
26,183,330,0,0.0,0.0,8541
26,184,330,0,0.0,0.0,8542
26,185,330,0,0.0,0.0,8543
26,189,330,0,0.0,0.0,8544
26,190,330,0,0.0,0.0,8545
26,192,330,0,0.0,0.0,8546
26,193,330,0,0.0,0.0,8547
26,195,330,0,0.0,0.0,8548
26,196,330,0,0.0,0.0,8549
26,200,330,0,0.0,0.0,8550
26,202,330,0,0.0,0.0,8551
26,203,330,0,0.0,0.0,8552
26,205,330,0,0.0,0.0,8553
26,206,330,0,0.0,0.0,8554
26,207,330,0,0.0,0.0,8555
26,208,330,0,0.0,0.0,8556
26,209,330,0,0.0,0.0,8557
26,210,330,0,0.0,0.0,8558
26,211,330,0,0.0,0.0,8559
26,212,330,0,0.0,0.0,8560
26,215,330,0,0.0,0.0,8561
26,221,330,0,0.0,0.0,8562
26,228,330,0,0.0,0.0,8563
26,229,330,0,0.0,0.0,8564
26,232,330,0,0.0,0.0,8565
26,233,330,0,0.0,0.0,8566
26,234,330,0,0.0,0.0,8567
26,236,330,0,0.0,0.0,8568
26,238,330,0,0.0,0.0,8569
26,240,330,0,0.0,0.0,8570
26,241,330,0,0.0,0.0,8571
26,242,330,0,0.0,0.0,8572
26,243,330,0,0.0,0.0,8573
26,244,330,0,0.0,0.0,8574
26,245,330,0,0.0,0.0,8575
26,252,330,0,0.0,0.0,8576
26,255,330,0,0.0,0.0,8577
27,2,330,0,0.0,0.0,8578
27,4,330,0,0.0,0.0,8579
27,9,330,0,0.0,0.0,8580
27,11,330,0,0.0,0.0,8581
27,12,330,0,0.0,0.0,8582
27,13,330,0,0.0,0.0,8583
27,15,330,0,0.0,0.0,8584
27,16,330,0,0.0,0.0,8585
27,18,330,0,0.0,0.0,8586
27,19,330,0,0.0,0.0,8587
27,21,330,0,0.0,0.0,8588
27,23,330,0,0.0,0.0,8589
27,26,330,0,0.0,0.0,8590
27,31,330,0,0.0,0.0,8591
27,32,330,0,0.0,0.0,8592
27,33,330,0,0.0,0.0,8593
27,34,330,0,0.0,0.0,8594
27,36,330,0,0.0,0.0,8595
27,37,330,0,0.0,0.0,8596
27,38,330,0,0.0,0.0,8597
27,39,330,0,0.0,0.0,8598
27,40,330,0,0.0,0.0,8599
27,42,330,0,0.0,0.0,8600
27,43,330,0,0.0,0.0,8601
27,45,330,0,0.0,0.0,8602
27,48,330,0,0.0,0.0,8603
27,49,330,0,0.0,0.0,8604
27,50,330,0,0.0,0.0,8605
27,51,330,0,0.0,0.0,8606
27,52,330,0,0.0,0.0,8607
27,53,330,0,0.0,0.0,8608
27,56,330,0,0.0,0.0,8609
27,57,330,0,0.0,0.0,8610
27,59,330,0,0.0,0.0,8611
27,60,330,0,0.0,0.0,8612
27,65,330,0,0.0,0.0,8613
27,67,330,0,0.0,0.0,8614
27,68,330,0,0.0,0.0,8615
27,71,330,0,0.0,0.0,8616
27,72,330,0,0.0,0.0,8617
27,74,330,0,0.0,0.0,8618
27,76,330,0,0.0,0.0,8619
27,77,330,0,0.0,0.0,8620
27,79,330,0,0.0,0.0,8621
27,80,330,0,0.0,0.0,8622
27,83,330,0,0.0,0.0,8623
27,84,330,0,0.0,0.0,8624
27,88,330,0,0.0,0.0,8625
27,90,330,0,0.0,0.0,8626
27,91,330,0,0.0,0.0,8627
27,92,330,0,0.0,0.0,8628
27,93,330,0,0.0,0.0,8629
27,95,330,0,0.0,0.0,8630
27,96,330,0,0.0,0.0,8631
27,97,330,0,0.0,0.0,8632
27,99,330,0,0.0,0.0,8633
27,103,330,0,0.0,0.0,8634
27,104,330,0,0.0,0.0,8635
27,105,330,0,0.0,0.0,8636
27,106,330,0,0.0,0.0,8637
27,107,330,0,0.0,0.0,8638
27,109,330,0,0.0,0.0,8639
27,110,330,0,0.0,0.0,8640
27,112,330,0,0.0,0.0,8641
27,120,330,0,0.0,0.0,8642
27,121,330,0,0.0,0.0,8643
27,124,330,0,0.0,0.0,8644
27,127,330,0,0.0,0.0,8645
27,128,330,0,0.0,0.0,8646
27,129,330,0,0.0,0.0,8647
27,132,330,0,0.0,0.0,8648
27,133,330,0,0.0,0.0,8649
27,134,330,0,0.0,0.0,8650
27,137,330,0,0.0,0.0,8651
27,143,330,0,0.0,0.0,8652
27,144,330,0,0.0,0.0,8653
27,149,330,0,0.0,0.0,8654
27,151,330,0,0.0,0.0,8655
27,152,330,0,0.0,0.0,8656
27,155,330,0,0.0,0.0,8657
27,156,330,0,0.0,0.0,8658
27,158,330,0,0.0,0.0,8659
27,159,330,0,0.0,0.0,8660
27,160,330,0,0.0,0.0,8661
27,161,330,0,0.0,0.0,8662
27,163,330,0,0.0,0.0,8663
27,168,330,0,0.0,0.0,8664
27,169,330,0,0.0,0.0,8665
27,171,330,0,0.0,0.0,8666
27,172,330,0,0.0,0.0,8667
27,173,330,0,0.0,0.0,8668
27,175,330,0,0.0,0.0,8669
27,177,330,0,0.0,0.0,8670
27,178,330,0,0.0,0.0,8671
27,181,330,0,0.0,0.0,8672
27,184,330,0,0.0,0.0,8673
27,188,330,0,0.0,0.0,8674
27,189,330,0,0.0,0.0,8675
27,194,330,0,0.0,0.0,8676
27,195,330,0,0.0,0.0,8677
27,199,330,0,0.0,0.0,8678
27,200,330,0,0.0,0.0,8679
27,206,330,0,0.0,0.0,8680
27,208,330,0,0.0,0.0,8681
27,209,330,0,0.0,0.0,8682
27,210,330,0,0.0,0.0,8683
27,212,330,0,0.0,0.0,8684
27,213,330,0,0.0,0.0,8685
27,216,330,0,0.0,0.0,8686
27,218,330,0,0.0,0.0,8687
27,222,330,0,0.0,0.0,8688
27,224,330,0,0.0,0.0,8689
27,227,330,0,0.0,0.0,8690
27,228,330,0,0.0,0.0,8691
27,229,330,0,0.0,0.0,8692
27,232,330,0,0.0,0.0,8693
27,234,330,0,0.0,0.0,8694
27,235,330,0,0.0,0.0,8695
27,239,330,0,0.0,0.0,8696
27,241,330,0,0.0,0.0,8697
27,242,330,0,0.0,0.0,8698
27,243,330,0,0.0,0.0,8699
27,250,330,0,0.0,0.0,8700
27,251,330,0,0.0,0.0,8701
27,253,330,0,0.0,0.0,8702
27,255,330,0,0.0,0.0,8703
28,0,330,0,0.0,0.0,8704
28,4,330,0,0.0,0.0,8705
28,7,330,0,0.0,0.0,8706
28,8,330,0,0.0,0.0,8707
28,9,330,0,0.0,0.0,8708
28,11,330,0,0.0,0.0,8709
28,13,330,0,0.0,0.0,8710
28,16,330,0,0.0,0.0,8711
28,19,330,0,0.0,0.0,8712
28,20,330,0,0.0,0.0,8713
28,25,330,0,0.0,0.0,8714
28,27,330,0,0.0,0.0,8715
28,28,330,0,0.0,0.0,8716
28,29,330,0,0.0,0.0,8717
28,30,330,0,0.0,0.0,8718
28,32,330,0,0.0,0.0,8719
28,33,330,0,0.0,0.0,8720
28,37,330,0,0.0,0.0,8721
28,38,330,0,0.0,0.0,8722
28,39,330,0,0.0,0.0,8723
28,41,330,0,0.0,0.0,8724
28,44,330,0,0.0,0.0,8725
28,45,330,0,0.0,0.0,8726
28,50,330,0,0.0,0.0,8727
28,52,330,0,0.0,0.0,8728
28,57,330,0,0.0,0.0,8729
28,61,330,0,0.0,0.0,8730
28,64,330,0,0.0,0.0,8731
28,68,330,0,0.0,0.0,8732
28,73,330,0,0.0,0.0,8733
28,74,330,0,0.0,0.0,8734
28,80,330,0,0.0,0.0,8735
28,81,330,0,0.0,0.0,8736
28,83,330,0,0.0,0.0,8737
28,84,330,0,0.0,0.0,8738
28,85,330,0,0.0,0.0,8739
28,87,330,0,0.0,0.0,8740
28,88,330,0,0.0,0.0,8741
28,90,330,0,0.0,0.0,8742
28,91,330,0,0.0,0.0,8743
28,93,330,0,0.0,0.0,8744
28,94,330,0,0.0,0.0,8745
28,95,330,0,0.0,0.0,8746
28,96,330,0,0.0,0.0,8747
28,99,330,0,0.0,0.0,8748
28,101,330,0,0.0,0.0,8749
28,102,330,0,0.0,0.0,8750
28,106,330,0,0.0,0.0,8751
28,108,330,0,0.0,0.0,8752
28,110,330,0,0.0,0.0,8753
28,111,330,0,0.0,0.0,8754
28,116,330,0,0.0,0.0,8755
28,119,330,0,0.0,0.0,8756
28,120,330,0,0.0,0.0,8757
28,123,330,0,0.0,0.0,8758
28,124,330,0,0.0,0.0,8759
28,125,330,0,0.0,0.0,8760
28,126,330,0,0.0,0.0,8761
28,128,330,0,0.0,0.0,8762
28,129,330,0,0.0,0.0,8763
28,133,330,0,0.0,0.0,8764
28,135,330,0,0.0,0.0,8765
28,136,330,0,0.0,0.0,8766
28,137,330,0,0.0,0.0,8767
28,140,330,0,0.0,0.0,8768
28,142,330,0,0.0,0.0,8769
28,145,330,0,0.0,0.0,8770
28,146,330,0,0.0,0.0,8771
28,147,330,0,0.0,0.0,8772
28,153,330,0,0.0,0.0,8773
28,154,330,0,0.0,0.0,8774
28,156,330,0,0.0,0.0,8775
28,157,330,0,0.0,0.0,8776
28,162,330,0,0.0,0.0,8777
28,163,330,0,0.0,0.0,8778
28,171,330,0,0.0,0.0,8779
28,172,330,0,0.0,0.0,8780
28,175,330,0,0.0,0.0,8781
28,178,330,0,0.0,0.0,8782
28,180,330,0,0.0,0.0,8783
28,181,330,0,0.0,0.0,8784
28,182,330,0,0.0,0.0,8785
28,184,330,0,0.0,0.0,8786
28,191,330,0,0.0,0.0,8787
28,192,330,0,0.0,0.0,8788
28,193,330,0,0.0,0.0,8789
28,194,330,0,0.0,0.0,8790
28,196,330,0,0.0,0.0,8791
28,197,330,0,0.0,0.0,8792
28,198,330,0,0.0,0.0,8793
28,199,330,0,0.0,0.0,8794
28,202,330,0,0.0,0.0,8795
28,204,330,0,0.0,0.0,8796
28,208,330,0,0.0,0.0,8797
28,213,330,0,0.0,0.0,8798
28,214,330,0,0.0,0.0,8799
28,216,330,0,0.0,0.0,8800
28,217,330,0,0.0,0.0,8801
28,222,330,0,0.0,0.0,8802
28,224,330,0,0.0,0.0,8803
28,225,330,0,0.0,0.0,8804
28,227,330,0,0.0,0.0,8805
28,228,330,0,0.0,0.0,8806
28,229,330,0,0.0,0.0,8807
28,230,330,0,0.0,0.0,8808
28,231,330,0,0.0,0.0,8809
28,232,330,0,0.0,0.0,8810
28,235,330,0,0.0,0.0,8811
28,236,330,0,0.0,0.0,8812
28,237,330,0,0.0,0.0,8813
28,239,330,0,0.0,0.0,8814
28,242,330,0,0.0,0.0,8815
28,243,330,0,0.0,0.0,8816
28,245,330,0,0.0,0.0,8817
28,250,330,0,0.0,0.0,8818
28,254,330,0,0.0,0.0,8819
28,255,330,0,0.0,0.0,8820
29,2,330,0,0.0,0.0,8821
29,4,330,0,0.0,0.0,8822
29,7,330,0,0.0,0.0,8823
29,9,330,0,0.0,0.0,8824
29,10,330,0,0.0,0.0,8825
29,13,330,0,0.0,0.0,8826
29,15,330,0,0.0,0.0,8827
29,19,330,0,0.0,0.0,8828
29,21,330,0,0.0,0.0,8829
29,23,330,0,0.0,0.0,8830
29,25,330,0,0.0,0.0,8831
29,27,330,0,0.0,0.0,8832
29,28,330,0,0.0,0.0,8833
29,31,330,0,0.0,0.0,8834
29,32,330,0,0.0,0.0,8835
29,33,330,0,0.0,0.0,8836
29,35,330,0,0.0,0.0,8837
29,40,330,0,0.0,0.0,8838
29,44,330,0,0.0,0.0,8839
29,46,330,0,0.0,0.0,8840
29,47,330,0,0.0,0.0,8841
29,49,330,0,0.0,0.0,8842
29,50,330,0,0.0,0.0,8843
29,51,330,0,0.0,0.0,8844
29,54,330,0,0.0,0.0,8845
29,55,330,0,0.0,0.0,8846
29,56,330,0,0.0,0.0,8847
29,57,330,0,0.0,0.0,8848
29,58,330,0,0.0,0.0,8849
29,59,330,0,0.0,0.0,8850
29,61,330,0,0.0,0.0,8851
29,62,330,0,0.0,0.0,8852
29,64,330,0,0.0,0.0,8853
29,65,330,0,0.0,0.0,8854
29,69,330,0,0.0,0.0,8855
29,71,330,0,0.0,0.0,8856
29,74,330,0,0.0,0.0,8857
29,75,330,0,0.0,0.0,8858
29,76,330,0,0.0,0.0,8859
29,78,330,0,0.0,0.0,8860
29,81,330,0,0.0,0.0,8861
29,82,330,0,0.0,0.0,8862
29,87,330,0,0.0,0.0,8863
29,88,330,0,0.0,0.0,8864
29,89,330,0,0.0,0.0,8865
29,92,330,0,0.0,0.0,8866
29,98,330,0,0.0,0.0,8867
29,100,330,0,0.0,0.0,8868
29,101,330,0,0.0,0.0,8869
29,103,330,0,0.0,0.0,8870
29,104,330,0,0.0,0.0,8871
29,105,330,0,0.0,0.0,8872
29,108,330,0,0.0,0.0,8873
29,109,330,0,0.0,0.0,8874
29,111,330,0,0.0,0.0,8875
29,113,330,0,0.0,0.0,8876
29,114,330,0,0.0,0.0,8877
29,116,330,0,0.0,0.0,8878
29,122,330,0,0.0,0.0,8879
29,125,330,0,0.0,0.0,8880
29,126,330,0,0.0,0.0,8881
29,129,330,0,0.0,0.0,8882
29,131,330,0,0.0,0.0,8883
29,132,330,0,0.0,0.0,8884
29,133,330,0,0.0,0.0,8885
29,136,330,0,0.0,0.0,8886
29,138,330,0,0.0,0.0,8887
29,140,330,0,0.0,0.0,8888
29,144,330,0,0.0,0.0,8889
29,147,330,0,0.0,0.0,8890
29,153,330,0,0.0,0.0,8891
29,156,330,0,0.0,0.0,8892
29,158,330,0,0.0,0.0,8893
29,162,330,0,0.0,0.0,8894
29,164,330,0,0.0,0.0,8895
29,168,330,0,0.0,0.0,8896
29,173,330,0,0.0,0.0,8897
29,180,330,0,0.0,0.0,8898
29,182,330,0,0.0,0.0,8899
29,183,330,0,0.0,0.0,8900
29,184,330,0,0.0,0.0,8901
29,185,330,0,0.0,0.0,8902
29,187,330,0,0.0,0.0,8903
29,189,330,0,0.0,0.0,8904
29,191,330,0,0.0,0.0,8905
29,197,330,0,0.0,0.0,8906
29,198,330,0,0.0,0.0,8907
29,199,330,0,0.0,0.0,8908
29,201,330,0,0.0,0.0,8909
29,202,330,0,0.0,0.0,8910
29,203,330,0,0.0,0.0,8911
29,204,330,0,0.0,0.0,8912
29,207,330,0,0.0,0.0,8913
29,208,330,0,0.0,0.0,8914
29,213,330,0,0.0,0.0,8915
29,216,330,0,0.0,0.0,8916
29,217,330,0,0.0,0.0,8917
29,220,330,0,0.0,0.0,8918
29,221,330,0,0.0,0.0,8919
29,222,330,0,0.0,0.0,8920
29,223,330,0,0.0,0.0,8921
29,225,330,0,0.0,0.0,8922
29,228,330,0,0.0,0.0,8923
29,229,330,0,0.0,0.0,8924
29,231,330,0,0.0,0.0,8925
29,233,330,0,0.0,0.0,8926
29,237,330,0,0.0,0.0,8927
29,242,330,0,0.0,0.0,8928
29,243,330,0,0.0,0.0,8929
29,246,330,0,0.0,0.0,8930
29,247,330,0,0.0,0.0,8931
29,249,330,0,0.0,0.0,8932
29,251,330,0,0.0,0.0,8933
29,255,330,0,0.0,0.0,8934
30,1,330,0,0.0,0.0,8935
30,4,330,0,0.0,0.0,8936
30,7,330,0,0.0,0.0,8937
30,9,330,0,0.0,0.0,8938
30,11,330,0,0.0,0.0,8939
30,12,330,0,0.0,0.0,8940
30,13,330,0,0.0,0.0,8941
30,14,330,0,0.0,0.0,8942
30,15,330,0,0.0,0.0,8943
30,16,330,0,0.0,0.0,8944
30,17,330,0,0.0,0.0,8945
30,19,330,0,0.0,0.0,8946
30,22,330,0,0.0,0.0,8947
30,23,330,0,0.0,0.0,8948
30,25,330,0,0.0,0.0,8949
30,26,330,0,0.0,0.0,8950
30,27,330,0,0.0,0.0,8951
30,29,330,0,0.0,0.0,8952
30,31,330,0,0.0,0.0,8953
30,32,330,0,0.0,0.0,8954
30,33,330,0,0.0,0.0,8955
30,35,330,0,0.0,0.0,8956
30,36,330,0,0.0,0.0,8957
30,37,330,0,0.0,0.0,8958
30,38,330,0,0.0,0.0,8959
30,40,330,0,0.0,0.0,8960
30,41,330,0,0.0,0.0,8961
30,42,330,0,0.0,0.0,8962
30,47,330,0,0.0,0.0,8963
30,54,330,0,0.0,0.0,8964
30,55,330,0,0.0,0.0,8965
30,58,330,0,0.0,0.0,8966
30,61,330,0,0.0,0.0,8967
30,63,330,0,0.0,0.0,8968
30,64,330,0,0.0,0.0,8969
30,65,330,0,0.0,0.0,8970
30,67,330,0,0.0,0.0,8971
30,70,330,0,0.0,0.0,8972
30,71,330,0,0.0,0.0,8973
30,73,330,0,0.0,0.0,8974
30,74,330,0,0.0,0.0,8975
30,75,330,0,0.0,0.0,8976
30,76,330,0,0.0,0.0,8977
30,78,330,0,0.0,0.0,8978
30,82,330,0,0.0,0.0,8979
30,86,330,0,0.0,0.0,8980
30,90,330,0,0.0,0.0,8981
30,91,330,0,0.0,0.0,8982
30,93,330,0,0.0,0.0,8983
30,96,330,0,0.0,0.0,8984
30,97,330,0,0.0,0.0,8985
30,101,330,0,0.0,0.0,8986
30,104,330,0,0.0,0.0,8987
30,108,330,0,0.0,0.0,8988
30,110,330,0,0.0,0.0,8989
30,114,330,0,0.0,0.0,8990
30,119,330,0,0.0,0.0,8991
30,120,330,0,0.0,0.0,8992
30,121,330,0,0.0,0.0,8993
30,122,330,0,0.0,0.0,8994
30,126,330,0,0.0,0.0,8995
30,127,330,0,0.0,0.0,8996
30,128,330,0,0.0,0.0,8997
30,129,330,0,0.0,0.0,8998
30,130,330,0,0.0,0.0,8999
30,134,330,0,0.0,0.0,9000
30,136,330,0,0.0,0.0,9001
30,137,330,0,0.0,0.0,9002
30,138,330,0,0.0,0.0,9003
30,139,330,0,0.0,0.0,9004
30,149,330,0,0.0,0.0,9005
30,155,330,0,0.0,0.0,9006
30,157,330,0,0.0,0.0,9007
30,158,330,0,0.0,0.0,9008
30,159,330,0,0.0,0.0,9009
30,160,330,0,0.0,0.0,9010
30,162,330,0,0.0,0.0,9011
30,165,330,0,0.0,0.0,9012
30,167,330,0,0.0,0.0,9013
30,170,330,0,0.0,0.0,9014
30,173,330,0,0.0,0.0,9015
30,179,330,0,0.0,0.0,9016
30,180,330,0,0.0,0.0,9017
30,181,330,0,0.0,0.0,9018
30,182,330,0,0.0,0.0,9019
30,185,330,0,0.0,0.0,9020
30,186,330,0,0.0,0.0,9021
30,187,330,0,0.0,0.0,9022
30,190,330,0,0.0,0.0,9023
30,192,330,0,0.0,0.0,9024
30,193,330,0,0.0,0.0,9025
30,197,330,0,0.0,0.0,9026
30,198,330,0,0.0,0.0,9027
30,199,330,0,0.0,0.0,9028
30,200,330,0,0.0,0.0,9029
30,205,330,0,0.0,0.0,9030
30,206,330,0,0.0,0.0,9031
30,210,330,0,0.0,0.0,9032
30,211,330,0,0.0,0.0,9033
30,212,330,0,0.0,0.0,9034
30,216,330,0,0.0,0.0,9035
30,217,330,0,0.0,0.0,9036
30,219,330,0,0.0,0.0,9037
30,221,330,0,0.0,0.0,9038
30,222,330,0,0.0,0.0,9039
30,227,330,0,0.0,0.0,9040
30,228,330,0,0.0,0.0,9041
30,232,330,0,0.0,0.0,9042
30,234,330,0,0.0,0.0,9043
30,236,330,0,0.0,0.0,9044
30,237,330,0,0.0,0.0,9045
30,238,330,0,0.0,0.0,9046
30,239,330,0,0.0,0.0,9047
30,241,330,0,0.0,0.0,9048
30,244,330,0,0.0,0.0,9049
30,245,330,0,0.0,0.0,9050
30,246,330,0,0.0,0.0,9051
30,247,330,0,0.0,0.0,9052
30,248,330,0,0.0,0.0,9053
30,251,330,0,0.0,0.0,9054
30,253,330,0,0.0,0.0,9055
31,2,330,0,0.0,0.0,9056
31,3,330,0,0.0,0.0,9057
31,5,330,0,0.0,0.0,9058
31,6,330,0,0.0,0.0,9059
31,7,330,0,0.0,0.0,9060
31,9,330,0,0.0,0.0,9061
31,16,330,0,0.0,0.0,9062
31,19,330,0,0.0,0.0,9063
31,22,330,0,0.0,0.0,9064
31,25,330,0,0.0,0.0,9065
31,27,330,0,0.0,0.0,9066
31,28,330,0,0.0,0.0,9067
31,33,330,0,0.0,0.0,9068
31,39,330,0,0.0,0.0,9069
31,41,330,0,0.0,0.0,9070
31,44,330,0,0.0,0.0,9071
31,48,330,0,0.0,0.0,9072
31,51,330,0,0.0,0.0,9073
31,55,330,0,0.0,0.0,9074
31,56,330,0,0.0,0.0,9075
31,58,330,0,0.0,0.0,9076
31,59,330,0,0.0,0.0,9077
31,62,330,0,0.0,0.0,9078
31,64,330,0,0.0,0.0,9079
31,67,330,0,0.0,0.0,9080
31,69,330,0,0.0,0.0,9081
31,71,330,0,0.0,0.0,9082
31,76,330,0,0.0,0.0,9083
31,77,330,0,0.0,0.0,9084
31,78,330,0,0.0,0.0,9085
31,81,330,0,0.0,0.0,9086
31,83,330,0,0.0,0.0,9087
31,86,330,0,0.0,0.0,9088
31,97,330,0,0.0,0.0,9089
31,98,330,0,0.0,0.0,9090
31,99,330,0,0.0,0.0,9091
31,100,330,0,0.0,0.0,9092
31,101,330,0,0.0,0.0,9093
31,106,330,0,0.0,0.0,9094
31,109,330,0,0.0,0.0,9095
31,111,330,0,0.0,0.0,9096
31,113,330,0,0.0,0.0,9097
31,117,330,0,0.0,0.0,9098
31,118,330,0,0.0,0.0,9099
31,119,330,0,0.0,0.0,9100
31,121,330,0,0.0,0.0,9101
31,125,330,0,0.0,0.0,9102
31,126,330,0,0.0,0.0,9103
31,128,330,0,0.0,0.0,9104
31,130,330,0,0.0,0.0,9105
31,131,330,0,0.0,0.0,9106
31,135,330,0,0.0,0.0,9107
31,137,330,0,0.0,0.0,9108
31,138,330,0,0.0,0.0,9109
31,139,330,0,0.0,0.0,9110
31,142,330,0,0.0,0.0,9111
31,143,330,0,0.0,0.0,9112
31,145,330,0,0.0,0.0,9113
31,147,330,0,0.0,0.0,9114
31,148,330,0,0.0,0.0,9115
31,149,330,0,0.0,0.0,9116
31,152,330,0,0.0,0.0,9117
31,158,330,0,0.0,0.0,9118
31,159,330,0,0.0,0.0,9119
31,161,330,0,0.0,0.0,9120
31,162,330,0,0.0,0.0,9121
31,163,330,0,0.0,0.0,9122
31,164,330,0,0.0,0.0,9123
31,166,330,0,0.0,0.0,9124
31,167,330,0,0.0,0.0,9125
31,176,330,0,0.0,0.0,9126
31,177,330,0,0.0,0.0,9127
31,180,330,0,0.0,0.0,9128
31,181,330,0,0.0,0.0,9129
31,182,330,0,0.0,0.0,9130
31,183,330,0,0.0,0.0,9131
31,184,330,0,0.0,0.0,9132
31,185,330,0,0.0,0.0,9133
31,187,330,0,0.0,0.0,9134
31,189,330,0,0.0,0.0,9135
31,190,330,0,0.0,0.0,9136
31,195,330,0,0.0,0.0,9137
31,196,330,0,0.0,0.0,9138
31,197,330,0,0.0,0.0,9139
31,198,330,0,0.0,0.0,9140
31,202,330,0,0.0,0.0,9141
31,203,330,0,0.0,0.0,9142
31,204,330,0,0.0,0.0,9143
31,205,330,0,0.0,0.0,9144
31,206,330,0,0.0,0.0,9145
31,209,330,0,0.0,0.0,9146
31,210,330,0,0.0,0.0,9147
31,212,330,0,0.0,0.0,9148
31,213,330,0,0.0,0.0,9149
31,215,330,0,0.0,0.0,9150
31,218,330,0,0.0,0.0,9151
31,220,330,0,0.0,0.0,9152
31,223,330,0,0.0,0.0,9153
31,224,330,0,0.0,0.0,9154
31,225,330,0,0.0,0.0,9155
31,234,330,0,0.0,0.0,9156
31,235,330,0,0.0,0.0,9157
31,236,330,0,0.0,0.0,9158
31,237,330,0,0.0,0.0,9159
31,246,330,0,0.0,0.0,9160
31,247,330,0,0.0,0.0,9161
31,249,330,0,0.0,0.0,9162
31,252,330,0,0.0,0.0,9163
31,253,330,0,0.0,0.0,9164
31,255,330,0,0.0,0.0,9165
32,7,330,0,0.0,0.0,9166
32,8,330,0,0.0,0.0,9167
32,9,330,0,0.0,0.0,9168
32,10,330,0,0.0,0.0,9169
32,11,330,0,0.0,0.0,9170
32,15,330,0,0.0,0.0,9171
32,16,330,0,0.0,0.0,9172
32,18,330,0,0.0,0.0,9173
32,19,330,0,0.0,0.0,9174
32,22,330,0,0.0,0.0,9175
32,24,330,0,0.0,0.0,9176
32,27,330,0,0.0,0.0,9177
32,29,330,0,0.0,0.0,9178
32,30,330,0,0.0,0.0,9179
32,36,330,0,0.0,0.0,9180
32,39,330,0,0.0,0.0,9181
32,40,330,0,0.0,0.0,9182
32,41,330,0,0.0,0.0,9183
32,42,330,0,0.0,0.0,9184
32,48,330,0,0.0,0.0,9185
32,50,330,0,0.0,0.0,9186
32,53,330,0,0.0,0.0,9187
32,54,330,0,0.0,0.0,9188
32,58,330,0,0.0,0.0,9189
32,62,330,0,0.0,0.0,9190
32,65,330,0,0.0,0.0,9191
32,66,330,0,0.0,0.0,9192
32,69,330,0,0.0,0.0,9193
32,70,330,0,0.0,0.0,9194
32,73,330,0,0.0,0.0,9195
32,74,330,0,0.0,0.0,9196
32,75,330,0,0.0,0.0,9197
32,77,330,0,0.0,0.0,9198
32,78,330,0,0.0,0.0,9199
32,79,330,0,0.0,0.0,9200
32,82,330,0,0.0,0.0,9201
32,85,330,0,0.0,0.0,9202
32,86,330,0,0.0,0.0,9203
32,91,330,0,0.0,0.0,9204
32,93,330,0,0.0,0.0,9205
32,94,330,0,0.0,0.0,9206
32,95,330,0,0.0,0.0,9207
32,97,330,0,0.0,0.0,9208
32,99,330,0,0.0,0.0,9209
32,100,330,0,0.0,0.0,9210
32,101,330,0,0.0,0.0,9211
32,104,330,0,0.0,0.0,9212
32,105,330,0,0.0,0.0,9213
32,106,330,0,0.0,0.0,9214
32,107,330,0,0.0,0.0,9215
32,109,330,0,0.0,0.0,9216
32,115,330,0,0.0,0.0,9217
32,116,330,0,0.0,0.0,9218
32,117,330,0,0.0,0.0,9219
32,122,330,0,0.0,0.0,9220
32,124,330,0,0.0,0.0,9221
32,125,330,0,0.0,0.0,9222
32,126,330,0,0.0,0.0,9223
32,127,330,0,0.0,0.0,9224
32,129,330,0,0.0,0.0,9225
32,131,330,0,0.0,0.0,9226
32,134,330,0,0.0,0.0,9227
32,136,330,0,0.0,0.0,9228
32,138,330,0,0.0,0.0,9229
32,139,330,0,0.0,0.0,9230
32,141,330,0,0.0,0.0,9231
32,144,330,0,0.0,0.0,9232
32,145,330,0,0.0,0.0,9233
32,147,330,0,0.0,0.0,9234
32,148,330,0,0.0,0.0,9235
32,149,330,0,0.0,0.0,9236
32,150,330,0,0.0,0.0,9237
32,152,330,0,0.0,0.0,9238
32,153,330,0,0.0,0.0,9239
32,156,330,0,0.0,0.0,9240
32,157,330,0,0.0,0.0,9241
32,159,330,0,0.0,0.0,9242
32,162,330,0,0.0,0.0,9243
32,163,330,0,0.0,0.0,9244
32,164,330,0,0.0,0.0,9245
32,165,330,0,0.0,0.0,9246
32,170,330,0,0.0,0.0,9247
32,171,330,0,0.0,0.0,9248
32,174,330,0,0.0,0.0,9249
32,175,330,0,0.0,0.0,9250
32,176,330,0,0.0,0.0,9251
32,181,330,0,0.0,0.0,9252
32,182,330,0,0.0,0.0,9253
32,183,330,0,0.0,0.0,9254
32,184,330,0,0.0,0.0,9255
32,187,330,0,0.0,0.0,9256
32,188,330,0,0.0,0.0,9257
32,194,330,0,0.0,0.0,9258
32,195,330,0,0.0,0.0,9259
32,198,330,0,0.0,0.0,9260
32,200,330,0,0.0,0.0,9261
32,203,330,0,0.0,0.0,9262
32,206,330,0,0.0,0.0,9263
32,207,330,0,0.0,0.0,9264
32,208,330,0,0.0,0.0,9265
32,209,330,0,0.0,0.0,9266
32,211,330,0,0.0,0.0,9267
32,214,330,0,0.0,0.0,9268
32,217,330,0,0.0,0.0,9269
32,220,330,0,0.0,0.0,9270
32,223,330,0,0.0,0.0,9271
32,234,330,0,0.0,0.0,9272
32,239,330,0,0.0,0.0,9273
32,241,330,0,0.0,0.0,9274
32,243,330,0,0.0,0.0,9275
32,245,330,0,0.0,0.0,9276
32,249,330,0,0.0,0.0,9277
32,252,330,0,0.0,0.0,9278
32,255,330,0,0.0,0.0,9279
33,0,330,0,0.0,0.0,9280
33,1,330,0,0.0,0.0,9281
33,2,330,0,0.0,0.0,9282
33,3,330,0,0.0,0.0,9283
33,4,330,0,0.0,0.0,9284
33,5,330,0,0.0,0.0,9285
33,6,330,0,0.0,0.0,9286
33,12,330,0,0.0,0.0,9287
33,14,330,0,0.0,0.0,9288
33,15,330,0,0.0,0.0,9289
33,17,330,0,0.0,0.0,9290
33,20,330,0,0.0,0.0,9291
33,23,330,0,0.0,0.0,9292
33,24,330,0,0.0,0.0,9293
33,31,330,0,0.0,0.0,9294
33,33,330,0,0.0,0.0,9295
33,34,330,0,0.0,0.0,9296
33,35,330,0,0.0,0.0,9297
33,38,330,0,0.0,0.0,9298
33,39,330,0,0.0,0.0,9299
33,42,330,0,0.0,0.0,9300
33,43,330,0,0.0,0.0,9301
33,45,330,0,0.0,0.0,9302
33,48,330,0,0.0,0.0,9303
33,53,330,0,0.0,0.0,9304
33,55,330,0,0.0,0.0,9305
33,61,330,0,0.0,0.0,9306
33,62,330,0,0.0,0.0,9307
33,64,330,0,0.0,0.0,9308
33,68,330,0,0.0,0.0,9309
33,69,330,0,0.0,0.0,9310
33,71,330,0,0.0,0.0,9311
33,72,330,0,0.0,0.0,9312
33,74,330,0,0.0,0.0,9313
33,75,330,0,0.0,0.0,9314
33,78,330,0,0.0,0.0,9315
33,83,330,0,0.0,0.0,9316
33,85,330,0,0.0,0.0,9317
33,88,330,0,0.0,0.0,9318
33,89,330,0,0.0,0.0,9319
33,94,330,0,0.0,0.0,9320
33,95,330,0,0.0,0.0,9321
33,97,330,0,0.0,0.0,9322
33,98,330,0,0.0,0.0,9323
33,102,330,0,0.0,0.0,9324
33,107,330,0,0.0,0.0,9325
33,109,330,0,0.0,0.0,9326
33,110,330,0,0.0,0.0,9327
33,113,330,0,0.0,0.0,9328
33,115,330,0,0.0,0.0,9329
33,117,330,0,0.0,0.0,9330
33,118,330,0,0.0,0.0,9331
33,119,330,0,0.0,0.0,9332
33,120,330,0,0.0,0.0,9333
33,121,330,0,0.0,0.0,9334
33,132,330,0,0.0,0.0,9335
33,133,330,0,0.0,0.0,9336
33,134,330,0,0.0,0.0,9337
33,135,330,0,0.0,0.0,9338
33,136,330,0,0.0,0.0,9339
33,138,330,0,0.0,0.0,9340
33,140,330,0,0.0,0.0,9341
33,143,330,0,0.0,0.0,9342
33,148,330,0,0.0,0.0,9343
33,149,330,0,0.0,0.0,9344
33,150,330,0,0.0,0.0,9345
33,152,330,0,0.0,0.0,9346
33,154,330,0,0.0,0.0,9347
33,159,330,0,0.0,0.0,9348
33,161,330,0,0.0,0.0,9349
33,162,330,0,0.0,0.0,9350
33,163,330,0,0.0,0.0,9351
33,164,330,0,0.0,0.0,9352
33,165,330,0,0.0,0.0,9353
33,169,330,0,0.0,0.0,9354
33,172,330,0,0.0,0.0,9355
33,173,330,0,0.0,0.0,9356
33,176,330,0,0.0,0.0,9357
33,178,330,0,0.0,0.0,9358
33,181,330,0,0.0,0.0,9359
33,186,330,0,0.0,0.0,9360
33,187,330,0,0.0,0.0,9361
33,188,330,0,0.0,0.0,9362
33,191,330,0,0.0,0.0,9363
33,192,330,0,0.0,0.0,9364
33,195,330,0,0.0,0.0,9365
33,197,330,0,0.0,0.0,9366
33,198,330,0,0.0,0.0,9367
33,200,330,0,0.0,0.0,9368
33,204,330,0,0.0,0.0,9369
33,209,330,0,0.0,0.0,9370
33,210,330,0,0.0,0.0,9371
33,211,330,0,0.0,0.0,9372
33,218,330,0,0.0,0.0,9373
33,219,330,0,0.0,0.0,9374
33,220,330,0,0.0,0.0,9375
33,221,330,0,0.0,0.0,9376
33,222,330,0,0.0,0.0,9377
33,224,330,0,0.0,0.0,9378
33,225,330,0,0.0,0.0,9379
33,227,330,0,0.0,0.0,9380
33,230,330,0,0.0,0.0,9381
33,233,330,0,0.0,0.0,9382
33,240,330,0,0.0,0.0,9383
33,241,330,0,0.0,0.0,9384
33,245,330,0,0.0,0.0,9385
33,251,330,0,0.0,0.0,9386
33,254,330,0,0.0,0.0,9387
34,0,330,0,0.0,0.0,9388
34,2,330,0,0.0,0.0,9389
34,4,330,0,0.0,0.0,9390
34,8,330,0,0.0,0.0,9391
34,11,330,0,0.0,0.0,9392
34,14,330,0,0.0,0.0,9393
34,15,330,0,0.0,0.0,9394
34,17,330,0,0.0,0.0,9395
34,18,330,0,0.0,0.0,9396
34,22,330,0,0.0,0.0,9397
34,24,330,0,0.0,0.0,9398
34,28,330,0,0.0,0.0,9399
34,31,330,0,0.0,0.0,9400
34,32,330,0,0.0,0.0,9401
34,36,330,0,0.0,0.0,9402
34,37,330,0,0.0,0.0,9403
34,38,330,0,0.0,0.0,9404
34,39,330,0,0.0,0.0,9405
34,41,330,0,0.0,0.0,9406
34,43,330,0,0.0,0.0,9407
34,47,330,0,0.0,0.0,9408
34,50,330,0,0.0,0.0,9409
34,51,330,0,0.0,0.0,9410
34,52,330,0,0.0,0.0,9411
34,54,330,0,0.0,0.0,9412
34,57,330,0,0.0,0.0,9413
34,58,330,0,0.0,0.0,9414
34,60,330,0,0.0,0.0,9415
34,61,330,0,0.0,0.0,9416
34,63,330,0,0.0,0.0,9417
34,65,330,0,0.0,0.0,9418
34,66,330,0,0.0,0.0,9419
34,67,330,0,0.0,0.0,9420
34,68,330,0,0.0,0.0,9421
34,72,330,0,0.0,0.0,9422
34,73,330,0,0.0,0.0,9423
34,74,330,0,0.0,0.0,9424
34,78,330,0,0.0,0.0,9425
34,79,330,0,0.0,0.0,9426
34,82,330,0,0.0,0.0,9427
34,83,330,0,0.0,0.0,9428
34,85,330,0,0.0,0.0,9429
34,91,330,0,0.0,0.0,9430
34,95,330,0,0.0,0.0,9431
34,98,330,0,0.0,0.0,9432
34,104,330,0,0.0,0.0,9433
34,107,330,0,0.0,0.0,9434
34,109,330,0,0.0,0.0,9435
34,112,330,0,0.0,0.0,9436
34,117,330,0,0.0,0.0,9437
34,119,330,0,0.0,0.0,9438
34,124,330,0,0.0,0.0,9439
34,126,330,0,0.0,0.0,9440
34,127,330,0,0.0,0.0,9441
34,129,330,0,0.0,0.0,9442
34,130,330,0,0.0,0.0,9443
34,131,330,0,0.0,0.0,9444
34,132,330,0,0.0,0.0,9445
34,136,330,0,0.0,0.0,9446
34,137,330,0,0.0,0.0,9447
34,140,330,0,0.0,0.0,9448
34,148,330,0,0.0,0.0,9449
34,150,330,0,0.0,0.0,9450
34,151,330,0,0.0,0.0,9451
34,152,330,0,0.0,0.0,9452
34,154,330,0,0.0,0.0,9453
34,155,330,0,0.0,0.0,9454
34,156,330,0,0.0,0.0,9455
34,159,330,0,0.0,0.0,9456
34,161,330,0,0.0,0.0,9457
34,167,330,0,0.0,0.0,9458
34,168,330,0,0.0,0.0,9459
34,174,330,0,0.0,0.0,9460
34,175,330,0,0.0,0.0,9461
34,176,330,0,0.0,0.0,9462
34,177,330,0,0.0,0.0,9463
34,181,330,0,0.0,0.0,9464
34,182,330,0,0.0,0.0,9465
34,183,330,0,0.0,0.0,9466
34,185,330,0,0.0,0.0,9467
34,186,330,0,0.0,0.0,9468
34,187,330,0,0.0,0.0,9469
34,188,330,0,0.0,0.0,9470
34,190,330,0,0.0,0.0,9471
34,192,330,0,0.0,0.0,9472
34,193,330,0,0.0,0.0,9473
34,195,330,0,0.0,0.0,9474
34,196,330,0,0.0,0.0,9475
34,197,330,0,0.0,0.0,9476
34,202,330,0,0.0,0.0,9477
34,204,330,0,0.0,0.0,9478
34,205,330,0,0.0,0.0,9479
34,206,330,0,0.0,0.0,9480
34,208,330,0,0.0,0.0,9481
34,209,330,0,0.0,0.0,9482
34,211,330,0,0.0,0.0,9483
34,213,330,0,0.0,0.0,9484
34,215,330,0,0.0,0.0,9485
34,217,330,0,0.0,0.0,9486
34,220,330,0,0.0,0.0,9487
34,221,330,0,0.0,0.0,9488
34,222,330,0,0.0,0.0,9489
34,224,330,0,0.0,0.0,9490
34,227,330,0,0.0,0.0,9491
34,231,330,0,0.0,0.0,9492
34,232,330,0,0.0,0.0,9493
34,234,330,0,0.0,0.0,9494
34,235,330,0,0.0,0.0,9495
34,242,330,0,0.0,0.0,9496
34,248,330,0,0.0,0.0,9497
34,250,330,0,0.0,0.0,9498
34,252,330,0,0.0,0.0,9499
34,254,330,0,0.0,0.0,9500
35,2,330,0,0.0,0.0,9501
35,3,330,0,0.0,0.0,9502
35,12,330,0,0.0,0.0,9503
35,14,330,0,0.0,0.0,9504
35,19,330,0,0.0,0.0,9505
35,20,330,0,0.0,0.0,9506
35,22,330,0,0.0,0.0,9507
35,24,330,0,0.0,0.0,9508
35,28,330,0,0.0,0.0,9509
35,29,330,0,0.0,0.0,9510
35,33,330,0,0.0,0.0,9511
35,35,330,0,0.0,0.0,9512
35,39,330,0,0.0,0.0,9513
35,41,330,0,0.0,0.0,9514
35,43,330,0,0.0,0.0,9515
35,45,330,0,0.0,0.0,9516
35,53,330,0,0.0,0.0,9517
35,54,330,0,0.0,0.0,9518
35,55,330,0,0.0,0.0,9519
35,56,330,0,0.0,0.0,9520
35,63,330,0,0.0,0.0,9521
35,70,330,0,0.0,0.0,9522
35,71,330,0,0.0,0.0,9523
35,72,330,0,0.0,0.0,9524
35,75,330,0,0.0,0.0,9525
35,77,330,0,0.0,0.0,9526
35,79,330,0,0.0,0.0,9527
35,81,330,0,0.0,0.0,9528
35,82,330,0,0.0,0.0,9529
35,86,330,0,0.0,0.0,9530
35,90,330,0,0.0,0.0,9531
35,92,330,0,0.0,0.0,9532
35,97,330,0,0.0,0.0,9533
35,98,330,0,0.0,0.0,9534
35,100,330,0,0.0,0.0,9535
35,102,330,0,0.0,0.0,9536
35,106,330,0,0.0,0.0,9537
35,107,330,0,0.0,0.0,9538
35,112,330,0,0.0,0.0,9539
35,114,330,0,0.0,0.0,9540
35,116,330,0,0.0,0.0,9541
35,121,330,0,0.0,0.0,9542
35,123,330,0,0.0,0.0,9543
35,128,330,0,0.0,0.0,9544
35,129,330,0,0.0,0.0,9545
35,130,330,0,0.0,0.0,9546
35,131,330,0,0.0,0.0,9547
35,137,330,0,0.0,0.0,9548
35,139,330,0,0.0,0.0,9549
35,143,330,0,0.0,0.0,9550
35,145,330,0,0.0,0.0,9551
35,150,330,0,0.0,0.0,9552
35,151,330,0,0.0,0.0,9553
35,152,330,0,0.0,0.0,9554
35,153,330,0,0.0,0.0,9555
35,154,330,0,0.0,0.0,9556
35,157,330,0,0.0,0.0,9557
35,161,330,0,0.0,0.0,9558
35,162,330,0,0.0,0.0,9559
35,163,330,0,0.0,0.0,9560
35,164,330,0,0.0,0.0,9561
35,166,330,0,0.0,0.0,9562
35,167,330,0,0.0,0.0,9563
35,170,330,0,0.0,0.0,9564
35,174,330,0,0.0,0.0,9565
35,175,330,0,0.0,0.0,9566
35,177,330,0,0.0,0.0,9567
35,178,330,0,0.0,0.0,9568
35,181,330,0,0.0,0.0,9569
35,184,330,0,0.0,0.0,9570
35,186,330,0,0.0,0.0,9571
35,188,330,0,0.0,0.0,9572
35,189,330,0,0.0,0.0,9573
35,192,330,0,0.0,0.0,9574
35,195,330,0,0.0,0.0,9575
35,198,330,0,0.0,0.0,9576
35,200,330,0,0.0,0.0,9577
35,201,330,0,0.0,0.0,9578
35,205,330,0,0.0,0.0,9579
35,208,330,0,0.0,0.0,9580
35,211,330,0,0.0,0.0,9581
35,212,330,0,0.0,0.0,9582
35,213,330,0,0.0,0.0,9583
35,215,330,0,0.0,0.0,9584
35,217,330,0,0.0,0.0,9585
35,219,330,0,0.0,0.0,9586
35,220,330,0,0.0,0.0,9587
35,223,330,0,0.0,0.0,9588
35,226,330,0,0.0,0.0,9589
35,227,330,0,0.0,0.0,9590
35,229,330,0,0.0,0.0,9591
35,232,330,0,0.0,0.0,9592
35,235,330,0,0.0,0.0,9593
35,239,330,0,0.0,0.0,9594
35,242,330,0,0.0,0.0,9595
35,244,330,0,0.0,0.0,9596
35,247,330,0,0.0,0.0,9597
35,254,330,0,0.0,0.0,9598
36,6,330,0,0.0,0.0,9599
36,9,330,0,0.0,0.0,9600
36,18,330,0,0.0,0.0,9601
36,19,330,0,0.0,0.0,9602
36,20,330,0,0.0,0.0,9603
36,21,330,0,0.0,0.0,9604
36,24,330,0,0.0,0.0,9605
36,28,330,0,0.0,0.0,9606
36,35,330,0,0.0,0.0,9607
36,38,330,0,0.0,0.0,9608
36,40,330,0,0.0,0.0,9609
36,42,330,0,0.0,0.0,9610
36,43,330,0,0.0,0.0,9611
36,44,330,0,0.0,0.0,9612
36,49,330,0,0.0,0.0,9613
36,51,330,0,0.0,0.0,9614
36,53,330,0,0.0,0.0,9615
36,57,330,0,0.0,0.0,9616
36,65,330,0,0.0,0.0,9617
36,66,330,0,0.0,0.0,9618
36,72,330,0,0.0,0.0,9619
36,74,330,0,0.0,0.0,9620
36,76,330,0,0.0,0.0,9621
36,81,330,0,0.0,0.0,9622
36,83,330,0,0.0,0.0,9623
36,84,330,0,0.0,0.0,9624
36,90,330,0,0.0,0.0,9625
36,93,330,0,0.0,0.0,9626
36,94,330,0,0.0,0.0,9627
36,99,330,0,0.0,0.0,9628
36,100,330,0,0.0,0.0,9629
36,106,330,0,0.0,0.0,9630
36,107,330,0,0.0,0.0,9631
36,111,330,0,0.0,0.0,9632
36,112,330,0,0.0,0.0,9633
36,113,330,0,0.0,0.0,9634
36,115,330,0,0.0,0.0,9635
36,117,330,0,0.0,0.0,9636
36,119,330,0,0.0,0.0,9637
36,121,330,0,0.0,0.0,9638
36,124,330,0,0.0,0.0,9639
36,129,330,0,0.0,0.0,9640
36,136,330,0,0.0,0.0,9641
36,137,330,0,0.0,0.0,9642
36,140,330,0,0.0,0.0,9643
36,143,330,0,0.0,0.0,9644
36,145,330,0,0.0,0.0,9645
36,146,330,0,0.0,0.0,9646
36,148,330,0,0.0,0.0,9647
36,149,330,0,0.0,0.0,9648
36,151,330,0,0.0,0.0,9649
36,152,330,0,0.0,0.0,9650
36,153,330,0,0.0,0.0,9651
36,156,330,0,0.0,0.0,9652
36,157,330,0,0.0,0.0,9653
36,158,330,0,0.0,0.0,9654
36,159,330,0,0.0,0.0,9655
36,160,330,0,0.0,0.0,9656
36,161,330,0,0.0,0.0,9657
36,167,330,0,0.0,0.0,9658
36,168,330,0,0.0,0.0,9659
36,169,330,0,0.0,0.0,9660
36,170,330,0,0.0,0.0,9661
36,172,330,0,0.0,0.0,9662
36,173,330,0,0.0,0.0,9663
36,174,330,0,0.0,0.0,9664
36,175,330,0,0.0,0.0,9665
36,176,330,0,0.0,0.0,9666
36,179,330,0,0.0,0.0,9667
36,183,330,0,0.0,0.0,9668
36,184,330,0,0.0,0.0,9669
36,185,330,0,0.0,0.0,9670
36,186,330,0,0.0,0.0,9671
36,188,330,0,0.0,0.0,9672
36,193,330,0,0.0,0.0,9673
36,200,330,0,0.0,0.0,9674
36,204,330,0,0.0,0.0,9675
36,205,330,0,0.0,0.0,9676
36,206,330,0,0.0,0.0,9677
36,208,330,0,0.0,0.0,9678
36,210,330,0,0.0,0.0,9679
36,211,330,0,0.0,0.0,9680
36,212,330,0,0.0,0.0,9681
36,214,330,0,0.0,0.0,9682
36,219,330,0,0.0,0.0,9683
36,220,330,0,0.0,0.0,9684
36,223,330,0,0.0,0.0,9685
36,227,330,0,0.0,0.0,9686
36,231,330,0,0.0,0.0,9687
36,232,330,0,0.0,0.0,9688
36,233,330,0,0.0,0.0,9689
36,234,330,0,0.0,0.0,9690
36,237,330,0,0.0,0.0,9691
36,242,330,0,0.0,0.0,9692
36,244,330,0,0.0,0.0,9693
36,250,330,0,0.0,0.0,9694
36,251,330,0,0.0,0.0,9695
36,254,330,0,0.0,0.0,9696
37,5,330,0,0.0,0.0,9697
37,8,330,0,0.0,0.0,9698
37,10,330,0,0.0,0.0,9699
37,14,330,0,0.0,0.0,9700
37,15,330,0,0.0,0.0,9701
37,18,330,0,0.0,0.0,9702
37,22,330,0,0.0,0.0,9703
37,30,330,0,0.0,0.0,9704
37,31,330,0,0.0,0.0,9705
37,32,330,0,0.0,0.0,9706
37,35,330,0,0.0,0.0,9707
37,37,330,0,0.0,0.0,9708
37,39,330,0,0.0,0.0,9709
37,40,330,0,0.0,0.0,9710
37,42,330,0,0.0,0.0,9711
37,43,330,0,0.0,0.0,9712
37,51,330,0,0.0,0.0,9713
37,57,330,0,0.0,0.0,9714
37,58,330,0,0.0,0.0,9715
37,61,330,0,0.0,0.0,9716
37,63,330,0,0.0,0.0,9717
37,65,330,0,0.0,0.0,9718
37,74,330,0,0.0,0.0,9719
37,76,330,0,0.0,0.0,9720
37,77,330,0,0.0,0.0,9721
37,80,330,0,0.0,0.0,9722
37,81,330,0,0.0,0.0,9723
37,82,330,0,0.0,0.0,9724
37,84,330,0,0.0,0.0,9725
37,90,330,0,0.0,0.0,9726
37,91,330,0,0.0,0.0,9727
37,92,330,0,0.0,0.0,9728
37,95,330,0,0.0,0.0,9729
37,96,330,0,0.0,0.0,9730
37,100,330,0,0.0,0.0,9731
37,102,330,0,0.0,0.0,9732
37,103,330,0,0.0,0.0,9733
37,109,330,0,0.0,0.0,9734
37,111,330,0,0.0,0.0,9735
37,113,330,0,0.0,0.0,9736
37,114,330,0,0.0,0.0,9737
37,117,330,0,0.0,0.0,9738
37,120,330,0,0.0,0.0,9739
37,126,330,0,0.0,0.0,9740
37,128,330,0,0.0,0.0,9741
37,134,330,0,0.0,0.0,9742
37,135,330,0,0.0,0.0,9743
37,137,330,0,0.0,0.0,9744
37,142,330,0,0.0,0.0,9745
37,147,330,0,0.0,0.0,9746
37,149,330,0,0.0,0.0,9747
37,153,330,0,0.0,0.0,9748
37,159,330,0,0.0,0.0,9749
37,160,330,0,0.0,0.0,9750
37,161,330,0,0.0,0.0,9751
37,163,330,0,0.0,0.0,9752
37,164,330,0,0.0,0.0,9753
37,165,330,0,0.0,0.0,9754
37,166,330,0,0.0,0.0,9755
37,169,330,0,0.0,0.0,9756
37,173,330,0,0.0,0.0,9757
37,176,330,0,0.0,0.0,9758
37,181,330,0,0.0,0.0,9759
37,182,330,0,0.0,0.0,9760
37,183,330,0,0.0,0.0,9761
37,189,330,0,0.0,0.0,9762
37,195,330,0,0.0,0.0,9763
37,203,330,0,0.0,0.0,9764
37,211,330,0,0.0,0.0,9765
37,212,330,0,0.0,0.0,9766
37,218,330,0,0.0,0.0,9767
37,221,330,0,0.0,0.0,9768
37,222,330,0,0.0,0.0,9769
37,223,330,0,0.0,0.0,9770
37,227,330,0,0.0,0.0,9771
37,230,330,0,0.0,0.0,9772
37,231,330,0,0.0,0.0,9773
37,233,330,0,0.0,0.0,9774
37,234,330,0,0.0,0.0,9775
37,238,330,0,0.0,0.0,9776
37,246,330,0,0.0,0.0,9777
37,247,330,0,0.0,0.0,9778
37,250,330,0,0.0,0.0,9779
37,253,330,0,0.0,0.0,9780
37,254,330,0,0.0,0.0,9781
38,0,330,0,0.0,0.0,9782
38,1,330,0,0.0,0.0,9783
38,3,330,0,0.0,0.0,9784
38,6,330,0,0.0,0.0,9785
38,8,330,0,0.0,0.0,9786
38,13,330,0,0.0,0.0,9787
38,16,330,0,0.0,0.0,9788
38,19,330,0,0.0,0.0,9789
38,24,330,0,0.0,0.0,9790
38,27,330,0,0.0,0.0,9791
38,28,330,0,0.0,0.0,9792
38,31,330,0,0.0,0.0,9793
38,34,330,0,0.0,0.0,9794
38,39,330,0,0.0,0.0,9795
38,40,330,0,0.0,0.0,9796
38,42,330,0,0.0,0.0,9797
38,44,330,0,0.0,0.0,9798
38,46,330,0,0.0,0.0,9799
38,48,330,0,0.0,0.0,9800
38,50,330,0,0.0,0.0,9801
38,51,330,0,0.0,0.0,9802
38,54,330,0,0.0,0.0,9803
38,59,330,0,0.0,0.0,9804
38,65,330,0,0.0,0.0,9805
38,66,330,0,0.0,0.0,9806
38,67,330,0,0.0,0.0,9807
38,68,330,0,0.0,0.0,9808
38,74,330,0,0.0,0.0,9809
38,75,330,0,0.0,0.0,9810
38,80,330,0,0.0,0.0,9811
38,82,330,0,0.0,0.0,9812
38,85,330,0,0.0,0.0,9813
38,88,330,0,0.0,0.0,9814
38,90,330,0,0.0,0.0,9815
38,93,330,0,0.0,0.0,9816
38,94,330,0,0.0,0.0,9817
38,95,330,0,0.0,0.0,9818
38,97,330,0,0.0,0.0,9819
38,98,330,0,0.0,0.0,9820
38,99,330,0,0.0,0.0,9821
38,101,330,0,0.0,0.0,9822
38,104,330,0,0.0,0.0,9823
38,106,330,0,0.0,0.0,9824
38,108,330,0,0.0,0.0,9825
38,109,330,0,0.0,0.0,9826
38,111,330,0,0.0,0.0,9827
38,113,330,0,0.0,0.0,9828
38,117,330,0,0.0,0.0,9829
38,118,330,0,0.0,0.0,9830
38,123,330,0,0.0,0.0,9831
38,129,330,0,0.0,0.0,9832
38,130,330,0,0.0,0.0,9833
38,131,330,0,0.0,0.0,9834
38,135,330,0,0.0,0.0,9835
38,136,330,0,0.0,0.0,9836
38,139,330,0,0.0,0.0,9837
38,143,330,0,0.0,0.0,9838
38,149,330,0,0.0,0.0,9839
38,150,330,0,0.0,0.0,9840
38,154,330,0,0.0,0.0,9841
38,155,330,0,0.0,0.0,9842
38,156,330,0,0.0,0.0,9843
38,157,330,0,0.0,0.0,9844
38,158,330,0,0.0,0.0,9845
38,160,330,0,0.0,0.0,9846
38,163,330,0,0.0,0.0,9847
38,164,330,0,0.0,0.0,9848
38,166,330,0,0.0,0.0,9849
38,168,330,0,0.0,0.0,9850
38,170,330,0,0.0,0.0,9851
38,172,330,0,0.0,0.0,9852
38,173,330,0,0.0,0.0,9853
38,174,330,0,0.0,0.0,9854
38,176,330,0,0.0,0.0,9855
38,177,330,0,0.0,0.0,9856
38,180,330,0,0.0,0.0,9857
38,181,330,0,0.0,0.0,9858
38,183,330,0,0.0,0.0,9859
38,186,330,0,0.0,0.0,9860
38,187,330,0,0.0,0.0,9861
38,188,330,0,0.0,0.0,9862
38,189,330,0,0.0,0.0,9863
38,194,330,0,0.0,0.0,9864
38,199,330,0,0.0,0.0,9865
38,202,330,0,0.0,0.0,9866
38,208,330,0,0.0,0.0,9867
38,209,330,0,0.0,0.0,9868
38,211,330,0,0.0,0.0,9869
38,217,330,0,0.0,0.0,9870
38,225,330,0,0.0,0.0,9871
38,227,330,0,0.0,0.0,9872
38,231,330,0,0.0,0.0,9873
38,238,330,0,0.0,0.0,9874
38,241,330,0,0.0,0.0,9875
38,245,330,0,0.0,0.0,9876
38,247,330,0,0.0,0.0,9877
38,249,330,0,0.0,0.0,9878
38,254,330,0,0.0,0.0,9879
39,0,330,0,0.0,0.0,9880
39,2,330,0,0.0,0.0,9881
39,4,330,0,0.0,0.0,9882
39,7,330,0,0.0,0.0,9883
39,8,330,0,0.0,0.0,9884
39,9,330,0,0.0,0.0,9885
39,10,330,0,0.0,0.0,9886
39,13,330,0,0.0,0.0,9887
39,16,330,0,0.0,0.0,9888
39,21,330,0,0.0,0.0,9889
39,22,330,0,0.0,0.0,9890
39,24,330,0,0.0,0.0,9891
39,27,330,0,0.0,0.0,9892
39,29,330,0,0.0,0.0,9893
39,30,330,0,0.0,0.0,9894
39,31,330,0,0.0,0.0,9895
39,32,330,0,0.0,0.0,9896
39,37,330,0,0.0,0.0,9897
39,39,330,0,0.0,0.0,9898
39,43,330,0,0.0,0.0,9899
39,46,330,0,0.0,0.0,9900
39,49,330,0,0.0,0.0,9901
39,51,330,0,0.0,0.0,9902
39,52,330,0,0.0,0.0,9903
39,53,330,0,0.0,0.0,9904
39,54,330,0,0.0,0.0,9905
39,56,330,0,0.0,0.0,9906
39,57,330,0,0.0,0.0,9907
39,60,330,0,0.0,0.0,9908
39,61,330,0,0.0,0.0,9909
39,63,330,0,0.0,0.0,9910
39,67,330,0,0.0,0.0,9911
39,70,330,0,0.0,0.0,9912
39,73,330,0,0.0,0.0,9913
39,74,330,0,0.0,0.0,9914
39,75,330,0,0.0,0.0,9915
39,76,330,0,0.0,0.0,9916
39,86,330,0,0.0,0.0,9917
39,91,330,0,0.0,0.0,9918
39,94,330,0,0.0,0.0,9919
39,98,330,0,0.0,0.0,9920
39,100,330,0,0.0,0.0,9921
39,101,330,0,0.0,0.0,9922
39,103,330,0,0.0,0.0,9923
39,104,330,0,0.0,0.0,9924
39,106,330,0,0.0,0.0,9925
39,107,330,0,0.0,0.0,9926
39,112,330,0,0.0,0.0,9927
39,113,330,0,0.0,0.0,9928
39,118,330,0,0.0,0.0,9929
39,122,330,0,0.0,0.0,9930
39,125,330,0,0.0,0.0,9931
39,127,330,0,0.0,0.0,9932
39,128,330,0,0.0,0.0,9933
39,130,330,0,0.0,0.0,9934
39,132,330,0,0.0,0.0,9935
39,133,330,0,0.0,0.0,9936
39,136,330,0,0.0,0.0,9937
39,143,330,0,0.0,0.0,9938
39,146,330,0,0.0,0.0,9939
39,148,330,0,0.0,0.0,9940
39,149,330,0,0.0,0.0,9941
39,150,330,0,0.0,0.0,9942
39,153,330,0,0.0,0.0,9943
39,156,330,0,0.0,0.0,9944
39,157,330,0,0.0,0.0,9945
39,159,330,0,0.0,0.0,9946
39,161,330,0,0.0,0.0,9947
39,166,330,0,0.0,0.0,9948
39,168,330,0,0.0,0.0,9949
39,169,330,0,0.0,0.0,9950
39,170,330,0,0.0,0.0,9951
39,171,330,0,0.0,0.0,9952
39,174,330,0,0.0,0.0,9953
39,175,330,0,0.0,0.0,9954
39,179,330,0,0.0,0.0,9955
39,180,330,0,0.0,0.0,9956
39,182,330,0,0.0,0.0,9957
39,183,330,0,0.0,0.0,9958
39,187,330,0,0.0,0.0,9959
39,193,330,0,0.0,0.0,9960
39,196,330,0,0.0,0.0,9961
39,197,330,0,0.0,0.0,9962
39,198,330,0,0.0,0.0,9963
39,200,330,0,0.0,0.0,9964
39,204,330,0,0.0,0.0,9965
39,210,330,0,0.0,0.0,9966
39,212,330,0,0.0,0.0,9967
39,214,330,0,0.0,0.0,9968
39,215,330,0,0.0,0.0,9969
39,218,330,0,0.0,0.0,9970
39,219,330,0,0.0,0.0,9971
39,220,330,0,0.0,0.0,9972
39,223,330,0,0.0,0.0,9973
39,224,330,0,0.0,0.0,9974
39,226,330,0,0.0,0.0,9975
39,227,330,0,0.0,0.0,9976
39,229,330,0,0.0,0.0,9977
39,235,330,0,0.0,0.0,9978
39,239,330,0,0.0,0.0,9979
39,240,330,0,0.0,0.0,9980
39,244,330,0,0.0,0.0,9981
39,246,330,0,0.0,0.0,9982
39,247,330,0,0.0,0.0,9983
39,251,330,0,0.0,0.0,9984
