layer,seed,level,group_size,experts_json,target_delta_nll,control_delta_nll,causal_specificity
3,17,0,32,"[145, 83, 255, 126, 58, 109, 27, 19, 40, 139, 11, 158, 171, 210, 198, 108, 84, 57, 185, 114, 203, 181, 253, 148, 16, 50, 131, 77, 81, 117, 143, 110]",0.013792896643280983,-0.022509532049298286,0.013792896643280983
3,17,0,32,"[236, 206, 252, 149, 170, 56, 111, 63, 20, 91, 214, 200, 194, 12, 67, 197, 118, 155, 28, 30, 211, 34, 230, 154, 93, 188, 10, 48, 136, 29, 15, 102]",0.03746451437473297,0.023694314062595367,0.019693778827786446
3,17,0,32,"[70, 99, 120, 209, 180, 90, 94, 199, 151, 86, 212, 129, 7, 247, 101, 217, 14, 88, 147, 244, 165, 92, 240, 173, 204, 229, 159, 35, 231, 177, 23, 47]",0.031552501022815704,-0.0029938274528831244,0.031552501022815704
3,17,0,32,"[13, 254, 130, 245, 220, 21, 78, 162, 116, 42, 66, 38, 152, 224, 243, 46, 107, 249, 125, 31, 235, 62, 79, 238, 174, 201, 164, 246, 191, 248, 208, 112]",-0.008328263647854328,-0.013697180896997452,-0.008328263647854328
3,17,0,32,"[241, 123, 32, 179, 89, 178, 193, 156, 60, 71, 219, 222, 25, 59, 228, 54, 144, 26, 133, 69, 45, 233, 141, 146, 160, 43, 226, 218, 51, 122, 96, 135]",0.053796399384737015,0.02262350544333458,0.03682877030223608
3,17,0,32,"[189, 95, 87, 68, 168, 205, 132, 221, 33, 44, 251, 100, 22, 53, 176, 163, 124, 239, 234, 150, 76, 195, 5, 186, 64, 73, 142, 182, 103, 166, 17, 215]",0.028792310506105423,-0.014772886410355568,0.028792310506105423
3,17,0,32,"[232, 121, 106, 225, 9, 227, 6, 61, 2, 104, 0, 80, 140, 52, 113, 18, 65, 216, 169, 119, 36, 187, 161, 134, 153, 3, 213, 137, 184, 4, 24, 128]",0.020975571125745773,-0.01506915595382452,0.020975571125745773
3,17,0,32,"[8, 37, 172, 250, 183, 202, 196, 157, 105, 127, 242, 138, 223, 167, 207, 49, 97, 41, 72, 39, 55, 1, 192, 237, 175, 98, 190, 74, 82, 75, 85, 115]",0.029780592769384384,-0.03482038900256157,0.029780592769384384
3,17,1,16,"[241, 123, 32, 179, 89, 178, 193, 156, 60, 71, 219, 222, 25, 59, 228, 54]",0.0008684253552928567,-0.028249382972717285,0.0008684253552928567
3,17,1,16,"[144, 26, 133, 69, 45, 233, 141, 146, 160, 43, 226, 218, 51, 122, 96, 135]",0.05065252259373665,-0.028136303648352623,0.05065252259373665
3,17,1,16,"[70, 99, 120, 209, 180, 90, 94, 199, 151, 86, 212, 129, 7, 247, 101, 217]",0.008548729121685028,-0.021608812734484673,0.008548729121685028
3,17,1,16,"[14, 88, 147, 244, 165, 92, 240, 173, 204, 229, 159, 35, 231, 177, 23, 47]",0.03514837101101875,-0.01043390017002821,0.03514837101101875
3,17,1,16,"[8, 37, 172, 250, 183, 202, 196, 157, 105, 127, 242, 138, 223, 167, 207, 49]",0.015281502157449722,-0.021063346415758133,0.015281502157449722
3,17,1,16,"[97, 41, 72, 39, 55, 1, 192, 237, 175, 98, 190, 74, 82, 75, 85, 115]",0.01786046475172043,-0.04642152786254883,0.01786046475172043
3,17,1,16,"[189, 95, 87, 68, 168, 205, 132, 221, 33, 44, 251, 100, 22, 53, 176, 163]",0.04228765517473221,-0.020522575825452805,0.04228765517473221
3,17,1,16,"[124, 239, 234, 150, 76, 195, 5, 186, 64, 73, 142, 182, 103, 166, 17, 215]",0.016632458195090294,0.021549729630351067,0.00047016097232699394
3,17,2,8,"[144, 26, 133, 69, 45, 233, 141, 146]",0.04201744869351387,-0.003205894259735942,0.04201744869351387
3,17,2,8,"[160, 43, 226, 218, 51, 122, 96, 135]",0.024693917483091354,-0.01213671825826168,0.024693917483091354
3,17,2,8,"[189, 95, 87, 68, 168, 205, 132, 221]",0.030137691646814346,0.007212436757981777,0.024728364078328013
3,17,2,8,"[33, 44, 251, 100, 22, 53, 176, 163]",0.019043195992708206,-0.010165151208639145,0.019043195992708206
3,17,2,8,"[14, 88, 147, 244, 165, 92, 240, 173]",0.04199759662151337,0.015467277728021145,0.030397138325497508
3,17,2,8,"[204, 229, 159, 35, 231, 177, 23, 47]",0.01426842249929905,-0.02468789555132389,0.01426842249929905
3,17,2,8,"[97, 41, 72, 39, 55, 1, 192, 237]",0.005389542784541845,-0.0033992493990808725,0.005389542784541845
3,17,2,8,"[175, 98, 190, 74, 82, 75, 85, 115]",0.061735838651657104,-0.029955826699733734,0.061735838651657104
3,17,3,4,"[175, 98, 190, 74]",0.028186392039060593,0.02103016898036003,0.01241376530379057
3,17,3,4,"[82, 75, 85, 115]",-0.00652437936514616,-0.013559774495661259,-0.00652437936514616
3,17,3,4,"[144, 26, 133, 69]",0.06106331944465637,0.001029590959660709,0.06029112622491084
3,17,3,4,"[45, 233, 141, 146]",0.00662837503477931,0.01948869414627552,-0.00798814557492733
3,17,3,4,"[14, 88, 147, 244]",0.0005011201137676835,0.0034411936067044735,-0.0020797750912606716
3,17,3,4,"[165, 92, 240, 173]",0.04466259479522705,-0.005844712257385254,0.04466259479522705
3,17,3,4,"[189, 95, 87, 68]",0.032010242342948914,0.02813137136399746,0.010911713819950819
3,17,3,4,"[168, 205, 132, 221]",0.028954634442925453,-0.00195592874661088,0.028954634442925453
3,17,4,2,"[144, 26]",0.003391103819012642,0.031239788979291916,-0.020038737915456295
3,17,4,2,"[133, 69]",0.05310925841331482,0.010738730430603027,0.04505521059036255
3,17,4,2,"[165, 92]",0.011754965409636497,-0.003182545304298401,0.011754965409636497
3,17,4,2,"[240, 173]",-0.00533016212284565,-0.005829306785017252,-0.00533016212284565
3,17,4,2,"[168, 205]",0.028979532420635223,0.046142369508743286,-0.005627244710922241
3,17,4,2,"[132, 221]",0.004730634856969118,0.01516172755509615,-0.006640660809352994
3,17,4,2,"[175, 98]",0.05109795928001404,0.028337569907307625,0.02984478184953332
3,17,4,2,"[190, 74]",0.009323768317699432,0.022009246051311493,-0.007183166220784187
3,17,5,1,[133],-0.00371022941544652,0.027649061754345894,-0.02444702573120594
3,17,5,1,[69],0.029435019940137863,-0.010605662129819393,0.029435019940137863
3,17,5,1,[175],0.014005039818584919,0.0040435791015625,0.010972355492413044
3,17,5,1,[98],0.00444858567789197,0.02721470408141613,-0.015962442383170128
3,17,5,1,[165],-0.01405331864953041,0.01794770546257496,-0.02751409774646163
3,17,5,1,[92],-0.011835580691695213,-0.019823182374238968,-0.011835580691695213
3,17,5,1,[240],0.0012994766002520919,0.014615229330956936,-0.00966194539796561
3,17,5,1,[173],0.013073230162262917,0.014994833618402481,0.0018271049484610558
3,53,0,32,"[65, 199, 216, 254, 146, 195, 252, 193, 11, 48, 157, 60, 188, 53, 20, 105, 179, 45, 77, 76, 49, 186, 230, 160, 25, 185, 3, 68, 15, 93, 74, 150]",0.04339170455932617,-0.01832978054881096,0.04339170455932617
3,53,0,32,"[87, 142, 218, 8, 67, 42, 210, 90, 92, 170, 183, 149, 69, 110, 192, 220, 54, 129, 198, 38, 95, 235, 18, 203, 99, 212, 214, 30, 63, 7, 84, 247]",0.10631057620048523,-0.027865871787071228,0.10631057620048523
3,53,0,32,"[255, 79, 172, 178, 52, 123, 128, 139, 94, 26, 108, 182, 114, 47, 32, 165, 196, 102, 34, 209, 83, 46, 180, 111, 13, 107, 144, 28, 154, 191, 19, 215]",-0.016978129744529724,-0.04078974574804306,-0.016978129744529724
3,53,0,32,"[41, 16, 222, 201, 227, 138, 243, 237, 91, 43, 148, 141, 155, 158, 241, 132, 176, 66, 31, 98, 194, 184, 171, 100, 246, 187, 229, 122, 236, 202, 119, 17]",0.05793236568570137,-0.019015247002243996,0.05793236568570137
3,53,0,32,"[137, 206, 239, 190, 85, 197, 133, 166, 233, 156, 161, 152, 177, 174, 217, 5, 134, 120, 168, 97, 35, 208, 162, 221, 44, 4, 86, 113, 112, 106, 143, 136]",-0.0023958825040608644,-0.019980812445282936,-0.0023958825040608644
3,53,0,32,"[207, 121, 9, 242, 124, 116, 211, 147, 88, 58, 27, 159, 56, 181, 55, 151, 70, 173, 6, 115, 21, 204, 248, 10, 50, 24, 40, 249, 226, 135, 73, 29]",0.006879440508782864,-0.03287264332175255,0.006879440508782864
3,53,0,32,"[205, 234, 125, 131, 140, 1, 244, 51, 81, 2, 80, 59, 0, 163, 72, 231, 62, 37, 89, 103, 117, 33, 175, 145, 36, 71, 219, 64, 164, 238, 12, 78]",0.03485120087862015,-0.014026369899511337,0.03485120087862015
3,53,0,32,"[167, 126, 39, 228, 232, 127, 153, 169, 23, 213, 240, 96, 57, 245, 200, 250, 109, 224, 22, 223, 118, 130, 225, 101, 14, 189, 251, 104, 82, 61, 253, 75]",0.010713978670537472,-0.025166451930999756,0.010713978670537472
3,53,1,16,"[87, 142, 218, 8, 67, 42, 210, 90, 92, 170, 183, 149, 69, 110, 192, 220]",0.06572550535202026,-0.0015145355137065053,0.06572550535202026
3,53,1,16,"[54, 129, 198, 38, 95, 235, 18, 203, 99, 212, 214, 30, 63, 7, 84, 247]",0.03208782523870468,0.008559014648199081,0.02566856425255537
3,53,1,16,"[41, 16, 222, 201, 227, 138, 243, 237, 91, 43, 148, 141, 155, 158, 241, 132]",0.03505527600646019,0.029621394351124763,0.012839230243116617
3,53,1,16,"[176, 66, 31, 98, 194, 184, 171, 100, 246, 187, 229, 122, 236, 202, 119, 17]",0.026505714282393456,0.005652023945003748,0.022266696323640645
3,53,1,16,"[65, 199, 216, 254, 146, 195, 252, 193, 11, 48, 157, 60, 188, 53, 20, 105]",0.05306468531489372,-0.0031915372237563133,0.05306468531489372
3,53,1,16,"[179, 45, 77, 76, 49, 186, 230, 160, 25, 185, 3, 68, 15, 93, 74, 150]",0.018117740750312805,-0.007864671759307384,0.018117740750312805
3,53,1,16,"[205, 234, 125, 131, 140, 1, 244, 51, 81, 2, 80, 59, 0, 163, 72, 231]",0.017582286149263382,-0.02097446471452713,0.017582286149263382
3,53,1,16,"[62, 37, 89, 103, 117, 33, 175, 145, 36, 71, 219, 64, 164, 238, 12, 78]",0.028834901750087738,-0.006233335938304663,0.028834901750087738
3,53,2,8,"[87, 142, 218, 8, 67, 42, 210, 90]",0.03888021036982536,0.0023501263931393623,0.03711761557497084
3,53,2,8,"[92, 170, 183, 149, 69, 110, 192, 220]",0.042291950434446335,-0.02224837802350521,0.042291950434446335
3,53,2,8,"[65, 199, 216, 254, 146, 195, 252, 193]",0.01941787824034691,-0.024914130568504333,0.01941787824034691
3,53,2,8,"[11, 48, 157, 60, 188, 53, 20, 105]",0.03827862814068794,-0.00192961934953928,0.03827862814068794
3,53,2,8,"[62, 37, 89, 103, 117, 33, 175, 145]",0.025698047131299973,0.015643415972590446,0.013965485151857138
3,53,2,8,"[36, 71, 219, 64, 164, 238, 12, 78]",-0.0018151343101635575,-0.0028649282176047564,-0.0018151343101635575
3,53,2,8,"[54, 129, 198, 38, 95, 235, 18, 203]",0.04274279251694679,0.01183614507317543,0.03386568371206522
3,53,2,8,"[99, 212, 214, 30, 63, 7, 84, 247]",0.04314863309264183,0.014934847131371498,0.03194749774411321
3,53,3,4,"[92, 170, 183, 149]",-0.010742273181676865,-0.011459900066256523,-0.010742273181676865
3,53,3,4,"[69, 110, 192, 220]",0.024607429280877113,-0.007069310173392296,0.024607429280877113
3,53,3,4,"[11, 48, 157, 60]",0.03858156502246857,-0.019141707569360733,0.03858156502246857
3,53,3,4,"[188, 53, 20, 105]",0.020062116906046867,-0.009602484293282032,0.020062116906046867
3,53,3,4,"[87, 142, 218, 8]",-0.019108600914478302,0.005766211077570915,-0.02343325922265649
3,53,3,4,"[67, 42, 210, 90]",0.01025449763983488,0.002660533180460334,0.00825909775448963
3,53,3,4,"[54, 129, 198, 38]",0.010871581733226776,0.0012902432354167104,0.009903899306664243
3,53,3,4,"[95, 235, 18, 203]",0.024829065427184105,-0.0017919844249263406,0.024829065427184105
3,53,4,2,"[11, 48]",0.012956993654370308,0.02368139661848545,-0.00480405380949378
3,53,4,2,"[157, 60]",0.008596738800406456,0.00813722237944603,0.0024938220158219337
3,53,4,2,"[95, 235]",0.014425260946154594,-0.035309743136167526,0.014425260946154594
3,53,4,2,"[18, 203]",0.03287354111671448,0.006457835901528597,0.02803016419056803
3,53,4,2,"[69, 110]",0.0489337220788002,-0.013567093759775162,0.0489337220788002
3,53,4,2,"[192, 220]",0.024729814380407333,-0.009482416324317455,0.024729814380407333
3,53,4,2,"[188, 53]",0.04088137298822403,0.01845189556479454,0.027042451314628124
3,53,4,2,"[20, 105]",0.02031039632856846,-0.006625248119235039,0.02031039632856846
3,53,5,1,[69],0.029435019940137863,-0.010605662129819393,0.029435019940137863
3,53,5,1,[110],0.00237164250575006,-0.006107963155955076,0.00237164250575006
3,53,5,1,[18],0.020120009779930115,0.005983905401080847,0.01563208072911948
3,53,5,1,[203],0.058145489543676376,0.01719929277896881,0.04524601995944977
3,53,5,1,[188],0.053217414766550064,0.0018246095860376954,0.05184895757702179
3,53,5,1,[53],0.002574616577476263,0.012553106993436813,-0.006840213667601347
3,53,5,1,[192],0.020041532814502716,-0.014394056051969528,0.020041532814502716
3,53,5,1,[220],0.054844923317432404,-0.004996548406779766,0.054844923317432404
3,101,0,32,"[221, 20, 101, 99, 119, 217, 82, 13, 71, 72, 127, 133, 23, 241, 5, 18, 237, 175, 107, 211, 77, 252, 125, 2, 86, 57, 92, 189, 197, 94, 89, 130]",0.029133500531315804,0.022270312532782555,0.012430766131728888
3,101,0,32,"[236, 76, 253, 15, 117, 16, 102, 66, 156, 191, 135, 167, 176, 84, 106, 91, 4, 228, 190, 35, 165, 48, 45, 198, 112, 43, 21, 230, 105, 124, 67, 63]",0.020485028624534607,-0.017671076580882072,0.020485028624534607
3,101,0,32,"[188, 255, 10, 30, 158, 87, 59, 14, 97, 17, 150, 243, 74, 55, 148, 145, 210, 149, 95, 154, 103, 9, 207, 12, 201, 179, 22, 88, 24, 249, 61, 195]",-0.017291974276304245,0.007374472450464964,-0.022822828614152968
3,101,0,32,"[78, 11, 178, 3, 80, 128, 238, 33, 200, 141, 202, 111, 53, 137, 152, 83, 177, 96, 220, 115, 60, 245, 68, 218, 0, 118, 173, 1, 39, 157, 242, 65]",0.06353697180747986,-0.00717545161023736,0.06353697180747986
3,101,0,32,"[19, 180, 50, 233, 69, 194, 225, 139, 75, 250, 110, 146, 116, 251, 64, 163, 51, 126, 7, 120, 248, 140, 34, 161, 203, 129, 232, 109, 70, 172, 26, 81]",0.0841202512383461,-0.004421538207679987,0.0841202512383461
3,101,0,32,"[98, 229, 227, 122, 181, 93, 254, 184, 28, 174, 192, 144, 171, 121, 162, 90, 246, 213, 235, 231, 132, 142, 222, 170, 168, 58, 215, 196, 136, 199, 155, 108]",-0.003791708964854479,0.0008434688788838685,-0.00442431062401738
3,101,0,32,"[32, 147, 56, 143, 151, 27, 187, 153, 208, 46, 223, 224, 169, 159, 113, 85, 42, 138, 182, 62, 31, 52, 6, 104, 244, 226, 123, 214, 131, 44, 134, 209]",0.028628239408135414,-0.06834229826927185,0.028628239408135414
3,101,0,32,"[185, 239, 193, 186, 240, 100, 29, 204, 247, 205, 41, 183, 49, 36, 160, 40, 8, 73, 25, 164, 38, 47, 216, 37, 212, 54, 234, 206, 79, 219, 166, 114]",-0.0060784220695495605,-0.035675883293151855,-0.0060784220695495605
3,101,1,16,"[19, 180, 50, 233, 69, 194, 225, 139, 75, 250, 110, 146, 116, 251, 64, 163]",0.05426081269979477,-0.02635211870074272,0.05426081269979477
3,101,1,16,"[51, 126, 7, 120, 248, 140, 34, 161, 203, 129, 232, 109, 70, 172, 26, 81]",-0.0036182701587677,-0.005559433251619339,-0.0036182701587677
3,101,1,16,"[78, 11, 178, 3, 80, 128, 238, 33, 200, 141, 202, 111, 53, 137, 152, 83]",0.03363579139113426,-0.009688925929367542,0.03363579139113426
3,101,1,16,"[177, 96, 220, 115, 60, 245, 68, 218, 0, 118, 173, 1, 39, 157, 242, 65]",0.055917009711265564,-0.02083541452884674,0.055917009711265564
3,101,1,16,"[32, 147, 56, 143, 151, 27, 187, 153, 208, 46, 223, 224, 169, 159, 113, 85]",0.035332027822732925,-0.03882567584514618,0.035332027822732925
3,101,1,16,"[42, 138, 182, 62, 31, 52, 6, 104, 244, 226, 123, 214, 131, 44, 134, 209]",0.009380364790558815,-0.015100669115781784,0.009380364790558815
3,101,1,16,"[236, 76, 253, 15, 117, 16, 102, 66, 156, 191, 135, 167, 176, 84, 106, 91]",0.0472947396337986,-0.0032579863909631968,0.0472947396337986
3,101,1,16,"[4, 228, 190, 35, 165, 48, 45, 198, 112, 43, 21, 230, 105, 124, 67, 63]",0.042861517518758774,-0.016234468668699265,0.042861517518758774
3,101,2,8,"[177, 96, 220, 115, 60, 245, 68, 218]",0.019382845610380173,-0.026067376136779785,0.019382845610380173
3,101,2,8,"[0, 118, 173, 1, 39, 157, 242, 65]",0.03878966346383095,-0.029259093105793,0.03878966346383095
3,101,2,8,"[19, 180, 50, 233, 69, 194, 225, 139]",0.01935688778758049,-0.03030434437096119,0.01935688778758049
3,101,2,8,"[75, 250, 110, 146, 116, 251, 64, 163]",0.03935700282454491,-0.011266598477959633,0.03935700282454491
3,101,2,8,"[236, 76, 253, 15, 117, 16, 102, 66]",0.016523318365216255,0.037328269332647324,-0.011472883634269238
3,101,2,8,"[156, 191, 135, 167, 176, 84, 106, 91]",0.011667506769299507,0.001907201367430389,0.010237105743726715
3,101,2,8,"[4, 228, 190, 35, 165, 48, 45, 198]",0.029168324545025826,-0.01608722284436226,0.029168324545025826
3,101,2,8,"[112, 43, 21, 230, 105, 124, 67, 63]",0.03449414670467377,-0.0059993816539645195,0.03449414670467377
3,101,3,4,"[75, 250, 110, 146]",0.02584005333483219,-0.023278985172510147,0.02584005333483219
3,101,3,4,"[116, 251, 64, 163]",0.005527698900550604,-0.006800384726375341,0.005527698900550604
3,101,3,4,"[0, 118, 173, 1]",0.023774588480591774,0.0014514082577079535,0.02268603228731081
3,101,3,4,"[39, 157, 242, 65]",0.03755968064069748,-0.007734793238341808,0.03755968064069748
3,101,3,4,"[112, 43, 21, 230]",0.002808172721415758,-0.005871362052857876,0.002808172721415758
3,101,3,4,"[105, 124, 67, 63]",0.03532543033361435,0.013154037296772003,0.025459902361035347
3,101,3,4,"[4, 228, 190, 35]",0.036727871745824814,-0.013190182857215405,0.036727871745824814
3,101,3,4,"[165, 48, 45, 198]",0.019389495253562927,0.03417731449007988,-0.006243490613996983
3,101,4,2,"[39, 157]",-0.0004962909151799977,0.008939748629927635,-0.007201102387625724
3,101,4,2,"[242, 65]",0.022814318537712097,-0.02620966173708439,0.022814318537712097
3,101,4,2,"[4, 228]",0.011818254366517067,0.016673332080245018,-0.0006867446936666965
3,101,4,2,"[190, 35]",0.014763209037482738,-0.01266013365238905,0.014763209037482738
3,101,4,2,"[75, 250]",-0.004744234029203653,0.020939603447914124,-0.020448936615139246
3,101,4,2,"[110, 146]",0.0352998785674572,-0.0068364739418029785,0.0352998785674572
3,101,4,2,"[105, 124]",0.018258007243275642,0.004875143989920616,0.01460164925083518
3,101,4,2,"[67, 63]",0.006720885168761015,0.0014163232408463955,0.005658642738126218
3,101,5,1,[110],0.00237164250575006,-0.006107963155955076,0.00237164250575006
3,101,5,1,[146],0.010782808996737003,0.009434389881789684,0.00370701658539474
3,101,5,1,[242],0.033721305429935455,-0.006260061636567116,0.033721305429935455
3,101,5,1,[65],0.018161388114094734,-0.008921705186367035,0.018161388114094734
3,101,5,1,[190],0.020112358033657074,0.017584985122084618,0.006923619192093611
3,101,5,1,[35],0.01636502891778946,0.0030476832762360573,0.014079266460612416
3,101,5,1,[105],0.024759192019701004,-0.012843310832977295,0.024759192019701004
3,101,5,1,[124],-0.007549011614173651,0.015443983487784863,-0.019131999230012298
3,211,0,32,"[106, 107, 44, 204, 162, 97, 109, 98, 14, 119, 164, 116, 183, 126, 117, 57, 72, 177, 145, 87, 118, 34, 0, 37, 151, 79, 102, 128, 49, 31, 130, 6]",0.025237688794732094,-0.03654317930340767,0.025237688794732094
3,211,0,32,"[27, 159, 75, 36, 249, 8, 120, 231, 163, 160, 68, 236, 32, 26, 246, 48, 154, 125, 83, 219, 141, 192, 214, 206, 101, 252, 152, 33, 64, 135, 175, 13]",0.053368739783763885,-0.05737230181694031,0.053368739783763885
3,211,0,32,"[10, 110, 144, 217, 71, 211, 234, 9, 208, 113, 238, 244, 228, 207, 95, 185, 171, 69, 254, 88, 173, 105, 63, 210, 58, 243, 216, 225, 77, 21, 169, 178]",0.06915473937988281,-0.022952856495976448,0.06915473937988281
3,211,0,32,"[94, 38, 190, 229, 100, 245, 74, 227, 156, 29, 56, 132, 22, 7, 78, 55, 41, 16, 143, 220, 104, 138, 139, 5, 1, 158, 195, 114, 147, 181, 172, 148]",0.015596449375152588,-0.013968821614980698,0.015596449375152588
3,211,0,32,"[11, 213, 200, 222, 65, 191, 165, 19, 133, 93, 199, 137, 180, 2, 232, 186, 4, 39, 218, 52, 50, 253, 202, 85, 215, 251, 86, 182, 20, 53, 131, 240]",0.008236880414187908,-0.06636707484722137,0.008236880414187908
3,211,0,32,"[242, 235, 226, 123, 168, 248, 62, 112, 111, 239, 146, 176, 35, 221, 224, 205, 184, 80, 194, 25, 40, 230, 140, 70, 201, 47, 18, 198, 76, 247, 45, 223]",-0.009133043698966503,-0.025411544367671013,-0.009133043698966503
3,211,0,32,"[61, 67, 121, 237, 99, 66, 92, 150, 24, 89, 43, 23, 174, 167, 209, 212, 179, 51, 60, 188, 82, 157, 127, 142, 108, 241, 134, 30, 17, 187, 103, 91]",0.018714994192123413,0.0028949021361768246,0.016543817589990795
3,211,0,32,"[81, 3, 161, 155, 149, 15, 197, 73, 59, 28, 46, 115, 42, 96, 189, 170, 124, 196, 250, 193, 12, 166, 153, 54, 122, 233, 84, 136, 255, 90, 129, 203]",0.00885003712028265,-0.02505633793771267,0.00885003712028265
3,211,1,16,"[10, 110, 144, 217, 71, 211, 234, 9, 208, 113, 238, 244, 228, 207, 95, 185]",0.009310083463788033,-0.0335899218916893,0.009310083463788033
3,211,1,16,"[171, 69, 254, 88, 173, 105, 63, 210, 58, 243, 216, 225, 77, 21, 169, 178]",0.05795171856880188,-0.022143803536891937,0.05795171856880188
3,211,1,16,"[27, 159, 75, 36, 249, 8, 120, 231, 163, 160, 68, 236, 32, 26, 246, 48]",0.04409290850162506,-0.009190458804368973,0.04409290850162506
3,211,1,16,"[154, 125, 83, 219, 141, 192, 214, 206, 101, 252, 152, 33, 64, 135, 175, 13]",0.013556880876421928,0.008828291669487953,0.0069356621243059635
3,211,1,16,"[106, 107, 44, 204, 162, 97, 109, 98, 14, 119, 164, 116, 183, 126, 117, 57]",0.02216377668082714,-0.009185424074530602,0.02216377668082714
3,211,1,16,"[72, 177, 145, 87, 118, 34, 0, 37, 151, 79, 102, 128, 49, 31, 130, 6]",0.015536471270024776,-0.02051045186817646,0.015536471270024776
3,211,1,16,"[61, 67, 121, 237, 99, 66, 92, 150, 24, 89, 43, 23, 174, 167, 209, 212]",0.02470272220671177,-0.009455077350139618,0.02470272220671177
3,211,1,16,"[179, 51, 60, 188, 82, 157, 127, 142, 108, 241, 134, 30, 17, 187, 103, 91]",0.015891212970018387,0.0031885309144854546,0.013499814784154296
3,211,2,8,"[171, 69, 254, 88, 173, 105, 63, 210]",0.05399184301495552,0.00031327069154940546,0.05375688999629347
3,211,2,8,"[58, 243, 216, 225, 77, 21, 169, 178]",0.010874076746404171,0.021107982844114304,-0.004956910386681557
3,211,2,8,"[27, 159, 75, 36, 249, 8, 120, 231]",0.015351896174252033,-0.01097105536609888,0.015351896174252033
3,211,2,8,"[163, 160, 68, 236, 32, 26, 246, 48]",0.022333931177854538,0.0020156651735305786,0.020822182297706604
3,211,2,8,"[61, 67, 121, 237, 99, 66, 92, 150]",-0.011053950525820255,0.006969715468585491,-0.016281237127259374
3,211,2,8,"[24, 89, 43, 23, 174, 167, 209, 212]",0.030001625418663025,-0.013696045614778996,0.030001625418663025
3,211,2,8,"[106, 107, 44, 204, 162, 97, 109, 98]",0.02357630804181099,0.02713678777217865,0.003223717212677002
3,211,2,8,"[14, 119, 164, 116, 183, 126, 117, 57]",0.024996943771839142,0.008311351761221886,0.018763429950922728
3,211,3,4,"[171, 69, 254, 88]",0.02777993120253086,-0.019541265442967415,0.02777993120253086
3,211,3,4,"[173, 105, 63, 210]",0.030337879434227943,0.01565385051071644,0.018597491551190615
3,211,3,4,"[24, 89, 43, 23]",0.013093598186969757,0.02306469716131687,-0.004204924684017897
3,211,3,4,"[174, 167, 209, 212]",-0.001473765354603529,-0.015534739941358566,-0.001473765354603529
3,211,3,4,"[163, 160, 68, 236]",0.011368934065103531,-0.0017459327355027199,0.011368934065103531
3,211,3,4,"[32, 26, 246, 48]",0.04568200930953026,0.005306849256157875,0.04170187236741185
3,211,3,4,"[14, 119, 164, 116]",0.0077455900609493256,-0.005868956912308931,0.0077455900609493256
3,211,3,4,"[183, 126, 117, 57]",0.016716329380869865,0.025318598374724388,-0.0022726194001734257
3,211,4,2,"[32, 26]",0.019363978877663612,-0.003128036856651306,0.019363978877663612
3,211,4,2,"[246, 48]",0.007262930739670992,0.019260331988334656,-0.00718231825158
3,211,4,2,"[171, 69]",0.02940371446311474,-0.007476247381418943,0.02940371446311474
3,211,4,2,"[254, 88]",0.02022554911673069,0.002611733041703701,0.018266749335452914
3,211,4,2,"[173, 105]",0.032467447221279144,0.022405071184039116,0.015663643833249807
3,211,4,2,"[63, 210]",0.028643140569329262,0.006341676693409681,0.023886883049272
3,211,4,2,"[163, 160]",0.02329225465655327,0.008877119980752468,0.016634414670988917
3,211,4,2,"[68, 236]",0.034230489283800125,0.023472342640161514,0.01662623230367899
3,211,5,1,[171],0.009564714506268501,-0.011933583766222,0.009564714506268501
3,211,5,1,[69],0.029435019940137863,-0.010605662129819393,0.029435019940137863
3,211,5,1,[63],0.028580689802765846,0.019956113770604134,0.013613604474812746
3,211,5,1,[210],0.008450023829936981,-0.011742396280169487,0.008450023829936981
3,211,5,1,[32],0.029693707823753357,0.01210050843656063,0.020618326496332884
3,211,5,1,[26],0.02806827984750271,0.002996023278683424,0.02582126238849014
3,211,5,1,[254],0.025300778448581696,0.005223285406827927,0.02138331439346075
3,211,5,1,[88],0.03008047118782997,0.018186114728450775,0.01644088514149189
32,17,0,32,"[145, 83, 255, 126, 58, 109, 27, 19, 40, 139, 11, 158, 171, 210, 198, 108, 84, 57, 185, 114, 203, 181, 253, 148, 16, 50, 131, 77, 81, 117, 143, 110]",0.007418649271130562,-0.005365171004086733,0.007418649271130562
32,17,0,32,"[236, 206, 252, 149, 170, 56, 111, 63, 20, 91, 214, 200, 194, 12, 67, 197, 118, 155, 28, 30, 211, 34, 230, 154, 93, 188, 10, 48, 136, 29, 15, 102]",0.040994707494974136,-0.006715737748891115,0.040994707494974136
32,17,0,32,"[70, 99, 120, 209, 180, 90, 94, 199, 151, 86, 212, 129, 7, 247, 101, 217, 14, 88, 147, 244, 165, 92, 240, 173, 204, 229, 159, 35, 231, 177, 23, 47]",0.03665667772293091,0.017584873363375664,0.02346802270039916
32,17,0,32,"[13, 254, 130, 245, 220, 21, 78, 162, 116, 42, 66, 38, 152, 224, 243, 46, 107, 249, 125, 31, 235, 62, 79, 238, 174, 201, 164, 246, 191, 248, 208, 112]",-0.07398457825183868,0.0025326437316834927,-0.0758840610506013
32,17,0,32,"[241, 123, 32, 179, 89, 178, 193, 156, 60, 71, 219, 222, 25, 59, 228, 54, 144, 26, 133, 69, 45, 233, 141, 146, 160, 43, 226, 218, 51, 122, 96, 135]",0.004663252737373114,-0.006764167454093695,0.004663252737373114
32,17,0,32,"[189, 95, 87, 68, 168, 205, 132, 221, 33, 44, 251, 100, 22, 53, 176, 163, 124, 239, 234, 150, 76, 195, 5, 186, 64, 73, 142, 182, 103, 166, 17, 215]",0.005429782904684544,0.00892594177275896,-0.001264673424884677
32,17,0,32,"[232, 121, 106, 225, 9, 227, 6, 61, 2, 104, 0, 80, 140, 52, 113, 18, 65, 216, 169, 119, 36, 187, 161, 134, 153, 3, 213, 137, 184, 4, 24, 128]",0.2003456950187683,-0.020225901156663895,0.2003456950187683
32,17,0,32,"[8, 37, 172, 250, 183, 202, 196, 157, 105, 127, 242, 138, 223, 167, 207, 49, 97, 41, 72, 39, 55, 1, 192, 237, 175, 98, 190, 74, 82, 75, 85, 115]",-0.014656765386462212,-0.02374980039894581,-0.014656765386462212
32,17,1,16,"[232, 121, 106, 225, 9, 227, 6, 61, 2, 104, 0, 80, 140, 52, 113, 18]",0.19661445915699005,-0.019856097176671028,0.19661445915699005
32,17,1,16,"[65, 216, 169, 119, 36, 187, 161, 134, 153, 3, 213, 137, 184, 4, 24, 128]",0.0007246375316753983,-0.0016047024400904775,0.0007246375316753983
32,17,1,16,"[236, 206, 252, 149, 170, 56, 111, 63, 20, 91, 214, 200, 194, 12, 67, 197]",0.03218197822570801,-0.0010730910580605268,0.03218197822570801
32,17,1,16,"[118, 155, 28, 30, 211, 34, 230, 154, 93, 188, 10, 48, 136, 29, 15, 102]",0.021137725561857224,-0.0061799632385373116,0.021137725561857224
32,17,1,16,"[70, 99, 120, 209, 180, 90, 94, 199, 151, 86, 212, 129, 7, 247, 101, 217]",0.00776221277192235,-0.009571573697030544,0.00776221277192235
32,17,1,16,"[14, 88, 147, 244, 165, 92, 240, 173, 204, 229, 159, 35, 231, 177, 23, 47]",0.03901905193924904,0.027680620551109314,0.018258586525917053
32,17,1,16,"[145, 83, 255, 126, 58, 109, 27, 19, 40, 139, 11, 158, 171, 210, 198, 108]",0.005772976670414209,-0.0035257088020443916,0.005772976670414209
32,17,1,16,"[84, 57, 185, 114, 203, 181, 253, 148, 16, 50, 131, 77, 81, 117, 143, 110]",0.00406461488455534,-0.007081214804202318,0.00406461488455534
32,17,2,8,"[232, 121, 106, 225, 9, 227, 6, 61]",0.198454812169075,-0.01716427691280842,0.198454812169075
32,17,2,8,"[2, 104, 0, 80, 140, 52, 113, 18]",0.0061896489933133125,-0.0032882571686059237,0.0061896489933133125
32,17,2,8,"[236, 206, 252, 149, 170, 56, 111, 63]",0.02296995371580124,-0.0037574637681245804,0.02296995371580124
32,17,2,8,"[20, 91, 214, 200, 194, 12, 67, 197]",-6.438732089009136e-05,-0.004324018489569426,-6.438732089009136e-05
32,17,2,8,"[118, 155, 28, 30, 211, 34, 230, 154]",0.008499648422002792,-0.0031608648132532835,0.008499648422002792
32,17,2,8,"[93, 188, 10, 48, 136, 29, 15, 102]",0.01598493568599224,-0.00905546173453331,0.01598493568599224
32,17,2,8,"[14, 88, 147, 244, 165, 92, 240, 173]",0.023596517741680145,0.017514200881123543,0.010460867080837488
32,17,2,8,"[204, 229, 159, 35, 231, 177, 23, 47]",0.018539119511842728,0.012881165370345116,0.008878245484083891
32,17,3,4,"[232, 121, 106, 225]",0.19625607132911682,-0.003894057823345065,0.19625607132911682
32,17,3,4,"[9, 227, 6, 61]",0.004464104305952787,-0.014859462156891823,0.004464104305952787
32,17,3,4,"[236, 206, 252, 149]",0.004049754235893488,-0.002914249897003174,0.004049754235893488
32,17,3,4,"[170, 56, 111, 63]",0.025663288310170174,-0.005595285911113024,0.025663288310170174
32,17,3,4,"[93, 188, 10, 48]",0.0019216894870623946,0.0016352117527276278,0.0006952806725166738
32,17,3,4,"[136, 29, 15, 102]",0.00972189661115408,-0.005191091448068619,0.00972189661115408
32,17,3,4,"[14, 88, 147, 244]",-0.00733556505292654,-0.010616246610879898,-0.00733556505292654
32,17,3,4,"[165, 92, 240, 173]",0.026406170800328255,0.028835730627179146,0.004779372829943895
32,17,4,2,"[232, 121]",0.19890576601028442,-0.0029793488793075085,0.19890576601028442
32,17,4,2,"[106, 225]",0.002030591946095228,-0.002214136067777872,0.002030591946095228
32,17,4,2,"[170, 56]",-0.0004365730274002999,0.0011874705087393522,-0.001327175908954814
32,17,4,2,"[111, 63]",0.011836392804980278,-0.0027064394671469927,0.011836392804980278
32,17,4,2,"[136, 29]",0.000529599201399833,-0.0005730879493057728,0.000529599201399833
32,17,4,2,"[15, 102]",0.005787713453173637,-0.010575423017144203,0.005787713453173637
32,17,4,2,"[165, 92]",0.022106807678937912,0.031465593725442886,-0.0014923876151442528
32,17,4,2,"[240, 173]",0.007406418211758137,-0.0010030936682596803,0.007406418211758137
32,17,5,1,[232],0.00048804760444909334,-0.007683162111788988,0.00048804760444909334
32,17,5,1,[121],0.19668816030025482,-0.003272832604125142,0.19668816030025482
32,17,5,1,[111],0.00854496005922556,0.003528259927406907,0.005898765113670379
32,17,5,1,[63],0.020467054098844528,-0.0031384534668177366,0.020467054098844528
32,17,5,1,[240],0.003573355730623007,0.0032861358486115932,0.0011087538441643119
32,17,5,1,[173],0.0028536724857985973,-0.0050533548928797245,0.0028536724857985973
32,17,5,1,[15],0.007118020206689835,-0.004580010659992695,0.007118020206689835
32,17,5,1,[102],0.007604513317346573,-0.004640489351004362,0.007604513317346573
32,53,0,32,"[65, 199, 216, 254, 146, 195, 252, 193, 11, 48, 157, 60, 188, 53, 20, 105, 179, 45, 77, 76, 49, 186, 230, 160, 25, 185, 3, 68, 15, 93, 74, 150]",-0.00427699089050293,-0.013113211840391159,-0.00427699089050293
32,53,0,32,"[87, 142, 218, 8, 67, 42, 210, 90, 92, 170, 183, 149, 69, 110, 192, 220, 54, 129, 198, 38, 95, 235, 18, 203, 99, 212, 214, 30, 63, 7, 84, 247]",0.044725287705659866,0.02366550639271736,0.026976157911121845
32,53,0,32,"[255, 79, 172, 178, 52, 123, 128, 139, 94, 26, 108, 182, 114, 47, 32, 165, 196, 102, 34, 209, 83, 46, 180, 111, 13, 107, 144, 28, 154, 191, 19, 215]",0.029163289815187454,-0.0027695607859641314,0.029163289815187454
32,53,0,32,"[41, 16, 222, 201, 227, 138, 243, 237, 91, 43, 148, 141, 155, 158, 241, 132, 176, 66, 31, 98, 194, 184, 171, 100, 246, 187, 229, 122, 236, 202, 119, 17]",-0.05357358604669571,-0.03586948290467262,-0.05357358604669571
32,53,0,32,"[137, 206, 239, 190, 85, 197, 133, 166, 233, 156, 161, 152, 177, 174, 217, 5, 134, 120, 168, 97, 35, 208, 162, 221, 44, 4, 86, 113, 112, 106, 143, 136]",0.015019562095403671,-0.0009904134785756469,0.015019562095403671
32,53,0,32,"[207, 121, 9, 242, 124, 116, 211, 147, 88, 58, 27, 159, 56, 181, 55, 151, 70, 173, 6, 115, 21, 204, 248, 10, 50, 24, 40, 249, 226, 135, 73, 29]",0.20462200045585632,-0.010675383731722832,0.20462200045585632
32,53,0,32,"[205, 234, 125, 131, 140, 1, 244, 51, 81, 2, 80, 59, 0, 163, 72, 231, 62, 37, 89, 103, 117, 33, 175, 145, 36, 71, 219, 64, 164, 238, 12, 78]",-0.020807933062314987,0.016979914158582687,-0.033542868681252
32,53,0,32,"[167, 126, 39, 228, 232, 127, 153, 169, 23, 213, 240, 96, 57, 245, 200, 250, 109, 224, 22, 223, 118, 130, 225, 101, 14, 189, 251, 104, 82, 61, 253, 75]",0.012282151728868484,0.0013460677582770586,0.01127260091016069
32,53,1,16,"[207, 121, 9, 242, 124, 116, 211, 147, 88, 58, 27, 159, 56, 181, 55, 151]",0.19786366820335388,-0.01430606096982956,0.19786366820335388
32,53,1,16,"[70, 173, 6, 115, 21, 204, 248, 10, 50, 24, 40, 249, 226, 135, 73, 29]",0.0030180716421455145,-0.00042160809971392155,0.0030180716421455145
32,53,1,16,"[255, 79, 172, 178, 52, 123, 128, 139, 94, 26, 108, 182, 114, 47, 32, 165]",0.009141533635556698,-0.006133830640465021,0.009141533635556698
32,53,1,16,"[196, 102, 34, 209, 83, 46, 180, 111, 13, 107, 144, 28, 154, 191, 19, 215]",0.023622481152415276,0.0018930662190541625,0.022202681488124654
32,53,1,16,"[87, 142, 218, 8, 67, 42, 210, 90, 92, 170, 183, 149, 69, 110, 192, 220]",0.022108430042862892,0.0196444783359766,0.007375071290880442
32,53,1,16,"[54, 129, 198, 38, 95, 235, 18, 203, 99, 212, 214, 30, 63, 7, 84, 247]",0.013854213058948517,0.005329166539013386,0.009857338154688478
32,53,1,16,"[137, 206, 239, 190, 85, 197, 133, 166, 233, 156, 161, 152, 177, 174, 217, 5]",0.0009056281996890903,0.0067156837321817875,-0.00413113459944725
32,53,1,16,"[134, 120, 168, 97, 35, 208, 162, 221, 44, 4, 86, 113, 112, 106, 143, 136]",0.017628541216254234,-0.005885686259716749,0.017628541216254234
32,53,2,8,"[207, 121, 9, 242, 124, 116, 211, 147]",0.2020886093378067,-0.01228193286806345,0.2020886093378067
32,53,2,8,"[88, 58, 27, 159, 56, 181, 55, 151]",0.0015333271585404873,-0.0006127494852989912,0.0015333271585404873
32,53,2,8,"[196, 102, 34, 209, 83, 46, 180, 111]",0.005428578704595566,-0.0009186547831632197,0.005428578704595566
32,53,2,8,"[13, 107, 144, 28, 154, 191, 19, 215]",0.009093055501580238,-0.00029778003226965666,0.009093055501580238
32,53,2,8,"[134, 120, 168, 97, 35, 208, 162, 221]",0.011234275996685028,-0.007114640902727842,0.011234275996685028
32,53,2,8,"[44, 4, 86, 113, 112, 106, 143, 136]",0.003927652724087238,-0.004726499784737825,0.003927652724087238
32,53,2,8,"[54, 129, 198, 38, 95, 235, 18, 203]",0.004423084203153849,0.0028140938375145197,0.002312513825017959
32,53,2,8,"[99, 212, 214, 30, 63, 7, 84, 247]",0.018031353130936623,-0.0016852999106049538,0.018031353130936623
32,53,3,4,"[207, 121, 9, 242]",0.19488736987113953,-0.0069125439040362835,0.19488736987113953
32,53,3,4,"[124, 116, 211, 147]",0.006122476886957884,-0.013221384026110172,0.006122476886957884
32,53,3,4,"[99, 212, 214, 30]",-0.002281088847666979,0.0006671458249911666,-0.0027814482164103538
32,53,3,4,"[63, 7, 84, 247]",0.024030525237321854,-0.0006899386644363403,0.024030525237321854
32,53,3,4,"[134, 120, 168, 97]",0.004873666912317276,-0.009559555910527706,0.004873666912317276
32,53,3,4,"[35, 208, 162, 221]",0.011179769411683083,-0.00151248334441334,0.011179769411683083
32,53,3,4,"[13, 107, 144, 28]",0.00890925619751215,-0.005754530895501375,0.00890925619751215
32,53,3,4,"[154, 191, 19, 215]",0.009421134367585182,0.0025028777308762074,0.007543976069428027
32,53,4,2,"[207, 121]",0.19980010390281677,0.00035617887624539435,0.19953296974563273
32,53,4,2,"[9, 242]",0.0032152796629816294,0.0007532089948654175,0.0026503729168325663
32,53,4,2,"[63, 7]",0.02101040631532669,-0.001749433926306665,0.02101040631532669
32,53,4,2,"[84, 247]",0.00523669458925724,-0.008521290495991707,0.00523669458925724
32,53,4,2,"[35, 208]",0.004163227044045925,-0.0023244237527251244,0.004163227044045925
32,53,4,2,"[162, 221]",0.0035373736172914505,0.000985123566351831,0.0027985309425275773
32,53,4,2,"[13, 107]",0.005784585606306791,-0.003628829726949334,0.005784585606306791
32,53,4,2,"[144, 28]",0.005764138884842396,-0.0014008289435878396,0.005764138884842396
32,53,5,1,[207],0.00387604464776814,-0.00042042494169436395,0.00387604464776814
32,53,5,1,[121],0.19668816030025482,-0.003272832604125142,0.19668816030025482
32,53,5,1,[63],0.020467054098844528,-0.0031384534668177366,0.020467054098844528
32,53,5,1,[7],0.002025651978328824,-0.006203487049788237,0.002025651978328824
32,53,5,1,[13],0.010063949041068554,-0.005070697050541639,0.010063949041068554
32,53,5,1,[107],0.005718667525798082,-0.0036149544175714254,0.005718667525798082
32,53,5,1,[144],0.005634913221001625,-0.0011087054153904319,0.005634913221001625
32,53,5,1,[28],0.0054818009957671165,-0.003373520914465189,0.0054818009957671165
32,101,0,32,"[221, 20, 101, 99, 119, 217, 82, 13, 71, 72, 127, 133, 23, 241, 5, 18, 237, 175, 107, 211, 77, 252, 125, 2, 86, 57, 92, 189, 197, 94, 89, 130]",0.04375508427619934,-0.013223035261034966,0.04375508427619934
32,101,0,32,"[236, 76, 253, 15, 117, 16, 102, 66, 156, 191, 135, 167, 176, 84, 106, 91, 4, 228, 190, 35, 165, 48, 45, 198, 112, 43, 21, 230, 105, 124, 67, 63]",0.039064932614564896,0.00433350307866931,0.03581480530556291
32,101,0,32,"[188, 255, 10, 30, 158, 87, 59, 14, 97, 17, 150, 243, 74, 55, 148, 145, 210, 149, 95, 154, 103, 9, 207, 12, 201, 179, 22, 88, 24, 249, 61, 195]",-0.006786925718188286,-0.0016155767953023314,-0.006786925718188286
32,101,0,32,"[78, 11, 178, 3, 80, 128, 238, 33, 200, 141, 202, 111, 53, 137, 152, 83, 177, 96, 220, 115, 60, 245, 68, 218, 0, 118, 173, 1, 39, 157, 242, 65]",-0.01130757573992014,0.00041495918412692845,-0.011618795128015336
32,101,0,32,"[19, 180, 50, 233, 69, 194, 225, 139, 75, 250, 110, 146, 116, 251, 64, 163, 51, 126, 7, 120, 248, 140, 34, 161, 203, 129, 232, 109, 70, 172, 26, 81]",-0.012769421562552452,-0.004890881013125181,-0.012769421562552452
32,101,0,32,"[98, 229, 227, 122, 181, 93, 254, 184, 28, 174, 192, 144, 171, 121, 162, 90, 246, 213, 235, 231, 132, 142, 222, 170, 168, 58, 215, 196, 136, 199, 155, 108]",0.20127716660499573,-0.019876105710864067,0.20127716660499573
32,101,0,32,"[32, 147, 56, 143, 151, 27, 187, 153, 208, 46, 223, 224, 169, 159, 113, 85, 42, 138, 182, 62, 31, 52, 6, 104, 244, 226, 123, 214, 131, 44, 134, 209]",-0.06385646015405655,-0.015121178701519966,-0.06385646015405655
32,101,0,32,"[185, 239, 193, 186, 240, 100, 29, 204, 247, 205, 41, 183, 49, 36, 160, 40, 8, 73, 25, 164, 38, 47, 216, 37, 212, 54, 234, 206, 79, 219, 166, 114]",0.01277926191687584,0.009408441372215748,0.005722930887714028
32,101,1,16,"[98, 229, 227, 122, 181, 93, 254, 184, 28, 174, 192, 144, 171, 121, 162, 90]",0.20683947205543518,-0.03108430653810501,0.20683947205543518
32,101,1,16,"[246, 213, 235, 231, 132, 142, 222, 170, 168, 58, 215, 196, 136, 199, 155, 108]",0.010124013759195805,0.011245477944612503,0.0016899053007364273
32,101,1,16,"[221, 20, 101, 99, 119, 217, 82, 13, 71, 72, 127, 133, 23, 241, 5, 18]",0.0281828586012125,0.0011128091719001532,0.027348251722287387
32,101,1,16,"[237, 175, 107, 211, 77, 252, 125, 2, 86, 57, 92, 189, 197, 94, 89, 130]",0.012249133549630642,-0.006188652478158474,0.012249133549630642
32,101,1,16,"[236, 76, 253, 15, 117, 16, 102, 66, 156, 191, 135, 167, 176, 84, 106, 91]",0.005577511619776487,-0.002505768556147814,0.005577511619776487
32,101,1,16,"[4, 228, 190, 35, 165, 48, 45, 198, 112, 43, 21, 230, 105, 124, 67, 63]",0.03208828344941139,0.0030791377648711205,0.029778930125758052
32,101,1,16,"[185, 239, 193, 186, 240, 100, 29, 204, 247, 205, 41, 183, 49, 36, 160, 40]",0.004757034592330456,0.010111361742019653,-0.002826486714184284
32,101,1,16,"[8, 73, 25, 164, 38, 47, 216, 37, 212, 54, 234, 206, 79, 219, 166, 114]",0.007509064860641956,-0.0019274932565167546,0.007509064860641956
32,101,2,8,"[98, 229, 227, 122, 181, 93, 254, 184]",0.018893232569098473,-0.027461262419819832,0.018893232569098473
32,101,2,8,"[28, 174, 192, 144, 171, 121, 162, 90]",0.19953753054141998,-0.010180165991187096,0.19953753054141998
32,101,2,8,"[4, 228, 190, 35, 165, 48, 45, 198]",0.00790594331920147,0.0004551231977529824,0.007564600920886733
32,101,2,8,"[112, 43, 21, 230, 105, 124, 67, 63]",0.028752589598298073,0.0024931132793426514,0.026882754638791084
32,101,2,8,"[221, 20, 101, 99, 119, 217, 82, 13]",0.01383121032267809,0.0008430558373220265,0.01319891844468657
32,101,2,8,"[71, 72, 127, 133, 23, 241, 5, 18]",0.015173430554568768,0.00494095915928483,0.011467711185105145
32,101,2,8,"[237, 175, 107, 211, 77, 252, 125, 2]",-0.005779717117547989,-0.019548850134015083,-0.005779717117547989
32,101,2,8,"[86, 57, 92, 189, 197, 94, 89, 130]",0.023639917373657227,0.029080543667078018,0.001829509623348713
32,101,3,4,"[28, 174, 192, 144]",0.0018255781615152955,-0.0025804322212934494,0.0018255781615152955
32,101,3,4,"[171, 121, 162, 90]",0.19551554322242737,-0.008724871091544628,0.19551554322242737
32,101,3,4,"[112, 43, 21, 230]",0.0011587929911911488,0.0055272988975048065,-0.002986681181937456
32,101,3,4,"[105, 124, 67, 63]",0.02761913277208805,-0.005385132040828466,0.02761913277208805
32,101,3,4,"[98, 229, 227, 122]",0.017576703801751137,-0.0171533040702343,0.017576703801751137
32,101,3,4,"[181, 93, 254, 184]",0.0008826255798339844,-0.007750802673399448,0.0008826255798339844
32,101,3,4,"[221, 20, 101, 99]",0.0009660994983278215,0.0008322465582750738,0.00034191457962151617
32,101,3,4,"[119, 217, 82, 13]",0.01219598576426506,0.0008055138750933111,0.011591850357945077
32,101,4,2,"[171, 121]",0.19733919203281403,-0.0034172111190855503,0.19733919203281403
32,101,4,2,"[162, 90]",-0.004470870364457369,-0.0033430070616304874,-0.004470870364457369
32,101,4,2,"[105, 124]",-0.00114230636972934,-0.0004885279922746122,-0.00114230636972934
32,101,4,2,"[67, 63]",0.02037784643471241,-0.0013319182908162475,0.02037784643471241
32,101,4,2,"[98, 229]",0.018535759299993515,-0.004051573108881712,0.018535759299993515
32,101,4,2,"[227, 122]",0.0025656961370259523,-0.015554146841168404,0.0025656961370259523
32,101,4,2,"[119, 217]",0.0022784017492085695,-0.005351460538804531,0.0022784017492085695
32,101,4,2,"[82, 13]",0.010063949041068554,-0.005070697050541639,0.010063949041068554
32,101,5,1,[171],0.004895320162177086,-0.002258702414110303,0.004895320162177086
32,101,5,1,[121],0.19668816030025482,-0.003272832604125142,0.19668816030025482
32,101,5,1,[67],0.0013245773734524846,0.0008113372605293989,0.0007160744280554354
32,101,5,1,[63],0.020467054098844528,-0.0031384534668177366,0.020467054098844528
32,101,5,1,[98],0.0031264687422662973,-0.00043791174539364874,0.0031264687422662973
32,101,5,1,[229],0.01808219403028488,-0.0021095997653901577,0.01808219403028488
32,101,5,1,[82],0.0,0.0,0.0
32,101,5,1,[13],0.010063949041068554,-0.005070697050541639,0.010063949041068554
32,211,0,32,"[106, 107, 44, 204, 162, 97, 109, 98, 14, 119, 164, 116, 183, 126, 117, 57, 72, 177, 145, 87, 118, 34, 0, 37, 151, 79, 102, 128, 49, 31, 130, 6]",-0.05062621086835861,0.014010402373969555,-0.06113401264883578
32,211,0,32,"[27, 159, 75, 36, 249, 8, 120, 231, 163, 160, 68, 236, 32, 26, 246, 48, 154, 125, 83, 219, 141, 192, 214, 206, 101, 252, 152, 33, 64, 135, 175, 13]",0.024954890832304955,0.0031821548473089933,0.02256827469682321
32,211,0,32,"[10, 110, 144, 217, 71, 211, 234, 9, 208, 113, 238, 244, 228, 207, 95, 185, 171, 69, 254, 88, 173, 105, 63, 210, 58, 243, 216, 225, 77, 21, 169, 178]",0.008629417046904564,-0.005652991123497486,0.008629417046904564
32,211,0,32,"[94, 38, 190, 229, 100, 245, 74, 227, 156, 29, 56, 132, 22, 7, 78, 55, 41, 16, 143, 220, 104, 138, 139, 5, 1, 158, 195, 114, 147, 181, 172, 148]",0.008176658302545547,-0.027870159596204758,0.008176658302545547
32,211,0,32,"[11, 213, 200, 222, 65, 191, 165, 19, 133, 93, 199, 137, 180, 2, 232, 186, 4, 39, 218, 52, 50, 253, 202, 85, 215, 251, 86, 182, 20, 53, 131, 240]",0.011967969126999378,0.004478077869862318,0.00860941072460264
32,211,0,32,"[242, 235, 226, 123, 168, 248, 62, 112, 111, 239, 146, 176, 35, 221, 224, 205, 184, 80, 194, 25, 40, 230, 140, 70, 201, 47, 18, 198, 76, 247, 45, 223]",-0.032778095453977585,0.0080279391258955,-0.03879904979839921
32,211,0,32,"[61, 67, 121, 237, 99, 66, 92, 150, 24, 89, 43, 23, 174, 167, 209, 212, 179, 51, 60, 188, 82, 157, 127, 142, 108, 241, 134, 30, 17, 187, 103, 91]",0.19844818115234375,0.0010613453341647983,0.19765217215172015
32,211,0,32,"[81, 3, 161, 155, 149, 15, 197, 73, 59, 28, 46, 115, 42, 96, 189, 170, 124, 196, 250, 193, 12, 166, 153, 54, 122, 233, 84, 136, 255, 90, 129, 203]",0.007852480746805668,-0.017828917130827904,0.007852480746805668
32,211,1,16,"[61, 67, 121, 237, 99, 66, 92, 150, 24, 89, 43, 23, 174, 167, 209, 212]",0.196410670876503,-0.001984912669286132,0.196410670876503
32,211,1,16,"[179, 51, 60, 188, 82, 157, 127, 142, 108, 241, 134, 30, 17, 187, 103, 91]",0.011003839783370495,-0.01031860988587141,0.011003839783370495
32,211,1,16,"[27, 159, 75, 36, 249, 8, 120, 231, 163, 160, 68, 236, 32, 26, 246, 48]",0.01382441259920597,-0.002875528298318386,0.01382441259920597
32,211,1,16,"[154, 125, 83, 219, 141, 192, 214, 206, 101, 252, 152, 33, 64, 135, 175, 13]",0.015043840743601322,-0.0027027642354369164,0.015043840743601322
32,211,1,16,"[10, 110, 144, 217, 71, 211, 234, 9, 208, 113, 238, 244, 228, 207, 95, 185]",-0.01412898302078247,-0.0012199878692626953,-0.01412898302078247
32,211,1,16,"[171, 69, 254, 88, 173, 105, 63, 210, 58, 243, 216, 225, 77, 21, 169, 178]",0.021943697705864906,-0.00667323125526309,0.021943697705864906
32,211,1,16,"[11, 213, 200, 222, 65, 191, 165, 19, 133, 93, 199, 137, 180, 2, 232, 186]",0.011739237233996391,-0.001678618835285306,0.011739237233996391
32,211,1,16,"[4, 39, 218, 52, 50, 253, 202, 85, 215, 251, 86, 182, 20, 53, 131, 240]",0.016271358355879784,0.001642538351006806,0.01503945459262468
32,211,2,8,"[61, 67, 121, 237, 99, 66, 92, 150]",0.19591015577316284,0.005900441203266382,0.19148482487071306
32,211,2,8,"[24, 89, 43, 23, 174, 167, 209, 212]",0.004129102453589439,-0.000899671926163137,0.004129102453589439
32,211,2,8,"[171, 69, 254, 88, 173, 105, 63, 210]",0.025548655539751053,-0.006918760947883129,0.025548655539751053
32,211,2,8,"[58, 243, 216, 225, 77, 21, 169, 178]",-0.0015945648774504662,-0.005464097484946251,-0.0015945648774504662
32,211,2,8,"[154, 125, 83, 219, 141, 192, 214, 206]",0.009506144560873508,-0.003191985422745347,0.009506144560873508
32,211,2,8,"[101, 252, 152, 33, 64, 135, 175, 13]",0.00585501454770565,0.005397803150117397,0.0018066621851176023
32,211,2,8,"[4, 39, 218, 52, 50, 253, 202, 85]",0.006760020274668932,-0.005536820739507675,0.006760020274668932
32,211,2,8,"[215, 251, 86, 182, 20, 53, 131, 240]",0.013082279823720455,0.0042707063257694244,0.009879250079393387
32,211,3,4,"[61, 67, 121, 237]",0.18289680778980255,-0.021311234682798386,0.18289680778980255
32,211,3,4,"[99, 66, 92, 150]",0.021836843341588974,0.035938337445259094,-0.005116909742355347
32,211,3,4,"[171, 69, 254, 88]",0.003968098200857639,-0.0055063883773982525,0.003968098200857639
32,211,3,4,"[173, 105, 63, 210]",0.025268172845244408,-0.002307142596691847,0.025268172845244408
32,211,3,4,"[215, 251, 86, 182]",0.009320364333689213,0.00045947195030748844,0.008975760370958596
32,211,3,4,"[20, 53, 131, 240]",0.0015041541773825884,-0.0006447392515838146,0.0015041541773825884
32,211,3,4,"[154, 125, 83, 219]",0.0033254623413085938,-0.0023373293224722147,0.0033254623413085938
32,211,3,4,"[141, 192, 214, 206]",0.001493368181400001,-0.0033758925274014473,0.001493368181400001
32,211,4,2,"[61, 67]",0.005809657741338015,-0.0030821473337709904,0.005809657741338015
32,211,4,2,"[121, 237]",0.17931261658668518,-0.022315001115202904,0.17931261658668518
32,211,4,2,"[173, 105]",0.005316729657351971,-0.002130923792719841,0.005316729657351971
32,211,4,2,"[63, 210]",0.028744865208864212,-0.002831176621839404,0.028744865208864212
32,211,4,2,"[215, 251]",-0.0011180138681083918,0.0001055848624673672,-0.0011972025149589172
32,211,4,2,"[86, 182]",0.008506450802087784,-0.005431478843092918,0.008506450802087784
32,211,4,2,"[171, 69]",0.00041864870581775904,-0.0074706231243908405,0.00041864870581775904
32,211,4,2,"[254, 88]",0.004851705860346556,-0.0034229534212499857,0.004851705860346556
32,211,5,1,[121],0.19668816030025482,-0.003272832604125142,0.19668816030025482
32,211,5,1,[237],-0.00587400933727622,-0.022483788430690765,-0.00587400933727622
32,211,5,1,[63],0.020467054098844528,-0.0031384534668177366,0.020467054098844528
32,211,5,1,[210],0.0045453645288944244,-0.0032980996184051037,0.0045453645288944244
32,211,5,1,[86],0.008506450802087784,-0.005431478843092918,0.008506450802087784
32,211,5,1,[182],0.0,0.0,0.0
32,211,5,1,[61],0.0009113645646721125,-6.341755215544254e-05,0.0009113645646721125
32,211,5,1,[67],0.0013245773734524846,0.0008113372605293989,0.0007160744280554354
12,17,0,32,"[145, 83, 255, 126, 58, 109, 27, 19, 40, 139, 11, 158, 171, 210, 198, 108, 84, 57, 185, 114, 203, 181, 253, 148, 16, 50, 131, 77, 81, 117, 143, 110]",0.01708856038749218,-0.013948522508144379,0.01708856038749218
12,17,0,32,"[236, 206, 252, 149, 170, 56, 111, 63, 20, 91, 214, 200, 194, 12, 67, 197, 118, 155, 28, 30, 211, 34, 230, 154, 93, 188, 10, 48, 136, 29, 15, 102]",0.0020845294930040836,-0.0040576402097940445,0.0020845294930040836
12,17,0,32,"[70, 99, 120, 209, 180, 90, 94, 199, 151, 86, 212, 129, 7, 247, 101, 217, 14, 88, 147, 244, 165, 92, 240, 173, 204, 229, 159, 35, 231, 177, 23, 47]",0.019521260634064674,0.004883331246674061,0.01585876219905913
12,17,0,32,"[13, 254, 130, 245, 220, 21, 78, 162, 116, 42, 66, 38, 152, 224, 243, 46, 107, 249, 125, 31, 235, 62, 79, 238, 174, 201, 164, 246, 191, 248, 208, 112]",-0.014788899570703506,-0.004056378733366728,-0.014788899570703506
12,17,0,32,"[241, 123, 32, 179, 89, 178, 193, 156, 60, 71, 219, 222, 25, 59, 228, 54, 144, 26, 133, 69, 45, 233, 141, 146, 160, 43, 226, 218, 51, 122, 96, 135]",-0.028829677030444145,-0.06972820311784744,-0.028829677030444145
12,17,0,32,"[189, 95, 87, 68, 168, 205, 132, 221, 33, 44, 251, 100, 22, 53, 176, 163, 124, 239, 234, 150, 76, 195, 5, 186, 64, 73, 142, 182, 103, 166, 17, 215]",0.011699385941028595,0.0005306899547576904,0.011301368474960327
12,17,0,32,"[232, 121, 106, 225, 9, 227, 6, 61, 2, 104, 0, 80, 140, 52, 113, 18, 65, 216, 169, 119, 36, 187, 161, 134, 153, 3, 213, 137, 184, 4, 24, 128]",0.025169508531689644,-0.016668356955051422,0.025169508531689644
12,17,0,32,"[8, 37, 172, 250, 183, 202, 196, 157, 105, 127, 242, 138, 223, 167, 207, 49, 97, 41, 72, 39, 55, 1, 192, 237, 175, 98, 190, 74, 82, 75, 85, 115]",0.03335212543606758,0.009852629154920578,0.025962653569877148
12,17,1,16,"[8, 37, 172, 250, 183, 202, 196, 157, 105, 127, 242, 138, 223, 167, 207, 49]",-0.011351995170116425,0.015790248289704323,-0.023194681387394667
12,17,1,16,"[97, 41, 72, 39, 55, 1, 192, 237, 175, 98, 190, 74, 82, 75, 85, 115]",0.04340050742030144,0.013430025428533554,0.03332798834890127
12,17,1,16,"[232, 121, 106, 225, 9, 227, 6, 61, 2, 104, 0, 80, 140, 52, 113, 18]",0.025992300361394882,0.014825787395238876,0.014872959814965725
12,17,1,16,"[65, 216, 169, 119, 36, 187, 161, 134, 153, 3, 213, 137, 184, 4, 24, 128]",0.018180444836616516,0.009503777138888836,0.01105261198244989
12,17,1,16,"[145, 83, 255, 126, 58, 109, 27, 19, 40, 139, 11, 158, 171, 210, 198, 108]",0.04087935388088226,0.004002886824309826,0.037877188762649894
12,17,1,16,"[84, 57, 185, 114, 203, 181, 253, 148, 16, 50, 131, 77, 81, 117, 143, 110]",0.035974856466054916,-0.013431673869490623,0.035974856466054916
12,17,1,16,"[70, 99, 120, 209, 180, 90, 94, 199, 151, 86, 212, 129, 7, 247, 101, 217]",0.019174635410308838,-0.03703467547893524,0.019174635410308838
12,17,1,16,"[14, 88, 147, 244, 165, 92, 240, 173, 204, 229, 159, 35, 231, 177, 23, 47]",0.0466390959918499,0.030837850645184517,0.02351070800796151
12,17,2,8,"[145, 83, 255, 126, 58, 109, 27, 19]",-0.00014947533782105893,-0.0006867128540761769,-0.00014947533782105893
12,17,2,8,"[40, 139, 11, 158, 171, 210, 198, 108]",0.05383456125855446,-0.011186560615897179,0.05383456125855446
12,17,2,8,"[84, 57, 185, 114, 203, 181, 253, 148]",0.016888096928596497,-0.0025852429680526257,0.016888096928596497
12,17,2,8,"[16, 50, 131, 77, 81, 117, 143, 110]",0.01587875559926033,0.0086209150031209,0.009413069346919656
12,17,2,8,"[97, 41, 72, 39, 55, 1, 192, 237]",0.03711337968707085,-0.0193137489259243,0.03711337968707085
12,17,2,8,"[175, 98, 190, 74, 82, 75, 85, 115]",0.024456124752759933,-0.015345696359872818,0.024456124752759933
12,17,2,8,"[14, 88, 147, 244, 165, 92, 240, 173]",0.04123018682003021,0.007011094596236944,0.035971865872852504
12,17,2,8,"[204, 229, 159, 35, 231, 177, 23, 47]",0.05587112903594971,0.008844648487865925,0.04923764267005026
12,17,3,4,"[40, 139, 11, 158]",0.01435556448996067,0.015606281347572803,0.002650853479281068
12,17,3,4,"[171, 210, 198, 108]",0.031953487545251846,-0.00828512292355299,0.031953487545251846
12,17,3,4,"[204, 229, 159, 35]",0.03529256209731102,0.012965300120413303,0.025568587007001042
12,17,3,4,"[231, 177, 23, 47]",0.019851641729474068,-0.005994678009301424,0.019851641729474068
12,17,3,4,"[97, 41, 72, 39]",0.049122996628284454,0.006039781495928764,0.04459316050633788
12,17,3,4,"[55, 1, 192, 237]",0.01844308339059353,-0.01806878112256527,0.01844308339059353
12,17,3,4,"[14, 88, 147, 244]",0.03251315653324127,-0.004182830452919006,0.03251315653324127
12,17,3,4,"[165, 92, 240, 173]",0.027506813406944275,0.0056242430582642555,0.023288631113246083
12,17,4,2,"[97, 41]",0.03477972745895386,-0.01983026973903179,0.03477972745895386
12,17,4,2,"[72, 39]",0.01302605401724577,-0.023309698328375816,0.01302605401724577
12,17,4,2,"[14, 88]",0.025195257738232613,0.01527409814298153,0.013739684130996466
12,17,4,2,"[147, 244]",0.009679672308266163,-0.006597904488444328,0.009679672308266163
12,17,4,2,"[171, 210]",0.024266941472887993,0.005844918079674244,0.01988325291313231
12,17,4,2,"[198, 108]",0.014919412322342396,-0.0015496432315558195,0.014919412322342396
12,17,4,2,"[204, 229]",0.023816080763936043,0.028568454086780548,0.0023897401988506317
12,17,4,2,"[159, 35]",0.04576019197702408,-0.0028190321754664183,0.04576019197702408
12,17,5,1,[159],0.019372984766960144,-0.008336889557540417,0.019372984766960144
12,17,5,1,[35],0.03924201428890228,0.0010787766659632325,0.03843293178942986
12,17,5,1,[97],0.033302661031484604,-0.017821164801716805,0.033302661031484604
12,17,5,1,[41],0.031791768968105316,-0.0002570205833762884,0.031791768968105316
12,17,5,1,[171],0.013659506104886532,-0.019194165244698524,0.013659506104886532
12,17,5,1,[210],0.023638524115085602,0.0014147126348689198,0.022577489638933912
12,17,5,1,[198],0.00534798763692379,0.012430758215487003,-0.0039750810246914625
12,17,5,1,[108],0.019194945693016052,-0.005053593311458826,0.019194945693016052
12,53,0,32,"[65, 199, 216, 254, 146, 195, 252, 193, 11, 48, 157, 60, 188, 53, 20, 105, 179, 45, 77, 76, 49, 186, 230, 160, 25, 185, 3, 68, 15, 93, 74, 150]",0.04516799747943878,-0.017408210784196854,0.04516799747943878
12,53,0,32,"[87, 142, 218, 8, 67, 42, 210, 90, 92, 170, 183, 149, 69, 110, 192, 220, 54, 129, 198, 38, 95, 235, 18, 203, 99, 212, 214, 30, 63, 7, 84, 247]",0.02006785199046135,-0.00934749934822321,0.02006785199046135
12,53,0,32,"[255, 79, 172, 178, 52, 123, 128, 139, 94, 26, 108, 182, 114, 47, 32, 165, 196, 102, 34, 209, 83, 46, 180, 111, 13, 107, 144, 28, 154, 191, 19, 215]",-8.362531661987305e-05,0.012820365838706493,-0.009698899695649743
12,53,0,32,"[41, 16, 222, 201, 227, 138, 243, 237, 91, 43, 148, 141, 155, 158, 241, 132, 176, 66, 31, 98, 194, 184, 171, 100, 246, 187, 229, 122, 236, 202, 119, 17]",-0.005465533584356308,-0.01902501843869686,-0.005465533584356308
12,53,0,32,"[137, 206, 239, 190, 85, 197, 133, 166, 233, 156, 161, 152, 177, 174, 217, 5, 134, 120, 168, 97, 35, 208, 162, 221, 44, 4, 86, 113, 112, 106, 143, 136]",0.05569577217102051,-0.01668653078377247,0.05569577217102051
12,53,0,32,"[207, 121, 9, 242, 124, 116, 211, 147, 88, 58, 27, 159, 56, 181, 55, 151, 70, 173, 6, 115, 21, 204, 248, 10, 50, 24, 40, 249, 226, 135, 73, 29]",0.03699512407183647,-0.03095165267586708,0.03699512407183647
12,53,0,32,"[205, 234, 125, 131, 140, 1, 244, 51, 81, 2, 80, 59, 0, 163, 72, 231, 62, 37, 89, 103, 117, 33, 175, 145, 36, 71, 219, 64, 164, 238, 12, 78]",0.03617272526025772,-0.05586550384759903,0.03617272526025772
12,53,0,32,"[167, 126, 39, 228, 232, 127, 153, 169, 23, 213, 240, 96, 57, 245, 200, 250, 109, 224, 22, 223, 118, 130, 225, 101, 14, 189, 251, 104, 82, 61, 253, 75]",0.02939038909971714,-0.03618727624416351,0.02939038909971714
12,53,1,16,"[137, 206, 239, 190, 85, 197, 133, 166, 233, 156, 161, 152, 177, 174, 217, 5]",0.08098986744880676,-0.026289664208889008,0.08098986744880676
12,53,1,16,"[134, 120, 168, 97, 35, 208, 162, 221, 44, 4, 86, 113, 112, 106, 143, 136]",0.05563584715127945,0.0011216765269637108,0.054794589756056666
12,53,1,16,"[65, 199, 216, 254, 146, 195, 252, 193, 11, 48, 157, 60, 188, 53, 20, 105]",0.024921879172325134,0.0016801399178802967,0.023661774233914912
12,53,1,16,"[179, 45, 77, 76, 49, 186, 230, 160, 25, 185, 3, 68, 15, 93, 74, 150]",0.017091114073991776,-0.01426462922245264,0.017091114073991776
12,53,1,16,"[207, 121, 9, 242, 124, 116, 211, 147, 88, 58, 27, 159, 56, 181, 55, 151]",0.024374237284064293,-0.018732719123363495,0.024374237284064293
12,53,1,16,"[70, 173, 6, 115, 21, 204, 248, 10, 50, 24, 40, 249, 226, 135, 73, 29]",-0.0028424644842743874,0.010535264387726784,-0.010743912775069475
12,53,1,16,"[205, 234, 125, 131, 140, 1, 244, 51, 81, 2, 80, 59, 0, 163, 72, 231]",0.030092477798461914,-0.007903254590928555,0.030092477798461914
12,53,1,16,"[62, 37, 89, 103, 117, 33, 175, 145, 36, 71, 219, 64, 164, 238, 12, 78]",0.002894172677770257,0.008361455984413624,-0.003376919310539961
12,53,2,8,"[137, 206, 239, 190, 85, 197, 133, 166]",0.02559516951441765,-0.0011278700549155474,0.02559516951441765
12,53,2,8,"[233, 156, 161, 152, 177, 174, 217, 5]",0.03769548982381821,-0.02698315680027008,0.03769548982381821
12,53,2,8,"[134, 120, 168, 97, 35, 208, 162, 221]",0.07681863754987717,-0.016766119748353958,0.07681863754987717
12,53,2,8,"[44, 4, 86, 113, 112, 106, 143, 136]",0.0024670003913342953,-0.013309096917510033,0.0024670003913342953
12,53,2,8,"[205, 234, 125, 131, 140, 1, 244, 51]",0.008704968728125095,-0.020704995840787888,0.008704968728125095
12,53,2,8,"[81, 2, 80, 59, 0, 163, 72, 231]",0.019381020218133926,-0.012890472076833248,0.019381020218133926
12,53,2,8,"[207, 121, 9, 242, 124, 116, 211, 147]",0.024828385561704636,-0.00918503012508154,0.024828385561704636
12,53,2,8,"[88, 58, 27, 159, 56, 181, 55, 151]",0.025125807151198387,-0.018929019570350647,0.025125807151198387
12,53,3,4,"[134, 120, 168, 97]",0.06859272718429565,-0.021145835518836975,0.06859272718429565
12,53,3,4,"[35, 208, 162, 221]",0.046749744564294815,0.0021545730996876955,0.04513381473952904
12,53,3,4,"[233, 156, 161, 152]",0.011933579109609127,-0.0068398271687328815,0.011933579109609127
12,53,3,4,"[177, 174, 217, 5]",0.026360321789979935,-0.025828251615166664,0.026360321789979935
12,53,3,4,"[137, 206, 239, 190]",0.01919488236308098,0.001901210518553853,0.01776897447416559
12,53,3,4,"[85, 197, 133, 166]",0.011205444112420082,-0.011838138103485107,0.011205444112420082
12,53,3,4,"[88, 58, 27, 159]",0.037239618599414825,0.007938343100249767,0.0312858612742275
12,53,3,4,"[56, 181, 55, 151]",0.01441942434757948,0.017422575503587723,0.0013524927198886871
12,53,4,2,"[134, 120]",0.006507406011223793,-0.00660861749202013,0.006507406011223793
12,53,4,2,"[168, 97]",0.03136833757162094,0.02782033011317253,0.010503089986741543
12,53,4,2,"[35, 208]",0.032507654279470444,-0.0008548307232558727,0.032507654279470444
12,53,4,2,"[162, 221]",0.01858852617442608,0.008059927262365818,0.012543580727651715
12,53,4,2,"[88, 58]",0.00860144104808569,-0.01330514159053564,0.00860144104808569
12,53,4,2,"[27, 159]",0.013989457860589027,0.009022743441164494,0.007222400279715657
12,53,4,2,"[177, 174]",0.033985402435064316,-0.026813235133886337,0.033985402435064316
12,53,4,2,"[217, 5]",0.038176700472831726,-0.02009722962975502,0.038176700472831726
12,53,5,1,[217],0.0377168282866478,-0.013226022943854332,0.0377168282866478
12,53,5,1,[5],0.02367745339870453,0.010796729475259781,0.015579906292259693
12,53,5,1,[177],0.009094791486859322,-0.008692055009305477,0.009094791486859322
12,53,5,1,[174],0.031161077320575714,0.008339352905750275,0.024906562641263008
12,53,5,1,[35],0.03924201428890228,0.0010787766659632325,0.03843293178942986
12,53,5,1,[208],0.03076518140733242,0.004140584263950586,0.02765974320936948
12,53,5,1,[162],0.020372338593006134,-0.00418630288913846,0.020372338593006134
12,53,5,1,[221],0.015107791870832443,0.009160037152469158,0.008237764006480575
12,101,0,32,"[221, 20, 101, 99, 119, 217, 82, 13, 71, 72, 127, 133, 23, 241, 5, 18, 237, 175, 107, 211, 77, 252, 125, 2, 86, 57, 92, 189, 197, 94, 89, 130]",0.03868558257818222,-0.04154561832547188,0.03868558257818222
12,101,0,32,"[236, 76, 253, 15, 117, 16, 102, 66, 156, 191, 135, 167, 176, 84, 106, 91, 4, 228, 190, 35, 165, 48, 45, 198, 112, 43, 21, 230, 105, 124, 67, 63]",0.012714002281427383,0.009761097840964794,0.005393178900703788
12,101,0,32,"[188, 255, 10, 30, 158, 87, 59, 14, 97, 17, 150, 243, 74, 55, 148, 145, 210, 149, 95, 154, 103, 9, 207, 12, 201, 179, 22, 88, 24, 249, 61, 195]",0.03132409229874611,-0.019670141860842705,0.03132409229874611
12,101,0,32,"[78, 11, 178, 3, 80, 128, 238, 33, 200, 141, 202, 111, 53, 137, 152, 83, 177, 96, 220, 115, 60, 245, 68, 218, 0, 118, 173, 1, 39, 157, 242, 65]",0.015959210693836212,-0.023434365168213844,0.015959210693836212
12,101,0,32,"[19, 180, 50, 233, 69, 194, 225, 139, 75, 250, 110, 146, 116, 251, 64, 163, 51, 126, 7, 120, 248, 140, 34, 161, 203, 129, 232, 109, 70, 172, 26, 81]",0.0346471443772316,-0.0019739901181310415,0.0346471443772316
12,101,0,32,"[98, 229, 227, 122, 181, 93, 254, 184, 28, 174, 192, 144, 171, 121, 162, 90, 246, 213, 235, 231, 132, 142, 222, 170, 168, 58, 215, 196, 136, 199, 155, 108]",-0.011141045019030571,0.009358645416796207,-0.018160029081627727
12,101,0,32,"[32, 147, 56, 143, 151, 27, 187, 153, 208, 46, 223, 224, 169, 159, 113, 85, 42, 138, 182, 62, 31, 52, 6, 104, 244, 226, 123, 214, 131, 44, 134, 209]",0.016986312344670296,-0.03685319423675537,0.016986312344670296
12,101,0,32,"[185, 239, 193, 186, 240, 100, 29, 204, 247, 205, 41, 183, 49, 36, 160, 40, 8, 73, 25, 164, 38, 47, 216, 37, 212, 54, 234, 206, 79, 219, 166, 114]",-0.02057729661464691,0.0057295458391308784,-0.02487445599399507
12,101,1,16,"[221, 20, 101, 99, 119, 217, 82, 13, 71, 72, 127, 133, 23, 241, 5, 18]",0.04187459871172905,-0.04620102420449257,0.04187459871172905
12,101,1,16,"[237, 175, 107, 211, 77, 252, 125, 2, 86, 57, 92, 189, 197, 94, 89, 130]",0.03194614499807358,0.0009132003760896623,0.03126124471600633
12,101,1,16,"[19, 180, 50, 233, 69, 194, 225, 139, 75, 250, 110, 146, 116, 251, 64, 163]",0.020289890468120575,-0.03083512745797634,0.020289890468120575
12,101,1,16,"[51, 126, 7, 120, 248, 140, 34, 161, 203, 129, 232, 109, 70, 172, 26, 81]",0.02258197031915188,-0.014988291077315807,0.02258197031915188
12,101,1,16,"[188, 255, 10, 30, 158, 87, 59, 14, 97, 17, 150, 243, 74, 55, 148, 145]",0.036546483635902405,-0.007307246793061495,0.036546483635902405
12,101,1,16,"[210, 149, 95, 154, 103, 9, 207, 12, 201, 179, 22, 88, 24, 249, 61, 195]",0.024455834180116653,0.006831807550042868,0.019331978517584503
12,101,1,16,"[32, 147, 56, 143, 151, 27, 187, 153, 208, 46, 223, 224, 169, 159, 113, 85]",0.006878233049064875,-0.001471489667892456,0.006878233049064875
12,101,1,16,"[42, 138, 182, 62, 31, 52, 6, 104, 244, 226, 123, 214, 131, 44, 134, 209]",0.030589748173952103,0.0240202434360981,0.012574565596878529
12,101,2,8,"[221, 20, 101, 99, 119, 217, 82, 13]",0.06071113422513008,-0.019398005679249763,0.06071113422513008
12,101,2,8,"[71, 72, 127, 133, 23, 241, 5, 18]",0.03262317553162575,-0.0051955790258944035,0.03262317553162575
12,101,2,8,"[188, 255, 10, 30, 158, 87, 59, 14]",0.019794339314103127,0.0017695814603939652,0.018467153218807653
12,101,2,8,"[97, 17, 150, 243, 74, 55, 148, 145]",0.022439289838075638,-0.021282482892274857,0.022439289838075638
12,101,2,8,"[237, 175, 107, 211, 77, 252, 125, 2]",0.06562389433383942,-0.014135126024484634,0.06562389433383942
12,101,2,8,"[86, 57, 92, 189, 197, 94, 89, 130]",0.04496930167078972,-0.02011323720216751,0.04496930167078972
12,101,2,8,"[51, 126, 7, 120, 248, 140, 34, 161]",-0.001565830665640533,-0.007722854148596525,-0.001565830665640533
12,101,2,8,"[203, 129, 232, 109, 70, 172, 26, 81]",0.014626669697463512,-0.006994788534939289,0.014626669697463512
12,101,3,4,"[237, 175, 107, 211]",0.02688632160425186,-0.0007803052430972457,0.02688632160425186
12,101,3,4,"[77, 252, 125, 2]",0.03825054690241814,-0.011222184635698795,0.03825054690241814
12,101,3,4,"[221, 20, 101, 99]",0.038677603006362915,-0.020979156717658043,0.038677603006362915
12,101,3,4,"[119, 217, 82, 13]",0.04202134907245636,-0.03294742479920387,0.04202134907245636
12,101,3,4,"[86, 57, 92, 189]",0.010735299438238144,-0.022310834378004074,0.010735299438238144
12,101,3,4,"[197, 94, 89, 130]",0.03594551980495453,-0.010869953781366348,0.03594551980495453
12,101,3,4,"[71, 72, 127, 133]",0.02621355466544628,0.003798303660005331,0.023364826920442283
12,101,3,4,"[23, 241, 5, 18]",0.006258956156671047,-0.002016404177993536,0.006258956156671047
12,101,4,2,"[119, 217]",0.035389821976423264,-0.020049620419740677,0.035389821976423264
12,101,4,2,"[82, 13]",-0.0030301178339868784,-0.02589505724608898,-0.0030301178339868784
12,101,4,2,"[221, 20]",7.961511437315494e-05,-0.019497813656926155,7.961511437315494e-05
12,101,4,2,"[101, 99]",0.010761682875454426,0.012003801763057709,0.0017588315531611443
12,101,4,2,"[77, 252]",0.011159751564264297,-0.013878310099244118,0.011159751564264297
12,101,4,2,"[125, 2]",0.03610195592045784,-0.01864137314260006,0.03610195592045784
12,101,4,2,"[197, 94]",0.04902312159538269,-0.005761533975601196,0.04902312159538269
12,101,4,2,"[89, 130]",0.025961831212043762,-0.0014500784454867244,0.025961831212043762
12,101,5,1,[197],0.03071250207722187,-0.020520241931080818,0.03071250207722187
12,101,5,1,[94],0.011116782203316689,-0.03874538838863373,0.011116782203316689
12,101,5,1,[125],0.02862565964460373,0.010840095579624176,0.020495587959885597
12,101,5,1,[2],0.016492092981934547,-0.004831767175346613,0.016492092981934547
12,101,5,1,[119],0.012323162518441677,-0.004290186334401369,0.012323162518441677
12,101,5,1,[217],0.0377168282866478,-0.013226022943854332,0.0377168282866478
12,101,5,1,[89],0.03464091196656227,-0.01718922331929207,0.03464091196656227
12,101,5,1,[130],3.380894486326724e-05,-0.001230587367899716,3.380894486326724e-05
12,211,0,32,"[106, 107, 44, 204, 162, 97, 109, 98, 14, 119, 164, 116, 183, 126, 117, 57, 72, 177, 145, 87, 118, 34, 0, 37, 151, 79, 102, 128, 49, 31, 130, 6]",0.008073041215538979,-0.003680409165099263,0.008073041215538979
12,211,0,32,"[27, 159, 75, 36, 249, 8, 120, 231, 163, 160, 68, 236, 32, 26, 246, 48, 154, 125, 83, 219, 141, 192, 214, 206, 101, 252, 152, 33, 64, 135, 175, 13]",0.04176158085465431,-0.04042661562561989,0.04176158085465431
12,211,0,32,"[10, 110, 144, 217, 71, 211, 234, 9, 208, 113, 238, 244, 228, 207, 95, 185, 171, 69, 254, 88, 173, 105, 63, 210, 58, 243, 216, 225, 77, 21, 169, 178]",0.032315511256456375,-0.03573128953576088,0.032315511256456375
12,211,0,32,"[94, 38, 190, 229, 100, 245, 74, 227, 156, 29, 56, 132, 22, 7, 78, 55, 41, 16, 143, 220, 104, 138, 139, 5, 1, 158, 195, 114, 147, 181, 172, 148]",0.02905864641070366,-0.00980379618704319,0.02905864641070366
12,211,0,32,"[11, 213, 200, 222, 65, 191, 165, 19, 133, 93, 199, 137, 180, 2, 232, 186, 4, 39, 218, 52, 50, 253, 202, 85, 215, 251, 86, 182, 20, 53, 131, 240]",0.012949910014867783,-0.032111797481775284,0.012949910014867783
12,211,0,32,"[242, 235, 226, 123, 168, 248, 62, 112, 111, 239, 146, 176, 35, 221, 224, 205, 184, 80, 194, 25, 40, 230, 140, 70, 201, 47, 18, 198, 76, 247, 45, 223]",0.03988814353942871,-0.04710998386144638,0.03988814353942871
12,211,0,32,"[61, 67, 121, 237, 99, 66, 92, 150, 24, 89, 43, 23, 174, 167, 209, 212, 179, 51, 60, 188, 82, 157, 127, 142, 108, 241, 134, 30, 17, 187, 103, 91]",0.02086426503956318,-0.019772714003920555,0.02086426503956318
12,211,0,32,"[81, 3, 161, 155, 149, 15, 197, 73, 59, 28, 46, 115, 42, 96, 189, 170, 124, 196, 250, 193, 12, 166, 153, 54, 122, 233, 84, 136, 255, 90, 129, 203]",-0.030363185331225395,-0.021056560799479485,-0.030363185331225395
12,211,1,16,"[27, 159, 75, 36, 249, 8, 120, 231, 163, 160, 68, 236, 32, 26, 246, 48]",0.03272295370697975,-0.023414546623826027,0.03272295370697975
12,211,1,16,"[154, 125, 83, 219, 141, 192, 214, 206, 101, 252, 152, 33, 64, 135, 175, 13]",0.033161893486976624,-0.014599296264350414,0.033161893486976624
12,211,1,16,"[242, 235, 226, 123, 168, 248, 62, 112, 111, 239, 146, 176, 35, 221, 224, 205]",0.04272692650556564,-0.01402189489454031,0.04272692650556564
12,211,1,16,"[184, 80, 194, 25, 40, 230, 140, 70, 201, 47, 18, 198, 76, 247, 45, 223]",0.02607000432908535,0.006337648257613182,0.021316768135875463
12,211,1,16,"[10, 110, 144, 217, 71, 211, 234, 9, 208, 113, 238, 244, 228, 207, 95, 185]",0.060574010014534,-0.02751854434609413,0.060574010014534
12,211,1,16,"[171, 69, 254, 88, 173, 105, 63, 210, 58, 243, 216, 225, 77, 21, 169, 178]",0.007633090019226074,0.0011939572868868709,0.006737622054060921
12,211,1,16,"[94, 38, 190, 229, 100, 245, 74, 227, 156, 29, 56, 132, 22, 7, 78, 55]",0.011914705857634544,-0.027590535581111908,0.011914705857634544
12,211,1,16,"[41, 16, 143, 220, 104, 138, 139, 5, 1, 158, 195, 114, 147, 181, 172, 148]",0.05537324771285057,-0.0023698515724390745,0.05537324771285057
12,211,2,8,"[10, 110, 144, 217, 71, 211, 234, 9]",0.05240021273493767,-0.02038741111755371,0.05240021273493767
12,211,2,8,"[208, 113, 238, 244, 228, 207, 95, 185]",0.007101838476955891,0.005718988366425037,0.0028125972021371126
12,211,2,8,"[41, 16, 143, 220, 104, 138, 139, 5]",0.022787194699048996,0.02289603278040886,0.0056151701137423515
12,211,2,8,"[1, 158, 195, 114, 147, 181, 172, 148]",0.027660375460982323,-0.016969580203294754,0.027660375460982323
12,211,2,8,"[242, 235, 226, 123, 168, 248, 62, 112]",0.011801107786595821,-0.01771361194550991,0.011801107786595821
12,211,2,8,"[111, 239, 146, 176, 35, 221, 224, 205]",0.032296307384967804,-0.018685581162571907,0.032296307384967804
12,211,2,8,"[154, 125, 83, 219, 141, 192, 214, 206]",0.039514441043138504,-0.05088263005018234,0.039514441043138504
12,211,2,8,"[101, 252, 152, 33, 64, 135, 175, 13]",0.02741987444460392,-0.00482541136443615,0.02741987444460392
12,211,3,4,"[10, 110, 144, 217]",0.05466069281101227,-0.02907080203294754,0.05466069281101227
12,211,3,4,"[71, 211, 234, 9]",0.017950937151908875,-0.0068657007068395615,0.017950937151908875
12,211,3,4,"[154, 125, 83, 219]",-0.002300549764186144,0.006602326408028603,-0.007252294570207596
12,211,3,4,"[141, 192, 214, 206]",0.05417095497250557,-0.03889574855566025,0.05417095497250557
12,211,3,4,"[111, 239, 146, 176]",0.046076107770204544,0.010499648749828339,0.03820137120783329
12,211,3,4,"[35, 221, 224, 205]",0.030192619189620018,-0.0006005531759001315,0.030192619189620018
12,211,3,4,"[1, 158, 195, 114]",0.023779988288879395,0.0037492967676371336,0.020968015713151544
12,211,3,4,"[147, 181, 172, 148]",0.03134588897228241,-0.018130624666810036,0.03134588897228241
12,211,4,2,"[10, 110]",0.02118014730513096,0.011294514872133732,0.01270926115103066
12,211,4,2,"[144, 217]",0.04131510853767395,-0.019608674570918083,0.04131510853767395
12,211,4,2,"[141, 192]",0.025797832757234573,-0.01934848539531231,0.025797832757234573
12,211,4,2,"[214, 206]",0.01723707653582096,0.024071134626865387,-0.0008162744343280792
12,211,4,2,"[111, 239]",0.009770064614713192,-0.022667912766337395,0.009770064614713192
12,211,4,2,"[146, 176]",0.03430955111980438,-0.0008133638184517622,0.03430955111980438
12,211,4,2,"[147, 181]",0.04371844232082367,0.00034638523356989026,0.04345865339564625
12,211,4,2,"[172, 148]",0.03382779285311699,0.019660279154777527,0.019082583487033844
12,211,5,1,[147],0.014272096566855907,-0.01026195753365755,0.014272096566855907
12,211,5,1,[181],0.02673332951962948,-0.002906516194343567,0.02673332951962948
12,211,5,1,[144],0.014747695997357368,-0.010195889510214329,0.014747695997357368
12,211,5,1,[217],0.0377168282866478,-0.013226022943854332,0.0377168282866478
12,211,5,1,[146],0.024297676980495453,-0.023319153115153313,0.024297676980495453
12,211,5,1,[176],0.022584661841392517,0.0013901436468586326,0.021542054106248543
12,211,5,1,[141],0.01956559345126152,-0.02565946988761425,0.01956559345126152
12,211,5,1,[192],0.04184133559465408,-0.012001910246908665,0.04184133559465408
10,17,0,32,"[145, 83, 255, 126, 58, 109, 27, 19, 40, 139, 11, 158, 171, 210, 198, 108, 84, 57, 185, 114, 203, 181, 253, 148, 16, 50, 131, 77, 81, 117, 143, 110]",0.05984940379858017,-0.03473244607448578,0.05984940379858017
10,17,0,32,"[236, 206, 252, 149, 170, 56, 111, 63, 20, 91, 214, 200, 194, 12, 67, 197, 118, 155, 28, 30, 211, 34, 230, 154, 93, 188, 10, 48, 136, 29, 15, 102]",0.03383822366595268,0.028199801221489906,0.012688372749835253
10,17,0,32,"[70, 99, 120, 209, 180, 90, 94, 199, 151, 86, 212, 129, 7, 247, 101, 217, 14, 88, 147, 244, 165, 92, 240, 173, 204, 229, 159, 35, 231, 177, 23, 47]",0.01938866637647152,0.001221739687025547,0.01847236161120236
10,17,0,32,"[13, 254, 130, 245, 220, 21, 78, 162, 116, 42, 66, 38, 152, 224, 243, 46, 107, 249, 125, 31, 235, 62, 79, 238, 174, 201, 164, 246, 191, 248, 208, 112]",0.02409091219305992,0.033064983785152435,-0.0007078256458044052
10,17,0,32,"[241, 123, 32, 179, 89, 178, 193, 156, 60, 71, 219, 222, 25, 59, 228, 54, 144, 26, 133, 69, 45, 233, 141, 146, 160, 43, 226, 218, 51, 122, 96, 135]",-0.02582751028239727,0.015183407813310623,-0.03721506614238024
10,17,0,32,"[189, 95, 87, 68, 168, 205, 132, 221, 33, 44, 251, 100, 22, 53, 176, 163, 124, 239, 234, 150, 76, 195, 5, 186, 64, 73, 142, 182, 103, 166, 17, 215]",0.03128673508763313,-0.0029941939283162355,0.03128673508763313
10,17,0,32,"[232, 121, 106, 225, 9, 227, 6, 61, 2, 104, 0, 80, 140, 52, 113, 18, 65, 216, 169, 119, 36, 187, 161, 134, 153, 3, 213, 137, 184, 4, 24, 128]",-0.005259309895336628,0.012824352830648422,-0.014877574518322945
10,17,0,32,"[8, 37, 172, 250, 183, 202, 196, 157, 105, 127, 242, 138, 223, 167, 207, 49, 97, 41, 72, 39, 55, 1, 192, 237, 175, 98, 190, 74, 82, 75, 85, 115]",0.013499090448021889,0.016963470727205276,0.0007764874026179314
10,17,1,16,"[145, 83, 255, 126, 58, 109, 27, 19, 40, 139, 11, 158, 171, 210, 198, 108]",0.043806854635477066,0.014546002261340618,0.0328973529394716
10,17,1,16,"[84, 57, 185, 114, 203, 181, 253, 148, 16, 50, 131, 77, 81, 117, 143, 110]",0.02817385643720627,-0.009014416486024857,0.02817385643720627
10,17,1,16,"[189, 95, 87, 68, 168, 205, 132, 221, 33, 44, 251, 100, 22, 53, 176, 163]",0.046530019491910934,-0.025644225999712944,0.046530019491910934
10,17,1,16,"[124, 239, 234, 150, 76, 195, 5, 186, 64, 73, 142, 182, 103, 166, 17, 215]",-0.014245569705963135,-0.001124241971410811,-0.014245569705963135
10,17,1,16,"[70, 99, 120, 209, 180, 90, 94, 199, 151, 86, 212, 129, 7, 247, 101, 217]",-0.0003853201924357563,-0.01635325513780117,-0.0003853201924357563
10,17,1,16,"[14, 88, 147, 244, 165, 92, 240, 173, 204, 229, 159, 35, 231, 177, 23, 47]",0.0499936006963253,-0.007015947252511978,0.0499936006963253
10,17,1,16,"[236, 206, 252, 149, 170, 56, 111, 63, 20, 91, 214, 200, 194, 12, 67, 197]",0.013119840994477272,0.0016178142977878451,0.011906480271136388
10,17,1,16,"[118, 155, 28, 30, 211, 34, 230, 154, 93, 188, 10, 48, 136, 29, 15, 102]",0.02371588535606861,-0.0014205729821696877,0.02371588535606861
10,17,2,8,"[14, 88, 147, 244, 165, 92, 240, 173]",-0.008648169226944447,-0.00723282340914011,-0.008648169226944447
10,17,2,8,"[204, 229, 159, 35, 231, 177, 23, 47]",0.04536698758602142,0.008438970893621445,0.03903775941580534
10,17,2,8,"[189, 95, 87, 68, 168, 205, 132, 221]",0.015325997956097126,-0.028599867597222328,0.015325997956097126
10,17,2,8,"[33, 44, 251, 100, 22, 53, 176, 163]",0.028152424842119217,0.023468555882573128,0.010551007930189371
10,17,2,8,"[145, 83, 255, 126, 58, 109, 27, 19]",0.048805419355630875,0.008052492514252663,0.04276604996994138
10,17,2,8,"[40, 139, 11, 158, 171, 210, 198, 108]",0.03898604214191437,-0.0008439868688583374,0.03898604214191437
10,17,2,8,"[84, 57, 185, 114, 203, 181, 253, 148]",0.0017733132699504495,0.02485310100018978,-0.016866512480191886
10,17,2,8,"[16, 50, 131, 77, 81, 117, 143, 110]",0.04810566082596779,0.031016547232866287,0.024843250401318073
10,17,3,4,"[145, 83, 255, 126]",0.0057684327475726604,0.020328573882579803,-0.009477997664362192
10,17,3,4,"[58, 109, 27, 19]",-0.016482137143611908,-0.02301952987909317,-0.016482137143611908
10,17,3,4,"[204, 229, 159, 35]",0.031314633786678314,0.017992429435253143,0.017820311710238457
10,17,3,4,"[231, 177, 23, 47]",0.019626079127192497,-0.0024142502807080746,0.019626079127192497
10,17,3,4,"[40, 139, 11, 158]",0.03474166616797447,0.028081119060516357,0.013680826872587204
10,17,3,4,"[171, 210, 198, 108]",0.030379505828022957,0.008023524656891823,0.02436186233535409
10,17,3,4,"[16, 50, 131, 77]",0.04530375450849533,0.012538905255496502,0.035899575566872954
10,17,3,4,"[81, 117, 143, 110]",0.05539083108305931,0.03119872510433197,0.03199178725481033
10,17,4,2,"[16, 50]",0.04128747060894966,0.006086380686610937,0.03672268509399146
10,17,4,2,"[131, 77]",0.0070455861277878284,0.008951392024755478,0.00033204210922122
10,17,4,2,"[81, 117]",0.024853313341736794,0.008510691113770008,0.018470295006409287
10,17,4,2,"[143, 110]",0.01882968656718731,-0.0035472100134938955,0.01882968656718731
10,17,4,2,"[171, 210]",0.04816272854804993,-0.002788103884086013,0.04816272854804993
10,17,4,2,"[198, 108]",0.017130833119153976,0.022350206971168518,0.0003681778907775879
10,17,4,2,"[231, 177]",0.03135589882731438,-0.007076118607074022,0.03135589882731438
10,17,4,2,"[23, 47]",0.08117654919624329,0.025109581649303436,0.06234436295926571
10,17,5,1,[23],0.04793335124850273,-0.006848358083516359,0.04793335124850273
10,17,5,1,[47],0.01277617085725069,-0.0006664395332336426,0.01277617085725069
10,17,5,1,[171],0.014413224533200264,-0.004223857074975967,0.014413224533200264
10,17,5,1,[210],0.02807670272886753,0.006904354318976402,0.02289843698963523
10,17,5,1,[16],0.03889920189976692,0.025412006303668022,0.019840197172015905
10,17,5,1,[50],0.018904365599155426,-0.0027098238933831453,0.018904365599155426
10,17,5,1,[231],0.021334053948521614,0.019690513610839844,0.006566168740391731
10,17,5,1,[177],0.0008247899822890759,0.0010362708708271384,4.7586829168722034e-05
10,53,0,32,"[65, 199, 216, 254, 146, 195, 252, 193, 11, 48, 157, 60, 188, 53, 20, 105, 179, 45, 77, 76, 49, 186, 230, 160, 25, 185, 3, 68, 15, 93, 74, 150]",-0.0304300207644701,-0.021542726084589958,-0.0304300207644701
10,53,0,32,"[87, 142, 218, 8, 67, 42, 210, 90, 92, 170, 183, 149, 69, 110, 192, 220, 54, 129, 198, 38, 95, 235, 18, 203, 99, 212, 214, 30, 63, 7, 84, 247]",0.008949491195380688,0.023848576471209526,-0.008936941158026457
10,53,0,32,"[255, 79, 172, 178, 52, 123, 128, 139, 94, 26, 108, 182, 114, 47, 32, 165, 196, 102, 34, 209, 83, 46, 180, 111, 13, 107, 144, 28, 154, 191, 19, 215]",0.042121872305870056,0.0004642349376808852,0.04177369610260939
10,53,0,32,"[41, 16, 222, 201, 227, 138, 243, 237, 91, 43, 148, 141, 155, 158, 241, 132, 176, 66, 31, 98, 194, 184, 171, 100, 246, 187, 229, 122, 236, 202, 119, 17]",-0.02225884236395359,0.023958735167980194,-0.040227893739938736
10,53,0,32,"[137, 206, 239, 190, 85, 197, 133, 166, 233, 156, 161, 152, 177, 174, 217, 5, 134, 120, 168, 97, 35, 208, 162, 221, 44, 4, 86, 113, 112, 106, 143, 136]",0.005009977612644434,-0.010316996835172176,0.005009977612644434
10,53,0,32,"[207, 121, 9, 242, 124, 116, 211, 147, 88, 58, 27, 159, 56, 181, 55, 151, 70, 173, 6, 115, 21, 204, 248, 10, 50, 24, 40, 249, 226, 135, 73, 29]",0.023370839655399323,-0.01767844147980213,0.023370839655399323
10,53,0,32,"[205, 234, 125, 131, 140, 1, 244, 51, 81, 2, 80, 59, 0, 163, 72, 231, 62, 37, 89, 103, 117, 33, 175, 145, 36, 71, 219, 64, 164, 238, 12, 78]",0.0555906817317009,-0.005485457833856344,0.0555906817317009
10,53,0,32,"[167, 126, 39, 228, 232, 127, 153, 169, 23, 213, 240, 96, 57, 245, 200, 250, 109, 224, 22, 223, 118, 130, 225, 101, 14, 189, 251, 104, 82, 61, 253, 75]",0.044002383947372437,0.03331495448946953,0.01901616808027029
10,53,1,16,"[205, 234, 125, 131, 140, 1, 244, 51, 81, 2, 80, 59, 0, 163, 72, 231]",0.03767954930663109,-0.010477835312485695,0.03767954930663109
10,53,1,16,"[62, 37, 89, 103, 117, 33, 175, 145, 36, 71, 219, 64, 164, 238, 12, 78]",0.024743057787418365,0.006788956932723522,0.019651340087875724
10,53,1,16,"[255, 79, 172, 178, 52, 123, 128, 139, 94, 26, 108, 182, 114, 47, 32, 165]",0.024448351934552193,-0.007905585691332817,0.024448351934552193
10,53,1,16,"[196, 102, 34, 209, 83, 46, 180, 111, 13, 107, 144, 28, 154, 191, 19, 215]",0.04027263820171356,-0.019627373665571213,0.04027263820171356
10,53,1,16,"[207, 121, 9, 242, 124, 116, 211, 147, 88, 58, 27, 159, 56, 181, 55, 151]",0.006368594244122505,-0.0029996789526194334,0.006368594244122505
10,53,1,16,"[70, 173, 6, 115, 21, 204, 248, 10, 50, 24, 40, 249, 226, 135, 73, 29]",0.03137641400098801,0.007702493108808994,0.02559954416938126
10,53,1,16,"[167, 126, 39, 228, 232, 127, 153, 169, 23, 213, 240, 96, 57, 245, 200, 250]",0.02557363733649254,0.011483251117169857,0.016961198998615146
10,53,1,16,"[109, 224, 22, 223, 118, 130, 225, 101, 14, 189, 251, 104, 82, 61, 253, 75]",0.001443295506760478,0.011571672745049,-0.007235459052026272
10,53,2,8,"[196, 102, 34, 209, 83, 46, 180, 111]",0.04174743592739105,0.01439549308270216,0.030950816115364432
10,53,2,8,"[13, 107, 144, 28, 154, 191, 19, 215]",-0.02031843177974224,-0.0023651891387999058,-0.02031843177974224
10,53,2,8,"[205, 234, 125, 131, 140, 1, 244, 51]",0.020468106493353844,-0.016013696789741516,0.020468106493353844
10,53,2,8,"[81, 2, 80, 59, 0, 163, 72, 231]",0.05330958962440491,-0.008626076392829418,0.05330958962440491
10,53,2,8,"[70, 173, 6, 115, 21, 204, 248, 10]",0.034646451473236084,0.03144557401537895,0.01106227096170187
10,53,2,8,"[50, 24, 40, 249, 226, 135, 73, 29]",0.015286372043192387,-0.012832236476242542,0.015286372043192387
10,53,2,8,"[255, 79, 172, 178, 52, 123, 128, 139]",0.015081391669809818,0.01974508911371231,0.0002725748345255852
10,53,2,8,"[94, 26, 108, 182, 114, 47, 32, 165]",0.010119667276740074,0.010595371946692467,0.002173138316720724
10,53,3,4,"[81, 2, 80, 59]",0.012531164102256298,0.03721962124109268,-0.015383551828563213
10,53,3,4,"[0, 163, 72, 231]",0.0395786389708519,0.03455299884080887,0.013663889840245247
10,53,3,4,"[196, 102, 34, 209]",0.028874242678284645,0.028257235884666443,0.007681315764784813
10,53,3,4,"[83, 46, 180, 111]",0.03418819606304169,-0.0027013455983251333,0.03418819606304169
10,53,3,4,"[205, 234, 125, 131]",0.013448867946863174,-0.040115099400281906,0.013448867946863174
10,53,3,4,"[140, 1, 244, 51]",0.007294864859431982,4.6263336116680875e-05,0.007260167357344471
10,53,3,4,"[50, 24, 40, 249]",0.007719023153185844,0.003856631461530924,0.0048265495570376515
10,53,3,4,"[226, 135, 73, 29]",0.010642921552062035,-0.0181858129799366,0.010642921552062035
10,53,4,2,"[83, 46]",0.04155581444501877,0.005146197509020567,0.03769616631325334
10,53,4,2,"[180, 111]",-0.017826462164521217,0.00040987730608321726,-0.01813387014408363
10,53,4,2,"[0, 163]",0.028828606009483337,0.011342051438987255,0.020322067430242896
10,53,4,2,"[72, 231]",0.0032825469970703125,0.01659477688372135,-0.009163535665720701
10,53,4,2,"[205, 234]",0.031296227127313614,-0.01049199141561985,0.031296227127313614
10,53,4,2,"[125, 131]",0.006929314229637384,0.021914726123213768,-0.009506730362772942
10,53,4,2,"[226, 135]",0.016941528767347336,-0.016330892220139503,0.016941528767347336
10,53,4,2,"[73, 29]",-0.02280331216752529,0.022808589041233063,-0.03990975394845009
10,53,5,1,[83],0.04667595028877258,0.010593916289508343,0.038730513071641326
10,53,5,1,[46],0.03604936972260475,-0.002068399218842387,0.03604936972260475
10,53,5,1,[205],0.022487947717308998,-0.024388089776039124,0.022487947717308998
10,53,5,1,[234],0.028714673593640327,0.01131465658545494,0.020228681154549122
10,53,5,1,[0],0.03504947945475578,0.008888769894838333,0.028382902033627033
10,53,5,1,[163],0.0028163171373307705,0.010503065772354603,-0.005060982191935182
10,53,5,1,[226],0.04334597289562225,0.009617546573281288,0.03613281296566129
10,53,5,1,[135],0.018450407311320305,-0.002024145098403096,0.018450407311320305
10,101,0,32,"[221, 20, 101, 99, 119, 217, 82, 13, 71, 72, 127, 133, 23, 241, 5, 18, 237, 175, 107, 211, 77, 252, 125, 2, 86, 57, 92, 189, 197, 94, 89, 130]",0.052120551466941833,0.003736064536496997,0.049318503064569086
10,101,0,32,"[236, 76, 253, 15, 117, 16, 102, 66, 156, 191, 135, 167, 176, 84, 106, 91, 4, 228, 190, 35, 165, 48, 45, 198, 112, 43, 21, 230, 105, 124, 67, 63]",0.001960562542080879,0.03256784379482269,-0.02246532030403614
10,101,0,32,"[188, 255, 10, 30, 158, 87, 59, 14, 97, 17, 150, 243, 74, 55, 148, 145, 210, 149, 95, 154, 103, 9, 207, 12, 201, 179, 22, 88, 24, 249, 61, 195]",0.06522312760353088,-0.0007485771202482283,0.06522312760353088
10,101,0,32,"[78, 11, 178, 3, 80, 128, 238, 33, 200, 141, 202, 111, 53, 137, 152, 83, 177, 96, 220, 115, 60, 245, 68, 218, 0, 118, 173, 1, 39, 157, 242, 65]",0.03352803364396095,0.027946239337325096,0.01256835414096713
10,101,0,32,"[19, 180, 50, 233, 69, 194, 225, 139, 75, 250, 110, 146, 116, 251, 64, 163, 51, 126, 7, 120, 248, 140, 34, 161, 203, 129, 232, 109, 70, 172, 26, 81]",0.007232764735817909,0.017991939559578896,-0.0062611899338662624
10,101,0,32,"[98, 229, 227, 122, 181, 93, 254, 184, 28, 174, 192, 144, 171, 121, 162, 90, 246, 213, 235, 231, 132, 142, 222, 170, 168, 58, 215, 196, 136, 199, 155, 108]",-0.01194220781326294,-0.020445451140403748,-0.01194220781326294
10,101,0,32,"[32, 147, 56, 143, 151, 27, 187, 153, 208, 46, 223, 224, 169, 159, 113, 85, 42, 138, 182, 62, 31, 52, 6, 104, 244, 226, 123, 214, 131, 44, 134, 209]",0.00388522632420063,0.01559776533395052,-0.00781309767626226
10,101,0,32,"[185, 239, 193, 186, 240, 100, 29, 204, 247, 205, 41, 183, 49, 36, 160, 40, 8, 73, 25, 164, 38, 47, 216, 37, 212, 54, 234, 206, 79, 219, 166, 114]",-0.028339581564068794,-0.016298502683639526,-0.028339581564068794
10,101,1,16,"[188, 255, 10, 30, 158, 87, 59, 14, 97, 17, 150, 243, 74, 55, 148, 145]",0.03838260471820831,0.008901059627532959,0.031706809997558594
10,101,1,16,"[210, 149, 95, 154, 103, 9, 207, 12, 201, 179, 22, 88, 24, 249, 61, 195]",0.034187279641628265,0.04263705387711525,0.002209489233791828
10,101,1,16,"[221, 20, 101, 99, 119, 217, 82, 13, 71, 72, 127, 133, 23, 241, 5, 18]",0.06100596860051155,-0.010989760048687458,0.06100596860051155
10,101,1,16,"[237, 175, 107, 211, 77, 252, 125, 2, 86, 57, 92, 189, 197, 94, 89, 130]",0.013092412613332272,-0.010290336795151234,0.013092412613332272
10,101,1,16,"[78, 11, 178, 3, 80, 128, 238, 33, 200, 141, 202, 111, 53, 137, 152, 83]",0.028778696432709694,-0.0018051868537440896,0.028778696432709694
10,101,1,16,"[177, 96, 220, 115, 60, 245, 68, 218, 0, 118, 173, 1, 39, 157, 242, 65]",0.06167600676417351,0.01651511713862419,0.049289668910205364
10,101,1,16,"[19, 180, 50, 233, 69, 194, 225, 139, 75, 250, 110, 146, 116, 251, 64, 163]",0.015090268105268478,0.004281588364392519,0.01187907683197409
10,101,1,16,"[51, 126, 7, 120, 248, 140, 34, 161, 203, 129, 232, 109, 70, 172, 26, 81]",0.026493674144148827,0.005812512245029211,0.02213428996037692
10,101,2,8,"[221, 20, 101, 99, 119, 217, 82, 13]",0.049020543694496155,0.01343270018696785,0.03894601855427027
10,101,2,8,"[71, 72, 127, 133, 23, 241, 5, 18]",0.07381313294172287,-0.02684767171740532,0.07381313294172287
10,101,2,8,"[177, 96, 220, 115, 60, 245, 68, 218]",0.03534718602895737,0.010265175253152847,0.02764830458909273
10,101,2,8,"[0, 118, 173, 1, 39, 157, 242, 65]",0.038584426045417786,0.040755584836006165,0.008017737418413162
10,101,2,8,"[188, 255, 10, 30, 158, 87, 59, 14]",0.011852748692035675,0.008320493623614311,0.005612378474324942
10,101,2,8,"[97, 17, 150, 243, 74, 55, 148, 145]",7.819890743121505e-05,0.0018829250475391746,-0.0013339948782231659
10,101,2,8,"[78, 11, 178, 3, 80, 128, 238, 33]",0.02039865031838417,0.004180963151156902,0.017262927955016494
10,101,2,8,"[200, 141, 202, 111, 53, 137, 152, 83]",0.01393780019134283,0.023342810571193695,-0.0035693077370524406
10,101,3,4,"[71, 72, 127, 133]",0.04717952758073807,0.016622193157672882,0.034712882712483406
10,101,3,4,"[23, 241, 5, 18]",0.06856883317232132,0.015076679177582264,0.05726132378913462
10,101,3,4,"[221, 20, 101, 99]",0.019403014332056046,-0.007056454196572304,0.019403014332056046
10,101,3,4,"[119, 217, 82, 13]",0.02752815932035446,0.020139183849096298,0.012423771433532238
10,101,3,4,"[177, 96, 220, 115]",0.023395447060465813,-0.02323715202510357,0.023395447060465813
10,101,3,4,"[60, 245, 68, 218]",0.037546638399362564,0.021582340821623802,0.021359882783144712
10,101,3,4,"[78, 11, 178, 3]",-0.0041532013565301895,0.011916672810912132,-0.013090705964714289
10,101,3,4,"[80, 128, 238, 33]",0.05711902305483818,-0.005313247442245483,0.05711902305483818
10,101,4,2,"[23, 241]",0.06510353088378906,-0.0074152229353785515,0.06510353088378906
10,101,4,2,"[5, 18]",0.039326220750808716,0.00845856498926878,0.03298229700885713
10,101,4,2,"[80, 128]",0.0412682481110096,0.005011232104152441,0.03750982403289527
10,101,4,2,"[238, 33]",0.036433812230825424,0.013062329031527042,0.026637065457180142
10,101,4,2,"[71, 72]",0.020683586597442627,0.009560021571815014,0.013513570418581367
10,101,4,2,"[127, 133]",0.03483327478170395,-0.004763225093483925,0.03483327478170395
10,101,4,2,"[177, 96]",0.014524795114994049,0.012290324084460735,0.005307052051648498
10,101,4,2,"[220, 115]",-0.0036661671474575996,-0.01115442719310522,-0.0036661671474575996
10,101,5,1,[23],0.04793335124850273,-0.006848358083516359,0.04793335124850273
10,101,5,1,[241],0.02055113948881626,7.662593998247758e-05,0.020493670033829403
10,101,5,1,[80],0.006217916030436754,0.001998499035835266,0.004719041753560305
10,101,5,1,[128],0.035292498767375946,0.0018406343879178166,0.033912022976437584
10,101,5,1,[127],0.018171828240156174,0.002935589523985982,0.015970136097166687
10,101,5,1,[133],0.0352993868291378,0.00810344610363245,0.029221802251413465
10,101,5,1,[5],0.006443271413445473,0.023076392710208893,-0.010864023119211197
10,101,5,1,[18],0.03166510909795761,0.011480913497507572,0.023054423974826932
10,211,0,32,"[106, 107, 44, 204, 162, 97, 109, 98, 14, 119, 164, 116, 183, 126, 117, 57, 72, 177, 145, 87, 118, 34, 0, 37, 151, 79, 102, 128, 49, 31, 130, 6]",0.027786433696746826,0.006142990197986364,0.023179191048257053
10,211,0,32,"[27, 159, 75, 36, 249, 8, 120, 231, 163, 160, 68, 236, 32, 26, 246, 48, 154, 125, 83, 219, 141, 192, 214, 206, 101, 252, 152, 33, 64, 135, 175, 13]",0.04242992028594017,0.01553982961922884,0.03077504807151854
10,211,0,32,"[10, 110, 144, 217, 71, 211, 234, 9, 208, 113, 238, 244, 228, 207, 95, 185, 171, 69, 254, 88, 173, 105, 63, 210, 58, 243, 216, 225, 77, 21, 169, 178]",0.05879319831728935,0.02560046687722206,0.03959284815937281
10,211,0,32,"[94, 38, 190, 229, 100, 245, 74, 227, 156, 29, 56, 132, 22, 7, 78, 55, 41, 16, 143, 220, 104, 138, 139, 5, 1, 158, 195, 114, 147, 181, 172, 148]",0.005491368938237429,-0.028022006154060364,0.005491368938237429
10,211,0,32,"[11, 213, 200, 222, 65, 191, 165, 19, 133, 93, 199, 137, 180, 2, 232, 186, 4, 39, 218, 52, 50, 253, 202, 85, 215, 251, 86, 182, 20, 53, 131, 240]",-0.0024549139197915792,-0.0035977764055132866,-0.0024549139197915792
10,211,0,32,"[242, 235, 226, 123, 168, 248, 62, 112, 111, 239, 146, 176, 35, 221, 224, 205, 184, 80, 194, 25, 40, 230, 140, 70, 201, 47, 18, 198, 76, 247, 45, 223]",-0.004275472369045019,0.002773744985461235,-0.0063557811081409454
10,211,0,32,"[61, 67, 121, 237, 99, 66, 92, 150, 24, 89, 43, 23, 174, 167, 209, 212, 179, 51, 60, 188, 82, 157, 127, 142, 108, 241, 134, 30, 17, 187, 103, 91]",0.010814164765179157,-0.005269058980047703,0.010814164765179157
10,211,0,32,"[81, 3, 161, 155, 149, 15, 197, 73, 59, 28, 46, 115, 42, 96, 189, 170, 124, 196, 250, 193, 12, 166, 153, 54, 122, 233, 84, 136, 255, 90, 129, 203]",0.0013712644577026367,-0.041243113577365875,0.0013712644577026367
10,211,1,16,"[10, 110, 144, 217, 71, 211, 234, 9, 208, 113, 238, 244, 228, 207, 95, 185]",0.034574635326862335,0.003513194853439927,0.03193973918678239
10,211,1,16,"[171, 69, 254, 88, 173, 105, 63, 210, 58, 243, 216, 225, 77, 21, 169, 178]",0.034015804529190063,0.007963345386087894,0.028043295489624143
10,211,1,16,"[27, 159, 75, 36, 249, 8, 120, 231, 163, 160, 68, 236, 32, 26, 246, 48]",-0.0010463070357218385,-0.0026702105533331633,-0.0010463070357218385
10,211,1,16,"[154, 125, 83, 219, 141, 192, 214, 206, 101, 252, 152, 33, 64, 135, 175, 13]",0.05658205971121788,0.025130806490778923,0.03773395484313369
10,211,1,16,"[106, 107, 44, 204, 162, 97, 109, 98, 14, 119, 164, 116, 183, 126, 117, 57]",-0.024606043472886086,0.014692630618810654,-0.035625516436994076
10,211,1,16,"[72, 177, 145, 87, 118, 34, 0, 37, 151, 79, 102, 128, 49, 31, 130, 6]",0.017711661756038666,0.005600673146545887,0.01351115689612925
10,211,1,16,"[61, 67, 121, 237, 99, 66, 92, 150, 24, 89, 43, 23, 174, 167, 209, 212]",0.011790411546826363,0.005370201077312231,0.007762760738842189
10,211,1,16,"[179, 51, 60, 188, 82, 157, 127, 142, 108, 241, 134, 30, 17, 187, 103, 91]",-0.0156262069940567,0.010697254911065102,-0.023649148177355528
10,211,2,8,"[154, 125, 83, 219, 141, 192, 214, 206]",0.023061063140630722,0.010959831066429615,0.01484118984080851
10,211,2,8,"[101, 252, 152, 33, 64, 135, 175, 13]",0.052491627633571625,0.021095622330904007,0.03666991088539362
10,211,2,8,"[10, 110, 144, 217, 71, 211, 234, 9]",0.03650232404470444,0.005091640166938305,0.03268359391950071
10,211,2,8,"[208, 113, 238, 244, 228, 207, 95, 185]",0.039141181856393814,0.030755607411265373,0.016074476297944784
10,211,2,8,"[171, 69, 254, 88, 173, 105, 63, 210]",0.07003689557313919,0.023287048563361168,0.052571609150618315
10,211,2,8,"[58, 243, 216, 225, 77, 21, 169, 178]",0.03582019358873367,0.036119427531957626,0.008730622939765453
10,211,2,8,"[72, 177, 145, 87, 118, 34, 0, 37]",0.05086533725261688,0.0007656705565750599,0.05029108433518559
10,211,2,8,"[151, 79, 102, 128, 49, 31, 130, 6]",-0.0018391513731330633,0.010720309801399708,-0.009879383724182844
10,211,3,4,"[171, 69, 254, 88]",0.006182065233588219,-0.0015794598730280995,0.006182065233588219
10,211,3,4,"[173, 105, 63, 210]",0.06316764652729034,0.003881765529513359,0.060256322380155325
10,211,3,4,"[72, 177, 145, 87]",0.019216876477003098,0.0030259524937719107,0.016947412106674165
10,211,3,4,"[118, 34, 0, 37]",0.013697543181478977,-0.0019182371906936169,0.013697543181478977
10,211,3,4,"[101, 252, 152, 33]",0.014389295130968094,0.008588300086557865,0.007948070066049695
10,211,3,4,"[64, 135, 175, 13]",0.04349150136113167,0.018744802102446556,0.02943289978429675
10,211,3,4,"[10, 110, 144, 217]",0.01797313429415226,0.0032529616728425026,0.015533413039520383
10,211,3,4,"[71, 211, 234, 9]",0.001695871353149414,-0.01419072039425373,0.001695871353149414
10,211,4,2,"[173, 105]",0.0035229253116995096,-0.0009066670900210738,0.0035229253116995096
10,211,4,2,"[63, 210]",0.048909444361925125,-0.011616110801696777,0.048909444361925125
10,211,4,2,"[64, 135]",0.016664469614624977,0.008637089282274246,0.010186652652919292
10,211,4,2,"[175, 13]",0.014851992018520832,0.003535497235134244,0.012200369092170149
10,211,4,2,"[72, 177]",0.022925112396478653,0.032130926847457886,-0.0011730827391147614
10,211,4,2,"[145, 87]",0.03316361829638481,-0.013167972676455975,0.03316361829638481
10,211,4,2,"[10, 110]",0.035268183797597885,-0.0033257408067584038,0.035268183797597885
10,211,4,2,"[144, 217]",0.0414082333445549,-0.0031058001331984997,0.0414082333445549
10,211,5,1,[63],0.024922607466578484,0.009038194082677364,0.01814396190457046
10,211,5,1,[210],0.02807670272886753,0.006904354318976402,0.02289843698963523
10,211,5,1,[144],0.03075120598077774,0.003042218741029501,0.028469541925005615
10,211,5,1,[217],0.01653660461306572,-0.004262496251612902,0.01653660461306572
10,211,5,1,[10],0.03923613205552101,0.01056599523872137,0.03131163562647998
10,211,5,1,[110],0.01880459114909172,0.02119644731283188,0.0029072556644678116
10,211,5,1,[145],0.02672739513218403,0.0017748612444847822,0.025396249198820442
10,211,5,1,[87],0.037792958319187164,0.0006596982711926103,0.03729818461579271
14,17,0,32,"[145, 83, 255, 126, 58, 109, 27, 19, 40, 139, 11, 158, 171, 210, 198, 108, 84, 57, 185, 114, 203, 181, 253, 148, 16, 50, 131, 77, 81, 117, 143, 110]",0.037796296179294586,0.00919055100530386,0.03090338292531669
14,17,0,32,"[236, 206, 252, 149, 170, 56, 111, 63, 20, 91, 214, 200, 194, 12, 67, 197, 118, 155, 28, 30, 211, 34, 230, 154, 93, 188, 10, 48, 136, 29, 15, 102]",0.1054171547293663,0.04500778019428253,0.0716613195836544
14,17,0,32,"[70, 99, 120, 209, 180, 90, 94, 199, 151, 86, 212, 129, 7, 247, 101, 217, 14, 88, 147, 244, 165, 92, 240, 173, 204, 229, 159, 35, 231, 177, 23, 47]",0.02165587618947029,0.010934230871498585,0.013455203035846353
14,17,0,32,"[13, 254, 130, 245, 220, 21, 78, 162, 116, 42, 66, 38, 152, 224, 243, 46, 107, 249, 125, 31, 235, 62, 79, 238, 174, 201, 164, 246, 191, 248, 208, 112]",-0.03624619171023369,-0.03902521729469299,-0.03624619171023369
14,17,0,32,"[241, 123, 32, 179, 89, 178, 193, 156, 60, 71, 219, 222, 25, 59, 228, 54, 144, 26, 133, 69, 45, 233, 141, 146, 160, 43, 226, 218, 51, 122, 96, 135]",0.02517000399529934,-0.020483894273638725,0.02517000399529934
14,17,0,32,"[189, 95, 87, 68, 168, 205, 132, 221, 33, 44, 251, 100, 22, 53, 176, 163, 124, 239, 234, 150, 76, 195, 5, 186, 64, 73, 142, 182, 103, 166, 17, 215]",0.02910633757710457,0.03349469602108002,0.003985315561294556
14,17,0,32,"[232, 121, 106, 225, 9, 227, 6, 61, 2, 104, 0, 80, 140, 52, 113, 18, 65, 216, 169, 119, 36, 187, 161, 134, 153, 3, 213, 137, 184, 4, 24, 128]",0.022929484024643898,-0.005495283752679825,0.022929484024643898
14,17,0,32,"[8, 37, 172, 250, 183, 202, 196, 157, 105, 127, 242, 138, 223, 167, 207, 49, 97, 41, 72, 39, 55, 1, 192, 237, 175, 98, 190, 74, 82, 75, 85, 115]",0.05676359683275223,0.00478502968326211,0.053174824570305645
14,17,1,16,"[236, 206, 252, 149, 170, 56, 111, 63, 20, 91, 214, 200, 194, 12, 67, 197]",0.07868661731481552,-0.014992120675742626,0.07868661731481552
14,17,1,16,"[118, 155, 28, 30, 211, 34, 230, 154, 93, 188, 10, 48, 136, 29, 15, 102]",0.020939921960234642,0.016004683449864388,0.008936409372836351
14,17,1,16,"[8, 37, 172, 250, 183, 202, 196, 157, 105, 127, 242, 138, 223, 167, 207, 49]",0.0544721744954586,-0.010346855968236923,0.0544721744954586
14,17,1,16,"[97, 41, 72, 39, 55, 1, 192, 237, 175, 98, 190, 74, 82, 75, 85, 115]",-0.013965565711259842,-0.01774313859641552,-0.013965565711259842
14,17,1,16,"[145, 83, 255, 126, 58, 109, 27, 19, 40, 139, 11, 158, 171, 210, 198, 108]",0.019217321649193764,-0.004703372251242399,0.019217321649193764
14,17,1,16,"[84, 57, 185, 114, 203, 181, 253, 148, 16, 50, 131, 77, 81, 117, 143, 110]",0.0038301516324281693,0.013476508669555187,-0.006277229869738221
14,17,1,16,"[241, 123, 32, 179, 89, 178, 193, 156, 60, 71, 219, 222, 25, 59, 228, 54]",0.04063042253255844,0.006423298269510269,0.03581294883042574
14,17,1,16,"[144, 26, 133, 69, 45, 233, 141, 146, 160, 43, 226, 218, 51, 122, 96, 135]",0.0229094997048378,-0.024907054379582405,0.0229094997048378
14,17,2,8,"[236, 206, 252, 149, 170, 56, 111, 63]",0.07559613883495331,-0.0085531584918499,0.07559613883495331
14,17,2,8,"[20, 91, 214, 200, 194, 12, 67, 197]",0.007603102829307318,-0.021941743791103363,0.007603102829307318
14,17,2,8,"[8, 37, 172, 250, 183, 202, 196, 157]",0.06519003957509995,0.002537855412811041,0.06328664801549166
14,17,2,8,"[105, 127, 242, 138, 223, 167, 207, 49]",0.025043807923793793,-0.024989981204271317,0.025043807923793793
14,17,2,8,"[241, 123, 32, 179, 89, 178, 193, 156]",0.056091394275426865,-0.02516156993806362,0.056091394275426865
14,17,2,8,"[60, 71, 219, 222, 25, 59, 228, 54]",0.027608634904026985,0.006509706843644381,0.0227263547712937
14,17,2,8,"[144, 26, 133, 69, 45, 233, 141, 146]",-0.004092412069439888,-0.00643725274130702,-0.004092412069439888
14,17,2,8,"[160, 43, 226, 218, 51, 122, 96, 135]",0.024161014705896378,-0.027598701417446136,0.024161014705896378
14,17,3,4,"[236, 206, 252, 149]",0.07566718012094498,0.0064117396250367165,0.07085837540216744
14,17,3,4,"[170, 56, 111, 63]",0.02488171122968197,-0.0024504088796675205,0.02488171122968197
14,17,3,4,"[8, 37, 172, 250]",0.017681503668427467,-0.008988164365291595,0.017681503668427467
14,17,3,4,"[183, 202, 196, 157]",0.06339135766029358,0.010753261856734753,0.055326411267742515
14,17,3,4,"[241, 123, 32, 179]",0.0338725708425045,-0.00977861788123846,0.0338725708425045
14,17,3,4,"[89, 178, 193, 156]",0.020181654021143913,-0.02469681203365326,0.020181654021143913
14,17,3,4,"[105, 127, 242, 138]",0.01380237378180027,-0.013217899017035961,0.01380237378180027
14,17,3,4,"[223, 167, 207, 49]",0.03830818086862564,-0.00624042609706521,0.03830818086862564
14,17,4,2,"[236, 206]",0.022987522184848785,0.0015906125772744417,0.021794562751892954
14,17,4,2,"[252, 149]",0.06498122960329056,-0.006891937926411629,0.06498122960329056
14,17,4,2,"[183, 202]",0.053585559129714966,-0.005645740777254105,0.053585559129714966
14,17,4,2,"[196, 157]",0.0020124090369790792,0.007484951987862587,-0.003601304953917861
14,17,4,2,"[223, 167]",0.03694595396518707,0.003916798159480095,0.034008355345577
14,17,4,2,"[207, 49]",0.01765286922454834,0.00158251344691962,0.016465984139358625
14,17,4,2,"[241, 123]",0.018312131986021996,-0.009586227126419544,0.018312131986021996
14,17,4,2,"[32, 179]",0.05027751624584198,-0.010671667754650116,0.05027751624584198
14,17,5,1,[252],0.014787932857871056,-0.013315646909177303,0.014787932857871056
14,17,5,1,[149],0.06239424645900726,-0.004943263716995716,0.06239424645900726
14,17,5,1,[183],0.046392373740673065,0.012053556740283966,0.03735220618546009
14,17,5,1,[202],-0.022575821727514267,-0.005665813572704792,-0.022575821727514267
14,17,5,1,[32],0.05027751624584198,-0.010671667754650116,0.05027751624584198
14,17,5,1,[179],0.0,0.0,0.0
14,17,5,1,[223],0.03066258877515793,0.001186946639791131,0.02977237879531458
14,17,5,1,[167],0.027837524190545082,0.009994890540838242,0.0203413562849164
14,53,0,32,"[65, 199, 216, 254, 146, 195, 252, 193, 11, 48, 157, 60, 188, 53, 20, 105, 179, 45, 77, 76, 49, 186, 230, 160, 25, 185, 3, 68, 15, 93, 74, 150]",0.028902113437652588,0.026538118720054626,0.008998524397611618
14,53,0,32,"[87, 142, 218, 8, 67, 42, 210, 90, 92, 170, 183, 149, 69, 110, 192, 220, 54, 129, 198, 38, 95, 235, 18, 203, 99, 212, 214, 30, 63, 7, 84, 247]",0.07555906474590302,-0.011890999972820282,0.07555906474590302
14,53,0,32,"[255, 79, 172, 178, 52, 123, 128, 139, 94, 26, 108, 182, 114, 47, 32, 165, 196, 102, 34, 209, 83, 46, 180, 111, 13, 107, 144, 28, 154, 191, 19, 215]",0.024815481156110764,-0.055158067494630814,0.024815481156110764
14,53,0,32,"[41, 16, 222, 201, 227, 138, 243, 237, 91, 43, 148, 141, 155, 158, 241, 132, 176, 66, 31, 98, 194, 184, 171, 100, 246, 187, 229, 122, 236, 202, 119, 17]",0.011221022345125675,0.021092643961310387,-0.004598460625857115
14,53,0,32,"[137, 206, 239, 190, 85, 197, 133, 166, 233, 156, 161, 152, 177, 174, 217, 5, 134, 120, 168, 97, 35, 208, 162, 221, 44, 4, 86, 113, 112, 106, 143, 136]",0.049363818019628525,0.006642179563641548,0.044382183346897364
14,53,0,32,"[207, 121, 9, 242, 124, 116, 211, 147, 88, 58, 27, 159, 56, 181, 55, 151, 70, 173, 6, 115, 21, 204, 248, 10, 50, 24, 40, 249, 226, 135, 73, 29]",0.008619284257292747,0.012712065130472183,-0.0009147645905613899
14,53,0,32,"[205, 234, 125, 131, 140, 1, 244, 51, 81, 2, 80, 59, 0, 163, 72, 231, 62, 37, 89, 103, 117, 33, 175, 145, 36, 71, 219, 64, 164, 238, 12, 78]",0.025078851729631424,-0.012778490781784058,0.025078851729631424
14,53,0,32,"[167, 126, 39, 228, 232, 127, 153, 169, 23, 213, 240, 96, 57, 245, 200, 250, 109, 224, 22, 223, 118, 130, 225, 101, 14, 189, 251, 104, 82, 61, 253, 75]",0.008476341143250465,-0.019603323191404343,0.008476341143250465
14,53,1,16,"[87, 142, 218, 8, 67, 42, 210, 90, 92, 170, 183, 149, 69, 110, 192, 220]",0.09873462468385696,0.018259653821587563,0.08503988431766629
14,53,1,16,"[54, 129, 198, 38, 95, 235, 18, 203, 99, 212, 214, 30, 63, 7, 84, 247]",0.017066024243831635,-0.026613323017954826,0.017066024243831635
14,53,1,16,"[137, 206, 239, 190, 85, 197, 133, 166, 233, 156, 161, 152, 177, 174, 217, 5]",0.01711391471326351,0.015249079093337059,0.005677105393260717
14,53,1,16,"[134, 120, 168, 97, 35, 208, 162, 221, 44, 4, 86, 113, 112, 106, 143, 136]",0.012652368284761906,-0.014371756464242935,0.012652368284761906
14,53,1,16,"[205, 234, 125, 131, 140, 1, 244, 51, 81, 2, 80, 59, 0, 163, 72, 231]",0.024113373830914497,-0.014261636883020401,0.024113373830914497
14,53,1,16,"[62, 37, 89, 103, 117, 33, 175, 145, 36, 71, 219, 64, 164, 238, 12, 78]",0.023582052439451218,-0.009557095356285572,0.023582052439451218
14,53,1,16,"[255, 79, 172, 178, 52, 123, 128, 139, 94, 26, 108, 182, 114, 47, 32, 165]",0.015789695084095,-0.006010465789586306,0.015789695084095
14,53,1,16,"[196, 102, 34, 209, 83, 46, 180, 111, 13, 107, 144, 28, 154, 191, 19, 215]",-0.019989360123872757,-0.045430973172187805,-0.019989360123872757
14,53,2,8,"[87, 142, 218, 8, 67, 42, 210, 90]",0.022333551198244095,0.0012089037336409092,0.021426873398013413
14,53,2,8,"[92, 170, 183, 149, 69, 110, 192, 220]",0.06846178323030472,0.022963501513004303,0.05123915709555149
14,53,2,8,"[205, 234, 125, 131, 140, 1, 244, 51]",0.021490642800927162,0.008963780477643013,0.014767807442694902
14,53,2,8,"[81, 2, 80, 59, 0, 163, 72, 231]",0.041450224816799164,-0.007148148957639933,0.041450224816799164
14,53,2,8,"[62, 37, 89, 103, 117, 33, 175, 145]",0.018914522603154182,-0.007300493307411671,0.018914522603154182
14,53,2,8,"[36, 71, 219, 64, 164, 238, 12, 78]",0.04186165705323219,-0.024867987260222435,0.04186165705323219
14,53,2,8,"[54, 129, 198, 38, 95, 235, 18, 203]",0.006072433199733496,-0.01078119408339262,0.006072433199733496
14,53,2,8,"[99, 212, 214, 30, 63, 7, 84, 247]",0.03133867681026459,-0.022138021886348724,0.03133867681026459
14,53,3,4,"[92, 170, 183, 149]",0.10004629194736481,0.023661596700549126,0.08230009442195296
14,53,3,4,"[69, 110, 192, 220]",0.02319122850894928,0.024840407073497772,0.004560923203825951
14,53,3,4,"[36, 71, 219, 64]",0.021697700023651123,-0.011756155639886856,0.021697700023651123
14,53,3,4,"[164, 238, 12, 78]",0.008502869866788387,-0.011660908348858356,0.008502869866788387
14,53,3,4,"[81, 2, 80, 59]",0.012871482409536839,0.012649217620491982,0.0033845691941678524
14,53,3,4,"[0, 163, 72, 231]",0.03265620395541191,-0.02879202365875244,0.03265620395541191
14,53,3,4,"[99, 212, 214, 30]",-0.00963649433106184,-0.0029005592223256826,-0.00963649433106184
14,53,3,4,"[63, 7, 84, 247]",-0.005759760271757841,-0.02745445817708969,-0.005759760271757841
14,53,4,2,"[92, 170]",0.022767510265111923,-0.011667114682495594,0.022767510265111923
14,53,4,2,"[183, 149]",0.09849526733160019,-0.003913962747901678,0.09849526733160019
14,53,4,2,"[0, 163]",0.002192053711041808,-0.01958732306957245,0.002192053711041808
14,53,4,2,"[72, 231]",0.01697717234492302,-0.011371452361345291,0.01697717234492302
14,53,4,2,"[36, 71]",0.033778391778469086,-0.004107335582375526,0.033778391778469086
14,53,4,2,"[219, 64]",-0.011530947871506214,-0.003112571779638529,-0.011530947871506214
14,53,4,2,"[164, 238]",0.009793226607143879,-0.020752759650349617,0.009793226607143879
14,53,4,2,"[12, 78]",0.02572728879749775,-0.017162466421723366,0.02572728879749775
14,53,5,1,[183],0.046392373740673065,0.012053556740283966,0.03735220618546009
14,53,5,1,[149],0.06239424645900726,-0.004943263716995716,0.06239424645900726
14,53,5,1,[36],0.023491716012358665,0.0037368990015238523,0.020689041761215776
14,53,5,1,[71],-0.016121963039040565,-0.012841751798987389,-0.016121963039040565
14,53,5,1,[12],-0.0024033260997384787,0.002084592590108514,-0.003966770542319864
14,53,5,1,[78],0.028036588802933693,-0.022307109087705612,0.028036588802933693
14,53,5,1,[92],0.0,0.0,0.0
14,53,5,1,[170],0.022767510265111923,-0.011667114682495594,0.022767510265111923
14,101,0,32,"[221, 20, 101, 99, 119, 217, 82, 13, 71, 72, 127, 133, 23, 241, 5, 18, 237, 175, 107, 211, 77, 252, 125, 2, 86, 57, 92, 189, 197, 94, 89, 130]",-0.0010060524800792336,-0.019748037680983543,-0.0010060524800792336
14,101,0,32,"[236, 76, 253, 15, 117, 16, 102, 66, 156, 191, 135, 167, 176, 84, 106, 91, 4, 228, 190, 35, 165, 48, 45, 198, 112, 43, 21, 230, 105, 124, 67, 63]",0.06568791717290878,-0.009742558933794498,0.06568791717290878
14,101,0,32,"[188, 255, 10, 30, 158, 87, 59, 14, 97, 17, 150, 243, 74, 55, 148, 145, 210, 149, 95, 154, 103, 9, 207, 12, 201, 179, 22, 88, 24, 249, 61, 195]",0.10316429287195206,0.024919265881180763,0.08447484346106648
14,101,0,32,"[78, 11, 178, 3, 80, 128, 238, 33, 200, 141, 202, 111, 53, 137, 152, 83, 177, 96, 220, 115, 60, 245, 68, 218, 0, 118, 173, 1, 39, 157, 242, 65]",0.047152079641819,0.0033032000064849854,0.04467467963695526
14,101,0,32,"[19, 180, 50, 233, 69, 194, 225, 139, 75, 250, 110, 146, 116, 251, 64, 163, 51, 126, 7, 120, 248, 140, 34, 161, 203, 129, 232, 109, 70, 172, 26, 81]",0.03127424418926239,-0.02303885668516159,0.03127424418926239
14,101,0,32,"[98, 229, 227, 122, 181, 93, 254, 184, 28, 174, 192, 144, 171, 121, 162, 90, 246, 213, 235, 231, 132, 142, 222, 170, 168, 58, 215, 196, 136, 199, 155, 108]",0.00437193876132369,-0.03744490444660187,0.00437193876132369
14,101,0,32,"[32, 147, 56, 143, 151, 27, 187, 153, 208, 46, 223, 224, 169, 159, 113, 85, 42, 138, 182, 62, 31, 52, 6, 104, 244, 226, 123, 214, 131, 44, 134, 209]",0.04010502249002457,-0.0330907367169857,0.04010502249002457
14,101,0,32,"[185, 239, 193, 186, 240, 100, 29, 204, 247, 205, 41, 183, 49, 36, 160, 40, 8, 73, 25, 164, 38, 47, 216, 37, 212, 54, 234, 206, 79, 219, 166, 114]",0.03758546710014343,-0.029918724671006203,0.03758546710014343
14,101,1,16,"[188, 255, 10, 30, 158, 87, 59, 14, 97, 17, 150, 243, 74, 55, 148, 145]",0.030094055458903313,0.010551921091973782,0.022180114639922976
14,101,1,16,"[210, 149, 95, 154, 103, 9, 207, 12, 201, 179, 22, 88, 24, 249, 61, 195]",0.09329860657453537,-0.012511882930994034,0.09329860657453537
14,101,1,16,"[236, 76, 253, 15, 117, 16, 102, 66, 156, 191, 135, 167, 176, 84, 106, 91]",0.012739155441522598,-0.010578390210866928,0.012739155441522598
14,101,1,16,"[4, 228, 190, 35, 165, 48, 45, 198, 112, 43, 21, 230, 105, 124, 67, 63]",0.035248052328825,-0.00714263878762722,0.035248052328825
14,101,1,16,"[78, 11, 178, 3, 80, 128, 238, 33, 200, 141, 202, 111, 53, 137, 152, 83]",0.03439432755112648,-0.021695002913475037,0.03439432755112648
14,101,1,16,"[177, 96, 220, 115, 60, 245, 68, 218, 0, 118, 173, 1, 39, 157, 242, 65]",0.0111202048137784,0.010850021615624428,0.0029826886020600796
14,101,1,16,"[32, 147, 56, 143, 151, 27, 187, 153, 208, 46, 223, 224, 169, 159, 113, 85]",0.05627630278468132,-0.030077170580625534,0.05627630278468132
14,101,1,16,"[42, 138, 182, 62, 31, 52, 6, 104, 244, 226, 123, 214, 131, 44, 134, 209]",0.012040847912430763,-0.0016692423960193992,0.012040847912430763
14,101,2,8,"[210, 149, 95, 154, 103, 9, 207, 12]",0.07421771436929703,-0.003090888960286975,0.07421771436929703
14,101,2,8,"[201, 179, 22, 88, 24, 249, 61, 195]",0.0032577181700617075,0.02645007148385048,-0.016579835442826152
14,101,2,8,"[32, 147, 56, 143, 151, 27, 187, 153]",0.03675824776291847,-0.013302458450198174,0.03675824776291847
14,101,2,8,"[208, 46, 223, 224, 169, 159, 113, 85]",0.0002091324276989326,-0.03434675931930542,0.0002091324276989326
14,101,2,8,"[4, 228, 190, 35, 165, 48, 45, 198]",0.03439139947295189,0.009626630693674088,0.027171426452696323
14,101,2,8,"[112, 43, 21, 230, 105, 124, 67, 63]",0.05542374029755592,-0.023203864693641663,0.05542374029755592
14,101,2,8,"[78, 11, 178, 3, 80, 128, 238, 33]",0.018109064549207687,0.003036696929484606,0.015831541852094233
14,101,2,8,"[200, 141, 202, 111, 53, 137, 152, 83]",0.038971710950136185,-0.025555752217769623,0.038971710950136185
14,101,3,4,"[210, 149, 95, 154]",0.07420331239700317,0.022211231291294098,0.0575448889285326
14,101,3,4,"[103, 9, 207, 12]",0.009962947107851505,-0.01708897203207016,0.009962947107851505
14,101,3,4,"[112, 43, 21, 230]",0.029839200899004936,0.005092241335660219,0.026020019897259772
14,101,3,4,"[105, 124, 67, 63]",0.00893112737685442,0.010273664258420467,0.0012258791830390692
14,101,3,4,"[200, 141, 202, 111]",0.02549808658659458,-0.018557973206043243,0.02549808658659458
14,101,3,4,"[53, 137, 152, 83]",-0.0007232510834001005,-0.01031775027513504,-0.0007232510834001005
14,101,3,4,"[32, 147, 56, 143]",0.04375947639346123,-0.015470870770514011,0.04375947639346123
14,101,3,4,"[151, 27, 187, 153]",0.006591424811631441,-0.022172022610902786,0.006591424811631441
14,101,4,2,"[210, 149]",0.06551193445920944,0.003960123751312494,0.06254184164572507
14,101,4,2,"[95, 154]",0.02478928491473198,0.0146759869530797,0.013782294699922204
14,101,4,2,"[32, 147]",0.05083535239100456,-0.013500920496881008,0.05083535239100456
14,101,4,2,"[56, 143]",0.006084387190639973,-0.013238668441772461,0.006084387190639973
14,101,4,2,"[112, 43]",0.035810645669698715,-0.0070043690502643585,0.035810645669698715
14,101,4,2,"[21, 230]",0.026184966787695885,0.025829173624515533,0.006813086569309235
14,101,4,2,"[200, 141]",0.004476295784115791,-0.01751835085451603,0.004476295784115791
14,101,4,2,"[202, 111]",0.0028338360134512186,-0.007605720777064562,0.0028338360134512186
14,101,5,1,[210],0.008280699141323566,-0.0037925236392766237,0.008280699141323566
14,101,5,1,[149],0.06239424645900726,-0.004943263716995716,0.06239424645900726
14,101,5,1,[32],0.05027751624584198,-0.010671667754650116,0.05027751624584198
14,101,5,1,[147],0.031237347051501274,-0.006311831064522266,0.031237347051501274
14,101,5,1,[112],0.0278842281550169,-0.009968483820557594,0.0278842281550169
14,101,5,1,[43],0.011056678369641304,-0.016904503107070923,0.011056678369641304
14,101,5,1,[95],0.04206685721874237,-0.017270304262638092,0.04206685721874237
14,101,5,1,[154],0.012954169884324074,-0.012165100313723087,0.012954169884324074
14,211,0,32,"[106, 107, 44, 204, 162, 97, 109, 98, 14, 119, 164, 116, 183, 126, 117, 57, 72, 177, 145, 87, 118, 34, 0, 37, 151, 79, 102, 128, 49, 31, 130, 6]",0.06137756258249283,-0.001066712778992951,0.06137756258249283
14,211,0,32,"[27, 159, 75, 36, 249, 8, 120, 231, 163, 160, 68, 236, 32, 26, 246, 48, 154, 125, 83, 219, 141, 192, 214, 206, 101, 252, 152, 33, 64, 135, 175, 13]",0.08137776702642441,-0.03491662070155144,0.08137776702642441
14,211,0,32,"[10, 110, 144, 217, 71, 211, 234, 9, 208, 113, 238, 244, 228, 207, 95, 185, 171, 69, 254, 88, 173, 105, 63, 210, 58, 243, 216, 225, 77, 21, 169, 178]",0.05235084146261215,-0.024890603497624397,0.05235084146261215
14,211,0,32,"[94, 38, 190, 229, 100, 245, 74, 227, 156, 29, 56, 132, 22, 7, 78, 55, 41, 16, 143, 220, 104, 138, 139, 5, 1, 158, 195, 114, 147, 181, 172, 148]",0.011031835339963436,-0.03232331573963165,0.011031835339963436
14,211,0,32,"[11, 213, 200, 222, 65, 191, 165, 19, 133, 93, 199, 137, 180, 2, 232, 186, 4, 39, 218, 52, 50, 253, 202, 85, 215, 251, 86, 182, 20, 53, 131, 240]",0.008457852527499199,0.020212389528751373,-0.006701439619064331
14,211,0,32,"[242, 235, 226, 123, 168, 248, 62, 112, 111, 239, 146, 176, 35, 221, 224, 205, 184, 80, 194, 25, 40, 230, 140, 70, 201, 47, 18, 198, 76, 247, 45, 223]",-0.00794945377856493,-0.03885030746459961,-0.00794945377856493
14,211,0,32,"[61, 67, 121, 237, 99, 66, 92, 150, 24, 89, 43, 23, 174, 167, 209, 212, 179, 51, 60, 188, 82, 157, 127, 142, 108, 241, 134, 30, 17, 187, 103, 91]",-0.006944416556507349,-0.0025467192754149437,-0.006944416556507349
14,211,0,32,"[81, 3, 161, 155, 149, 15, 197, 73, 59, 28, 46, 115, 42, 96, 189, 170, 124, 196, 250, 193, 12, 166, 153, 54, 122, 233, 84, 136, 255, 90, 129, 203]",0.06895607709884644,0.012911572121083736,0.05927239800803363
14,211,1,16,"[27, 159, 75, 36, 249, 8, 120, 231, 163, 160, 68, 236, 32, 26, 246, 48]",0.1081467792391777,0.0051830364391207695,0.10425950190983713
14,211,1,16,"[154, 125, 83, 219, 141, 192, 214, 206, 101, 252, 152, 33, 64, 135, 175, 13]",-0.02093379758298397,-0.027036933228373528,-0.02093379758298397
14,211,1,16,"[106, 107, 44, 204, 162, 97, 109, 98, 14, 119, 164, 116, 183, 126, 117, 57]",0.07280957698822021,-0.024132803082466125,0.07280957698822021
14,211,1,16,"[72, 177, 145, 87, 118, 34, 0, 37, 151, 79, 102, 128, 49, 31, 130, 6]",0.01835624873638153,-0.011415202170610428,0.01835624873638153
14,211,1,16,"[81, 3, 161, 155, 149, 15, 197, 73, 59, 28, 46, 115, 42, 96, 189, 170]",0.05092795193195343,0.03279669210314751,0.0263304328545928
14,211,1,16,"[124, 196, 250, 193, 12, 166, 153, 54, 122, 233, 84, 136, 255, 90, 129, 203]",0.027832303196191788,0.010677843354642391,0.019823920680209994
14,211,1,16,"[10, 110, 144, 217, 71, 211, 234, 9, 208, 113, 238, 244, 228, 207, 95, 185]",-0.022524356842041016,-0.033914245665073395,-0.022524356842041016
14,211,1,16,"[171, 69, 254, 88, 173, 105, 63, 210, 58, 243, 216, 225, 77, 21, 169, 178]",0.0674179345369339,0.018541181460022926,0.053512048441916704
14,211,2,8,"[27, 159, 75, 36, 249, 8, 120, 231]",0.07686030119657516,-0.025173205882310867,0.07686030119657516
14,211,2,8,"[163, 160, 68, 236, 32, 26, 246, 48]",0.060694605112075806,0.012457544915378094,0.051351446425542235
14,211,2,8,"[106, 107, 44, 204, 162, 97, 109, 98]",0.01862664520740509,0.01358448714017868,0.00843827985227108
14,211,2,8,"[14, 119, 164, 116, 183, 126, 117, 57]",0.04098774865269661,-0.022264985367655754,0.04098774865269661
14,211,2,8,"[171, 69, 254, 88, 173, 105, 63, 210]",0.03997907042503357,0.017168225720524788,0.02710290113463998
14,211,2,8,"[58, 243, 216, 225, 77, 21, 169, 178]",0.057939313352108,0.0067200553603470325,0.05289927183184773
14,211,2,8,"[81, 3, 161, 155, 149, 15, 197, 73]",0.06693214923143387,0.036457739770412445,0.039588844403624535
14,211,2,8,"[59, 28, 46, 115, 42, 96, 189, 170]",0.025413958355784416,-0.0022675227373838425,0.025413958355784416
14,211,3,4,"[27, 159, 75, 36]",0.02408401481807232,0.004415939562022686,0.020772060146555305
14,211,3,4,"[249, 8, 120, 231]",0.02320847101509571,0.008917667903006077,0.016520220087841153
14,211,3,4,"[58, 243, 216, 225]",0.020940672606229782,0.0007670670747756958,0.02036537230014801
14,211,3,4,"[77, 21, 169, 178]",0.028379540890455246,0.017770633101463318,0.015051566064357758
14,211,3,4,"[163, 160, 68, 236]",0.018351400271058083,0.0005226742941886187,0.01795939455041662
14,211,3,4,"[32, 26, 246, 48]",0.06864076852798462,0.01833747886121273,0.05488765938207507
14,211,3,4,"[14, 119, 164, 116]",0.03245382010936737,0.0033896761015057564,0.029911563033238053
14,211,3,4,"[183, 126, 117, 57]",0.034962669014930725,-0.003180263563990593,0.034962669014930725
14,211,4,2,"[32, 26]",0.061473432928323746,0.0009799343533813953,0.0607384821632877
14,211,4,2,"[246, 48]",0.05543488636612892,0.0011082100681960583,0.05460372881498188
14,211,4,2,"[183, 126]",0.030134521424770355,0.005418124608695507,0.026070927968248725
14,211,4,2,"[117, 57]",0.025705959647893906,-0.008387657813727856,0.025705959647893906
14,211,4,2,"[14, 119]",0.023654162883758545,0.002098481170833111,0.022080302005633712
14,211,4,2,"[164, 116]",0.017574956640601158,-0.014325112104415894,0.017574956640601158
14,211,4,2,"[27, 159]",0.0,0.0,0.0
14,211,4,2,"[75, 36]",0.02408401481807232,0.004415939562022686,0.020772060146555305
14,211,5,1,[32],0.05027751624584198,-0.010671667754650116,0.05027751624584198
14,211,5,1,[26],0.010449212044477463,0.003392704064026475,0.007904683996457607
14,211,5,1,[246],0.0047438740730285645,0.030723784118890762,-0.018298964016139507
14,211,5,1,[48],0.038852348923683167,0.0016541314544156194,0.03761175033287145
14,211,5,1,[183],0.046392373740673065,0.012053556740283966,0.03735220618546009
14,211,5,1,[126],0.005197358317673206,-0.015132381580770016,0.005197358317673206
14,211,5,1,[117],0.024924030527472496,-0.013101296499371529,0.024924030527472496
14,211,5,1,[57],0.023669088259339333,-0.013344721868634224,0.023669088259339333
27,17,0,32,"[145, 83, 255, 126, 58, 109, 27, 19, 40, 139, 11, 158, 171, 210, 198, 108, 84, 57, 185, 114, 203, 181, 253, 148, 16, 50, 131, 77, 81, 117, 143, 110]",-0.033116940408945084,0.04404948651790619,-0.06615405529737473
27,17,0,32,"[236, 206, 252, 149, 170, 56, 111, 63, 20, 91, 214, 200, 194, 12, 67, 197, 118, 155, 28, 30, 211, 34, 230, 154, 93, 188, 10, 48, 136, 29, 15, 102]",0.020564459264278412,-0.006944570690393448,0.020564459264278412
27,17,0,32,"[70, 99, 120, 209, 180, 90, 94, 199, 151, 86, 212, 129, 7, 247, 101, 217, 14, 88, 147, 244, 165, 92, 240, 173, 204, 229, 159, 35, 231, 177, 23, 47]",-0.016034472733736038,-0.0466068834066391,-0.016034472733736038
27,17,0,32,"[13, 254, 130, 245, 220, 21, 78, 162, 116, 42, 66, 38, 152, 224, 243, 46, 107, 249, 125, 31, 235, 62, 79, 238, 174, 201, 164, 246, 191, 248, 208, 112]",0.01929459162056446,0.008447160944342613,0.0129592209123075
27,17,0,32,"[241, 123, 32, 179, 89, 178, 193, 156, 60, 71, 219, 222, 25, 59, 228, 54, 144, 26, 133, 69, 45, 233, 141, 146, 160, 43, 226, 218, 51, 122, 96, 135]",0.15911971032619476,0.03654053807258606,0.13171430677175522
27,17,0,32,"[189, 95, 87, 68, 168, 205, 132, 221, 33, 44, 251, 100, 22, 53, 176, 163, 124, 239, 234, 150, 76, 195, 5, 186, 64, 73, 142, 182, 103, 166, 17, 215]",0.02732694335281849,-0.017081884667277336,0.02732694335281849
27,17,0,32,"[232, 121, 106, 225, 9, 227, 6, 61, 2, 104, 0, 80, 140, 52, 113, 18, 65, 216, 169, 119, 36, 187, 161, 134, 153, 3, 213, 137, 184, 4, 24, 128]",0.01374299731105566,-0.011791118420660496,0.01374299731105566
27,17,0,32,"[8, 37, 172, 250, 183, 202, 196, 157, 105, 127, 242, 138, 223, 167, 207, 49, 97, 41, 72, 39, 55, 1, 192, 237, 175, 98, 190, 74, 82, 75, 85, 115]",0.03061833418905735,0.019126711413264275,0.016273300629109144
27,17,1,16,"[241, 123, 32, 179, 89, 178, 193, 156, 60, 71, 219, 222, 25, 59, 228, 54]",0.03373083099722862,-0.01714067906141281,0.03373083099722862
27,17,1,16,"[144, 26, 133, 69, 45, 233, 141, 146, 160, 43, 226, 218, 51, 122, 96, 135]",0.1514858603477478,0.03749740496277809,0.12336280662566423
27,17,1,16,"[189, 95, 87, 68, 168, 205, 132, 221, 33, 44, 251, 100, 22, 53, 176, 163]",0.01584441587328911,-0.003699564840644598,0.01584441587328911
27,17,1,16,"[124, 239, 234, 150, 76, 195, 5, 186, 64, 73, 142, 182, 103, 166, 17, 215]",0.015457064844667912,-0.01159952487796545,0.015457064844667912
27,17,1,16,"[236, 206, 252, 149, 170, 56, 111, 63, 20, 91, 214, 200, 194, 12, 67, 197]",0.042908649891614914,-0.005578326992690563,0.042908649891614914
27,17,1,16,"[118, 155, 28, 30, 211, 34, 230, 154, 93, 188, 10, 48, 136, 29, 15, 102]",-0.03140930086374283,-0.020264213904738426,-0.03140930086374283
27,17,1,16,"[8, 37, 172, 250, 183, 202, 196, 157, 105, 127, 242, 138, 223, 167, 207, 49]",-0.001061108079738915,0.0020234608091413975,-0.002578703686594963
27,17,1,16,"[97, 41, 72, 39, 55, 1, 192, 237, 175, 98, 190, 74, 82, 75, 85, 115]",0.03011918254196644,0.013792880810797215,0.019774521933868527
27,17,2,8,"[144, 26, 133, 69, 45, 233, 141, 146]",0.16112267971038818,0.04047198221087456,0.13076869305223227
27,17,2,8,"[160, 43, 226, 218, 51, 122, 96, 135]",0.005526164546608925,-0.0063165039755403996,0.005526164546608925
27,17,2,8,"[236, 206, 252, 149, 170, 56, 111, 63]",0.021592838689684868,-4.667937901103869e-05,0.021592838689684868
27,17,2,8,"[20, 91, 214, 200, 194, 12, 67, 197]",0.02269725874066353,-0.005473787896335125,0.02269725874066353
27,17,2,8,"[241, 123, 32, 179, 89, 178, 193, 156]",0.03491854667663574,-0.02756502665579319,0.03491854667663574
27,17,2,8,"[60, 71, 219, 222, 25, 59, 228, 54]",0.006323275621980429,-0.006607135757803917,0.006323275621980429
27,17,2,8,"[97, 41, 72, 39, 55, 1, 192, 237]",0.02878798171877861,0.019753333181142807,0.013972981832921505
27,17,2,8,"[175, 98, 190, 74, 82, 75, 85, 115]",0.0012752509210258722,-0.004006078466773033,0.0012752509210258722
27,17,3,4,"[144, 26, 133, 69]",0.003624124452471733,-0.017949722707271576,0.003624124452471733
27,17,3,4,"[45, 233, 141, 146]",0.1597050279378891,0.07220973074436188,0.10554772987961769
27,17,3,4,"[241, 123, 32, 179]",0.006439776625484228,-0.027204155921936035,0.006439776625484228
27,17,3,4,"[89, 178, 193, 156]",0.015482216142117977,-0.006562130060046911,0.015482216142117977
27,17,3,4,"[20, 91, 214, 200]",0.026223590597510338,-0.008083588443696499,0.026223590597510338
27,17,3,4,"[194, 12, 67, 197]",-0.004532986786216497,-0.0010326271876692772,-0.004532986786216497
27,17,3,4,"[236, 206, 252, 149]",-0.001343224081210792,0.0004894816665910184,-0.001710335331154056
27,17,3,4,"[170, 56, 111, 63]",0.026453517377376556,-0.005633539520204067,0.026453517377376556
27,17,4,2,"[45, 233]",0.007023510988801718,-0.0006107240915298462,0.007023510988801718
27,17,4,2,"[141, 146]",0.14553827047348022,0.06579198688268661,0.09619428031146526
27,17,4,2,"[170, 56]",-0.002893791301175952,0.0004326683410909027,-0.003218292556994129
27,17,4,2,"[111, 63]",0.019401244819164276,-0.005767142400145531,0.019401244819164276
27,17,4,2,"[20, 91]",0.0011983918957412243,-0.0007426142692565918,0.0011983918957412243
27,17,4,2,"[214, 200]",0.030234752222895622,-0.012573381885886192,0.030234752222895622
27,17,4,2,"[89, 178]",0.009375054389238358,0.006693517789244652,0.004354916047304869
27,17,4,2,"[193, 156]",0.02171885035932064,-0.004758861847221851,0.02171885035932064
27,17,5,1,[141],-0.0009278655052185059,-0.0072770025581121445,-0.0009278655052185059
27,17,5,1,[146],0.1553150713443756,0.058871831744909286,0.11116119753569365
27,17,5,1,[214],0.005694997496902943,-0.0029387492686510086,0.005694997496902943
27,17,5,1,[200],0.01584271341562271,-0.009376896545290947,0.01584271341562271
27,17,5,1,[193],0.020646510645747185,0.001695002312771976,0.019375258911168203
27,17,5,1,[156],0.005419287830591202,-0.0012389343464747071,0.005419287830591202
27,17,5,1,[111],-0.0017074084607884288,0.0012415444944053888,-0.0026385668315924704
27,17,5,1,[63],0.03156546503305435,-0.010577499866485596,0.03156546503305435
27,53,0,32,"[65, 199, 216, 254, 146, 195, 252, 193, 11, 48, 157, 60, 188, 53, 20, 105, 179, 45, 77, 76, 49, 186, 230, 160, 25, 185, 3, 68, 15, 93, 74, 150]",0.1383437067270279,0.017170101404190063,0.12546613067388535
27,53,0,32,"[87, 142, 218, 8, 67, 42, 210, 90, 92, 170, 183, 149, 69, 110, 192, 220, 54, 129, 198, 38, 95, 235, 18, 203, 99, 212, 214, 30, 63, 7, 84, 247]",0.049118686467409134,0.009324691258370876,0.04212516802363098
27,53,0,32,"[255, 79, 172, 178, 52, 123, 128, 139, 94, 26, 108, 182, 114, 47, 32, 165, 196, 102, 34, 209, 83, 46, 180, 111, 13, 107, 144, 28, 154, 191, 19, 215]",0.020058924332261086,-0.015184154734015465,0.020058924332261086
27,53,0,32,"[41, 16, 222, 201, 227, 138, 243, 237, 91, 43, 148, 141, 155, 158, 241, 132, 176, 66, 31, 98, 194, 184, 171, 100, 246, 187, 229, 122, 236, 202, 119, 17]",0.053850170224905014,-0.025700991973280907,0.053850170224905014
27,53,0,32,"[137, 206, 239, 190, 85, 197, 133, 166, 233, 156, 161, 152, 177, 174, 217, 5, 134, 120, 168, 97, 35, 208, 162, 221, 44, 4, 86, 113, 112, 106, 143, 136]",0.08286041021347046,0.016125574707984924,0.07076622918248177
27,53,0,32,"[207, 121, 9, 242, 124, 116, 211, 147, 88, 58, 27, 159, 56, 181, 55, 151, 70, 173, 6, 115, 21, 204, 248, 10, 50, 24, 40, 249, 226, 135, 73, 29]",-0.012916185893118382,0.03310535103082657,-0.03774519916623831
27,53,0,32,"[205, 234, 125, 131, 140, 1, 244, 51, 81, 2, 80, 59, 0, 163, 72, 231, 62, 37, 89, 103, 117, 33, 175, 145, 36, 71, 219, 64, 164, 238, 12, 78]",-0.08201076835393906,-0.03649735823273659,-0.08201076835393906
27,53,0,32,"[167, 126, 39, 228, 232, 127, 153, 169, 23, 213, 240, 96, 57, 245, 200, 250, 109, 224, 22, 223, 118, 130, 225, 101, 14, 189, 251, 104, 82, 61, 253, 75]",0.011271899566054344,0.00398709112778306,0.008281581220217049
27,53,1,16,"[65, 199, 216, 254, 146, 195, 252, 193, 11, 48, 157, 60, 188, 53, 20, 105]",0.13877780735492706,0.03829555585980415,0.11005614046007395
27,53,1,16,"[179, 45, 77, 76, 49, 186, 230, 160, 25, 185, 3, 68, 15, 93, 74, 150]",0.0010721326107159257,-0.013535675592720509,0.0010721326107159257
27,53,1,16,"[137, 206, 239, 190, 85, 197, 133, 166, 233, 156, 161, 152, 177, 174, 217, 5]",0.006843869574368,0.014483378268778324,-0.004018664127215743
27,53,1,16,"[134, 120, 168, 97, 35, 208, 162, 221, 44, 4, 86, 113, 112, 106, 143, 136]",0.07730946689844131,-0.0038303362671285868,0.07730946689844131
27,53,1,16,"[41, 16, 222, 201, 227, 138, 243, 237, 91, 43, 148, 141, 155, 158, 241, 132]",-0.01604628376662731,-0.0034831808879971504,-0.01604628376662731
27,53,1,16,"[176, 66, 31, 98, 194, 184, 171, 100, 246, 187, 229, 122, 236, 202, 119, 17]",0.06386575102806091,-0.027344513684511185,0.06386575102806091
27,53,1,16,"[87, 142, 218, 8, 67, 42, 210, 90, 92, 170, 183, 149, 69, 110, 192, 220]",0.03306411951780319,0.012931435368955135,0.02336554299108684
27,53,1,16,"[54, 129, 198, 38, 95, 235, 18, 203, 99, 212, 214, 30, 63, 7, 84, 247]",0.023427855223417282,-0.008587813004851341,0.023427855223417282
27,53,2,8,"[65, 199, 216, 254, 146, 195, 252, 193]",0.13594867289066315,0.046006154268980026,0.10144405718892813
27,53,2,8,"[11, 48, 157, 60, 188, 53, 20, 105]",0.004109308589249849,-0.016094660386443138,0.004109308589249849
27,53,2,8,"[134, 120, 168, 97, 35, 208, 162, 221]",0.005202391184866428,0.0035949628800153732,0.0025061690248548985
27,53,2,8,"[44, 4, 86, 113, 112, 106, 143, 136]",0.06318755447864532,-0.011569700203835964,0.06318755447864532
27,53,2,8,"[176, 66, 31, 98, 194, 184, 171, 100]",0.015568623319268227,-0.013309082947671413,0.015568623319268227
27,53,2,8,"[246, 187, 229, 122, 236, 202, 119, 17]",0.05350571125745773,-0.0020614624954760075,0.05350571125745773
27,53,2,8,"[54, 129, 198, 38, 95, 235, 18, 203]",0.015488630160689354,-0.0001683956361375749,0.015488630160689354
27,53,2,8,"[99, 212, 214, 30, 63, 7, 84, 247]",0.016590511426329613,0.008092593401670456,0.01052106637507677
27,53,3,4,"[65, 199, 216, 254]",0.002191568724811077,0.013672459870576859,-0.008062776178121567
27,53,3,4,"[146, 195, 252, 193]",0.14476226270198822,0.04470308870077133,0.11123494617640972
27,53,3,4,"[44, 4, 86, 113]",0.06459198892116547,-0.004728731699287891,0.06459198892116547
27,53,3,4,"[112, 106, 143, 136]",0.0033353972248733044,0.003012118861079216,0.0010763080790638924
27,53,3,4,"[246, 187, 229, 122]",0.04128788784146309,-0.010831895284354687,0.04128788784146309
27,53,3,4,"[236, 202, 119, 17]",0.012220418080687523,-0.007027385290712118,0.012220418080687523
27,53,3,4,"[176, 66, 31, 98]",0.01743474416434765,-0.01475278940051794,0.01743474416434765
27,53,3,4,"[194, 184, 171, 100]",0.005684482865035534,-0.007020739838480949,0.005684482865035534
27,53,4,2,"[146, 195]",0.14709457755088806,0.06285993754863739,0.09994962438941002
27,53,4,2,"[252, 193]",0.02334156446158886,-0.01098992582410574,0.02334156446158886
27,53,4,2,"[44, 4]",-5.075335502624512e-05,-0.0039344956167042255,-5.075335502624512e-05
27,53,4,2,"[86, 113]",0.0637722909450531,-0.009316157549619675,0.0637722909450531
27,53,4,2,"[246, 187]",0.05107257515192032,-0.013186847791075706,0.05107257515192032
27,53,4,2,"[229, 122]",-0.003038847353309393,-0.01129812840372324,-0.003038847353309393
27,53,4,2,"[176, 66]",0.009946788661181927,-0.0072689177468419075,0.009946788661181927
27,53,4,2,"[31, 98]",0.01487541664391756,0.0004106074629817158,0.014567461046681274
27,53,5,1,[146],0.1553150713443756,0.058871831744909286,0.11116119753569365
27,53,5,1,[195],0.003642723662778735,0.0038071947637945414,0.0007873275899328291
27,53,5,1,[86],0.06546838581562042,-0.011652692221105099,0.06546838581562042
27,53,5,1,[113],0.005397915840148926,0.0010736905969679356,0.004592647892422974
27,53,5,1,[246],0.04049059748649597,-0.013377424329519272,0.04049059748649597
27,53,5,1,[187],0.01838511787354946,-0.003969348501414061,0.01838511787354946
27,53,5,1,[252],-0.0004595899663399905,-0.003205720102414489,-0.0004595899663399905
27,53,5,1,[193],0.020646510645747185,0.001695002312771976,0.019375258911168203
27,101,0,32,"[221, 20, 101, 99, 119, 217, 82, 13, 71, 72, 127, 133, 23, 241, 5, 18, 237, 175, 107, 211, 77, 252, 125, 2, 86, 57, 92, 189, 197, 94, 89, 130]",0.037483084946870804,-0.008446895517408848,0.037483084946870804
27,101,0,32,"[236, 76, 253, 15, 117, 16, 102, 66, 156, 191, 135, 167, 176, 84, 106, 91, 4, 228, 190, 35, 165, 48, 45, 198, 112, 43, 21, 230, 105, 124, 67, 63]",0.0373738594353199,-0.008468401618301868,0.0373738594353199
27,101,0,32,"[188, 255, 10, 30, 158, 87, 59, 14, 97, 17, 150, 243, 74, 55, 148, 145, 210, 149, 95, 154, 103, 9, 207, 12, 201, 179, 22, 88, 24, 249, 61, 195]",-0.019510190933942795,-0.015647228807210922,-0.019510190933942795
27,101,0,32,"[78, 11, 178, 3, 80, 128, 238, 33, 200, 141, 202, 111, 53, 137, 152, 83, 177, 96, 220, 115, 60, 245, 68, 218, 0, 118, 173, 1, 39, 157, 242, 65]",0.02855660393834114,0.02783251367509365,0.007682218682020903
27,101,0,32,"[19, 180, 50, 233, 69, 194, 225, 139, 75, 250, 110, 146, 116, 251, 64, 163, 51, 126, 7, 120, 248, 140, 34, 161, 203, 129, 232, 109, 70, 172, 26, 81]",0.10982347279787064,0.03226810321211815,0.08562239538878202
27,101,0,32,"[98, 229, 227, 122, 181, 93, 254, 184, 28, 174, 192, 144, 171, 121, 162, 90, 246, 213, 235, 231, 132, 142, 222, 170, 168, 58, 215, 196, 136, 199, 155, 108]",0.03378874436020851,-0.04558934271335602,0.03378874436020851
27,101,0,32,"[32, 147, 56, 143, 151, 27, 187, 153, 208, 46, 223, 224, 169, 159, 113, 85, 42, 138, 182, 62, 31, 52, 6, 104, 244, 226, 123, 214, 131, 44, 134, 209]",0.007293107453733683,0.0005292987916618586,0.006896133359987289
27,101,0,32,"[185, 239, 193, 186, 240, 100, 29, 204, 247, 205, 41, 183, 49, 36, 160, 40, 8, 73, 25, 164, 38, 47, 216, 37, 212, 54, 234, 206, 79, 219, 166, 114]",0.0055319988168776035,0.050202876329422,-0.032120158430188894
27,101,1,16,"[19, 180, 50, 233, 69, 194, 225, 139, 75, 250, 110, 146, 116, 251, 64, 163]",0.15271392464637756,0.026304081082344055,0.13298586383461952
27,101,1,16,"[51, 126, 7, 120, 248, 140, 34, 161, 203, 129, 232, 109, 70, 172, 26, 81]",-0.025742478668689728,0.005820038262754679,-0.030107507365755737
27,101,1,16,"[221, 20, 101, 99, 119, 217, 82, 13, 71, 72, 127, 133, 23, 241, 5, 18]",-0.0016564083052799106,0.005252281203866005,-0.005595619208179414
27,101,1,16,"[237, 175, 107, 211, 77, 252, 125, 2, 86, 57, 92, 189, 197, 94, 89, 130]",0.07191605865955353,-0.0026840288192033768,0.07191605865955353
27,101,1,16,"[236, 76, 253, 15, 117, 16, 102, 66, 156, 191, 135, 167, 176, 84, 106, 91]",0.014183892868459225,-0.005398188717663288,0.014183892868459225
27,101,1,16,"[4, 228, 190, 35, 165, 48, 45, 198, 112, 43, 21, 230, 105, 124, 67, 63]",0.00989269744604826,0.0007328045321628451,0.009343094046926126
27,101,1,16,"[98, 229, 227, 122, 181, 93, 254, 184, 28, 174, 192, 144, 171, 121, 162, 90]",0.04133269935846329,0.03093283250927925,0.01813307497650385
27,101,1,16,"[246, 213, 235, 231, 132, 142, 222, 170, 168, 58, 215, 196, 136, 199, 155, 108]",-0.0027891313657164574,-0.07151392847299576,-0.0027891313657164574
27,101,2,8,"[19, 180, 50, 233, 69, 194, 225, 139]",0.02261718548834324,-0.02805488556623459,0.02261718548834324
27,101,2,8,"[75, 250, 110, 146, 116, 251, 64, 163]",0.1470697522163391,0.06141267344355583,0.10101024713367224
27,101,2,8,"[237, 175, 107, 211, 77, 252, 125, 2]",0.015119540505111217,-0.010193761438131332,0.015119540505111217
27,101,2,8,"[86, 57, 92, 189, 197, 94, 89, 130]",0.0536712110042572,0.002443237928673625,0.05183878255775198
27,101,2,8,"[98, 229, 227, 122, 181, 93, 254, 184]",0.012294032610952854,0.002433138433843851,0.010469178785569966
27,101,2,8,"[28, 174, 192, 144, 171, 121, 162, 90]",0.039843324571847916,0.026750635355710983,0.019780348055064678
27,101,2,8,"[236, 76, 253, 15, 117, 16, 102, 66]",0.0005015158676542342,-0.0056462897919118404,0.0005015158676542342
27,101,2,8,"[156, 191, 135, 167, 176, 84, 106, 91]",0.0010747575433924794,-0.012543462216854095,0.0010747575433924794
27,101,3,4,"[75, 250, 110, 146]",0.14978612959384918,0.064214326441288,0.10162538476288319
27,101,3,4,"[116, 251, 64, 163]",0.001013102475553751,-0.0003618264163378626,0.001013102475553751
27,101,3,4,"[86, 57, 92, 189]",0.061723142862319946,-0.0019302195869386196,0.061723142862319946
27,101,3,4,"[197, 94, 89, 130]",0.0074469782412052155,0.007412629202008247,0.00188750633969903
27,101,3,4,"[19, 180, 50, 233]",0.01956254430115223,-0.004180041141808033,0.01956254430115223
27,101,3,4,"[69, 194, 225, 139]",-0.004078378900885582,-0.021101679652929306,-0.004078378900885582
27,101,3,4,"[28, 174, 192, 144]",0.028613492846488953,0.022261962294578552,0.011917021125555038
27,101,3,4,"[171, 121, 162, 90]",0.007433254737406969,-0.005266960244625807,0.007433254737406969
27,101,4,2,"[75, 250]",0.0028051065746694803,-0.001387472148053348,0.0028051065746694803
27,101,4,2,"[110, 146]",0.15339574217796326,0.06373508274555206,0.10559443011879921
27,101,4,2,"[86, 57]",0.05712006241083145,-0.0010197764495387673,0.05712006241083145
27,101,4,2,"[92, 189]",0.0018577933078631759,-0.00602911040186882,0.0018577933078631759
27,101,4,2,"[19, 180]",-0.0025365520268678665,-0.004453073255717754,-0.0025365520268678665
27,101,4,2,"[50, 233]",0.011886837892234325,-0.006750528234988451,0.011886837892234325
27,101,4,2,"[28, 174]",0.011432766914367676,0.007556437980383635,0.00576543842907995
27,101,4,2,"[192, 144]",0.03232131898403168,0.017836181446909904,0.01894418289884925
27,101,5,1,[110],0.004724268801510334,-0.003529138630256057,0.004724268801510334
27,101,5,1,[146],0.1553150713443756,0.058871831744909286,0.11116119753569365
27,101,5,1,[86],0.06546838581562042,-0.011652692221105099,0.06546838581562042
27,101,5,1,[57],-0.0029801202472299337,-0.00488552451133728,-0.0029801202472299337
27,101,5,1,[192],0.029152415692806244,0.0132242850959301,0.01923420187085867
27,101,5,1,[144],-0.0014021110255271196,-0.0009021252626553178,-0.0014021110255271196
27,101,5,1,[50],-0.0034497857559472322,-0.010325958952307701,-0.0034497857559472322
27,101,5,1,[233],0.010712403804063797,-0.006169569678604603,0.010712403804063797
27,211,0,32,"[106, 107, 44, 204, 162, 97, 109, 98, 14, 119, 164, 116, 183, 126, 117, 57, 72, 177, 145, 87, 118, 34, 0, 37, 151, 79, 102, 128, 49, 31, 130, 6]",0.014989524148404598,0.0258429404348135,-0.004392681177705526
27,211,0,32,"[27, 159, 75, 36, 249, 8, 120, 231, 163, 160, 68, 236, 32, 26, 246, 48, 154, 125, 83, 219, 141, 192, 214, 206, 101, 252, 152, 33, 64, 135, 175, 13]",-0.0015786850126460195,-0.029117992147803307,-0.0015786850126460195
27,211,0,32,"[10, 110, 144, 217, 71, 211, 234, 9, 208, 113, 238, 244, 228, 207, 95, 185, 171, 69, 254, 88, 173, 105, 63, 210, 58, 243, 216, 225, 77, 21, 169, 178]",0.018485376611351967,-0.021856894716620445,0.018485376611351967
27,211,0,32,"[94, 38, 190, 229, 100, 245, 74, 227, 156, 29, 56, 132, 22, 7, 78, 55, 41, 16, 143, 220, 104, 138, 139, 5, 1, 158, 195, 114, 147, 181, 172, 148]",-0.032640241086483,0.008806702680885792,-0.039245268097147346
27,211,0,32,"[11, 213, 200, 222, 65, 191, 165, 19, 133, 93, 199, 137, 180, 2, 232, 186, 4, 39, 218, 52, 50, 253, 202, 85, 215, 251, 86, 182, 20, 53, 131, 240]",0.058775171637535095,-0.0069763981737196445,0.058775171637535095
27,211,0,32,"[242, 235, 226, 123, 168, 248, 62, 112, 111, 239, 146, 176, 35, 221, 224, 205, 184, 80, 194, 25, 40, 230, 140, 70, 201, 47, 18, 198, 76, 247, 45, 223]",0.10870622843503952,0.10392261296510696,0.030764268711209297
27,211,0,32,"[61, 67, 121, 237, 99, 66, 92, 150, 24, 89, 43, 23, 174, 167, 209, 212, 179, 51, 60, 188, 82, 157, 127, 142, 108, 241, 134, 30, 17, 187, 103, 91]",0.021256282925605774,-0.031961727887392044,0.021256282925605774
27,211,0,32,"[81, 3, 161, 155, 149, 15, 197, 73, 59, 28, 46, 115, 42, 96, 189, 170, 124, 196, 250, 193, 12, 166, 153, 54, 122, 233, 84, 136, 255, 90, 129, 203]",0.026716869324445724,-0.016464516520500183,0.026716869324445724
27,211,1,16,"[11, 213, 200, 222, 65, 191, 165, 19, 133, 93, 199, 137, 180, 2, 232, 186]",0.00679172296077013,0.004255747422575951,0.003599912393838167
27,211,1,16,"[4, 39, 218, 52, 50, 253, 202, 85, 215, 251, 86, 182, 20, 53, 131, 240]",0.06923364102840424,-0.023682408034801483,0.06923364102840424
27,211,1,16,"[242, 235, 226, 123, 168, 248, 62, 112, 111, 239, 146, 176, 35, 221, 224, 205]",0.14834995567798615,0.08094809204339981,0.08763888664543629
27,211,1,16,"[184, 80, 194, 25, 40, 230, 140, 70, 201, 47, 18, 198, 76, 247, 45, 223]",-0.01624983362853527,0.03817227855324745,-0.04487904254347086
27,211,1,16,"[81, 3, 161, 155, 149, 15, 197, 73, 59, 28, 46, 115, 42, 96, 189, 170]",0.0012900924775749445,-0.007501854095607996,0.0012900924775749445
27,211,1,16,"[124, 196, 250, 193, 12, 166, 153, 54, 122, 233, 84, 136, 255, 90, 129, 203]",0.020110374316573143,-0.004813387989997864,0.020110374316573143
27,211,1,16,"[61, 67, 121, 237, 99, 66, 92, 150, 24, 89, 43, 23, 174, 167, 209, 212]",0.008586399257183075,0.005180039443075657,0.004701369674876332
27,211,1,16,"[179, 51, 60, 188, 82, 157, 127, 142, 108, 241, 134, 30, 17, 187, 103, 91]",0.021857840940356255,-0.025035107508301735,0.021857840940356255
27,211,2,8,"[242, 235, 226, 123, 168, 248, 62, 112]",-0.0029197789262980223,0.010480869561433792,-0.010780431097373366
27,211,2,8,"[111, 239, 146, 176, 35, 221, 224, 205]",0.15433652698993683,0.06660651415586472,0.10438164137303829
27,211,2,8,"[4, 39, 218, 52, 50, 253, 202, 85]",0.0035215283278375864,0.0025924677029252052,0.0015771775506436825
27,211,2,8,"[215, 251, 86, 182, 20, 53, 131, 240]",0.061665281653404236,-0.027217967435717583,0.061665281653404236
27,211,2,8,"[179, 51, 60, 188, 82, 157, 127, 142]",-0.0011374854948371649,-0.020595207810401917,-0.0011374854948371649
27,211,2,8,"[108, 241, 134, 30, 17, 187, 103, 91]",0.02089574560523033,0.01507414598017931,0.009590136120095849
27,211,2,8,"[124, 196, 250, 193, 12, 166, 153, 54]",0.025647349655628204,-0.006753966677933931,0.025647349655628204
27,211,2,8,"[122, 233, 84, 136, 255, 90, 129, 203]",0.003491726005449891,-0.00818049255758524,0.003491726005449891
27,211,3,4,"[111, 239, 146, 176]",0.1596156358718872,0.06791306287050247,0.10868083871901035
27,211,3,4,"[35, 221, 224, 205]",0.0037487864028662443,-0.0005178243154659867,0.0037487864028662443
27,211,3,4,"[215, 251, 86, 182]",0.049828916788101196,-0.02367374859750271,0.049828916788101196
27,211,3,4,"[20, 53, 131, 240]",0.003886089427396655,-0.005288176704198122,0.003886089427396655
27,211,3,4,"[124, 196, 250, 193]",0.021407239139080048,-9.919107105815783e-05,0.021407239139080048
27,211,3,4,"[12, 166, 153, 54]",0.004389760550111532,-0.0056022643111646175,0.004389760550111532
27,211,3,4,"[108, 241, 134, 30]",0.02042686752974987,0.006659341044723988,0.01543236174620688
27,211,3,4,"[17, 187, 103, 91]",0.00946732982993126,-0.005805483087897301,0.00946732982993126
27,211,4,2,"[111, 239]",0.009277203120291233,0.003120893146842718,0.0069365332601591945
27,211,4,2,"[146, 176]",0.15446507930755615,0.06924360990524292,0.10253237187862396
27,211,4,2,"[215, 251]",-0.004687769338488579,-0.021169329062104225,-0.004687769338488579
27,211,4,2,"[86, 182]",0.06428493559360504,-0.006196663249284029,0.06428493559360504
27,211,4,2,"[124, 196]",0.006315167061984539,-0.012318060733377934,0.006315167061984539
27,211,4,2,"[250, 193]",0.01538948342204094,-0.0039012539200484753,0.01538948342204094
27,211,4,2,"[108, 241]",0.018549107015132904,0.012319938279688358,0.009309153305366635
27,211,4,2,"[134, 30]",0.0029660058207809925,-0.00403975835070014,0.0029660058207809925
27,211,5,1,[146],0.1553150713443756,0.058871831744909286,0.11116119753569365
27,211,5,1,[176],0.015535064041614532,0.0027024149894714355,0.013508252799510956
27,211,5,1,[86],0.06546838581562042,-0.011652692221105099,0.06546838581562042
27,211,5,1,[182],-0.0004589986929204315,-0.005061696749180555,-0.0004589986929204315
27,211,5,1,[250],-0.0016571092419326305,-0.009143992327153683,-0.0016571092419326305
27,211,5,1,[193],0.020646510645747185,0.001695002312771976,0.019375258911168203
27,211,5,1,[108],0.009154614992439747,0.003906713332980871,0.0062245799927040935
27,211,5,1,[241],0.001487145433202386,-0.00980124156922102,0.001487145433202386
6,17,0,32,"[145, 83, 255, 126, 58, 109, 27, 19, 40, 139, 11, 158, 171, 210, 198, 108, 84, 57, 185, 114, 203, 181, 253, 148, 16, 50, 131, 77, 81, 117, 143, 110]",0.04923999309539795,-0.024607419967651367,0.04923999309539795
6,17,0,32,"[236, 206, 252, 149, 170, 56, 111, 63, 20, 91, 214, 200, 194, 12, 67, 197, 118, 155, 28, 30, 211, 34, 230, 154, 93, 188, 10, 48, 136, 29, 15, 102]",-0.011945906095206738,-0.037224870175123215,-0.011945906095206738
6,17,0,32,"[70, 99, 120, 209, 180, 90, 94, 199, 151, 86, 212, 129, 7, 247, 101, 217, 14, 88, 147, 244, 165, 92, 240, 173, 204, 229, 159, 35, 231, 177, 23, 47]",0.01474419329315424,-0.019411489367485046,0.01474419329315424
6,17,0,32,"[13, 254, 130, 245, 220, 21, 78, 162, 116, 42, 66, 38, 152, 224, 243, 46, 107, 249, 125, 31, 235, 62, 79, 238, 174, 201, 164, 246, 191, 248, 208, 112]",-0.042631931602954865,-0.02733098901808262,-0.042631931602954865
6,17,0,32,"[241, 123, 32, 179, 89, 178, 193, 156, 60, 71, 219, 222, 25, 59, 228, 54, 144, 26, 133, 69, 45, 233, 141, 146, 160, 43, 226, 218, 51, 122, 96, 135]",0.03907625004649162,-0.005147414281964302,0.03907625004649162
6,17,0,32,"[189, 95, 87, 68, 168, 205, 132, 221, 33, 44, 251, 100, 22, 53, 176, 163, 124, 239, 234, 150, 76, 195, 5, 186, 64, 73, 142, 182, 103, 166, 17, 215]",0.03409111127257347,-0.011237375438213348,0.03409111127257347
6,17,0,32,"[232, 121, 106, 225, 9, 227, 6, 61, 2, 104, 0, 80, 140, 52, 113, 18, 65, 216, 169, 119, 36, 187, 161, 134, 153, 3, 213, 137, 184, 4, 24, 128]",2.0798444893443957e-05,-0.033511754125356674,2.0798444893443957e-05
6,17,0,32,"[8, 37, 172, 250, 183, 202, 196, 157, 105, 127, 242, 138, 223, 167, 207, 49, 97, 41, 72, 39, 55, 1, 192, 237, 175, 98, 190, 74, 82, 75, 85, 115]",0.014049053192138672,0.002851856406778097,0.011910160887055099
6,17,1,16,"[145, 83, 255, 126, 58, 109, 27, 19, 40, 139, 11, 158, 171, 210, 198, 108]",0.03378002345561981,-0.007331464439630508,0.03378002345561981
6,17,1,16,"[84, 57, 185, 114, 203, 181, 253, 148, 16, 50, 131, 77, 81, 117, 143, 110]",0.026064163073897362,-0.02432677336037159,0.026064163073897362
6,17,1,16,"[241, 123, 32, 179, 89, 178, 193, 156, 60, 71, 219, 222, 25, 59, 228, 54]",0.040612608194351196,-0.033835526555776596,0.040612608194351196
6,17,1,16,"[144, 26, 133, 69, 45, 233, 141, 146, 160, 43, 226, 218, 51, 122, 96, 135]",0.01641741581261158,0.023762870579957962,-0.0014047371223568916
6,17,1,16,"[189, 95, 87, 68, 168, 205, 132, 221, 33, 44, 251, 100, 22, 53, 176, 163]",0.0017803132068365812,0.022812094539403915,-0.015328757697716355
6,17,1,16,"[124, 239, 234, 150, 76, 195, 5, 186, 64, 73, 142, 182, 103, 166, 17, 215]",0.05605723708868027,0.019891487434506416,0.041138621512800455
6,17,1,16,"[70, 99, 120, 209, 180, 90, 94, 199, 151, 86, 212, 129, 7, 247, 101, 217]",0.01845119521021843,-0.0015932130627334118,0.01845119521021843
6,17,1,16,"[14, 88, 147, 244, 165, 92, 240, 173, 204, 229, 159, 35, 231, 177, 23, 47]",0.0034619378857314587,0.004896386992186308,-0.00021035235840827227
6,17,2,8,"[124, 239, 234, 150, 76, 195, 5, 186]",0.018576135858893394,0.010934713296592236,0.010375100886449218
6,17,2,8,"[64, 73, 142, 182, 103, 166, 17, 215]",0.030823828652501106,0.0027706236578524113,0.028745860909111798
6,17,2,8,"[241, 123, 32, 179, 89, 178, 193, 156]",0.03679787367582321,-0.006613386794924736,0.03679787367582321
6,17,2,8,"[60, 71, 219, 222, 25, 59, 228, 54]",0.013891709968447685,0.015282276086509228,0.0024300029035657644
6,17,2,8,"[145, 83, 255, 126, 58, 109, 27, 19]",0.06737655401229858,0.012704204767942429,0.05784840043634176
6,17,2,8,"[40, 139, 11, 158, 171, 210, 198, 108]",0.008299784734845161,0.015349882654845715,-0.0032126272562891245
6,17,2,8,"[84, 57, 185, 114, 203, 181, 253, 148]",0.010206248611211777,-0.042666543275117874,0.010206248611211777
6,17,2,8,"[16, 50, 131, 77, 81, 117, 143, 110]",-0.004138629417866468,0.017793864011764526,-0.017484027426689863
6,17,3,4,"[145, 83, 255, 126]",0.03665878623723984,-0.008186307735741138,0.03665878623723984
6,17,3,4,"[58, 109, 27, 19]",0.027414891868829727,0.001783127197995782,0.02607754647033289
6,17,3,4,"[241, 123, 32, 179]",0.029328621923923492,0.01493706926703453,0.018125819973647594
6,17,3,4,"[89, 178, 193, 156]",0.024932513013482094,0.020572923123836517,0.009502820670604706
6,17,3,4,"[64, 73, 142, 182]",-0.021506797522306442,-0.014554099179804325,-0.021506797522306442
6,17,3,4,"[103, 166, 17, 215]",0.016876816749572754,-0.005904845427721739,0.016876816749572754
6,17,3,4,"[124, 239, 234, 150]",0.02686665765941143,0.01720314286649227,0.013964300509542227
6,17,3,4,"[76, 195, 5, 186]",0.03231515735387802,0.017669547349214554,0.019062996841967106
6,17,4,2,"[145, 83]",0.03026566654443741,-0.004455902148038149,0.03026566654443741
6,17,4,2,"[255, 126]",0.03627997264266014,-0.02806507982313633,0.03627997264266014
6,17,4,2,"[58, 109]",-0.017446937039494514,0.020867755636572838,-0.03309775376692414
6,17,4,2,"[27, 19]",0.05103745311498642,-0.006542925722897053,0.05103745311498642
6,17,4,2,"[76, 195]",0.026740143075585365,-0.005093459039926529,0.026740143075585365
6,17,4,2,"[5, 186]",0.034295547753572464,0.02013644203543663,0.01919321622699499
6,17,4,2,"[241, 123]",0.015855608507990837,0.00020856857008766383,0.01569918208042509
6,17,4,2,"[32, 179]",0.012515038251876831,-0.009331614710390568,0.012515038251876831
6,17,5,1,[27],0.021550938487052917,-0.020108774304389954,0.021550938487052917
6,17,5,1,[19],0.010602043010294437,0.0028856159187853336,0.008437831071205437
6,17,5,1,[255],0.01139636617153883,0.025325380265712738,-0.007597669027745724
6,17,5,1,[126],-0.008933131583034992,-0.004499948583543301,-0.008933131583034992
6,17,5,1,[145],0.027508366852998734,0.013045690953731537,0.01772409863770008
6,17,5,1,[83],0.027567116543650627,0.00472944974899292,0.024020029231905937
6,17,5,1,[76],-0.002224942436441779,0.007098989561200142,-0.007549184607341886
6,17,5,1,[195],-0.013406379148364067,-0.014483105391263962,-0.013406379148364067
6,53,0,32,"[65, 199, 216, 254, 146, 195, 252, 193, 11, 48, 157, 60, 188, 53, 20, 105, 179, 45, 77, 76, 49, 186, 230, 160, 25, 185, 3, 68, 15, 93, 74, 150]",0.010307345539331436,-0.03596629202365875,0.010307345539331436
6,53,0,32,"[87, 142, 218, 8, 67, 42, 210, 90, 92, 170, 183, 149, 69, 110, 192, 220, 54, 129, 198, 38, 95, 235, 18, 203, 99, 212, 214, 30, 63, 7, 84, 247]",0.022749345749616623,-0.049312230199575424,0.022749345749616623
6,53,0,32,"[255, 79, 172, 178, 52, 123, 128, 139, 94, 26, 108, 182, 114, 47, 32, 165, 196, 102, 34, 209, 83, 46, 180, 111, 13, 107, 144, 28, 154, 191, 19, 215]",0.04141323268413544,0.0017834967002272606,0.04007561015896499
6,53,0,32,"[41, 16, 222, 201, 227, 138, 243, 237, 91, 43, 148, 141, 155, 158, 241, 132, 176, 66, 31, 98, 194, 184, 171, 100, 246, 187, 229, 122, 236, 202, 119, 17]",-0.0037106871604919434,-0.020810415968298912,-0.0037106871604919434
6,53,0,32,"[137, 206, 239, 190, 85, 197, 133, 166, 233, 156, 161, 152, 177, 174, 217, 5, 134, 120, 168, 97, 35, 208, 162, 221, 44, 4, 86, 113, 112, 106, 143, 136]",-0.012048685923218727,-0.02800680883228779,-0.012048685923218727
6,53,0,32,"[207, 121, 9, 242, 124, 116, 211, 147, 88, 58, 27, 159, 56, 181, 55, 151, 70, 173, 6, 115, 21, 204, 248, 10, 50, 24, 40, 249, 226, 135, 73, 29]",-0.0020580601412802935,-0.035664621740579605,-0.0020580601412802935
6,53,0,32,"[205, 234, 125, 131, 140, 1, 244, 51, 81, 2, 80, 59, 0, 163, 72, 231, 62, 37, 89, 103, 117, 33, 175, 145, 36, 71, 219, 64, 164, 238, 12, 78]",0.015521323308348656,0.003962111659348011,0.012549739563837647
6,53,0,32,"[167, 126, 39, 228, 232, 127, 153, 169, 23, 213, 240, 96, 57, 245, 200, 250, 109, 224, 22, 223, 118, 130, 225, 101, 14, 189, 251, 104, 82, 61, 253, 75]",0.045966338366270065,-0.008948108181357384,0.045966338366270065
6,53,1,16,"[167, 126, 39, 228, 232, 127, 153, 169, 23, 213, 240, 96, 57, 245, 200, 250]",0.03468190133571625,-0.013826803304255009,0.03468190133571625
6,53,1,16,"[109, 224, 22, 223, 118, 130, 225, 101, 14, 189, 251, 104, 82, 61, 253, 75]",0.011306843720376492,0.02111261896789074,-0.004527620505541563
6,53,1,16,"[255, 79, 172, 178, 52, 123, 128, 139, 94, 26, 108, 182, 114, 47, 32, 165]",0.04919493570923805,-0.013987045735120773,0.04919493570923805
6,53,1,16,"[196, 102, 34, 209, 83, 46, 180, 111, 13, 107, 144, 28, 154, 191, 19, 215]",0.03677903115749359,-0.013209418393671513,0.03677903115749359
6,53,1,16,"[87, 142, 218, 8, 67, 42, 210, 90, 92, 170, 183, 149, 69, 110, 192, 220]",0.006995169911533594,0.007464894093573093,0.001396499341353774
6,53,1,16,"[54, 129, 198, 38, 95, 235, 18, 203, 99, 212, 214, 30, 63, 7, 84, 247]",0.015417681075632572,-0.003345692064613104,0.015417681075632572
6,53,1,16,"[205, 234, 125, 131, 140, 1, 244, 51, 81, 2, 80, 59, 0, 163, 72, 231]",0.02383430488407612,0.004926866386085749,0.020139155094511807
6,53,1,16,"[62, 37, 89, 103, 117, 33, 175, 145, 36, 71, 219, 64, 164, 238, 12, 78]",-0.0288254264742136,-0.029815377667546272,-0.0288254264742136
6,53,2,8,"[255, 79, 172, 178, 52, 123, 128, 139]",0.021390728652477264,0.02370457351207733,0.0036122985184192657
6,53,2,8,"[94, 26, 108, 182, 114, 47, 32, 165]",0.009945306926965714,0.002937810495495796,0.007741949055343866
6,53,2,8,"[196, 102, 34, 209, 83, 46, 180, 111]",0.011589947156608105,-0.01997900940477848,0.011589947156608105
6,53,2,8,"[13, 107, 144, 28, 154, 191, 19, 215]",0.027675384655594826,0.007167104631662369,0.02230005618184805
6,53,2,8,"[167, 126, 39, 228, 232, 127, 153, 169]",0.02131902240216732,-0.02268649823963642,0.02131902240216732
6,53,2,8,"[23, 213, 240, 96, 57, 245, 200, 250]",0.030993320047855377,0.027218718081712723,0.010579281486570835
6,53,2,8,"[205, 234, 125, 131, 140, 1, 244, 51]",-0.00464927451685071,0.005408606957644224,-0.008705729735083878
6,53,2,8,"[81, 2, 80, 59, 0, 163, 72, 231]",0.029834533110260963,-0.01482303999364376,0.029834533110260963
6,53,3,4,"[81, 2, 80, 59]",0.01796642504632473,0.012826443649828434,0.008346592308953404
6,53,3,4,"[0, 163, 72, 231]",0.0357649065554142,0.005262752994894981,0.031817841809242964
6,53,3,4,"[13, 107, 144, 28]",0.0490693561732769,0.015676671639084816,0.03731185244396329
6,53,3,4,"[154, 191, 19, 215]",0.03095845878124237,-0.008707258850336075,0.03095845878124237
6,53,3,4,"[167, 126, 39, 228]",0.019750237464904785,0.007954057306051254,0.013784694485366344
6,53,3,4,"[232, 127, 153, 169]",-0.011598697863519192,-0.005993785802274942,-0.011598697863519192
6,53,3,4,"[196, 102, 34, 209]",0.0066166832111775875,0.026413464918732643,-0.013193415477871895
6,53,3,4,"[83, 46, 180, 111]",0.01739215850830078,-0.04241194203495979,0.01739215850830078
6,53,4,2,"[13, 107]",0.015715496614575386,0.03355537727475166,-0.009451036341488361
6,53,4,2,"[144, 28]",0.006816468201577663,0.019811460748314857,-0.00804212735965848
6,53,4,2,"[0, 163]",0.0474264957010746,0.012381384149193764,0.03814045758917928
6,53,4,2,"[72, 231]",8.85188565007411e-05,-0.0027939272113144398,8.85188565007411e-05
6,53,4,2,"[154, 191]",0.003721554297953844,0.012953691184520721,-0.005993714090436697
6,53,4,2,"[19, 215]",0.030552158132195473,0.011479318141937256,0.02194266952574253
6,53,4,2,"[83, 46]",0.019149459898471832,0.01273088064044714,0.009601299418136477
6,53,4,2,"[180, 111]",0.02853727899491787,-0.030348820611834526,0.02853727899491787
6,53,5,1,[0],0.057336412370204926,-0.0023781610652804375,0.057336412370204926
6,53,5,1,[163],0.025463545694947243,-0.011211724020540714,0.025463545694947243
6,53,5,1,[180],-0.010099045932292938,-0.011531375348567963,-0.010099045932292938
6,53,5,1,[111],-0.00925792008638382,-0.019480787217617035,-0.00925792008638382
6,53,5,1,[19],0.010602043010294437,0.0028856159187853336,0.008437831071205437
6,53,5,1,[215],-0.013463657349348068,0.011175497435033321,-0.02184528042562306
6,53,5,1,[83],0.027567116543650627,0.00472944974899292,0.024020029231905937
6,53,5,1,[46],0.00015012740914244205,0.025046026334166527,-0.018634392341482453
6,101,0,32,"[221, 20, 101, 99, 119, 217, 82, 13, 71, 72, 127, 133, 23, 241, 5, 18, 237, 175, 107, 211, 77, 252, 125, 2, 86, 57, 92, 189, 197, 94, 89, 130]",0.014039549976587296,-0.0027543031610548496,0.014039549976587296
6,101,0,32,"[236, 76, 253, 15, 117, 16, 102, 66, 156, 191, 135, 167, 176, 84, 106, 91, 4, 228, 190, 35, 165, 48, 45, 198, 112, 43, 21, 230, 105, 124, 67, 63]",-0.007260723039507866,0.00883856788277626,-0.013889648951590061
6,101,0,32,"[188, 255, 10, 30, 158, 87, 59, 14, 97, 17, 150, 243, 74, 55, 148, 145, 210, 149, 95, 154, 103, 9, 207, 12, 201, 179, 22, 88, 24, 249, 61, 195]",0.022340526804327965,-0.01025138609111309,0.022340526804327965
6,101,0,32,"[78, 11, 178, 3, 80, 128, 238, 33, 200, 141, 202, 111, 53, 137, 152, 83, 177, 96, 220, 115, 60, 245, 68, 218, 0, 118, 173, 1, 39, 157, 242, 65]",0.0061964918859303,-0.02764134854078293,0.0061964918859303
6,101,0,32,"[19, 180, 50, 233, 69, 194, 225, 139, 75, 250, 110, 146, 116, 251, 64, 163, 51, 126, 7, 120, 248, 140, 34, 161, 203, 129, 232, 109, 70, 172, 26, 81]",0.026719950139522552,0.014357329346239567,0.015951953129842877
6,101,0,32,"[98, 229, 227, 122, 181, 93, 254, 184, 28, 174, 192, 144, 171, 121, 162, 90, 246, 213, 235, 231, 132, 142, 222, 170, 168, 58, 215, 196, 136, 199, 155, 108]",0.023568177595734596,-0.04403167590498924,0.023568177595734596
6,101,0,32,"[32, 147, 56, 143, 151, 27, 187, 153, 208, 46, 223, 224, 169, 159, 113, 85, 42, 138, 182, 62, 31, 52, 6, 104, 244, 226, 123, 214, 131, 44, 134, 209]",0.020894158631563187,-0.014776286669075489,0.020894158631563187
6,101,0,32,"[185, 239, 193, 186, 240, 100, 29, 204, 247, 205, 41, 183, 49, 36, 160, 40, 8, 73, 25, 164, 38, 47, 216, 37, 212, 54, 234, 206, 79, 219, 166, 114]",-0.03091161698102951,-0.003913241438567638,-0.03091161698102951
6,101,1,16,"[98, 229, 227, 122, 181, 93, 254, 184, 28, 174, 192, 144, 171, 121, 162, 90]",0.02241610549390316,0.0071624028496444225,0.017044303356669843
6,101,1,16,"[246, 213, 235, 231, 132, 142, 222, 170, 168, 58, 215, 196, 136, 199, 155, 108]",-0.003042564494535327,-0.03602777421474457,-0.003042564494535327
6,101,1,16,"[188, 255, 10, 30, 158, 87, 59, 14, 97, 17, 150, 243, 74, 55, 148, 145]",0.015176278539001942,-0.010782391764223576,0.015176278539001942
6,101,1,16,"[210, 149, 95, 154, 103, 9, 207, 12, 201, 179, 22, 88, 24, 249, 61, 195]",0.023564551025629044,0.0068641770631074905,0.018416418228298426
6,101,1,16,"[32, 147, 56, 143, 151, 27, 187, 153, 208, 46, 223, 224, 169, 159, 113, 85]",0.008855512365698814,0.02363821305334568,-0.008873147424310446
6,101,1,16,"[42, 138, 182, 62, 31, 52, 6, 104, 244, 226, 123, 214, 131, 44, 134, 209]",0.006804308854043484,0.0060304091311991215,0.0022815020056441426
6,101,1,16,"[19, 180, 50, 233, 69, 194, 225, 139, 75, 250, 110, 146, 116, 251, 64, 163]",0.017897913232445717,-0.0045638675801455975,0.017897913232445717
6,101,1,16,"[51, 126, 7, 120, 248, 140, 34, 161, 203, 129, 232, 109, 70, 172, 26, 81]",0.02788989059627056,0.010875944048166275,0.019732932560145855
6,101,2,8,"[51, 126, 7, 120, 248, 140, 34, 161]",0.039645541459321976,-0.009605861268937588,0.039645541459321976
6,101,2,8,"[203, 129, 232, 109, 70, 172, 26, 81]",0.044318486005067825,0.00014544249279424548,0.04420940413547214
6,101,2,8,"[210, 149, 95, 154, 103, 9, 207, 12]",-0.00697636604309082,0.010225827805697918,-0.014645736897364259
6,101,2,8,"[201, 179, 22, 88, 24, 249, 61, 195]",0.008451785892248154,-0.02235064096748829,0.008451785892248154
6,101,2,8,"[19, 180, 50, 233, 69, 194, 225, 139]",-0.03758746758103371,-0.013658658601343632,-0.03758746758103371
6,101,2,8,"[75, 250, 110, 146, 116, 251, 64, 163]",0.004949073772877455,0.0067408704198896885,-0.00010657904203981161
6,101,2,8,"[98, 229, 227, 122, 181, 93, 254, 184]",0.019346458837389946,-0.013004357926547527,0.019346458837389946
6,101,2,8,"[28, 174, 192, 144, 171, 121, 162, 90]",0.02870488166809082,-0.006030591670423746,0.02870488166809082
6,101,3,4,"[203, 129, 232, 109]",-0.0020759450271725655,0.010579513385891914,-0.010010580066591501
6,101,3,4,"[70, 172, 26, 81]",0.004156954120844603,0.01839357055723667,-0.009638223797082901
6,101,3,4,"[51, 126, 7, 120]",0.020081911236047745,0.011498702690005302,0.011457884218543768
6,101,3,4,"[248, 140, 34, 161]",0.021461378782987595,-0.00011026859283447266,0.021461378782987595
6,101,3,4,"[28, 174, 192, 144]",0.02214302122592926,-0.024427028372883797,0.02214302122592926
6,101,3,4,"[171, 121, 162, 90]",0.016715213656425476,0.02082008682191372,0.0011001485399901867
6,101,3,4,"[98, 229, 227, 122]",0.03277169167995453,-0.012493252754211426,0.03277169167995453
6,101,3,4,"[181, 93, 254, 184]",0.012245668098330498,0.006644333712756634,0.007262417813763022
6,101,4,2,"[98, 229]",0.015574907884001732,0.020253123715519905,0.00038506509736180305
6,101,4,2,"[227, 122]",0.04580041021108627,0.009809451177716255,0.03844332182779908
6,101,4,2,"[28, 174]",0.012389886192977428,0.019100256264209747,-0.001935306005179882
6,101,4,2,"[192, 144]",0.013509970158338547,0.014024007134139538,0.0029919648077338934
6,101,4,2,"[248, 140]",0.0034850931260734797,0.022825613617897034,-0.013634117087349296
6,101,4,2,"[34, 161]",0.022339336574077606,-0.01296937745064497,0.022339336574077606
6,101,4,2,"[51, 126]",0.0010712885996326804,0.012853717431426048,-0.008568999473936856
6,101,4,2,"[7, 120]",0.0033341562375426292,-0.0041030291467905045,0.0033341562375426292
6,101,5,1,[227],0.02126958779990673,0.02191188372671604,0.0048356750048696995
6,101,5,1,[122],-0.006528087891638279,0.012510419823229313,-0.015910902759060264
6,101,5,1,[34],-0.012818519957363605,-0.02532409131526947,-0.012818519957363605
6,101,5,1,[161],0.004853184334933758,0.024645943194627762,-0.013631273061037064
6,101,5,1,[7],0.0006859672139398754,0.009248298592865467,-0.006250256730709225
6,101,5,1,[120],0.0043403711169958115,0.01392943412065506,-0.006106704473495483
6,101,5,1,[192],0.01485409401357174,0.024760723114013672,-0.0037164483219385147
6,101,5,1,[144],0.03751923888921738,0.03512831777334213,0.011173000559210777
6,211,0,32,"[106, 107, 44, 204, 162, 97, 109, 98, 14, 119, 164, 116, 183, 126, 117, 57, 72, 177, 145, 87, 118, 34, 0, 37, 151, 79, 102, 128, 49, 31, 130, 6]",0.013354304246604443,-0.016213834285736084,0.013354304246604443
6,211,0,32,"[27, 159, 75, 36, 249, 8, 120, 231, 163, 160, 68, 236, 32, 26, 246, 48, 154, 125, 83, 219, 141, 192, 214, 206, 101, 252, 152, 33, 64, 135, 175, 13]",0.021338248625397682,0.0041155447252094746,0.018251590081490576
6,211,0,32,"[10, 110, 144, 217, 71, 211, 234, 9, 208, 113, 238, 244, 228, 207, 95, 185, 171, 69, 254, 88, 173, 105, 63, 210, 58, 243, 216, 225, 77, 21, 169, 178]",-0.012326827272772789,0.017684603109955788,-0.02559027960523963
6,211,0,32,"[94, 38, 190, 229, 100, 245, 74, 227, 156, 29, 56, 132, 22, 7, 78, 55, 41, 16, 143, 220, 104, 138, 139, 5, 1, 158, 195, 114, 147, 181, 172, 148]",0.021284155547618866,-0.02139405906200409,0.021284155547618866
6,211,0,32,"[11, 213, 200, 222, 65, 191, 165, 19, 133, 93, 199, 137, 180, 2, 232, 186, 4, 39, 218, 52, 50, 253, 202, 85, 215, 251, 86, 182, 20, 53, 131, 240]",0.010358963161706924,0.02087968774139881,-0.005300802644342184
6,211,0,32,"[242, 235, 226, 123, 168, 248, 62, 112, 111, 239, 146, 176, 35, 221, 224, 205, 184, 80, 194, 25, 40, 230, 140, 70, 201, 47, 18, 198, 76, 247, 45, 223]",-0.01198752410709858,-0.01248286385089159,-0.01198752410709858
6,211,0,32,"[61, 67, 121, 237, 99, 66, 92, 150, 24, 89, 43, 23, 174, 167, 209, 212, 179, 51, 60, 188, 82, 157, 127, 142, 108, 241, 134, 30, 17, 187, 103, 91]",0.03626076877117157,-0.010405316017568111,0.03626076877117157
6,211,0,32,"[81, 3, 161, 155, 149, 15, 197, 73, 59, 28, 46, 115, 42, 96, 189, 170, 124, 196, 250, 193, 12, 166, 153, 54, 122, 233, 84, 136, 255, 90, 129, 203]",-0.0014159214915707707,-0.05931991711258888,-0.0014159214915707707
6,211,1,16,"[61, 67, 121, 237, 99, 66, 92, 150, 24, 89, 43, 23, 174, 167, 209, 212]",0.02471134439110756,-0.02039392478764057,0.02471134439110756
6,211,1,16,"[179, 51, 60, 188, 82, 157, 127, 142, 108, 241, 134, 30, 17, 187, 103, 91]",0.027293527498841286,-0.03289339691400528,0.027293527498841286
6,211,1,16,"[94, 38, 190, 229, 100, 245, 74, 227, 156, 29, 56, 132, 22, 7, 78, 55]",-0.0057236491702497005,-0.008708136156201363,-0.0057236491702497005
6,211,1,16,"[41, 16, 143, 220, 104, 138, 139, 5, 1, 158, 195, 114, 147, 181, 172, 148]",0.0029959320090711117,0.0030981271993368864,0.0006723366095684469
6,211,1,16,"[27, 159, 75, 36, 249, 8, 120, 231, 163, 160, 68, 236, 32, 26, 246, 48]",0.01004781387746334,-0.02271367609500885,0.01004781387746334
6,211,1,16,"[154, 125, 83, 219, 141, 192, 214, 206, 101, 252, 152, 33, 64, 135, 175, 13]",-0.00020739316823892295,0.011639592237770557,-0.008937087346566841
6,211,1,16,"[106, 107, 44, 204, 162, 97, 109, 98, 14, 119, 164, 116, 183, 126, 117, 57]",-0.0028934585861861706,-0.01686248742043972,-0.0028934585861861706
6,211,1,16,"[72, 177, 145, 87, 118, 34, 0, 37, 151, 79, 102, 128, 49, 31, 130, 6]",0.013698134571313858,-0.0263699721544981,0.013698134571313858
6,211,2,8,"[179, 51, 60, 188, 82, 157, 127, 142]",0.03820309042930603,-0.0030454217921942472,0.03820309042930603
6,211,2,8,"[108, 241, 134, 30, 17, 187, 103, 91]",0.00595484022051096,0.0006110441754572093,0.005496557088918053
6,211,2,8,"[61, 67, 121, 237, 99, 66, 92, 150]",0.0346669927239418,-0.02289470285177231,0.0346669927239418
6,211,2,8,"[24, 89, 43, 23, 174, 167, 209, 212]",0.012879688292741776,0.013410571031272411,0.002821760019287467
6,211,2,8,"[72, 177, 145, 87, 118, 34, 0, 37]",0.03183770179748535,0.010850602760910988,0.02369974972680211
6,211,2,8,"[151, 79, 102, 128, 49, 31, 130, 6]",-0.006288223434239626,-0.0010094511089846492,-0.006288223434239626
6,211,2,8,"[27, 159, 75, 36, 249, 8, 120, 231]",0.014287416823208332,0.029493212699890137,-0.00783249270170927
6,211,2,8,"[163, 160, 68, 236, 32, 26, 246, 48]",-0.015708234161138535,0.01066333893686533,-0.023705738363787532
6,211,3,4,"[179, 51, 60, 188]",0.04364512488245964,-0.024388764053583145,0.04364512488245964
6,211,3,4,"[82, 157, 127, 142]",-0.022232873365283012,0.004318288527429104,-0.02547158976085484
6,211,3,4,"[61, 67, 121, 237]",0.04253828898072243,-0.025227153673768044,0.04253828898072243
6,211,3,4,"[99, 66, 92, 150]",0.0006450701039284468,0.03610583767294884,-0.02643430815078318
6,211,3,4,"[72, 177, 145, 87]",-0.030169136822223663,0.030183330178260803,-0.052806634455919266
6,211,3,4,"[118, 34, 0, 37]",0.03355837240815163,-0.004753046669065952,0.03355837240815163
6,211,3,4,"[108, 241, 134, 30]",0.0029117607045918703,-0.014308508485555649,0.0029117607045918703
6,211,3,4,"[17, 187, 103, 91]",-0.007105581928044558,0.021129632368683815,-0.02295280620455742
6,211,4,2,"[179, 51]",0.019829565659165382,-0.021553650498390198,0.019829565659165382
6,211,4,2,"[60, 188]",0.021616563200950623,0.005866851191967726,0.017216424806974828
6,211,4,2,"[61, 67]",0.0035343433264642954,0.03496953099966049,-0.022692804923281074
6,211,4,2,"[121, 237]",0.016132259741425514,-0.0009184181690216064,0.016132259741425514
6,211,4,2,"[118, 34]",0.014467579312622547,0.0069959224201738834,0.009220637497492135
6,211,4,2,"[0, 37]",0.051318712532520294,0.016553234308958054,0.038903786800801754
6,211,4,2,"[108, 241]",0.04859459400177002,0.012945741415023804,0.03888528794050217
6,211,4,2,"[134, 30]",-0.007699900772422552,-0.006609667558223009,-0.007699900772422552
6,211,5,1,[0],0.057336412370204926,-0.0023781610652804375,0.057336412370204926
6,211,5,1,[37],0.0039143990725278854,-0.0006459170836023986,0.0039143990725278854
6,211,5,1,[108],0.02178114838898182,0.005612195003777742,0.017572002136148512
6,211,5,1,[241],0.030973758548498154,0.03151024505496025,0.0073410747572779655
6,211,5,1,[179],0.020868759602308273,-0.005241189152002335,0.020868759602308273
6,211,5,1,[51],-0.01302421372383833,-0.0035813944414258003,-0.01302421372383833
6,211,5,1,[60],0.00789039209485054,0.02972499281167984,-0.01440335251390934
6,211,5,1,[188],0.005279116798192263,0.00777854211628437,-0.0005547897890210152
5,17,0,32,"[145, 83, 255, 126, 58, 109, 27, 19, 40, 139, 11, 158, 171, 210, 198, 108, 84, 57, 185, 114, 203, 181, 253, 148, 16, 50, 131, 77, 81, 117, 143, 110]",0.001922487048432231,-0.007078087422996759,0.001922487048432231
5,17,0,32,"[236, 206, 252, 149, 170, 56, 111, 63, 20, 91, 214, 200, 194, 12, 67, 197, 118, 155, 28, 30, 211, 34, 230, 154, 93, 188, 10, 48, 136, 29, 15, 102]",-0.014281599782407284,-0.014875530265271664,-0.014281599782407284
5,17,0,32,"[70, 99, 120, 209, 180, 90, 94, 199, 151, 86, 212, 129, 7, 247, 101, 217, 14, 88, 147, 244, 165, 92, 240, 173, 204, 229, 159, 35, 231, 177, 23, 47]",0.0040573738515377045,-0.03722083196043968,0.0040573738515377045
5,17,0,32,"[13, 254, 130, 245, 220, 21, 78, 162, 116, 42, 66, 38, 152, 224, 243, 46, 107, 249, 125, 31, 235, 62, 79, 238, 174, 201, 164, 246, 191, 248, 208, 112]",0.022651929408311844,0.0024492281954735518,0.02081500826170668
5,17,0,32,"[241, 123, 32, 179, 89, 178, 193, 156, 60, 71, 219, 222, 25, 59, 228, 54, 144, 26, 133, 69, 45, 233, 141, 146, 160, 43, 226, 218, 51, 122, 96, 135]",0.022187378257513046,-0.008876384235918522,0.022187378257513046
5,17,0,32,"[189, 95, 87, 68, 168, 205, 132, 221, 33, 44, 251, 100, 22, 53, 176, 163, 124, 239, 234, 150, 76, 195, 5, 186, 64, 73, 142, 182, 103, 166, 17, 215]",0.017746318131685257,-0.04926058277487755,0.017746318131685257
5,17,0,32,"[232, 121, 106, 225, 9, 227, 6, 61, 2, 104, 0, 80, 140, 52, 113, 18, 65, 216, 169, 119, 36, 187, 161, 134, 153, 3, 213, 137, 184, 4, 24, 128]",0.1122845858335495,-0.03417818248271942,0.1122845858335495
5,17,0,32,"[8, 37, 172, 250, 183, 202, 196, 157, 105, 127, 242, 138, 223, 167, 207, 49, 97, 41, 72, 39, 55, 1, 192, 237, 175, 98, 190, 74, 82, 75, 85, 115]",0.02785678207874298,-0.017163053154945374,0.02785678207874298
5,17,1,16,"[232, 121, 106, 225, 9, 227, 6, 61, 2, 104, 0, 80, 140, 52, 113, 18]",0.004042837768793106,-0.03258509933948517,0.004042837768793106
5,17,1,16,"[65, 216, 169, 119, 36, 187, 161, 134, 153, 3, 213, 137, 184, 4, 24, 128]",0.16546325385570526,-0.030960049480199814,0.16546325385570526
5,17,1,16,"[8, 37, 172, 250, 183, 202, 196, 157, 105, 127, 242, 138, 223, 167, 207, 49]",-0.002097277669236064,-0.02990887127816677,-0.002097277669236064
5,17,1,16,"[97, 41, 72, 39, 55, 1, 192, 237, 175, 98, 190, 74, 82, 75, 85, 115]",0.02120109833776951,-0.029163021594285965,0.02120109833776951
5,17,1,16,"[241, 123, 32, 179, 89, 178, 193, 156, 60, 71, 219, 222, 25, 59, 228, 54]",0.014154558070003986,0.018934478983283043,-4.630116745829582e-05
5,17,1,16,"[144, 26, 133, 69, 45, 233, 141, 146, 160, 43, 226, 218, 51, 122, 96, 135]",-0.011628571897745132,-0.0298776775598526,-0.011628571897745132
5,17,1,16,"[13, 254, 130, 245, 220, 21, 78, 162, 116, 42, 66, 38, 152, 224, 243, 46]",0.017211822792887688,0.011734656989574432,0.008410830050706863
5,17,1,16,"[107, 249, 125, 31, 235, 62, 79, 238, 174, 201, 164, 246, 191, 248, 208, 112]",-0.009191176854074001,0.002556511200964451,-0.01110856025479734
5,17,2,8,"[65, 216, 169, 119, 36, 187, 161, 134]",0.16841068863868713,-0.01799134910106659,0.16841068863868713
5,17,2,8,"[153, 3, 213, 137, 184, 4, 24, 128]",0.023183031007647514,0.021212423220276833,0.00727371359243989
5,17,2,8,"[97, 41, 72, 39, 55, 1, 192, 237]",0.04577391594648361,0.0017677533905953169,0.044448100903537124
5,17,2,8,"[175, 98, 190, 74, 82, 75, 85, 115]",0.029294006526470184,-0.010326149873435497,0.029294006526470184
5,17,2,8,"[13, 254, 130, 245, 220, 21, 78, 162]",0.03723591938614845,-0.0028579444624483585,0.03723591938614845
5,17,2,8,"[116, 42, 66, 38, 152, 224, 243, 46]",0.013683347962796688,-0.003920227754861116,0.013683347962796688
5,17,2,8,"[232, 121, 106, 225, 9, 227, 6, 61]",0.031494803726673126,0.0015511942328885198,0.030331408052006736
5,17,2,8,"[2, 104, 0, 80, 140, 52, 113, 18]",0.03544822335243225,-0.013712682761251926,0.03544822335243225
5,17,3,4,"[65, 216, 169, 119]",0.1909477859735489,0.0028441594913601875,0.18881466635502875
5,17,3,4,"[36, 187, 161, 134]",-0.002663731575012207,0.020387711003422737,-0.01795451482757926
5,17,3,4,"[97, 41, 72, 39]",0.03481730818748474,-0.012422656640410423,0.03481730818748474
5,17,3,4,"[55, 1, 192, 237]",-0.00821827445179224,-0.0012994337594136596,-0.00821827445179224
5,17,3,4,"[13, 254, 130, 245]",0.009568721987307072,0.03521263226866722,-0.016840752214193344
5,17,3,4,"[220, 21, 78, 162]",0.01416617352515459,-0.0032364504877477884,0.01416617352515459
5,17,3,4,"[2, 104, 0, 80]",0.0057706329971551895,0.009822530671954155,-0.0015962650068104267
5,17,3,4,"[140, 52, 113, 18]",0.0206617284566164,0.0025457311421632767,0.018752430099993944
5,17,4,2,"[65, 216]",0.010822314769029617,0.008241364732384682,0.004641291219741106
5,17,4,2,"[169, 119]",0.188529372215271,-0.0017272228142246604,0.188529372215271
5,17,4,2,"[97, 41]",0.03413558006286621,-0.008495191112160683,0.03413558006286621
5,17,4,2,"[72, 39]",0.013875088654458523,0.009501997381448746,0.0067485906183719635
5,17,4,2,"[140, 52]",0.015376300550997257,-0.005691171158105135,0.015376300550997257
5,17,4,2,"[113, 18]",-0.0043837688863277435,0.027068717405200005,-0.024685306940227747
5,17,4,2,"[220, 21]",0.009361662901937962,-0.0026577156968414783,0.009361662901937962
5,17,4,2,"[78, 162]",0.019751379266381264,0.022133368998765945,0.0031513525173068047
5,17,5,1,[169],0.010388760827481747,-0.03241049870848656,0.010388760827481747
5,17,5,1,[119],0.20278969407081604,0.037845224142074585,0.1744057759642601
5,17,5,1,[97],0.0068871998228132725,0.01660521700978279,-0.005566712934523821
5,17,5,1,[41],0.04499613866209984,-0.001456554513424635,0.04499613866209984
5,17,5,1,[140],0.012298042885959148,-0.010619980283081532,0.012298042885959148
5,17,5,1,[52],0.022722726687788963,0.008338785730302334,0.016468637390062213
5,17,5,1,[220],-0.0024019598495215178,0.031132854521274567,-0.025751600740477443
5,17,5,1,[21],0.013526750728487968,0.0024354709312319756,0.011700147530063987
5,53,0,32,"[65, 199, 216, 254, 146, 195, 252, 193, 11, 48, 157, 60, 188, 53, 20, 105, 179, 45, 77, 76, 49, 186, 230, 160, 25, 185, 3, 68, 15, 93, 74, 150]",0.006222905125468969,-0.055276647210121155,0.006222905125468969
5,53,0,32,"[87, 142, 218, 8, 67, 42, 210, 90, 92, 170, 183, 149, 69, 110, 192, 220, 54, 129, 198, 38, 95, 235, 18, 203, 99, 212, 214, 30, 63, 7, 84, 247]",-0.01209576241672039,-0.026438117027282715,-0.01209576241672039
5,53,0,32,"[255, 79, 172, 178, 52, 123, 128, 139, 94, 26, 108, 182, 114, 47, 32, 165, 196, 102, 34, 209, 83, 46, 180, 111, 13, 107, 144, 28, 154, 191, 19, 215]",-0.014726650901138783,0.01687517948448658,-0.027383035514503717
5,53,0,32,"[41, 16, 222, 201, 227, 138, 243, 237, 91, 43, 148, 141, 155, 158, 241, 132, 176, 66, 31, 98, 194, 184, 171, 100, 246, 187, 229, 122, 236, 202, 119, 17]",0.09247983992099762,-0.04193675145506859,0.09247983992099762
5,53,0,32,"[137, 206, 239, 190, 85, 197, 133, 166, 233, 156, 161, 152, 177, 174, 217, 5, 134, 120, 168, 97, 35, 208, 162, 221, 44, 4, 86, 113, 112, 106, 143, 136]",0.02260402962565422,-0.0102148512378335,0.02260402962565422
5,53,0,32,"[207, 121, 9, 242, 124, 116, 211, 147, 88, 58, 27, 159, 56, 181, 55, 151, 70, 173, 6, 115, 21, 204, 248, 10, 50, 24, 40, 249, 226, 135, 73, 29]",-0.0006983423372730613,-0.005510191898792982,-0.0006983423372730613
5,53,0,32,"[205, 234, 125, 131, 140, 1, 244, 51, 81, 2, 80, 59, 0, 163, 72, 231, 62, 37, 89, 103, 117, 33, 175, 145, 36, 71, 219, 64, 164, 238, 12, 78]",0.02157554402947426,-0.044027045369148254,0.02157554402947426
5,53,0,32,"[167, 126, 39, 228, 232, 127, 153, 169, 23, 213, 240, 96, 57, 245, 200, 250, 109, 224, 22, 223, 118, 130, 225, 101, 14, 189, 251, 104, 82, 61, 253, 75]",0.007627148646861315,0.002944380044937134,0.005418863613158464
5,53,1,16,"[41, 16, 222, 201, 227, 138, 243, 237, 91, 43, 148, 141, 155, 158, 241, 132]",0.009726669639348984,-0.03823027014732361,0.009726669639348984
5,53,1,16,"[176, 66, 31, 98, 194, 184, 171, 100, 246, 187, 229, 122, 236, 202, 119, 17]",0.21405574679374695,0.016506751999258995,0.2016756827943027
5,53,1,16,"[137, 206, 239, 190, 85, 197, 133, 166, 233, 156, 161, 152, 177, 174, 217, 5]",0.02166512981057167,0.015169506892561913,0.010287999641150236
5,53,1,16,"[134, 120, 168, 97, 35, 208, 162, 221, 44, 4, 86, 113, 112, 106, 143, 136]",-0.00892674457281828,0.004695034120231867,-0.01244802016299218
5,53,1,16,"[205, 234, 125, 131, 140, 1, 244, 51, 81, 2, 80, 59, 0, 163, 72, 231]",0.023316118866205215,0.01740419678390026,0.01026297127828002
5,53,1,16,"[62, 37, 89, 103, 117, 33, 175, 145, 36, 71, 219, 64, 164, 238, 12, 78]",0.020893555134534836,0.009669377468526363,0.013641522033140063
5,53,1,16,"[65, 199, 216, 254, 146, 195, 252, 193, 11, 48, 157, 60, 188, 53, 20, 105]",0.019373349845409393,-0.003818988101556897,0.019373349845409393
5,53,1,16,"[179, 45, 77, 76, 49, 186, 230, 160, 25, 185, 3, 68, 15, 93, 74, 150]",-0.020651180297136307,-0.010486229322850704,-0.020651180297136307
5,53,2,8,"[176, 66, 31, 98, 194, 184, 171, 100]",-0.006729042623192072,0.00840386189520359,-0.013031939044594765
5,53,2,8,"[246, 187, 229, 122, 236, 202, 119, 17]",0.21530750393867493,0.0025339985731989145,0.21340700500877574
5,53,2,8,"[65, 199, 216, 254, 146, 195, 252, 193]",0.023047594353556633,0.01626851037144661,0.010846211574971676
5,53,2,8,"[11, 48, 157, 60, 188, 53, 20, 105]",0.03308837488293648,-0.01808062568306923,0.03308837488293648
5,53,2,8,"[62, 37, 89, 103, 117, 33, 175, 145]",-0.008379076607525349,-0.012781220488250256,-0.008379076607525349
5,53,2,8,"[36, 71, 219, 64, 164, 238, 12, 78]",0.0025691783521324396,0.002155129797756672,0.0009528310038149357
5,53,2,8,"[137, 206, 239, 190, 85, 197, 133, 166]",0.019506148993968964,0.002277060179039836,0.017798353859689087
5,53,2,8,"[233, 156, 161, 152, 177, 174, 217, 5]",-0.0022266018204391003,0.020805668085813522,-0.017830852884799242
5,53,3,4,"[246, 187, 229, 122]",0.0023795210290700197,-0.003417470958083868,0.0023795210290700197
5,53,3,4,"[236, 202, 119, 17]",0.21612076461315155,0.016227733343839645,0.20394996460527182
5,53,3,4,"[11, 48, 157, 60]",0.013796652667224407,0.0072779362089931965,0.00833820051047951
5,53,3,4,"[188, 53, 20, 105]",0.029688028618693352,-0.01364940870553255,0.029688028618693352
5,53,3,4,"[137, 206, 239, 190]",-0.015348813496530056,0.01138352882117033,-0.023886460112407804
5,53,3,4,"[85, 197, 133, 166]",0.015605192631483078,0.0052965134382247925,0.011632807552814484
5,53,3,4,"[65, 199, 216, 254]",0.041003212332725525,0.018060777336359024,0.027457629330456257
5,53,3,4,"[146, 195, 252, 193]",0.017314786091446877,0.04085364192724228,-0.013325445353984833
5,53,4,2,"[236, 202]",0.026090892031788826,-0.0053442539647221565,0.026090892031788826
5,53,4,2,"[119, 17]",0.20106065273284912,0.03419248014688492,0.17541629262268543
5,53,4,2,"[188, 53]",0.027558716014027596,-0.021246004849672318,0.027558716014027596
5,53,4,2,"[20, 105]",0.0006392025970853865,0.022293977439403534,-0.016081280482467264
5,53,4,2,"[65, 199]",0.013480357825756073,-0.006196237169206142,0.013480357825756073
5,53,4,2,"[216, 254]",0.021757256239652634,0.009363680146634579,0.0147344961296767
5,53,4,2,"[85, 197]",0.013014338910579681,0.00014378786727320403,0.012906498010124778
5,53,4,2,"[133, 166]",0.006669866852462292,0.017162449657917023,-0.006201970390975475
5,53,5,1,[119],0.20278969407081604,0.037845224142074585,0.1744057759642601
5,53,5,1,[17],0.039393190294504166,-0.0030874835792928934,0.039393190294504166
5,53,5,1,[188],-0.003437523730099201,0.01666848361492157,-0.01593888644129038
5,53,5,1,[53],0.015765029937028885,-0.0017979139229282737,0.015765029937028885
5,53,5,1,[236],0.016769632697105408,0.009575546719133854,0.009587972657755017
5,53,5,1,[202],0.015912946313619614,0.0072821383364498615,0.010451342561282218
5,53,5,1,[216],0.006697805132716894,0.0359516367316246,-0.02026592241600156
5,53,5,1,[254],0.017138270661234856,0.03862040489912033,-0.011827033013105392
5,101,0,32,"[221, 20, 101, 99, 119, 217, 82, 13, 71, 72, 127, 133, 23, 241, 5, 18, 237, 175, 107, 211, 77, 252, 125, 2, 86, 57, 92, 189, 197, 94, 89, 130]",0.15673832595348358,-0.011201620101928711,0.15673832595348358
5,101,0,32,"[236, 76, 253, 15, 117, 16, 102, 66, 156, 191, 135, 167, 176, 84, 106, 91, 4, 228, 190, 35, 165, 48, 45, 198, 112, 43, 21, 230, 105, 124, 67, 63]",0.004864013288170099,0.01487886905670166,-0.006295138504356146
5,101,0,32,"[188, 255, 10, 30, 158, 87, 59, 14, 97, 17, 150, 243, 74, 55, 148, 145, 210, 149, 95, 154, 103, 9, 207, 12, 201, 179, 22, 88, 24, 249, 61, 195]",0.011584259569644928,-0.04144246131181717,0.011584259569644928
5,101,0,32,"[78, 11, 178, 3, 80, 128, 238, 33, 200, 141, 202, 111, 53, 137, 152, 83, 177, 96, 220, 115, 60, 245, 68, 218, 0, 118, 173, 1, 39, 157, 242, 65]",-0.007156238425523043,-0.017549948766827583,-0.007156238425523043
5,101,0,32,"[19, 180, 50, 233, 69, 194, 225, 139, 75, 250, 110, 146, 116, 251, 64, 163, 51, 126, 7, 120, 248, 140, 34, 161, 203, 129, 232, 109, 70, 172, 26, 81]",0.007304712664335966,-0.01672600954771042,0.007304712664335966
5,101,0,32,"[98, 229, 227, 122, 181, 93, 254, 184, 28, 174, 192, 144, 171, 121, 162, 90, 246, 213, 235, 231, 132, 142, 222, 170, 168, 58, 215, 196, 136, 199, 155, 108]",-0.01690632663667202,-0.011068788357079029,-0.01690632663667202
5,101,0,32,"[32, 147, 56, 143, 151, 27, 187, 153, 208, 46, 223, 224, 169, 159, 113, 85, 42, 138, 182, 62, 31, 52, 6, 104, 244, 226, 123, 214, 131, 44, 134, 209]",-0.004105416592210531,-0.03994249179959297,-0.004105416592210531
5,101,0,32,"[185, 239, 193, 186, 240, 100, 29, 204, 247, 205, 41, 183, 49, 36, 160, 40, 8, 73, 25, 164, 38, 47, 216, 37, 212, 54, 234, 206, 79, 219, 166, 114]",-0.0044797444716095924,-0.014158960431814194,-0.0044797444716095924
5,101,1,16,"[221, 20, 101, 99, 119, 217, 82, 13, 71, 72, 127, 133, 23, 241, 5, 18]",0.22107449173927307,0.00694157462567091,0.2158683107700199
5,101,1,16,"[237, 175, 107, 211, 77, 252, 125, 2, 86, 57, 92, 189, 197, 94, 89, 130]",-0.021917905658483505,0.008764266967773438,-0.028491105884313583
5,101,1,16,"[188, 255, 10, 30, 158, 87, 59, 14, 97, 17, 150, 243, 74, 55, 148, 145]",0.031017152592539787,-0.006726686842739582,0.031017152592539787
5,101,1,16,"[210, 149, 95, 154, 103, 9, 207, 12, 201, 179, 22, 88, 24, 249, 61, 195]",0.017700280994176865,-0.028577223420143127,0.017700280994176865
5,101,1,16,"[19, 180, 50, 233, 69, 194, 225, 139, 75, 250, 110, 146, 116, 251, 64, 163]",-0.019088078290224075,-0.021218527108430862,-0.019088078290224075
5,101,1,16,"[51, 126, 7, 120, 248, 140, 34, 161, 203, 129, 232, 109, 70, 172, 26, 81]",0.025111863389611244,0.0021213435102254152,0.023520855756942183
5,101,1,16,"[32, 147, 56, 143, 151, 27, 187, 153, 208, 46, 223, 224, 169, 159, 113, 85]",0.031545959413051605,-0.021866217255592346,0.031545959413051605
5,101,1,16,"[42, 138, 182, 62, 31, 52, 6, 104, 244, 226, 123, 214, 131, 44, 134, 209]",0.024101080372929573,0.013547096401453018,0.01394075807183981
5,101,2,8,"[221, 20, 101, 99, 119, 217, 82, 13]",0.15101242065429688,0.02161504328250885,0.13480113819241524
5,101,2,8,"[71, 72, 127, 133, 23, 241, 5, 18]",0.0333840474486351,0.0419682040810585,0.0019078943878412247
5,101,2,8,"[32, 147, 56, 143, 151, 27, 187, 153]",0.01807810552418232,0.0162885170429945,0.005861717741936445
5,101,2,8,"[208, 46, 223, 224, 169, 159, 113, 85]",0.006744506303220987,-0.0387437641620636,0.006744506303220987
5,101,2,8,"[188, 255, 10, 30, 158, 87, 59, 14]",0.011410134844481945,0.004928176291286945,0.007714002626016736
5,101,2,8,"[97, 17, 150, 243, 74, 55, 148, 145]",-0.010207589715719223,-0.007970338687300682,-0.010207589715719223
5,101,2,8,"[51, 126, 7, 120, 248, 140, 34, 161]",0.038729988038539886,-0.0021498382557183504,0.038729988038539886
5,101,2,8,"[203, 129, 232, 109, 70, 172, 26, 81]",0.04260582476854324,-0.006675927434116602,0.04260582476854324
5,101,3,4,"[221, 20, 101, 99]",0.02501474879682064,-0.004074290860444307,0.02501474879682064
5,101,3,4,"[119, 217, 82, 13]",0.18459272384643555,0.014629173092544079,0.1736208440270275
5,101,3,4,"[203, 129, 232, 109]",0.018431689590215683,0.02846905030310154,-0.0029200981371104717
5,101,3,4,"[70, 172, 26, 81]",0.01234625093638897,-0.015047937631607056,0.01234625093638897
5,101,3,4,"[51, 126, 7, 120]",0.007517463993281126,0.023245766758918762,-0.009916861075907946
5,101,3,4,"[248, 140, 34, 161]",-0.017312731593847275,-0.008471136912703514,-0.017312731593847275
5,101,3,4,"[188, 255, 10, 30]",0.019433770328760147,-0.014494841918349266,0.019433770328760147
5,101,3,4,"[158, 87, 59, 14]",0.018538689240813255,0.02598983235657215,-0.0009536850266158581
5,101,4,2,"[119, 217]",0.18273960053920746,0.009801224805414677,0.17538868193514645
5,101,4,2,"[82, 13]",0.03275896981358528,0.01919475570321083,0.01836290303617716
5,101,4,2,"[221, 20]",0.020564353093504906,0.023705918341875076,0.0027849143370985985
5,101,4,2,"[101, 99]",0.036363303661346436,-0.002167521743103862,0.036363303661346436
5,101,4,2,"[188, 255]",0.01435556448996067,0.019389765337109566,-0.00018675951287150383
5,101,4,2,"[10, 30]",0.00904504768550396,0.007233141455799341,0.0036201915936544538
5,101,4,2,"[70, 172]",0.0244549922645092,0.024138372391462326,0.0063512129709124565
5,101,4,2,"[26, 81]",0.007151216268539429,0.021945279091596603,-0.009307743050158024
5,101,5,1,[119],0.20278969407081604,0.037845224142074585,0.1744057759642601
5,101,5,1,[217],0.012920446693897247,0.03648671135306358,-0.01444458682090044
5,101,5,1,[101],0.016560964286327362,-0.004754292778670788,0.016560964286327362
5,101,5,1,[99],-0.0007542014354839921,0.002943397266790271,-0.002961749385576695
5,101,5,1,[82],0.010043071582913399,0.007534585427492857,0.004392132512293756
5,101,5,1,[13],0.003408454591408372,-0.013453355990350246,0.003408454591408372
5,101,5,1,[70],0.000378057942725718,0.012369279749691486,-0.008898901869542897
5,101,5,1,[172],-0.002199411392211914,0.02633019909262657,-0.021947060711681843
5,211,0,32,"[106, 107, 44, 204, 162, 97, 109, 98, 14, 119, 164, 116, 183, 126, 117, 57, 72, 177, 145, 87, 118, 34, 0, 37, 151, 79, 102, 128, 49, 31, 130, 6]",0.1325015425682068,0.00722922571003437,0.127079623285681
5,211,0,32,"[27, 159, 75, 36, 249, 8, 120, 231, 163, 160, 68, 236, 32, 26, 246, 48, 154, 125, 83, 219, 141, 192, 214, 206, 101, 252, 152, 33, 64, 135, 175, 13]",0.0009619974880479276,-0.0036771614104509354,0.0009619974880479276
5,211,0,32,"[10, 110, 144, 217, 71, 211, 234, 9, 208, 113, 238, 244, 228, 207, 95, 185, 171, 69, 254, 88, 173, 105, 63, 210, 58, 243, 216, 225, 77, 21, 169, 178]",-0.023525219410657883,-0.02211466245353222,-0.023525219410657883
5,211,0,32,"[94, 38, 190, 229, 100, 245, 74, 227, 156, 29, 56, 132, 22, 7, 78, 55, 41, 16, 143, 220, 104, 138, 139, 5, 1, 158, 195, 114, 147, 181, 172, 148]",-0.008211872540414333,-0.011083199642598629,-0.008211872540414333
5,211,0,32,"[11, 213, 200, 222, 65, 191, 165, 19, 133, 93, 199, 137, 180, 2, 232, 186, 4, 39, 218, 52, 50, 253, 202, 85, 215, 251, 86, 182, 20, 53, 131, 240]",-0.02552175335586071,-0.003213801421225071,-0.02552175335586071
5,211,0,32,"[242, 235, 226, 123, 168, 248, 62, 112, 111, 239, 146, 176, 35, 221, 224, 205, 184, 80, 194, 25, 40, 230, 140, 70, 201, 47, 18, 198, 76, 247, 45, 223]",0.018922358751296997,-0.014336028136312962,0.018922358751296997
5,211,0,32,"[61, 67, 121, 237, 99, 66, 92, 150, 24, 89, 43, 23, 174, 167, 209, 212, 179, 51, 60, 188, 82, 157, 127, 142, 108, 241, 134, 30, 17, 187, 103, 91]",0.005133330821990967,-0.01833977922797203,0.005133330821990967
5,211,0,32,"[81, 3, 161, 155, 149, 15, 197, 73, 59, 28, 46, 115, 42, 96, 189, 170, 124, 196, 250, 193, 12, 166, 153, 54, 122, 233, 84, 136, 255, 90, 129, 203]",0.04305204004049301,0.007809717673808336,0.03719475178513676
5,211,1,16,"[106, 107, 44, 204, 162, 97, 109, 98, 14, 119, 164, 116, 183, 126, 117, 57]",0.18627697229385376,0.005000547971576452,0.18252656131517142
5,211,1,16,"[72, 177, 145, 87, 118, 34, 0, 37, 151, 79, 102, 128, 49, 31, 130, 6]",0.011515462771058083,0.014769667759537697,0.00043821195140480995
5,211,1,16,"[81, 3, 161, 155, 149, 15, 197, 73, 59, 28, 46, 115, 42, 96, 189, 170]",-0.009173198603093624,0.006873445585370064,-0.014328282792121172
5,211,1,16,"[124, 196, 250, 193, 12, 166, 153, 54, 122, 233, 84, 136, 255, 90, 129, 203]",0.03749939054250717,0.009298560209572315,0.030525470385327935
5,211,1,16,"[242, 235, 226, 123, 168, 248, 62, 112, 111, 239, 146, 176, 35, 221, 224, 205]",0.01034042239189148,-0.009742984548211098,0.01034042239189148
5,211,1,16,"[184, 80, 194, 25, 40, 230, 140, 70, 201, 47, 18, 198, 76, 247, 45, 223]",-0.014068187214434147,0.006280282512307167,-0.018778399098664522
5,211,1,16,"[61, 67, 121, 237, 99, 66, 92, 150, 24, 89, 43, 23, 174, 167, 209, 212]",0.022462807595729828,-0.018550284206867218,0.022462807595729828
5,211,1,16,"[179, 51, 60, 188, 82, 157, 127, 142, 108, 241, 134, 30, 17, 187, 103, 91]",0.047806669026613235,-0.0027557038702070713,0.047806669026613235
5,211,2,8,"[106, 107, 44, 204, 162, 97, 109, 98]",0.028792284429073334,-0.010837837122380733,0.028792284429073334
5,211,2,8,"[14, 119, 164, 116, 183, 126, 117, 57]",0.19085854291915894,0.009550095535814762,0.18369597126729786
5,211,2,8,"[179, 51, 60, 188, 82, 157, 127, 142]",0.0036883747670799494,-0.009680875577032566,0.0036883747670799494
5,211,2,8,"[108, 241, 134, 30, 17, 187, 103, 91]",0.0003708815493155271,0.025093410164117813,-0.018449176073772833
5,211,2,8,"[124, 196, 250, 193, 12, 166, 153, 54]",0.0240950845181942,0.000743824231904,0.0235372163442662
5,211,2,8,"[122, 233, 84, 136, 255, 90, 129, 203]",0.012312562204897404,0.01298155914992094,0.0025763928424566984
5,211,2,8,"[61, 67, 121, 237, 99, 66, 92, 150]",0.009817494079470634,-0.0059189279563724995,0.009817494079470634
5,211,2,8,"[24, 89, 43, 23, 174, 167, 209, 212]",0.00948332529515028,0.015430253930389881,-0.002089365152642131
5,211,3,4,"[14, 119, 164, 116]",0.2161644995212555,0.00399796012789011,0.2131660294253379
5,211,3,4,"[183, 126, 117, 57]",0.016593437641859055,0.012139324098825455,0.0074889445677399635
5,211,3,4,"[106, 107, 44, 204]",-0.02127971686422825,0.0024715398903936148,-0.02313337178202346
5,211,3,4,"[162, 97, 109, 98]",-0.015128598548471928,-0.0030517876148223877,-0.015128598548471928
5,211,3,4,"[124, 196, 250, 193]",0.02047378569841385,0.024296337738633156,0.002251532394438982
5,211,3,4,"[12, 166, 153, 54]",0.01920255273580551,0.018904564902186394,0.005024129059165716
5,211,3,4,"[61, 67, 121, 237]",0.02877161093056202,0.01185810100287199,0.019878035178408027
5,211,3,4,"[99, 66, 92, 150]",0.030812392011284828,0.009334973990917206,0.023811161518096924
5,211,4,2,"[14, 119]",0.1665719598531723,-0.012139419093728065,0.1665719598531723
5,211,4,2,"[164, 116]",0.010100516490638256,0.0014895343920215964,0.008983365696622059
5,211,4,2,"[99, 66]",0.036688338965177536,0.01608797162771225,0.02462236024439335
5,211,4,2,"[92, 150]",-0.006267372518777847,-0.008620348758995533,-0.006267372518777847
5,211,4,2,"[61, 67]",-0.011917208321392536,-0.014496903866529465,-0.011917208321392536
5,211,4,2,"[121, 237]",0.027543263509869576,-0.004044802393764257,0.027543263509869576
5,211,4,2,"[183, 126]",0.02426261454820633,0.0034484409261494875,0.021676283853594214
5,211,4,2,"[117, 57]",-0.0071746851317584515,0.020550446584820747,-0.022587520070374012
5,211,5,1,[14],-0.037718262523412704,0.005819740239530802,-0.042083067703060806
5,211,5,1,[119],0.20278969407081604,0.037845224142074585,0.1744057759642601
5,211,5,1,[121],0.014063367620110512,0.034637462347745895,-0.01191472914069891
5,211,5,1,[237],0.03168128803372383,0.02756744623184204,0.0110057033598423
5,211,5,1,[99],-0.0007542014354839921,0.002943397266790271,-0.002961749385576695
5,211,5,1,[66],0.055500779300928116,-0.009348914958536625,0.055500779300928116
5,211,5,1,[183],0.008606436662375927,-0.006395265460014343,0.008606436662375927
5,211,5,1,[126],0.020535701885819435,0.026057790964841843,0.0009923586621880531
