layer,expert,global_target_grad_bf16,global_control_grad_bf16,global_grad_specific_bf16,global_grad_ratio_bf16,scan_peak_gpu_gib
1,0,0.0003890605876222253,0.0026438566856086254,-0.0015938319265842438,0.14715645881747394,64.92173910140991
1,1,0.0034819694701582193,0.004749614279717207,-8.024123962968588e-05,0.7331057354056192,64.92173910140991
1,2,0.0007304478203877807,0.012030019424855709,-0.008292066748254001,0.06071875651487762,64.92173910140991
1,3,0.021371658891439438,0.08860849589109421,-0.04508471302688122,0.2411919836385153,64.92173910140991
1,4,0.0010009821271523833,0.0016320589929819107,-0.0002230621175840497,0.6133247210078964,64.92173910140991
1,5,0.002499198541045189,0.010563855990767479,-0.00542369345203042,0.23658014109552797,64.92173910140991
1,6,0.001032404717989266,0.012202717363834381,-0.00811963330488652,0.08460449317333492,64.92173910140991
1,7,0.0010985513217747211,0.0030023723375052214,-0.0011532279313541949,0.36589443210819494,64.92173910140991
1,8,0.07834925502538681,0.2242651879787445,-0.08984963595867157,0.34935986156024923,64.92173910140991
1,9,0.012047103606164455,0.005228489171713591,0.008125736727379262,2.3041271021532967,64.92173910140991
1,10,0.006432696711272001,0.037939853966236115,-0.022022193763405085,0.16954985427268943,64.92173910140991
1,11,0.07255098968744278,0.06194142997264862,0.026094917207956314,1.171283738820814,64.92173910140991
1,12,0.01918402500450611,0.0732046589255333,-0.03571946918964386,0.26206016510177044,64.92173910140991
1,13,0.09113822877407074,0.302120178937912,-0.13545190542936325,0.3016621699820279,64.92173910140991
1,14,0.0026215389370918274,0.006754583679139614,-0.002444398822262883,0.3881125856505254,64.92173910140991
1,15,0.004101940896362066,0.009327703155577183,-0.002893836470320821,0.4397589446732866,64.92173910140991
1,16,0.006152708549052477,0.020894909277558327,-0.009518473409116268,0.2944596919291813,64.92173910140991
1,17,0.0397564060986042,0.1525847166776657,-0.07468213140964508,0.2605530027121184,64.92173910140991
1,18,0.008670409210026264,0.062099602073431015,-0.037904292345047,0.13962101076966854,64.92173910140991
1,19,0.004789191763848066,0.020541595295071602,-0.010617004707455635,0.23314604804642203,64.92173910140991
1,20,0.012870753183960915,0.08691871911287308,-0.05231828615069389,0.14807803560817334,64.92173910140991
1,21,7.985366391949356e-05,0.011062338016927242,-0.008216899848775938,0.007218515994547036,64.92173910140991
1,22,0.0006129432003945112,0.03135019540786743,-0.022899703355506063,0.019551495370301254,64.92173910140991
1,23,0.0011527164606377482,0.021036529913544655,-0.014624680974520743,0.05479594140860467,64.92173910140991
1,24,0.0011548764305189252,0.004793756175786257,-0.0024404407013207674,0.2409126346707847,64.92173910140991
1,25,0.006177061703056097,0.02298065647482872,-0.011058430653065443,0.26879396198072897,64.92173910140991
1,26,0.004141676239669323,0.002072287956252694,0.0025874602724798024,1.9986007374960044,64.92173910140991
1,27,0.012350470758974552,0.03592381998896599,-0.014592394232749939,0.3437961431279916,64.92173910140991
1,28,0.017229769378900528,0.06658456474542618,-0.032708654180169106,0.25876521750223364,64.92173910140991
1,29,0.002781297778710723,0.015522455796599388,-0.008860544068738818,0.17917897882761966,64.92173910140991
1,30,0.002669674577191472,0.012097039259970188,-0.006403104867786169,0.22068826260694163,64.92173910140991
1,31,0.016067417338490486,0.040968798100948334,-0.014659181237220764,0.392186690429817,64.92173910140991
1,32,0.0011382953962311149,0.009297181852161884,-0.005834590992890298,0.12243445532303869,64.92173910140991
1,33,0.0029233614914119244,0.011545215733349323,-0.005735550308600068,0.25320977612521695,64.92173910140991
1,34,0.01194992009550333,0.14489911496639252,-0.09672441612929106,0.08247062170250308,64.92173910140991
1,35,0.013754555955529213,0.08778513222932816,-0.052084293216466904,0.1566843451285167,64.92173910140991
1,36,0.0024643263313919306,0.011383573524653912,-0.006073353812098503,0.21648090784834378,64.92173910140991
1,37,0.013924970291554928,0.009326735511422157,0.00692991865798831,1.4930165300611817,64.92173910140991
1,38,0.0030665856320410967,0.001985752722248435,0.0015772710903547704,1.5442938066450482,64.92173910140991
1,39,0.04126961529254913,0.15972469747066498,-0.0785239078104496,0.2583796741882721,64.92173910140991
1,40,0.02341838926076889,0.0823303833603859,-0.03832939825952053,0.2844440691837279,64.92173910140991
1,41,0.02005130611360073,0.09417089074850082,-0.05057686194777489,0.21292467294313042,64.92173910140991
1,42,0.0037262309342622757,0.010496811009943485,-0.004146377323195338,0.3549869508346374,64.92173910140991
1,43,0.022416546940803528,0.18906688690185547,-0.11938361823558807,0.11856410875544475,64.92173910140991
1,44,0.0012022238224744797,0.010170233435928822,-0.0064254512544721365,0.11821005190590038,64.92173910140991
1,45,0.0018201385391876101,0.004998504649847746,-0.0019287399481981993,0.36413661011176907,64.92173910140991
1,46,0.011234533041715622,0.06806856393814087,-0.03981688991189003,0.165047305122527,64.92173910140991
1,47,0.002877051942050457,8.661037895763002e-07,0.0028764023642082748,3321.8289249478867,64.92173910140991
1,48,0.0019578328356146812,0.0,0.0019578328356146812,1957832835.6146812,64.92173910140991
1,49,0.0029787064995616674,0.009298215620219707,-0.003994955215603113,0.32035248706901154,64.92173910140991
1,50,0.02172526903450489,0.08440650254487991,-0.041579607874155045,0.257388570539289,64.92173910140991
1,51,0.02862621657550335,0.05697817727923393,-0.0141074163839221,0.5024066746591761,64.92173910140991
1,52,0.036413565278053284,0.14212800562381744,-0.0701824389398098,0.2562026049544101,64.92173910140991
1,53,0.0028971023857593536,0.012803669087588787,-0.006705649429932237,0.22627126378495543,64.92173910140991
1,54,0.027333542704582214,0.10752508044242859,-0.05331026762723923,0.25420620558347795,64.92173910140991
1,55,0.019138280302286148,0.042836353182792664,-0.01298898458480835,0.44677660164421296,64.92173910140991
1,56,0.0004824547213502228,0.005536804441362619,-0.0036701486096717417,0.08713595113797332,64.92173910140991
1,57,0.0019461207557469606,0.007960752584040165,-0.004024443682283163,0.24446441903044544,64.92173910140991
1,58,0.0062118712812662125,0.06301437318325043,-0.04104890860617161,0.0985786411475213,64.92173910140991
1,59,0.010403994470834732,0.09815625846385956,-0.06321319937705994,0.10599420386993881,64.92173910140991
1,60,0.003173156175762415,0.01446610502898693,-0.007676422595977783,0.2193511086214809,64.92173910140991
1,61,0.05462293699383736,0.1961830109357834,-0.09251432120800018,0.278428477231592,64.92173910140991
1,62,0.006086989771574736,0.029991237446665764,-0.016406438313424587,0.2029589403303694,64.92173910140991
1,63,0.004718446172773838,0.037493012845516205,-0.023401313461363316,0.12584867991509702,64.92173910140991
1,64,0.02163240872323513,0.09228262305259705,-0.047579558566212654,0.2344147577022295,64.92173910140991
1,65,0.010157259181141853,0.08843594789505005,-0.05616970174014568,0.11485441636336577,64.92173910140991
1,66,0.0005007834988646209,0.05305134877562523,-0.0392877280828543,0.00943959975406449,64.92173910140991
1,67,0.00906592607498169,0.01709689572453499,-0.003756745718419552,0.5302673783897107,64.92173910140991
1,68,0.017110051587224007,0.07918015122413635,-0.04227506183087826,0.216090160507199,64.92173910140991
1,69,0.019530735909938812,0.1552533507347107,-0.09690927714109421,0.12579912650765376,64.92173910140991
1,70,0.008750110864639282,0.05631893873214722,-0.03348909318447113,0.1553671120491,64.92173910140991
1,71,0.023945853114128113,0.1366073340177536,-0.07850964739918709,0.1752896598570674,64.92173910140991
1,72,0.011021261103451252,0.03673890605568886,-0.01653291843831539,0.2999888207461928,64.92173910140991
1,73,0.10751467198133469,0.3111506998538971,-0.12584835290908813,0.34553890456127334,64.92173910140991
1,74,0.0006938743172213435,0.0,0.0006938743172213435,693874317.2213435,64.92173910140991
1,75,0.004162291996181011,0.017967673018574715,-0.009313462767750025,0.23165448256134455,64.92173910140991
1,76,0.0031039861496537924,0.005203502252697945,-0.0007986405398696661,0.5965186519229235,64.92173910140991
1,77,0.003997107036411762,0.008838783949613571,-0.002631980925798416,0.45222363831331014,64.92173910140991
1,78,0.0048233335837721825,0.01011302787810564,-0.002761437324807048,0.47694257757734376,64.92173910140991
1,79,0.023503050208091736,0.07316207885742188,-0.03136850893497467,0.3212463420233478,64.92173910140991
1,80,0.021302521228790283,0.060254406183958054,-0.023888283409178257,0.3535429618773383,64.92173910140991
1,81,0.01612669602036476,0.05764706805348396,-0.02710860501974821,0.2797487637206968,64.92173910140991
1,82,0.012224201112985611,0.14812719821929932,-0.09887119755148888,0.08252502754291892,64.92173910140991
1,83,0.009685136377811432,0.008403174579143524,0.0033827554434537888,1.152556844492693,64.92173910140991
1,84,0.012841984629631042,0.03156585246324539,-0.010832404717803001,0.4068315482427457,64.92173910140991
1,85,0.009554117918014526,0.07451482117176056,-0.04633199796080589,0.12821768565831443,64.92173910140991
1,86,0.0178025271743536,0.11791026592254639,-0.07063017226755619,0.15098369115626326,64.92173910140991
1,87,0.0019249818287789822,0.09469611197710037,-0.0690971021540463,0.020327992232924596,64.92173910140991
1,88,0.01690319925546646,0.012219096533954144,0.0077388768550008535,1.3833428033826312,64.92173910140991
1,89,0.03326033055782318,0.10796700417995453,-0.047714922577142715,0.3080601412453596,64.92173910140991
1,90,0.0009465799084864557,0.013159631751477718,-0.008923143905121833,0.07193057726012979,64.92173910140991
1,91,0.0014860359951853752,0.0,0.0014860359951853752,1486035995.1853752,64.92173910140991
1,92,0.0,0.005962759722024202,-0.004472069791518152,0.0,64.92173910140991
1,93,0.002003254136070609,0.012740852311253548,-0.007552385097369552,0.15723077914842276,64.92173910140991
1,94,0.004747678991407156,0.017996085807681084,-0.008749385364353657,0.26381731238005857,64.92173910140991
1,95,0.05354221537709236,0.21325792372226715,-0.106401227414608,0.2510678826948118,64.92173910140991
1,96,0.0062011973932385445,0.0,0.0062011973932385445,6201197393.238544,64.92173910140991
1,97,0.0018391857156530023,0.010194046422839165,-0.005806349101476371,0.18041763193779425,64.92173910140991
1,98,0.002843644702807069,0.0077827065251767635,-0.002993385191075504,0.36537992191310376,64.92173910140991
1,99,0.0014652620302513242,0.0075766537338495255,-0.00421722827013582,0.19339171110746617,64.92173910140991
1,100,0.0062193600460886955,0.02686343342065811,-0.013928215019404888,0.2315176898078285,64.92173910140991
1,101,0.0012290809536352754,0.02894815243780613,-0.02048203337471932,0.042458010273140764,64.92173910140991
1,102,0.008329233154654503,0.06510800868272781,-0.04050177335739136,0.1279294717047028,64.92173910140991
1,103,0.00152855203486979,0.22866423428058624,-0.1699696236755699,0.00668470099695377,64.92173910140991
1,104,0.008040395565330982,0.06266006827354431,-0.03895465563982725,0.12831769557131806,64.92173910140991
1,105,0.023515501990914345,0.024629009887576103,0.005043744575232267,0.954788767282998,64.92173910140991
1,106,0.0012771148467436433,0.005235839635133743,-0.002649764879606664,0.24391786905198118,64.92173910140991
1,107,0.007654471788555384,0.015021096915006638,-0.0036113508976995945,0.5095814128193726,64.92173910140991
1,108,0.018878262490034103,0.037538833916187286,-0.009275862947106361,0.5028995448201875,64.92173910140991
1,109,0.0020603700540959835,0.015185062773525715,-0.009328427026048303,0.13568399977591375,64.92173910140991
1,110,0.007633250206708908,0.03615032508969307,-0.019479493610560894,0.21115301695237298,64.92173910140991
1,111,0.00378919648937881,0.01619880273938179,-0.008359905565157533,0.23391830557531085,64.92173910140991
1,112,0.0,0.010053170844912529,-0.007539878133684397,0.0,64.92173910140991
1,113,0.00920415110886097,0.0333436094224453,-0.015803555957973003,0.2760394350825482,64.92173910140991
1,114,0.014006170444190502,0.06281343847513199,-0.03310390841215849,0.22298047653469252,64.92173910140991
1,115,0.008334886282682419,0.04597445949912071,-0.026145958341658115,0.18129383952106135,64.92173910140991
1,116,0.0004323761095292866,0.0035770719405263662,-0.002250427845865488,0.12087431189454584,64.92173910140991
1,117,0.00990696158260107,0.13954570889472961,-0.09475232008844614,0.07099438356792241,64.92173910140991
1,118,0.0035938171204179525,0.006480094511061907,-0.0012662537628784776,0.5545933186203533,64.92173910140991
1,119,0.0074684470891952515,0.04357326030731201,-0.025211498141288757,0.1713997767518575,64.92173910140991
1,120,0.002157708164304495,0.007064553909003735,-0.003140707267448306,0.305427376136104,64.92173910140991
1,121,0.003058764385059476,0.03910299018025398,-0.02626847825013101,0.07822328601677758,64.92173910140991
1,122,0.014673486351966858,0.07056345790624619,-0.03824910707771778,0.2079473822166534,64.92173910140991
1,123,0.004317585378885269,0.033412836492061615,-0.020742041990160942,0.1292193609417699,64.92173910140991
1,124,0.0011991658248007298,0.0454765260219574,-0.03290822869166732,0.026368896872099874,64.92173910140991
1,125,0.03294296935200691,0.11662081629037857,-0.054522642865777016,0.28247932401449233,64.92173910140991
1,126,0.005421521607786417,0.05349982902407646,-0.03470335016027093,0.10133717633462416,64.92173910140991
1,127,0.0030142166651785374,0.010817088186740875,-0.005098599474877119,0.27865323947294635,64.92173910140991
1,128,0.023338081315159798,0.06340200453996658,-0.02421342208981514,0.36809689983981697,64.92173910140991
1,129,0.01998576708137989,0.03430303931236267,-0.005741512402892113,0.5826237989819893,64.92173910140991
1,130,0.038260020315647125,0.04005089029669762,0.008221852593123913,0.955285139263098,64.92173910140991
1,131,0.006986247841268778,0.02866535633802414,-0.014512769412249327,0.24371746015094584,64.92173910140991
1,132,0.001215223572216928,0.001021005678921938,0.00044946931302547455,1.1902221467659604,64.92173910140991
1,133,0.0035893688909709454,0.14466051757335663,-0.10490601928904653,0.024812360353446004,64.92173910140991
1,134,2.7253445296082646e-05,0.0,2.7253445296082646e-05,27253445.296082646,64.92173910140991
1,135,0.003256287192925811,0.027758784592151642,-0.01756280125118792,0.11730654784248616,64.92173910140991
1,136,0.01917143166065216,0.027320872992277145,-0.0013192230835556984,0.7017137287439417,64.92173910140991
1,137,0.0010078445775434375,0.0033442594576627016,-0.0015003500157035887,0.3013655459455449,64.92173910140991
1,138,0.015964504331350327,0.030263831838965416,-0.006733369547873735,0.5275110044151161,64.92173910140991
1,139,0.019591042771935463,0.0926031544804573,-0.049861323088407516,0.21155912972552504,64.92173910140991
1,140,0.0004568850272335112,0.015310119837522507,-0.011025704850908369,0.029842028152119456,64.92173910140991
1,141,0.0008387191337533295,0.00848024059087038,-0.005521461309399456,0.09890275218811259,64.92173910140991
1,142,0.001903753262013197,0.06885766237974167,-0.049739493522793055,0.027647660350224795,64.92173910140991
1,143,0.01759561523795128,0.07870045304298401,-0.04142972454428673,0.2235770514321876,64.92173910140991
1,144,0.0030796676874160767,0.023587055504322052,-0.014610623940825462,0.1305660084075012,64.92173910140991
1,145,0.0037610321305692196,0.16119050979614258,-0.11713185021653771,0.02333283848597823,64.92173910140991
1,146,0.0017159627750515938,0.002570116426795721,-0.000211624545045197,0.6676595489968918,64.92173910140991
1,147,0.0035352325066924095,0.018054718151688576,-0.010005806107074022,0.19580657403759963,64.92173910140991
1,148,0.0011538106482475996,0.007609081920236349,-0.004553000791929662,0.1516359871257799,64.92173910140991
1,149,0.009680032730102539,0.12378235161304474,-0.08315673097968102,0.07820204256811204,64.92173910140991
1,150,0.01463234145194292,0.05620190501213074,-0.027519087307155132,0.2603531223456623,64.92173910140991
1,151,0.0027965835761278868,0.0037428271025419235,-1.053675077855587e-05,0.7471848147838343,64.92173910140991
1,152,0.0044644600711762905,0.018426809459924698,-0.009355647023767233,0.2422806878555662,64.92173910140991
1,153,0.007490186020731926,0.09377403557300568,-0.06284034065902233,0.07987483928662464,64.92173910140991
1,154,0.0032799229957163334,0.019841374829411507,-0.011601108126342297,0.1653072442686326,64.92173910140991
1,155,0.006075404584407806,0.06139358878135681,-0.0399697870016098,0.09895829035089322,64.92173910140991
1,156,0.04312124475836754,0.14788521826267242,-0.06779266893863678,0.2915859019897741,64.92173910140991
1,157,0.01980690285563469,0.08369220048189163,-0.042962247505784035,0.23666366449145543,64.92173910140991
1,158,0.0017874487675726414,0.009344278834760189,-0.0052207603584975,0.19128803827344545,64.92173910140991
1,159,0.021485086530447006,0.06105133891105652,-0.024303417652845383,0.3519183512321643,64.92173910140991
1,160,0.005311948247253895,0.054801635444164276,-0.03578927833586931,0.0969304693939134,64.92173910140991
1,161,0.0018748980946838856,0.014020673930644989,-0.008640607353299856,0.13372382125314225,64.92173910140991
1,162,0.0010701405117288232,0.005200468935072422,-0.0028302111895754933,0.20577769522012201,64.92173910140991
1,163,0.0016041449271142483,0.008022080175578594,-0.004412415204569697,0.19996620475045088,64.92173910140991
1,164,0.005718824453651905,0.030617140233516693,-0.017244030721485615,0.18678506254495653,64.92173910140991
1,165,0.002656386001035571,0.012539856135845184,-0.006748506100848317,0.21183544468508334,64.92173910140991
1,166,0.0056913974694907665,0.018543921411037445,-0.008216543588787317,0.30691445153538566,64.92173910140991
1,167,0.0025590085424482822,0.00812512543052435,-0.0035348355304449797,0.31495003541972255,64.92173910140991
1,168,0.009189628064632416,0.03477427363395691,-0.016891077160835266,0.26426513350359454,64.92173910140991
1,169,0.022450219839811325,0.18908803164958954,-0.11936580389738083,0.11872893087858916,64.92173910140991
1,170,0.002709334949031472,0.013761647045612335,-0.007611900335177779,0.19687577655891278,64.92173910140991
1,171,0.0008022186812013388,0.0,0.0008022186812013388,802218681.2013388,64.92173910140991
1,172,0.010216851718723774,0.08244238048791885,-0.051614933647215366,0.12392717990593477,64.92173910140991
1,173,0.06496639549732208,0.26746901869773865,-0.1356353685259819,0.24289316128420993,64.92173910140991
1,174,0.010959293693304062,0.012002182193100452,0.0019576570484787226,0.9131084261236251,64.92173910140991
1,175,0.021343590691685677,0.14935430884361267,-0.09067214094102383,0.14290575783716705,64.92173910140991
1,176,0.026599667966365814,0.07532554119825363,-0.02989448793232441,0.35312946369682874,64.92173910140991
1,177,0.026500634849071503,0.02175053209066391,0.01018773578107357,1.2183901863820663,64.92173910140991
1,178,0.0024211211130023003,0.03832520917057991,-0.026322785764932632,0.06317306977146742,64.92173910140991
1,179,0.01358774583786726,0.04411649703979492,-0.01949962694197893,0.30799693423760616,64.92173910140991
1,180,0.021549707278609276,0.015419979579746723,0.009984722593799233,1.3975185353368487,64.92173910140991
1,181,0.009635298512876034,0.013893705792725086,-0.0007849808316677809,0.6935009748966825,64.92173910140991
1,182,0.0037977604661136866,0.0783296525478363,-0.05494947894476354,0.04848432672091697,64.92173910140991
1,183,0.057154055684804916,0.2414572834968567,-0.1239389069378376,0.23670462475534412,64.92173910140991
1,184,0.0003055440029129386,0.0007033446454443038,-0.00022196448117028922,0.43441576538271687,64.92173910140991
1,185,0.0,0.0,0.0,0.0,64.92173910140991
1,186,0.07304651290178299,0.2351301908493042,-0.10330113023519516,0.31066411606958677,64.92173910140991
1,187,0.001013665460050106,0.013646119274199009,-0.00922092399559915,0.07428232449150443,64.92173910140991
1,188,0.0034099561162292957,0.050822094082832336,-0.03470661444589496,0.06709593883724048,64.92173910140991
1,189,0.001117717125453055,0.00910518504679203,-0.005711171659640968,0.12275611309229752,64.92173910140991
1,190,0.004976591095328331,0.012521285563707352,-0.004414373077452183,0.39745049097477747,64.92173910140991
1,191,0.0002812521706800908,0.004931471776217222,-0.003417351661482826,0.05703209576894272,64.92173910140991
1,192,0.003342241048812866,0.01790766231715679,-0.010088505689054728,0.18663748452661677,64.92173910140991
1,193,0.0005101194838061929,0.002114386297762394,-0.0010756702395156026,0.24126125112746866,64.92173910140991
1,194,0.001520710182376206,0.009655546396970749,-0.005720949615351856,0.1574960255688694,64.92173910140991
1,195,0.0034169096034020185,0.01169869489967823,-0.005357111571356654,0.29207613604863936,64.92173910140991
1,196,0.020182281732559204,0.04427434504032135,-0.013023477047681808,0.4558459693468765,64.92173910140991
1,197,0.0025929228868335485,0.008442714810371399,-0.0037391132209450006,0.30711956340644947,64.92173910140991
1,198,0.01426665298640728,0.05994005873799324,-0.03068839106708765,0.2380153320925308,64.92173910140991
1,199,0.00620841421186924,0.015249027870595455,-0.005228356691077352,0.4071350819309424,64.92173910140991
1,200,0.0025317645631730556,0.02147267758846283,-0.013572743628174067,0.11790632782636548,64.92173910140991
1,201,0.02739654667675495,0.08425622433423996,-0.03579562157392502,0.3251575405010928,64.92173910140991
1,202,0.007976599037647247,0.016820650547742844,-0.004638888873159885,0.4742146574255661,64.92173910140991
1,203,0.0003865079488605261,0.004851409234106541,-0.0032520489767193794,0.07966921158982335,64.92173910140991
1,204,0.003110090969130397,0.07579556852579117,-0.05373658542521298,0.0410326227453665,64.92173910140991
1,205,0.01833982765674591,0.141277015209198,-0.08761793375015259,0.12981465972691403,64.92173910140991
1,206,0.017882604151964188,0.07931430637836456,-0.041603125631809235,0.2254650512409544,64.92173910140991
1,207,0.0005461436812765896,0.01905229687690735,-0.013743078976403922,0.02866550341811473,64.92173910140991
1,208,0.05904262885451317,0.2949703335762024,-0.16218512132763863,0.20016463397686055,64.92173910140991
1,209,0.01319962553679943,0.0627654418349266,-0.03387445583939552,0.2103008463049492,64.92173910140991
1,210,0.004076552577316761,0.02195408008992672,-0.012389007490128279,0.18568541976858038,64.92173910140991
1,211,0.001339323935098946,0.0,0.001339323935098946,1339323935.098946,64.92173910140991
1,212,0.0025978798512369394,0.010091830976307392,-0.004970993380993605,0.2574240350515741,64.92173910140991
1,213,0.0010185639839619398,0.0075482954271137714,-0.004642657586373389,0.1349396024125233,64.92173910140991
1,214,0.0018304490949958563,0.0036845318973064423,-0.0009329498279839754,0.49679284791568873,64.92173910140991
1,215,0.006310420110821724,0.08784065395593643,-0.0595700703561306,0.07183940267470441,64.92173910140991
1,216,0.004354166332632303,0.016717147082090378,-0.00818369397893548,0.260461088904135,64.92173910140991
1,217,0.00047993590123951435,0.0,0.00047993590123951435,479935901.23951435,64.92173910140991
1,218,0.0009069502120837569,0.029540488496422768,-0.02124841616023332,0.0307019368404447,64.92173910140991
1,219,0.03558507189154625,0.12776021659374237,-0.06023509055376053,0.2785301468642834,64.92173910140991
1,220,0.014204886741936207,0.060118645429611206,-0.030884097330272198,0.23628088491001437,64.92173910140991
1,221,0.015808245167136192,0.0783727690577507,-0.042971331626176834,0.2017058393749726,64.92173910140991
1,222,0.046872224658727646,0.20393593609333038,-0.10607972741127014,0.22983798518495013,64.92173910140991
1,223,0.0011992299696430564,0.02907780557870865,-0.02060912421438843,0.041242107020617626,64.92173910140991
1,224,0.0007369822706095874,0.007482684217393398,-0.004875030892435461,0.09849169751116724,64.92173910140991
1,225,0.0017379072960466146,0.005963838659226894,-0.002734971698373556,0.291407496925897,64.92173910140991
1,226,0.0,0.0010223391000181437,-0.0007667543250136077,0.0,64.92173910140991
1,227,0.004351195879280567,0.03275972604751587,-0.020218598656356335,0.13282149773891933,64.92173910140991
1,228,0.011645982041954994,0.0373881570994854,-0.016395135782659054,0.3114885285908836,64.92173910140991
1,229,0.0009967770893126726,0.02779902145266533,-0.019852489000186324,0.035856553115514306,64.92173910140991
1,230,0.07249251753091812,0.24831177294254303,-0.11374131217598915,0.29194152444556165,64.92173910140991
1,231,0.003202613443136215,0.013586347922682762,-0.006987147498875856,0.23572290810789892,64.92173910140991
1,232,0.0204238910228014,0.011729322373867035,0.011626899242401123,1.7412677706398982,64.92173910140991
1,233,0.007727582007646561,0.058737993240356445,-0.03632591292262077,0.1315601977734183,64.92173910140991
1,234,0.0019989078864455223,0.0,0.0019989078864455223,1998907886.4455223,64.92173910140991
1,235,0.0017062948318198323,0.008081706240773201,-0.004354984848760068,0.21113051882537312,64.92173910140991
1,236,0.005994066130369902,0.05433041602373123,-0.03475374588742852,0.11032615924828185,64.92173910140991
1,237,0.01687530055642128,0.012404867447912693,0.00757164997048676,1.3603773378409156,64.92173910140991
1,238,0.0008537157555110753,0.002338261576369405,-0.0008999804267659783,0.3651070366864276,64.92173910140991
1,239,0.006629768293350935,0.018077576532959938,-0.0069284141063690186,0.3667398824669043,64.92173910140991
1,240,0.0024278301279991865,0.016057811677455902,-0.00961552863009274,0.15119308761457861,64.92173910140991
1,241,0.00673338957130909,2.8890303838124964e-07,0.006733172894030304,23306.66476327836,64.92173910140991
1,242,0.04765457287430763,0.19250430166721344,-0.09672365337610245,0.24755069087464665,64.92173910140991
1,243,0.0005375728942453861,0.02705097384750843,-0.019750657491385937,0.019872589329164855,64.92173910140991
1,244,0.008151282556355,0.008415046148002148,0.0018399979453533888,0.9686557164420987,64.92173910140991
1,245,0.0,0.0,0.0,0.0,64.92173910140991
1,246,0.0022459183819592,0.022371122613549232,-0.014532423578202724,0.10039363784536005,64.92173910140991
1,247,0.0007839092286303639,0.006527399644255638,-0.004111640504561365,0.12009517897378,64.92173910140991
1,248,0.0036277268081903458,0.017890987917780876,-0.009790514130145311,0.20276838957462925,64.92173910140991
1,249,0.018489645794034004,0.07226695865392685,-0.03571057319641113,0.25585199845370077,64.92173910140991
1,250,0.013573890551924706,0.06158047914505005,-0.03261146880686283,0.220425218188569,64.92173910140991
1,251,0.0,0.12131109088659286,-0.09098331816494465,0.0,64.92173910140991
1,252,0.017563611268997192,0.08038821071386337,-0.04272754676640034,0.21848491355648209,64.92173910140991
1,253,0.013997269794344902,0.06980612128973007,-0.03835732117295265,0.20051636640931192,64.92173910140991
1,254,0.0072077373042702675,0.0205916166305542,-0.008235975168645382,0.3500326095438893,64.92173910140991
1,255,0.004489648621529341,0.013425263576209545,-0.005579299060627818,0.3344179125950925,64.92173910140991
2,0,0.04457247257232666,0.2628571093082428,-0.15257035940885544,0.16956921077561043,64.94238758087158
2,1,0.006193954963237047,0.036663252860307693,-0.021303484681993723,0.16894177357006404,64.94238758087158
2,2,0.0,0.00995341595262289,-0.007465061964467168,0.0,64.94238758087158
2,3,0.008665742352604866,0.1091792955994606,-0.07321872934699059,0.07937166387587782,64.94238758087158
2,4,0.0006283193361014128,0.012346697971224785,-0.008631704142317176,0.0508896660074527,64.94238758087158
2,5,0.02185971848666668,0.141550213098526,-0.08430294133722782,0.15443084124003964,64.94238758087158
2,6,0.02276436612010002,0.037615422159433365,-0.005447200499475002,0.6051870433091998,64.94238758087158
2,7,0.035824570804834366,0.03189856931567192,0.011900643818080425,1.1230776668755016,64.94238758087158
2,8,0.010162373073399067,0.08661430329084396,-0.054798354394733906,0.11732904020664224,64.94238758087158
2,9,0.015026982873678207,0.05125183239579201,-0.023411891423165798,0.29319893886601384,64.94238758087158
2,10,0.006936819292604923,7.97601205704268e-06,0.006930837283562141,869.71012246273,64.94238758087158
2,11,0.004388793837279081,0.03857504203915596,-0.02454248769208789,0.11377288539855439,64.94238758087158
2,12,0.0017815486062318087,0.02484309859573841,-0.016850775340572,0.07171201286725577,64.94238758087158
2,13,0.0010954368626698852,0.0,0.0010954368626698852,1095436862.6698852,64.94238758087158
2,14,0.0676317885518074,0.23178349435329437,-0.10620583221316338,0.2917886311974757,64.94238758087158
2,15,0.0013763579772785306,0.062215860933065414,-0.04528553772252053,0.022122300593688728,64.94238758087158
2,16,0.0015886203618720174,0.020036611706018448,-0.013438838417641819,0.07928587852583646,64.94238758087158
2,17,0.0007267550681717694,0.008494018577039242,-0.005643758864607662,0.0855608051118171,64.94238758087158
2,18,0.005199989769607782,0.019357487559318542,-0.009318125899881124,0.2686293742100802,64.94238758087158
2,19,0.0005816260236315429,0.010091481730341911,-0.0069869852741248906,0.05763534425525848,64.94238758087158
2,20,0.010592729784548283,0.03624166175723076,-0.016588516533374786,0.29228046592379536,64.94238758087158
2,21,0.001399808214046061,0.0,0.001399808214046061,1399808214.046061,64.94238758087158
2,22,0.00966891460120678,0.04287498816847801,-0.02248732652515173,0.22551410540306385,64.94238758087158
2,23,0.024668535217642784,0.10344897210597992,-0.052918193861842155,0.23846090217438076,64.94238758087158
2,24,0.0,0.0033275592140853405,-0.0024956694105640054,0.0,64.94238758087158
2,25,0.0011490125907585025,0.01693790592253208,-0.011554416851140559,0.06783675596888057,64.94238758087158
2,26,0.025580016896128654,0.08880198746919632,-0.041021473705768585,0.28805680621409296,64.94238758087158
2,27,0.009097435511648655,0.04683474078774452,-0.026028620079159737,0.19424545451599853,64.94238758087158
2,28,0.006145116873085499,0.06155841425061226,-0.040023693814873695,0.09982578251558119,64.94238758087158
2,29,0.0025413839612156153,0.003270801156759262,8.828309364616871e-05,0.7769912748094565,64.94238758087158
2,30,0.001625490258447826,0.0,0.001625490258447826,1625490258.447826,64.94238758087158
2,31,0.0030326589476317167,0.0,0.0030326589476317167,3032658947.6317167,64.94238758087158
2,32,0.055516451597213745,0.18561334908008575,-0.08369356021285057,0.29909730023222203,64.94238758087158
2,33,0.11904504150152206,0.4344286322593689,-0.2067764326930046,0.2740266931351202,64.94238758087158
2,34,0.0005452734185382724,0.0,0.0005452734185382724,545273418.5382724,64.94238758087158
2,35,0.02098335698246956,0.06094459071755409,-0.02472508605569601,0.34430220525020844,64.94238758087158
2,36,0.02092212624847889,0.07400453090667725,-0.034581271931529045,0.28271412563346743,64.94238758087158
2,37,0.009065118618309498,0.04511022940278053,-0.024767553433775902,0.2009548330416999,64.94238758087158
2,38,0.013910151086747646,0.04899933189153671,-0.022839347831904888,0.2838845051449846,64.94238758087158
2,39,0.0005448983865790069,0.009884174913167953,-0.006868232798296958,0.05512836340016108,64.94238758087158
2,40,0.01037062518298626,0.06506641209125519,-0.03842918388545513,0.15938523194243667,64.94238758087158
2,41,0.004021156579256058,0.01244158111512661,-0.0053100292570889,0.32320301911176613,64.94238758087158
2,42,0.01987498812377453,0.05232983082532883,-0.01937238499522209,0.37980226211193446,64.94238758087158
2,43,0.008889339864253998,0.03806227445602417,-0.01965736597776413,0.2335472588294976,64.94238758087158
2,44,0.0005938801914453506,0.003989383112639189,-0.002398157143034041,0.14886516900694508,64.94238758087158
2,45,0.025021687150001526,0.17778314650058746,-0.10831567272543907,0.1407427399187026,64.94238758087158
2,46,0.0020535732619464397,0.06652654707431793,-0.04784133704379201,0.030868478107265805,64.94238758087158
2,47,0.0035651486832648516,0.017286201938986778,-0.009399502770975232,0.20624245254348675,64.94238758087158
2,48,0.0037509810645133257,0.007689958438277245,-0.0020164877641946077,0.4877765067434966,64.94238758087158
2,49,0.0003325939178466797,0.0,0.0003325939178466797,332593917.8466797,64.94238758087158
2,50,0.030112210661172867,0.0957212746143341,-0.04167874529957771,0.3145822157318936,64.94238758087158
2,51,0.00473982747644186,0.023574013262987137,-0.012940682470798492,0.2010615427829025,64.94238758087158
2,52,0.009638937190175056,0.0746195912361145,-0.04632575623691082,0.12917434993105154,64.94238758087158
2,53,0.022977031767368317,0.021107980981469154,0.007146046031266451,1.0885471133620723,64.94238758087158
2,54,0.002513825660571456,0.07783624529838562,-0.05586335831321776,0.03229633766251695,64.94238758087158
2,55,0.008430673740804195,0.04369096830487251,-0.02433755248785019,0.192961476197611,64.94238758087158
2,56,0.0010106827830895782,0.008050229400396347,-0.005026989267207682,0.1255470785608011,64.94238758087158
2,57,0.00999179296195507,0.03081863559782505,-0.013122183736413717,0.32421269688967036,64.94238758087158
2,58,0.01752767525613308,0.041184909641742706,-0.01336100697517395,0.4255848903925342,64.94238758087158
2,59,0.0,0.0,0.0,0.0,64.94238758087158
2,60,0.05166393145918846,0.22213128209114075,-0.1149345301091671,0.23258287159103552,64.94238758087158
2,61,0.01897524669766426,0.13393522799015045,-0.08147617429494858,0.14167480044098643,64.94238758087158
2,62,0.0,0.0,0.0,0.0,64.94238758087158
2,63,0.004243701696395874,0.01199054904282093,-0.004749210085719824,0.35392054866601574,64.94238758087158
2,64,0.008768919855356216,0.03255096450448036,-0.015644303523004055,0.2693904770127429,64.94238758087158
2,65,0.01778578758239746,0.014864600263535976,0.006637337384745479,1.1965197358741537,64.94238758087158
2,66,0.0012701906962320209,0.0034950566478073597,-0.001351101789623499,0.3634249237892771,64.94238758087158
2,67,0.001828687614761293,0.2112988829612732,-0.1566454746061936,0.008654506777907576,64.94238758087158
2,68,0.10839760303497314,0.10657309740781784,0.028467779979109764,1.0171197578987166,64.94238758087158
2,69,0.05265926197171211,0.16358418762683868,-0.0700288787484169,0.3219092427901056,64.94238758087158
2,70,0.020246196538209915,0.09743678569793701,-0.052831392735242844,0.20778801756419998,64.94238758087158
2,71,0.011109836399555206,0.024733442813158035,-0.00744024571031332,0.4491827718054545,64.94238758087158
2,72,0.002067124005407095,0.010275772772729397,-0.005639705574139953,0.20116482243474829,64.94238758087158
2,73,0.0022159116342663765,0.015716655179858208,-0.00957157975062728,0.14099129927881873,64.94238758087158
2,74,0.0054400162771344185,0.012752741575241089,-0.004124539904296398,0.42657621850264765,64.94238758087158
2,75,0.00923468079417944,0.032443635165691376,-0.015098045580089092,0.2846376722809511,64.94238758087158
2,76,0.0051905084401369095,0.01638166606426239,-0.007095741108059883,0.31684862940427494,64.94238758087158
2,77,0.009904462844133377,0.049214497208595276,-0.02700641006231308,0.20125092006837203,64.94238758087158
2,78,0.01615959405899048,0.13638699054718018,-0.08613064885139465,0.11848339782291718,64.94238758087158
2,79,0.01334697287529707,0.024368496611714363,-0.004929399583488703,0.547714251207981,64.94238758087158
2,80,0.005582279525697231,0.018991196528077126,-0.008661117870360613,0.2939403800676956,64.94238758087158
2,81,0.0003369866462890059,0.0,0.0003369866462890059,336986646.2890059,64.94238758087158
2,82,0.021369947120547295,0.06252879649400711,-0.02552665024995804,0.3417616893082801,64.94238758087158
2,83,0.019435036927461624,0.07848582416772842,-0.039429331198334694,0.2476248052856052,64.94238758087158
2,84,0.005278835538774729,0.14698228240013123,-0.10495787626132369,0.03591477457376931,64.94238758087158
2,85,0.0037405278999358416,0.0447036437690258,-0.02978720492683351,0.08367389287501212,64.94238758087158
2,86,0.011685799807310104,0.015382679179310799,0.00014879042282700539,0.7596725947627804,64.94238758087158
2,87,0.0011364497477188706,0.001571094966493547,-4.187147715128958e-05,0.7233488562005329,64.94238758087158
2,88,0.012120865285396576,0.03678933158516884,-0.015471133403480053,0.3294668525576987,64.94238758087158
2,89,0.0026022540405392647,0.12493734806776047,-0.09110075701028109,0.02082847187621662,64.94238758087158
2,90,0.0020866862032562494,0.0051738424226641655,-0.0017936956137418747,0.4033146030331627,64.94238758087158
2,91,0.0010035845916718245,0.0017758874455466866,-0.00032833099248819053,0.5651172283600243,64.94238758087158
2,92,0.018259331583976746,0.1532784104347229,-0.09669947624206543,0.11912526710102968,64.94238758087158
2,93,0.05970952287316322,0.16977065801620483,-0.0676184706389904,0.3517069649757272,64.94238758087158
2,94,0.019833115860819817,0.12245555967092514,-0.07200855389237404,0.16196174280657727,64.94238758087158
2,95,0.02972531132400036,0.06261715292930603,-0.017237553372979164,0.4747151528445431,64.94238758087158
2,96,0.012696038000285625,0.07948756217956543,-0.04691963363438845,0.15972358004193243,64.94238758087158
2,97,0.004938215482980013,0.01641625165939331,-0.00737397326156497,0.3008126084527691,64.94238758087158
2,98,0.0,0.00019778708519879729,-0.00014834031389909796,0.0,64.94238758087158
2,99,0.04234956577420235,0.31123462319374084,-0.1910764016211033,0.13606958422393786,64.94238758087158
2,100,0.028346508741378784,0.13360966742038727,-0.07186074182391167,0.21215911459443748,64.94238758087158
2,101,0.002653574338182807,0.008690883405506611,-0.003864588215947151,0.30532849355638036,64.94238758087158
2,102,0.030723778530955315,0.29653406143188477,-0.19167676754295826,0.10360961025015031,64.94238758087158
2,103,0.03401336446404457,0.09834818542003632,-0.039747774600982666,0.34584638565958975,64.94238758087158
2,104,0.024529138579964638,0.1210564449429512,-0.06626319512724876,0.20262563130217115,64.94238758087158
2,105,0.005869677755981684,0.0014065118739381433,0.004814793850528076,4.173215925560405,64.94238758087158
2,106,0.008445209823548794,0.012447141110897064,-0.0008901460096240044,0.6784859067337803,64.94238758087158
2,107,0.0,0.002261563204228878,-0.0016961724031716585,0.0,64.94238758087158
2,108,0.025098314508795738,0.09070812165737152,-0.0429327767342329,0.27669313452793115,64.94238758087158
2,109,0.00797608308494091,0.04009324312210083,-0.022093849256634712,0.19893833632892796,64.94238758087158
2,110,0.0037791579961776733,0.019242724403738976,-0.010652885306626558,0.19639412365366343,64.94238758087158
2,111,0.005961292888969183,0.032761238515377045,-0.0186096359975636,0.18196176820327434,64.94238758087158
2,112,0.022928988561034203,0.08470036834478378,-0.040596287697553635,0.2707070702151859,64.94238758087158
2,113,0.0034297117963433266,0.013107786886394024,-0.006401128368452191,0.26165452839653175,64.94238758087158
2,114,0.12505312263965607,0.3627763092517853,-0.1470291092991829,0.3447113812289162,64.94238758087158
2,115,0.017324522137641907,0.06981926411390305,-0.03503992594778538,0.24813384038437544,64.94238758087158
2,116,0.0031284866854548454,0.0,0.0031284866854548454,3128486685.4548454,64.94238758087158
2,117,0.013437014073133469,0.05041810870170593,-0.02437656745314598,0.26651166453636344,64.94238758087158
2,118,0.04394673928618431,0.09502550214529037,-0.02732238732278347,0.46247310767723115,64.94238758087158
2,119,0.009281974285840988,0.053514424711465836,-0.03085384424775839,0.1734480812549745,64.94238758087158
2,120,0.012418210506439209,0.18304845690727234,-0.12486813217401505,0.06784111003275005,64.94238758087158
2,121,0.011687393300235271,0.21175643801689148,-0.14712993521243334,0.0551926232308828,64.94238758087158
2,122,0.001192182069644332,0.005146248731762171,-0.002667504479177296,0.23166040577375013,64.94238758087158
2,123,0.0016137377824634314,0.026726072654128075,-0.018430816708132625,0.06038065537301437,64.94238758087158
2,124,0.006129004992544651,0.02215774543583393,-0.010489304084330797,0.27660778981403494,64.94238758087158
2,125,0.01409473828971386,0.043309200555086136,-0.018387162126600742,0.3254444346406473,64.94238758087158
2,126,0.000766051176469773,0.015887584537267685,-0.01114963722648099,0.04821696933379781,64.94238758087158
2,127,0.005083143711090088,0.016761548817157745,-0.007488017901778221,0.30326217262115607,64.94238758087158
2,128,0.05973697453737259,0.27412837743759155,-0.14585930854082108,0.21791605486285154,64.94238758087158
2,129,0.0009589765686541796,0.002261693589389324,-0.0007372936233878136,0.4240081736664881,64.94238758087158
2,130,0.003947813529521227,0.1157030314207077,-0.08282946003600955,0.0341202255551323,64.94238758087158
2,131,0.004890702199190855,0.019463958218693733,-0.009707266464829445,0.2512696618020079,64.94238758087158
2,132,0.12410181015729904,0.46041715145111084,-0.2212110534310341,0.26954210929348316,64.94238758087158
2,133,0.008325396105647087,0.04143843799829483,-0.022753432393074036,0.20090998859051498,64.94238758087158
2,134,0.0030805724672973156,0.0774100050330162,-0.05497693130746484,0.03979553374197072,64.94238758087158
2,135,0.003167941467836499,0.005334483925253153,-0.0008329214761033654,0.5938609079400873,64.94238758087158
2,136,0.0004987834836356342,0.0010317490668967366,-0.0002750283165369183,0.48343487690512293,64.94238758087158
2,137,0.028123319149017334,0.10156093537807465,-0.04804738238453865,0.27691079295447085,64.94238758087158
2,138,0.013900955207645893,0.029703008010983467,-0.008376300800591707,0.46799823108951294,64.94238758087158
2,139,0.005669197998940945,0.12304229289293289,-0.08661252167075872,0.04607519793074734,64.94238758087158
2,140,0.013962979428470135,0.08338107168674469,-0.04857282433658838,0.16745982206561644,64.94238758087158
2,141,0.008578317239880562,0.01940307207405567,-0.005973986815661192,0.44211129076352457,64.94238758087158
2,142,0.0004912333097308874,0.006281523499637842,-0.004219909314997494,0.07820289292573789,64.94238758087158
2,143,0.010273530147969723,0.5782964825630188,-0.4234488317742944,0.017765161050988097,64.94238758087158
2,144,0.0037754520308226347,0.02048940770328045,-0.011591603746637702,0.18426360026180277,64.94238758087158
2,145,0.01277187280356884,0.022288454696536064,-0.003944468218833208,0.5730263931209525,64.94238758087158
2,146,0.057704728096723557,0.07176978141069412,0.0038773920387029648,0.8040254123906413,64.94238758087158
2,147,0.012058235704898834,0.006722637917846441,0.007016257266514003,1.7936762102112358,64.94238758087158
2,148,0.002580469474196434,0.01664815843105316,-0.009905649349093437,0.15500029536168905,64.94238758087158
2,149,0.03395126760005951,0.11830560863018036,-0.05477793887257576,0.2869793578925166,64.94238758087158
2,150,0.0447407066822052,0.27001476287841797,-0.15777036547660828,0.16569726116118072,64.94238758087158
2,151,0.006113652605563402,0.026131777092814445,-0.013485180214047432,0.23395472047748878,64.94238758087158
2,152,0.025780780240893364,0.13892723619937897,-0.07841464690864086,0.18557038163279202,64.94238758087158
2,153,0.004650317598134279,0.015686707571148872,-0.007114713080227375,0.29644956258321115,64.94238758087158
2,154,0.006273376289755106,0.022524885833263397,-0.010620288085192442,0.27850868305900367,64.94238758087158
2,155,0.00028933139401488006,0.001448513474315405,-0.0007970537117216736,0.19974366752223685,64.94238758087158
2,156,0.0037178085185587406,0.10579321533441544,-0.07562710298225284,0.03514222066860807,64.94238758087158
2,157,0.00401431554928422,0.07196095585823059,-0.04995640134438872,0.055784633505105034,64.94238758087158
2,158,0.010256340727210045,0.03973905369639397,-0.01954794954508543,0.2580922234663741,64.94238758087158
2,159,0.023178445175290108,0.06638862192630768,-0.02661302126944065,0.3491327956870287,64.94238758087158
2,160,0.0028729683253914118,0.003667946206405759,0.00012200867058709264,0.7832634839602477,64.94238758087158
2,161,0.022302022203803062,0.0952436774969101,-0.04913073591887951,0.23415750829541865,64.94238758087158
2,162,0.027487166225910187,0.026830345392227173,0.007364407181739807,1.0244805209570211,64.94238758087158
2,163,0.002311870688572526,0.019946221262216568,-0.0126477952580899,0.11590519618048743,64.94238758087158
2,164,0.002879417734220624,0.016823312267661095,-0.009738066466525197,0.17115641011933652,64.94238758087158
2,165,0.010649967938661575,0.03411216661334038,-0.014934157021343708,0.3122043832356414,64.94238758087158
2,166,0.0028032835107296705,0.015311958268284798,-0.008680685190483928,0.18307805320714268,64.94238758087158
2,167,0.007689770311117172,0.03504156321287155,-0.01859140209853649,0.21944712523764068,64.94238758087158
2,168,0.030598288401961327,0.14646334946155548,-0.07924922369420528,0.2089143018662428,64.94238758087158
2,169,0.012545684352517128,0.0408475436270237,-0.018089973367750645,0.307134364474002,64.94238758087158
2,170,0.027153998613357544,0.012022936716675758,0.018136796075850725,2.25851630520824,64.94238758087158
2,171,0.010666398331522942,0.019978037104010582,-0.004317129496484995,0.5339062228915252,64.94238758087158
2,172,0.014193174429237843,0.09459904581308365,-0.056756109930574894,0.1500350696679522,64.94238758087158
2,173,0.006114352960139513,0.016649361699819565,-0.006372668314725161,0.36724248472771986,64.94238758087158
2,174,0.003380224108695984,0.00017599154671188444,0.0032482304486620706,19.206741190944836,64.94238758087158
2,175,0.025437897071242332,0.1155637800693512,-0.061234937980771065,0.2201199809815552,64.94238758087158
2,176,0.0045693181455135345,0.036275994032621384,-0.022637677378952503,0.1259598328657401,64.94238758087158
2,177,0.0020175629761070013,0.40395909547805786,-0.3009517586324364,0.004994473447155237,64.94238758087158
2,178,0.0020108495373278856,0.002077448181807995,0.0004527634009718895,0.9679420906710218,64.94238758087158
2,179,0.0022622409742325544,0.0,0.0022622409742325544,2262240974.2325544,64.94238758087158
2,180,0.001048745703883469,0.0,0.001048745703883469,1048745703.8834691,64.94238758087158
2,181,0.013286401517689228,0.13338220119476318,-0.08675024937838316,0.0996115028735278,64.94238758087158
2,182,0.0026915858034044504,0.005803918000310659,-0.0016613526968285441,0.46375324441121113,64.94238758087158
2,183,0.002158490940928459,0.019302470609545708,-0.012318362016230822,0.1118245940884474,64.94238758087158
2,184,0.014263509772717953,0.14958122372627258,-0.09792240802198648,0.09535628481502616,64.94238758087158
2,185,0.010565719567239285,0.03555034473538399,-0.016097038984298706,0.29720441941103887,64.94238758087158
2,186,0.0032770847901701927,0.011246779933571815,-0.005158000160008669,0.29137982686908126,64.94238758087158
2,187,0.0016158820362761617,0.030104495584964752,-0.020962489652447402,0.05367577183487222,64.94238758087158
2,188,0.0026539338286966085,0.051807668060064316,-0.03620181721635163,0.051226660608782615,64.94238758087158
2,189,0.018648535013198853,0.06706760823726654,-0.03165217116475105,0.2780557634759759,64.94238758087158
2,190,0.007343472447246313,0.007626436650753021,0.0016236449591815472,0.9628969311058703,64.94238758087158
2,191,0.0012132691917940974,0.0,0.0012132691917940974,1213269191.7940974,64.94238758087158
2,192,0.022345958277583122,0.0782768577337265,-0.036361685022711754,0.2854733688124227,64.94238758087158
2,193,0.0009307011496275663,0.0023122394923120737,-0.0008034784696064889,0.4025107054522372,64.94238758087158
2,194,0.0027548002544790506,0.032960981130599976,-0.02196593559347093,0.08357761692469767,64.94238758087158
2,195,0.01808479242026806,0.06407923251390457,-0.02997463196516037,0.2822254841467024,64.94238758087158
2,196,0.012744320556521416,0.11526748538017273,-0.07370629347860813,0.11056301362329377,64.94238758087158
2,197,0.028276443481445312,0.09120013564825058,-0.04012365825474262,0.31004826122402446,64.94238758087158
2,198,0.053042490035295486,0.04509494826197624,0.019221278838813305,1.1762401794092825,64.94238758087158
2,199,0.0016330701764672995,0.0023507126607000828,-0.00012996431905776262,0.694712800536936,64.94238758087158
2,200,0.0013016581069678068,0.009346864186227322,-0.005708490032702684,0.13926147645822742,64.94238758087158
2,201,0.004376303404569626,0.012187130749225616,-0.0047640446573495865,0.3590921845561236,64.94238758087158
2,202,0.0006304036360234022,0.0023409551940858364,-0.001125312759540975,0.269293336902284,64.94238758087158
2,203,0.0017840963555499911,0.04458269476890564,-0.03165292472112924,0.040017687687068614,64.94238758087158
2,204,0.005481581203639507,0.032708242535591125,-0.019049600698053837,0.16759020902780677,64.94238758087158
2,205,0.0006873460952192545,0.0007700097630731761,0.00010983877291437238,0.8926459472193577,64.94238758087158
2,206,0.005761686712503433,0.019805174320936203,-0.009092194028198719,0.2909182529194803,64.94238758087158
2,207,0.006091803312301636,0.023671578615903854,-0.011661880649626255,0.25734672836527617,64.94238758087158
2,208,7.517862286476884e-06,0.0,7.517862286476884e-06,7517862.286476884,64.94238758087158
2,209,0.00010197354276897386,0.009508684277534485,-0.00702953966538189,0.010724253722376237,64.94238758087158
2,210,0.0027255809400230646,0.0064590005204081535,-0.0021186694502830505,0.42198184239019837,64.94238758087158
2,211,0.0,0.0,0.0,0.0,64.94238758087158
2,212,0.05451393499970436,0.22998996078968048,-0.117978535592556,0.2370274546432,64.94238758087158
2,213,0.029266761615872383,0.11100509017705917,-0.053987056016922,0.26365242863121546,64.94238758087158
2,214,0.0,0.0,0.0,0.0,64.94238758087158
2,215,0.002717751543968916,0.0030455433297902346,0.00043359404662624,0.892370013748494,64.94238758087158
2,216,0.01642652042210102,0.31376194953918457,-0.2188949417322874,0.05235344963330941,64.94238758087158
2,217,0.0016587931895628572,0.012914551421999931,-0.008027120376937091,0.1284437325952073,64.94238758087158
2,218,0.005195810459554195,0.01060479786247015,-0.002757787937298417,0.4899490331118861,64.94238758087158
2,219,0.018390147015452385,0.06097167357802391,-0.027338608168065548,0.30161788148421675,64.94238758087158
2,220,0.03697095066308975,0.0851486325263977,-0.026890523731708527,0.43419312284544154,64.94238758087158
2,221,0.052894894033670425,0.2523348927497864,-0.13635627552866936,0.20962179846411902,64.94238758087158
2,222,0.01817373000085354,0.06536304205656052,-0.03084855154156685,0.27804290358532036,64.94238758087158
2,223,0.0484347864985466,0.19684189558029175,-0.09919663518667221,0.2460593379042319,64.94238758087158
2,224,0.021311603486537933,0.0900130420923233,-0.046198178082704544,0.23676128470852686,64.94238758087158
2,225,0.0016967112896963954,0.039186425507068634,-0.02769310784060508,0.04329844500226325,64.94238758087158
2,226,0.001261891913600266,0.00627968180924654,-0.003447869443334639,0.20094838428616563,64.94238758087158
2,227,0.015460493974387646,0.14005371928215027,-0.08957979548722506,0.11038974226118736,64.94238758087158
2,228,0.04517406225204468,0.09490207582712173,-0.026002494618296623,0.4760071037208917,64.94238758087158
2,229,0.04801451042294502,0.2133113592863083,-0.1119690090417862,0.2250912027534101,64.94238758087158
2,230,0.008127192966639996,0.02814367040991783,-0.012980559840798378,0.28877516144757004,64.94238758087158
2,231,0.0019849457312375307,0.07574287056922913,-0.054822207195684314,0.02620637053090139,64.94238758087158
2,232,0.0008630312513560057,0.005805123131722212,-0.003490811097435653,0.14866717408478156,64.94238758087158
2,233,4.495461212172813e-07,0.0019598526414483786,-0.0014694399349650666,0.00022937751108454682,64.94238758087158
2,234,0.025619205087423325,0.10702604800462723,-0.054650330916047096,0.23937355031623997,64.94238758087158
2,235,0.014276508241891861,0.1397182196378708,-0.09051215648651123,0.10218071972855296,64.94238758087158
2,236,0.005536911077797413,0.02019895426928997,-0.009612304624170065,0.2741186995973097,64.94238758087158
2,237,0.024920377880334854,0.02590888924896717,0.005488710943609476,0.9618466326327143,64.94238758087158
2,238,0.0020248820073902607,0.004209110047668219,-0.0011319505283609033,0.48107129155032247,64.94238758087158
2,239,0.00014581567666027695,0.0013230789918452501,-0.0008464935672236606,0.1102093506501103,64.94238758087158
2,240,0.020898133516311646,0.07642083615064621,-0.03641749359667301,0.27346119944097824,64.94238758087158
2,241,0.001347632729448378,0.003036548849195242,-0.0009297789074480534,0.443804067028834,64.94238758087158
2,242,0.020722024142742157,0.08675974607467651,-0.04434778541326523,0.23884376199841909,64.94238758087158
2,243,0.010637549683451653,0.10762377828359604,-0.07008028402924538,0.09884014344229895,64.94238758087158
2,244,0.007180186454206705,0.034517884254455566,-0.01870822673663497,0.20801351557553455,64.94238758087158
2,245,0.007994848303496838,0.028330866247415543,-0.01325330138206482,0.28219568838435943,64.94238758087158
2,246,0.008903158828616142,0.03812021762132645,-0.019687004387378693,0.23355477444603293,64.94238758087158
2,247,0.0033251792192459106,3.913742330041714e-05,0.003295826151770598,84.96162633805388,64.94238758087158
2,248,0.013220470398664474,0.05017200857400894,-0.024408536031842232,0.2635029127625895,64.94238758087158
2,249,0.009558009915053844,0.07762594521045685,-0.04866144899278879,0.1231290632148486,64.94238758087158
2,250,0.018597312271595,0.044067658483982086,-0.014453431591391563,0.4220172550790921,64.94238758087158
2,251,0.014188090339303017,0.019235363230109215,-0.00023843208327889442,0.7376044927686481,64.94238758087158
2,252,0.0164034366607666,0.012511094100773335,0.007020116085186601,1.3111112846990387,64.94238758087158
2,253,0.015382572077214718,0.05245358124375343,-0.023957613855600357,0.29326066423259384,64.94238758087158
2,254,0.011889498680830002,0.05863310024142265,-0.03208532650023699,0.20277792973034067,64.94238758087158
2,255,0.0,0.0,0.0,0.0,64.94238758087158
3,0,0.014893241226673126,0.03478551283478737,-0.0111958933994174,0.42814493772105455,64.96303606033325
3,1,0.0004938176716677845,0.05946033075451851,-0.0441014303942211,0.008304993688955443,64.96303606033325
3,2,0.0020371531136333942,0.06970618665218353,-0.050242486875504255,0.029224853796249887,64.96303606033325
3,3,0.0,0.023085806518793106,-0.01731435488909483,0.0,64.96303606033325
3,4,0.017520500347018242,0.198606938123703,-0.131434703245759,0.0882169601548226,64.96303606033325
3,5,0.004108061082661152,0.04390221834182739,-0.028818602673709393,0.093572972795629,64.96303606033325
3,6,0.0010277399560436606,0.002500697271898389,-0.000847782997880131,0.4109813559529646,64.96303606033325
3,7,0.05095379799604416,0.12943550944328308,-0.04612283408641815,0.3936616637490639,64.96303606033325
3,8,0.010462160222232342,0.033132150769233704,-0.014386952854692936,0.31577063302608366,64.96303606033325
3,9,0.01568894274532795,0.002407917520031333,0.01388300460530445,6.5155648431879145,64.96303606033325
3,10,0.030552228912711143,0.49151521921157837,-0.33808418549597263,0.06215927344357048,64.96303606033325
3,11,0.007349847815930843,0.0,0.007349847815930843,7349847815.930843,64.96303606033325
3,12,0.009283378720283508,0.004871154669672251,0.00563001271802932,1.9057860708418732,64.96303606033325
3,13,0.004184722434729338,0.04920405149459839,-0.032718316186219454,0.0850483305242392,64.96303606033325
3,14,0.00014433953037951142,0.04301781952381134,-0.032119025112478994,0.0033553427852441677,64.96303606033325
3,15,0.015583778731524944,0.0,0.015583778731524944,15583778731.524944,64.96303606033325
3,16,0.0050896573811769485,0.07645388692617416,-0.052250757813453674,0.06657159741302729,64.96303606033325
3,17,0.0233886931091547,0.028954116627573967,0.001673105638474226,0.8077847239888882,64.96303606033325
3,18,0.0007626038859598339,0.02984161302447319,-0.02161860588239506,0.025555049095666017,64.96303606033325
3,19,0.022160004824399948,0.015388201922178268,0.010618853382766247,1.4400645985169809,64.96303606033325
3,20,0.0030689523555338383,0.0056928121484816074,-0.0012006567558273673,0.5390925038363157,64.96303606033325
3,21,0.002877945313230157,0.012845685705542564,-0.006756318965926766,0.22403983555072982,64.96303606033325
3,22,0.008816711604595184,0.008076982572674751,0.002758974675089121,1.091584824428299,64.96303606033325
3,23,0.007157266605645418,0.016362592577934265,-0.005114677827805281,0.43741641620166705,64.96303606033325
3,24,0.012400234118103981,0.025105329230427742,-0.0064287628047168255,0.493928360938638,64.96303606033325
3,25,0.008447015658020973,0.01944914273917675,-0.006139841396361589,0.43431300653533117,64.96303606033325
3,26,0.0014651378151029348,0.011207698844373226,-0.006940636318176985,0.1307260156894539,64.96303606033325
3,27,0.009283880703151226,0.03284243494272232,-0.015347945503890514,0.28267942736462043,64.96303606033325
3,28,0.00687522953376174,0.053941965103149414,-0.03358124429360032,0.12745604503816774,64.96303606033325
3,29,0.1052105501294136,0.3757350742816925,-0.17659075558185577,0.28001258687459174,64.96303606033325
3,30,0.0028217071667313576,0.016769621521234512,-0.009755508974194527,0.16826302030669635,64.96303606033325
3,31,0.030439134687185287,0.09493855386972427,-0.04076478071510792,0.3206193210888127,64.96303606033325
3,32,0.0,0.005153940990567207,-0.0038654557429254055,0.0,64.96303606033325
3,33,0.00034931418485939503,0.0,0.00034931418485939503,349314184.859395,64.96303606033325
3,34,0.0023035050835460424,0.2486804723739624,-0.18420684919692576,0.009262911002005814,64.96303606033325
3,35,0.02116413228213787,0.20741482079029083,-0.13439698331058025,0.10203770493061377,64.96303606033325
3,36,0.043181151151657104,0.25443336367607117,-0.14764387160539627,0.16971497184018275,64.96303606033325
3,37,0.015821751207113266,0.05631162226200104,-0.026411965489387512,0.28096777487990754,64.96303606033325
3,38,0.0018990676617249846,0.0,0.0018990676617249846,1899067661.7249846,64.96303606033325
3,39,0.1025700494647026,0.22660186886787415,-0.067381352186203,0.4526443227352903,64.96303606033325
3,40,0.014380036853253841,0.3131415843963623,-0.2204761514440179,0.04592183718086524,64.96303606033325
3,41,0.015004178509116173,0.06808937340974808,-0.036062851548194885,0.2203600614534033,64.96303606033325
3,42,0.05975382775068283,0.18614128232002258,-0.0798521339893341,0.32101330239914383,64.96303606033325
3,43,0.009710261598229408,0.02391241490840912,-0.00822404958307743,0.4060761589750013,64.96303606033325
3,44,0.0028197106439620256,0.06328553706407547,-0.04464444215409458,0.04455537196536017,64.96303606033325
3,45,0.0,0.019005922600626945,-0.014254441950470209,0.0,64.96303606033325
3,46,0.028606591746211052,0.01056542620062828,0.02068252209573984,2.7075662827309674,64.96303606033325
3,47,0.022660084068775177,0.04397878050804138,-0.01032400131225586,0.5152503959066487,64.96303606033325
3,48,0.0059997038915753365,0.007101753726601601,0.000673388596624136,0.844820043288315,64.96303606033325
3,49,0.0032163658179342747,0.0014538130490109324,0.0021260060311760753,2.2123654880592025,64.96303606033325
3,50,0.005084548145532608,0.038838256150484085,-0.024044143967330456,0.13091597433471064,64.96303606033325
3,51,0.003967756405472755,0.08526213467121124,-0.05997884459793568,0.04653597309904008,64.96303606033325
3,52,0.0018179290927946568,0.0055470834486186504,-0.002342383493669331,0.32772701353891387,64.96303606033325
3,53,0.0006550465477630496,0.0029248548671603203,-0.0015385946026071906,0.2239586500150217,64.96303606033325
3,54,0.017629697918891907,0.06565602868795395,-0.031612323597073555,0.26851605665052886,64.96303606033325
3,55,0.003975421190261841,0.00016458249592687935,0.0038519843183166813,24.154580617573444,64.96303606033325
3,56,0.013160544447600842,0.06135740503668785,-0.03285750932991505,0.21448991266037373,64.96303606033325
3,57,0.002198086818680167,0.005687789525836706,-0.0020677553256973624,0.386457130368297,64.96303606033325
3,58,0.003324892371892929,0.05235477164387703,-0.03594118636101484,0.06350695967973481,64.96303606033325
3,59,0.0196278877556324,0.08446666598320007,-0.043722111731767654,0.2323743636253371,64.96303606033325
3,60,0.011279266327619553,0.06295683979988098,-0.035938363522291183,0.17915871195716715,64.96303606033325
3,61,0.006846021395176649,0.031112870201468468,-0.0164886312559247,0.22003824625069443,64.96303606033325
3,62,0.003918102942407131,0.011172894388437271,-0.004461567848920822,0.35067931422597726,64.96303606033325
3,63,0.024890288710594177,0.11798499524593353,-0.06359845772385597,0.21096147572410132,64.96303606033325
3,64,0.0036778983194381,0.016824621707201004,-0.008940567960962653,0.21860214055483596,64.96303606033325
3,65,0.007059065159410238,0.033207494765520096,-0.017846555914729834,0.21257445673159334,64.96303606033325
3,66,0.013877568766474724,0.06299996376037598,-0.03337240405380726,0.22027899601718157,64.96303606033325
3,67,0.017026694491505623,0.1791357398033142,-0.11732511036098003,0.09504912034921331,64.96303606033325
3,68,0.01973687671124935,0.09625578671693802,-0.05245496332645416,0.20504613160645674,64.96303606033325
3,69,0.02447539009153843,0.14351040124893188,-0.08315741084516048,0.17054784794945338,64.96303606033325
3,70,0.034135621041059494,0.132366344332695,-0.06513913720846176,0.25788746537415685,64.96303606033325
3,71,0.005177037324756384,0.02069879323244095,-0.010347057599574327,0.250113002548978,64.96303606033325
3,72,0.005524769425392151,0.03131578490138054,-0.017962069250643253,0.17642123429491857,64.96303606033325
3,73,0.008454902097582817,0.028978565707802773,-0.013279022183269262,0.291763994896907,64.96303606033325
3,74,0.06524109095335007,0.18668222427368164,-0.07477057725191116,0.34947671749054815,64.96303606033325
3,75,0.031582146883010864,0.10360480099916458,-0.04612145386636257,0.3048328511625701,64.96303606033325
3,76,0.018750714138150215,0.2525312304496765,-0.17064770869910717,0.07425107027232633,64.96303606033325
3,77,0.022078976035118103,0.1600044220685959,-0.09792434051632881,0.13798978646674265,64.96303606033325
3,78,0.0016707724425941706,0.0030614861752837896,-0.0006253421888686717,0.545739012489108,64.96303606033325
3,79,0.0035059598740190268,0.004308490548282862,0.0002745919628068805,0.8137327525535795,64.96303606033325
3,80,0.03603002056479454,0.11969617754220963,-0.05374211259186268,0.3010122904867861,64.96303606033325
3,81,0.0024782593827694654,0.03056037798523903,-0.020442024106159806,0.08109387206812023,64.96303606033325
3,82,0.007918638177216053,0.08213110268115997,-0.05367968883365393,0.09641460930897854,64.96303606033325
3,83,0.005031931214034557,0.013743368908762932,-0.0052755954675376415,0.36613520651839626,64.96303606033325
3,84,0.003326738951727748,0.012367681600153446,-0.005949022248387337,0.2689864648049709,64.96303606033325
3,85,0.0005885761929675937,0.021100936457514763,-0.015237126150168478,0.02789336834053582,64.96303606033325
3,86,0.006699923425912857,0.02838866598904133,-0.01459157606586814,0.23600698350049887,64.96303606033325
3,87,0.014111388474702835,0.07482153177261353,-0.04200476035475731,0.18860063594259827,64.96303606033325
3,88,0.06174164637923241,0.17042888700962067,-0.0660800188779831,0.36227219142365713,64.96303606033325
3,89,0.012665793299674988,0.0,0.012665793299674988,12665793299.674988,64.96303606033325
3,90,0.024551156908273697,0.164846733212471,-0.09908389300107956,0.14893323288657936,64.96303606033325
3,91,0.030220981687307358,0.10906635224819183,-0.05157878249883652,0.27708803919892067,64.96303606033325
3,92,0.012051645666360855,0.050416361540555954,-0.02576062548905611,0.23904235247970487,64.96303606033325
3,93,0.0024330373853445053,0.0009465737384743989,0.0017231070814887062,2.570362227347962,64.96303606033325
3,94,0.003370284801349044,0.005328664556145668,-0.0006262136157602072,0.6324820722350663,64.96303606033325
3,95,0.0018659846391528845,0.0,0.0018659846391528845,1865984639.1528845,64.96303606033325
3,96,0.000609479146078229,0.000573272758629173,0.00017952457710634917,1.0631573467270212,64.96303606033325
3,97,0.018041396513581276,0.1263599842786789,-0.0767285916954279,0.14277776794945896,64.96303606033325
3,98,0.024443073198199272,0.026548583060503006,0.004531635902822018,0.9206921944411849,64.96303606033325
3,99,0.002099383156746626,0.0,0.002099383156746626,2099383156.746626,64.96303606033325
3,100,0.006667666137218475,0.021577319130301476,-0.009515323210507631,0.3090127228801988,64.96303606033325
3,101,0.024168474599719048,0.05646442994475365,-0.018179847858846188,0.42803008235340584,64.96303606033325
3,102,0.013485082425177097,0.06266389787197113,-0.03351284097880125,0.21519699353068217,64.96303606033325
3,103,0.000197480883798562,0.005434620194137096,-0.0038784842618042603,0.036337568534277345,64.96303606033325
3,104,0.017416875809431076,0.04258884862065315,-0.014524760656058788,0.4089539016224058,64.96303606033325
3,105,0.008576340042054653,0.0451216958463192,-0.025264931842684746,0.19007131449746245,64.96303606033325
3,106,0.010598823428153992,0.07043557614088058,-0.04222785867750645,0.15047542745734696,64.96303606033325
3,107,0.005633706226944923,0.015777524560689926,-0.006199437193572521,0.3570716182324548,64.96303606033325
3,108,0.005262346472591162,0.010880942456424236,-0.0028983603697270155,0.4836296573740798,64.96303606033325
3,109,0.03783591836690903,0.12528428435325623,-0.05612729489803314,0.3020005147646728,64.96303606033325
3,110,0.007181714288890362,0.1045062243938446,-0.07119795400649309,0.06872044541343743,64.96303606033325
3,111,0.00192990992218256,0.0027171741239726543,-0.00010797067079693079,0.7102636170591322,64.96303606033325
3,112,0.002250010147690773,0.02441132254898548,-0.016058481764048338,0.09217075982194628,64.96303606033325
3,113,0.011491402983665466,0.06560010462999344,-0.03770867548882961,0.1751735465713912,64.96303606033325
3,114,0.14640110731124878,0.5730296969413757,-0.283371165394783,0.2554860735707577,64.96303606033325
3,115,0.004801485687494278,0.03859255835413933,-0.024142933078110218,0.12441480669173802,64.96303606033325
3,116,0.006931184325367212,0.02634442038834095,-0.0128271309658885,0.2630987595449849,64.96303606033325
3,117,0.0015303459949791431,0.0,0.0015303459949791431,1530345994.9791431,64.96303606033325
3,118,0.009430618025362492,0.060613058507442474,-0.036029175855219364,0.1555872324781128,64.96303606033325
3,119,0.0007349581574089825,0.013197971507906914,-0.009163520473521203,0.055687205940169016,64.96303606033325
3,120,0.018251394852995872,0.12359388172626495,-0.07444401644170284,0.147672316767842,64.96303606033325
3,121,0.00025328967603854835,0.07056941837072372,-0.052673774102004245,0.003589227201850346,64.96303606033325
3,122,0.0029809935949742794,0.00511490274220705,-0.0008551834616810083,0.5828055282054478,64.96303606033325
3,123,0.0030185766518115997,0.01291657891124487,-0.006668857531622052,0.2336978446320643,64.96303606033325
3,124,0.01609719544649124,0.16925877332687378,-0.11084688454866409,0.09510405357428128,64.96303606033325
3,125,0.003835471346974373,0.029802491888403893,-0.018516397569328547,0.12869633053530175,64.96303606033325
3,126,0.0066746133379638195,0.0,0.0066746133379638195,6674613337.9638195,64.96303606033325
3,127,0.002512517850846052,0.0,0.002512517850846052,2512517850.846052,64.96303606033325
3,128,0.0018485718173906207,0.0033359164372086525,-0.0006533655105158687,0.5541421230512842,64.96303606033325
3,129,0.02372962050139904,0.14242924749851227,-0.08309231512248516,0.16660637416820095,64.96303606033325
3,130,0.0016742557054385543,0.023378869518637657,-0.01585989643353969,0.07161405747323334,64.96303606033325
3,131,0.01921035908162594,0.037436746060848236,-0.008867200464010239,0.5131417952267813,64.96303606033325
3,132,0.003135265549644828,0.006202503107488155,-0.0015166117809712887,0.5054839142852184,64.96303606033325
3,133,0.019522650167346,0.007380277384072542,0.013987442129291594,2.645246126769273,64.96303606033325
3,134,0.2589878737926483,0.003945743199437857,0.2560285663930699,65.63728571182953,64.96303606033325
3,135,0.002196528948843479,0.04756129905581474,-0.03347444534301758,0.04618311510414376,64.96303606033325
3,136,0.01692173257470131,0.0689934566617012,-0.03482335992157459,0.24526575987385518,64.96303606033325
3,137,0.0019938189070671797,0.02694101817905903,-0.018211944727227092,0.07400681346716687,64.96303606033325
3,138,0.00805652141571045,0.03529611974954605,-0.01841556839644909,0.2282551587157342,64.96303606033325
3,139,0.001386886229738593,0.0013314513489603996,0.0003882977180182934,1.0416349270139253,64.96303606033325
3,140,0.0037676936481148005,0.017838912084698677,-0.009611490415409207,0.21120646987970373,64.96303606033325
3,141,0.029836367815732956,0.002680807840079069,0.027825761935673654,11.12961822870651,64.96303606033325
3,142,0.0018686421681195498,0.01902073062956333,-0.012396905804052949,0.09824239690966102,64.96303606033325
3,143,0.017599448561668396,0.036155492067337036,-0.009517170488834381,0.48677109769115856,64.96303606033325
3,144,0.0076903728768229485,0.046068135648965836,-0.026860728859901428,0.16693475367129715,64.96303606033325
3,145,0.0027760062366724014,0.010720564052462578,-0.005264416802674532,0.25894218091778426,64.96303606033325
3,146,0.007118078880012035,0.04119599610567093,-0.02377891819924116,0.17278569649295103,64.96303606033325
3,147,0.00901199970394373,0.060581568628549576,-0.03642417676746845,0.14875811088767335,64.96303606033325
3,148,0.04148484021425247,0.029390497133135796,0.019441967364400625,1.4115052230970813,64.96303606033325
3,149,0.0,0.007948965765535831,-0.005961724324151874,0.0,64.96303606033325
3,150,0.014030962251126766,0.058886971324682236,-0.03013426624238491,0.23826938175384604,64.96303606033325
3,151,0.06337494403123856,0.2774156630039215,-0.14468680322170258,0.2284476058228704,64.96303606033325
3,152,0.0225811954587698,0.08087806403636932,-0.038077352568507195,0.2792004943186605,64.96303606033325
3,153,0.013668348081409931,0.06217838451266289,-0.032965440303087234,0.21982475402535573,64.96303606033325
3,154,0.014557745307683945,0.10032155364751816,-0.060683419927954674,0.14511084386399925,64.96303606033325
3,155,0.010042273439466953,0.03780370578169823,-0.018310505896806717,0.26564256682113535,64.96303606033325
3,156,0.02424522303044796,0.081027552485466,-0.03652544133365154,0.29922195952417086,64.96303606033325
3,157,0.01023425254970789,0.05125286057591438,-0.028205392882227898,0.19968158722281468,64.96303606033325
3,158,0.009074489586055279,0.03985638543963432,-0.020817799493670464,0.22767969261968418,64.96303606033325
3,159,0.00242799730040133,0.0757220908999443,-0.0543635708745569,0.032064583419619375,64.96303606033325
3,160,0.005279684439301491,0.03648756071925163,-0.022085986100137234,0.1446982022114489,64.96303606033325
3,161,0.0,0.006061490159481764,-0.004546117619611323,0.0,64.96303606033325
3,162,0.0,0.04160647466778755,-0.031204856000840664,0.0,64.96303606033325
3,163,2.106261490553152e-06,0.00405127601698041,-0.003036350751244754,0.0005199007624277198,64.96303606033325
3,164,0.008868198841810226,0.13245585560798645,-0.09047369286417961,0.06695210869340053,64.96303606033325
3,165,0.021930497139692307,0.0689578428864479,-0.029787885025143623,0.31802759804257474,64.96303606033325
3,166,0.0009563136845827103,0.0,0.0009563136845827103,956313684.5827103,64.96303606033325
3,167,3.069472313654842e-06,0.0,3.069472313654842e-06,3069472.313654842,64.96303606033325
3,168,0.0019100839272141457,0.02321932464838028,-0.015504409559071064,0.08226268231557396,64.96303606033325
3,169,0.011647810228168964,0.04327203333377838,-0.02080621477216482,0.2691764017201254,64.96303606033325
3,170,0.01726718246936798,0.12799492478370667,-0.07872901111841202,0.13490521204971348,64.96303606033325
3,171,0.014051002450287342,0.07370651513338089,-0.041228883899748325,0.19063447002845965,64.96303606033325
3,172,0.006429025903344154,0.017781702801585197,-0.006907251197844744,0.36155288246126066,64.96303606033325
3,173,0.04350796341896057,0.17280495166778564,-0.08609575033187866,0.2517749809759622,64.96303606033325
3,174,0.024770718067884445,0.09634487330913544,-0.04748793691396713,0.25710468255168256,64.96303606033325
3,175,0.0004889320116490126,0.0,0.0004889320116490126,488932011.64901257,64.96303606033325
3,176,0.006109773181378841,0.0839848667383194,-0.056878876872360706,0.07274850123109636,64.96303606033325
3,177,0.06775318831205368,0.224102184176445,-0.10032344982028008,0.30233167320853255,64.96303606033325
3,178,0.00532194459810853,0.0,0.00532194459810853,5321944598.10853,64.96303606033325
3,179,0.04648492857813835,0.06142231076955795,0.0004181955009698868,0.7568085276339089,64.96303606033325
3,180,0.004103566985577345,0.05626670643687248,-0.03809646284207702,0.07293064132176183,64.96303606033325
3,181,0.028951391577720642,0.10399787873029709,-0.049047017470002174,0.27838444332622736,64.96303606033325
3,182,0.010580687783658504,0.03949277848005295,-0.019038896076381207,0.26791449451283084,64.96303606033325
3,183,0.0036536427214741707,0.009701458737254143,-0.0036224513314664364,0.3766075618161804,64.96303606033325
3,184,0.03226112574338913,0.042744800448417664,0.00020252540707588196,0.754738012675145,64.96303606033325
3,185,0.06081797927618027,0.04195399954915047,0.029352479614317417,1.449634836447009,64.96303606033325
3,186,0.015966860577464104,0.047276612371206284,-0.01949059870094061,0.33773275571772887,64.96303606033325
3,187,0.0021461318247020245,0.008192364126443863,-0.003998141270130873,0.2619673382818311,64.96303606033325
3,188,0.10260426253080368,0.3983416259288788,-0.1961519569158554,0.2575785603407298,64.96303606033325
3,189,0.0024689349811524153,0.009095270186662674,-0.00435251765884459,0.2714526264982666,64.96303606033325
3,190,0.040478773415088654,0.3304217755794525,-0.20733755826950073,0.12250637338891943,64.96303606033325
3,191,0.015591586008667946,0.03298274800181389,-0.00914547499269247,0.4727194352434723,64.96303606033325
3,192,0.02925591543316841,0.12586325407028198,-0.06514152511954308,0.23244207095265054,64.96303606033325
3,193,0.003381646005436778,0.1256011575460434,-0.09081922215409577,0.026923685031885126,64.96303606033325
3,194,0.01884341798722744,0.09601332247257233,-0.053166573867201805,0.196258368128174,64.96303606033325
3,195,0.017032375559210777,0.09609920531511307,-0.05504202842712402,0.17723742358933886,64.96303606033325
3,196,0.0018607083475217223,0.20692503452301025,-0.15333306754473597,0.008992185753656684,64.96303606033325
3,197,0.0029969597235322,0.015926068648695946,-0.00894759176298976,0.1881795055297226,64.96303606033325
3,198,0.02094893716275692,0.12546539306640625,-0.07315010763704777,0.1669698444375184,64.96303606033325
3,199,0.0030151717364788055,0.02381301485002041,-0.014844589401036501,0.1266186476320785,64.96303606033325
3,200,0.0035817306488752365,0.017793472856283188,-0.009763373993337154,0.20129463638736325,64.96303606033325
3,201,0.03736521676182747,0.009144236333668232,0.030507039511576295,4.086204183083719,64.96303606033325
3,202,0.05453583225607872,0.3120831251144409,-0.17952651157975197,0.1747477766890013,64.96303606033325
3,203,0.01525930967181921,0.028590280562639236,-0.006183400750160217,0.5337236771025539,64.96303606033325
3,204,0.0030847713351249695,0.13841085135936737,-0.10072336718440056,0.022287062790282527,64.96303606033325
3,205,0.009733040817081928,0.19980165362358093,-0.14011819940060377,0.04871351483091281,64.96303606033325
3,206,0.020821690559387207,0.016027355566620827,0.008801173884421587,1.2991344998579872,64.96303606033325
3,207,0.009739703498780727,0.08385325968265533,-0.05315024126321077,0.11615175767197025,64.96303606033325
3,208,0.01023105625063181,0.04152635484933853,-0.02091370988637209,0.2463750138316897,64.96303606033325
3,209,0.02378159947693348,0.024719087406992912,0.005242283921688795,0.9620743308364897,64.96303606033325
3,210,0.002375691430643201,0.01843360997736454,-0.011449516052380204,0.1288782519230656,64.96303606033325
3,211,0.009185802191495895,0.008607406169176102,0.002730247564613819,1.0671974820154164,64.96303606033325
3,212,0.0003109942190349102,0.0,0.0003109942190349102,310994219.0349102,64.96303606033325
3,213,0.020298248156905174,0.054815616458654404,-0.02081346418708563,0.37030046304131536,64.96303606033325
3,214,0.0053359344601631165,0.0,0.0053359344601631165,5335934460.163116,64.96303606033325
3,215,0.004761483985930681,0.014939730986952782,-0.006443314254283905,0.3187128328997546,64.96303606033325
3,216,0.012451287358999252,0.04814012348651886,-0.023653805255889893,0.25864676816268367,64.96303606033325
3,217,0.008178710006177425,0.008726303465664387,0.0016339824069291353,0.9372479466730855,64.96303606033325
3,218,0.01011604629456997,0.032817207276821136,-0.014496859163045883,0.30825433160507537,64.96303606033325
3,219,0.005824303720146418,0.0,0.005824303720146418,5824303720.146418,64.96303606033325
3,220,0.006099628284573555,0.019168419763445854,-0.008276686538010836,0.3182123701134365,64.96303606033325
3,221,0.002587538445368409,0.0,0.002587538445368409,2587538445.368409,64.96303606033325
3,222,0.004053714219480753,0.022641850635409355,-0.012927673757076263,0.1790363466563177,64.96303606033325
3,223,0.012919778004288673,0.04308776929974556,-0.019396048970520496,0.29984792004688715,64.96303606033325
3,224,0.0013142535462975502,0.01125990878790617,-0.007130678044632077,0.11671973289805145,64.96303606033325
3,225,0.01932249590754509,0.07124923169612885,-0.034114427864551544,0.27119584937676927,64.96303606033325
3,226,0.0,0.0010146911954507232,-0.0007610183965880424,0.0,64.96303606033325
3,227,0.0024999023880809546,0.028498729690909386,-0.018874144880101085,0.08771978313091834,64.96303606033325
3,228,0.009110460057854652,0.026185838505625725,-0.010528918821364641,0.34791553669551045,64.96303606033325
3,229,0.0366797149181366,0.18139587342739105,-0.09936719015240669,0.20220810002393194,64.96303606033325
3,230,0.013159477151930332,0.046074528247117996,-0.021396419033408165,0.28561284623609484,64.96303606033325
3,231,0.0002040323306573555,0.009452451951801777,-0.006885306633193977,0.02158512221761453,64.96303606033325
3,232,0.003948478028178215,0.07432717084884644,-0.05179690010845661,0.053122942566384154,64.96303606033325
3,233,0.0,0.038581788539886475,-0.028936341404914856,0.0,64.96303606033325
3,234,0.015574866905808449,0.021420396864414215,-0.0004904307425022125,0.7271044978142273,64.96303606033325
3,235,0.009313642047345638,0.0440678596496582,-0.023737252689898014,0.21134772873423474,64.96303606033325
3,236,0.0005742731154896319,0.03358059003949165,-0.024611169414129108,0.017101340828054847,64.96303606033325
3,237,0.15744858980178833,0.6477222442626953,-0.32834309339523315,0.24308041169833464,64.96303606033325
3,238,0.0023496088106185198,0.017185742035508156,-0.010539697716012597,0.13671849639236874,64.96303606033325
3,239,0.030873693525791168,0.12156955897808075,-0.060303475707769394,0.25395908141037016,64.96303606033325
3,240,0.0024717466440051794,0.00464759161695838,-0.0010139470687136054,0.531833871645328,64.96303606033325
3,241,0.033766552805900574,0.17086510360240936,-0.09438227489590645,0.1976211180269744,64.96303606033325
3,242,0.0032220922876149416,0.6785614490509033,-0.5056989945005625,0.0047484163624634135,64.96303606033325
3,243,0.017550263553857803,0.04158669710159302,-0.01363975927233696,0.4220162882991616,64.96303606033325
3,244,0.006474028807133436,0.034163523465394974,-0.019148613791912794,0.18950120333757814,64.96303606033325
3,245,0.0023073472548276186,0.002638984238728881,0.00032810907578095794,0.8743315780713669,64.96303606033325
3,246,0.009502014145255089,0.054909847676754,-0.03168037161231041,0.17304754150874663,64.96303606033325
3,247,0.004592059180140495,0.0043584913946688175,0.0013231906341388822,1.0535891351543751,64.96303606033325
3,248,0.0023082196712493896,0.014475587755441666,-0.00854847114533186,0.15945602417575253,64.96303606033325
3,249,0.0028431585524231195,0.018256543204188347,-0.01084924885071814,0.15573367424864523,64.96303606033325
3,250,0.007332781329751015,0.28580644726753235,-0.20702205412089825,0.02565645876722097,64.96303606033325
3,251,0.07679490745067596,0.2325465977191925,-0.09761504083871841,0.330234491510721,64.96303606033325
3,252,0.00859448965638876,0.026441214606165886,-0.011236421298235655,0.32504140918169283,64.96303606033325
3,253,0.0324617400765419,0.10838468372821808,-0.04882677271962166,0.2995048650752389,64.96303606033325
3,254,0.018223263323307037,0.07272861897945404,-0.03632320091128349,0.250565232487153,64.96303606033325
3,255,0.0033978885039687157,0.02555558830499649,-0.015768802724778652,0.13296068410882242,64.96303606033325
4,0,0.007043924182653427,0.02493738755583763,-0.011659116484224796,0.28246439875062374,64.98115921020508
4,1,0.020138800144195557,0.06593551486730576,-0.02931283600628376,0.3054317568372547,64.98115921020508
4,2,0.03490656614303589,0.5171816349029541,-0.3529796600341797,0.06749382380818375,64.98115921020508
4,3,0.005063117481768131,0.08696764707565308,-0.060162617824971676,0.05821840249748865,64.98115921020508
4,4,0.04460357874631882,0.1392856240272522,-0.05986063927412033,0.3202310292788837,64.98115921020508
4,5,0.014243481680750847,0.04795173555612564,-0.021720319986343384,0.29703787600726916,64.98115921020508
4,6,0.008475549519062042,0.0261990986764431,-0.011173774488270283,0.32350538556348585,64.98115921020508
4,7,0.0,0.0,0.0,0.0,64.98115921020508
4,8,0.007778921164572239,0.0,0.007778921164572239,7778921164.572239,64.98115921020508
4,9,0.040402915328741074,0.0579364188015461,-0.003049398772418499,0.6973664607479244,64.98115921020508
4,10,0.02093573845922947,0.06521307677030563,-0.027974069118499756,0.32103589488115347,64.98115921020508
4,11,0.011218058876693249,0.025139326229691505,-0.00763643579557538,0.44623546286604976,64.98115921020508
4,12,0.06922464817762375,0.1942782998085022,-0.0764840766787529,0.3563169342407327,64.98115921020508
4,13,0.006641726475208998,0.03400326147675514,-0.01886071963235736,0.19532615950837542,64.98115921020508
4,14,0.029947396367788315,0.08355319499969482,-0.0327174998819828,0.35842311437090196,64.98115921020508
4,15,0.07519110292196274,0.2444249987602234,-0.1081276461482048,0.30762443818365837,64.98115921020508
4,16,0.009175395593047142,0.056917544454336166,-0.03351276274770498,0.16120504988136264,64.98115921020508
4,17,0.00037022490869276226,0.0016429246170446277,-0.0008619685540907085,0.2253450369094814,64.98115921020508
4,18,0.004483164753764868,0.17458321154117584,-0.12645424390211701,0.025679243234002624,64.98115921020508
4,19,0.06697647273540497,0.030988765880465508,0.04373489832505584,2.161314619355779,64.98115921020508
4,20,0.014896965585649014,0.024741172790527344,-0.0036589140072464943,0.6021123457312624,64.98115921020508
4,21,0.040088362991809845,0.012542308308184147,0.030681631760671735,3.1962508019719946,64.98115921020508
4,22,0.0234006829559803,0.16804486513137817,-0.10263296589255333,0.1392525914882689,64.98115921020508
4,23,0.004021584056317806,0.01190132088959217,-0.004904406610876322,0.33791073220257534,64.98115921020508
4,24,0.003277692012488842,0.00937833171337843,-0.00375605677254498,0.34949627634343905,64.98115921020508
4,25,0.005437950603663921,0.019193081185221672,-0.008956860285252333,0.2833286928191455,64.98115921020508
4,26,0.03404374048113823,0.09273969382047653,-0.03551102988421917,0.36708920504603204,64.98115921020508
4,27,0.02084459364414215,0.03522787615656853,-0.0055763134732842445,0.5917073612643491,64.98115921020508
4,28,0.00967507902532816,0.22436591982841492,-0.15859936084598303,0.043121874448151964,64.98115921020508
4,29,0.029265157878398895,0.07073190808296204,-0.023783773183822632,0.41374760940507643,64.98115921020508
4,30,0.0011758157052099705,0.04129394516348839,-0.02979464316740632,0.028474288434449185,64.98115921020508
4,31,0.0029776454903185368,0.08964920043945312,-0.06425925483927131,0.03321441212737141,64.98115921020508
4,32,0.0076315742917358875,0.0,0.0076315742917358875,7631574291.735888,64.98115921020508
4,33,0.014532087370753288,0.052432190626859665,-0.02479205559939146,0.27715964556765466,64.98115921020508
4,34,0.002400052035227418,0.0,0.002400052035227418,2400052035.227418,64.98115921020508
4,35,0.00969730131328106,1.2770988178090192e-06,0.009696343489167703,7593.221123402602,64.98115921020508
4,36,0.006093225907534361,0.015126054175198078,-0.005251314723864198,0.40282983496928665,64.98115921020508
4,37,0.08833509683609009,0.24635669589042664,-0.09643242508172989,0.358565845009631,64.98115921020508
4,38,0.002723081037402153,0.004658085759729147,-0.0007704832823947072,0.5845922933320787,64.98115921020508
4,39,0.005673074629157782,0.024641675874590874,-0.012808182276785374,0.23022275992102137,64.98115921020508
4,40,0.0017818354535847902,0.005116345826536417,-0.0020554239163175225,0.3482632944776459,64.98115921020508
4,41,0.0016206608852371573,0.0053393179550766945,-0.0023838275810703635,0.30353331615935664,64.98115921020508
4,42,0.026019606739282608,0.16361866891384125,-0.09669439494609833,0.159025904023367,64.98115921020508
4,43,0.04652978107333183,0.26532304286956787,-0.15246250107884407,0.17537029792029932,64.98115921020508
4,44,0.03544008731842041,0.16675609350204468,-0.0896269828081131,0.21252649048038136,64.98115921020508
4,45,0.009415030479431152,0.03305206075310707,-0.01537401508539915,0.284854567752216,64.98115921020508
4,46,0.007175178732722998,0.016556238755583763,-0.005242000333964825,0.4333821732227504,64.98115921020508
4,47,0.021471647545695305,0.4765268564224243,-0.33592349477112293,0.04505863049745172,64.98115921020508
4,48,0.020584141835570335,0.058281101286411285,-0.02312668412923813,0.3531872490545492,64.98115921020508
4,49,0.03494318202137947,0.051591407507658005,-0.0037503736093640327,0.6773062358400544,64.98115921020508
4,50,0.005146496929228306,0.0,0.005146496929228306,5146496929.228306,64.98115921020508
4,51,0.006670770701020956,0.05203191190958023,-0.03235316323116422,0.12820537351164515,64.98115921020508
4,52,0.008017538115382195,0.045872416347265244,-0.026386774145066738,0.1747790666729374,64.98115921020508
4,53,0.004640405997633934,0.014763071201741695,-0.0064318974036723375,0.31432524668526624,64.98115921020508
4,54,0.009534378536045551,0.05383504182100296,-0.03084190282970667,0.17710357814097116,64.98115921020508
4,55,0.014367176219820976,0.13494040071964264,-0.086838124319911,0.10647053175397264,64.98115921020508
4,56,0.0170451533049345,0.07124964892864227,-0.0363920833915472,0.23923140058930364,64.98115921020508
4,57,0.007652632892131805,0.0197719968855381,-0.0071763647720217705,0.38704400653340953,64.98115921020508
4,58,0.010517030954360962,0.05786347761750221,-0.0328805772587657,0.18175594325146602,64.98115921020508
4,59,0.0036379629746079445,0.008288650773465633,-0.0025785251054912806,0.43890894593064606,64.98115921020508
4,60,0.0012718606740236282,0.003133357036858797,-0.0010781571036204696,0.4059099102516462,64.98115921020508
4,61,0.003901409450918436,0.15354211628437042,-0.11125517776235938,0.02540937656263218,64.98115921020508
4,62,0.008311985991895199,0.024687472730875015,-0.010203618556261063,0.336688412061039,64.98115921020508
4,63,0.009924424812197685,0.04341253265738487,-0.02263497468084097,0.22860736760726263,64.98115921020508
4,64,0.001196911558508873,0.08822410553693771,-0.06497116759419441,0.013566717975895858,64.98115921020508
4,65,0.04062074422836304,0.0973823219537735,-0.03241599723696709,0.4171264703179721,64.98115921020508
4,66,0.006891472730785608,0.007258821744471788,0.001447356422431767,0.9493927489106148,64.98115921020508
4,67,0.09284863620996475,0.23392541706562042,-0.08259542658925056,0.3969155527187628,64.98115921020508
4,68,0.0,0.020060542970895767,-0.015045407228171825,0.0,64.98115921020508
4,69,0.0,0.0020157976541668177,-0.0015118482406251132,0.0,64.98115921020508
4,70,0.0037145025562494993,0.0,0.0037145025562494993,3714502556.2494993,64.98115921020508
4,71,0.011050095781683922,0.09024311602115631,-0.05663224123418331,0.1224480743658156,64.98115921020508
4,72,0.006667157169431448,0.016135483980178833,-0.005434455815702677,0.41319846229640994,64.98115921020508
4,73,0.005855152849107981,0.022518830373883247,-0.011033969931304455,0.2600114105232847,64.98115921020508
4,74,0.0012631844729185104,0.06677770614624023,-0.048820095136761665,0.01891626031797612,64.98115921020508
4,75,0.10271038860082626,0.4200004041194916,-0.21228991448879242,0.2445483089853415,64.98115921020508
4,76,0.13911975920200348,0.22547049820423126,-0.029983114451169968,0.6170197888832964,64.98115921020508
4,77,0.011294746771454811,0.10049693286418915,-0.06407795287668705,0.1123889699858409,64.98115921020508
4,78,0.00036055236705578864,0.001191982883028686,-0.0005334347952157259,0.30248116133780967,64.98115921020508
4,79,0.0017082445556297898,0.13167725503444672,-0.09704969672020525,0.012972966023402756,64.98115921020508
4,80,0.0027370923198759556,0.01954343542456627,-0.011920484248548746,0.14005174936108494,64.98115921020508
4,81,0.0039029489271342754,0.007501143962144852,-0.0017229090444743633,0.5203138276388933,64.98115921020508
4,82,0.005787841975688934,0.16905713081359863,-0.12100500613451004,0.03423601209721427,64.98115921020508
4,83,0.0012980608735233545,0.01522862445563078,-0.01012340746819973,0.08523822208762648,64.98115921020508
4,84,0.02947784774005413,0.09544578194618225,-0.04210648871958256,0.30884390214715374,64.98115921020508
4,85,0.005773225333541632,0.015268184244632721,-0.005677912849932909,0.37812127759677727,64.98115921020508
4,86,0.0008721241028979421,0.016533097252249718,-0.011527698836289346,0.05275019492953862,64.98115921020508
4,87,0.008284474723041058,0.025948934257030487,-0.011177225969731808,0.3192606925842143,64.98115921020508
4,88,0.001400398905389011,0.009657523594796658,-0.005842743790708482,0.145006004023487,64.98115921020508
4,89,0.03851867467164993,0.015621844679117203,0.02680229116231203,2.4656931022156945,64.98115921020508
4,90,0.001491638831794262,0.0074533275328576565,-0.00409835681784898,0.2001305893264866,64.98115921020508
4,91,0.05918751284480095,0.08020992577075958,-0.0009699314832687378,0.7379075878117788,64.98115921020508
4,92,0.022758204489946365,0.0726565346121788,-0.031734196469187737,0.3132299745798552,64.98115921020508
4,93,0.010929357260465622,0.1205410286784172,-0.07947641424834728,0.09066918857588815,64.98115921020508
4,94,0.024555673822760582,0.0795568972826004,-0.03511199913918972,0.30865549890948807,64.98115921020508
4,95,0.0,0.05805789679288864,-0.04354342259466648,0.0,64.98115921020508
4,96,0.0121600441634655,0.048572614789009094,-0.02426941692829132,0.25034773639500874,64.98115921020508
4,97,0.022835170850157738,0.019478043541312218,0.008226638194173574,1.1723544410686229,64.98115921020508
4,98,0.0066035171039402485,0.040868427604436874,-0.024047803599387407,0.16157991610770361,64.98115921020508
4,99,0.01819535158574581,0.00025998547789640725,0.018000362477323506,69.98603023131095,64.98115921020508
4,100,0.005490761250257492,0.03190857172012329,-0.018440667539834976,0.17207793875094196,64.98115921020508
4,101,0.007412956096231937,0.019034504890441895,-0.0068629225715994835,0.3894483275771926,64.98115921020508
4,102,0.001214686082676053,0.015496814623475075,-0.010407924884930253,0.07838295237510452,64.98115921020508
4,103,0.00040170663851313293,0.057324402034282684,-0.04259159488719888,0.007007602770385392,64.98115921020508
4,104,0.002417037496343255,0.007536628283560276,-0.003235433716326952,0.3207054142891534,64.98115921020508
4,105,0.0014641135931015015,0.009361393749713898,-0.005556931719183922,0.15639910381825872,64.98115921020508
4,106,0.0,0.022397739812731743,-0.016798304859548807,0.0,64.98115921020508
4,107,0.0010992428287863731,0.016905205324292183,-0.011579661164432764,0.06502392651462069,64.98115921020508
4,108,0.001934609143063426,0.044655680656433105,-0.0315571513492614,0.04332280047200228,64.98115921020508
4,109,0.053679682314395905,0.3907284736633301,-0.23936667293310165,0.13738359482987525,64.98115921020508
4,110,0.010855922475457191,0.04012569785118103,-0.01923835091292858,0.270547879701664,64.98115921020508
4,111,0.0025772510562092066,0.0,0.0025772510562092066,2577251056.2092066,64.98115921020508
4,112,0.002330620540305972,0.01793167181313038,-0.011118133319541812,0.1299722950801171,64.98115921020508
4,113,0.006870982237160206,0.01689186319708824,-0.005797915160655975,0.4067628393970085,64.98115921020508
4,114,0.006352325901389122,0.01789453625679016,-0.007068576291203499,0.3549868971107713,64.98115921020508
4,115,0.0,0.009635622613132,-0.007226716959849,0.0,64.98115921020508
4,116,0.007986361160874367,0.02562357485294342,-0.011231319978833199,0.31168020880760444,64.98115921020508
4,117,0.004115188494324684,0.014303366653621197,-0.006612336495891213,0.28770768405039315,64.98115921020508
4,118,0.0015315713826566935,0.004618076141923666,-0.001931985723786056,0.33164706151576534,64.98115921020508
4,119,0.0032702989410609007,0.040643930435180664,-0.027212648885324597,0.08046217248097949,64.98115921020508
4,120,0.0022820783779025078,0.009825551882386208,-0.005087085533887148,0.23225956210777532,64.98115921020508
4,121,0.007859237492084503,0.037432026118040085,-0.02021478209644556,0.20996024813326475,64.98115921020508
4,122,0.012130587361752987,0.03196844086050987,-0.011845743283629417,0.37945508241405235,64.98115921020508
4,123,0.003628961741924286,0.01527467928826809,-0.007827047724276781,0.23758022497231582,64.98115921020508
4,124,0.01921025663614273,0.10115309059619904,-0.056654561311006546,0.18991270086486778,64.98115921020508
4,125,0.0026519945822656155,0.0107530253008008,-0.005412774393334985,0.24662776361378858,64.98115921020508
4,126,0.00212034466676414,0.031161010265350342,-0.021250413032248616,0.06804479856847981,64.98115921020508
4,127,0.009214642457664013,0.03574463725090027,-0.01759383548051119,0.2577909070030957,64.98115921020508
4,128,0.02587330900132656,0.048201870173215866,-0.010278093628585339,0.5367698163538622,64.98115921020508
4,129,0.020978586748242378,0.07087550312280655,-0.032178040593862534,0.29599206811409323,64.98115921020508
4,130,0.03986278548836708,0.04867833852767944,0.003354031592607498,0.8189019324248593,64.98115921020508
4,131,0.01603718288242817,0.08256518095731735,-0.045886702835559845,0.19423663457510576,64.98115921020508
4,132,0.0015412616776302457,0.05923015624284744,-0.042881355504505336,0.02602157035151068,64.98115921020508
4,133,0.020724937319755554,0.06299028545618057,-0.026517776772379875,0.32901799331968284,64.98115921020508
4,134,0.009496002458035946,0.03377727046608925,-0.01583695039153099,0.28113587411654056,64.98115921020508
4,135,0.00376015342772007,0.05082201957702637,-0.034356361255049706,0.0739866982646598,64.98115921020508
4,136,0.0037890286184847355,0.11971447616815567,-0.08599682850763202,0.03165054669855353,64.98115921020508
4,137,0.0017794636078178883,0.005268176551908255,-0.0021716688061133027,0.33777600085091103,64.98115921020508
4,138,0.011267718859016895,0.06006747484207153,-0.033782887272536755,0.18758436056208824,64.98115921020508
4,139,0.00483351806178689,0.01588829793035984,-0.00708270538598299,0.30421874530981946,64.98115921020508
4,140,0.003972963429987431,0.33502107858657837,-0.24729284550994635,0.011858846156000457,64.98115921020508
4,141,0.005790321622043848,0.04205983132123947,-0.025754551868885756,0.13766868387278028,64.98115921020508
4,142,0.010028778575360775,0.35052990913391113,-0.2528686532750726,0.02861033627661405,64.98115921020508
4,143,0.014108235947787762,0.11305321007966995,-0.0706816716119647,0.12479288237565944,64.98115921020508
4,144,0.006885231006890535,0.043021511286497116,-0.0253809024579823,0.16004158851787054,64.98115921020508
4,145,0.011243958957493305,0.43253591656684875,-0.31315797846764326,0.025995434198189987,64.98115921020508
4,146,0.010854854248464108,0.05320746824145317,-0.02905074693262577,0.20400997467124807,64.98115921020508
4,147,0.001947046141140163,0.03682389482855797,-0.025670874980278313,0.05287453025140891,64.98115921020508
4,148,0.003654762636870146,0.007477893028408289,-0.001953657134436071,0.48874229980250733,64.98115921020508
4,149,0.01821536384522915,0.12048554420471191,-0.07214879430830479,0.15118298186983334,64.98115921020508
4,150,0.002207719022408128,0.023056963458657265,-0.01508500357158482,0.09575064063708869,64.98115921020508
4,151,0.02798098511993885,0.018606925383210182,0.014025791082531214,1.5037941273029174,64.98115921020508
4,152,0.008718876168131828,0.038116250187158585,-0.01986831147223711,0.22874433148831846,64.98115921020508
4,153,0.001570243970490992,0.0,0.001570243970490992,1570243970.490992,64.98115921020508
4,154,0.008706153370440006,0.03798927366733551,-0.019785801880061626,0.2291739885960674,64.98115921020508
4,155,0.01386749092489481,0.03368870168924332,-0.011399035342037678,0.4116362527829624,64.98115921020508
4,156,0.013207617215812206,0.12410973012447357,-0.07987468037754297,0.10641886983767872,64.98115921020508
4,157,0.0012520399177446961,0.004093671217560768,-0.00181821349542588,0.3058476977994539,64.98115921020508
4,158,0.0062381792813539505,0.026484360918402672,-0.013625091407448053,0.23554199779779494,64.98115921020508
4,159,0.010473430156707764,0.03405916690826416,-0.015070945024490356,0.30750693886934066,64.98115921020508
4,160,0.03455321118235588,0.10450698435306549,-0.04382702708244324,0.3306306405827478,64.98115921020508
4,161,0.03475441411137581,0.11749541014432907,-0.053367143496870995,0.2957938022292817,64.98115921020508
4,162,0.025223908945918083,0.08583662658929825,-0.0391535609960556,0.2938595090218636,64.98115921020508
4,163,0.013543178327381611,0.04146596044301987,-0.01755629200488329,0.3266095414735481,64.98115921020508
4,164,0.01120729185640812,0.027252092957496643,-0.009231777861714363,0.41124517935103827,64.98115921020508
4,165,0.0,0.0,0.0,0.0,64.98115921020508
4,166,0.013939223252236843,0.17767202854156494,-0.11931479815393686,0.07845479880305087,64.98115921020508
4,167,0.0,0.0028998374473303556,-0.0021748780854977667,0.0,64.98115921020508
4,168,0.09220834821462631,0.3241749405860901,-0.15092285722494125,0.2844400867248849,64.98115921020508
4,169,0.008558533154428005,0.03682318329811096,-0.019058854319155216,0.23242241402401073,64.98115921020508
4,170,0.012970855459570885,0.0640302300453186,-0.03505181707441807,0.20257393187855083,64.98115921020508
4,171,0.029915763065218925,0.07772815227508545,-0.02838035114109516,0.3848768070410324,64.98115921020508
4,172,0.027862941846251488,0.09494812786579132,-0.043348154053092,0.2934543573659731,64.98115921020508
4,173,0.007916800677776337,0.022132977843284607,-0.008682932704687119,0.35769252260019274,64.98115921020508
4,174,0.008398092351853848,0.036561403423547745,-0.01902296021580696,0.22969830381880998,64.98115921020508
4,175,0.013124292716383934,0.01919221132993698,-0.0012698657810688019,0.683834316435864,64.98115921020508
4,176,0.007515239529311657,0.03251873701810837,-0.01687381323426962,0.23110490191841151,64.98115921020508
4,177,0.00912092998623848,0.015203899703919888,-0.002281994791701436,0.5999072713750541,64.98115921020508
4,178,0.02652917243540287,0.11777028441429138,-0.061798540875315666,0.22526202230991896,64.98115921020508
4,179,0.0167246051132679,0.05222006514668465,-0.022440443746745586,0.32027162482407284,64.98115921020508
4,180,0.003256209660321474,0.010260868817567825,-0.004439441952854395,0.31734248998770104,64.98115921020508
4,181,0.022788139060139656,0.050621140748262405,-0.015177716501057148,0.45017039764106265,64.98115921020508
4,182,0.0024535164702683687,0.037305258214473724,-0.025525427190586925,0.06576864998754205,64.98115921020508
4,183,0.004368260037153959,0.01657198928296566,-0.008060731925070286,0.2635929798349857,64.98115921020508
4,184,0.005799791309982538,0.08815591037273407,-0.060317141469568014,0.06579015842947471,64.98115921020508
4,185,0.015910159796476364,0.05639827623963356,-0.026388547383248806,0.28210365381723296,64.98115921020508
4,186,0.009322731755673885,0.018683582544326782,-0.004689955152571201,0.4989798788886839,64.98115921020508
4,187,0.030244331806898117,0.11181223392486572,-0.053614843636751175,0.2704921522894432,64.98115921020508
4,188,0.0029403292573988438,0.028502536937594414,-0.018436573445796967,0.1031602647769025,64.98115921020508
4,189,0.005264173727482557,0.004239371512085199,0.0020846450934186578,1.2417344672987998,64.98115921020508
4,190,0.007888251915574074,0.02944069541990757,-0.014192269649356604,0.2679370104135571,64.98115921020508
4,191,0.04248138144612312,0.14404243230819702,-0.06555044278502464,0.2949226888569467,64.98115921020508
4,192,0.011118985712528229,0.05721963569521904,-0.03179574105888605,0.19432115526843435,64.98115921020508
4,193,0.0,0.0,0.0,0.0,64.98115921020508
4,194,0.0015771352918818593,0.0,0.0015771352918818593,1577135291.8818593,64.98115921020508
4,195,0.0036893971264362335,0.04248591884970665,-0.028175042010843754,0.0868381154565725,64.98115921020508
4,196,0.003566037630662322,0.03711463510990143,-0.02426993870176375,0.096081710624575,64.98115921020508
4,197,0.002236552070826292,0.011897755786776543,-0.006686764769256115,0.1879810033690614,64.98115921020508
4,198,0.0030473745428025723,0.015212316997349262,-0.008361863205209374,0.2003228399153957,64.98115921020508
4,199,0.0002331157447770238,0.005844212602823973,-0.004150043707340956,0.03988830670268429,64.98115921020508
4,200,0.013126397505402565,0.05422478914260864,-0.027542194351553917,0.2420737399391021,64.98115921020508
4,201,0.005608117673546076,0.014805818907916546,-0.005496246507391334,0.3787779458904961,64.98115921020508
4,202,0.007941936142742634,0.05538710951805115,-0.03359839599579573,0.1433896119820244,64.98115921020508
4,203,0.008432994596660137,0.03045530803501606,-0.014408486429601908,0.2768973666819388,64.98115921020508
4,204,0.030639486387372017,0.016892457380890846,0.017970143351703882,1.8137968736400867,64.98115921020508
4,205,0.0037516895681619644,0.01151237078011036,-0.004882588516920805,0.3258833162599126,64.98115921020508
4,206,0.0013325739419087768,0.023327859118580818,-0.016163320397026837,0.057123713542587704,64.98115921020508
4,207,0.00015921122394502163,0.07144545018672943,-0.05342487641610205,0.002228430551234258,64.98115921020508
4,208,0.004613128025084734,0.01537675503641367,-0.006919438252225518,0.30000660177393645,64.98115921020508
4,209,0.010424566455185413,0.06962009519338608,-0.041790504939854145,0.14973502156351567,64.98115921020508
4,210,0.03721979260444641,0.2881302833557129,-0.17887791991233826,0.12917695485124459,64.98115921020508
4,211,0.02679271064698696,0.0030950496438890696,0.02447142341407016,8.656633566841299,64.98115921020508
4,212,0.082297183573246,0.012264272198081017,0.07309897942468524,6.710319392569636,64.98115921020508
4,213,0.009942448697984219,0.03133866935968399,-0.013561553321778774,0.31725816382164407,64.98115921020508
4,214,0.01594141684472561,0.07482219487428665,-0.04017522931098938,0.2130573270577895,64.98115921020508
4,215,0.0032248725183308125,0.00159255915787071,0.00203045314992778,2.024962463948644,64.98115921020508
4,216,0.05091184750199318,0.18459630012512207,-0.08753537759184837,0.2758010180442868,64.98115921020508
4,217,0.005012852605432272,0.031169097870588303,-0.018363970797508955,0.16082764493487822,64.98115921020508
4,218,0.0006427673506550491,0.010164405219256878,-0.006980536563787609,0.0632370843868034,64.98115921020508
4,219,0.0015393352368846536,0.10821731388568878,-0.07962365017738193,0.014224482031557786,64.98115921020508
4,220,0.017934458330273628,0.08983603864908218,-0.04944257065653801,0.19963545365273316,64.98115921020508
4,221,0.04244118928909302,0.04815085232257843,0.006328050047159195,0.8814213506312221,64.98115921020508
4,222,0.004550534766167402,0.0018199834739789367,0.0031855471606831998,2.5003165296432526,64.98115921020508
4,223,0.04895280674099922,0.03345665708184242,0.023860313929617405,1.4631708906178702,64.98115921020508
4,224,0.042850419878959656,0.021673880517482758,0.026595009490847588,1.9770534326983236,64.98115921020508
4,225,0.0023662240710109472,0.0,0.0023662240710109472,2366224071.010947,64.98115921020508
4,226,0.11075465381145477,0.36797383427619934,-0.16522572189569473,0.30098513398108057,64.98115921020508
4,227,0.0034527822863310575,0.013986807316541672,-0.007037323201075196,0.24685993078640053,64.98115921020508
4,228,0.0,0.010034056380391121,-0.007525542285293341,0.0,64.98115921020508
4,229,0.013992910273373127,0.04371146485209465,-0.01879068836569786,0.3201199117988943,64.98115921020508
4,230,0.0005853737238794565,0.114765964448452,-0.08548909961245954,0.00510058645598958,64.98115921020508
4,231,0.07407185435295105,0.2782047390937805,-0.13458169996738434,0.26624943411807156,64.98115921020508
4,232,0.002305482281371951,0.00943377148360014,-0.004769846331328154,0.24438606395495824,64.98115921020508
4,233,0.03211792930960655,0.100491963326931,-0.0432510431855917,0.31960694413738866,64.98115921020508
4,234,0.013850191608071327,0.13403569161891937,-0.0866765771061182,0.1033321158020049,64.98115921020508
4,235,0.0038200453855097294,0.026347219944000244,-0.015940369572490454,0.1449885564201485,64.98115921020508
4,236,0.031247055158019066,0.07787198573350906,-0.027156934142112732,0.4012618255883501,64.98115921020508
4,237,0.005455733276903629,0.022199906408786774,-0.011194196529686451,0.24575478725885452,64.98115921020508
4,238,0.006070759147405624,0.03386582061648369,-0.019328606314957142,0.17925917744545994,64.98115921020508
4,239,0.03641309216618538,0.09470533579587936,-0.034615909680724144,0.38448828526708234,64.98115921020508
4,240,0.00026744173374027014,0.07213002443313599,-0.05383007659111172,0.0037077726763350663,64.98115921020508
4,241,0.0073158154264092445,0.02104899287223816,-0.008470929227769375,0.34756130473637176,64.98115921020508
4,242,0.0037591278087347746,0.0289816502481699,-0.01797710987739265,0.12970716906786373,64.98115921020508
4,243,0.005272163078188896,0.28346797823905945,-0.2073288206011057,0.018598795923693644,64.98115921020508
4,244,0.002411294262856245,0.0651630237698555,-0.04646097356453538,0.037004026567820335,64.98115921020508
4,245,0.0028084914665669203,0.02336992882192135,-0.014718955149874091,0.12017543946528143,64.98115921020508
4,246,0.005152134224772453,0.01749584823846817,-0.007969751954078674,0.2944775328554785,64.98115921020508
4,247,0.0031930075492709875,0.015670059248805046,-0.008559536887332797,0.20376486766064478,64.98115921020508
4,248,0.04647699370980263,0.056594882160425186,0.004030832089483738,0.8212225546691064,64.98115921020508
4,249,0.00436360202729702,0.0331488773226738,-0.020498055964708328,0.13163649509724676,64.98115921020508
4,250,0.007823936641216278,0.029116930440068245,-0.014013761188834906,0.26870746753514013,64.98115921020508
4,251,0.006484962534159422,0.01860935613512993,-0.0074720545671880245,0.34847860864830865,64.98115921020508
4,252,0.0011444108095020056,0.005887493025511503,-0.003271208959631622,0.19437998556409322,64.98115921020508
4,253,0.008579563349485397,0.06787256896495819,-0.042324863374233246,0.12640693405591466,64.98115921020508
4,254,0.02013513818383217,0.07150188088417053,-0.03349127247929573,0.28160291637878004,64.98115921020508
4,255,0.03776134178042412,0.111300989985466,-0.045714400708675385,0.33927229025560174,64.98115921020508
5,0,0.0,0.0,0.0,0.0,65.00180768966675
5,1,0.024236595258116722,0.09947827458381653,-0.050372110679745674,0.2436370690914253,65.00180768966675
5,2,0.012926643714308739,0.046271272003650665,-0.02177681028842926,0.27936650872726165,65.00180768966675
5,3,0.0037106277886778116,0.02114911377429962,-0.012151207542046905,0.1754507459793191,65.00180768966675
5,4,0.03798321262001991,0.13020677864551544,-0.05967187136411667,0.2917145559920233,65.00180768966675
5,5,0.0010293988743796945,0.007996971718966961,-0.004968329914845526,0.128723585680499,65.00180768966675
5,6,0.005053495056927204,0.03125329315662384,-0.018386474810540676,0.16169480225460559,65.00180768966675
5,7,0.040331754833459854,0.12947654724121094,-0.05677565559744835,0.3114985353912126,65.00180768966675
5,8,0.021512668579816818,0.07210235297679901,-0.03256409615278244,0.29836292009001103,65.00180768966675
5,9,0.006504167336970568,0.022643208503723145,-0.01047823904082179,0.287245835130382,65.00180768966675
5,10,0.0,0.0,0.0,0.0,65.00180768966675
5,11,0.05432484298944473,0.1677216738462448,-0.07146641239523888,0.323898764800797,65.00180768966675
5,12,0.01682293601334095,0.03810981288552284,-0.011759423650801182,0.44143318319178143,65.00180768966675
5,13,0.00547192944213748,0.01556237693876028,-0.006199853261932731,0.35161270436505493,65.00180768966675
5,14,0.01584039255976677,0.060675498098134995,-0.029666231013834476,0.2610673674880404,65.00180768966675
5,15,0.025264402851462364,0.06411685049533844,-0.022823235020041466,0.39403686637579227,65.00180768966675
5,16,0.046082865446805954,0.20999182760715485,-0.11141100525856018,0.21945075659228352,65.00180768966675
5,17,0.004486883990466595,0.0,0.004486883990466595,4486883990.466595,65.00180768966675
5,18,0.01837873086333275,0.06741563975811005,-0.032182998955249786,0.27261820742195336,65.00180768966675
5,19,4.374357104097726e-06,0.07850000262260437,-0.05887062760984918,5.572429245731501e-05,65.00180768966675
5,20,0.02454814314842224,0.1564006507396698,-0.09275234490633011,0.156956783953066,65.00180768966675
5,21,0.02415682002902031,0.07615932822227478,-0.032962676137685776,0.31718793472285156,65.00180768966675
5,22,0.023238014429807663,0.09148842841386795,-0.0453783068805933,0.25399949296791297,65.00180768966675
5,23,0.009377336129546165,0.08047071099281311,-0.05097569711506367,0.11653104606304683,65.00180768966675
5,24,0.017231976613402367,0.161382257938385,-0.10380471684038639,0.10677739197250963,65.00180768966675
5,25,0.0007413000566884875,0.027323376387357712,-0.019751232233829796,0.027130616881021703,65.00180768966675
5,26,0.0,0.0,0.0,0.0,65.00180768966675
5,27,0.003928851336240768,0.0134570999071002,-0.006163973594084382,0.29195379116386616,65.00180768966675
5,28,0.0,0.0,0.0,0.0,65.00180768966675
5,29,0.0061804489232599735,0.0,0.0061804489232599735,6180448923.259974,65.00180768966675
5,30,0.016258440911769867,0.05251974239945412,-0.02313136588782072,0.3095681770066962,65.00180768966675
5,31,0.010984918102622032,0.05585186183452606,-0.030903978273272514,0.1966795329933797,65.00180768966675
5,32,0.015899091958999634,0.13008347153663635,-0.08166351169347763,0.12222222985800033,65.00180768966675
5,33,0.004093253053724766,0.019487228244543076,-0.010522168129682541,0.21004798641186614,65.00180768966675
5,34,0.003606467042118311,0.053085632622241974,-0.03620775742456317,0.06793678183537981,65.00180768966675
5,35,0.008149154484272003,0.2899007797241211,-0.20927643030881882,0.02811015027968842,65.00180768966675
5,36,0.0072939726524055,0.034234609454870224,-0.018381984438747168,0.2130584448993853,65.00180768966675
5,37,0.008946835063397884,0.02781364694237709,-0.011913400143384933,0.321670692146622,65.00180768966675
5,38,0.012338418513536453,0.06813370436429977,-0.03876185975968838,0.18109126207763276,65.00180768966675
5,39,0.059209585189819336,0.18290984630584717,-0.07797279953956604,0.3237091189202035,65.00180768966675
5,40,0.0,0.006834841333329678,-0.005126130999997258,0.0,65.00180768966675
5,41,0.012478278018534184,0.10733745992183685,-0.06802481692284346,0.11625277910903252,65.00180768966675
5,42,0.0,0.0,0.0,0.0,65.00180768966675
5,43,0.03823341429233551,0.1420784592628479,-0.06832543015480042,0.2691007102021979,65.00180768966675
5,44,0.0,0.025168029591441154,-0.018876022193580866,0.0,65.00180768966675
5,45,0.02561354450881481,0.11714932322502136,-0.06224844790995121,0.2186401406638728,65.00180768966675
5,46,0.023727616295218468,0.08228053152561188,-0.03798278234899044,0.2883746112838889,65.00180768966675
5,47,0.014583954587578773,0.10276719182729721,-0.062491439282894135,0.14191255329760838,65.00180768966675
5,48,0.008139397948980331,0.08228303492069244,-0.053572878241539,0.09891951550798384,65.00180768966675
5,49,0.005047252867370844,0.01621348038315773,-0.007112857419997454,0.31129977942937775,65.00180768966675
5,50,0.013695703819394112,0.12564225494861603,-0.08053598739206791,0.10900555569371342,65.00180768966675
5,51,0.0,0.09665287286043167,-0.07248965464532375,0.0,65.00180768966675
5,52,0.0005713306600227952,1.3957147757537314e-06,0.0005702838739409799,409.34599289332976,65.00180768966675
5,53,0.0068783084861934185,0.06550689786672592,-0.04225186491385102,0.10500128551473108,65.00180768966675
5,54,0.0033367988653481007,0.021670201793313026,-0.01291585247963667,0.15398097798165344,65.00180768966675
5,55,0.049768753349781036,0.14272479712963104,-0.057274844497442245,0.34870432013456937,65.00180768966675
5,56,0.005927068181335926,5.960285307082813e-06,0.005922597967355614,994.4267566966686,65.00180768966675
5,57,0.0,0.002474243985489011,-0.001855682989116758,0.0,65.00180768966675
5,58,0.0,0.014753930270671844,-0.011065447703003883,0.0,65.00180768966675
5,59,0.01299559697508812,0.030029235407710075,-0.009526329580694437,0.4327648306129934,65.00180768966675
5,60,0.0124453604221344,0.01388893835246563,0.0020286566577851772,0.8960627591113887,65.00180768966675
5,61,0.014418002218008041,0.05042724311351776,-0.02340243011713028,0.28591692362133453,65.00180768966675
5,62,0.005434385035187006,0.01955650933086872,-0.009232996962964535,0.27788113629927247,65.00180768966675
5,63,0.0016009367536753416,0.0,0.0016009367536753416,1600936753.6753416,65.00180768966675
5,64,0.0053686280734837055,0.15082000195980072,-0.10774637339636683,0.03559626046735534,65.00180768966675
5,65,0.023329896852374077,0.0759972333908081,-0.033668028190732,0.306983502045337,65.00180768966675
5,66,0.013511983677744865,0.03952185809612274,-0.01612940989434719,0.3418863466525265,65.00180768966675
5,67,0.004265457391738892,0.07501128315925598,-0.051993004977703094,0.056864210449860744,65.00180768966675
5,68,0.001936421962454915,0.027032507583498955,-0.0183379587251693,0.07163308680861345,65.00180768966675
5,69,0.004862144589424133,0.0021490720100700855,0.003250340581871569,2.2624391199451384,65.00180768966675
5,70,0.003836497664451599,0.024472955614328384,-0.01451821904629469,0.15676478659768617,65.00180768966675
5,71,0.0080687515437603,0.047165293246507645,-0.027305218391120434,0.17107391872702238,65.00180768966675
5,72,0.002060630125924945,0.15692929923534393,-0.115636344300583,0.01313094582052218,65.00180768966675
5,73,0.0,0.0,0.0,0.0,65.00180768966675
5,74,0.006562422960996628,0.025892410427331924,-0.012856884859502316,0.2534496731836102,65.00180768966675
5,75,0.027108769863843918,0.19477291405200958,-0.11897091567516327,0.13918141542240298,65.00180768966675
5,76,0.003004120197147131,0.003776807337999344,0.00017151469364762306,0.7954126137509215,65.00180768966675
5,77,0.030580414459109306,0.10967853665351868,-0.0516784880310297,0.278818585585582,65.00180768966675
5,78,0.04929037764668465,0.2177424430847168,-0.11401645466685295,0.2263700955503697,65.00180768966675
5,79,0.005284322425723076,0.040070850402116776,-0.024768815375864506,0.13187447664729504,65.00180768966675
5,80,0.03969401866197586,0.15338540077209473,-0.07534503191709518,0.2587861586690105,65.00180768966675
5,81,0.0010119021171703935,0.01664617471396923,-0.01147272891830653,0.06078886798301059,65.00180768966675
5,82,0.0,0.0,0.0,0.0,65.00180768966675
5,83,0.0013919631019234657,0.013475337065756321,-0.008714539697393775,0.10329708971491637,65.00180768966675
5,84,0.005559767596423626,0.015169610269367695,-0.005817440105602145,0.3665069502335252,65.00180768966675
5,85,0.046259794384241104,0.19586196541786194,-0.10063667967915535,0.23618569478413998,65.00180768966675
5,86,0.00044745070044882596,0.0015869686612859368,-0.0007427757955156267,0.28195307889967974,65.00180768966675
5,87,0.033900417387485504,0.05643048509955406,-0.008422446437180042,0.6007465171897425,65.00180768966675
5,88,0.020560793578624725,0.03001210279762745,-0.0019482835195958614,0.6850834050710048,65.00180768966675
5,89,0.002828129567205906,0.01812884397804737,-0.010768503416329622,0.15600164966252403,65.00180768966675
5,90,0.007333181798458099,0.020343748852610588,-0.007924629840999842,0.36046364174204865,65.00180768966675
5,91,0.004682993050664663,0.08844593912363052,-0.06165146129205823,0.05294751909486524,65.00180768966675
5,92,0.012974947690963745,0.031028438359498978,-0.010296381078660488,0.4181630909108728,65.00180768966675
5,93,0.016942912712693214,0.0009808355243876576,0.01620728606940247,17.27395906260311,65.00180768966675
5,94,0.05163807421922684,0.16245713829994202,-0.07020477950572968,0.31785660365117613,65.00180768966675
5,95,0.009099490009248257,0.060669511556625366,-0.03640264365822077,0.14998456021201592,65.00180768966675
5,96,0.0021096172276884317,0.011162489652633667,-0.0062622500117868185,0.1889916401402172,65.00180768966675
5,97,0.05413580685853958,0.04310043901205063,0.02181047759950161,1.2560384093105754,65.00180768966675
5,98,0.0040545095689594746,0.18248873949050903,-0.1328120450489223,0.022217861662352737,65.00180768966675
5,99,0.005226766224950552,0.09137415885925293,-0.06330385291948915,0.05720179851881685,65.00180768966675
5,100,0.0004810964746866375,0.04662024974822998,-0.03448409083648585,0.01031947441882985,65.00180768966675
5,101,0.027760343626141548,0.09975898265838623,-0.047058893367648125,0.2782741251574863,65.00180768966675
5,102,0.0,0.003428134135901928,-0.002571100601926446,0.0,65.00180768966675
5,103,0.007447473239153624,0.029639413580298424,-0.014782086946070194,0.25126925061205513,65.00180768966675
5,104,0.00025119553902186453,0.02955411933362484,-0.021914393961196765,0.008499510209650212,65.00180768966675
5,105,0.0009616008610464633,0.07246693223714828,-0.05338859831681475,0.013269512470685961,65.00180768966675
5,106,0.005599461495876312,0.07030320167541504,-0.04712793976068497,0.0796473185054784,65.00180768966675
5,107,0.009831223636865616,0.15526342391967773,-0.10661634430289268,0.06331963696670938,65.00180768966675
5,108,0.016186725348234177,0.10941652208566666,-0.06587566621601582,0.1479367561638725,65.00180768966675
5,109,0.0015169477555900812,0.0,0.0015169477555900812,1516947755.5900812,65.00180768966675
5,110,0.0002880772517528385,0.034615568816661835,-0.025673599360743538,0.008322187431623352,65.00180768966675
5,111,0.009370632469654083,0.02984388917684555,-0.01301228441298008,0.31398831478741457,65.00180768966675
5,112,0.02191406860947609,0.03330511599779129,-0.0030647683888673782,0.6579790507341694,65.00180768966675
5,113,0.0010760879376903176,0.05440441146492958,-0.03972722066100687,0.019779424291065273,65.00180768966675
5,114,0.009093663655221462,0.030424386262893677,-0.013724626041948795,0.298893906235125,65.00180768966675
5,115,0.021333621814846992,0.1279717981815338,-0.07464522682130337,0.16670565013408326,65.00180768966675
5,116,0.0015173209831118584,0.10129551589488983,-0.07445431593805552,0.014979152529035346,65.00180768966675
5,117,0.0002611112722661346,0.10747753828763962,-0.08034704244346358,0.0024294496917569804,65.00180768966675
5,118,0.008695407770574093,0.01929936558008194,-0.005779116414487362,0.4505540730881694,65.00180768966675
5,119,0.0068778968416154385,0.8803170323371887,-0.6533598774112761,0.00781297713091751,65.00180768966675
5,120,0.017201120033860207,0.04420296102762222,-0.01595110073685646,0.38913954254607896,65.00180768966675
5,121,0.006127075292170048,0.01917378045618534,-0.008253260049968958,0.3195548893371175,65.00180768966675
5,122,0.09431124478578568,0.01245242077857256,0.08497192920185626,7.573727747820532,65.00180768966675
5,123,0.01173453964293003,0.023064592853188515,-0.005563904996961355,0.508768557811288,65.00180768966675
5,124,0.008981035090982914,0.036069538444280624,-0.018071118742227554,0.24899223771902748,65.00180768966675
5,125,0.00043041896424256265,6.594765636691591e-06,0.00042547289001504396,65.2667467940142,65.00180768966675
5,126,0.002438685856759548,0.020791631191968918,-0.01315503753721714,0.11729170424994052,65.00180768966675
5,127,0.006870172452181578,0.0,0.006870172452181578,6870172452.181578,65.00180768966675
5,128,0.0016602384857833385,0.006952238269150257,-0.0035539402160793543,0.23880632700861906,65.00180768966675
5,129,0.00402819411829114,0.04848535731434822,-0.032335823867470026,0.0830806317893423,65.00180768966675
5,130,0.005422727204859257,0.023565003648400307,-0.012251025531440973,0.23011781731666556,65.00180768966675
5,131,0.005975422915071249,0.05628567934036255,-0.03623883659020066,0.10616240196429684,65.00180768966675
5,132,0.18715828657150269,0.06898795068264008,0.13541732355952263,2.7129126857204313,65.00180768966675
5,133,0.004356979858130217,0.020560847595334053,-0.011063655838370323,0.21190662679232422,65.00180768966675
5,134,0.0319184772670269,0.1258196383714676,-0.06244625151157379,0.25368438250106623,65.00180768966675
5,135,0.0025992230512201786,0.12430255860090256,-0.09062769589945674,0.02091045494521619,65.00180768966675
5,136,0.015670353546738625,0.06546176970005035,-0.03342597372829914,0.2393817585180131,65.00180768966675
5,137,0.025836171582341194,0.06438317894935608,-0.022451212629675865,0.4012876034322984,65.00180768966675
5,138,0.00028357908013276756,0.0011259447783231735,-0.0005608795036096126,0.25185878147881485,65.00180768966675
5,139,0.020824380218982697,0.15047232806682587,-0.0920298658311367,0.13839342081286893,65.00180768966675
5,140,0.10346195101737976,0.1843777447938919,-0.03482135757803917,0.5611412111178297,65.00180768966675
5,141,0.004012878984212875,0.01573481224477291,-0.007788230199366808,0.2550318949812012,65.00180768966675
5,142,0.006604420021176338,0.017363842576742172,-0.006418461911380291,0.38035475106427247,65.00180768966675
5,143,0.03891872987151146,0.17346055805683136,-0.09117668867111206,0.2243664514127531,65.00180768966675
5,144,0.0037126154638826847,0.035274941474199295,-0.022743590641766787,0.10524795530824363,65.00180768966675
5,145,0.006802770309150219,0.028336143121123314,-0.014449337031692266,0.2400739677178927,65.00180768966675
5,146,0.0005485335132107139,0.0,0.0005485335132107139,548533513.2107139,65.00180768966675
5,147,0.0027490260545164347,0.06375589966773987,-0.045067898696288466,0.0431179870223729,65.00180768966675
5,148,0.0011989772319793701,0.07447335869073868,-0.05465604178607464,0.016099411293402192,65.00180768966675
5,149,0.011785198003053665,0.05085549131035805,-0.02635642047971487,0.23173894694871552,65.00180768966675
5,150,0.0003970380639657378,0.01660933718085289,-0.01205996482167393,0.023904509831947758,65.00180768966675
5,151,0.0,0.015841329470276833,-0.011880997102707624,0.0,65.00180768966675
5,152,0.007545989006757736,0.053959768265485764,-0.032923837192356586,0.13984472597234124,65.00180768966675
5,153,0.001408279873430729,0.015138689428567886,-0.009945737197995186,0.09302521727410365,65.00180768966675
5,154,0.015717091038823128,0.03190607205033302,-0.00821246299892664,0.4926050130375254,65.00180768966675
5,155,0.08018157631158829,0.2988298535346985,-0.14394081383943558,0.2683184941627987,65.00180768966675
5,156,0.0047987764701247215,0.03789190202951431,-0.023620150052011013,0.126643852986326,65.00180768966675
5,157,0.0009353625937364995,0.0070406850427389145,-0.004345151188317686,0.13285107740592536,65.00180768966675
5,158,0.010495885275304317,0.06667054444551468,-0.03950702305883169,0.15742912199741319,65.00180768966675
5,159,0.04913366958498955,0.04342024400830269,0.01656848657876253,1.1315843728207233,65.00180768966675
5,160,0.06293974071741104,0.07320120930671692,0.008038833737373352,0.8598183187497681,65.00180768966675
5,161,0.0,0.0,0.0,0.0,65.00180768966675
5,162,0.01050290185958147,0.06823064386844635,-0.04067008104175329,0.1539323281145917,65.00180768966675
5,163,0.0032511791214346886,0.027616996318101883,-0.017461568117141724,0.11772384961307111,65.00180768966675
5,164,0.0,0.0,0.0,0.0,65.00180768966675
5,165,0.029115060344338417,0.052085038274526596,-0.00994871836155653,0.5589908601069191,65.00180768966675
5,166,0.004378475248813629,0.11352448165416718,-0.08076488599181175,0.03856855530169548,65.00180768966675
5,167,0.009603180922567844,0.02964530885219574,-0.01263080071657896,0.3239359377270455,65.00180768966675
5,168,0.020224744454026222,0.029166987165808678,-0.001650495920330286,0.6934121902395696,65.00180768966675
5,169,0.0009233978926204145,0.1756555289030075,-0.13081824878463522,0.0052568677933561335,65.00180768966675
5,170,1.900705115076562e-06,0.25975409150123596,-0.1948136679208119,7.3173250287770765e-06,65.00180768966675
5,171,0.006204906385391951,0.022742263972759247,-0.010851791594177485,0.2728359143377885,65.00180768966675
5,172,0.07119011878967285,0.04854539781808853,0.03478107042610645,1.4664648347300224,65.00180768966675
5,173,0.012202325277030468,0.041906483471393585,-0.01922753732651472,0.29117989069803246,65.00180768966675
5,174,0.00017832456796895713,0.011623639613389969,-0.00853940514207352,0.015341543086744774,65.00180768966675
5,175,0.0076058669947087765,0.05077899247407913,-0.030478377360850573,0.14978373189348956,65.00180768966675
5,176,0.00013968850544188172,0.0013745385222136974,-0.0008912153862183914,0.10162574790213032,65.00180768966675
5,177,0.03851427510380745,0.2672930657863617,-0.16195552423596382,0.14409006455276516,65.00180768966675
5,178,0.0016518613556399941,0.042446672916412354,-0.03018314333166927,0.0389161562521988,65.00180768966675
5,179,0.00814711581915617,0.3140663802623749,-0.227402669377625,0.02594074479517365,65.00180768966675
5,180,0.0025983990635722876,0.17418724298477173,-0.1280420331750065,0.014917275335625667,65.00180768966675
5,181,0.01732631027698517,0.0661715492606163,-0.03230235166847706,0.26183927186718486,65.00180768966675
5,182,0.03351108357310295,0.04181930795311928,0.0021466026082634926,0.8013304191898291,65.00180768966675
5,183,0.05227009952068329,0.230108842253685,-0.12031153216958046,0.22715380690512804,65.00180768966675
5,184,0.019987668842077255,0.012859121896326542,0.010343327419832349,1.5543572105209427,65.00180768966675
5,185,0.17025062441825867,0.5330472588539124,-0.2295348197221756,0.3193912389381565,65.00180768966675
5,186,0.003671949030831456,0.06255939602851868,-0.04324759799055755,0.05869540411002122,65.00180768966675
5,187,0.024274542927742004,0.24095362424850464,-0.15644067525863647,0.10074363066067021,65.00180768966675
5,188,0.03372984752058983,0.12337954342365265,-0.05880481004714966,0.27338282007169606,65.00180768966675
5,189,0.00970690418034792,0.0078604556620121,0.0038115624338388443,1.2349034962469676,65.00180768966675
5,190,0.003825061023235321,0.0,0.003825061023235321,3825061023.235321,65.00180768966675
5,191,0.051232270896434784,0.23556193709373474,-0.12543918192386627,0.21748959754831257,65.00180768966675
5,192,0.01324346661567688,0.03526376187801361,-0.013204354792833328,0.3755545611133001,65.00180768966675
5,193,0.020392218604683876,0.27518486976623535,-0.18599643371999264,0.07410370570857548,65.00180768966675
5,194,0.00570105342194438,0.022485921159386635,-0.011163387447595596,0.2535387979562921,65.00180768966675
5,195,0.004834300372749567,0.02644282579421997,-0.014997818972915411,0.1828208683212464,65.00180768966675
5,196,0.013573474250733852,0.350990355014801,-0.24966929201036692,0.03867192946120356,65.00180768966675
5,197,0.01745792292058468,0.1245659664273262,-0.07596655189990997,0.14015002188121553,65.00180768966675
5,198,0.008362636901438236,0.05538370460271835,-0.03317514155060053,0.1509945382179578,65.00180768966675
5,199,0.005438594147562981,0.0,0.005438594147562981,5438594147.562981,65.00180768966675
5,200,0.007590561639517546,0.053694140166044235,-0.03268004348501563,0.1413666671242534,65.00180768966675
5,201,0.031948115676641464,0.07815898209810257,-0.026671120896935463,0.40875808280272236,65.00180768966675
5,202,0.0003759416285902262,0.07463542371988297,-0.055600626161322,0.005037040186120599,65.00180768966675
5,203,0.001082541886717081,0.0,0.001082541886717081,1082541886.717081,65.00180768966675
5,204,0.017426442354917526,0.07789680361747742,-0.040996160358190536,0.2237119053083188,65.00180768966675
5,205,0.0,0.021726161241531372,-0.01629462093114853,0.0,65.00180768966675
5,206,0.004939269740134478,0.005867079831659794,0.0005389598663896322,0.8418616894625242,65.00180768966675
5,207,0.0,0.0,0.0,0.0,65.00180768966675
5,208,0.058961253613233566,0.20696018636226654,-0.09625888615846634,0.2848917690368809,65.00180768966675
5,209,0.0010726181790232658,3.210447516721615e-07,0.0010723773954595117,3341.0134643942547,65.00180768966675
5,210,0.02144981361925602,0.09794723987579346,-0.05201061628758907,0.218993548427066,65.00180768966675
5,211,0.0,0.01847647689282894,-0.013857357669621706,0.0,65.00180768966675
5,212,0.0,0.05074702948331833,-0.03806027211248875,0.0,65.00180768966675
5,213,0.021499931812286377,0.061470575630664825,-0.024602999910712242,0.3497597279894561,65.00180768966675
5,214,0.006156031042337418,0.053834304213523865,-0.03421969711780548,0.11435145549213939,65.00180768966675
5,215,0.0050392369739711285,0.05122905597090721,-0.03338255500420928,0.09836677405756854,65.00180768966675
5,216,0.010913865640759468,0.022400373592972755,-0.0058864145539700985,0.4872180187073331,65.00180768966675
5,217,0.006396057549864054,0.017034636810421944,-0.006379920057952404,0.37547366701563106,65.00180768966675
5,218,0.018326392397284508,0.053468164056539536,-0.021774730645120144,0.34275335090171866,65.00180768966675
5,219,0.007209102623164654,0.05887855216860771,-0.03694981150329113,0.12244021562211396,65.00180768966675
5,220,0.0,0.011207954958081245,-0.008405966218560934,0.0,65.00180768966675
5,221,0.0008844033000059426,0.014912343584001064,-0.010299854387994856,0.05930679473449642,65.00180768966675
5,222,0.013529637828469276,0.04739616811275482,-0.02201748825609684,0.2854584741111771,65.00180768966675
5,223,0.0015263428213074803,0.18313057720661163,-0.13582159008365124,0.008334724023597079,65.00180768966675
5,224,0.014359374530613422,0.01582995615899563,0.002486907411366701,0.9071013454163217,65.00180768966675
5,225,0.023245180025696754,0.07083389908075333,-0.02988024428486824,0.3281646263587467,65.00180768966675
5,226,0.013734935782849789,0.16332557797431946,-0.1087592476978898,0.08409543656980237,65.00180768966675
5,227,0.06013171002268791,0.2013884335756302,-0.09090961515903473,0.29858571793204414,65.00180768966675
5,228,0.0002979552955366671,0.004079882521182299,-0.002761956595350057,0.07303036151572644,65.00180768966675
5,229,0.00255199265666306,0.060616493225097656,-0.04291037726216018,0.042100631706690886,65.00180768966675
5,230,0.008362098596990108,0.02241137996315956,-0.008446436375379562,0.37311841619582714,65.00180768966675
5,231,0.0010975695913657546,0.0,0.0010975695913657546,1097569591.3657546,65.00180768966675
5,232,0.06657662242650986,0.22368073463439941,-0.1011839285492897,0.2976412900960382,65.00180768966675
5,233,0.008056540973484516,0.1806686371564865,-0.12744493689388037,0.04459291385732729,65.00180768966675
5,234,0.0062974258325994015,0.0854012593626976,-0.0577535186894238,0.07373926192095843,65.00180768966675
5,235,0.08330142498016357,0.07736377418041229,0.025278594344854355,1.0767497560916293,65.00180768966675
5,236,0.009467711672186852,0.06108247861266136,-0.03634414728730917,0.15499881286856224,65.00180768966675
5,237,0.0048807053826749325,0.214662104845047,-0.15611587325111032,0.02273668836973025,65.00180768966675
5,238,0.0031121058855205774,0.02718603052198887,-0.017277417005971074,0.11447444976893333,65.00180768966675
5,239,0.02912147529423237,0.11845562607049942,-0.0597202442586422,0.24584290556748012,65.00180768966675
5,240,0.005301833618432283,0.023469679057598114,-0.012300425674766302,0.22590141114392265,65.00180768966675
5,241,0.04730388894677162,0.1574232578277588,-0.07076355442404747,0.30048856566180104,65.00180768966675
5,242,0.010588566772639751,0.0766826942563057,-0.04692345391958952,0.1380828735243736,65.00180768966675
5,243,0.0,0.021484818309545517,-0.016113613732159138,0.0,65.00180768966675
5,244,0.006105329841375351,0.021427873522043228,-0.00996557530015707,0.28492467228769885,65.00180768966675
5,245,0.019424481317400932,0.06369839608669281,-0.028349315747618675,0.30494459060883544,65.00180768966675
5,246,0.10160098969936371,0.03983012214303017,0.07172839809209108,2.5508581001073307,65.00180768966675
5,247,0.019064227119088173,0.030561573803424835,-0.0038569532334804535,0.6237972966015243,65.00180768966675
5,248,0.011430398561060429,0.03616498038172722,-0.015693336725234985,0.3160626230152667,65.00180768966675
5,249,0.003962010145187378,0.09612136334180832,-0.06812901236116886,0.04121883010603189,65.00180768966675
5,250,0.012487858533859253,0.0672605037689209,-0.03795751929283142,0.18566406485114464,65.00180768966675
5,251,0.0007233788492158055,0.0045202961191535,-0.002666843240149319,0.16002908437583532,65.00180768966675
5,252,0.0177806057035923,0.03355790302157402,-0.007387821562588215,0.5298485334924381,65.00180768966675
5,253,0.004332423210144043,0.02856309525668621,-0.017089898232370615,0.1516790519745302,65.00180768966675
5,254,0.013192272745072842,0.0698782429099083,-0.03921640943735838,0.18878941707066693,65.00180768966675
5,255,0.014050208032131195,0.047219522297382355,-0.02136443369090557,0.29755082957737855,65.00180768966675
6,0,0.03352372720837593,0.3770770728588104,-0.2492840774357319,0.08890417800829639,65.02245616912842
6,1,0.0014377726474776864,0.012763929553329945,-0.008135174517519772,0.112643417637004,65.02245616912842
6,2,0.013805468566715717,0.08862949907779694,-0.052666655741631985,0.1557660678465736,65.02245616912842
6,3,0.01955527812242508,0.011511140502989292,0.01092192274518311,1.6988132596981174,65.02245616912842
6,4,0.014971976168453693,0.053075533360242844,-0.02483467385172844,0.28208809634660453,65.02245616912842
6,5,0.009310607798397541,0.09041274338960648,-0.058498949743807316,0.10297893249597906,65.02245616912842
6,6,0.015131468884646893,0.06331635266542435,-0.03235579561442137,0.23898200460733215,65.02245616912842
6,7,0.03774331510066986,0.14246061444282532,-0.06910214573144913,0.26493859547090964,65.02245616912842
6,8,0.03600368648767471,0.16523176431655884,-0.08792013674974442,0.21789809384640624,65.02245616912842
6,9,0.009168834425508976,0.0,0.009168834425508976,9168834425.508976,65.02245616912842
6,10,0.00033961120061576366,0.0,0.00033961120061576366,339611200.61576366,65.02245616912842
6,11,0.03704360872507095,0.11897428333759308,-0.052187103778123856,0.3113581161035217,65.02245616912842
6,12,0.0,0.0,0.0,0.0,65.02245616912842
6,13,0.006050636991858482,0.004576260223984718,0.0026184418238699436,1.3221793985456076,65.02245616912842
6,14,0.0012949074152857065,0.14893268048763275,-0.11040460295043886,0.00869458208257079,65.02245616912842
6,15,0.015229304321110249,0.08979129046201706,-0.052114163525402546,0.1696078121004714,65.02245616912842
6,16,0.013167547062039375,0.10300439596176147,-0.06408574990928173,0.1278348068445521,65.02245616912842
6,17,0.13825690746307373,1.0371848344802856,-0.6396317183971405,0.13330016296682395,65.02245616912842
6,18,0.012462610378861427,0.05058025196194649,-0.025472578592598438,0.24639280935158542,65.02245616912842
6,19,0.0011630561202764511,0.0019460204057395458,-0.00029645918402820826,0.5976587482065977,65.02245616912842
6,20,0.005565717816352844,0.004688326269388199,0.002049473114311695,1.1871438750980947,65.02245616912842
6,21,0.01633189059793949,0.03198394924402237,-0.007656071335077286,0.5106277049411341,65.02245616912842
6,22,0.0021628437098115683,0.008280680514872074,-0.004047666676342487,0.2611915416451482,65.02245616912842
6,23,0.0,0.007961764000356197,-0.005971323000267148,0.0,65.02245616912842
6,24,0.01280380692332983,0.05625927820801735,-0.029390651732683182,0.2275856948565972,65.02245616912842
6,25,0.0357498861849308,0.016992202028632164,0.02300573466345668,2.1038995488982364,65.02245616912842
6,26,0.010053391568362713,0.040728822350502014,-0.020493225194513798,0.2468372761087692,65.02245616912842
6,27,0.05836259201169014,0.2383342683315277,-0.12038810923695564,0.24487704776999056,65.02245616912842
6,28,0.011360665783286095,0.08011703938245773,-0.048727113753557205,0.14180086871297695,65.02245616912842
6,29,0.0023777098394930363,0.10528174042701721,-0.07658359548076987,0.022584256584537696,65.02245616912842
6,30,0.012759165838360786,0.03730989620089531,-0.015223256312310696,0.3419780577602527,65.02245616912842
6,31,0.041719891130924225,0.003194318851456046,0.03932415199233219,13.0606533217079,65.02245616912842
6,32,0.010228934697806835,0.044507768005132675,-0.02315189130604267,0.22982358262488925,65.02245616912842
6,33,0.005450902506709099,0.006378239952027798,0.0006672225426882505,0.8546091942059212,65.02245616912842
6,34,0.00414769584313035,0.015370386652648449,-0.007380094146355987,0.2698498051215788,65.02245616912842
6,35,0.0006912946701049805,0.33283731341362,-0.24893669039011002,0.002076974672739968,65.02245616912842
6,36,0.0,0.01892014592885971,-0.014190109446644783,0.0,65.02245616912842
6,37,0.05940848961472511,0.22849489748477936,-0.1119626834988594,0.2599991959051185,65.02245616912842
6,38,0.052810393273830414,0.23673754930496216,-0.1247427687048912,0.223075694703495,65.02245616912842
6,39,0.004923162050545216,0.0784827321767807,-0.05393888708204031,0.06272923882661434,65.02245616912842
6,40,0.0023658026475459337,0.013779334723949432,-0.00796869839541614,0.1716920805517783,65.02245616912842
6,41,0.004730284679681063,0.0,0.004730284679681063,4730284679.681063,65.02245616912842
6,42,0.029137583449482918,0.14793002605438232,-0.08180993609130383,0.19696869003845327,65.02245616912842
6,43,0.016720497980713844,0.07390798628330231,-0.038710491731762886,0.22623398121543997,65.02245616912842
6,44,0.0003727380826603621,0.5003495216369629,-0.3748894031450618,0.0007449554092510228,65.02245616912842
6,45,0.008587977848947048,0.02532382309436798,-0.010404889471828938,0.339126435080724,65.02245616912842
6,46,0.028755715116858482,0.026967491954565048,0.008530096150934696,1.0663103251959778,65.02245616912842
6,47,0.014083318412303925,0.005585078615695238,0.009894509450532496,2.521597166099911,65.02245616912842
6,48,0.00706374691799283,0.32634875178337097,-0.2376978169195354,0.021644779945903005,65.02245616912842
6,49,0.0,0.0,0.0,0.0,65.02245616912842
6,50,0.008079766295850277,0.02635147050023079,-0.011683836579322815,0.3066153858651986,65.02245616912842
6,51,0.004632364027202129,0.047633517533540726,-0.031092774122953415,0.09725009335796041,65.02245616912842
6,52,0.0,0.4164011478424072,-0.3123008608818054,0.0,65.02245616912842
6,53,0.006677782163023949,0.037585340440273285,-0.021511223167181015,0.1776698597012289,65.02245616912842
6,54,0.000890361494384706,0.04820287600159645,-0.03526179550681263,0.018471128036774125,65.02245616912842
6,55,0.0018733199685811996,0.041201960295438766,-0.029028150252997875,0.04546676796693864,65.02245616912842
6,56,0.0,0.09207123517990112,-0.06905342638492584,0.0,65.02245616912842
6,57,0.014627198688685894,0.08440334349870682,-0.04867530893534422,0.17330117602197478,65.02245616912842
6,58,0.0037054037675261497,0.0,0.0037054037675261497,3705403767.5261497,65.02245616912842
6,59,0.0,0.0,0.0,0.0,65.02245616912842
6,60,0.00355009944178164,0.016767578199505806,-0.009025584207847714,0.21172404263333325,65.02245616912842
6,61,0.019291892647743225,0.06979424506425858,-0.033053791150450706,0.276410936599501,65.02245616912842
6,62,0.0006765284342691302,0.0,0.0006765284342691302,676528434.2691302,65.02245616912842
6,63,0.0014969829935580492,0.023499568924307823,-0.016127693699672818,0.06370257251595265,65.02245616912842
6,64,0.047711703926324844,0.17320992052555084,-0.08219573646783829,0.275455954146756,65.02245616912842
6,65,0.0027818214148283005,0.03631897270679474,-0.024457408115267754,0.07659416573286691,65.02245616912842
6,66,0.007166093681007624,0.04587944969534874,-0.02724349359050393,0.15619397635403479,65.02245616912842
6,67,0.05531446635723114,0.20007990300655365,-0.0947454608976841,0.27646188110728365,65.02245616912842
6,68,0.019961101934313774,0.0614255852997303,-0.02610808704048395,0.32496396797177046,65.02245616912842
6,69,0.0,0.0,0.0,0.0,65.02245616912842
6,70,0.0008459241362288594,0.003760378574952483,-0.001974359794985503,0.22495717363100642,65.02245616912842
6,71,0.0,0.01298211608082056,-0.00973658706061542,0.0,65.02245616912842
6,72,0.007432594895362854,0.07144244015216827,-0.04614923521876335,0.10403612865724937,65.02245616912842
6,73,0.043931376188993454,0.14761926233768463,-0.06678307056427002,0.29759921227760355,65.02245616912842
6,74,0.013768648728728294,0.0138678764924407,0.003367741359397769,0.9928447758559618,65.02245616912842
6,75,0.008574014529585838,0.033790912479162216,-0.016769169829785824,0.2537372891193579,65.02245616912842
6,76,0.01693805120885372,0.1571091115474701,-0.10089378245174885,0.1078107503881347,65.02245616912842
6,77,0.012241031043231487,0.045028477907180786,-0.021530327387154102,0.27185087331161006,65.02245616912842
6,78,0.00039761734660714865,0.0014639690052717924,-0.0007003594073466957,0.27160229820693976,65.02245616912842
6,79,0.002656156662851572,0.014394969679415226,-0.008140070596709847,0.1845197816891098,65.02245616912842
6,80,0.08482199907302856,0.22758693993091583,-0.08586820587515831,0.3727015227605048,65.02245616912842
6,81,0.0,0.0,0.0,0.0,65.02245616912842
6,82,0.0011477015214040875,0.06758224219083786,-0.04953898012172431,0.016982294226732527,65.02245616912842
6,83,0.00427205627784133,0.0,0.00427205627784133,4272056277.8413296,65.02245616912842
6,84,0.0,0.5125136971473694,-0.38438527286052704,0.0,65.02245616912842
6,85,0.0,0.007300000172108412,-0.005475000129081309,0.0,65.02245616912842
6,86,0.016342801973223686,0.007096391636878252,0.011020508245564997,2.302973512058026,65.02245616912842
6,87,0.008581625297665596,0.02640199102461338,-0.01121986797079444,0.3250370507792499,65.02245616912842
6,88,0.0021053177770227194,0.012378040701150894,-0.007178212748840451,0.1700848969301648,65.02245616912842
6,89,0.023318732157349586,0.04985420033335686,-0.014071918092668056,0.467738565676673,65.02245616912842
6,90,0.0011051419423893094,0.04132881388068199,-0.029891468468122184,0.02674022887647248,65.02245616912842
6,91,0.44047462940216064,0.07986507564783096,0.3805758226662874,5.515234610669378,65.02245616912842
6,92,0.0024445941671729088,0.0,0.0024445941671729088,2444594167.172909,65.02245616912842
6,93,0.01625748537480831,0.06908728927373886,-0.035557981580495834,0.2353180381728005,65.02245616912842
6,94,0.0033200776670128107,1.3283025509736035e-05,0.0033101153978805087,249.9488851113336,65.02245616912842
6,95,0.02322145365178585,0.09193900227546692,-0.04573279805481434,0.25257456658010424,65.02245616912842
6,96,0.015167079865932465,0.06262044608592987,-0.03179825469851494,0.24220651262811962,65.02245616912842
6,97,0.0023029721342027187,0.4771939814090729,-0.35559251392260194,0.004826071207766717,65.02245616912842
6,98,0.0012939546722918749,0.009555434808135033,-0.0058726214338094,0.13541557219927336,65.02245616912842
6,99,0.014252999797463417,0.08020897209644318,-0.045903729274868965,0.17769832257852558,65.02245616912842
6,100,0.0016081102658063173,0.012446122244000435,-0.007726481417194009,0.1292057264223232,65.02245616912842
6,101,0.011753149330615997,0.019282525405287743,-0.0027087447233498096,0.609523342143943,65.02245616912842
6,102,0.08105485886335373,0.32793423533439636,-0.16489581763744354,0.24716802983517253,65.02245616912842
6,103,0.0024741392116993666,0.022220762446522713,-0.014191432623192668,0.11134357867073084,65.02245616912842
6,104,0.0220869779586792,0.05650729313492775,-0.020293491892516613,0.3908695096321317,65.02245616912842
6,105,0.004805880598723888,0.014730872586369514,-0.0062422738410532475,0.3262454800433565,65.02245616912842
6,106,0.00088806904386729,0.010562215000391006,-0.007033592206425965,0.0840798112659451,65.02245616912842
6,107,0.0556776188313961,0.19113421440124512,-0.08767304196953773,0.29130116240843007,65.02245616912842
6,108,0.0,0.026731673628091812,-0.02004875522106886,0.0,65.02245616912842
6,109,0.0041904570534825325,0.004158971831202507,0.0010712281800806522,1.0075704338837397,65.02245616912842
6,110,0.0,0.0,0.0,0.0,65.02245616912842
6,111,0.019566170871257782,0.11451368033885956,-0.06631908938288689,0.1708631738425339,65.02245616912842
6,112,0.00571754714474082,0.40452343225479126,-0.2976750270463526,0.014134032020981811,65.02245616912842
6,113,0.01375538855791092,0.043221548199653625,-0.0186607725918293,0.31825302726437044,65.02245616912842
6,114,0.00893266312777996,0.1466749608516693,-0.10107355751097202,0.060901077292616825,65.02245616912842
6,115,0.02447599731385708,0.09298526495695114,-0.04526295140385628,0.2632244724465254,65.02245616912842
6,116,0.0044581894762814045,0.0030423130374401808,0.002176454698201269,1.4653947243269732,65.02245616912842
6,117,0.0011698943562805653,0.01465050969272852,-0.009817987913265824,0.07985349184003918,65.02245616912842
6,118,0.0015245614340528846,0.0038480532821267843,-0.0013614785275422037,0.39619031283633444,65.02245616912842
6,119,0.013653417117893696,0.010313623584806919,0.0059181994292885065,1.3238234849566188,65.02245616912842
6,120,0.008846672251820564,0.02913607656955719,-0.013005385175347328,0.3036329284211304,65.02245616912842
6,121,0.04574885219335556,0.3062244653701782,-0.1839194968342781,0.14939646359706385,65.02245616912842
6,122,0.08332546055316925,0.10507289320230484,0.00452079065144062,0.7930252800019827,65.02245616912842
6,123,0.00381017429754138,0.187722846865654,-0.1369819608516991,0.020296806494991406,65.02245616912842
6,124,0.022019201889634132,0.04813895374536514,-0.014085013419389725,0.4574092325655655,65.02245616912842
6,125,0.042292892932891846,0.1256159096956253,-0.05191903933882713,0.3366842069211879,65.02245616912842
6,126,0.018243458122015,0.23603875935077667,-0.1587856113910675,0.07729009494930511,65.02245616912842
6,127,0.0030379225499927998,0.02325809933245182,-0.014405651949346066,0.13061783366035398,65.02245616912842
6,128,0.017144624143838882,0.07391588389873505,-0.0382922887802124,0.23194776601866945,65.02245616912842
6,129,0.012556798756122589,0.14876115322113037,-0.09901406615972519,0.08440912485649232,65.02245616912842
6,130,0.07897566258907318,0.21917179226875305,-0.08540318161249161,0.36033680142502655,65.02245616912842
6,131,0.006052061449736357,0.023806460201740265,-0.011802783701568842,0.2542192916626777,65.02245616912842
6,132,0.037409838289022446,0.00896892324090004,0.030683145858347416,4.171051226556966,65.02245616912842
6,133,0.0016422091284766793,0.007818371057510376,-0.004221569164656103,0.21004492063460176,65.02245616912842
6,134,0.08860597759485245,0.26171743869781494,-0.10768210142850876,0.338555879330687,65.02245616912842
6,135,0.0005966769531369209,0.0,0.0005966769531369209,596676953.1369209,65.02245616912842
6,136,0.028905825689435005,0.01615016534924507,0.0167932016775012,1.789816083152138,65.02245616912842
6,137,0.05827423185110092,0.07663549482822418,0.000797610729932785,0.7604078499259408,65.02245616912842
6,138,0.0019229819299653172,0.01753310300409794,-0.011226845323108137,0.10967721625807991,65.02245616912842
6,139,0.05594036355614662,0.2559293210506439,-0.13600662723183632,0.21857739209513408,65.02245616912842
6,140,0.0055967653170228004,0.0,0.0055967653170228004,5596765317.0228,65.02245616912842
6,141,0.00545287923887372,0.04550589621067047,-0.028676542919129133,0.11982797159976098,65.02245616912842
6,142,0.015334639698266983,0.01631838269531727,0.0030958526767790318,0.9397156558736488,65.02245616912842
6,143,0.005386105738580227,0.0,0.005386105738580227,5386105738.580227,65.02245616912842
6,144,0.01505054347217083,0.0811283141374588,-0.04579569213092327,0.1855152992145825,65.02245616912842
6,145,0.010749862529337406,0.034602388739585876,-0.015201929025352001,0.3106682203338368,65.02245616912842
6,146,0.0006582786445505917,1.0577609828033019e-06,0.0006574853238134892,622.3315407933347,65.02245616912842
6,147,0.010765398852527142,0.015780648216605186,-0.0010700873099267483,0.6821899014589947,65.02245616912842
6,148,0.03770112991333008,0.120891273021698,-0.05296732485294342,0.31185981395242224,65.02245616912842
6,149,0.004848775919526815,0.012889636680483818,-0.004818451590836048,0.3761763065433927,65.02245616912842
6,150,0.013284646905958652,0.0712413340806961,-0.04014635365456343,0.18647386488754497,65.02245616912842
6,151,0.0,0.0,0.0,0.0,65.02245616912842
6,152,0.004074033349752426,0.028576362878084183,-0.01735823880881071,0.14256654588937637,65.02245616912842
6,153,0.002993217436596751,0.0914410874247551,-0.06558759813196957,0.03273383465640729,65.02245616912842
6,154,0.00024957297137007117,0.10811899602413177,-0.08083967404672876,0.0023083175070554582,65.02245616912842
6,155,0.018197499215602875,0.13544082641601562,-0.08338312059640884,0.134357561874096,65.02245616912842
6,156,0.007621229626238346,0.04773734137415886,-0.0281817764043808,0.1596492265110561,65.02245616912842
6,157,0.0,0.10890455543994904,-0.08167841657996178,0.0,65.02245616912842
6,158,0.008150455541908741,0.010510360822081566,0.0002676849253475666,0.775468671257195,65.02245616912842
6,159,0.0,0.0,0.0,0.0,65.02245616912842
6,160,0.0,0.0015753050101920962,-0.0011814787576440722,0.0,65.02245616912842
6,161,0.002858719788491726,0.02285654842853546,-0.01428369153290987,0.12507224340126788,65.02245616912842
6,162,0.05919916182756424,0.27304932475090027,-0.14558783173561096,0.2168075745338471,65.02245616912842
6,163,0.0,0.06650751084089279,-0.049880633130669594,0.0,65.02245616912842
6,164,0.030496543273329735,0.10508601367473602,-0.04831796698272228,0.2902055393159449,65.02245616912842
6,165,0.02689705230295658,0.10667300224304199,-0.05310769937932491,0.2521448889328402,65.02245616912842
6,166,0.00917272362858057,0.018957503139972687,-0.005045403726398945,0.4838571598996939,65.02245616912842
6,167,0.02838370017707348,0.024852385744452477,0.009744410868734121,1.142091566893821,65.02245616912842
6,168,0.0004881684435531497,0.010330915451049805,-0.007260018144734204,0.04725316413815873,65.02245616912842
6,169,0.005575875751674175,0.013841915875673294,-0.004805561155080795,0.4028254326462687,65.02245616912842
6,170,0.08597631007432938,0.32216039299964905,-0.1556439846754074,0.26687424010609573,65.02245616912842
6,171,0.016918489709496498,0.04109121859073639,-0.013899924233555794,0.4117300554551788,65.02245616912842
6,172,0.010999048128724098,0.009358885698020458,0.0039798838552087545,1.1752518924208366,65.02245616912842
6,173,0.014981758780777454,0.01660867966711521,0.0025252490304410458,0.902043936071507,65.02245616912842
6,174,0.014709662646055222,0.06134861707687378,-0.03130180016160011,0.23977170711742846,65.02245616912842
6,175,0.03208805248141289,0.06504499167203903,-0.016695691272616386,0.49332087922632933,65.02245616912842
6,176,0.00313518475741148,0.05124478414654732,-0.03529840335249901,0.06118056324297224,65.02245616912842
6,177,0.001369932317174971,0.002502714516595006,-0.0005071035702712834,0.5473785793560718,65.02245616912842
6,178,0.0,0.0,0.0,0.0,65.02245616912842
6,179,0.17950879037380219,0.5761681795120239,-0.25261734426021576,0.31155623784278164,65.02245616912842
6,180,8.603249443694949e-05,0.49558329582214355,-0.3716014393721707,0.00017359845491574338,65.02245616912842
6,181,0.0,0.0,0.0,0.0,65.02245616912842
6,182,0.01818576268851757,1.6519514929314028e-06,0.018184523724897872,11008.647504291597,65.02245616912842
6,183,0.0065468368120491505,0.02773234061896801,-0.014252418652176857,0.23607227755363921,65.02245616912842
6,184,0.005527696572244167,0.31623220443725586,-0.23164645675569773,0.017479866043571938,65.02245616912842
6,185,0.029231617227196693,0.16075268387794495,-0.09133289568126202,0.1818421722228265,65.02245616912842
6,186,0.055652592331171036,0.18826423585414886,-0.08554558455944061,0.2956089460028421,65.02245616912842
6,187,0.03920835256576538,0.1080244705080986,-0.04181000031530857,0.3629580629368877,65.02245616912842
6,188,0.02958555519580841,0.09920226782560349,-0.0448161456733942,0.29823466583970903,65.02245616912842
6,189,0.005647159647196531,0.0,0.005647159647196531,5647159647.196531,65.02245616912842
6,190,0.044310878962278366,0.09454698115587234,-0.026599356904625893,0.4686651907876123,65.02245616912842
6,191,0.0,0.0,0.0,0.0,65.02245616912842
6,192,0.007490195333957672,0.06570535898208618,-0.041788823902606964,0.11399671883515303,65.02245616912842
6,193,0.004423429258167744,0.0,0.004423429258167744,4423429258.167744,65.02245616912842
6,194,0.00793636403977871,0.022434087470173836,-0.008889201562851667,0.3537636219871371,65.02245616912842
6,195,0.025435391813516617,0.10062440484762192,-0.05003291182219982,0.25277557518756305,65.02245616912842
6,196,0.009354522451758385,0.02817595563828945,-0.011777444276958704,0.33200373295286356,65.02245616912842
6,197,0.0032349606044590473,0.02129628136754036,-0.012737250421196222,0.15190260442547726,65.02245616912842
6,198,0.0016000918112695217,0.044296424835920334,-0.03162222681567073,0.0361223691790104,65.02245616912842
6,199,0.002140178345143795,0.0,0.002140178345143795,2140178345.143795,65.02245616912842
6,200,0.004653353709727526,0.0,0.004653353709727526,4653353709.727526,65.02245616912842
6,201,0.0,0.0,0.0,0.0,65.02245616912842
6,202,0.001150959637016058,0.04738108813762665,-0.03438485646620393,0.02429154082845466,65.02245616912842
6,203,0.006520305760204792,0.025044770911335945,-0.012263272423297167,0.26034599330246533,65.02245616912842
6,204,0.02027141861617565,0.03483980521559715,-0.005858435295522213,0.5818464968489163,65.02245616912842
6,205,0.002711012028157711,0.04322749748826027,-0.02970961108803749,0.06271498896810423,65.02245616912842
6,206,0.0008133606752380729,0.044907908886671066,-0.03286757098976523,0.0181117468032757,65.02245616912842
6,207,0.03652746602892876,0.11675545573234558,-0.05103912577033043,0.31285446833724656,65.02245616912842
6,208,0.07498195767402649,0.2764202356338501,-0.13233321905136108,0.27126074001715755,65.02245616912842
6,209,0.01256576832383871,0.023147359490394592,-0.004794751293957233,0.542859686804028,65.02245616912842
6,210,0.0004109954461455345,0.004194383043795824,-0.0027347918367013335,0.09798710364697774,65.02245616912842
6,211,0.03979688137769699,0.19795522093772888,-0.10866953432559967,0.20103981692917774,65.02245616912842
6,212,0.0,0.0,0.0,0.0,65.02245616912842
6,213,0.011810008436441422,0.0,0.011810008436441422,11810008436.441422,65.02245616912842
6,214,0.00680516567081213,0.0,0.00680516567081213,6805165670.81213,65.02245616912842
6,215,0.023978589102625847,0.1271367371082306,-0.0713739637285471,0.18860472313383692,65.02245616912842
6,216,0.012722129002213478,0.03627599775791168,-0.014484869316220284,0.35070376524896874,65.02245616912842
6,217,0.012729089707136154,0.04521889612078667,-0.021185082383453846,0.28149934648677155,65.02245616912842
6,218,0.010424179024994373,0.040289800614118576,-0.01979317143559456,0.2587299729917935,65.02245616912842
6,219,0.010623996146023273,0.022068126127123833,-0.005927098449319601,0.48141813601853356,65.02245616912842
6,220,0.012886019423604012,0.050998754799366,-0.025363046675920486,0.2526732167098232,65.02245616912842
6,221,0.00015196746971923858,0.02898847870528698,-0.021589391559245996,0.005242340284876008,65.02245616912842
6,222,0.0015592200215905905,0.0,0.0015592200215905905,1559220021.5905905,65.02245616912842
6,223,0.0036134538240730762,0.040995705872774124,-0.027133325580507517,0.08814225165920815,65.02245616912842
6,224,0.00020224688341841102,0.23170332610607147,-0.1735752476961352,0.000872870005003517,65.02245616912842
6,225,0.021276313811540604,0.05707896500825882,-0.02153290994465351,0.3727522706147415,65.02245616912842
6,226,0.014608805999159813,0.04688872769474983,-0.02055773977190256,0.31156328433462716,65.02245616912842
6,227,0.009255127981305122,0.0378977470099926,-0.019168182276189327,0.24421314487693913,65.02245616912842
6,228,0.0007099824142642319,0.08131249248981476,-0.06027438695309684,0.008731529344576825,65.02245616912842
6,229,0.010551774874329567,0.046339161694049835,-0.02420259639620781,0.22770750458907757,65.02245616912842
6,230,0.007239155471324921,0.10506812483072281,-0.07156193815171719,0.06889963519306314,65.02245616912842
6,231,0.0,0.009165852330625057,-0.006874389247968793,0.0,65.02245616912842
6,232,0.008021747693419456,0.0814594030380249,-0.05307280458509922,0.09847540485383208,65.02245616912842
6,233,0.0,0.04955136030912399,-0.037163520231842995,0.0,65.02245616912842
6,234,0.018535200506448746,0.05522285774350166,-0.0228819428011775,0.3356436313420275,65.02245616912842
6,235,0.014570041559636593,0.04033811390399933,-0.015683543868362904,0.3611978882788282,65.02245616912842
6,236,0.008852909319102764,0.022620324045419693,-0.008112333714962006,0.39136969483441103,65.02245616912842
6,237,0.02815120853483677,0.010097479447722435,0.020578098949044943,2.787944127818804,65.02245616912842
6,238,0.0,0.0029859135393053293,-0.002239435154478997,0.0,65.02245616912842
6,239,0.002099952194839716,0.0017528493190184236,0.0007853152055758983,1.1980220837337257,65.02245616912842
6,240,0.008713980205357075,0.0732840970158577,-0.0462490925565362,0.11890683736408157,65.02245616912842
6,241,0.02391693741083145,0.09468291699886322,-0.047095250338315964,0.25260034406065035,65.02245616912842
6,242,0.02009863592684269,0.19987188279628754,-0.12980527617037296,0.10055759542339913,65.02245616912842
6,243,0.004172392655164003,0.012893962673842907,-0.005498079350218177,0.3235927356377924,65.02245616912842
6,244,0.0056199184618890285,0.018262607976794243,-0.008077037520706654,0.30772814423451267,65.02245616912842
6,245,0.025249896571040154,0.09217053651809692,-0.04387800581753254,0.27394759241537664,65.02245616912842
6,246,0.0015903286403045058,0.019371306523680687,-0.01293815125245601,0.08209712846566608,65.02245616912842
6,247,0.009264715947210789,0.0122390640899539,8.541787974536419e-05,0.7569791185306806,65.02245616912842
6,248,0.0059382738545536995,0.02757793664932251,-0.014745178632438183,0.21532698148700166,65.02245616912842
6,249,0.008368078619241714,0.011110255494713783,3.538699820637703e-05,0.753185075039006,65.02245616912842
6,250,0.001353582600131631,0.00020551931811496615,0.0011994431115454063,6.58615747639007,65.02245616912842
6,251,0.0028214426711201668,0.07317899167537689,-0.0520628010854125,0.03855536413507272,65.02245616912842
6,252,0.016083527356386185,0.018541380763053894,0.002177491784095764,0.867439569957339,65.02245616912842
6,253,0.0,0.009365363046526909,-0.007024022284895182,0.0,65.02245616912842
6,254,0.0019084764644503593,0.03494586423039436,-0.024300921708345413,0.0546123699163187,65.02245616912842
6,255,0.01370335090905428,0.08752147853374481,-0.05193775799125433,0.15657129128153655,65.02245616912842
7,0,0.01942913793027401,0.11847613006830215,-0.0694279596209526,0.16399200344330128,65.04310464859009
7,1,0.08957996964454651,0.08875495940446854,0.023013750091195107,1.0092953705866619,65.04310464859009
7,2,0.004273148253560066,0.013860642910003662,-0.00612233392894268,0.308293654269652,65.04310464859009
7,3,0.005436641164124012,0.006388578563928604,0.0006452072411775589,0.8509938648903145,65.04310464859009
7,4,0.023685185238718987,0.008778340183198452,0.017101430101320148,2.6981393682320225,65.04310464859009
7,5,0.004233734216541052,0.007368213497102261,-0.0012924259062856436,0.5745944003429708,65.04310464859009
7,6,0.017259571701288223,0.07033411413431168,-0.035491013899445534,0.24539402981721706,65.04310464859009
7,7,0.0,0.005747634451836348,-0.004310725838877261,0.0,65.04310464859009
7,8,0.0028345712926238775,0.026073133572936058,-0.016720278887078166,0.10871617270650773,65.04310464859009
7,9,0.005864213686436415,0.0429118275642395,-0.026319656986743212,0.13665728120110854,65.04310464859009
7,10,0.029785482212901115,0.08378572762012482,-0.0330538135021925,0.355495894809074,65.04310464859009
7,11,0.0,0.0,0.0,0.0,65.04310464859009
7,12,0.008846214972436428,0.02016921527683735,-0.006280696485191584,0.4385998587737305,65.04310464859009
7,13,0.0,0.0,0.0,0.0,65.04310464859009
7,14,0.07604052871465683,0.2416648417711258,-0.10520810261368752,0.3146528396809913,65.04310464859009
7,15,0.0,0.1903272271156311,-0.14274542033672333,0.0,65.04310464859009
7,16,0.10690748691558838,0.14729955792427063,-0.0035671815276145935,0.7257828090008639,65.04310464859009
7,17,0.03841520473361015,1.4669478787254775e-06,0.03841410452270111,26187.146185343732,65.04310464859009
7,18,0.006479415576905012,0.032066505402326584,-0.017570463474839926,0.20206179299577923,65.04310464859009
7,19,0.10278075188398361,0.3193988502025604,-0.1367683857679367,0.32179437032562586,65.04310464859009
7,20,0.016776595264673233,0.05790446698665619,-0.02665175497531891,0.28972886095730044,65.04310464859009
7,21,0.012697096914052963,0.06627566367387772,-0.037009650841355324,0.19158007947441938,65.04310464859009
7,22,0.0,0.053516045212745667,-0.04013703390955925,0.0,65.04310464859009
7,23,0.0018725531408563256,0.06128636375069618,-0.04409221967216581,0.03055415636083484,65.04310464859009
7,24,0.0033415996003896,0.00424242252483964,0.00015978270675987005,0.7876630816559805,65.04310464859009
7,25,0.012213007546961308,0.00592010049149394,0.007772932178340852,2.06297301244229,65.04310464859009
7,26,0.04790514335036278,0.2039887011051178,-0.10508638247847557,0.23484214120978125,65.04310464859009
7,27,0.005343650933355093,0.039953429251909256,-0.02462142100557685,0.13374699076590502,65.04310464859009
7,28,0.003395558800548315,0.0746285542845726,-0.052575856912881136,0.04549945839168901,65.04310464859009
7,29,0.024268625304102898,0.12760713696479797,-0.07143672741949558,0.19018235093392558,65.04310464859009
7,30,0.006829702761024237,0.0,0.006829702761024237,6829702761.024237,65.04310464859009
7,31,0.0027667819522321224,0.0,0.0027667819522321224,2766781952.2321224,65.04310464859009
7,32,0.01814725063741207,0.06593196094036102,-0.031301720067858696,0.2752420886366778,65.04310464859009
7,33,0.019988374784588814,0.1115223839879036,-0.06365341320633888,0.179231953888088,65.04310464859009
7,34,0.033520132303237915,0.12444163858890533,-0.059811096638441086,0.269364279376799,65.04310464859009
7,35,0.008616361767053604,0.044730424880981445,-0.02493145689368248,0.19262865912379237,65.04310464859009
7,36,0.001066112658008933,0.044383857399225235,-0.03222178039140999,0.02402027945420361,65.04310464859009
7,37,0.00792411807924509,0.04712654650211334,-0.027420791797339916,0.16814552873552058,65.04310464859009
7,38,0.0,0.0,0.0,0.0,65.04310464859009
7,39,0.018399415537714958,0.02051217295229435,0.003015285823494196,0.8969998244266914,65.04310464859009
7,40,0.0,0.024275943636894226,-0.01820695772767067,0.0,65.04310464859009
7,41,0.02068493887782097,0.09037242829799652,-0.04709438234567642,0.2288855048730681,65.04310464859009
7,42,0.029868299141526222,0.14323486387729645,-0.07755784876644611,0.20852673945991715,65.04310464859009
7,43,0.0034496316220611334,0.0,0.0034496316220611334,3449631622.0611334,65.04310464859009
7,44,0.020257968455553055,0.06734751164913177,-0.030252665281295776,0.30079757899285975,65.04310464859009
7,45,0.011814773082733154,0.00811827089637518,0.00572606991045177,1.4553312191827865,65.04310464859009
7,46,0.010719181038439274,0.0,0.010719181038439274,10719181038.439274,65.04310464859009
7,47,0.011400979943573475,0.029085641726851463,-0.010413251351565123,0.3919796595945919,65.04310464859009
7,48,0.0017501760739833117,0.0,0.0017501760739833117,1750176073.9833117,65.04310464859009
7,49,0.00010681005369406193,0.007804118562489748,-0.005746278868173249,0.013686369937247589,65.04310464859009
7,50,0.01132061518728733,0.045271288603544235,-0.022632851265370846,0.25006169553015534,65.04310464859009
7,51,0.015611442737281322,0.03495611250400543,-0.010605641640722752,0.4466012270399316,65.04310464859009
7,52,2.3031839546661104e-08,0.01625712215900421,-0.012192818587413612,1.41672304113726e-06,65.04310464859009
7,53,0.018373752012848854,0.02279774472117424,0.001275443471968174,0.8059460370646933,65.04310464859009
7,54,0.01959487982094288,0.012666451744735241,0.010095041012391448,1.5469904448608047,65.04310464859009
7,55,0.09631478041410446,0.4437233507633209,-0.23647773265838623,0.21706042796305544,65.04310464859009
7,56,0.002382128732278943,0.0,0.002382128732278943,2382128732.278943,65.04310464859009
7,57,0.003359285881742835,0.013858250342309475,-0.007034401874989271,0.2424033192158807,65.04310464859009
7,58,0.034349050372838974,0.2899211049079895,-0.18309177830815315,0.11847723325841232,65.04310464859009
7,59,0.0005211633979342878,0.002142487559467554,-0.0010857022716663778,0.24325153972915228,65.04310464859009
7,60,4.6886998461559415e-06,0.1260756403207779,-0.09455204154073726,3.7189577892994694e-05,65.04310464859009
7,61,0.012579379603266716,0.05930578336119652,-0.03189995791763067,0.21211050407075868,65.04310464859009
7,62,0.0,0.0,0.0,0.0,65.04310464859009
7,63,0.0075369179248809814,0.02999754063785076,-0.01496123755350709,0.25125119474360114,65.04310464859009
7,64,0.03906926512718201,0.08981996774673462,-0.028295710682868958,0.43497304782952767,65.04310464859009
7,65,0.0028851404786109924,0.014624007977545261,-0.008082865504547954,0.19728794478529782,65.04310464859009
7,66,0.046551067382097244,0.1446383148431778,-0.0619276687502861,0.32184464698892395,65.04310464859009
7,67,0.0065778158605098724,0.023565681651234627,-0.011096445377916098,0.27912690825500175,65.04310464859009
7,68,0.034502483904361725,0.09478196501731873,-0.03658398985862732,0.3640195041081217,65.04310464859009
7,69,0.007648959290236235,0.02057597041130066,-0.00778301851823926,0.37174233520784805,65.04310464859009
7,70,0.0490078330039978,0.0984484851360321,-0.024828530848026276,0.49780179893863247,65.04310464859009
7,71,0.03852628916501999,0.16629764437675476,-0.08619694411754608,0.2316706848685438,65.04310464859009
7,72,0.06954897195100784,0.004537266679108143,0.06614602194167674,15.328385315308418,65.04310464859009
7,73,0.021839212626218796,0.3244231641292572,-0.2214781604707241,0.06731705698255956,65.04310464859009
7,74,0.0,0.0187684353441,-0.014076326508074999,0.0,65.04310464859009
7,75,0.002250823425129056,0.20320551097393036,-0.1501533098053187,0.011076586527255858,65.04310464859009
7,76,0.039665013551712036,0.16512319445610046,-0.08417738229036331,0.2402146693087211,65.04310464859009
7,77,0.013598017394542694,1.2078078985214233,-0.8922579064965248,0.011258427280677566,65.04310464859009
7,78,0.0005165906623005867,0.040870629251003265,-0.030136381275951862,0.012639655218307316,65.04310464859009
7,79,0.018637564033269882,0.06699272990226746,-0.03160698339343071,0.27820278499146317,65.04310464859009
7,80,0.004945619963109493,0.020579515025019646,-0.010489016305655241,0.2403176147181561,65.04310464859009
7,81,0.12050122022628784,0.3215489685535431,-0.12066050618886948,0.37475231461004577,65.04310464859009
7,82,0.0008182176970876753,0.2475801259279251,-0.18486687674885616,0.0033048601700871897,65.04310464859009
7,83,0.07546571642160416,0.26256972551345825,-0.12146157771348953,0.28741210081909724,65.04310464859009
7,84,0.07985319197177887,0.2543555498123169,-0.1109134703874588,0.31394318712678676,65.04310464859009
7,85,0.014457788318395615,0.0,0.014457788318395615,14457788318.395615,65.04310464859009
7,86,0.0058977860026061535,0.04914121329784393,-0.030958123970776796,0.1200171018721042,65.04310464859009
7,87,0.0017747115343809128,0.0,0.0017747115343809128,1774711534.3809128,65.04310464859009
7,88,0.006775068584829569,0.051205478608608246,-0.031629040371626616,0.13231140043593478,65.04310464859009
7,89,0.03127361461520195,0.09005503356456757,-0.036267660558223724,0.34727225538628165,65.04310464859009
7,90,0.021825017407536507,0.08552555739879608,-0.042319150641560555,0.2551870817457957,65.04310464859009
7,91,0.004365792032331228,0.03553228825330734,-0.02228342415764928,0.12286830504933756,65.04310464859009
7,92,0.010629862546920776,0.13863666355609894,-0.09334763512015343,0.07667425249701539,65.04310464859009
7,93,0.006315722595900297,0.040259554982185364,-0.023878943640738726,0.15687512190678946,65.04310464859009
7,94,0.10587942600250244,0.3159988522529602,-0.1311197131872177,0.3350626916752529,65.04310464859009
7,95,0.0008844778058119118,0.010831020772457123,-0.00723878777353093,0.08166153720057891,65.04310464859009
7,96,0.00024124830088112503,0.017789049074053764,-0.013100538504659198,0.01356161871628295,65.04310464859009
7,97,0.02907736599445343,0.17164717614650726,-0.09965801611542702,0.1694019479205729,65.04310464859009
7,98,0.08964177966117859,0.3298173248767853,-0.15772121399641037,0.2717922101102348,65.04310464859009
7,99,0.0654323473572731,0.1970740109682083,-0.08237316086888313,0.3320191588707074,65.04310464859009
7,100,0.049576349556446075,0.08553104102611542,-0.014571931213140488,0.5796299093416759,65.04310464859009
7,101,0.00696813827380538,0.021882733330130577,-0.009443911723792553,0.3184308910757708,65.04310464859009
7,102,0.002084909938275814,0.31355157494544983,-0.23307877127081156,0.006649336520257911,65.04310464859009
7,103,0.0035766635555773973,0.005404867231845856,-0.00047698686830699444,0.6617486427495751,65.04310464859009
7,104,0.013999628834426403,0.03011407144367695,-0.008585924748331308,0.46488661820920996,65.04310464859009
7,105,0.005889011546969414,0.017504531890153885,-0.007239387370646,0.33642782243982733,65.04310464859009
7,106,0.01028094906359911,0.0023561345878988504,0.008513848122674972,4.3634812340681925,65.04310464859009
7,107,3.20124818244949e-05,0.0,3.20124818244949e-05,32012481.8244949,65.04310464859009
7,108,0.0,0.0,0.0,0.0,65.04310464859009
7,109,0.021890122443437576,0.04860665649175644,-0.014564869925379753,0.45035235959296505,65.04310464859009
7,110,0.003708499949425459,0.016813497990369797,-0.008901623543351889,0.22056682977742026,65.04310464859009
7,111,0.012829228304326534,0.02672860398888588,-0.007217224687337875,0.47998123318303954,65.04310464859009
7,112,0.001518544158898294,0.016676519066095352,-0.01098884514067322,0.0910588206560776,65.04310464859009
7,113,0.026687070727348328,0.11118576675653458,-0.056702254340052605,0.24002236532258173,65.04310464859009
7,114,0.05736652761697769,0.027504071593284607,0.036738473922014236,2.085746738271964,65.04310464859009
7,115,0.012414664961397648,0.01689237728714943,-0.00025461800396442413,0.7349270472491136,65.04310464859009
7,116,0.023029550909996033,0.017493436112999916,0.009909473825246096,1.3164681175224113,65.04310464859009
7,117,0.020256148651242256,0.23550447821617126,-0.1563722100108862,0.0860117344883904,65.04310464859009
7,118,0.0012139201862737536,0.07022672891616821,-0.051456126500852406,0.01728572873877639,65.04310464859009
7,119,0.01727905683219433,0.10084576159715652,-0.058355264365673065,0.17134142831948418,65.04310464859009
7,120,0.0010312891099601984,0.013400094583630562,-0.009018781827762723,0.07696133064187852,65.04310464859009
7,121,0.0019393058028072119,0.01428611483424902,-0.008775280322879553,0.13574760004184216,65.04310464859009
7,122,0.002837396925315261,0.6423630118370056,-0.47893486195243895,0.004417123764951165,65.04310464859009
7,123,0.02567441761493683,0.05200277641415596,-0.013327664695680141,0.4937124396968571,65.04310464859009
7,124,0.024357521906495094,0.03390543535351753,-0.001071554608643055,0.7183957867466143,65.04310464859009
7,125,0.009906874969601631,0.03535851091146469,-0.016612008213996887,0.2801836025880046,65.04310464859009
7,126,0.0,0.0,0.0,0.0,65.04310464859009
7,127,0.033334530889987946,0.18356375396251678,-0.10433828458189964,0.18159647626629583,65.04310464859009
7,128,0.0034852796234190464,0.0904468223452568,-0.06434983713552356,0.038534019581985754,65.04310464859009
7,129,0.10747162997722626,0.3719218671321869,-0.1714697703719139,0.2889629233301848,65.04310464859009
7,130,0.006783336400985718,0.18530914187431335,-0.1321985200047493,0.03660551407415149,65.04310464859009
7,131,0.03073430247604847,0.10253876447677612,-0.04616977088153362,0.29973349720543696,65.04310464859009
7,132,0.016643330454826355,0.10670400410890579,-0.06338467262685299,0.1559766251853456,65.04310464859009
7,133,0.0,0.0,0.0,0.0,65.04310464859009
7,134,0.032012663781642914,0.048057302832603455,-0.004030313342809677,0.6661352571634226,65.04310464859009
7,135,0.019655447453260422,0.11329150199890137,-0.0653131790459156,0.17349445550891834,65.04310464859009
7,136,0.004014122765511274,0.001437907456420362,0.002935692173196003,2.79164194106949,65.04310464859009
7,137,0.004593684338033199,0.019483206793665886,-0.010018720757216215,0.23577660425443203,65.04310464859009
7,138,0.0,0.12686914205551147,-0.0951518565416336,0.0,65.04310464859009
7,139,0.06312758475542068,0.2036786675453186,-0.08963141590356827,0.30993714519005694,65.04310464859009
7,140,0.0017567324684932828,0.01877652294933796,-0.012325659743510187,0.09356005225992406,65.04310464859009
7,141,0.014761839061975479,0.0,0.014761839061975479,14761839061.97548,65.04310464859009
7,142,0.07710183411836624,0.23395894467830658,-0.0983673743903637,0.32955283767436916,65.04310464859009
7,143,0.07137875258922577,0.22549648582935333,-0.09774361178278923,0.3165404211351027,65.04310464859009
7,144,0.003182909917086363,0.024812746793031693,-0.015426650177687407,0.1282772094322085,65.04310464859009
7,145,0.013532599434256554,0.0549386702477932,-0.027671403251588345,0.24632193267462305,65.04310464859009
7,146,0.01992701180279255,0.016556009650230408,0.007510004565119743,1.2036119948330435,65.04310464859009
7,147,0.012986874207854271,0.04793459177017212,-0.02296406961977482,0.2709290666300111,65.04310464859009
7,148,0.005752534605562687,0.4161340296268463,-0.30634798761457205,0.013823754357958296,65.04310464859009
7,149,0.06398943066596985,0.24087853729724884,-0.11666947230696678,0.26565019608509155,65.04310464859009
7,150,0.008868735283613205,0.08344363421201706,-0.05371399037539959,0.10628414458762508,65.04310464859009
7,151,0.017028531059622765,0.10653094202280045,-0.06286967545747757,0.1598458695297969,65.04310464859009
7,152,0.03434159979224205,0.03278925269842148,0.009749660268425941,1.047343167807175,65.04310464859009
7,153,0.01126554049551487,0.04366656765341759,-0.02148438524454832,0.25799006197765983,65.04310464859009
7,154,0.0,0.0357234925031662,-0.02679261937737465,0.0,65.04310464859009
7,155,0.04203558340668678,0.1533774733543396,-0.07299752160906792,0.27406621381289936,65.04310464859009
7,156,0.026193415746092796,0.1105882003903389,-0.05674773454666138,0.2368554299048366,65.04310464859009
7,157,0.00485786609351635,0.0,0.00485786609351635,4857866093.51635,65.04310464859009
7,158,0.0007973138708621264,0.0,0.0007973138708621264,797313870.8621264,65.04310464859009
7,159,0.0,0.01646881364285946,-0.012351610232144594,0.0,65.04310464859009
7,160,0.009604974649846554,0.06808677315711975,-0.04146010521799326,0.14106961167833085,65.04310464859009
7,161,0.035589322447776794,0.05215783044695854,-0.003529050387442112,0.6823390110769026,65.04310464859009
7,162,0.03301190584897995,0.1538882851600647,-0.08240430802106857,0.21451864132756154,65.04310464859009
7,163,0.029595308005809784,0.4049149751663208,-0.2740909233689308,0.07309017897789598,65.04310464859009
7,164,0.004736568313091993,0.014500218443572521,-0.006138595519587398,0.32665496255781623,65.04310464859009
7,165,0.001773181022144854,0.02138681709766388,-0.014266931801103055,0.08291000077125231,65.04310464859009
7,166,0.0050164698623120785,0.0,0.0050164698623120785,5016469862.312078,65.04310464859009
7,167,0.009634391404688358,0.005715888924896717,0.0053474747110158205,1.6855455957232235,65.04310464859009
7,168,0.022137058898806572,0.028675515204668045,0.0006304224953055382,0.7719846963527591,65.04310464859009
7,169,0.04694676399230957,0.19557423889636993,-0.09973391517996788,0.2400457455797411,65.04310464859009
7,170,0.0024543500039726496,0.023698169738054276,-0.015319277299568057,0.10356706998886554,65.04310464859009
7,171,0.018093453720211983,0.048999685794115067,-0.018656310625374317,0.36925652535542947,65.04310464859009
7,172,0.007049561012536287,0.0367991141974926,-0.020549774635583162,0.19156876914241208,65.04310464859009
7,173,0.0002885173598770052,0.0,0.0002885173598770052,288517359.8770052,65.04310464859009
7,174,0.03231657296419144,0.13802655041217804,-0.07120333984494209,0.23413301909996892,65.04310464859009
7,175,0.0,0.0,0.0,0.0,65.04310464859009
7,176,0.021682435646653175,0.0958019495010376,-0.05016902647912502,0.22632562029640133,65.04310464859009
7,177,0.0,0.0,0.0,0.0,65.04310464859009
7,178,0.05312535911798477,0.13698697090148926,-0.04961486905813217,0.3878132260899522,65.04310464859009
7,179,0.05128234624862671,0.004133870825171471,0.048181943129748106,12.405406072187594,65.04310464859009
7,180,0.02240133471786976,0.12271306663751602,-0.06963346526026726,0.1825505248260061,65.04310464859009
7,181,0.010369841009378433,0.04224546253681183,-0.021314255893230438,0.24546638588929878,65.04310464859009
7,182,0.0016607596771791577,0.0,0.0016607596771791577,1660759677.1791577,65.04310464859009
7,183,0.0,0.005252341739833355,-0.003939256304875016,0.0,65.04310464859009
7,184,0.006028519477695227,0.031733155250549316,-0.01777134696021676,0.18997541939674892,65.04310464859009
7,185,0.0,0.0,0.0,0.0,65.04310464859009
7,186,0.015045911073684692,0.007053316570818424,0.009755923645570874,2.133168264955062,65.04310464859009
7,187,0.0006184507510624826,0.001630618004128337,-0.0006045127520337701,0.3792738391931394,65.04310464859009
7,188,0.0026166876778006554,0.02167050540447235,-0.013636191375553608,0.12074880713856705,65.04310464859009
7,189,0.03708827868103981,0.12152548879384995,-0.05405583791434765,0.3051892985483022,65.04310464859009
7,190,0.0019883199129253626,0.10013744235038757,-0.07311476184986532,0.019855908701444987,65.04310464859009
7,191,0.0431092269718647,0.1376015841960907,-0.06009196117520332,0.31329019373874445,65.04310464859009
7,192,0.02453220635652542,0.08940606564283371,-0.04252234287559986,0.2743908501046695,65.04310464859009
7,193,0.0,0.012348233722150326,-0.009261175291612744,0.0,65.04310464859009
7,194,0.06151988357305527,0.1719299554824829,-0.06742758303880692,0.35781945851178565,65.04310464859009
7,195,0.02862572856247425,0.21831771731376648,-0.1351125594228506,0.1311195853207012,65.04310464859009
7,196,0.005004413891583681,0.027273617684841156,-0.015450799372047186,0.18348918538158127,65.04310464859009
7,197,3.200300852768123e-06,0.0,3.200300852768123e-06,3200300.852768123,65.04310464859009
7,198,0.019367817789316177,0.0028435843996703625,0.017235129489563406,6.8110578271389794,65.04310464859009
7,199,0.04739056155085564,0.16692966222763062,-0.07780668511986732,0.28389538993943725,65.04310464859009
7,200,0.015819083899259567,0.06593634933233261,-0.03363317809998989,0.23991446386102225,65.04310464859009
7,201,0.04415387287735939,0.055541522800922394,0.002497730776667595,0.7949705130488635,65.04310464859009
7,202,0.014140501618385315,0.03991317003965378,-0.01579437591135502,0.35428159687597927,65.04310464859009
7,203,0.001669328659772873,0.006455918774008751,-0.0031726104207336903,0.25857336778073237,65.04310464859009
7,204,0.15925917029380798,0.5073404908180237,-0.22124619781970978,0.31390983604858425,65.04310464859009
7,205,0.0,0.0,0.0,0.0,65.04310464859009
7,206,0.0,0.013039948418736458,-0.009779961314052343,0.0,65.04310464859009
7,207,2.177351987597831e-08,0.16049079596996307,-0.12036807520395243,1.356683400082189e-07,65.04310464859009
7,208,0.022626137360930443,0.12489832937717438,-0.07104760967195034,0.181156445194889,65.04310464859009
7,209,0.0,0.0018338310765102506,-0.001375373307382688,0.0,65.04310464859009
7,210,0.032116420567035675,0.10846781730651855,-0.04923444241285324,0.29609170133830554,65.04310464859009
7,211,0.003177680540829897,0.0,0.003177680540829897,3177680540.829897,65.04310464859009
7,212,0.012611347250640392,0.08816857635974884,-0.05351508501917124,0.14303675721200315,65.04310464859009
7,213,0.06805860996246338,0.23287361860275269,-0.10659660398960114,0.29225556063638475,65.04310464859009
7,214,0.004253434482961893,0.01747850887477398,-0.008855447173118591,0.2433522512242077,65.04310464859009
7,215,0.003733772085979581,0.010079901665449142,-0.003826154163107276,0.3704175109572156,65.04310464859009
7,216,0.09792757034301758,0.009614582173526287,0.09071663371287286,10.185317319610146,65.04310464859009
7,217,0.03336379677057266,0.20903056859970093,-0.12340912967920303,0.1596120461897877,65.04310464859009
7,218,0.03255641087889671,0.2872196435928345,-0.18285832181572914,0.11335022379226843,65.04310464859009
7,219,0.0048583014868199825,0.11036287248134613,-0.07791385287418962,0.04402115836190405,65.04310464859009
7,220,0.04413142800331116,0.06853525340557098,-0.007270012050867081,0.6439230295321261,65.04310464859009
7,221,0.02217150293290615,0.13649609684944153,-0.080200569704175,0.16243323761264336,65.04310464859009
7,222,0.00522932643070817,0.018929969519376755,-0.008968150708824396,0.2762458980760204,65.04310464859009
7,223,0.02065185084939003,0.010827964171767235,0.012530877720564604,1.9072699650531042,65.04310464859009
7,224,0.011443259194493294,0.20912395417690277,-0.14539970643818378,0.05471998288994888,65.04310464859009
7,225,0.01599629782140255,0.011134480126202106,0.00764543772675097,1.4366452352205266,65.04310464859009
7,226,0.019538551568984985,0.2247394174337387,-0.14901601150631905,0.08693869456460043,65.04310464859009
7,227,0.003648881334811449,0.0019210221944376826,0.002208114688983187,1.899447774980077,65.04310464859009
7,228,0.013188258744776249,0.044824182987213135,-0.020429878495633602,0.2942219548819039,65.04310464859009
7,229,0.011925026774406433,0.02972709946334362,-0.010370297823101282,0.40115002772840286,65.04310464859009
7,230,0.0,0.006224331445991993,-0.004668248584493995,0.0,65.04310464859009
7,231,0.01280725933611393,0.010093240067362785,0.005237329285591841,1.2688947502852157,65.04310464859009
7,232,0.03024558536708355,0.03009025938808918,0.0076778908260166645,1.0051620019616945,65.04310464859009
7,233,0.012248821556568146,0.0,0.012248821556568146,12248821556.568146,65.04310464859009
7,234,0.0021294497419148684,0.05055927857756615,-0.03579000919125974,0.04211788225193579,65.04310464859009
7,235,0.003423788119107485,0.00828287098556757,-0.0027883651200681925,0.41335765396562163,65.04310464859009
7,236,0.022939953953027725,0.05729100853204727,-0.02002830244600773,0.40041106868969206,65.04310464859009
7,237,0.016231296584010124,0.006742026191204786,0.011174776940606534,2.4074804993752394,65.04310464859009
7,238,0.024387603625655174,0.08139227330684662,-0.03665660135447979,0.29963045181715164,65.04310464859009
7,239,0.005981928203254938,0.04540739208459854,-0.028073615860193968,0.1317390831866817,65.04310464859009
7,240,0.04453659802675247,0.009092877618968487,0.03771693981252611,4.897965186394626,65.04310464859009
7,241,0.07775178551673889,0.12057814747095108,-0.012681825086474419,0.6448248471790922,65.04310464859009
7,242,0.0026012950111180544,0.0240084957331419,-0.01540507678873837,0.10834893780616234,65.04310464859009
7,243,0.02130855619907379,0.1106918603181839,-0.06171033903956413,0.19250337050646554,65.04310464859009
7,244,0.01473832968622446,0.08505021035671234,-0.049049328081309795,0.17328974995166477,65.04310464859009
7,245,0.012238118797540665,0.061528511345386505,-0.033908264711499214,0.19890159098184315,65.04310464859009
7,246,0.04844832420349121,0.17072589695453644,-0.07959609851241112,0.2837784136293571,65.04310464859009
7,247,0.024191442877054214,0.0710674524307251,-0.02910914644598961,0.3404011548084556,65.04310464859009
7,248,0.0,0.030273135751485825,-0.02270485181361437,0.0,65.04310464859009
7,249,0.000378358643501997,0.0,0.000378358643501997,378358643.501997,65.04310464859009
7,250,0.013094157911837101,0.05066027492284775,-0.02490104828029871,0.25846993391804857,65.04310464859009
7,251,0.0010303291492164135,0.02225465141236782,-0.015660659410059452,0.04629724950881595,65.04310464859009
7,252,0.036316484212875366,0.1932131052017212,-0.10859334468841553,0.1879607709568755,65.04310464859009
7,253,0.002742744516581297,0.0,0.002742744516581297,2742744516.581297,65.04310464859009
7,254,0.03363604471087456,0.17085978388786316,-0.09450879320502281,0.19686343939632592,65.04310464859009
7,255,0.013261609710752964,0.18571259081363678,-0.12602283339947462,0.071409319382064,65.04310464859009
8,0,0.0035918266512453556,0.026387862861156464,-0.016199070494621992,0.13611661808340264,65.06122779846191
8,1,0.014792945235967636,0.051989778876304626,-0.024199388921260834,0.28453564441731605,65.06122779846191
8,2,0.0,0.03576139360666275,-0.026821045204997063,0.0,65.06122779846191
8,3,0.026085656136274338,0.36625492572784424,-0.24860553815960884,0.07122267662165663,65.06122779846191
8,4,0.03875181823968887,0.10184929519891739,-0.03763515315949917,0.3804819479960457,65.06122779846191
8,5,0.0,0.0,0.0,0.0,65.06122779846191
8,6,0.07601599395275116,0.23117627203464508,-0.09736621007323265,0.32882264811775425,65.06122779846191
8,7,0.005369414575397968,0.018142161890864372,-0.008237206842750311,0.2959633260579499,65.06122779846191
8,8,0.013575421646237373,0.0429735966026783,-0.01865477580577135,0.3159014538958881,65.06122779846191
8,9,0.002544236136600375,0.02395486831665039,-0.015421915100887418,0.10620956470571516,65.06122779846191
8,10,0.0028234352357685566,0.0,0.0028234352357685566,2823435235.7685566,65.06122779846191
8,11,0.004656688310205936,0.039128463715314865,-0.024689659476280212,0.1190102515643695,65.06122779846191
8,12,0.0,0.0,0.0,0.0,65.06122779846191
8,13,0.04701307788491249,0.26939818263053894,-0.15503555908799171,0.1745114886287603,65.06122779846191
8,14,0.04318377375602722,0.15248773992061615,-0.07118203118443489,0.2831950540956613,65.06122779846191
8,15,0.019451767206192017,0.14240409433841705,-0.08735130354762077,0.13659556135955722,65.06122779846191
8,16,0.019051959738135338,0.005942242685705423,0.01459527772385627,3.2061901108078734,65.06122779846191
8,17,0.0070937382988631725,0.021265612915158272,-0.008855471387505531,0.33357789059882353,65.06122779846191
8,18,0.0,0.0038427168037742376,-0.0028820376028306782,0.0,65.06122779846191
8,19,0.0037663416005671024,0.07522335648536682,-0.052651175763458014,0.05006877885394145,65.06122779846191
8,20,0.04141785576939583,0.15779992938041687,-0.07693209126591682,0.26247068634159576,65.06122779846191
8,21,0.010730305686593056,0.14199145138263702,-0.09576328285038471,0.07557008243828407,65.06122779846191
8,22,0.008993563242256641,0.03427096828818321,-0.016709662973880768,0.26242512806663937,65.06122779846191
8,23,0.008187869563698769,0.00873386301100254,0.0016374723054468632,0.937485457746081,65.06122779846191
8,24,0.054104771465063095,0.27968722581863403,-0.15566064789891243,0.19344741722296044,65.06122779846191
8,25,0.058593519032001495,0.2573382258415222,-0.13441015034914017,0.22769069321188887,65.06122779846191
8,26,0.019901849329471588,0.10499011725187302,-0.058840738609433174,0.18955926376896184,65.06122779846191
8,27,0.00661192974075675,0.01310849841684103,-0.0032194440718740225,0.5044002394475426,65.06122779846191
8,28,0.02334335818886757,0.33651304244995117,-0.2290414236485958,0.0693683609373625,65.06122779846191
8,29,0.010364020243287086,0.09659886360168457,-0.06208512745797634,0.10728925638209123,65.06122779846191
8,30,0.0,0.01484301220625639,-0.011132259154692292,0.0,65.06122779846191
8,31,0.08205409348011017,0.30392205715179443,-0.14588744938373566,0.2699840026380781,65.06122779846191
8,32,0.0,0.025483064353466034,-0.019112298265099525,0.0,65.06122779846191
8,33,0.01871640607714653,0.06371064484119415,-0.029066577553749084,0.2937720395627053,65.06122779846191
8,34,0.06934796273708344,0.04632257670164108,0.03460603021085262,1.4970661753608703,65.06122779846191
8,35,0.05438197776675224,0.4253891408443451,-0.2646598778665066,0.12784054068395556,65.06122779846191
8,36,0.0729982927441597,0.08969118446111679,0.005729904398322105,0.8138848113327376,65.06122779846191
8,37,0.05730140209197998,0.02340175025165081,0.03975008940324187,2.448594719341098,65.06122779846191
8,38,0.012775684706866741,0.1499675214290619,-0.09969995636492968,0.08518967697165514,65.06122779846191
8,39,0.000916952732950449,0.05679521709680557,-0.04167946008965373,0.016144893528118546,65.06122779846191
8,40,0.001740240608341992,0.17727801203727722,-0.13121826841961592,0.009816449250154303,65.06122779846191
8,41,0.005337998270988464,0.0,0.005337998270988464,5337998270.988464,65.06122779846191
8,42,0.004738132003694773,0.03757883608341217,-0.023445995058864355,0.12608511857716015,65.06122779846191
8,43,0.10262347757816315,0.2623426616191864,-0.09413351863622665,0.39118104903097706,65.06122779846191
8,44,0.002064112341031432,0.010776989161968231,-0.006018629530444741,0.19152959233958514,65.06122779846191
8,45,0.028675680980086327,0.009057813324034214,0.021882320987060666,3.1658502942240765,65.06122779846191
8,46,0.024599948897957802,0.08136725425720215,-0.03642549179494381,0.3023322972149822,65.06122779846191
8,47,0.002546182367950678,0.0024811262264847755,0.0006853376980870962,1.0262204073880805,65.06122779846191
8,48,0.007609189487993717,0.034917719662189484,-0.018579100258648396,0.2179177094435345,65.06122779846191
8,49,0.014820541255176067,0.15305262804031372,-0.09996892977505922,0.0968329746757144,65.06122779846191
8,50,0.0,0.0021260350476950407,-0.0015945262857712805,0.0,65.06122779846191
8,51,0.0037538697943091393,0.021226387470960617,-0.012165920808911324,0.1768492071139228,65.06122779846191
8,52,0.044911716133356094,0.19856910407543182,-0.10401511192321777,0.22617675766955664,65.06122779846191
8,53,0.01501183770596981,0.08859574049711227,-0.051434967666864395,0.16944198018514975,65.06122779846191
8,54,0.0,0.03080633096396923,-0.023104748222976923,0.0,65.06122779846191
8,55,0.025281548500061035,0.024791453033685684,0.006687958724796772,1.0197687269354345,65.06122779846191
8,56,0.0029291233513504267,0.025180485099554062,-0.01595624047331512,0.11632513590002186,65.06122779846191
8,57,0.008105127140879631,0.025021925568580627,-0.01066131703555584,0.32392099953862485,65.06122779846191
8,58,0.014033111743628979,0.22162911295890808,-0.15218872297555208,0.06331799805636329,65.06122779846191
8,59,0.01281597837805748,0.03401000797748566,-0.012691527605056763,0.3768296198626217,65.06122779846191
8,60,0.0,0.0,0.0,0.0,65.06122779846191
8,61,0.034322336316108704,0.05814040079712868,-0.009282964281737804,0.5903353923424176,65.06122779846191
8,62,0.000532581761945039,0.016603227704763412,-0.01191983901662752,0.032077001615786194,65.06122779846191
8,63,0.0014087007148191333,0.019872602075338364,-0.01349575084168464,0.07088657587002287,65.06122779846191
8,64,0.05788731575012207,0.2613181173801422,-0.1381012722849846,0.2215204836551431,65.06122779846191
8,65,0.17527414858341217,0.6309170126914978,-0.2979136109352112,0.2778085628653652,65.06122779846191
8,66,0.12046504765748978,0.09629715979099274,0.048242177814245224,1.250971969658306,65.06122779846191
8,67,0.0065175192430615425,0.011947650462388992,-0.0024432186037302017,0.545506353992618,65.06122779846191
8,68,0.014735409989953041,0.04454326629638672,-0.018672039732336998,0.33081116888856316,65.06122779846191
8,69,0.0002444933052174747,0.024699781090021133,-0.018280342512298375,0.009898602109730962,65.06122779846191
8,70,0.022290313616394997,0.14326618611812592,-0.08515932597219944,0.15558670346581702,65.06122779846191
8,71,0.007251555100083351,0.12308623641729355,-0.08506312221288681,0.05891442708053747,65.06122779846191
8,72,0.0,0.03661232069134712,-0.02745924051851034,0.0,65.06122779846191
8,73,0.0008924066787585616,0.02606317028403282,-0.018654971034266055,0.03424014304472545,65.06122779846191
8,74,0.00021729530999436975,0.03319266811013222,-0.024677205772604793,0.006546485183620803,65.06122779846191
8,75,0.0031382569577544928,0.022706009447574615,-0.013891250127926469,0.1382126156893456,65.06122779846191
8,76,0.004623279441148043,0.006769729312509298,-0.00045401754323393106,0.6829341657608201,65.06122779846191
8,77,0.0,0.0,0.0,0.0,65.06122779846191
8,78,0.011465487070381641,0.03165998309850693,-0.012279500253498554,0.3621444469615085,65.06122779846191
8,79,0.019198039546608925,0.06258580088615417,-0.027741311118006706,0.3067475253887715,65.06122779846191
8,80,0.06801280379295349,0.20733831822872162,-0.08749093487858772,0.3280281444050218,65.06122779846191
8,81,0.005899421405047178,0.03504355251789093,-0.02038324298337102,0.16834541537610884,65.06122779846191
8,82,0.013473625294864178,0.056931767612695694,-0.029225200414657593,0.23666269043828034,65.06122779846191
8,83,0.0,0.0,0.0,0.0,65.06122779846191
8,84,0.0,0.0,0.0,0.0,65.06122779846191
8,85,0.0750197023153305,0.2626586854457855,-0.12197431176900864,0.2856166823028186,65.06122779846191
8,86,0.0028061980847269297,0.002012890763580799,0.0012965300120413303,1.3941134482334134,65.06122779846191
8,87,0.0,0.030983490869402885,-0.023237618152052164,0.0,65.06122779846191
8,88,0.0006630453281104565,0.007828147150576115,-0.0052080650348216295,0.08470016151612061,65.06122779846191
8,89,0.004857630003243685,0.10139751434326172,-0.0711905057542026,0.04790679569078201,65.06122779846191
8,90,0.012799919582903385,0.07965029776096344,-0.046937803737819195,0.16070146556333295,65.06122779846191
8,91,0.00207692664116621,0.030759917572140694,-0.02099301153793931,0.06752055288274782,65.06122779846191
8,92,0.018010040745139122,0.0,0.018010040745139122,18010040745.139122,65.06122779846191
8,93,0.005525133106857538,0.06749327480792999,-0.045094822999089956,0.0818619799157606,65.06122779846191
8,94,0.006961827632039785,0.034555185586214066,-0.018954561557620764,0.20146983770261578,65.06122779846191
8,95,0.0038502856623381376,0.0161654744297266,-0.008273820159956813,0.23817956465414275,65.06122779846191
8,96,0.0,0.0,0.0,0.0,65.06122779846191
8,97,0.013405285775661469,0.06845203042030334,-0.03793373703956604,0.19583474285796396,65.06122779846191
8,98,0.0435335598886013,0.11399001628160477,-0.04195895232260227,0.38190677840305437,65.06122779846191
8,99,0.03432169929146767,0.09790877997875214,-0.039109885692596436,0.3505477169521008,65.06122779846191
8,100,0.0,0.037442225962877274,-0.028081669472157955,0.0,65.06122779846191
8,101,1.3629833119921386e-06,0.021675825119018555,-0.016255505855951924,6.288034270646357e-05,65.06122779846191
8,102,0.005958356894552708,0.014652999117970467,-0.005031392443925142,0.4066305366004381,65.06122779846191
8,103,0.004652042407542467,0.01685621775686741,-0.00799012091010809,0.27598376304620237,65.06122779846191
8,104,0.0,0.08458869904279709,-0.06344152428209782,0.0,65.06122779846191
8,105,0.0,0.06248585134744644,-0.04686438851058483,0.0,65.06122779846191
8,106,0.22172127664089203,0.024282051250338554,0.2035097382031381,9.131076874268174,65.06122779846191
8,107,0.011769916862249374,0.09610951691865921,-0.06031222082674503,0.12246359402771939,65.06122779846191
8,108,0.017543768510222435,0.034258678555488586,-0.008150240406394005,0.5120970583058186,65.06122779846191
8,109,0.019030150026082993,0.01675836183130741,0.006461378652602434,1.1355614717302465,65.06122779846191
8,110,0.0024214996956288815,0.04841145500540733,-0.03388709155842662,0.050019147230926896,65.06122779846191
8,111,0.0047919731587171555,0.024578817188739777,-0.013642139732837677,0.1949635379817026,65.06122779846191
8,112,0.01810828223824501,0.0459672212600708,-0.01636713370680809,0.3939390231008099,65.06122779846191
8,113,0.0025286846794188023,0.03956936299800873,-0.027148337569087744,0.06390511465858446,65.06122779846191
8,114,0.019826602190732956,0.06779219210147858,-0.031017541885375977,0.29246144099842536,65.06122779846191
8,115,0.009142295457422733,0.06881381571292877,-0.042468066327273846,0.13285552272568166,65.06122779846191
8,116,0.0016254965448752046,0.005588417407125235,-0.0025658165104687214,0.29086885000963364,65.06122779846191
8,117,0.025830518454313278,0.07995348423719406,-0.03413459472358227,0.3230693283779864,65.06122779846191
8,118,0.07118580490350723,0.2384651005268097,-0.10766302049160004,0.2985166581858194,65.06122779846191
8,119,0.010122898034751415,0.15366317331790924,-0.10512448195368052,0.06587718980488949,65.06122779846191
8,120,0.013339129276573658,0.0163181833922863,0.0011004917323589325,0.817439598212979,65.06122779846191
8,121,0.07732544839382172,0.25364673137664795,-0.11290960013866425,0.3048548978882519,65.06122779846191
8,122,0.00573057122528553,0.0,0.00573057122528553,5730571225.28553,65.06122779846191
8,123,0.0008549618069082499,0.0,0.0008549618069082499,854961806.9082499,65.06122779846191
8,124,0.002217736793681979,0.0,0.002217736793681979,2217736793.681979,65.06122779846191
8,125,0.045205019414424896,0.35412490367889404,-0.22038865834474564,0.1276527545639301,65.06122779846191
8,126,0.0,0.17408296465873718,-0.1305622234940529,0.0,65.06122779846191
8,127,0.023220380768179893,0.11042365431785583,-0.05959735997021198,0.21028448036259928,65.06122779846191
8,128,0.00568907056003809,0.08304192870855331,-0.056592375971376896,0.0685084107323197,65.06122779846191
8,129,0.0314878486096859,0.2221684455871582,-0.13513848558068275,0.14172961658135771,65.06122779846191
8,130,0.02168973721563816,0.07545933127403259,-0.034904761239886284,0.2874361175635636,65.06122779846191
8,131,0.006053388584405184,0.0077470093965530396,0.00024313153699040413,0.7813839216868897,65.06122779846191
8,132,0.01681816391646862,0.04053938388824463,-0.013586373999714851,0.41485987952891884,65.06122779846191
8,133,0.009076614864170551,0.003709433600306511,0.006294539663940668,2.44690048124157,65.06122779846191
8,134,0.0,0.031829170882701874,-0.023871878162026405,0.0,65.06122779846191
8,135,1.8432388969813474e-05,0.12593573331832886,-0.09443336759977683,0.00014636345446987153,65.06122779846191
8,136,0.0024307065177708864,0.09890230745077133,-0.07174602407030761,0.024576843355815482,65.06122779846191
8,137,0.051960527896881104,0.07841139286756516,-0.006848016753792763,0.662665538718059,65.06122779846191
8,138,0.0,0.0,0.0,0.0,65.06122779846191
8,139,0.01838572882115841,0.06465284526348114,-0.030103905126452446,0.28437617472125587,65.06122779846191
8,140,0.008473565801978111,0.034928325563669205,-0.017722678370773792,0.24259868358961117,65.06122779846191
8,141,0.0,0.02105625905096531,-0.015792194288223982,0.0,65.06122779846191
8,142,0.028754927217960358,0.4403280019760132,-0.30149107426404953,0.06530342628416685,65.06122779846191
8,143,0.007255251519382,0.010526063852012157,-0.0006392963696271181,0.6892653911942425,65.06122779846191
8,144,0.0011209226213395596,0.004598449449986219,-0.002327914466150105,0.2437609966766423,65.06122779846191
8,145,0.02974015660583973,0.05566180497407913,-0.01200619712471962,0.5343009738752629,65.06122779846191
8,146,0.0025727609172463417,0.031792398542165756,-0.021271537989377975,0.08092377534061188,65.06122779846191
8,147,2.4921851945691742e-05,0.006425894796848297,-0.004794499245690531,0.0038783473321158,65.06122779846191
8,148,0.004360218066722155,0.023717274889349937,-0.013427738100290298,0.18384144413219397,65.06122779846191
8,149,0.0,0.06797178834676743,-0.05097884126007557,0.0,65.06122779846191
8,150,0.019583810120821,0.061528176069259644,-0.026562321931123734,0.31829011310944844,65.06122779846191
8,151,0.0012391327181831002,0.00850424449890852,-0.00513905065599829,0.14570756028903326,65.06122779846191
8,152,0.0014799005584791303,0.9826026558876038,-0.7354720913572237,0.0015061027462222782,65.06122779846191
8,153,0.009178699925541878,0.029593857005238533,-0.013016692828387022,0.31015558139673927,65.06122779846191
8,154,0.13117928802967072,0.39347004890441895,-0.1639232486486435,0.33339078385913734,65.06122779846191
8,155,0.0015582081396132708,0.07285197824239731,-0.05308077554218471,0.021388686720452833,65.06122779846191
8,156,0.032419268041849136,0.10979193449020386,-0.04992468282580376,0.29527914042216324,65.06122779846191
8,157,0.03616373613476753,0.14852654933929443,-0.07523117586970329,0.2434833118751821,65.06122779846191
8,158,0.029442699626088142,0.05546578764915466,-0.012156641110777855,0.5308263142641235,65.06122779846191
8,159,0.007698519621044397,0.02180524170398712,-0.008655411656945944,0.3530582107367172,65.06122779846191
8,160,0.032319776713848114,0.1008334681391716,-0.043305324390530586,0.3205262826913722,65.06122779846191
8,161,0.003439758438616991,0.02639695070683956,-0.01635795459151268,0.1303089313871176,65.06122779846191
8,162,0.0014710627729073167,0.08007815480232239,-0.058587553328834474,0.018370338034390914,65.06122779846191
8,163,0.01257744524627924,0.02510368451476097,-0.006250318139791489,0.5010198896653071,65.06122779846191
8,164,0.029434263706207275,0.023790722712874413,0.011591221671551466,1.2372160383779192,65.06122779846191
8,165,0.05774249508976936,0.36683815717697144,-0.2173861227929592,0.15740591309795401,65.06122779846191
8,166,0.00253667077049613,0.022718630731105804,-0.014502302277833223,0.11165597083768457,65.06122779846191
8,167,0.004548124503344297,0.0,0.004548124503344297,4548124503.344297,65.06122779846191
8,168,0.002513742074370384,0.003566357307136059,-0.0001610259059816599,0.7048486332638892,65.06122779846191
8,169,0.018354125320911407,0.0359949953854084,-0.008642121218144894,0.5099077003310818,65.06122779846191
8,170,0.04699643701314926,0.17732669413089752,-0.08599858358502388,0.26502742434364,65.06122779846191
8,171,0.0006007499760016799,0.0,0.0006007499760016799,600749976.0016799,65.06122779846191
8,172,0.09709735214710236,0.11792435497045517,0.008654085919260979,0.8233867564559143,65.06122779846191
8,173,0.02940763160586357,0.024352839216589928,0.011143002193421125,1.2075648076640935,65.06122779846191
8,174,0.0,0.009213151410222054,-0.00690986355766654,0.0,65.06122779846191
8,175,0.028038471937179565,0.20364777743816376,-0.12469736114144325,0.13768120767021663,65.06122779846191
8,176,0.05404018238186836,0.12509919703006744,-0.03978421539068222,0.4319786510575914,65.06122779846191
8,177,0.003498836187645793,0.132855623960495,-0.09614288178272545,0.026335627226889893,65.06122779846191
8,178,0.0,0.022953182458877563,-0.017214886844158173,0.0,65.06122779846191
8,179,0.007868324406445026,0.01903376542031765,-0.006406999658793211,0.4133876945668655,65.06122779846191
8,180,0.010642173700034618,0.009719839319586754,0.003352294210344553,1.094891936895947,65.06122779846191
8,181,0.01010518055409193,0.21957705914974213,-0.15457761380821466,0.046021112556911555,65.06122779846191
8,182,0.0,0.0,0.0,0.0,65.06122779846191
8,183,0.06990059465169907,0.2452155500650406,-0.11401106789708138,0.28505775687093937,65.06122779846191
8,184,0.011094799265265465,0.051756005734205246,-0.02772220503538847,0.2143673783875213,65.06122779846191
8,185,0.05078524723649025,0.19833339750766754,-0.0979648008942604,0.25605998724582346,65.06122779846191
8,186,0.020320001989603043,0.08386309444904327,-0.04257731884717941,0.24229969240769597,65.06122779846191
8,187,0.0008453759946860373,0.0,0.0008453759946860373,845375994.6860373,65.06122779846191
8,188,0.005022396333515644,0.018488289788365364,-0.008843821007758379,0.27165283488819897,65.06122779846191
8,189,0.01454699132591486,0.32044628262519836,-0.2257877206429839,0.04539603707272202,65.06122779846191
8,190,0.008188614621758461,0.10756614059209824,-0.07248599082231522,0.07612632169015336,65.06122779846191
8,191,0.007596655748784542,0.15511219203472137,-0.10873748827725649,0.048975233017370286,65.06122779846191
8,192,0.03664281591773033,0.35737037658691406,-0.23138496652245522,0.10253456446946464,65.06122779846191
8,193,0.03537540137767792,0.042140666395425797,0.00376990158110857,0.8394599422062846,65.06122779846191
8,194,0.0019243524875491858,0.0,0.0019243524875491858,1924352487.5491858,65.06122779846191
8,195,0.007646097335964441,0.007531520910561085,0.0019974566530436277,1.0152129199067188,65.06122779846191
8,196,0.029484933242201805,0.25965043902397156,-0.16525289602577686,0.11355626184543494,65.06122779846191
8,197,0.016232220456004143,0.08012334257364273,-0.043860286474227905,0.20259040542251766,65.06122779846191
8,198,0.01383853517472744,0.02034931443631649,-0.0014234506525099277,0.6800492084072568,65.06122779846191
8,199,0.01867198944091797,0.02949567511677742,-0.0034497668966650963,0.6330416024166242,65.06122779846191
8,200,0.013208427466452122,0.0487322099506855,-0.023340729996562004,0.2710410112643636,65.06122779846191
8,201,0.14052529633045197,0.5734171271324158,-0.28953754901885986,0.24506644409621242,65.06122779846191
8,202,0.0014502264093607664,0.005934977438300848,-0.0030010066693648696,0.24435247213536263,65.06122779846191
8,203,0.023219970986247063,0.2978290617465973,-0.2001518253237009,0.07796408735264865,65.06122779846191
8,204,0.003864965168759227,0.18963287770748138,-0.1383596931118518,0.02038130315514568,65.06122779846191
8,205,0.008934680372476578,0.03607592731714249,-0.018122265115380287,0.2476632213410451,65.06122779846191
8,206,0.004553630016744137,0.01608564704656601,-0.00751060526818037,0.2830865306990039,65.06122779846191
8,207,0.006650406867265701,0.00966527871787548,-0.0005985521711409092,0.6880719181204793,65.06122779846191
8,208,0.008282847702503204,0.010481484234333038,0.0004217345267534256,0.7902361456196977,65.06122779846191
8,209,0.0036912476643919945,0.02111743576824665,-0.012146829161792994,0.17479620654357872,65.06122779846191
8,210,0.00369060761295259,0.013867231085896492,-0.006709815701469779,0.26613875472515497,65.06122779846191
8,211,0.00734424963593483,0.019904017448425293,-0.00758376345038414,0.36898327961156846,65.06122779846191
8,212,0.03855622932314873,2.0653822048188886e-06,0.03855468028649511,18667.833278197733,65.06122779846191
8,213,0.02066025882959366,0.0321505069732666,-0.0034526214003562927,0.6426106700628459,65.06122779846191
8,214,0.0,0.02110780030488968,-0.01583085022866726,0.0,65.06122779846191
8,215,0.0028706081211566925,0.015793414786458015,-0.008974452968686819,0.18175981317455941,65.06122779846191
8,216,0.009854506701231003,0.030307741835713387,-0.012876299675554037,0.3251481669047911,65.06122779846191
8,217,0.01000590156763792,0.03371388465166092,-0.015279511921107769,0.2967887465572197,65.06122779846191
8,218,0.013043435290455818,0.04272157698869705,-0.01899774745106697,0.30531258931760497,65.06122779846191
8,219,0.0008195562404580414,0.021234722808003426,-0.015106485865544528,0.03859509953718602,65.06122779846191
8,220,0.020226068794727325,0.054065413773059845,-0.02032299153506756,0.3741036530165544,65.06122779846191
8,221,0.0,0.0,0.0,0.0,65.06122779846191
8,222,0.0,0.005038233008235693,-0.0037786747561767697,0.0,65.06122779846191
8,223,0.028765687718987465,0.1620258241891861,-0.09275368042290211,0.17753767254547193,65.06122779846191
8,224,0.0,0.0,0.0,0.0,65.06122779846191
8,225,0.03334086388349533,0.10090367496013641,-0.04233689233660698,0.33042269170411026,65.06122779846191
8,226,0.0,0.0,0.0,0.0,65.06122779846191
8,227,0.0,0.14649906754493713,-0.10987430065870285,0.0,65.06122779846191
8,228,0.008715531788766384,0.07339156419038773,-0.04632814135402441,0.1187538634009537,65.06122779846191
8,229,0.013399859890341759,0.046629954129457474,-0.021572605706751347,0.2873659247627121,65.06122779846191
8,230,0.03348386287689209,0.13722482323646545,-0.069434754550457,0.2440073310857816,65.06122779846191
8,231,0.0,0.0,0.0,0.0,65.06122779846191
8,232,0.09518180042505264,0.32789739966392517,-0.15074124932289124,0.29027921698164705,65.06122779846191
8,233,0.03981271758675575,0.024599412456154823,0.021363158244639635,1.6184418085634436,65.06122779846191
8,234,0.0014952406054362655,0.0,0.0014952406054362655,1495240605.4362655,65.06122779846191
8,235,0.4765608608722687,0.02332700788974762,0.45906560495495796,20.429575156155835,65.06122779846191
8,236,0.0036995892878621817,9.105078788707033e-06,0.0036927604787706514,406.321457221139,65.06122779846191
8,237,0.012039938010275364,0.038051895797252655,-0.016498983837664127,0.31640836173077713,65.06122779846191
8,238,0.005084102042019367,0.3743157386779785,-0.2756527019664645,0.013582389188234498,65.06122779846191
8,239,0.004390104208141565,0.07702124118804932,-0.05337582668289542,0.056998616749969214,65.06122779846191
8,240,0.14467363059520721,0.4093656837940216,-0.162350632250309,0.35340927762681856,65.06122779846191
8,241,0.0,0.0,0.0,0.0,65.06122779846191
8,242,0.0,0.006700041703879833,-0.005025031277909875,0.0,65.06122779846191
8,243,0.013415663503110409,0.056131765246391296,-0.028683160431683064,0.23900305725257584,65.06122779846191
8,244,0.013344730250537395,0.10579863935709,-0.0660042492672801,0.12613328802245108,65.06122779846191
8,245,0.0004339304578024894,0.0,0.0004339304578024894,433930457.8024894,65.06122779846191
8,246,0.006935982033610344,0.0,0.006935982033610344,6935982033.610344,65.06122779846191
8,247,0.0,0.03945040702819824,-0.02958780527114868,0.0,65.06122779846191
8,248,0.0,0.008945237845182419,-0.006708928383886814,0.0,65.06122779846191
8,249,5.7856964303937275e-06,0.0,5.7856964303937275e-06,5785696.4303937275,65.06122779846191
8,250,0.011854970827698708,0.059801649302244186,-0.03299626614898443,0.19823819185293917,65.06122779846191
8,251,0.007336711045354605,0.03062325529754162,-0.01563073042780161,0.23957972376973272,65.06122779846191
8,252,0.0019479946931824088,0.006558570079505444,-0.002970932866446674,0.29701515258220496,65.06122779846191
8,253,0.0,0.10176349431276321,-0.07632262073457241,0.0,65.06122779846191
8,254,0.0,0.020734863355755806,-0.015551147516816854,0.0,65.06122779846191
8,255,0.03924306109547615,0.7752679586410522,-0.542207907885313,0.050618706291194734,65.06122779846191
9,0,0.008895933628082275,0.06026943773031235,-0.036306144669651985,0.14760273138338054,65.08187627792358
9,1,0.024899540469050407,0.10418309271335602,-0.053237779065966606,0.23899790091007106,65.08187627792358
9,2,0.0040789213962852955,0.000401261611841619,0.0037779751874040812,10.16524199112781,65.08187627792358
9,3,0.024166826158761978,0.01663438230752945,0.011691039428114891,1.4528237785162719,65.08187627792358
9,4,0.0,0.02486090175807476,-0.01864567631855607,0.0,65.08187627792358
9,5,0.03150799870491028,0.1662326455116272,-0.09316648542881012,0.18954158256788917,65.08187627792358
9,6,0.03918887674808502,0.08829530328512192,-0.027032600715756416,0.4438387466782126,65.08187627792358
9,7,0.0002854922495316714,0.0,0.0002854922495316714,285492249.5316714,65.08187627792358
9,8,0.002835491904988885,0.007074408233165741,-0.002470314269885421,0.4008097654436907,65.08187627792358
9,9,0.0,0.0033234739676117897,-0.0024926054757088423,0.0,65.08187627792358
9,10,0.004041050560772419,0.03375961631536484,-0.02127866167575121,0.11970072535491276,65.08187627792358
9,11,0.002913381438702345,0.18772642314434052,-0.13788143591955304,0.015519293394551936,65.08187627792358
9,12,0.009714171290397644,0.009681225754320621,0.002453251974657178,1.0034030334494488,65.08187627792358
9,13,0.10428819805383682,0.03262781351804733,0.07981733791530132,3.196297477701222,65.08187627792358
9,14,0.030229022726416588,0.011048279702663422,0.02194281294941902,2.736084126870282,65.08187627792358
9,15,0.05245846137404442,0.22047516703605652,-0.11289791390299797,0.23793365066473643,65.08187627792358
9,16,0.03033297136425972,0.09343858063220978,-0.039745964109897614,0.32463005279725776,65.08187627792358
9,17,0.016196666285395622,0.0841628834605217,-0.04692549630999565,0.1924442892073743,65.08187627792358
9,18,0.015245219692587852,0.0,0.015245219692587852,15245219692.587852,65.08187627792358
9,19,0.0466747060418129,0.12957802414894104,-0.05050881206989288,0.36020541560197983,65.08187627792358
9,20,0.020696472376585007,0.07286977022886276,-0.033955855295062065,0.2840200032372736,65.08187627792358
9,21,0.04343726113438606,0.10086201876401901,-0.0322092529386282,0.43066023926789554,65.08187627792358
9,22,0.007361658848822117,0.023749029263854027,-0.010450113099068403,0.30997725282677424,65.08187627792358
9,23,0.017292315140366554,0.08751712739467621,-0.0483455304056406,0.19758778258552487,65.08187627792358
9,24,0.004087220411747694,0.04549843817949295,-0.03003660822287202,0.08983210358855907,65.08187627792358
9,25,0.0072052013128995895,0.035970546305179596,-0.019772708415985107,0.2003083648374216,65.08187627792358
9,26,0.03351671248674393,0.12372473627328873,-0.05927683971822262,0.2708974251716311,65.08187627792358
9,27,0.000748922408092767,0.0,0.000748922408092767,748922408.092767,65.08187627792358
9,28,0.01004018448293209,0.014281350187957287,-0.0006708281580358744,0.7030276794623679,65.08187627792358
9,29,0.004810655489563942,0.006383996922522783,2.2657797671854496e-05,0.753549155363526,65.08187627792358
9,30,0.013151592575013638,0.16563312709331512,-0.1110732527449727,0.07940194576852269,65.08187627792358
9,31,0.018221886828541756,0.2977963984012604,-0.20512541197240353,0.061189077256494605,65.08187627792358
9,32,0.0,0.0,0.0,0.0,65.08187627792358
9,33,0.0038638506084680557,0.053694676607847214,-0.036407156847417355,0.0719596588059423,65.08187627792358
9,34,0.0,0.016481757164001465,-0.012361317873001099,0.0,65.08187627792358
9,35,0.017700158059597015,0.07253547012805939,-0.036701444536447525,0.24402072569604702,65.08187627792358
9,36,0.007427788805216551,0.043757207691669464,-0.025390116963535547,0.16975006397542386,65.08187627792358
9,37,0.05133830010890961,0.2590893507003784,-0.1429787129163742,0.19814901681575167,65.08187627792358
9,38,0.04946134611964226,0.01355182658880949,0.03929747617803514,3.64979184111133,65.08187627792358
9,39,0.0015097922878339887,0.0028979929629713297,-0.0006637024343945086,0.5209785898738039,65.08187627792358
9,40,0.00728285638615489,7.47561571188271e-05,0.00722678926831577,97.42149101052755,65.08187627792358
9,41,0.0,0.012048259377479553,-0.009036194533109665,0.0,65.08187627792358
9,42,0.05045691877603531,0.026942873373627663,0.030249763745814562,1.8727371084166187,65.08187627792358
9,43,0.02609233930706978,0.21133282780647278,-0.1324072815477848,0.12346562329086076,65.08187627792358
9,44,0.025766538456082344,0.06886156648397446,-0.0258796364068985,0.37417880207103016,65.08187627792358
9,45,0.03242048621177673,0.12668706476688385,-0.06259481236338615,0.25590999579300044,65.08187627792358
9,46,0.019358115270733833,0.0352509468793869,-0.007080094888806343,0.5491516394274334,65.08187627792358
9,47,0.0013374958653002977,0.3611193299293518,-0.26950200158171356,0.003703750407263597,65.08187627792358
9,48,0.0048222350887954235,0.008128451183438301,-0.0012741032987833023,0.5932538658812962,65.08187627792358
9,49,0.0008204799960367382,0.014901669695973396,-0.010355772275943309,0.05505960155615191,65.08187627792358
9,50,0.10197518020868301,0.06702207773923874,0.05170862190425396,1.5215162472866626,65.08187627792358
9,51,0.13435499370098114,0.15797065198421478,0.015877004712820053,0.8505060402837108,65.08187627792358
9,52,0.004179591778665781,0.011749161407351494,-0.004632279276847839,0.35573532726300444,65.08187627792358
9,53,0.010160356760025024,0.06979631632566452,-0.042186880484223366,0.14557153292262545,65.08187627792358
9,54,0.0,0.0,0.0,0.0,65.08187627792358
9,55,0.0008440560777671635,0.025839660316705704,-0.018535689159762114,0.03266513829474779,65.08187627792358
9,56,0.02299286611378193,0.19813452661037445,-0.1256080288439989,0.11604674110575719,65.08187627792358
9,57,0.0596679151058197,0.24571426212787628,-0.12461778149008751,0.2428345615303522,65.08187627792358
9,58,0.004811453633010387,0.058398712426424026,-0.03898758068680763,0.0823897211602037,65.08187627792358
9,59,0.006337877828627825,0.001403587288223207,0.0052851873624604195,4.515485340520162,65.08187627792358
9,60,0.019892869517207146,0.19175978004932404,-0.12392696551978588,0.10373848735113592,65.08187627792358
9,61,0.0,0.004731321707367897,-0.0035484912805259228,0.0,65.08187627792358
9,62,0.03582454472780228,0.30267074704170227,-0.19117851555347443,0.11836143756154928,65.08187627792358
9,63,0.11957968771457672,0.42456740140914917,-0.19884586334228516,0.2816506573924594,65.08187627792358
9,64,0.007237103767693043,0.021563809365034103,-0.008935753256082535,0.335613418058335,65.08187627792358
9,65,0.019486211240291595,0.04791196435689926,-0.01644776202738285,0.40670866873106815,65.08187627792358
9,66,0.0021631091367453337,0.007506174501031637,-0.0034665217390283942,0.28817730471891667,65.08187627792358
9,67,0.09116161614656448,0.298500657081604,-0.13271387666463852,0.30539837679934273,65.08187627792358
9,68,6.944561755517498e-05,0.021553289145231247,-0.01609552124136826,0.0032220426814678566,65.08187627792358
9,69,0.013145137578248978,0.04884050786495209,-0.023485243320465088,0.26914416234833577,65.08187627792358
9,70,0.003697405569255352,0.0,0.003697405569255352,3697405569.255352,65.08187627792358
9,71,0.21483729779720306,0.4564666450023651,-0.12751268595457077,0.4706527851462603,65.08187627792358
9,72,0.018132055178284645,0.08029047399759293,-0.04208580031991005,0.22583071534242535,65.08187627792358
9,73,0.055912911891937256,0.18895679712295532,-0.08580468595027924,0.29590315216476964,65.08187627792358
9,74,0.04479120299220085,0.16012124717235565,-0.07529973238706589,0.2797330384499663,65.08187627792358
9,75,0.009562668390572071,0.03417535126209259,-0.01606884505599737,0.2798118537818572,65.08187627792358
9,76,0.0012414817465469241,0.054641228169202805,-0.03973943938035518,0.02272060471773829,65.08187627792358
9,77,0.024173077195882797,0.023979512974619865,0.006188442464917898,1.008072066370144,65.08187627792358
9,78,0.022594017907977104,0.03092578612267971,-0.0006003216840326786,0.7305883128602828,65.08187627792358
9,79,0.0009374609217047691,0.6177868247032166,-0.46240265760570765,0.0015174504929813062,65.08187627792358
9,80,0.002896844642236829,0.03384576737880707,-0.022487480891868472,0.08558956899187144,65.08187627792358
9,81,0.012572819367051125,0.06056486442685127,-0.03285082895308733,0.2075926279341163,65.08187627792358
9,82,0.0001394346763845533,0.006872657220810652,-0.0050150582392234355,0.020288321079371133,65.08187627792358
9,83,0.03452887386083603,0.3111097514629364,-0.19880343973636627,0.11098615102342298,65.08187627792358
9,84,0.04841757193207741,0.12731829285621643,-0.047071147710084915,0.38028763067359245,65.08187627792358
9,85,0.00764385936781764,0.0736568346619606,-0.04759876662865281,0.1037766475140353,65.08187627792358
9,86,0.14504876732826233,0.32733145356178284,-0.1004498228430748,0.44312505183814144,65.08187627792358
9,87,0.033249564468860626,0.10571728646755219,-0.04603840038180351,0.3145139794971128,65.08187627792358
9,88,0.004175759386271238,0.03260225057601929,-0.020275928545743227,0.1280819364419784,65.08187627792358
9,89,0.008822436444461346,0.006053292192518711,0.004282467300072312,1.45746085971326,65.08187627792358
9,90,0.013850051909685135,0.032009679824113846,-0.01015720795840025,0.4326832378629041,65.08187627792358
9,91,0.012848117388784885,0.1633405238389969,-0.10965727549046278,0.07865848037423026,65.08187627792358
9,92,0.011999639682471752,0.023477422073483467,-0.005608426872640848,0.5111140245467415,65.08187627792358
9,93,0.018430327996611595,0.11863020062446594,-0.07054232247173786,0.1553594944578996,65.08187627792358
9,94,0.006311936303973198,0.014429665170609951,-0.004510312573984265,0.4374277731954442,65.08187627792358
9,95,0.0060630058869719505,0.14612896740436554,-0.1035337196663022,0.0414907871767342,65.08187627792358
9,96,0.01942497305572033,0.03735421225428581,-0.00859068613499403,0.5200209530043455,65.08187627792358
9,97,0.01690899021923542,0.065187968313694,-0.03198198601603508,0.2593882070017508,65.08187627792358
9,98,0.05799228325486183,0.01725332997739315,0.04505228577181697,3.3612226351369427,65.08187627792358
9,99,0.009451515972614288,0.5892462134361267,-0.43248314410448074,0.01604001138587338,65.08187627792358
9,100,0.011747668497264385,0.037376441061496735,-0.016284662298858166,0.31430677087797737,65.08187627792358
9,101,0.12355109304189682,0.38948285579681396,-0.16856104880571365,0.31721830936259215,65.08187627792358
9,102,0.002177372109144926,0.006885522976517677,-0.002986770123243332,0.31622465225290664,65.08187627792358
9,103,0.05310869216918945,0.1675286740064621,-0.07253781333565712,0.3170125501430512,65.08187627792358
9,104,0.01281560119241476,0.0,0.01281560119241476,12815601192.41476,65.08187627792358
9,105,0.0,0.1177593544125557,-0.08831951580941677,0.0,65.08187627792358
9,106,0.06832597404718399,0.0251139048486948,0.04949054541066289,2.720643183770537,65.08187627792358
9,107,0.0185844786465168,0.249613419175148,-0.1686255857348442,0.07445304306096638,65.08187627792358
9,108,0.00016383201000280678,0.0126408776268363,-0.009316826210124418,0.012960493315909854,65.08187627792358
9,109,0.11688049882650375,0.1573481410741806,-0.0011306069791316986,0.7428146149541004,65.08187627792358
9,110,0.025759322568774223,0.10828646272420883,-0.0554555244743824,0.237881281930336,65.08187627792358
9,111,0.13772594928741455,0.010679803788661957,0.12971609644591808,12.895925056294871,65.08187627792358
9,112,0.012859409675002098,0.01961832121014595,-0.0018543312326073647,0.6554796170681595,65.08187627792358
9,113,0.03622496500611305,0.11864179372787476,-0.052756380289793015,0.30533055736577847,65.08187627792358
9,114,0.010806416161358356,0.27919259667396545,-0.19858803134411573,0.03870595527982115,65.08187627792358
9,115,0.05492694303393364,0.05148489028215408,0.016313275322318077,1.066855590676199,65.08187627792358
9,116,0.053172528743743896,0.18416693806648254,-0.08495267480611801,0.28871918761151577,65.08187627792358
9,117,0.011270924471318722,0.01980077102780342,-0.003579653799533844,0.5692164438911668,65.08187627792358
9,118,0.05452742055058479,0.22840455174446106,-0.116775993257761,0.23873175965140714,65.08187627792358
9,119,0.04699945077300072,0.18716758489608765,-0.09337623789906502,0.2511089235822695,65.08187627792358
9,120,0.020437095314264297,0.0,0.020437095314264297,20437095314.264297,65.08187627792358
9,121,0.0008775764144957066,0.005778120830655098,-0.003456014208495617,0.15187920780194752,65.08187627792358
9,122,0.0,0.0,0.0,0.0,65.08187627792358
9,123,0.025894487276673317,0.12234631925821304,-0.06586525216698647,0.21164909114929,65.08187627792358
9,124,0.011421275325119495,0.050050199031829834,-0.02611637394875288,0.22819640172914887,65.08187627792358
9,125,0.03420716151595116,0.1321467161178589,-0.06490287557244301,0.25885744663668864,65.08187627792358
9,126,0.011183254420757294,0.2351377308368683,-0.16517004370689392,0.04756044204776455,65.08187627792358
9,127,0.002511967672035098,0.07390810549259186,-0.052919111447408795,0.0339877156268455,65.08187627792358
9,128,0.04606901854276657,0.51616370677948,-0.3410537615418434,0.08925272725995695,65.08187627792358
9,129,0.0022578025236725807,0.02693917229771614,-0.017946576699614525,0.08381113193222282,65.08187627792358
9,130,0.009746689349412918,0.05765214189887047,-0.03349241707473993,0.16906031637715818,65.08187627792358
9,131,0.019068380817770958,0.059721074998378754,-0.025722425431013107,0.31929064937242535,65.08187627792358
9,132,0.023603610694408417,0.08469950407743454,-0.03992101736366749,0.27867472131301607,65.08187627792358
9,133,0.007765872869640589,0.009224320761859417,0.000847632298246026,0.8418910258312907,65.08187627792358
9,134,0.05654651299118996,0.18330742418766022,-0.0809340551495552,0.30847912048009696,65.08187627792358
9,135,0.0023911497555673122,0.00490610720589757,-0.001288430648855865,0.4873822879788601,65.08187627792358
9,136,0.00409399438649416,0.01315518468618393,-0.005772394128143787,0.31120767087995493,65.08187627792358
9,137,0.0027874710503965616,0.034015148878097534,-0.02272389060817659,0.08194793032669852,65.08187627792358
9,138,0.04262973368167877,0.42567071318626404,-0.27662330120801926,0.10014720853704775,65.08187627792358
9,139,0.006399899255484343,0.026036683470010757,-0.013127613347023726,0.24580316700512148,65.08187627792358
9,140,0.0010551837040111423,0.04832296818494797,-0.03518704243469983,0.021836069753637017,65.08187627792358
9,141,0.024769209325313568,0.02134869433939457,0.008757688570767641,1.160221273038086,65.08187627792358
9,142,0.005709127523005009,0.0116457249969244,-0.0030251662246882915,0.49023375736783564,65.08187627792358
9,143,0.012852700427174568,0.034229863435029984,-0.01281969714909792,0.3754820830995766,65.08187627792358
9,144,0.026001224294304848,0.11656741052865982,-0.06142433360219002,0.22305740666418084,65.08187627792358
9,145,0.042345188558101654,0.13581892848014832,-0.05951900780200958,0.31177678274776827,65.08187627792358
9,146,0.13044804334640503,0.4052785038948059,-0.1735108345746994,0.32187259401239365,65.08187627792358
9,147,0.01902354136109352,0.067925825715065,-0.03192082792520523,0.28006345393007565,65.08187627792358
9,148,0.0,0.0,0.0,0.0,65.08187627792358
9,149,0.0005054650246165693,0.0,0.0005054650246165693,505465024.6165693,65.08187627792358
9,150,0.0289450716227293,0.09372201561927795,-0.041346440091729164,0.30883961928435805,65.08187627792358
9,151,0.010005424730479717,0.05505601689219475,-0.031286587938666344,0.18173172152808692,65.08187627792358
9,152,0.007914849556982517,0.02631589025259018,-0.011822068132460117,0.300763131351892,65.08187627792358
9,153,0.0,0.0033144510816782713,-0.0024858383112587035,0.0,65.08187627792358
9,154,0.006227575708180666,0.038049470633268356,-0.0223095272667706,0.16367049539375056,65.08187627792358
9,155,0.005828127730637789,0.09310971945524216,-0.06400416186079383,0.06259419279398404,65.08187627792358
9,156,0.0029594479128718376,0.015164109878242016,-0.008413634495809674,0.19516133399448612,65.08187627792358
9,157,0.0018800038378685713,0.0,0.0018800038378685713,1880003837.8685713,65.08187627792358
9,158,0.08499648422002792,0.2288292497396469,-0.08662545308470726,0.3714406454435445,65.08187627792358
9,159,0.03794671595096588,0.12205715477466583,-0.05359615013003349,0.31089300762998945,65.08187627792358
9,160,0.027111653238534927,0.9048413634300232,-0.6515193693339825,0.029962880051959153,65.08187627792358
9,161,0.0,0.0011376215843483806,-0.0008532161882612854,0.0,65.08187627792358
9,162,0.02619233727455139,0.25783464312553406,-0.16718364506959915,0.1015857952870101,65.08187627792358
9,163,0.021018456667661667,0.059397533535957336,-0.023529693484306335,0.3538607651878999,65.08187627792358
9,164,0.011312236078083515,0.030979175120592117,-0.011922145262360573,0.3651561422692311,65.08187627792358
9,165,0.000978164141997695,0.021697359159588814,-0.015294855227693915,0.04508217496691658,65.08187627792358
9,166,0.060770243406295776,0.2275427281856537,-0.10988680273294449,0.2670717886288409,65.08187627792358
9,167,0.12819497287273407,0.500147819519043,-0.24691589176654816,0.2563141692705046,65.08187627792358
9,168,0.0,0.006867443211376667,-0.0051505824085325,0.0,65.08187627792358
9,169,0.001529010129161179,0.01675362139940262,-0.011036205920390785,0.09126445516576102,65.08187627792358
9,170,0.010422630235552788,0.02993682026863098,-0.012029984965920448,0.3481542175047191,65.08187627792358
9,171,0.0023717842996120453,0.022405166178941727,-0.01443209033459425,0.10585881312209995,65.08187627792358
9,172,0.010783285833895206,0.0035629011690616608,0.008111109957098961,3.026546434828162,65.08187627792358
9,173,0.008445928804576397,0.029650282114744186,-0.013791782781481743,0.28485154952679664,65.08187627792358
9,174,0.01500723697245121,0.019728366285562515,0.00021096225827932358,0.7606933465480624,65.08187627792358
9,175,0.0040593561716377735,0.073713019490242,-0.05122540844604373,0.055069731231401714,65.08187627792358
9,176,0.01572256162762642,0.06854504346847534,-0.03568622097373009,0.22937561684716168,65.08187627792358
9,177,0.021752899512648582,0.09944863617420197,-0.05283357761800289,0.21873502090391442,65.08187627792358
9,178,0.002731182612478733,0.04627741500735283,-0.03197687864303589,0.05901761392648593,65.08187627792358
9,179,0.016535209491848946,0.03295021504163742,-0.00817745178937912,0.5018240236202545,65.08187627792358
9,180,0.0005130550707690418,0.08315400034189224,-0.06185244518565014,0.006169938531560931,65.08187627792358
9,181,0.00469348905608058,0.025409216061234474,-0.014363422989845276,0.1847160118826522,65.08187627792358
9,182,0.009704397059977055,0.058706849813461304,-0.03432574030011892,0.1653026365858003,65.08187627792358
9,183,0.018904920667409897,0.0,0.018904920667409897,18904920667.409897,65.08187627792358
9,184,0.0,0.0,0.0,0.0,65.08187627792358
9,185,0.025414666160941124,0.28934139013290405,-0.19159137643873692,0.08783626203350822,65.08187627792358
9,186,0.008297890424728394,0.018757592886686325,-0.00577030424028635,0.44237501444951693,65.08187627792358
9,187,0.01442656759172678,0.12548072636127472,-0.07968397717922926,0.11497038636894653,65.08187627792358
9,188,0.04409436509013176,0.07973229885101318,-0.015704859048128128,0.5530301486976179,65.08187627792358
9,189,0.029961850494146347,0.3155934512615204,-0.20673323795199394,0.09493812490178434,65.08187627792358
9,190,0.005278091412037611,0.01430947333574295,-0.005454013589769602,0.3688529471231387,65.08187627792358
9,191,0.004406824242323637,0.015762820839881897,-0.007415291387587786,0.27957078791977724,65.08187627792358
9,192,0.0015048657078295946,0.0,0.0015048657078295946,1504865707.8295946,65.08187627792358
9,193,0.011867555789649487,0.13737092912197113,-0.09116064105182886,0.08639059126568138,65.08187627792358
9,194,0.002762248506769538,1.391505293213413e-07,0.002762144143872547,19850.65144624249,65.08187627792358
9,195,0.04428960755467415,0.12058031558990479,-0.04614562913775444,0.36730379529720564,65.08187627792358
9,196,0.0,1.1922935527763912e-06,-8.942201645822934e-07,0.0,65.08187627792358
9,197,0.08938922733068466,0.0725737139582634,0.034958941861987114,1.231702533245853,65.08187627792358
9,198,0.06987901777029037,0.24217656254768372,-0.11175340414047241,0.28854574957575796,65.08187627792358
9,199,0.05642121285200119,0.11908229440450668,-0.03289050795137882,0.4738001827532147,65.08187627792358
9,200,0.07751907408237457,0.31700724363327026,-0.16023635864257812,0.24453407812916717,65.08187627792358
9,201,0.0,0.0,0.0,0.0,65.08187627792358
9,202,0.002762577962130308,0.003984158392995596,-0.0002255408326163888,0.6933905956885914,65.08187627792358
9,203,0.04690141603350639,0.013209027238190174,0.03699464560486376,3.550709312972985,65.08187627792358
9,204,0.0015449002385139465,0.01923023723065853,-0.012877777684479952,0.08033703484274204,65.08187627792358
9,205,0.0035514221526682377,0.3192058801651001,-0.23585298797115684,0.011125804295397819,65.08187627792358
9,206,0.00792849063873291,0.0813392773270607,-0.053075967356562614,0.09747431867086077,65.08187627792358
9,207,0.0008912449702620506,0.0,0.0008912449702620506,891244970.2620506,65.08187627792358
9,208,0.05754964426159859,0.18769586086273193,-0.08322225138545036,0.3066111527274429,65.08187627792358
9,209,0.007014749571681023,0.03311031311750412,-0.017817985266447067,0.2118599587558941,65.08187627792358
9,210,0.0,0.06297387182712555,-0.04723040387034416,0.0,65.08187627792358
9,211,0.050831038504838943,0.07144954800605774,-0.002756122499704361,0.7114256132147664,65.08187627792358
9,212,0.040845178067684174,0.35592928528785706,-0.22610178589820862,0.11475644111311596,65.08187627792358
9,213,0.008158814162015915,0.07767575234174728,-0.05009800009429455,0.10503682186449677,65.08187627792358
9,214,0.03764716535806656,0.0960339903831482,-0.034378327429294586,0.3920191716232253,65.08187627792358
9,215,0.015639420598745346,0.02092069573700428,-5.1101204007864e-05,0.747557385022094,65.08187627792358
9,216,0.025425616651773453,0.07221624255180359,-0.02873656526207924,0.3520761500874622,65.08187627792358
9,217,0.0195357296615839,0.17554737627506256,-0.11212480254471302,0.11128465760070587,65.08187627792358
9,218,0.04714038595557213,0.2056545466184616,-0.10710052400827408,0.2292212194209331,65.08187627792358
9,219,0.00352861569263041,0.00221618521027267,0.0018664767849259079,1.5922025265226196,65.08187627792358
9,220,0.0,0.028389204293489456,-0.021291903220117092,0.0,65.08187627792358
9,221,0.0,0.006074688863009214,-0.004556016647256911,0.0,65.08187627792358
9,222,0.005483095068484545,0.0019683886785060167,0.004006803559605032,2.7855753924883233,65.08187627792358
9,223,0.012564272619783878,0.13773831725120544,-0.0907394653186202,0.0912184268722994,65.08187627792358
9,224,0.02236461266875267,0.027264459058642387,0.0019162683747708797,0.8202844817067138,65.08187627792358
9,225,0.0012043975293636322,0.004319384228438139,-0.002035140641964972,0.27883546945308424,65.08187627792358
9,226,0.005845554172992706,0.014536057598888874,-0.005056489026173949,0.4021416489872326,65.08187627792358
9,227,0.024500567466020584,0.04998711869120598,-0.0129897715523839,0.49013762159171476,65.08187627792358
9,228,0.012942081317305565,0.01570303924381733,0.0011648018844425678,0.824176843446214,65.08187627792358
9,229,0.08093705028295517,0.39906811714172363,-0.21836403757333755,0.20281512555413858,65.08187627792358
9,230,0.002562291221693158,0.004217451438307762,-0.0006007973570376635,0.6075449257843082,65.08187627792358
9,231,0.013081303797662258,0.037317898124456406,-0.014907119795680046,0.350536993098731,65.08187627792358
9,232,0.01570163667201996,0.05078694969415665,-0.022388575598597527,0.30916675969451585,65.08187627792358
9,233,0.002321602776646614,0.0,0.002321602776646614,2321602776.646614,65.08187627792358
9,234,0.01474488340318203,0.21114316582679749,-0.14361249096691608,0.06983358114090014,65.08187627792358
9,235,0.08235268294811249,0.29989466071128845,-0.14256831258535385,0.27460536560575727,65.08187627792358
9,236,0.0005378015339374542,0.0,0.0005378015339374542,537801533.9374542,65.08187627792358
9,237,0.04033596068620682,0.022779572755098343,0.02325128111988306,1.7707075158118775,65.08187627792358
9,238,0.019565680995583534,0.014602279290556908,0.008613971527665854,1.3399059561130626,65.08187627792358
9,239,0.0045358831994235516,2.634112433952396e-06,0.004533907615098087,1721.97717112646,65.08187627792358
9,240,0.0,0.0,0.0,0.0,65.08187627792358
9,241,0.01901763305068016,0.06153547018766403,-0.027133969590067863,0.30905155989502064,65.08187627792358
9,242,0.03855092450976372,0.20826344192028046,-0.11764665693044662,0.1851065369616585,65.08187627792358
9,243,0.026190023869276047,0.08589005470275879,-0.038227517157793045,0.30492498764388254,65.08187627792358
9,244,0.02243860624730587,0.2159915566444397,-0.1395550612360239,0.10388649721220305,65.08187627792358
9,245,0.039586540311574936,0.17479266226291656,-0.09150795638561249,0.22647712895295266,65.08187627792358
9,246,0.022348258644342422,0.053792037069797516,-0.017995769158005714,0.4154566337565749,65.08187627792358
9,247,0.0,0.008770919404923916,-0.006578189553692937,0.0,65.08187627792358
9,248,0.05486508086323738,0.1712760180234909,-0.0735919326543808,0.3203313662709754,65.08187627792358
9,249,0.008428001776337624,0.024111326783895493,-0.009655493311583996,0.3495453340882649,65.08187627792358
9,250,0.006972334813326597,0.0049059889279305935,0.003292843117378652,1.4211884523853633,65.08187627792358
9,251,0.012415521778166294,0.02359834872186184,-0.005283239763230085,0.5261182434404093,65.08187627792358
9,252,0.0032923396211117506,0.023512201383709908,-0.01434181141667068,0.1400268553012979,65.08187627792358
9,253,0.006314614787697792,0.005826036911457777,0.0019450871041044593,1.0838611019087936,65.08187627792358
9,254,0.0015712743625044823,0.00470002694055438,-0.001953745842911303,0.33431177779266824,65.08187627792358
9,255,0.002685143379494548,0.003476489335298538,7.777637802064419e-05,0.7723721029311292,65.08187627792358
10,0,0.008556332439184189,0.3234487473964691,-0.23403022810816765,0.026453441257788406,65.10252475738525
10,1,0.008925942704081535,0.008444854989647865,0.0025923014618456364,1.0569681437948246,65.10252475738525
10,2,0.010850070975720882,0.045674555003643036,-0.023405845277011395,0.23755176103232797,65.10252475738525
10,3,0.1142837330698967,0.364820271730423,-0.15933147072792053,0.313260369352587,65.10252475738525
10,4,0.04743654280900955,0.1395762413740158,-0.057245638221502304,0.33986115646685344,65.10252475738525
10,5,0.04277344048023224,0.19821731746196747,-0.10588954761624336,0.21579063336998044,65.10252475738525
10,6,0.11713308095932007,0.1363595873117447,0.014863390475511551,0.8590014333988261,65.10252475738525
10,7,0.0,0.013691714964807034,-0.010268786223605275,0.0,65.10252475738525
10,8,0.014549754559993744,0.10369129478931427,-0.06321871653199196,0.14031799476915033,65.10252475738525
10,9,0.016701240092515945,0.025074848905205727,-0.0021048965863883495,0.6660554627861621,65.10252475738525
10,10,0.11516977846622467,0.40182486176490784,-0.1861988678574562,0.286616855811474,65.10252475738525
10,11,0.0,0.0,0.0,0.0,65.10252475738525
10,12,0.011758417822420597,0.027669046074151993,-0.008993366733193398,0.42496650554860177,65.10252475738525
10,13,0.02466408722102642,0.14228132367134094,-0.08204690553247929,0.17334732756510784,65.10252475738525
10,14,0.0015593271236866713,0.030587533488869667,-0.02138132299296558,0.05097917176627227,65.10252475738525
10,15,0.08856311440467834,0.29387736320495605,-0.1318449079990387,0.3013607902239523,65.10252475738525
10,16,0.0406855084002018,0.09841372817754745,-0.033124787732958794,0.413412936926726,65.10252475738525
10,17,0.0019204161362722516,0.007406862452626228,-0.0036347307031974196,0.2592752529557316,65.10252475738525
10,18,0.008471477776765823,0.034613918513059616,-0.01748896110802889,0.24474194602742957,65.10252475738525
10,19,0.015339239500463009,0.26628169417381287,-0.18437203112989664,0.057605309850525664,65.10252475738525
10,20,0.004797612316906452,0.026156315580010414,-0.014819624368101358,0.18342079954064852,65.10252475738525
10,21,0.06556203961372375,0.2367873191833496,-0.11202844977378845,0.27688154855404545,65.10252475738525
10,22,0.001487209927290678,0.031639933586120605,-0.022242740262299776,0.047004205087714336,65.10252475738525
10,23,0.05526183918118477,0.6128345727920532,-0.40436409041285515,0.09017415406138651,65.10252475738525
10,24,0.025389505550265312,0.009530388750135899,0.018241713987663388,2.6640577014488747,65.10252475738525
10,25,0.008812558837234974,0.011868413537740707,-8.875131607055664e-05,0.7425220572630996,65.10252475738525
10,26,0.31744715571403503,0.14970959722995758,0.20516495779156685,2.120419542805316,65.10252475738525
10,27,0.002482578856870532,0.028170425444841385,-0.018645240226760507,0.08812713395626118,65.10252475738525
10,28,0.09026428312063217,0.2523958086967468,-0.09903257340192795,0.3576298813611717,65.10252475738525
10,29,0.0,0.0,0.0,0.0,65.10252475738525
10,30,0.02681492641568184,0.27370572090148926,-0.1784643642604351,0.09796991574478255,65.10252475738525
10,31,0.1503286063671112,0.41593965888023376,-0.16162613779306412,0.36141926637016264,65.10252475738525
10,32,0.006138674449175596,0.1777365654706955,-0.12716374965384603,0.03453805036056679,65.10252475738525
10,33,0.023091081529855728,0.26255691051483154,-0.17382660135626793,0.08794695780236716,65.10252475738525
10,34,0.023296913132071495,0.1433134824037552,-0.0841881986707449,0.162559116847603,65.10252475738525
10,35,0.033981118351221085,0.06782656908035278,-0.016888808459043503,0.5010001067644057,65.10252475738525
10,36,0.04584583267569542,0.5712420344352722,-0.38258569315075874,0.08025640606251637,65.10252475738525
10,37,0.0015287684509530663,0.0004380049940664321,0.0012002647054032423,3.4902991248334927,65.10252475738525
10,38,0.03316233679652214,0.1560179591178894,-0.08385113254189491,0.21255461219853317,65.10252475738525
10,39,0.00436444440856576,0.01630493625998497,-0.007864257786422968,0.26767626310868553,65.10252475738525
10,40,0.0,0.019904745742678642,-0.014928559307008982,0.0,65.10252475738525
10,41,0.05272512882947922,0.15105362236499786,-0.06056508794426918,0.3490490860373278,65.10252475738525
10,42,0.04167782887816429,0.12487301975488663,-0.05197693593800068,0.3337616801422756,65.10252475738525
10,43,0.02442249096930027,0.023238949477672577,0.006993278861045837,1.0509292165600637,65.10252475738525
10,44,0.045256540179252625,0.07057535648345947,-0.00767497718334198,0.6412513153825585,65.10252475738525
10,45,0.17317160964012146,0.5791513919830322,-0.2611919343471527,0.2990092263214244,65.10252475738525
10,46,0.0,0.0,0.0,0.0,65.10252475738525
10,47,0.021236645057797432,0.11258634179830551,-0.0632031112909317,0.1886254115588329,65.10252475738525
10,48,0.012836223468184471,0.04379433020949364,-0.020009524188935757,0.29310240404381754,65.10252475738525
10,49,0.048757702112197876,0.14557482302188873,-0.060423415154218674,0.33493224377495345,65.10252475738525
10,50,0.0,0.006024989765137434,-0.0045187423238530755,0.0,65.10252475738525
10,51,0.028597848489880562,0.13784855604171753,-0.07478856854140759,0.20745845521238865,65.10252475738525
10,52,0.0020901132375001907,0.13256150484085083,-0.09733101539313793,0.01576712062822271,65.10252475738525
10,53,0.009832044132053852,0.05452834442257881,-0.031064214184880257,0.18031070328631396,65.10252475738525
10,54,0.05228928104043007,0.17473284900188446,-0.07876035571098328,0.2992527240230993,65.10252475738525
10,55,0.006085922941565514,0.0,0.006085922941565514,6085922941.565514,65.10252475738525
10,56,0.0039961314760148525,0.03510356321930885,-0.022331540938466787,0.11383834316007346,65.10252475738525
10,57,0.08103349804878235,0.08688588440418243,0.015869084745645523,0.9326428407046172,65.10252475738525
10,58,0.008381512947380543,0.049930643290281296,-0.02906646952033043,0.16786310760078055,65.10252475738525
10,59,0.029291925951838493,0.087366484105587,-0.03623293712735176,0.3352764650126286,65.10252475738525
10,60,0.02897094562649727,0.03226306661963463,0.0047736456617712975,0.8979600720276292,65.10252475738525
10,61,0.007765043526887894,0.014920026995241642,-0.003424976719543338,0.5204443349093074,65.10252475738525
10,62,0.017353279516100883,0.0505758598446846,-0.020578615367412567,0.3431138801999341,65.10252475738525
10,63,0.02899584360420704,0.03692000359296799,0.0013058409094810486,0.7853694686244397,65.10252475738525
10,64,0.00010603110422380269,0.0,0.00010603110422380269,106031104.22380269,65.10252475738525
10,65,0.021670686081051826,0.27520349621772766,-0.18473193608224392,0.07874422519628271,65.10252475738525
10,66,0.0027624983340501785,0.2620179057121277,-0.19375093095004559,0.010543166225726272,65.10252475738525
10,67,0.01403292641043663,0.005564739927649498,0.009859371464699507,2.5217578162439422,65.10252475738525
10,68,0.01592964492738247,0.07201524823904037,-0.03808179125189781,0.22119822283033677,65.10252475738525
10,69,0.00804897304624319,0.0018289088038727641,0.006677291443338618,4.400970143945013,65.10252475738525
10,70,0.10761181265115738,0.15456292033195496,-0.008310377597808838,0.696233044894229,65.10252475738525
10,71,0.12514634430408478,0.07788272947072983,0.0667342972010374,1.6068561689213894,65.10252475738525
10,72,0.1536225974559784,0.48411431908607483,-0.20946314185857773,0.31732710931929115,65.10252475738525
10,73,0.00412970082834363,0.02148338221013546,-0.011982835829257965,0.1922276849965964,65.10252475738525
10,74,0.0027848135214298964,0.010101196356117725,-0.004791083745658398,0.2756914550490448,65.10252475738525
10,75,0.050000205636024475,0.14835688471794128,-0.06126745790243149,0.33702652715274195,65.10252475738525
10,76,0.0016675060614943504,0.0023616389371454716,-0.00010372314136475325,0.7060800169579673,65.10252475738525
10,77,0.03350643068552017,0.09973209351301193,-0.04129263944923878,0.33596437721236305,65.10252475738525
10,78,0.0,0.03825470060110092,-0.02869102545082569,0.0,65.10252475738525
10,79,0.00958318542689085,0.021523160859942436,-0.006559185218065977,0.44524990956515254,65.10252475738525
10,80,0.0031804880127310753,0.009169909171760082,-0.0036969438660889864,0.34683964179045074,65.10252475738525
10,81,0.10112644731998444,0.4258703887462616,-0.21827634423971176,0.2374582736720849,65.10252475738525
10,82,0.004405438434332609,0.003575247013941407,0.0017240031738765538,1.2322053318055306,65.10252475738525
10,83,0.08061449974775314,0.20489417016506195,-0.07305612787604332,0.39344457522835796,65.10252475738525
10,84,0.014608338475227356,0.06424899399280548,-0.033578407019376755,0.22737069589970244,65.10252475738525
10,85,0.004793168045580387,0.004423077683895826,0.0014758597826585174,1.0836725888736627,65.10252475738525
10,86,0.0036463721189647913,0.08104019612073898,-0.057133774971589446,0.04499461123572792,65.10252475738525
10,87,0.029972167685627937,0.047103192657232285,-0.005355226807296276,0.6363086235597167,65.10252475738525
10,88,0.00648772856220603,0.04378761351108551,-0.026352981571108103,0.14816355681077248,65.10252475738525
10,89,0.017194468528032303,0.05704102665185928,-0.02558630146086216,0.3014403761116456,65.10252475738525
10,90,0.0002839040826074779,0.0,0.0002839040826074779,283904082.6074779,65.10252475738525
10,91,0.009019616059958935,0.01650460809469223,-0.003358840011060238,0.5464907744348738,65.10252475738525
10,92,0.05764259025454521,0.03920545428991318,0.02823849953711033,1.470269667756542,65.10252475738525
10,93,0.009578274562954903,0.02889946661889553,-0.012096325401216745,0.3314343025404089,65.10252475738525
10,94,0.004139693919569254,0.0002990828943438828,0.003915381748811342,13.841292778744407,65.10252475738525
10,95,0.0521148182451725,0.1602114588022232,-0.0680437758564949,0.32528770809821766,65.10252475738525
10,96,0.05777527764439583,0.19449172914028168,-0.08809351921081543,0.29705776127079936,65.10252475738525
10,97,0.004865774419158697,0.06434061378240585,-0.04338968591764569,0.07562524093317918,65.10252475738525
10,98,0.016988646239042282,0.5682628750801086,-0.4092085100710392,0.029895752448402473,65.10252475738525
10,99,0.03175494074821472,0.07981123775243759,-0.028103487566113472,0.3978755579047136,65.10252475738525
10,100,0.08311785757541656,0.4877181053161621,-0.282670721411705,0.17042192338003362,65.10252475738525
10,101,0.0015569472452625632,0.031805429607629776,-0.02229712496045977,0.04895224697232564,65.10252475738525
10,102,0.11036829650402069,0.33961108326911926,-0.14434001594781876,0.32498437754528803,65.10252475738525
10,103,0.004012336954474449,0.013403904624283314,-0.006040591513738036,0.2993409060003396,65.10252475738525
10,104,0.0021652397699654102,0.03109055384993553,-0.02115267561748624,0.06964301055383923,65.10252475738525
10,105,0.0017712815897539258,0.02671375684440136,-0.018264036043547094,0.06630597111461106,65.10252475738525
10,106,0.0005275164148770273,0.050730835646390915,-0.03752061031991616,0.010398338764683003,65.10252475738525
10,107,0.011381641030311584,0.03645371273159981,-0.01595864351838827,0.3122217238556669,65.10252475738525
10,108,0.0225729551166296,0.05783195048570633,-0.020801007747650146,0.3903197960065065,65.10252475738525
10,109,0.01908971555531025,0.026478249579668045,-0.0007689716294407845,0.7209583661167611,65.10252475738525
10,110,0.01654812879860401,0.0864013135433197,-0.048252856358885765,0.19152635671581103,65.10252475738525
10,111,0.016978299245238304,0.0898708924651146,-0.05042487010359764,0.18891877869845225,65.10252475738525
10,112,0.025161510333418846,0.07563675940036774,-0.031566059216856956,0.33266245847338416,65.10252475738525
10,113,0.0168310534209013,0.028924984857439995,-0.004862685222178698,0.5818863347128143,65.10252475738525
10,114,0.0005910575855523348,0.06676196306943893,-0.049480414716526866,0.008853208599164828,65.10252475738525
10,115,0.04241292178630829,0.3339844048023224,-0.2080753818154335,0.12699072524444524,65.10252475738525
10,116,0.00944334827363491,0.05281374230980873,-0.030166958458721638,0.17880475536198195,65.10252475738525
10,117,0.022951195016503334,0.1896669864654541,-0.11929904483258724,0.121007854050355,65.10252475738525
10,118,0.0,0.0003758476523216814,-0.00028188573924126104,0.0,65.10252475738525
10,119,0.06623102724552155,0.605958878993988,-0.3882381319999695,0.10929954084569055,65.10252475738525
10,120,0.001106949057430029,0.0,0.001106949057430029,1106949057.430029,65.10252475738525
10,121,0.004544382449239492,0.016623498871922493,-0.007923241704702377,0.2733709963214602,65.10252475738525
10,122,0.03808814659714699,0.053749822080135345,-0.002224219962954521,0.70861902649004,65.10252475738525
10,123,0.021934861317276955,0.05867689475417137,-0.022072809748351574,0.3738245080759624,65.10252475738525
10,124,0.007213497068732977,0.021976986899971962,-0.009269243106245995,0.3282295749293071,65.10252475738525
10,125,0.005255755968391895,0.01653820089995861,-0.007147894706577063,0.31779490404468685,65.10252475738525
10,126,0.008917980827391148,0.12050772458314896,-0.08146281260997057,0.07400339570069502,65.10252475738525
10,127,0.01668909192085266,0.4175211191177368,-0.29645174741744995,0.0399718508996105,65.10252475738525
10,128,0.007986154407262802,0.0,0.007986154407262802,7986154407.262802,65.10252475738525
10,129,0.02326360158622265,0.05315952003002167,-0.016606038436293602,0.4376187289246966,65.10252475738525
10,130,0.0019198507070541382,0.005260772537440062,-0.002025728696025908,0.36493703026046764,65.10252475738525
10,131,0.00433223694562912,0.027084587141871452,-0.01598120341077447,0.15995211308839707,65.10252475738525
10,132,0.002538914093747735,0.00510082021355629,-0.0012867010664194822,0.4977462421636419,65.10252475738525
10,133,0.01750573329627514,0.02867838367819786,-0.004003054462373257,0.6104156179824419,65.10252475738525
10,134,0.0061952476389706135,0.0,0.0061952476389706135,6195247638.9706135,65.10252475738525
10,135,0.013784117996692657,0.16059339046478271,-0.10666092485189438,0.08583241163732457,65.10252475738525
10,136,0.007002212572842836,0.0,0.007002212572842836,7002212572.842836,65.10252475738525
10,137,0.07214353233575821,0.16817526519298553,-0.05398791655898094,0.42897825820308727,65.10252475738525
10,138,0.015759389847517014,0.0,0.015759389847517014,15759389847.517014,65.10252475738525
10,139,0.03697492927312851,0.3915736973285675,-0.2567053437232971,0.09442648861577801,65.10252475738525
10,140,0.0014739100588485599,0.0,0.0014739100588485599,1473910058.8485599,65.10252475738525
10,141,0.028335416689515114,0.25440308451652527,-0.16246689669787884,0.11138000446517052,65.10252475738525
10,142,0.16561292111873627,0.015008965507149696,0.154356196988374,11.034266221000397,65.10252475738525
10,143,0.0,0.11796227842569351,-0.08847170881927013,0.0,65.10252475738525
10,144,0.015697795897722244,0.11069707572460175,-0.06732501089572906,0.14180858703652002,65.10252475738525
10,145,0.0021045103203505278,0.0482419915497303,-0.0340769833419472,0.0436240348439485,65.10252475738525
10,146,4.762284788739635e-06,0.03318506106734276,-0.02488403351571833,0.00014350688639481416,65.10252475738525
10,147,0.011073509231209755,0.058279454708099365,-0.03263608179986477,0.19000708373959463,65.10252475738525
10,148,0.01644693687558174,0.05279796943068504,-0.02315154019743204,0.3115069964359582,65.10252475738525
10,149,0.004119486548006535,0.028025973588228226,-0.016899993643164635,0.14698816920279473,65.10252475738525
10,150,0.0029766177758574486,0.05482704937458038,-0.03814366925507784,0.05429104447089241,65.10252475738525
10,151,0.03329794108867645,0.10961156338453293,-0.048910731449723244,0.3037812805530267,65.10252475738525
10,152,0.07444384694099426,0.28009670972824097,-0.13562868535518646,0.26577908399194106,65.10252475738525
10,153,0.00037780008278787136,0.004682478960603476,-0.0031340591376647353,0.0806837758131639,65.10252475738525
10,154,0.0005505362059921026,0.07952942699193954,-0.059096534037962556,0.006922421382980391,65.10252475738525
10,155,0.024348493665456772,0.11585267633199692,-0.06254101358354092,0.21016772711811652,65.10252475738525
10,156,0.012111928313970566,0.012942617759108543,0.0024049649946391582,0.935817509136497,65.10252475738525
10,157,0.004014475271105766,0.0032893791794776917,0.0015474408864974976,1.2204355444734025,65.10252475738525
10,158,0.0,0.0,0.0,0.0,65.10252475738525
10,159,0.01084813755005598,0.004682222381234169,0.007336470764130354,2.316877897815627,65.10252475738525
10,160,0.030050238594412804,0.13116201758384705,-0.06832127459347248,0.2291077794299229,65.10252475738525
10,161,0.003144643036648631,0.34037816524505615,-0.2521389808971435,0.00923867438551882,65.10252475738525
10,162,0.009540529921650887,0.032634489238262177,-0.014935337007045746,0.2923450050559635,65.10252475738525
10,163,0.0693858340382576,0.043120816349983215,0.03704522177577019,1.6091029787907878,65.10252475738525
10,164,0.08755932748317719,0.28305912017822266,-0.12473501265048981,0.30933229576824034,65.10252475738525
10,165,0.01186169683933258,0.21705573797225952,-0.15093010663986206,0.05464816065260573,65.10252475738525
10,166,0.04618178308010101,0.10374429076910019,-0.03162643499672413,0.44515011609112004,65.10252475738525
10,167,0.02165680006146431,0.009341617114841938,0.014650587225332856,2.3183138200705877,65.10252475738525
10,168,0.01774170622229576,0.16728951036930084,-0.10772542655467987,0.10605390728339098,65.10252475738525
10,169,0.0450589545071125,0.17568722367286682,-0.08670646324753761,0.25647257418534153,65.10252475738525
10,170,0.0017942836275324225,0.017560390755534172,-0.011376009439118207,0.10217788729244393,65.10252475738525
10,171,0.00340396910905838,0.027561649680137634,-0.017267268151044846,0.12350382319052385,65.10252475738525
10,172,0.02359849214553833,0.106854647397995,-0.056542493402957916,0.2208466615160089,65.10252475738525
10,173,0.0012513299006968737,0.08662334829568863,-0.0637161813210696,0.01444564225814749,65.10252475738525
10,174,0.0022431896068155766,0.011990544386208057,-0.0067497186828404665,0.1870798801436148,65.10252475738525
10,175,0.0006006531766615808,0.0023927607107907534,-0.0011939173564314842,0.2510293543778764,65.10252475738525
10,176,0.009093424305319786,0.015751736238598824,-0.0027203778736293316,0.5772966336535981,65.10252475738525
10,177,0.0013533660676330328,0.0056102764792740345,-0.002854341291822493,0.2412298346421115,65.10252475738525
10,178,0.00933417584747076,0.024823566898703575,-0.009283499326556921,0.3760207340542274,65.10252475738525
10,179,0.038641542196273804,0.1313897967338562,-0.05990080535411835,0.2940985004661526,65.10252475738525
10,180,0.003746245987713337,0.013785106129944324,-0.006592583609744906,0.27176040228692144,65.10252475738525
10,181,0.04926164075732231,0.1863357275724411,-0.09049015492200851,0.2643703459279255,65.10252475738525
10,182,0.006066239904612303,0.0679711326956749,-0.04491210961714387,0.08924729755031813,65.10252475738525
10,183,0.05093681067228317,0.35654258728027344,-0.2164701297879219,0.14286318798741302,65.10252475738525
10,184,0.0027095030527561903,0.01690836064517498,-0.009971767431125045,0.1602463485050596,65.10252475738525
10,185,0.018463341519236565,0.28265485167503357,-0.1935277972370386,0.0653211555002722,65.10252475738525
10,186,0.00795899610966444,0.06084110587835312,-0.0376718332991004,0.13081609866603994,65.10252475738525
10,187,0.012156876735389233,0.03905688226222992,-0.017135784961283207,0.3112608081069061,65.10252475738525
10,188,0.009640024043619633,0.007827609777450562,0.0037693167105317116,1.2315412132779862,65.10252475738525
10,189,0.001990542048588395,0.0683540627360344,-0.0492750050034374,0.02912104955993954,65.10252475738525
10,190,0.012970716692507267,0.018117252737283707,-0.000617222860455513,0.7159317629376968,65.10252475738525
10,191,0.0,0.0,0.0,0.0,65.10252475738525
10,192,0.0,0.007010652218014002,-0.005257989163510501,0.0,65.10252475738525
10,193,0.001616078894585371,0.015907911583781242,-0.01031485479325056,0.10158963267883882,65.10252475738525
10,194,0.02210870198905468,0.07825560122728348,-0.03658299893140793,0.2825190994898913,65.10252475738525
10,195,0.02650713361799717,0.003823909442871809,0.023639201535843313,6.931945959253156,65.10252475738525
10,196,0.005661895964294672,0.0,0.005661895964294672,5661895964.294672,65.10252475738525
10,197,0.004964434541761875,0.004708110820502043,0.001433351426385343,1.0544430090917138,65.10252475738525
10,198,0.0018272142624482512,0.0,0.0018272142624482512,1827214262.4482512,65.10252475738525
10,199,0.0,0.07120721787214279,-0.053405413404107094,0.0,65.10252475738525
10,200,0.014180676080286503,0.0,0.014180676080286503,14180676080.286503,65.10252475738525
10,201,0.0,0.01762636937201023,-0.013219777029007673,0.0,65.10252475738525
10,202,0.08365391194820404,0.3643459677696228,-0.18960556387901306,0.2296002133907767,65.10252475738525
10,203,0.000743191980291158,0.0806281566619873,-0.05972792551619932,0.009217524138590697,65.10252475738525
10,204,0.043866582214832306,0.17133799195289612,-0.08463691174983978,0.25602367411097005,65.10252475738525
10,205,0.015662822872400284,0.05757599323987961,-0.027519172057509422,0.2720373890359481,65.10252475738525
10,206,0.009577717632055283,0.031970005482435226,-0.014399786479771137,0.2995844851205244,65.10252475738525
10,207,0.012992859818041325,0.06292837113142014,-0.03420341853052378,0.2064706202342415,65.10252475738525
10,208,0.007199996616691351,0.06098058074712753,-0.0385354389436543,0.11807031891726341,65.10252475738525
10,209,0.0317927822470665,0.10881847143173218,-0.049821071326732635,0.2921634703049445,65.10252475738525
10,210,0.007820903323590755,0.13828948140144348,-0.09589620772749186,0.056554578441369185,65.10252475738525
10,211,0.018681630492210388,0.11012964695692062,-0.06391560472548008,0.16963307345703596,65.10252475738525
10,212,0.051214396953582764,0.16650311648845673,-0.07366294041275978,0.3075882183672265,65.10252475738525
10,213,0.020069746300578117,0.06517627090215683,-0.028812456876039505,0.3079302639207306,65.10252475738525
10,214,0.0030108527280390263,0.04125012457370758,-0.02792674070224166,0.0729901487348507,65.10252475738525
10,215,0.09707269817590714,0.34033018350601196,-0.15817493945360184,0.28523094007001915,65.10252475738525
10,216,0.008276139385998249,0.016254210844635963,-0.0039145187474787235,0.5091689448719242,65.10252475738525
10,217,0.005627866834402084,0.00834285281598568,-0.0006292727775871754,0.6745734292404147,65.10252475738525
10,218,0.014682818204164505,0.13803298771381378,-0.08884192258119583,0.10637180609681707,65.10252475738525
10,219,0.007168218493461609,0.08936948329210281,-0.0598588939756155,0.08020879420273903,65.10252475738525
10,220,0.01647977903485298,0.04650666192173958,-0.018400217406451702,0.35435308305357305,65.10252475738525
10,221,0.03543185815215111,0.1378646045923233,-0.06796659529209137,0.25700474938196755,65.10252475738525
10,222,0.0006794697255827487,0.01784656196832657,-0.012705451750662178,0.03807286393595439,65.10252475738525
10,223,0.0,0.0,0.0,0.0,65.10252475738525
10,224,0.0014355083694681525,0.05429639294743538,-0.03928678634110838,0.026438374476025272,65.10252475738525
10,225,0.0024159906897693872,0.028325429186224937,-0.018828081199899316,0.08529405410947928,65.10252475738525
10,226,0.005730461794883013,0.0052010733634233475,0.0018296567723155022,1.1017844574315785,65.10252475738525
10,227,0.035724226385354996,0.09777018427848816,-0.037603411823511124,0.3653897826686393,65.10252475738525
10,228,0.0571875125169754,0.2360890507698059,-0.11987927556037903,0.2422285672726634,65.10252475738525
10,229,0.04056946560740471,0.12193483114242554,-0.050881657749414444,0.3327143296707811,65.10252475738525
10,230,0.006117402575910091,0.007532518822699785,0.0004680134588852525,0.8121323980847851,65.10252475738525
10,231,0.0007000263431109488,0.061480894684791565,-0.045410644670482725,0.011386079312745056,65.10252475738525
10,232,0.002519798930734396,0.06451477855443954,-0.04586628498509526,0.03905770099743975,65.10252475738525
10,233,0.023480646312236786,0.31158074736595154,-0.21020491421222687,0.0753597470660901,65.10252475738525
10,234,0.01716933399438858,0.06030242517590523,-0.02805748488754034,0.2847204560018945,65.10252475738525
10,235,0.011984115466475487,0.020077744498848915,-0.0030741929076611996,0.5968855449159475,65.10252475738525
10,236,0.03841795772314072,0.07264786213636398,-0.01606793887913227,0.5288243396687888,65.10252475738525
10,237,0.018086818978190422,0.02938236854970455,-0.003949957434087992,0.6155670856479242,65.10252475738525
10,238,0.014945815317332745,0.022461574524641037,-0.0019003655761480331,0.6653948190618307,65.10252475738525
10,239,0.0,0.013351083733141422,-0.010013312799856067,0.0,65.10252475738525
10,240,0.02076018415391445,0.11434485018253326,-0.0649984534829855,0.1815576663102237,65.10252475738525
10,241,0.006919566076248884,0.23413440585136414,-0.16868123831227422,0.02955381995678195,65.10252475738525
10,242,0.0030259406194090843,0.018811972811818123,-0.011083038989454508,0.16085184948530576,65.10252475738525
10,243,0.016957901418209076,0.0486658439040184,-0.019541481509804726,0.348455920158417,65.10252475738525
10,244,0.0025157497730106115,0.02343982271850109,-0.015064117265865207,0.10732802048530846,65.10252475738525
10,245,0.012184207327663898,0.011362990364432335,0.0036619645543396473,1.0722712011381976,65.10252475738525
10,246,0.05393127724528313,0.10848675668239594,-0.027433790266513824,0.49712314105466654,65.10252475738525
10,247,0.0007938242633827031,0.02183288149535656,-0.015580836858134717,0.0363591156538442,65.10252475738525
10,248,0.008654780685901642,0.033282261341810226,-0.016306915320456028,0.2600418462182193,65.10252475738525
10,249,0.0,0.0106330132111907,-0.007974759908393025,0.0,65.10252475738525
10,250,0.009435848332941532,0.035701919347047806,-0.017340591177344322,0.264295267740486,65.10252475738525
10,251,0.0,0.029837509617209435,-0.022378132212907076,0.0,65.10252475738525
10,252,0.0,0.0,0.0,0.0,65.10252475738525
10,253,0.0043365322053432465,0.0333729051053524,-0.020693146623671055,0.12994170545008396,65.10252475738525
10,254,0.0,0.0,0.0,0.0,65.10252475738525
10,255,0.0027365891728550196,0.08031073957681656,-0.0574964655097574,0.03407500898685436,65.10252475738525
11,0,0.018553348258137703,0.06399701535701752,-0.029444413259625435,0.2899095864759472,65.12317323684692
11,1,0.00591242965310812,0.06441260874271393,-0.042397026903927326,0.09178994250384429,65.12317323684692
11,2,0.0068277232348918915,0.0319526307284832,-0.01713674981147051,0.21368266333675753,65.12317323684692
11,3,0.04249801114201546,0.13534575700759888,-0.0590113066136837,0.31399588787489985,65.12317323684692
11,4,0.0027365784626454115,0.010061433538794518,-0.004809496691450477,0.2719869342496596,65.12317323684692
11,5,0.046548523008823395,0.10479988157749176,-0.032051388174295425,0.44416579778251025,65.12317323684692
11,6,0.005983577575534582,0.04757005348801613,-0.029693962540477514,0.12578454587855747,65.12317323684692
11,7,0.038824357092380524,0.13487718999385834,-0.06233353540301323,0.28784968825240614,65.12317323684692
11,8,0.0036101480945944786,0.0017549560870975256,0.0022939310292713344,2.0571159125172693,65.12317323684692
11,9,0.027282701805233955,0.07034393399953842,-0.02547524869441986,0.38784725638212286,65.12317323684692
11,10,0.015598053112626076,0.025622393935918808,-0.0036187423393130302,0.608766423271291,65.12317323684692
11,11,0.0029654998797923326,0.0068858894519507885,-0.0021989172091707587,0.4306633006606773,65.12317323684692
11,12,0.01684865728020668,0.15778633952140808,-0.10149109736084938,0.10678147000053773,65.12317323684692
11,13,0.007517141755670309,0.028328994289040565,-0.013729603961110115,0.26535152214397745,65.12317323684692
11,14,0.034993819892406464,0.12406711280345917,-0.05805651471018791,0.2820555673569985,65.12317323684692
11,15,0.0,0.045953474938869476,-0.03446510620415211,0.0,65.12317323684692
11,16,0.02255961485207081,0.10120970010757446,-0.05334766022861004,0.22289973024195892,65.12317323684692
11,17,0.014341591857373714,0.11018939316272736,-0.0683004530146718,0.1301540143347912,65.12317323684692
11,18,0.0017983134603127837,0.004168897867202759,-0.0013283599400892854,0.43136423994192236,65.12317323684692
11,19,0.003540267003700137,0.012432741932570934,-0.005784289445728064,0.2847535179782583,65.12317323684692
11,20,0.016543734818696976,0.03332355618476868,-0.008448932319879532,0.4964576627557603,65.12317323684692
11,21,0.007348454557359219,0.02815842628479004,-0.01377036515623331,0.26096822609250603,65.12317323684692
11,22,0.009657157585024834,0.05729089677333832,-0.033311014994978905,0.16856356120699542,65.12317323684692
11,23,0.005721174646168947,0.19459176063537598,-0.14022264583036304,0.02940090899768271,65.12317323684692
11,24,0.021496066823601723,0.14351946115493774,-0.08614352904260159,0.14977806250432943,65.12317323684692
11,25,0.02559966966509819,0.028879739344120026,0.003939865157008171,0.886423154972966,65.12317323684692
11,26,0.021928992122411728,0.23917293548583984,-0.15745070949196815,0.0916867624581977,65.12317323684692
11,27,0.006999201141297817,0.0210115984082222,-0.008759497664868832,0.33311131333186905,65.12317323684692
11,28,0.005819512996822596,0.059440240263938904,-0.03876066720113158,0.09790527378226736,65.12317323684692
11,29,0.021235736086964607,0.23532217741012573,-0.1552558969706297,0.09024111675570705,65.12317323684692
11,30,0.0,0.016758468002080917,-0.012568851001560688,0.0,65.12317323684692
11,31,0.046783093363046646,0.20855867862701416,-0.10963591560721397,0.2243162148456507,65.12317323684692
11,32,0.014226922765374184,0.2457984834909439,-0.17012193985283375,0.05788043344799755,65.12317323684692
11,33,0.004371078219264746,0.01820532977581024,-0.009282919112592936,0.24009882121622317,65.12317323684692
11,34,0.0022737765684723854,0.007318085990846157,-0.0032147879246622324,0.31070645671639235,65.12317323684692
11,35,0.003514803247526288,0.008321094326674938,-0.0027260174974799156,0.42239675565706347,65.12317323684692
11,36,0.0036446372978389263,0.05021157115697861,-0.03401404106989503,0.07258560554442628,65.12317323684692
11,37,0.06779541075229645,0.06679157167673111,0.017701731994748116,1.0150294273566258,65.12317323684692
11,38,0.002515209373086691,0.000623097294010222,0.0020478864025790244,4.03662380374389,65.12317323684692
11,39,0.0,0.01979471929371357,-0.014846039470285177,0.0,65.12317323684692
11,40,0.03671746328473091,0.005082800984382629,0.03290536254644394,7.223864044711726,65.12317323684692
11,41,0.03219440206885338,0.11004817485809326,-0.05034172907471657,0.2925482599786448,65.12317323684692
11,42,0.0,0.0,0.0,0.0,65.12317323684692
11,43,0.0067640310153365135,0.19273875653743744,-0.13779003638774157,0.03509429622156755,65.12317323684692
11,44,0.11553804576396942,0.44564199447631836,-0.21869345009326935,0.2592620246650698,65.12317323684692
11,45,0.020900920033454895,0.030487405136227608,-0.0019646338187158108,0.6855591658055925,65.12317323684692
11,46,0.011539793573319912,0.04347517341375351,-0.02106658648699522,0.2654341010495849,65.12317323684692
11,47,0.0046989889815449715,0.0248941108584404,-0.013971594162285328,0.18875906065000153,65.12317323684692
11,48,0.012573491781949997,0.02647586725652218,-0.007283408660441637,0.47490386847961275,65.12317323684692
11,49,0.0822417289018631,0.592777669429779,-0.3623415231704712,0.1387395867675592,65.12317323684692
11,50,0.040176037698984146,0.14277338981628418,-0.06690400466322899,0.2813972390121147,65.12317323684692
11,51,0.06925006210803986,0.12385109812021255,-0.02363826148211956,0.5591396698014345,65.12317323684692
11,52,0.030672011896967888,0.055959660559892654,-0.011297733522951603,0.5481093271391819,65.12317323684692
11,53,0.010860968381166458,0.036533210426568985,-0.01653893943876028,0.29729028065298274,65.12317323684692
11,54,0.09226857125759125,0.11235921829938889,0.007999157533049583,0.8211927125633259,65.12317323684692
11,55,0.019081369042396545,0.004326994065195322,0.015836123493500054,4.409844051201711,65.12317323684692
11,56,0.039920564740896225,0.1307700127363205,-0.05815694481134415,0.3052730813836136,65.12317323684692
11,57,0.1499658226966858,0.4738743305206299,-0.20543992519378662,0.31646749578439265,65.12317323684692
11,58,0.02294989675283432,0.09914431720972061,-0.05140834115445614,0.23147969947744734,65.12317323684692
11,59,0.004296833649277687,0.0,0.004296833649277687,4296833649.277687,65.12317323684692
11,60,0.021512774750590324,0.15909899771213531,-0.09781147353351116,0.13521628080510664,65.12317323684692
11,61,0.0,0.012814556248486042,-0.009610917186364532,0.0,65.12317323684692
11,62,0.00034399982541799545,0.0,0.00034399982541799545,343999825.41799545,65.12317323684692
11,63,0.12470155209302902,0.3838199973106384,-0.1631634458899498,0.3248959224805032,65.12317323684692
11,64,0.0033004924189299345,0.02363554947078228,-0.014426169684156775,0.13964102771844955,65.12317323684692
11,65,0.011903359554708004,0.06179674714803696,-0.034444200806319714,0.19262113466911676,65.12317323684692
11,66,0.06325340270996094,0.060375653207302094,0.017971662804484367,1.0476640723327717,65.12317323684692
11,67,0.04876003414392471,0.04299318417906761,0.016515146009624004,1.1341340511022375,65.12317323684692
11,68,0.05980972945690155,0.28332075476646423,-0.15268083661794662,0.21110253467307907,65.12317323684692
11,69,0.006334654055535793,0.025796515867114067,-0.013012732844799757,0.24556238865442212,65.12317323684692
11,70,0.006933226250112057,0.051219116896390915,-0.03148111142218113,0.1353640333940477,65.12317323684692
11,71,0.10663346946239471,0.2704467177391052,-0.0962015688419342,0.39428642489522725,65.12317323684692
11,72,0.03269270434975624,0.10168995708227158,-0.04357476346194744,0.3214939339878463,65.12317323684692
11,73,0.005054745823144913,0.004029811359941959,0.002032387303188443,1.2543380745155714,65.12317323684692
11,74,0.012872948311269283,0.049430862069129944,-0.024200198240578175,0.26042330180294676,65.12317323684692
11,75,0.003729546908289194,0.041757550090551376,-0.027588615659624338,0.08931431322269497,65.12317323684692
11,76,0.09314696490764618,0.11708809435367584,0.0053308941423892975,0.7955289171031453,65.12317323684692
11,77,0.06798341125249863,0.28505516052246094,-0.14580795913934708,0.2384921259718902,65.12317323684692
11,78,0.07049398124217987,0.24630218744277954,-0.11423265933990479,0.2862093186170776,65.12317323684692
11,79,0.05503224954009056,0.37116947770118713,-0.2233448587357998,0.14826717401651876,65.12317323684692
11,80,0.0016461947234347463,0.019172169268131256,-0.012732932227663696,0.08586376952582268,65.12317323684692
11,81,0.0,0.007546930108219385,-0.005660197581164539,0.0,65.12317323684692
11,82,0.006807683035731316,0.031003858894109726,-0.01644521113485098,0.21957534572591864,65.12317323684692
11,83,0.0039439089596271515,0.0036523668095469475,0.0012046338524669409,1.079822800995321,65.12317323684692
11,84,0.08561664074659348,0.27786803245544434,-0.12278438359498978,0.3081197933771451,65.12317323684692
11,85,0.013290642760694027,0.20243233442306519,-0.13853360805660486,0.06565474235381852,65.12317323684692
11,86,0.023092521354556084,0.3234894573688507,-0.21952457167208195,0.0713856999925473,65.12317323684692
11,87,0.09264669567346573,0.024682266637682915,0.07413499569520354,3.753573244698142,65.12317323684692
11,88,0.03112579882144928,0.035228025168180466,0.0047047799453139305,0.883552190960734,65.12317323684692
11,89,0.019681354984641075,0.06405586749315262,-0.02836054563522339,0.30725296143148323,65.12317323684692
11,90,0.01055426150560379,0.023011572659015656,-0.006704417988657951,0.45865016100975214,65.12317323684692
11,91,0.10521603375673294,0.1464643031358719,-0.004632193595170975,0.7183732247604923,65.12317323684692
11,92,0.011028879322111607,0.30669376254081726,-0.21899144258350134,0.035960559584604646,65.12317323684692
11,93,0.00544783053919673,0.0022546236868947744,0.003756862774025649,2.4162926028172667,65.12317323684692
11,94,0.0005408665165305138,0.0,0.0005408665165305138,540866516.5305138,65.12317323684692
11,95,0.005144199356436729,0.02904781699180603,-0.016641663387417793,0.1770941808711732,65.12317323684692
11,96,0.0,0.0,0.0,0.0,65.12317323684692
11,97,0.0017281154869124293,0.017604049295186996,-0.011474921484477818,0.09816579457583864,65.12317323684692
11,98,0.01561405323445797,0.17346055805683136,-0.11448136530816555,0.0900150063465856,65.12317323684692
11,99,0.010322362184524536,0.00444031273946166,0.006992127629928291,2.324692603397867,65.12317323684692
11,100,0.010102331638336182,0.037542715668678284,-0.01805470511317253,0.26908899524536584,65.12317323684692
11,101,0.0025025615468621254,0.009832439012825489,-0.004871767712756991,0.25452093253192304,65.12317323684692
11,102,0.03332989662885666,0.37401315569877625,-0.24717997014522552,0.08911423601262537,65.12317323684692
11,103,0.04646432772278786,0.15420620143413544,-0.06919032335281372,0.3013129646561743,65.12317323684692
11,104,0.0,0.0,0.0,0.0,65.12317323684692
11,105,0.006923997309058905,0.005235722288489342,0.0029972055926918983,1.322453126087065,65.12317323684692
11,106,0.004838785622268915,0.013026775792241096,-0.004931296221911907,0.37144921345614196,65.12317323684692
11,107,0.0018740093801170588,0.0,0.0018740093801170588,1874009380.1170588,65.12317323684692
11,108,0.0043268087320029736,0.0,0.0043268087320029736,4326808732.002974,65.12317323684692
11,109,0.018145347014069557,0.12508006393909454,-0.07566470094025135,0.14506985719770685,65.12317323684692
11,110,0.19773338735103607,0.6970870494842529,-0.3250818997621536,0.2836566645400277,65.12317323684692
11,111,0.005258024204522371,0.21694447100162506,-0.15745032904669642,0.02423672832140879,65.12317323684692
11,112,0.008873509243130684,0.0,0.008873509243130684,8873509243.130684,65.12317323684692
11,113,0.0,0.0,0.0,0.0,65.12317323684692
11,114,0.004899239633232355,0.0743798315525055,-0.050885634031146765,0.0658678506109289,65.12317323684692
11,115,0.013782392255961895,0.19751191139221191,-0.13435154128819704,0.06978005609253381,65.12317323684692
11,116,0.0028490768745541573,0.0,0.0028490768745541573,2849076874.5541573,65.12317323684692
11,117,0.04016029089689255,0.055738236755132675,-0.0016433866694569588,0.7205159910709564,65.12317323684692
11,118,0.09986870735883713,0.10667074471712112,0.019865648820996284,0.9362333376666819,65.12317323684692
11,119,0.007546699605882168,0.013547944836318493,-0.002614259021356702,0.5570364875633687,65.12317323684692
11,120,0.016193721443414688,0.0508924163877964,-0.021975590847432613,0.3181951770515581,65.12317323684692
11,121,0.009217372164130211,0.4506712257862091,-0.3287860471755266,0.020452541978977654,65.12317323684692
11,122,0.011401118710637093,0.0932372510433197,-0.058526819571852684,0.12228072559987474,65.12317323684692
11,123,0.005017139948904514,0.25312137603759766,-0.18482389207929373,0.019821083574306533,65.12317323684692
11,124,0.004447207786142826,0.00741416634991765,-0.0011134169762954116,0.5998257357136849,65.12317323684692
11,125,0.002555288141593337,0.04376986250281334,-0.030272108735516667,0.05838008153145818,65.12317323684692
11,126,0.06650233268737793,0.2582550048828125,-0.12718892097473145,0.25750646233282865,65.12317323684692
11,127,0.006889264564961195,0.028455665335059166,-0.01445248443633318,0.24210520061996524,65.12317323684692
11,128,0.0015417345566675067,0.01136935967952013,-0.006985285202972591,0.13560434360336596,65.12317323684692
11,129,0.07053829729557037,0.5448275208473206,-0.33808234333992004,0.129469042213101,65.12317323684692
11,130,0.006238613743335009,0.18705034255981445,-0.13404914317652583,0.033352591916834845,65.12317323684692
11,131,0.031056465581059456,0.11682160198688507,-0.05655973590910435,0.26584522941467753,65.12317323684692
11,132,0.10956931114196777,0.31301671266555786,-0.12519322335720062,0.35004300635757707,65.12317323684692
11,133,0.013632118701934814,0.0610516257584095,-0.03215660061687231,0.22328838147006727,65.12317323684692
11,134,0.012512407265603542,0.05104620009660721,-0.025772242806851864,0.24511926924390326,65.12317323684692
11,135,0.0023869562428444624,0.016617748886346817,-0.01007635542191565,0.14363896452075725,65.12317323684692
11,136,8.787789738562424e-06,0.043693020939826965,-0.03276097791513166,0.00020112570724884512,65.12317323684692
11,137,0.11543765664100647,0.3392217457294464,-0.13897865265607834,0.34030146384759175,65.12317323684692
11,138,0.022907335311174393,0.24018916487693787,-0.157234538346529,0.09537205944662704,65.12317323684692
11,139,0.06038466840982437,0.029776865616440773,0.03805201919749379,2.0279054614282885,65.12317323684692
11,140,0.014715207740664482,0.13026948273181915,-0.08298690430819988,0.11295974645761941,65.12317323684692
11,141,0.006249524652957916,0.019999202340841293,-0.008749877102673054,0.3124886956057735,65.12317323684692
11,142,0.0039748684503138065,0.01027924194931984,-0.003734563011676073,0.3866888696194303,65.12317323684692
11,143,0.0,0.11449384689331055,-0.08587038516998291,0.0,65.12317323684692
11,144,0.002328281756490469,0.026879705488681793,-0.017831497360020876,0.08661857390454733,65.12317323684692
11,145,0.0024847674649208784,0.04465697705745697,-0.03100796532817185,0.05564119267787121,65.12317323684692
11,146,0.009261328727006912,0.03196054324507713,-0.014709078706800938,0.2897738206669455,65.12317323684692
11,147,0.016702376306056976,0.03675065562129021,-0.010860615409910679,0.45447832217519846,65.12317323684692
11,148,0.015956683084368706,0.029418310150504112,-0.006107049528509378,0.542406514928692,65.12317323684692
11,149,0.038663942366838455,0.259580135345459,-0.15602115914225578,0.1489480014148004,65.12317323684692
11,150,0.00011623669706750661,0.021145429462194443,-0.015742835399578325,0.005497012830589572,65.12317323684692
11,151,0.011667083017528057,0.08171004801988602,-0.049615452997386456,0.14278639286255,65.12317323684692
11,152,0.00011837297643069178,0.00970748346298933,-0.007162239620811306,0.012193992075269104,65.12317323684692
11,153,0.002389336936175823,0.014452647417783737,-0.00845014862716198,0.1653217481158824,65.12317323684692
11,154,0.0005002532270736992,0.0,0.0005002532270736992,500253227.07369924,65.12317323684692
11,155,0.0007370414095930755,0.0,0.0007370414095930755,737041409.5930755,65.12317323684692
11,156,0.0019243297865614295,0.005852990318089724,-0.002465412952005863,0.3287772030452816,65.12317323684692
11,157,0.01964685134589672,0.066780686378479,-0.030438663437962532,0.29419960187671845,65.12317323684692
11,158,0.03476427495479584,0.06432633101940155,-0.013480473309755325,0.540436154267373,65.12317323684692
11,159,0.004572695586830378,0.016784291714429855,-0.008015523198992014,0.27243899619706224,65.12317323684692
11,160,0.03385529667139053,0.1343994289636612,-0.06694427505135536,0.2519005990739172,65.12317323684692
11,161,0.04839016869664192,0.1839064657688141,-0.08953968062996864,0.26312380314680894,65.12317323684692
11,162,0.0325433574616909,0.19953274726867676,-0.11710620298981667,0.1630978268329419,65.12317323684692
11,163,7.726979674771428e-06,0.004989531822502613,-0.0037344218872021884,0.0015486382185948555,65.12317323684692
11,164,0.01090804673731327,0.04652681201696396,-0.0239870622754097,0.23444646783668918,65.12317323684692
11,165,0.01999051123857498,0.117886021733284,-0.06842400506138802,0.16957490756311844,65.12317323684692
11,166,0.0029391017742455006,0.0,0.0029391017742455006,2939101774.2455006,65.12317323684692
11,167,0.029111534357070923,0.053655847907066345,-0.011130351573228836,0.542560326452216,65.12317323684692
11,168,0.07598523795604706,0.12009090930223465,-0.01408294402062893,0.632730973534234,65.12317323684692
11,169,0.01664486899971962,0.02814372256398201,-0.004462922923266888,0.5914238587765961,65.12317323684692
11,170,0.004958056379109621,0.010685712099075317,-0.003056227695196867,0.4639893282427733,65.12317323684692
11,171,0.02251070737838745,0.07116567343473434,-0.030863547697663307,0.316314120159568,65.12317323684692
11,172,0.0,0.0,0.0,0.0,65.12317323684692
11,173,0.0027310086879879236,0.04873755946755409,-0.033822160912677646,0.05603499062668484,65.12317323684692
11,174,0.05938351899385452,0.2632182538509369,-0.13803017139434814,0.22560562622400193,65.12317323684692
11,175,0.0030386578291654587,4.931212629344373e-07,0.003038287988218258,6162.077962335806,65.12317323684692
11,176,0.03195982798933983,0.01391848549246788,0.02152096386998892,2.2962144842798433,65.12317323684692
11,177,0.5591792464256287,2.11486554145813,-1.0269699096679688,0.26440415972725556,65.12317323684692
11,178,0.025845052674412727,0.05885773524641991,-0.018298248760402203,0.4391105530270242,65.12317323684692
11,179,0.004280575085431337,0.007686198223382235,-0.0014840735821053386,0.5569170818223832,65.12317323684692
11,180,0.18882089853286743,0.5921905040740967,-0.2553219795227051,0.3188516148663585,65.12317323684692
11,181,0.01931689865887165,0.08573125302791595,-0.044981541112065315,0.22531921529662385,65.12317323684692
11,182,0.0,0.0,0.0,0.0,65.12317323684692
11,183,0.00896985363215208,0.35767871141433716,-0.2592891799286008,0.025077963395300513,65.12317323684692
11,184,0.004363667219877243,0.0,0.004363667219877243,4363667219.877243,65.12317323684692
11,185,0.02570476569235325,0.09203065186738968,-0.04331822320818901,0.27930656982754914,65.12317323684692
11,186,0.031563516706228256,0.036232445389032364,0.004389182664453983,0.8711395647314343,65.12317323684692
11,187,0.09599466621875763,0.12605488300323486,0.001453503966331482,0.7615307232130996,65.12317323684692
11,188,0.005291001405566931,0.16804003715515137,-0.1207390264607966,0.03148655222356481,65.12317323684692
11,189,0.026638805866241455,0.025320792570710182,0.0076482114382088184,1.0520526081795651,65.12317323684692
11,190,0.033416833728551865,0.8151564598083496,-0.5779505111277103,0.0409943800682969,65.12317323684692
11,191,0.08637357503175735,0.2286539375782013,-0.08511687815189362,0.37774803244680283,65.12317323684692
11,192,0.007156760897487402,0.024998413398861885,-0.011592049151659012,0.2862886049211004,65.12317323684692
11,193,0.002261883346363902,0.011027287691831589,-0.0060085824225097895,0.20511692533733972,65.12317323684692
11,194,0.04578874632716179,0.020192177966237068,0.030644612852483988,2.2676477198971097,65.12317323684692
11,195,0.0032107888255268335,0.016872096806764603,-0.009443283779546618,0.1903017071386893,65.12317323684692
11,196,0.0020778998732566833,0.045385219156742096,-0.03196101449429989,0.045783625414139315,65.12317323684692
11,197,0.009934653528034687,0.02320117875933647,-0.007466230541467667,0.4281960684264221,65.12317323684692
11,198,0.026568423956632614,0.10675312578678131,-0.05349642038345337,0.24887724608129055,65.12317323684692
11,199,0.004630343057215214,0.027295758947730064,-0.015841476153582335,0.16963598872309946,65.12317323684692
11,200,0.0066222380846738815,0.02806893363595009,-0.014429462142288685,0.2359276690139854,65.12317323684692
11,201,0.013014128431677818,0.16666996479034424,-0.11198834516108036,0.07808322542079092,65.12317323684692
11,202,0.03397855907678604,0.0,0.03397855907678604,33978559076.78604,65.12317323684692
11,203,0.04500826448202133,0.35310593247413635,-0.21982118487358093,0.12746391477064903,65.12317323684692
11,204,0.003720806911587715,0.005867066793143749,-0.0006794931832700968,0.6341851971587681,65.12317323684692
11,205,0.0015285328263416886,0.015362863428890705,-0.00999361474532634,0.09949530784526169,65.12317323684692
11,206,0.001053007086738944,0.0,0.001053007086738944,1053007086.738944,65.12317323684692
11,207,0.013025879859924316,0.05581073462963104,-0.028832171112298965,0.23339380759154568,65.12317323684692
11,208,0.0,0.0,0.0,0.0,65.12317323684692
11,209,0.03064059652388096,0.30196303129196167,-0.1958316769450903,0.10147135029305539,65.12317323684692
11,210,0.008055350743234158,0.0,0.008055350743234158,8055350743.234158,65.12317323684692
11,211,0.01500510424375534,0.03150833770632744,-0.008626149035990238,0.4762264637104553,65.12317323684692
11,212,0.006054536439478397,0.011365600861608982,-0.002469664206728339,0.5327071144471436,65.12317323684692
11,213,0.005779258906841278,0.04858197271823883,-0.030657220631837845,0.11895891795585006,65.12317323684692
11,214,0.0024398055393248796,0.004472539760172367,-0.0009145992808043957,0.5455078478017474,65.12317323684692
11,215,0.0028947636019438505,0.01231582835316658,-0.006342107662931085,0.2350441658245846,65.12317323684692
11,216,0.04618237912654877,0.2046317607164383,-0.10729144141077995,0.22568529423112763,65.12317323684692
11,217,0.077952541410923,0.02358129248023033,0.060266572050750256,3.305694184191549,65.12317323684692
11,218,0.002372660208493471,0.007890512235462666,-0.003545223968103528,0.3006978681978624,65.12317323684692
11,219,0.09350501000881195,0.31321993470191956,-0.14140994101762772,0.2985282852366944,65.12317323684692
11,220,0.00022250477923080325,0.01133152935653925,-0.008276142238173634,0.01963590016935916,65.12317323684692
11,221,0.0011632631067186594,0.0053871856071054935,-0.0028771260986104608,0.21593150697618954,65.12317323684692
11,222,0.03728245571255684,0.13969534635543823,-0.06748905405402184,0.26688402072771394,65.12317323684692
11,223,0.008212961256504059,0.03600097820162773,-0.01878777239471674,0.22813161382110975,65.12317323684692
11,224,0.022477366030216217,0.27154356241226196,-0.18118030577898026,0.08277628027877137,65.12317323684692
11,225,0.07136119902133942,0.23106327652931213,-0.10193625837564468,0.3088383411371641,65.12317323684692
11,226,0.03009342961013317,0.13755682110786438,-0.07307418622076511,0.21877090039989228,65.12317323684692
11,227,0.018400093540549278,0.03276572749018669,-0.00617420207709074,0.5615652375030747,65.12317323684692
11,228,0.00671682134270668,0.023712892085313797,-0.011067847721278667,0.28325610044771304,65.12317323684692
11,229,0.007256186567246914,0.026993712410330772,-0.012989097740501165,0.2688102494639117,65.12317323684692
11,230,0.0406484417617321,0.08164995908737183,-0.020589027553796768,0.4978378705338634,65.12317323684692
11,231,0.03218397870659828,0.09280848503112793,-0.037422385066747665,0.3467784081968045,65.12317323684692
11,232,0.003924969583749771,0.034602392464876175,-0.02202682476490736,0.11343058395804442,65.12317323684692
11,233,0.0019541033543646336,0.004882109817117453,-0.001707479008473456,0.4002579677976474,65.12317323684692
11,234,0.0,0.0024351216852664948,-0.001826341263949871,0.0,65.12317323684692
11,235,0.1933479905128479,0.0002729456755332649,0.19314328125619795,708.3753550105561,65.12317323684692
11,236,0.006007089279592037,0.004060577135533094,0.0029616564279422164,1.479368345338433,65.12317323684692
11,237,0.009209594689309597,0.0009432420483790338,0.008502163153025322,9.763766040087553,65.12317323684692
11,238,0.018127698451280594,0.08180262893438339,-0.04322427324950695,0.22160288351612537,65.12317323684692
11,239,0.08689425885677338,0.4690708518028259,-0.26490887999534607,0.18524761989072422,65.12317323684692
11,240,0.01375795528292656,0.08234163373708725,-0.04799827001988888,0.16708382695791468,65.12317323684692
11,241,0.03989860415458679,0.18961718678474426,-0.1023142859339714,0.21041660215996008,65.12317323684692
11,242,0.017499662935733795,0.010359931737184525,0.009729714132845402,1.6891677839182786,65.12317323684692
11,243,0.011672109365463257,0.016766367480158806,-0.0009026662446558475,0.6961620863063978,65.12317323684692
11,244,0.0078204944729805,0.1848449558019638,-0.13081322237849236,0.042308400783826555,65.12317323684692
11,245,0.0,0.0,0.0,0.0,65.12317323684692
11,246,0.00903400406241417,0.040958091616630554,-0.021684564650058746,0.2205670163237159,65.12317323684692
11,247,0.007773295976221561,0.07698051631450653,-0.04996209125965834,0.10097744660950983,65.12317323684692
11,248,0.01672954671084881,0.29193609952926636,-0.20222252793610096,0.05730550876636063,65.12317323684692
11,249,0.01420944556593895,0.015187271870672703,0.0028189916629344225,0.935615407823337,65.12317323684692
11,250,0.03561180457472801,0.12189283221960068,-0.055807819589972496,0.2921566750559873,65.12317323684692
11,251,0.003797548823058605,0.045808739960193634,-0.03055900614708662,0.08290009343796963,65.12317323684692
11,252,0.030523546040058136,0.0,0.030523546040058136,30523546040.058136,65.12317323684692
11,253,0.13473908603191376,0.44001030921936035,-0.1952686458826065,0.306218020824679,65.12317323684692
11,254,1.680627974565141e-05,0.0,1.680627974565141e-05,16806279.74565141,65.12317323684692
11,255,0.09129632264375687,0.09932558983564377,0.01680213026702404,0.9191621493907837,65.12317323684692
12,0,0.0024278932251036167,0.0,0.0024278932251036167,2427893225.1036167,65.14129638671875
12,1,0.002360354410484433,1.7305083019891754e-05,0.0023473755982195144,136.3965877178791,65.14129638671875
12,2,0.008968752808868885,0.20921681821346283,-0.14794386085122824,0.042868221041748394,65.14129638671875
12,3,0.02121475152671337,0.0,0.02121475152671337,21214751526.71337,65.14129638671875
12,4,0.002301829168573022,0.01727215386927128,-0.010652286233380437,0.13326821807295938,65.14129638671875
12,5,0.00804396253079176,0.26714369654655457,-0.19231380987912416,0.03011099507399324,65.14129638671875
12,6,0.033409010618925095,0.22566652297973633,-0.13584088161587715,0.14804593157035084,65.14129638671875
12,7,0.0,0.0,0.0,0.0,65.14129638671875
12,8,0.004929195623844862,0.033146701753139496,-0.01993083069100976,0.14870847966734077,65.14129638671875
12,9,0.000607368303462863,0.006641181651502848,-0.004373517935164273,0.09145485475976484,65.14129638671875
12,10,0.02717255987226963,0.0,0.02717255987226963,27172559872.26963,65.14129638671875
12,11,0.04113095998764038,0.04941532760858536,0.004069464281201363,0.8323522675515357,65.14129638671875
12,12,0.004289885517209768,0.15894271433353424,-0.11491715023294091,0.02699013625865633,65.14129638671875
12,13,0.08837123215198517,0.3780548572540283,-0.19516991078853607,0.2337524051235022,65.14129638671875
12,14,0.009765086695551872,0.21109499037265778,-0.14855615608394146,0.04625920623822839,65.14129638671875
12,15,0.001740023260936141,0.0677148625254631,-0.04904612363316119,0.02569632715795792,65.14129638671875
12,16,0.03597205504775047,0.1403147578239441,-0.0692640133202076,0.25636686835627803,65.14129638671875
12,17,0.009960065595805645,0.08080548793077469,-0.05064405035227537,0.12325976676503804,65.14129638671875
12,18,0.004630014766007662,0.0040092491544783115,0.0016230779001489282,1.154833383123901,65.14129638671875
12,19,0.0007537692436017096,0.014303446747362614,-0.00997381581692025,0.05269843394131539,65.14129638671875
12,20,0.032478783279657364,0.11362477391958237,-0.05273979716002941,0.28584244578878804,65.14129638671875
12,21,0.007388052996248007,0.02120937779545784,-0.008518980350345373,0.3483389785004386,65.14129638671875
12,22,0.021796628832817078,0.08366616815328598,-0.04095299728214741,0.26051902834396146,65.14129638671875
12,23,0.5110684633255005,0.23740969598293304,0.3330111913383007,2.152685724175678,65.14129638671875
12,24,7.53413769416511e-05,0.10497375577688217,-0.07865497545571998,0.0007177163128379315,65.14129638671875
12,25,0.015335939824581146,0.10255373269319534,-0.06157935969531536,0.14954053276940524,65.14129638671875
12,26,0.04157572612166405,0.24871563911437988,-0.14496100321412086,0.1671616882216922,65.14129638671875
12,27,0.2691318094730377,0.9810681939125061,-0.46666933596134186,0.27432528252645116,65.14129638671875
12,28,0.007142985239624977,0.029081957414746284,-0.014668482821434736,0.24561569695984228,65.14129638671875
12,29,0.0041181305423378944,0.03666815161705017,-0.023382983170449734,0.11230810282541523,65.14129638671875
12,30,0.0,0.0,0.0,0.0,65.14129638671875
12,31,0.004998110234737396,0.013134322129189968,-0.00485263136215508,0.38053811876967464,65.14129638671875
12,32,0.0,0.0,0.0,0.0,65.14129638671875
12,33,0.0166197270154953,0.05580023303627968,-0.02523044776171446,0.2978433262884726,65.14129638671875
12,34,0.00629440089687705,0.17729030549526215,-0.12667332822456956,0.035503356369419516,65.14129638671875
12,35,0.2948838472366333,1.0980298519134521,-0.5286385416984558,0.2685572224857943,65.14129638671875
12,36,0.0012857775436714292,0.007009223569184542,-0.003971140133216977,0.1834407949463619,65.14129638671875
12,37,0.05304504558444023,0.2302408516407013,-0.11963559314608574,0.23038937358948117,65.14129638671875
12,38,0.0032211721409112215,0.0071944850496947765,-0.002174691646359861,0.44772796360180783,65.14129638671875
12,39,0.014572716318070889,0.04941806197166443,-0.022490830160677433,0.29488643901356915,65.14129638671875
12,40,0.003343661315739155,0.0,0.003343661315739155,3343661315.739155,65.14129638671875
12,41,0.008471451699733734,0.03229575976729393,-0.015750368125736713,0.2623084813768805,65.14129638671875
12,42,0.02056327648460865,0.03673175722360611,-0.006985541433095932,0.5598228355607662,65.14129638671875
12,43,0.008478330448269844,0.020849231630563736,-0.007158593274652958,0.40664953980531665,65.14129638671875
12,44,0.021522168070077896,0.1410367339849472,-0.08425538241863251,0.1525997338553114,65.14129638671875
12,45,0.012184220366179943,0.05260472744703293,-0.027269325219094753,0.23161835365873668,65.14129638671875
12,46,0.0,0.05464489012956619,-0.040983667597174644,0.0,65.14129638671875
12,47,0.017722047865390778,0.0660925805568695,-0.03184738755226135,0.26813974754509184,65.14129638671875
12,48,0.0496382936835289,0.15393564105033875,-0.06581343710422516,0.3224613438740554,65.14129638671875
12,49,0.03224584087729454,0.09443031996488571,-0.03857689909636974,0.34147761957116957,65.14129638671875
12,50,0.031071262434124947,0.0052167195826768875,0.02715872274711728,5.956092125662055,65.14129638671875
12,51,0.06430405378341675,0.02696911245584488,0.04407721944153309,2.3843592882900415,65.14129638671875
12,52,0.003822928760200739,0.0,0.003822928760200739,3822928760.200739,65.14129638671875
12,53,0.0,0.08700980991125107,-0.0652573574334383,0.0,65.14129638671875
12,54,0.0006757901865057647,0.0,0.0006757901865057647,675790186.5057647,65.14129638671875
12,55,0.004219596739858389,0.009081577882170677,-0.002591586671769619,0.46463255550314003,65.14129638671875
12,56,0.013399308547377586,0.022990942001342773,-0.0038438979536294937,0.5828081574914242,65.14129638671875
12,57,0.055240336805582047,0.12024106085300446,-0.034940458834171295,0.4594132521223705,65.14129638671875
12,58,0.0005513497162610292,0.031361524015665054,-0.02296979329548776,0.017580450362299042,65.14129638671875
12,59,0.020595235750079155,0.09828462451696396,-0.053118232637643814,0.20954687318681126,65.14129638671875
12,60,0.0009664586978033185,0.023668451234698296,-0.016784879728220403,0.04083320400557696,65.14129638671875
12,61,0.0,0.0,0.0,0.0,65.14129638671875
12,62,0.05312012508511543,0.19461286067962646,-0.09283952042460442,0.2729527992103735,65.14129638671875
12,63,0.02510708197951317,0.11735121160745621,-0.06290632672607899,0.2139482126804388,65.14129638671875
12,64,0.0,0.0,0.0,0.0,65.14129638671875
12,65,0.0,0.012636874802410603,-0.009477656101807952,0.0,65.14129638671875
12,66,0.015229053795337677,0.011793184094130993,0.006384165724739432,1.2913436839865189,65.14129638671875
12,67,0.052674174308776855,0.28950217366218567,-0.1644524559378624,0.1819474225090253,65.14129638671875
12,68,0.004124980419874191,0.0014492678456008434,0.0030380295356735587,2.846251249932195,65.14129638671875
12,69,0.0,0.0,0.0,0.0,65.14129638671875
12,70,0.0021949417423456907,2.019763469696045,-1.512627660529688,0.0010867320729763083,65.14129638671875
12,71,0.001243425183929503,0.0,0.001243425183929503,1243425183.929503,65.14129638671875
12,72,0.0003379051049705595,0.07238703221082687,-0.053952369053149596,0.004668033688433924,65.14129638671875
12,73,0.002911722520366311,0.060964375734329224,-0.04281155928038061,0.04776104873126668,65.14129638671875
12,74,0.01575675792992115,0.06315312534570694,-0.031608086079359055,0.24950084169892583,65.14129638671875
12,75,0.08075935393571854,0.04494950920343399,0.047047222033143044,1.796668203170328,65.14129638671875
12,76,0.03652075305581093,0.12838150560855865,-0.05976537615060806,0.28447051530054474,65.14129638671875
12,77,0.0,0.024886667728424072,-0.018665000796318054,0.0,65.14129638671875
12,78,0.010134718380868435,0.12665869295597076,-0.08485930133610964,0.08001597161839859,65.14129638671875
12,79,0.007551336660981178,0.05536651983857155,-0.03397355321794748,0.13638814003231045,65.14129638671875
12,80,0.1289159506559372,0.3741084933280945,-0.15166541934013367,0.34459509194444526,65.14129638671875
12,81,0.01660875789821148,0.07580730319023132,-0.04024671949446201,0.21909179193875641,65.14129638671875
12,82,0.0013434969587251544,0.0019917346071451902,-0.00015030399663373828,0.674536132088547,65.14129638671875
12,83,0.028745532035827637,0.16760247945785522,-0.09695632755756378,0.17151018367174206,65.14129638671875
12,84,0.021617084741592407,0.019963271915912628,0.006644630804657936,1.082842774048411,65.14129638671875
12,85,0.0025272397324442863,0.07796547561883926,-0.05594686698168516,0.0324148568626342,65.14129638671875
12,86,0.06647960096597672,0.20135550200939178,-0.08453702554106712,0.33016033980807613,65.14129638671875
12,87,0.0045144096948206425,0.015894630923867226,-0.007406563498079777,0.284021045607157,65.14129638671875
12,88,0.06064855679869652,0.21162134408950806,-0.09806745126843452,0.28658998013337356,65.14129638671875
12,89,0.0011472295736894011,0.16187532246112823,-0.12025926227215677,0.007087118383704241,65.14129638671875
12,90,0.018755260854959488,4.050923053000588e-06,0.018752222662669737,4629.872248793988,65.14129638671875
12,91,0.0,0.0,0.0,0.0,65.14129638671875
12,92,0.022644666954874992,0.2690456211566925,-0.1791395489126444,0.08416664377378046,65.14129638671875
12,93,0.007237228099256754,0.008686784654855728,0.0007221396081149578,0.8331308287213228,65.14129638671875
12,94,0.0,0.537166178226471,-0.4028746336698532,0.0,65.14129638671875
12,95,0.0,0.016768572852015495,-0.012576429639011621,0.0,65.14129638671875
12,96,0.09230616688728333,0.30576053261756897,-0.1370142325758934,0.3018903914666897,65.14129638671875
12,97,0.0037640798836946487,0.14685815572738647,-0.10637953691184521,0.025630717375045197,65.14129638671875
12,98,0.001556465052999556,0.09413590282201767,-0.0690454620635137,0.016534234084160465,65.14129638671875
12,99,0.013608342036604881,0.0022335569374263287,0.011933174333535135,6.09267746995192,65.14129638671875
12,100,0.0010097107151523232,0.014963386580348015,-0.010212829220108688,0.0674787562068961,65.14129638671875
12,101,0.013041187077760696,0.06216966733336449,-0.03358606342226267,0.20976768313109725,65.14129638671875
12,102,0.1631813496351242,0.3827962279319763,-0.12391582131385803,0.4262877680803469,65.14129638671875
12,103,0.056520313024520874,0.17936986684799194,-0.07800708711147308,0.3151048390536201,65.14129638671875
12,104,0.0017274398123845458,0.37038183212280273,-0.2760589342797175,0.004663943159628675,65.14129638671875
12,105,0.018026569858193398,0.000906247878447175,0.017346883949358016,19.891433974101965,65.14129638671875
12,106,0.017857493832707405,0.4968893229961395,-0.35480949841439724,0.03593857425833682,65.14129638671875
12,107,0.0015674360329285264,0.0,0.0015674360329285264,1567436032.9285264,65.14129638671875
12,108,0.005984415765851736,0.0657602995634079,-0.04333580890670419,0.0910034748243565,65.14129638671875
12,109,0.005745249334722757,0.03104708530008793,-0.01754006464034319,0.18504955550598615,65.14129638671875
12,110,0.00022878211166244,0.023634525015950203,-0.017497111650300212,0.009679996170786683,65.14129638671875
12,111,0.002154421526938677,0.000844410271383822,0.0015211138234008104,2.551391897278337,65.14129638671875
12,112,0.001551417401060462,0.0018657287582755089,0.00015212083235383034,0.8315342695702999,65.14129638671875
12,113,0.0,0.012155397795140743,-0.009116548346355557,0.0,65.14129638671875
12,114,0.00955909676849842,0.03185821324586868,-0.014334563165903091,0.3000512519150137,65.14129638671875
12,115,0.09387743473052979,0.3738041818141937,-0.1864757016301155,0.251140675512673,65.14129638671875
12,116,0.003160680178552866,0.00709130335599184,-0.0021577973384410143,0.44571216593583146,65.14129638671875
12,117,0.007845379412174225,0.0932348221540451,-0.062080737203359604,0.08414645119532409,65.14129638671875
12,118,0.01068158634006977,0.03299196809530258,-0.014062389731407166,0.3237632356120901,65.14129638671875
12,119,0.039649978280067444,0.1208653375506401,-0.050999024882912636,0.3280508629128418,65.14129638671875
12,120,0.21454915404319763,0.2417486608028412,0.03323765844106674,0.887488490442089,65.14129638671875
12,121,0.015268739312887192,0.0,0.015268739312887192,15268739312.887192,65.14129638671875
12,122,0.2851645350456238,0.789117693901062,-0.30667373538017273,0.36137136101400835,65.14129638671875
12,123,0.005252360831946135,0.0326324887573719,-0.019222005736082792,0.1609549572157176,65.14129638671875
12,124,0.004169330932199955,4.4016787796863355e-06,0.00416602967311519,947.2135959188431,65.14129638671875
12,125,0.024746926501393318,0.045075345784425735,-0.009059582836925983,0.5490124605853778,65.14129638671875
12,126,7.092262421792839e-08,0.009018372744321823,-0.006763708635617149,7.864237398561583e-06,65.14129638671875
12,127,8.194087968149688e-06,0.01961241103708744,-0.01470111418984743,0.0004178011541893912,65.14129638671875
12,128,3.2485640986124054e-05,0.06015787646174431,-0.04508592170532211,0.0005400064446464025,65.14129638671875
12,129,0.09368199855089188,0.16116024553775787,-0.02718818560242653,0.5812971942163121,65.14129638671875
12,130,0.0,0.01681607775390148,-0.012612058315426111,0.0,65.14129638671875
12,131,0.004368639085441828,0.06076933443546295,-0.041208361741155386,0.07188887497211995,65.14129638671875
12,132,0.08166658133268356,0.2542664408683777,-0.1090332493185997,0.3211850571135241,65.14129638671875
12,133,0.0031562072690576315,0.018282044678926468,-0.01055532624013722,0.17263973063817753,65.14129638671875
12,134,0.006896506529301405,0.019960831850767136,-0.008074117358773947,0.34550196006439765,65.14129638671875
12,135,0.002425017300993204,0.006025098729878664,-0.002093806746415794,0.40248590260686967,65.14129638671875
12,136,0.013133806176483631,0.3915863335132599,-0.2805559439584613,0.0335400014056041,65.14129638671875
12,137,0.017095748335123062,0.2124938815832138,-0.1422746628522873,0.08045289684422192,65.14129638671875
12,138,0.19934619963169098,0.6670221090316772,-0.30092038214206696,0.2988599582115577,65.14129638671875
12,139,0.014167031273245811,0.11657553911209106,-0.07326462306082249,0.12152662025866538,65.14129638671875
12,140,0.022825799882411957,0.12323511391878128,-0.069600535556674,0.18522155866444195,65.14129638671875
12,141,0.12492512911558151,0.43612828850746155,-0.20217108726501465,0.286441243109498,65.14129638671875
12,142,0.0023570447228848934,0.014369247481226921,-0.008419890888035297,0.164033970867318,65.14129638671875
12,143,0.010253285057842731,0.0391099788248539,-0.01907919906079769,0.2621654464068575,65.14129638671875
12,144,0.002237326931208372,0.0,0.002237326931208372,2237326931.208372,65.14129638671875
12,145,0.0,0.28806865215301514,-0.21605148911476135,0.0,65.14129638671875
12,146,0.0,0.9047229886054993,-0.6785422414541245,0.0,65.14129638671875
12,147,0.02311139740049839,0.03832472860813141,-0.005632149055600166,0.6030413844859367,65.14129638671875
12,148,0.002961030462756753,0.05231146514415741,-0.036272568395361304,0.056603852607459655,65.14129638671875
12,149,0.03709806874394417,0.07503026723861694,-0.01917463168501854,0.4944413782436311,65.14129638671875
12,150,0.009253472089767456,0.05622291937470436,-0.032913717441260815,0.16458540738398875,65.14129638671875
12,151,0.005013484042137861,0.08601059019565582,-0.059494458604604006,0.05828914823947796,65.14129638671875
12,152,0.008089814335107803,0.09768985211849213,-0.06517757475376129,0.08281120463988947,65.14129638671875
12,153,0.0,0.0,0.0,0.0,65.14129638671875
12,154,0.004656862933188677,0.2622033357620239,-0.19199563888832927,0.017760502243943575,65.14129638671875
12,155,0.015137000940740108,0.004726694896817207,0.011591979768127203,3.2024493367935363,65.14129638671875
12,156,0.05563650280237198,0.1104404479265213,-0.027193833142518997,0.5037692606868501,65.14129638671875
12,157,0.013002913445234299,0.21748287975788116,-0.15010924637317657,0.059788216247873685,65.14129638671875
12,158,0.01029521506279707,0.04496559500694275,-0.023428981192409992,0.22895760772160398,65.14129638671875
12,159,0.002939509926363826,0.011864800937473774,-0.005959090776741505,0.24775046303827403,65.14129638671875
12,160,0.13595636188983917,0.43838584423065186,-0.19283302128314972,0.31012945257875874,65.14129638671875
12,161,0.00037915832945145667,0.0,0.00037915832945145667,379158329.45145667,65.14129638671875
12,162,0.03718280419707298,0.18664881587028503,-0.10280380770564079,0.1992126444708582,65.14129638671875
12,163,0.0,0.0,0.0,0.0,65.14129638671875
12,164,0.00593985989689827,0.06871607899665833,-0.045597199350595474,0.08644061162309166,65.14129638671875
12,165,0.05133822560310364,0.15809571743011475,-0.06723356246948242,0.32472875570125836,65.14129638671875
12,166,0.04101140424609184,0.11886952072381973,-0.04814073629677296,0.3450119424728928,65.14129638671875
12,167,0.010550526902079582,0.11627176403999329,-0.07665329612791538,0.09074023249840642,65.14129638671875
12,168,0.0016977132763713598,0.0053349691443145275,-0.002303513581864536,0.31822363543796456,65.14129638671875
12,169,0.009296965785324574,0.020528165623545647,-0.0060991584323346615,0.4528882879923834,65.14129638671875
12,170,0.04608864709734917,0.17776763439178467,-0.08723707869648933,0.25926343259715356,65.14129638671875
12,171,0.008156344294548035,0.06863170862197876,-0.043317437171936035,0.1188422153286912,65.14129638671875
12,172,0.005765706300735474,0.03903106227517128,-0.023507590405642986,0.14772096798030207,65.14129638671875
12,173,0.014276864938437939,0.2253485471010208,-0.15473454538732767,0.06335459057552499,65.14129638671875
12,174,0.02299812249839306,0.05521891638636589,-0.01841606479138136,0.41648992778233945,65.14129638671875
12,175,0.02231474593281746,0.5833345651626587,-0.41518617793917656,0.038253769389710174,65.14129638671875
12,176,0.021749207749962807,0.053678009659051895,-0.018509299494326115,0.40517910197681833,65.14129638671875
12,177,0.05615208297967911,0.12472827732563019,-0.03739412501454353,0.4501952899792862,65.14129638671875
12,178,0.01065706554800272,0.03936568275094032,-0.018867196515202522,0.27071969296601206,65.14129638671875
12,179,0.009090733714401722,0.06436477601528168,-0.039182848297059536,0.14123771225587944,65.14129638671875
12,180,0.004780196119099855,0.09640736877918243,-0.06752533046528697,0.04958330654163103,65.14129638671875
12,181,0.019789129495620728,0.026763206347823143,-0.0002832752652466297,0.7394154959497562,65.14129638671875
12,182,0.019335700199007988,0.11406255513429642,-0.06621121615171432,0.169518385556704,65.14129638671875
12,183,0.002564990660175681,0.0089424392208457,-0.004141838755458593,0.2868334462827104,65.14129638671875
12,184,0.002532792277634144,0.0,0.002532792277634144,2532792277.634144,65.14129638671875
12,185,0.0063421162776649,0.12907303869724274,-0.09046266274526715,0.04913587176398632,65.14129638671875
12,186,0.09439775347709656,0.0,0.09439775347709656,94397753477.09656,65.14129638671875
12,187,0.057043977081775665,0.05654379725456238,0.014636129140853882,1.008845883200108,65.14129638671875
12,188,0.007930498570203781,0.30211564898490906,-0.218656238168478,0.02624987681645603,65.14129638671875
12,189,0.0,0.0,0.0,0.0,65.14129638671875
12,190,0.05640093982219696,0.2151317000389099,-0.10494783520698547,0.26216935863814494,65.14129638671875
12,191,0.029044417664408684,0.05079220235347748,-0.009049734100699425,0.5718282791068684,65.14129638671875
12,192,0.0989534854888916,0.35116085410118103,-0.16441715508699417,0.2817896252755384,65.14129638671875
12,193,0.001445614849217236,0.002877140650525689,-0.0007122406386770308,0.5024484459773129,65.14129638671875
12,194,0.006263589486479759,0.02381029725074768,-0.011594133451581001,0.2630622129683833,65.14129638671875
12,195,0.020405804738402367,0.06392958760261536,-0.02754138596355915,0.31919187192204523,65.14129638671875
12,196,0.002866327529773116,0.023330189287662506,-0.014631314435973763,0.12285916304871265,65.14129638671875
12,197,0.018796764314174652,0.15372686088085175,-0.09649838134646416,0.12227377965273802,65.14129638671875
12,198,0.002805143827572465,0.008453327231109142,-0.003534851595759392,0.33183902037027485,65.14129638671875
12,199,0.049584563821554184,0.07183150202035904,-0.0042890626937150955,0.6902899483684783,65.14129638671875
12,200,0.04650287330150604,0.14085271954536438,-0.05913666635751724,0.3301524702630873,65.14129638671875
12,201,0.036719631403684616,0.11067994683980942,-0.04629032872617245,0.3317640860136871,65.14129638671875
12,202,0.0809440091252327,0.2652525007724762,-0.11799536645412445,0.3051583260825063,65.14129638671875
12,203,0.023364761844277382,0.15371064841747284,-0.09191822446882725,0.15200483560948547,65.14129638671875
12,204,0.07952430844306946,0.23276910185813904,-0.09505251795053482,0.34164460750118736,65.14129638671875
12,205,0.03836587071418762,0.17789027094841003,-0.0950518324971199,0.21567155139753785,65.14129638671875
12,206,0.07000367343425751,0.21121147274971008,-0.08840493112802505,0.33143878276385985,65.14129638671875
12,207,0.0021722232922911644,0.0,0.0021722232922911644,2172223292.2911644,65.14129638671875
12,208,0.0,0.0,0.0,0.0,65.14129638671875
12,209,0.010217171162366867,0.01028940174728632,0.0025001198519021273,0.9929800985823609,65.14129638671875
12,210,0.013715425506234169,0.0411517433822155,-0.017148382030427456,0.3332890511712381,65.14129638671875
12,211,0.0,0.0,0.0,0.0,65.14129638671875
12,212,0.00469425693154335,0.3030439019203186,-0.2225886695086956,0.015490352723752062,65.14129638671875
12,213,0.006414354778826237,0.06799332052469254,-0.044580635614693165,0.09433801334062591,65.14129638671875
12,214,0.00835305918008089,0.20433412492275238,-0.1448975345119834,0.04087941347632388,65.14129638671875
12,215,0.01156320795416832,0.1830075979232788,-0.1256924904882908,0.06318430538033022,65.14129638671875
12,216,0.023342778906226158,0.020851803943514824,0.00770392594859004,1.119460885414981,65.14129638671875
12,217,0.17871028184890747,0.586816132068634,-0.26140181720256805,0.3045422102126207,65.14129638671875
12,218,0.06250205636024475,0.18401694297790527,-0.0755106508731842,0.33965381311333737,65.14129638671875
12,219,0.005594814196228981,0.005694912746548653,0.0013236296363174915,0.9824231633113678,65.14129638671875
12,220,0.0029790413100272417,0.011689113453030586,-0.005787793779745698,0.2548560523210614,65.14129638671875
12,221,0.030267462134361267,0.10840871930122375,-0.05103907734155655,0.2791976727442107,65.14129638671875
12,222,0.0,0.0,0.0,0.0,65.14129638671875
12,223,0.0,0.019937826320528984,-0.014953369740396738,0.0,65.14129638671875
12,224,0.014214085415005684,0.15396210551261902,-0.10125749371945858,0.0923219734335755,65.14129638671875
12,225,0.0014529554173350334,0.0,0.0014529554173350334,1452955417.3350334,65.14129638671875
12,226,0.011953084729611874,0.08305904269218445,-0.05034119728952646,0.14391069704193332,65.14129638671875
12,227,0.007081910967826843,0.0,0.007081910967826843,7081910967.826843,65.14129638671875
12,228,0.02993391826748848,0.29995325207710266,-0.19503102079033852,0.09979527829788025,65.14129638671875
12,229,0.0,0.01993788219988346,-0.014953411649912596,0.0,65.14129638671875
12,230,0.0,0.0,0.0,0.0,65.14129638671875
12,231,0.02591419592499733,0.03068511188030243,0.002900362014770508,0.8445201707342578,65.14129638671875
12,232,0.0048940666019916534,0.03187915310263634,-0.0190152982249856,0.15351934181191926,65.14129638671875
12,233,0.016622981056571007,0.07286082208156586,-0.038022635504603386,0.22814704228472538,65.14129638671875
12,234,0.05253426730632782,0.20033206045627594,-0.09771477803587914,0.2622359455916024,65.14129638671875
12,235,0.0035189962945878506,0.21169579029083252,-0.15525284642353654,0.01662289216869523,65.14129638671875
12,236,0.006853551138192415,0.05325861647725105,-0.033090411219745874,0.12868436304557715,65.14129638671875
12,237,0.014330225996673107,0.06306536495685577,-0.03296879772096872,0.22722814664197155,65.14129638671875
12,238,0.0737515538930893,0.2575453817844391,-0.11940748244524002,0.28636333286896865,65.14129638671875
12,239,0.07887477427721024,0.25944989919662476,-0.11571265012025833,0.30400772758493455,65.14129638671875
12,240,0.004538840614259243,0.0,0.004538840614259243,4538840614.259243,65.14129638671875
12,241,0.010630431585013866,0.03530043363571167,-0.015844893641769886,0.30114167135778336,65.14129638671875
12,242,0.030411118641495705,0.08704207837581635,-0.034870440140366554,0.34938410489053423,65.14129638671875
12,243,0.0007232482312247157,0.004352218937128782,-0.002540915971621871,0.16617919307517032,65.14129638671875
12,244,0.01791519671678543,0.06597406417131424,-0.03156535141170025,0.27154908434917174,65.14129638671875
12,245,0.0007573854527436197,0.002597859827801585,-0.0011910094181075692,0.2915420779623079,65.14129638671875
12,246,0.02395213209092617,0.0597163625061512,-0.02083513978868723,0.4010983101667962,65.14129638671875
12,247,0.024434739723801613,0.010215412825345993,0.016773180104792118,2.391948337201151,65.14129638671875
12,248,0.009166884236037731,0.02404284104704857,-0.008865246549248695,0.38127292102119353,65.14129638671875
12,249,0.03755554184317589,0.22901105880737305,-0.1342027522623539,0.16399007994893733,65.14129638671875
12,250,0.10999185591936111,0.12791594862937927,0.01405489444732666,0.8598760130934815,65.14129638671875
12,251,0.08999070525169373,0.40676501393318176,-0.2150830551981926,0.2212351165143594,65.14129638671875
12,252,0.05882125720381737,0.08179529756307602,-0.002525215968489647,0.719127614368522,65.14129638671875
12,253,0.013136245310306549,0.03453822061419487,-0.012767420150339603,0.38033937696626274,65.14129638671875
12,254,0.009626727551221848,0.03608215972781181,-0.017434892244637012,0.26680020330198945,65.14129638671875
12,255,0.003436168422922492,0.0,0.003436168422922492,3436168422.922492,65.14129638671875
13,0,0.002447520149871707,0.014633825980126858,-0.008527849335223436,0.1672508715785097,65.16194486618042
13,1,0.06544210016727448,0.5016013383865356,-0.31075890362262726,0.13046635875742843,65.16194486618042
13,2,0.003265338484197855,0.00855033565312624,-0.003147413255646825,0.38189594143266886,65.16194486618042
13,3,0.03437837213277817,0.042495887726545334,0.0025064563378691673,0.8089811502041999,65.16194486618042
13,4,0.011375010944902897,0.06662403792142868,-0.03859301749616861,0.1707343370293314,65.16194486618042
13,5,0.009366986341774464,0.3544463813304901,-0.2564677996560931,0.026427089780369756,65.16194486618042
13,6,0.028427662327885628,0.08187289535999298,-0.03297700919210911,0.3472170148929352,65.16194486618042
13,7,0.0028762719593942165,0.009479554370045662,-0.00423339381814003,0.3034184780014024,65.16194486618042
13,8,0.039857417345047,0.17760586738586426,-0.0933469831943512,0.22441498094333145,65.16194486618042
13,9,0.029741132631897926,0.1697874814271927,-0.09759947843849659,0.17516681666826056,65.16194486618042
13,10,0.0337759293615818,0.017460808157920837,0.020680323243141174,1.9343852274286324,65.16194486618042
13,11,0.0,0.07897815108299255,-0.059233613312244415,0.0,65.16194486618042
13,12,0.0034591907169669867,0.010936437174677849,-0.0047431371640414,0.316299601177253,65.16194486618042
13,13,0.011411413550376892,0.030606497079133987,-0.011543459258973598,0.37284284838279624,65.16194486618042
13,14,0.004950039554387331,0.034476205706596375,-0.02090711472555995,0.14357843192984127,65.16194486618042
13,15,0.0,0.0,0.0,0.0,65.16194486618042
13,16,0.05584799498319626,0.2600862979888916,-0.13921672850847244,0.2147287089509299,65.16194486618042
13,17,0.08562953025102615,0.8631566762924194,-0.5617379769682884,0.09920508362252121,65.16194486618042
13,18,0.009130539372563362,0.009348918683826923,0.0021188503596931696,0.9766412224102466,65.16194486618042
13,19,0.011431023478507996,0.0,0.011431023478507996,11431023478.507996,65.16194486618042
13,20,0.007103645242750645,0.020724749192595482,-0.008439916651695967,0.3427614576366438,65.16194486618042
13,21,0.0,0.06883374601602554,-0.05162530951201916,0.0,65.16194486618042
13,22,0.0008657817379571497,0.0032455322798341513,-0.0015683674719184637,0.26676109280128024,65.16194486618042
13,23,0.012267835438251495,0.03886101394891739,-0.016877925023436546,0.3156849034886691,65.16194486618042
13,24,0.0,0.06856237351894379,-0.05142178013920784,0.0,65.16194486618042
13,25,0.0373934805393219,0.20520097017288208,-0.11650724709033966,0.18222857575983006,65.16194486618042
13,26,0.013103400357067585,0.04971956089138985,-0.0241862703114748,0.2635461802534385,65.16194486618042
13,27,0.022947845980525017,0.09435184299945831,-0.04781603626906872,0.24321566225700061,65.16194486618042
13,28,0.005905125290155411,0.05344939976930618,-0.034181924536824226,0.11048066611659134,65.16194486618042
13,29,0.01705915294587612,0.13333085179328918,-0.08293898589909077,0.12794602836705793,65.16194486618042
13,30,0.003315993119031191,0.0,0.003315993119031191,3315993119.031191,65.16194486618042
13,31,0.02809256687760353,0.1358812004327774,-0.07381833344697952,0.2067435876922108,65.16194486618042
13,32,0.0,0.0032358490861952305,-0.002426886814646423,0.0,65.16194486618042
13,33,0.0012668257113546133,0.0,0.0012668257113546133,1266825711.3546133,65.16194486618042
13,34,0.0,0.0,0.0,0.0,65.16194486618042
13,35,0.035136766731739044,0.09151563793420792,-0.03349996171891689,0.3839427613083514,65.16194486618042
13,36,0.057084329426288605,0.05697018280625343,0.01435669232159853,1.0020036203749136,65.16194486618042
13,37,0.0295842494815588,0.5804921984672546,-0.4057848993688822,0.05096407765620759,65.16194486618042
13,38,0.0027698723133653402,0.634765088558197,-0.4733039441052824,0.004363617916751619,65.16194486618042
13,39,0.005149915348738432,0.0,0.005149915348738432,5149915348.738432,65.16194486618042
13,40,0.06576032191514969,0.38448381423950195,-0.22260253876447678,0.1710353452590734,65.16194486618042
13,41,0.00368787650950253,0.0,0.00368787650950253,3687876509.50253,65.16194486618042
13,42,0.029438834637403488,0.02056676335632801,0.01401376212015748,1.4313790714626144,65.16194486618042
13,43,0.04193662852048874,0.14775151014328003,-0.06887700408697128,0.28383214817593017,65.16194486618042
13,44,0.008878035470843315,0.03356335312128067,-0.016294479370117188,0.2645157484265101,65.16194486618042
13,45,0.024407852441072464,0.10107987374067307,-0.051402052864432335,0.2414709431023916,65.16194486618042
13,46,0.0,0.0,0.0,0.0,65.16194486618042
13,47,0.09910191595554352,0.010599297471344471,0.09115244285203516,9.349857027233998,65.16194486618042
13,48,0.06131032854318619,0.04844611510634422,0.02497574221342802,1.2655365328538346,65.16194486618042
13,49,0.018061257898807526,0.006934111937880516,0.012860673945397139,2.6046966155154743,65.16194486618042
13,50,0.0012791056651622057,0.21369735896587372,-0.15899391355924308,0.00598559416618942,65.16194486618042
13,51,0.009872724302113056,0.07246014475822449,-0.04447238426655531,0.13625040820603956,65.16194486618042
13,52,0.018008066341280937,0.04409352317452431,-0.015062076039612293,0.40840615683159925,65.16194486618042
13,53,0.0956224650144577,0.3390108048915863,-0.15863563865423203,0.2820631780298423,65.16194486618042
13,54,0.0,0.09250515699386597,-0.06937886774539948,0.0,65.16194486618042
13,55,0.014758133329451084,0.07084576040506363,-0.03837618697434664,0.2083135708454891,65.16194486618042
13,56,0.0,0.0,0.0,0.0,65.16194486618042
13,57,0.04035131260752678,0.15263710916042328,-0.07412651926279068,0.26436109036140576,65.16194486618042
13,58,0.0,0.0,0.0,0.0,65.16194486618042
13,59,0.015773678198456764,0.02564716525375843,-0.0034616957418620586,0.6150261848346068,65.16194486618042
13,60,0.019399521872401237,0.06409075111150742,-0.028668541461229324,0.302688321413905,65.16194486618042
13,61,0.008147358894348145,0.17617033421993256,-0.12398039177060127,0.046247053627829667,65.16194486618042
13,62,0.0,0.05657760053873062,-0.042433200404047966,0.0,65.16194486618042
13,63,0.013015391305088997,0.05840320512652397,-0.030787012539803982,0.22285405872280062,65.16194486618042
13,64,0.004603842739015818,0.07262195646762848,-0.04986262461170554,0.06339463934718702,65.16194486618042
13,65,0.012266229838132858,0.03782473877072334,-0.01610232423990965,0.32429119767782055,65.16194486618042
13,66,0.016962172463536263,0.0,0.016962172463536263,16962172463.536263,65.16194486618042
13,67,0.04073461890220642,0.02312927506864071,0.02338766260072589,1.761171449583145,65.16194486618042
13,68,0.0042228600941598415,0.0,0.0042228600941598415,4222860094.1598415,65.16194486618042
13,69,0.05469408631324768,0.03788498044013977,0.026280350983142853,1.4436878593146822,65.16194486618042
13,70,0.07623754441738129,0.218180850148201,-0.08739809319376945,0.3494236289080684,65.16194486618042
13,71,0.5150189399719238,0.18830060958862305,0.37379348278045654,2.7350890742963676,65.16194486618042
13,72,0.03140180557966232,0.08520060777664185,-0.03249865025281906,0.36856316402830536,65.16194486618042
13,73,0.2055039405822754,0.8601258993148804,-0.4395904839038849,0.23892309340496243,65.16194486618042
13,74,0.003809395246207714,0.03676630184054375,-0.023765331134200096,0.10361105293171811,65.16194486618042
13,75,0.002114795846864581,0.0,0.002114795846864581,2114795846.864581,65.16194486618042
13,76,0.0044377995654940605,0.013076725415885448,-0.005369744496420026,0.3393662728257419,65.16194486618042
13,77,0.0543828085064888,0.6249740123748779,-0.41434770077466965,0.08701611175758996,65.16194486618042
13,78,0.0015661262441426516,0.0060654436238110065,-0.0029829564737156034,0.2582047317588333,65.16194486618042
13,79,0.05615425482392311,0.25424128770828247,-0.13452671095728874,0.2208699276575954,65.16194486618042
13,80,0.11881761997938156,0.45955610275268555,-0.2258494570851326,0.258548671788754,65.16194486618042
13,81,0.0,0.0,0.0,0.0,65.16194486618042
13,82,0.33890658617019653,1.248514175415039,-0.5974790453910828,0.27144792814007385,65.16194486618042
13,83,0.01699955388903618,0.12152427434921265,-0.0741436518728733,0.13988607609411685,65.16194486618042
13,84,0.026239605620503426,0.14387764036655426,-0.08166862465441227,0.1823744506336837,65.16194486618042
13,85,0.10804452747106552,0.3189789354801178,-0.13118967413902283,0.33871994496470853,65.16194486618042
13,86,0.0,0.0,0.0,0.0,65.16194486618042
13,87,0.007248973939567804,0.0,0.007248973939567804,7248973939.567804,65.16194486618042
13,88,0.017668431624770164,0.04858846962451935,-0.018772920593619347,0.3636342482268768,65.16194486618042
13,89,0.0014757083263248205,0.060721252113580704,-0.04406523075886071,0.024302995655296537,65.16194486618042
13,90,0.04232252016663551,0.2529023587703705,-0.14735424891114235,0.16734727335973976,65.16194486618042
13,91,0.020434722304344177,0.43812158703804016,-0.30815646797418594,0.046641669593247594,65.16194486618042
13,92,0.002921509090811014,0.03814636170864105,-0.025688262190669775,0.07658683449416977,65.16194486618042
13,93,0.01133757270872593,0.027438443154096603,-0.009241259656846523,0.4132002914538543,65.16194486618042
13,94,0.009420527145266533,0.039607830345630646,-0.02028534561395645,0.23784506908917108,65.16194486618042
13,95,0.022712700068950653,0.3984951674938202,-0.2761586755514145,0.05699617441219255,65.16194486618042
13,96,0.05540691688656807,0.2114986777305603,-0.10321709141135216,0.26197287605217084,65.16194486618042
13,97,0.07406406849622726,0.29081425070762634,-0.1440466195344925,0.25467826392879833,65.16194486618042
13,98,0.014504315331578255,0.0,0.014504315331578255,14504315331.578255,65.16194486618042
13,99,0.14683793485164642,0.49273279309272766,-0.22271165996789932,0.29800723010476576,65.16194486618042
13,100,0.019889172166585922,0.02398739755153656,0.0018986240029335022,0.8291508957161855,65.16194486618042
13,101,0.0,0.0,0.0,0.0,65.16194486618042
13,102,0.0,0.005390177480876446,-0.004042633110657334,0.0,65.16194486618042
13,103,0.006304936017841101,0.05468417704105377,-0.03470819676294923,0.11529726438037854,65.16194486618042
13,104,0.029526930302381516,0.4092170000076294,-0.27738581970334053,0.07215470105532973,65.16194486618042
13,105,0.0018637572648003697,0.0,0.0018637572648003697,1863757264.8003697,65.16194486618042
13,106,0.026647834107279778,0.14215725660324097,-0.07997010834515095,0.1874532102252513,65.16194486618042
13,107,0.08453738689422607,0.23646047711372375,-0.09280797094106674,0.3575116988925426,65.16194486618042
13,108,0.0012557863956317306,0.006198393180966377,-0.0033930084900930524,0.20259869917341142,65.16194486618042
13,109,0.0,0.007896087132394314,-0.005922065349295735,0.0,65.16194486618042
13,110,0.027179274708032608,0.006051379255950451,0.02264074026606977,4.491418163357589,65.16194486618042
13,111,0.0572168342769146,0.020562170073390007,0.04179520672187209,2.7826262534506334,65.16194486618042
13,112,0.0018886500038206577,0.012832912616431713,-0.007736034458503127,0.1471723575250712,65.16194486618042
13,113,0.0,0.05902402102947235,-0.04426801577210426,0.0,65.16194486618042
13,114,0.014542733319103718,0.07187002152204514,-0.039359782822430134,0.2023476967297218,65.16194486618042
13,115,0.0,0.0,0.0,0.0,65.16194486618042
13,116,0.006081977393478155,0.036207616329193115,-0.02107373485341668,0.1679750839716688,65.16194486618042
13,117,0.03647579625248909,0.23782208561897278,-0.1418907679617405,0.15337430145480896,65.16194486618042
13,118,1.1635960817102386e-07,0.12547799944877625,-0.09410838322697401,9.273307566367273e-07,65.16194486618042
13,119,0.01021645125001669,0.03937793895602226,-0.019317002967000008,0.2594460634714045,65.16194486618042
13,120,0.015604067593812943,0.1372327357530594,-0.0873204842209816,0.1137051411827689,65.16194486618042
13,121,0.058958280831575394,0.0,0.058958280831575394,58958280831.57539,65.16194486618042
13,122,0.002630935050547123,0.01718844845890999,-0.010260401293635368,0.15306413820208764,65.16194486618042
13,123,0.004517851863056421,0.09937305003404617,-0.07001193566247821,0.045463552356127715,65.16194486618042
13,124,0.03703033924102783,0.11379515379667282,-0.048316026106476784,0.32541226937368156,65.16194486618042
13,125,0.013357847929000854,0.07164008915424347,-0.04037221893668175,0.18645772341313688,65.16194486618042
13,126,0.0,0.0,0.0,0.0,65.16194486618042
13,127,0.01342480443418026,0.03822798281908035,-0.015246182680130005,0.3511774214549582,65.16194486618042
13,128,0.023369163274765015,0.03546528145670891,-0.0032297978177666664,0.6589307151737092,65.16194486618042
13,129,0.0033456110395491123,0.11830034106969833,-0.08537964476272464,0.028280654216793145,65.16194486618042
13,130,0.04762271046638489,3.6630103750212584e-06,0.04761996320860362,13000.972585324967,65.16194486618042
13,131,0.0016214657807722688,0.0857304260134697,-0.06267635372933,0.018913539289990178,65.16194486618042
13,132,0.026628578081727028,0.20095962285995483,-0.1240911390632391,0.13250710616705078,65.16194486618042
13,133,0.01996389590203762,0.21909885108470917,-0.14436024241149426,0.09111821355114251,65.16194486618042
13,134,0.01880383864045143,0.034050244837999344,-0.006733844988048077,0.5522379862277675,65.16194486618042
13,135,0.0764956921339035,0.004776212852448225,0.07291353249456733,16.015972168969988,65.16194486618042
13,136,0.0,0.009081966243684292,-0.006811474682763219,0.0,65.16194486618042
13,137,0.0,0.0,0.0,0.0,65.16194486618042
13,138,0.00031308148754760623,0.03929869830608368,-0.029160942242015153,0.007966713937982333,65.16194486618042
13,139,0.0625602975487709,0.04781787842512131,0.026696888729929924,1.3083034966811975,65.16194486618042
13,140,0.0584978312253952,0.20806483924388885,-0.09755079820752144,0.2811519305121238,65.16194486618042
13,141,0.0038877546321600676,0.014165257103741169,-0.006736188195645809,0.27445704680212407,65.16194486618042
13,142,0.11689123511314392,0.4500536322593689,-0.22064898908138275,0.2597273452189783,65.16194486618042
13,143,0.007077008951455355,2.59260605162126e-06,0.007075064496916639,2729.6882290857848,65.16194486618042
13,144,0.034829847514629364,0.07306359708309174,-0.019967850297689438,0.47670589602291735,65.16194486618042
13,145,0.1110786572098732,0.3799268901348114,-0.17386651039123535,0.29236850587271207,65.16194486618042
13,146,0.10084778070449829,0.1549161672592163,-0.01533934473991394,0.6509829315303284,65.16194486618042
13,147,0.04849693179130554,0.056157033890485764,0.006379156373441219,0.8635949663049849,65.16194486618042
13,148,0.012400900013744831,0.07016056776046753,-0.040219525806605816,0.1767502802415384,65.16194486618042
13,149,0.03769467771053314,0.09405017644166946,-0.032842954620718956,0.4007932694683548,65.16194486618042
13,150,0.16008536517620087,0.5075339078903198,-0.220565065741539,0.31541806899428,65.16194486618042
13,151,0.016761401668190956,0.026471659541130066,-0.0030923429876565933,0.6331828815460142,65.16194486618042
13,152,0.0,0.16040191054344177,-0.12030143290758133,0.0,65.16194486618042
13,153,0.018647175282239914,0.03479218855500221,-0.0074469661340117455,0.5359586750981487,65.16194486618042
13,154,0.06844627857208252,0.3303146958351135,-0.17928974330425262,0.2072153598822691,65.16194486618042
13,155,0.020062973722815514,0.02035111002624035,0.004799641203135252,0.9858417401292039,65.16194486618042
13,156,0.016777971759438515,0.007993665523827076,0.010782722616568208,2.098908405327788,65.16194486618042
13,157,0.012729763984680176,0.045740850269794464,-0.021575873717665672,0.27830186604135193,65.16194486618042
13,158,0.029708364978432655,0.0880223959684372,-0.03630843199789524,0.33750916060894187,65.16194486618042
13,159,0.0,0.0,0.0,0.0,65.16194486618042
13,160,0.008564393036067486,0.009348238818347454,0.0015532139223068953,0.9161504323512047,65.16194486618042
13,161,0.1485067754983902,0.48043113946914673,-0.21181657910346985,0.3091114694650599,65.16194486618042
13,162,9.063076049642405e-07,0.0031895588617771864,-0.0023912628387279256,0.0002841482612348178,65.16194486618042
13,163,0.034639623016119,0.37150442600250244,-0.24398869648575783,0.09324148137011007,65.16194486618042
13,164,0.003142805304378271,0.03102933056652546,-0.020129192620515823,0.10128498575046459,65.16194486618042
13,165,0.009691196493804455,5.8844234445132315e-06,0.00968678317622107,1646.9234306918056,65.16194486618042
13,166,0.04956626519560814,0.20549236238002777,-0.10455300658941269,0.24120733550038928,65.16194486618042
13,167,0.015583290718495846,0.018627341836690903,0.0016127843409776688,0.8365815613564536,65.16194486618042
13,168,0.03199533373117447,0.0791579857468605,-0.02737315557897091,0.4041959055538404,65.16194486618042
13,169,0.006613518111407757,0.040401045233011246,-0.023687265813350677,0.16369670816932796,65.16194486618042
13,170,0.03489237278699875,0.12498839944601059,-0.05884892679750919,0.2791648900327868,65.16194486618042
13,171,0.14087553322315216,0.4499797224998474,-0.1966092586517334,0.3130708478155632,65.16194486618042
13,172,0.010262551717460155,0.03093513660132885,-0.012938800733536482,0.33174418621082064,65.16194486618042
13,173,0.041061241179704666,0.3806634843349457,-0.2444363720715046,0.107867559851018,65.16194486618042
13,174,0.03250566124916077,0.1381494700908661,-0.0711064413189888,0.2352934197108775,65.16194486618042
13,175,0.0,0.007590262684971094,-0.005692697013728321,0.0,65.16194486618042
13,176,0.004814126994460821,0.05420947074890137,-0.035842976067215204,0.08880601355934803,65.16194486618042
13,177,0.0,0.07985095679759979,-0.059888217598199844,0.0,65.16194486618042
13,178,0.0168302021920681,0.10626478493213654,-0.0628683865070343,0.15837986405993223,65.16194486618042
13,179,0.004131922498345375,0.1928066462278366,-0.14047306217253208,0.021430394538585126,65.16194486618042
13,180,0.06489190459251404,0.0,0.06489190459251404,64891904592.51404,65.16194486618042
13,181,0.01224201824516058,0.026226216927170753,-0.007427644450217485,0.46678551766308624,65.16194486618042
13,182,0.0,0.0,0.0,0.0,65.16194486618042
13,183,0.0017122513381764293,0.011920486576855183,-0.007228113594464958,0.1436393830900575,65.16194486618042
13,184,0.01137654110789299,0.17914071679115295,-0.12297899648547173,0.06350617163764372,65.16194486618042
13,185,0.0642545074224472,0.23020268976688385,-0.10839750990271568,0.2791214450501677,65.16194486618042
13,186,0.003997601103037596,1.1647938435999095e-06,0.003996727507654896,3432.021634541778,65.16194486618042
13,187,0.04218025133013725,0.7421450018882751,-0.5144285000860691,0.05683559307515267,65.16194486618042
13,188,0.01229423563927412,0.037523671984672546,-0.01584851834923029,0.32763946033768654,65.16194486618042
13,189,0.00024676017346791923,0.021015312522649765,-0.015514724218519405,0.011741922619053394,65.16194486618042
13,190,0.0021972369868308306,0.15110906958580017,-0.1111345652025193,0.014540735330043788,65.16194486618042
13,191,0.023140138015151024,0.10460386425256729,-0.055312760174274445,0.22121685637786442,65.16194486618042
13,192,0.00892502348870039,0.14621350169181824,-0.10073510278016329,0.06104103509846226,65.16194486618042
13,193,0.0017018021317198873,0.0,0.0017018021317198873,1701802131.7198873,65.16194486618042
13,194,0.04340608790516853,0.15946894884109497,-0.0761956237256527,0.27219147188427845,65.16194486618042
13,195,0.2025730311870575,0.7200204730033875,-0.3374423235654831,0.28134343228018616,65.16194486618042
13,196,0.026369618251919746,0.10171561688184738,-0.04991709440946579,0.2592484719656312,65.16194486618042
13,197,0.39341744780540466,1.2083768844604492,-0.5128652155399323,0.3255751188758823,65.16194486618042
13,198,0.057418033480644226,0.4432368576526642,-0.2750096097588539,0.12954255154815997,65.16194486618042
13,199,0.0031105107627809048,0.007462335284799337,-0.0024862407008185983,0.41682806301937936,65.16194486618042
13,200,0.006253599189221859,0.2880331873893738,-0.20977129135280848,0.02171138418416453,65.16194486618042
13,201,0.010714487172663212,0.05896211788058281,-0.033507101237773895,0.18171815324174354,65.16194486618042
13,202,0.034197159111499786,0.18780192732810974,-0.10665428638458252,0.18209163025026712,65.16194486618042
13,203,0.0697200745344162,0.27635902166366577,-0.13754919171333313,0.2522807980519434,65.16194486618042
13,204,0.07132520526647568,0.46427053213119507,-0.2768776938319206,0.15362854269236012,65.16194486618042
13,205,0.03982893005013466,0.015617482364177704,0.02811581827700138,2.5502785352228865,65.16194486618042
13,206,0.0,0.020521320402622223,-0.015390990301966667,0.0,65.16194486618042
13,207,0.0057279011234641075,0.2698420286178589,-0.19665362033993006,0.021226868004148233,65.16194486618042
13,208,0.020264113321900368,0.03747548535466194,-0.007842500694096088,0.5407298432450799,65.16194486618042
13,209,0.007448263932019472,0.014160370454192162,-0.003172013908624649,0.5259935787406204,65.16194486618042
13,210,2.0037500689795706e-06,0.06235979497432709,-0.046767842480676336,3.213208237410599e-05,65.16194486618042
13,211,0.24080294370651245,0.9549079537391663,-0.47537802159786224,0.25217398468966545,65.16194486618042
13,212,0.01144737284630537,0.1454576551914215,-0.09764586854726076,0.0786990057770558,65.16194486618042
13,213,0.05059869587421417,0.20715822279453278,-0.10476997122168541,0.24425144795799675,65.16194486618042
13,214,0.008013326674699783,0.018892422318458557,-0.0061559900641441345,0.42415559737124486,65.16194486618042
13,215,0.015005616471171379,0.29535621404647827,-0.20651154406368732,0.050805149028485444,65.16194486618042
13,216,0.001349078956991434,0.025534337386488914,-0.017801674082875252,0.05283391288048241,65.16194486618042
13,217,0.03326186537742615,0.11743082851171494,-0.054811256006360054,0.28324645068670945,65.16194486618042
13,218,0.005359848495572805,0.0,0.005359848495572805,5359848495.572805,65.16194486618042
13,219,0.04686439037322998,0.10649995505809784,-0.0330105759203434,0.44004140985059087,65.16194486618042
13,220,0.04916244000196457,0.0770065113902092,-0.00859244354069233,0.6384192597975135,65.16194486618042
13,221,0.013705732300877571,0.0,0.013705732300877571,13705732300.877571,65.16194486618042
13,222,0.0001034404122037813,0.0,0.0001034404122037813,103440412.2037813,65.16194486618042
13,223,0.020104309543967247,0.054947469383478165,-0.021106292493641376,0.3658823558059329,65.16194486618042
13,224,0.012537850998342037,0.0,0.012537850998342037,12537850998.342037,65.16194486618042
13,225,0.014751747250556946,0.07095742225646973,-0.03846631944179535,0.20789576031990115,65.16194486618042
13,226,0.024969076737761497,0.15395794808864594,-0.09049938432872295,0.16218114782370713,65.16194486618042
13,227,0.07362232357263565,0.13563919067382812,-0.028107069432735443,0.54278061676977,65.16194486618042
13,228,0.011734340339899063,0.022036932408809662,-0.004793358966708183,0.5324851990141588,65.16194486618042
13,229,0.0031422546599060297,0.036567363888025284,-0.024283268256112933,0.08593057649553715,65.16194486618042
13,230,0.016001267358660698,0.06380429863929749,-0.031851956620812416,0.25078666641050773,65.16194486618042
13,231,0.05670883506536484,0.2674225866794586,-0.14385810494422913,0.21205701346807265,65.16194486618042
13,232,0.0,0.0,0.0,0.0,65.16194486618042
13,233,0.14115282893180847,0.2715260982513428,-0.06249174475669861,0.519849951221367,65.16194486618042
13,234,0.018376575782895088,0.036757346242666245,-0.009191433899104595,0.49994294095868264,65.16194486618042
13,235,0.009812891483306885,0.03021683730185032,-0.012849736493080854,0.3247491252958246,65.16194486618042
13,236,0.0074188606813549995,0.1509532779455185,-0.10579609777778387,0.04914673455440591,65.16194486618042
13,237,0.0,0.0,0.0,0.0,65.16194486618042
13,238,0.0011546676978468895,0.002951469039544463,-0.0010589340818114579,0.39121796027170447,65.16194486618042
13,239,0.0028485360089689493,0.006250462494790554,-0.0018393108621239662,0.4557320375711923,65.16194486618042
13,240,0.0007831364637240767,0.0,0.0007831364637240767,783136463.7240767,65.16194486618042
13,241,0.09622446447610855,0.2953345477581024,-0.12527644634246826,0.32581513136958373,65.16194486618042
13,242,0.000430901040090248,0.0,0.000430901040090248,430901040.090248,65.16194486618042
13,243,0.0,0.0,0.0,0.0,65.16194486618042
13,244,0.0,0.03677476942539215,-0.027581077069044113,0.0,65.16194486618042
13,245,0.012662863358855247,0.022510258480906487,-0.004219830501824617,0.5625374479388376,65.16194486618042
13,246,0.10524924099445343,0.02870831824839115,0.08371800230816007,3.6661583614946016,65.16194486618042
13,247,0.008411206305027008,0.114984430372715,-0.07782711647450924,0.07315082813985725,65.16194486618042
13,248,0.11267083883285522,0.3852570056915283,-0.17627191543579102,0.2924563010355151,65.16194486618042
13,249,0.003756793448701501,0.014749565161764622,-0.007305380422621965,0.2547053697681578,65.16194486618042
13,250,0.01246807724237442,0.016303230077028275,0.00024065468460321426,0.7647611658978881,65.16194486618042
13,251,0.0029908425640314817,0.0,0.0029908425640314817,2990842564.0314817,65.16194486618042
13,252,0.009981771931052208,0.17268022894859314,-0.11952839978039265,0.05780494959828883,65.16194486618042
13,253,0.0,0.006582867354154587,-0.00493715051561594,0.0,65.16194486618042
13,254,0.0096763139590621,0.027740027755498886,-0.011128706857562065,0.3488213510094686,65.16194486618042
13,255,0.07361476868391037,0.021520664915442467,0.05747426999732852,3.420654936533414,65.16194486618042
14,0,0.0,0.0,0.0,0.0,65.18259334564209
14,1,0.15018150210380554,0.6419411897659302,-0.3312743902206421,0.23394900420446926,65.18259334564209
14,2,0.05491599813103676,0.13466988503932953,-0.04608641564846039,0.40778231981553326,65.18259334564209
14,3,0.0038148968014866114,0.09037285298109055,-0.0639647429343313,0.042212862332039254,65.18259334564209
14,4,0.0,0.0083305137231946,-0.006247885292395949,0.0,65.18259334564209
14,5,0.3173259198665619,0.588692843914032,-0.1241937130689621,0.539034783837737,65.18259334564209
14,6,0.0011885866988450289,0.0690661296248436,-0.05061101051978767,0.01720940069009276,65.18259334564209
14,7,2.0359258996904828e-05,1.3822643756866455,-1.0366779225059872,1.4728918255436158e-05,65.18259334564209
14,8,0.0042267185635864735,0.044119320809841156,-0.028862772043794394,0.09580198620255889,65.18259334564209
14,9,0.24014873802661896,0.872842013835907,-0.4144827723503113,0.27513425593591034,65.18259334564209
14,10,0.0028390097431838512,0.0007181699620559812,0.0023003822716418654,3.9531167957835507,65.18259334564209
14,11,0.008802436292171478,0.24964402616024017,-0.17843058332800865,0.035259951650059344,65.18259334564209
14,12,0.06384062021970749,0.0,0.06384062021970749,63840620219.70749,65.18259334564209
14,13,0.28627753257751465,1.0422719717025757,-0.4954264461994171,0.2746668243506528,65.18259334564209
14,14,0.0,0.0,0.0,0.0,65.18259334564209
14,15,0.005863962695002556,0.026505185291171074,-0.01401492627337575,0.22123832111955144,65.18259334564209
14,16,0.025026053190231323,0.20008674263954163,-0.1250390037894249,0.12507601883044767,65.18259334564209
14,17,0.004968107677996159,0.09889949858188629,-0.06920651625841856,0.050233901578706754,65.18259334564209
14,18,0.0,0.0030097034759819508,-0.002257277606986463,0.0,65.18259334564209
14,19,0.0020308259408921003,0.005055198445916176,-0.0017605728935450315,0.4017302114283892,65.18259334564209
14,20,0.1058625876903534,0.3057843744754791,-0.12347569316625595,0.3462001218067352,65.18259334564209
14,21,0.08642587810754776,0.1417977660894394,-0.019922446459531784,0.6095009850326193,65.18259334564209
14,22,0.02259601280093193,8.67792550707236e-06,0.022589504356801626,2603.8492930905295,65.18259334564209
14,23,0.025030244141817093,0.04613373056054115,-0.009570053778588772,0.542558423893932,65.18259334564209
14,24,0.03596551716327667,0.09750011563301086,-0.037159569561481476,0.3688766616265515,65.18259334564209
14,25,0.0,0.0034309313632547855,-0.002573198522441089,0.0,65.18259334564209
14,26,0.009903875179588795,0.1358390599489212,-0.09197541978210211,0.07290889073614014,65.18259334564209
14,27,0.0,0.0,0.0,0.0,65.18259334564209
14,28,0.02248058095574379,0.24904416501522064,-0.1643025428056717,0.09026744695776989,65.18259334564209
14,29,0.015002192929387093,0.0,0.015002192929387093,15002192929.387093,65.18259334564209
14,30,0.2426847517490387,0.7066650390625,-0.2873140275478363,0.34342260948787556,65.18259334564209
14,31,0.017040470615029335,0.05634407699108124,-0.025217587128281593,0.30243588190155735,65.18259334564209
14,32,0.010535516776144505,0.297275573015213,-0.21242116298526525,0.03544023704756231,65.18259334564209
14,33,0.010552335530519485,0.03401055932044983,-0.014955583959817886,0.31026645080383386,65.18259334564209
14,34,0.0005888171144761145,0.16120818257331848,-0.12031731981551275,0.003652526224620542,65.18259334564209
14,35,0.027366161346435547,0.059868134558200836,-0.01753493957221508,0.4571073000341177,65.18259334564209
14,36,0.015713606029748917,0.06008031591773033,-0.029346630908548832,0.2615433322788192,65.18259334564209
14,37,0.0,0.0,0.0,0.0,65.18259334564209
14,38,0.012459252960979939,0.14384329319000244,-0.09542321693152189,0.08661685007750697,65.18259334564209
14,39,0.005423691589385271,0.0,0.005423691589385271,5423691589.385271,65.18259334564209
14,40,0.0,0.1935298591852188,-0.1451473943889141,0.0,65.18259334564209
14,41,0.0,0.12549762427806854,-0.0941232182085514,0.0,65.18259334564209
14,42,0.001312035252340138,0.00571919372305274,-0.002977360039949417,0.22940912926628446,65.18259334564209
14,43,0.12430999428033829,0.25633496046066284,-0.06794122606515884,0.484951385704292,65.18259334564209
14,44,0.016054384410381317,0.07392539083957672,-0.039389658719301224,0.21717009849840746,65.18259334564209
14,45,0.003924296237528324,0.024609176442027092,-0.014532586093991995,0.15946475277681457,65.18259334564209
14,46,0.004476393107324839,0.003096620552241802,0.002153927693143487,1.4455736601756308,65.18259334564209
14,47,0.19203442335128784,0.10170302540063858,0.1157571543008089,1.8881879137116986,65.18259334564209
14,48,0.031257785856723785,0.1841617077589035,-0.10686349496245384,0.1697301042487909,65.18259334564209
14,49,0.05481935665011406,0.46909859776496887,-0.2970045916736126,0.11686105418175474,65.18259334564209
14,50,0.05927950516343117,0.17213618755340576,-0.06982263550162315,0.34437561331893185,65.18259334564209
14,51,0.0072720530442893505,0.03735625371336937,-0.020745137240737677,0.1946676211135192,65.18259334564209
14,52,0.09270931780338287,0.36810433864593506,-0.18336893618106842,0.2518560855440078,65.18259334564209
14,53,0.0,0.025903809815645218,-0.019427857361733913,0.0,65.18259334564209
14,54,0.0720202624797821,0.03626543655991554,0.04482118505984545,1.985920184879305,65.18259334564209
14,55,0.009441248141229153,0.01454854104667902,-0.0014701576437801123,0.6489481048503725,65.18259334564209
14,56,0.007681674789637327,0.043519679456949234,-0.0249580848030746,0.1765103715219163,65.18259334564209
14,57,0.023450199514627457,0.043454527854919434,-0.009140696376562119,0.5396491613573714,65.18259334564209
14,58,0.07659780234098434,0.03760209307074547,0.04839623253792524,2.0370621974376366,65.18259334564209
14,59,0.033939022570848465,0.08684893697500229,-0.03119768016040325,0.3907822450403318,65.18259334564209
14,60,0.006431483197957277,0.0,0.006431483197957277,6431483197.957277,65.18259334564209
14,61,0.1853174865245819,0.3745110332965851,-0.0955657884478569,0.49482517215275024,65.18259334564209
14,62,0.01106578204780817,0.10353797674179077,-0.06658770050853491,0.106876552893223,65.18259334564209
14,63,0.20127472281455994,0.7823830842971802,-0.3855125904083252,0.2572585308322573,65.18259334564209
14,64,0.002739064395427704,0.16658632457256317,-0.12220067903399467,0.016442312431343396,65.18259334564209
14,65,0.0,0.0,0.0,0.0,65.18259334564209
14,66,0.09299686551094055,0.0,0.09299686551094055,92996865510.94055,65.18259334564209
14,67,0.1143931970000267,0.11807163804769516,0.025839468464255333,0.9688456846245209,65.18259334564209
14,68,0.02555784396827221,0.09058938175439835,-0.04238419234752655,0.2821284732606002,65.18259334564209
14,69,0.018444908782839775,0.061143044382333755,-0.02741237450391054,0.30166814506651307,65.18259334564209
14,70,0.0,0.0,0.0,0.0,65.18259334564209
14,71,0.0,0.027620209380984306,-0.02071515703573823,0.0,65.18259334564209
14,72,0.003905779216438532,0.0010745908366516232,0.0030998360889498144,3.6346664047258193,65.18259334564209
14,73,0.004347594920545816,7.8926484547992e-07,0.0043470029719117065,5508.4037215651,65.18259334564209
14,74,0.005734948441386223,0.011424473486840725,-0.002833406673744321,0.5019879863601621,65.18259334564209
14,75,0.0,0.0592334158718586,-0.04442506190389395,0.0,65.18259334564209
14,76,0.021506328135728836,0.10710374265909195,-0.058821478858590126,0.20079903467035734,65.18259334564209
14,77,0.026342859491705894,0.049480292946100235,-0.010767360217869282,0.5323909363242706,65.18259334564209
14,78,0.01995510794222355,0.07540804892778397,-0.036600928753614426,0.26462835500583404,65.18259334564209
14,79,0.018266145139932632,0.07978595048189163,-0.04157331772148609,0.22893936876580057,65.18259334564209
14,80,0.1393970102071762,0.14854884147644043,0.027985379099845886,0.9383917694729778,65.18259334564209
14,81,0.004291205201297998,0.3807215690612793,-0.2812499715946615,0.0112712426875821,65.18259334564209
14,82,0.009307223372161388,0.012083523906767368,0.00024458044208586216,0.77024082074093,65.18259334564209
14,83,0.004728278145194054,0.9087516069412231,-0.6768354270607233,0.005203047905580947,65.18259334564209
14,84,0.0,0.0,0.0,0.0,65.18259334564209
14,85,0.019806409254670143,0.0,0.019806409254670143,19806409254.670143,65.18259334564209
14,86,0.004513509571552277,0.22176988422870636,-0.1618139035999775,0.020352220443408998,65.18259334564209
14,87,0.0,0.0,0.0,0.0,65.18259334564209
14,88,0.2374328076839447,0.8594748377799988,-0.4071733206510544,0.2762533552430124,65.18259334564209
14,89,0.0164251159876585,0.021539129316806793,0.00027076900005340576,0.7625710280721308,65.18259334564209
14,90,0.0008061800035648048,2.3709601464361185e-06,0.0008044017834549777,340.0224439681791,65.18259334564209
14,91,0.0007257670513354242,0.02043008990585804,-0.014596800378058106,0.035524417887744894,65.18259334564209
14,92,0.0,0.0,0.0,0.0,65.18259334564209
14,93,0.019502239301800728,0.00695761339738965,0.01428402925375849,2.803007034900006,65.18259334564209
14,94,0.04692016914486885,0.021343892440199852,0.03091224981471896,2.1982948646376905,65.18259334564209
14,95,0.024254774674773216,0.12022491544485092,-0.06591391190886497,0.2017449925818207,65.18259334564209
14,96,0.011231966316699982,0.0,0.011231966316699982,11231966316.699982,65.18259334564209
14,97,0.006547003053128719,0.03236429765820503,-0.017726220190525055,0.20229090468974306,65.18259334564209
14,98,0.0008404739783145487,0.00301721622236073,-0.001422438188455999,0.2785594124170477,65.18259334564209
14,99,0.009953409433364868,0.0,0.009953409433364868,9953409433.364868,65.18259334564209
14,100,0.0,0.0,0.0,0.0,65.18259334564209
14,101,0.2632657587528229,0.5641559958457947,-0.15985123813152313,0.4666541890734718,65.18259334564209
14,102,0.022397752851247787,0.012825137935578823,0.01277889939956367,1.746394694700844,65.18259334564209
14,103,0.0030050394125282764,0.035898447036743164,-0.023918795865029097,0.08370945432176542,65.18259334564209
14,104,0.0,0.0,0.0,0.0,65.18259334564209
14,105,0.03985373675823212,2.0830002540606074e-05,0.03983811425632666,1913.2851648604437,65.18259334564209
14,106,0.007432147860527039,2.0766585748788202e-06,0.0074305903665958795,3578.8956218116437,65.18259334564209
14,107,0.008143546991050243,0.18256691098213196,-0.12878163624554873,0.044605821214790974,65.18259334564209
14,108,2.9823946533724666e-05,0.00837317481637001,-0.006250057165743783,0.003561844483630676,65.18259334564209
14,109,0.0026705905329436064,0.00404093973338604,-0.0003601142670959234,0.6608835341488611,65.18259334564209
14,110,0.015164692886173725,0.03527935966849327,-0.011294826865196228,0.42984603542243205,65.18259334564209
14,111,0.0,0.0,0.0,0.0,65.18259334564209
14,112,0.04964274913072586,0.8355686068534851,-0.577033706009388,0.0594119366422908,65.18259334564209
14,113,0.002381283324211836,0.0571618489921093,-0.04049010341987014,0.04165861262638465,65.18259334564209
14,114,0.010189610533416271,0.006177132483571768,0.005556761170737445,1.6495696925500973,65.18259334564209
14,115,0.012514065019786358,0.11123733222484589,-0.07091393414884806,0.11249878767659556,65.18259334564209
14,116,0.0,0.19743011891841888,-0.14807258918881416,0.0,65.18259334564209
14,117,0.006265816278755665,0.06078467145562172,-0.039322687312960625,0.10308217727601263,65.18259334564209
14,118,0.023579983040690422,0.25080981850624084,-0.1645273808389902,0.09401539054983078,65.18259334564209
14,119,0.0026514839846640825,0.009396997280418873,-0.004396263975650072,0.28216289791920945,65.18259334564209
14,120,0.011407525278627872,0.13140563666820526,-0.08714670222252607,0.08681153691560943,65.18259334564209
14,121,0.04058414697647095,0.7914232611656189,-0.5529832988977432,0.05127995216699442,65.18259334564209
14,122,0.016874877735972404,0.0,0.016874877735972404,16874877735.972404,65.18259334564209
14,123,0.0,0.16970503330230713,-0.12727877497673035,0.0,65.18259334564209
14,124,0.0,0.021686431020498276,-0.016264823265373707,0.0,65.18259334564209
14,125,0.0018893269589170814,0.0,0.0018893269589170814,1889326958.9170814,65.18259334564209
14,126,0.0020175445824861526,6.38614756098832e-06,0.0020127549718154114,315.925093695897,65.18259334564209
14,127,0.045925572514534,0.03389874845743179,0.02050151117146015,1.354786669214353,65.18259334564209
14,128,0.20784947276115417,0.7813882231712341,-0.3781916946172714,0.266000262862088,65.18259334564209
14,129,0.005636545829474926,0.0010289372876286507,0.004864842863753438,5.478026592842421,65.18259334564209
14,130,0.08636776357889175,0.2571285665035248,-0.10647866129875183,0.33589330331125195,65.18259334564209
14,131,0.005959570407867432,0.01790144108235836,-0.007466510403901339,0.3329100925515769,65.18259334564209
14,132,0.0,1.289781607738405e-06,-9.673362058038038e-07,0.0,65.18259334564209
14,133,0.02757791057229042,0.12720279395580292,-0.06782418489456177,0.21680271096604736,65.18259334564209
14,134,0.009532450698316097,0.1998632401227951,-0.14036497939378023,0.04769486721225827,65.18259334564209
14,135,0.06688081473112106,0.22463855147361755,-0.1015980988740921,0.29772634435224304,65.18259334564209
14,136,0.0016952402656897902,0.051719196140766144,-0.03709415683988482,0.032777776766734955,65.18259334564209
14,137,0.0,0.0,0.0,0.0,65.18259334564209
14,138,0.0033593256957829,0.13590368628501892,-0.09856843901798129,0.024718429555420307,65.18259334564209
14,139,0.00858154334127903,0.0,0.00858154334127903,8581543341.27903,65.18259334564209
14,140,0.0008454909548163414,0.12384403496980667,-0.09203753527253866,0.006827062401638044,65.18259334564209
14,141,0.016223333775997162,0.057386595755815506,-0.026816613040864468,0.2827024945815923,65.18259334564209
14,142,0.011750386096537113,0.039180606603622437,-0.017635068856179714,0.2999031182725698,65.18259334564209
14,143,0.017676061019301414,0.013112198561429977,0.007841912098228931,1.3480623356290642,65.18259334564209
14,144,0.11611836403608322,0.21596646308898926,-0.04585648328065872,0.5376684989636508,65.18259334564209
14,145,0.02490979991853237,0.04117930680513382,-0.005974680185317993,0.6049106177479889,65.18259334564209
14,146,0.022258032113313675,0.0,0.022258032113313675,22258032113.313675,65.18259334564209
14,147,0.03871288150548935,0.043561626225709915,0.006041661836206913,0.8886922931667885,65.18259334564209
14,148,0.022147372364997864,0.2623905539512634,-0.1746455430984497,0.0844061344107194,65.18259334564209
14,149,0.20859186351299286,1.3400466442108154,-0.7964431196451187,0.15566015139397016,65.18259334564209
14,150,0.021222997456789017,0.09170176833868027,-0.047553328797221184,0.23143498583555247,65.18259334564209
14,151,0.0,0.0,0.0,0.0,65.18259334564209
14,152,0.00571814738214016,0.005640738643705845,0.001487593399360776,1.0137231561875264,65.18259334564209
14,153,0.11719200760126114,0.08116947114467621,0.05631490424275398,1.4437941500312927,65.18259334564209
14,154,0.006881275214254856,0.00617219926789403,0.002252125763334334,1.1148822185528502,65.18259334564209
14,155,0.12040755152702332,0.4806150794029236,-0.24005375802516937,0.25052803519264766,65.18259334564209
14,156,0.013669813983142376,0.048532936722040176,-0.022729888558387756,0.28166055685340113,65.18259334564209
14,157,0.0,0.0,0.0,0.0,65.18259334564209
14,158,0.007736882194876671,0.2304106205701828,-0.16507108323276043,0.0335786700096424,65.18259334564209
14,159,0.0,0.0,0.0,0.0,65.18259334564209
14,160,0.00737787876278162,0.016131632030010223,-0.0047208452597260475,0.4573547641428311,65.18259334564209
14,161,0.05653347447514534,0.27387288212776184,-0.14887118712067604,0.20642231547614862,65.18259334564209
14,162,0.021007925271987915,0.08015328645706177,-0.03910703957080841,0.26209686714442826,65.18259334564209
14,163,0.0,0.0,0.0,0.0,65.18259334564209
14,164,0.07282604277133942,0.23916038870811462,-0.10654424875974655,0.3045071266375808,65.18259334564209
14,165,0.02121984027326107,0.09721282124519348,-0.05168977566063404,0.21828232121276867,65.18259334564209
14,166,0.04468920826911926,0.16182009875774384,-0.07667586579918861,0.2761659930497633,65.18259334564209
14,167,0.0,0.017218612134456635,-0.012913959100842476,0.0,65.18259334564209
14,168,0.01996537297964096,0.02863006852567196,-0.0015071784146130085,0.6973568002829295,65.18259334564209
14,169,0.08778772503137589,0.36707186698913574,-0.18751617521047592,0.23915677807510918,65.18259334564209
14,170,0.0,0.08563952147960663,-0.06422964110970497,0.0,65.18259334564209
14,171,0.013165047392249107,0.059991393238306046,-0.03182849753648043,0.21944893561204107,65.18259334564209
14,172,0.0038804884534329176,0.0,0.0038804884534329176,3880488453.4329176,65.18259334564209
14,173,0.0,0.0,0.0,0.0,65.18259334564209
14,174,0.0029420903883874416,0.6581909656524658,-0.4907011338509619,0.004469964709203312,65.18259334564209
14,175,0.0,0.0,0.0,0.0,65.18259334564209
14,176,0.0,0.02527754195034504,-0.01895815646275878,0.0,65.18259334564209
14,177,0.003318605711683631,0.15777894854545593,-0.11501560569740832,0.02103326040803543,65.18259334564209
14,178,0.015247995965182781,0.017245234921574593,0.0023140697740018368,0.8841860394271952,65.18259334564209
14,179,0.0,0.0,0.0,0.0,65.18259334564209
14,180,0.0,0.0,0.0,0.0,65.18259334564209
14,181,0.002131659770384431,0.0,0.002131659770384431,2131659770.384431,65.18259334564209
14,182,0.0,0.0,0.0,0.0,65.18259334564209
14,183,0.03710482642054558,1.4406388998031616,-1.0433743484318256,0.025755813219807928,65.18259334564209
14,184,0.08414237201213837,0.5003959536552429,-0.2911545932292938,0.16815158355565293,65.18259334564209
14,185,0.01144646666944027,0.03244315832853317,-0.01288590207695961,0.35281604069417905,65.18259334564209
14,186,0.0020279153250157833,0.01955263502895832,-0.012636560946702957,0.1037157049118257,65.18259334564209
14,187,0.0015308377332985401,0.00012931344099342823,0.001433852652553469,11.838194929312438,65.18259334564209
14,188,0.0067133852280676365,0.24741485714912415,-0.17884775763377547,0.02713412325111159,65.18259334564209
14,189,0.02964293584227562,0.3228057622909546,-0.21246138587594032,0.09182901702809666,65.18259334564209
14,190,0.009234930388629436,0.010495893657207489,0.0013630101457238197,0.8798612761675595,65.18259334564209
14,191,0.0032183779403567314,0.010345338843762875,-0.0045406261924654245,0.3110944927614403,65.18259334564209
14,192,0.023602215573191643,0.07609884440898895,-0.03347191773355007,0.3101520891175786,65.18259334564209
14,193,0.04141611605882645,0.12738536298274994,-0.05412290617823601,0.3251246068522782,65.18259334564209
14,194,0.002591291442513466,0.0,0.002591291442513466,2591291442.513466,65.18259334564209
14,195,0.10562688857316971,0.3640577495098114,-0.16741642355918884,0.2901377287397447,65.18259334564209
14,196,0.17195942997932434,0.5933072566986084,-0.27302101254463196,0.28983200194766445,65.18259334564209
14,197,0.14559611678123474,0.30265021324157715,-0.08139154314994812,0.481070590439459,65.18259334564209
14,198,0.038235511630773544,0.032202042639255524,0.014083979651331902,1.1873629278092945,65.18259334564209
14,199,0.0448564812541008,0.13682307302951813,-0.057760823518037796,0.32784295996696144,65.18259334564209
14,200,0.009064960293471813,0.01200209092348814,6.339210085570812e-05,0.7552817546962894,65.18259334564209
14,201,0.0,0.028291625902056694,-0.02121871942654252,0.0,65.18259334564209
14,202,0.18248097598552704,0.09417674690485,0.11184841580688953,1.937643653883651,65.18259334564209
14,203,0.011919422075152397,0.018248893320560455,-0.0017672479152679443,0.65315862529976,65.18259334564209
14,204,0.024740401655435562,0.14591753482818604,-0.08469774946570396,0.1695505730986832,65.18259334564209
14,205,0.001673875143751502,0.013079695403575897,-0.008135896408930421,0.12797508596155086,65.18259334564209
14,206,0.008892533369362354,0.08345024287700653,-0.053695148788392544,0.10656090459032082,65.18259334564209
14,207,0.03175109997391701,0.13728629052639008,-0.07121361792087555,0.2312765524652465,65.18259334564209
14,208,0.02074464038014412,0.11005210876464844,-0.06179444119334221,0.18849834512775215,65.18259334564209
14,209,0.0,0.004283455200493336,-0.003212591400370002,0.0,65.18259334564209
14,210,0.0,0.0,0.0,0.0,65.18259334564209
14,211,0.02057412639260292,0.025230107828974724,0.0016515455208718777,0.8154593127881822,65.18259334564209
14,212,0.0,0.0,0.0,0.0,65.18259334564209
14,213,0.0,0.003492698771879077,-0.0026195240789093077,0.0,65.18259334564209
14,214,0.0,0.0,0.0,0.0,65.18259334564209
14,215,0.04301532730460167,0.005535649601370096,0.0388635901035741,7.770601536301104,65.18259334564209
14,216,0.0,0.008209987543523312,-0.006157490657642484,0.0,65.18259334564209
14,217,0.07444404065608978,0.09544771164655685,0.002858256921172142,0.7799457878149696,65.18259334564209
14,218,0.01127650123089552,0.15316128730773926,-0.10359446424990892,0.07362500948535766,65.18259334564209
14,219,0.03900519758462906,0.16696083545684814,-0.08621542900800705,0.2336188452679163,65.18259334564209
14,220,0.1727239489555359,0.6998170018196106,-0.35213880240917206,0.24681302184168932,65.18259334564209
14,221,0.17515310645103455,0.5950783491134644,-0.2711556553840637,0.29433621087320644,65.18259334564209
14,222,0.005477023310959339,0.010818815790116787,-0.002637088531628251,0.5062497981947769,65.18259334564209
14,223,0.06854624301195145,0.1526290327310562,-0.045925531536340714,0.44910356689664643,65.18259334564209
14,224,0.07584121078252792,0.33641213178634644,-0.1764678880572319,0.22544136675329188,65.18259334564209
14,225,0.0022792222443968058,0.01795612834393978,-0.01118787401355803,0.12693283321507967,65.18259334564209
14,226,0.003732837736606598,0.013957633636891842,-0.0067353874910622835,0.267440587240575,65.18259334564209
14,227,0.2535036504268646,0.8433218598365784,-0.37898774445056915,0.300601303606299,65.18259334564209
14,228,0.008908371441066265,0.11317205429077148,-0.07597066927701235,0.07871529324809627,65.18259334564209
14,229,0.026721380650997162,0.10606720298528671,-0.05282902158796787,0.25192877627264226,65.18259334564209
14,230,0.014575986191630363,0.014208887703716755,0.003919320413842797,1.0258358356081416,65.18259334564209
14,231,0.019765160977840424,0.09836708009243011,-0.05401014909148216,0.20093267950077667,65.18259334564209
14,232,0.0,0.0,0.0,0.0,65.18259334564209
14,233,0.0019269033800810575,0.0,0.0019269033800810575,1926903380.0810575,65.18259334564209
14,234,0.02308114990592003,0.1095648854970932,-0.05909251421689987,0.21066192695762656,65.18259334564209
14,235,0.07003551721572876,0.18524973094463348,-0.06890178099274635,0.3780600212384792,65.18259334564209
14,236,0.11533451825380325,0.13553409278392792,0.013683948665857315,0.8509631479720875,65.18259334564209
14,237,0.013780498877167702,0.0,0.013780498877167702,13780498877.167702,65.18259334564209
14,238,0.0700492337346077,0.25459611415863037,-0.12089785188436508,0.2751386601709373,65.18259334564209
14,239,0.0020017274655401707,0.0,0.0020017274655401707,2001727465.5401707,65.18259334564209
14,240,0.09853196889162064,0.3132382333278656,-0.13639670610427856,0.3145592025740132,65.18259334564209
14,241,0.0026913052424788475,0.0273286085575819,-0.01780515117570758,0.09847940983565763,65.18259334564209
14,242,0.009716907516121864,0.024733271449804306,-0.008833046071231365,0.39286786365682647,65.18259334564209
14,243,0.08729413151741028,0.29992276430130005,-0.13764794170856476,0.2910553712735997,65.18259334564209
14,244,0.00010046979150502011,0.0,0.00010046979150502011,100469791.50502011,65.18259334564209
14,245,0.0,0.0,0.0,0.0,65.18259334564209
14,246,0.11818753927946091,0.7760311365127563,-0.46383581310510635,0.15229741916079143,65.18259334564209
14,247,0.030469272285699844,0.07330930233001709,-0.024512704461812973,0.4156262754775709,65.18259334564209
14,248,0.006095763761550188,0.027342434972524643,-0.014411062467843294,0.22294151078543825,65.18259334564209
14,249,0.030501021072268486,0.08283303678035736,-0.031623756512999535,0.36822290063779395,65.18259334564209
14,250,0.0,0.008922900073230267,-0.0066921750549227,0.0,65.18259334564209
14,251,0.003030209569260478,0.18166014552116394,-0.13321489957161248,0.01668065144696677,65.18259334564209
14,252,0.0016510318964719772,0.0,0.0016510318964719772,1651031896.4719772,65.18259334564209
14,253,0.021542629227042198,0.0619448721408844,-0.0249160248786211,0.3477709854287684,65.18259334564209
14,254,7.268201898114057e-06,0.04303732514381409,-0.03227072565596245,0.00016888135760430412,65.18259334564209
14,255,0.0,0.011602068319916725,-0.008701551239937544,0.0,65.18259334564209
15,0,0.0,0.0,0.0,0.0,65.20324182510376
15,1,0.07599946856498718,0.13617266714572906,-0.026130031794309616,0.5581110376805359,65.20324182510376
15,2,0.027275778353214264,1.8589648008346558,-1.3669478222727776,0.014672563106602692,65.20324182510376
15,3,0.0922294482588768,0.2283409982919693,-0.07902630046010017,0.40391103195819117,65.20324182510376
15,4,0.0829295963048935,0.6095489859580994,-0.37423214316368103,0.13605074934938544,65.20324182510376
15,5,0.07669955492019653,0.4314190149307251,-0.2468647062778473,0.17778436338123563,65.20324182510376
15,6,0.05197923630475998,0.3563247621059418,-0.21526433527469635,0.14587601489553437,65.20324182510376
15,7,0.0,0.0,0.0,0.0,65.20324182510376
15,8,0.022573556751012802,0.0,0.022573556751012802,22573556751.012802,65.20324182510376
15,9,0.0,0.0,0.0,0.0,65.20324182510376
15,10,0.009054837748408318,0.02321190945804119,-0.008354094345122576,0.3900944799214439,65.20324182510376
15,11,0.040991026908159256,0.04434114694595337,0.007735166698694229,0.9244466986205395,65.20324182510376
15,12,0.41572338342666626,1.6116641759872437,-0.7930247485637665,0.2579466551533616,65.20324182510376
15,13,0.0,0.0,0.0,0.0,65.20324182510376
15,14,0.0,0.0,0.0,0.0,65.20324182510376
15,15,1.2491190318542067e-05,0.07669515907764435,-0.05750887811791472,0.00016286804106806032,65.20324182510376
15,16,0.0002494090294931084,0.1509711891412735,-0.11297898282646202,0.0016520306351834337,65.20324182510376
15,17,0.2193729728460312,0.6496278643608093,-0.2678479254245758,0.3376902144761631,65.20324182510376
15,18,0.00945134088397026,0.1956203430891037,-0.1372639164328575,0.04831471376991158,65.20324182510376
15,19,0.07158616930246353,0.17270620167255402,-0.05794348195195198,0.4144968079245605,65.20324182510376
15,20,0.039672091603279114,0.5450777411460876,-0.3691362142562866,0.07278244662823925,65.20324182510376
15,21,0.004646029323339462,0.04375515133142471,-0.028170334175229073,0.10618245353653998,65.20324182510376
15,22,0.08412618935108185,0.292724072933197,-0.13541686534881592,0.28739074483290966,65.20324182510376
15,23,0.11661846935749054,0.10545674711465836,0.03752590902149677,1.105841708066253,65.20324182510376
15,24,0.011301301419734955,0.0,0.011301301419734955,11301301419.734955,65.20324182510376
15,25,0.013076608069241047,0.07004143297672272,-0.03945446666330099,0.1866981801100525,65.20324182510376
15,26,0.03336750715970993,0.09487373381853104,-0.03778779320418835,0.3517043739754319,65.20324182510376
15,27,0.1508597582578659,0.39302945137023926,-0.14391233026981354,0.3838383045635175,65.20324182510376
15,28,0.010933286510407925,0.0067350841127336025,0.005881973425857723,1.623333328252532,65.20324182510376
15,29,0.184965118765831,0.3604232370853424,-0.08535230904817581,0.5131886619217092,65.20324182510376
15,30,0.0,0.07538914680480957,-0.05654186010360718,0.0,65.20324182510376
15,31,0.0011667339131236076,0.34140145778656006,-0.25488435942679644,0.0034174836882202705,65.20324182510376
15,32,7.075257713040628e-08,0.7860971689224243,-0.5895728059392411,9.000487462294686e-08,65.20324182510376
15,33,0.0,0.0,0.0,0.0,65.20324182510376
15,34,0.0030315702315419912,0.0033780618105083704,0.0004980238736607134,0.8974288810269981,65.20324182510376
15,35,0.0,0.05545562505722046,-0.041591718792915344,0.0,65.20324182510376
15,36,0.0,0.0,0.0,0.0,65.20324182510376
15,37,0.011149921454489231,0.150935098528862,-0.10205140244215727,0.07387229056125244,65.20324182510376
15,38,0.010132825002074242,0.03745008260011673,-0.017954736948013306,0.27056882917988784,65.20324182510376
15,39,0.0033108359202742577,0.010866406373679638,-0.004838968859985471,0.3046854503793456,65.20324182510376
15,40,0.003821084974333644,0.015854550525546074,-0.008069827919825912,0.24100872288595057,65.20324182510376
15,41,0.04109511151909828,0.18954037129878998,-0.1010601669549942,0.21681455637806812,65.20324182510376
15,42,0.007657348643988371,0.028125803917646408,-0.013437004294246435,0.27225350308695784,65.20324182510376
15,43,0.0,0.0,0.0,0.0,65.20324182510376
15,44,0.006742930505424738,0.18366199731826782,-0.13100356748327613,0.03671380363844787,65.20324182510376
15,45,0.0,0.0,0.0,0.0,65.20324182510376
15,46,0.016192996874451637,0.049537044018507004,-0.020959786139428616,0.3268866198006296,65.20324182510376
15,47,0.0032207181211560965,0.0,0.0032207181211560965,3220718121.1560965,65.20324182510376
15,48,0.013598035089671612,0.028904138132929802,-0.00808006851002574,0.47045288209819475,65.20324182510376
15,49,0.00010824365745065734,0.0,0.00010824365745065734,108243657.45065734,65.20324182510376
15,50,0.008644222281873226,0.11704281717538834,-0.07913789059966803,0.07385521376203742,65.20324182510376
15,51,0.0,0.0,0.0,0.0,65.20324182510376
15,52,0.010496580973267555,0.02349105477333069,-0.007121710106730461,0.44683310622294636,65.20324182510376
15,53,0.016154373064637184,0.1928100734949112,-0.1284531820565462,0.08378386446172773,65.20324182510376
15,54,0.04975045844912529,0.10888496041297913,-0.031913261860609055,0.4569084496148479,65.20324182510376
15,55,0.006433869246393442,0.0,0.006433869246393442,6433869246.393442,65.20324182510376
15,56,0.008105729706585407,0.009802961722016335,0.0007535084150731564,0.8268653837088843,65.20324182510376
15,57,0.0445575974881649,0.49253782629966736,-0.3248457722365856,0.09046533100376525,65.20324182510376
15,58,0.02087678574025631,0.07107990980148315,-0.032433146610856056,0.2937086695561196,65.20324182510376
15,59,0.01621400937438011,0.019833331927657127,0.0013390104286372662,0.8175131355993964,65.20324182510376
15,60,0.1716844141483307,0.7170843482017517,-0.3661288470029831,0.23942011086788895,65.20324182510376
15,61,0.019599320366978645,0.350654274225235,-0.2433913853019476,0.05589357326451285,65.20324182510376
15,62,0.0,0.5896933674812317,-0.44227002561092377,0.0,65.20324182510376
15,63,0.0,0.044612374156713486,-0.033459280617535114,0.0,65.20324182510376
15,64,0.2425876408815384,0.8150430917739868,-0.3686946779489517,0.29763780998773354,65.20324182510376
15,65,0.0,0.0017221710877493024,-0.0012916283158119768,0.0,65.20324182510376
15,66,0.009925218299031258,0.03954743221402168,-0.019735355861485004,0.25096998068211535,65.20324182510376
15,67,0.0,0.0,0.0,0.0,65.20324182510376
15,68,0.046925418078899384,0.27585935592651367,-0.15996909886598587,0.17010631349124794,65.20324182510376
15,69,0.012130574323236942,0.07907214015722275,-0.04717353079468012,0.15341148347526393,65.20324182510376
15,70,0.001463152002543211,0.0,0.001463152002543211,1463152002.543211,65.20324182510376
15,71,0.0040004923939704895,0.20459572970867157,-0.1494463048875332,0.019553156850572233,65.20324182510376
15,72,0.0,0.0,0.0,0.0,65.20324182510376
15,73,0.3654038906097412,1.238631248474121,-0.5635695457458496,0.29500619418377333,65.20324182510376
15,74,0.03626975789666176,1.5140081644058228,-1.0992363654077053,0.023956117773560343,65.20324182510376
15,75,0.016449760645627975,0.028683938086032867,-0.005063192918896675,0.573483340945587,65.20324182510376
15,76,0.023031773045659065,0.07698410004377365,-0.03470630198717117,0.2991757133260488,65.20324182510376
15,77,0.012417669408023357,0.06845380365848541,-0.0389226833358407,0.1814021828471862,65.20324182510376
15,78,0.12382504343986511,0.3092496991157532,-0.10811223089694977,0.4004047337589053,65.20324182510376
15,79,0.006465693935751915,0.00035352600389160216,0.006200549432833213,18.28916075844101,65.20324182510376
15,80,0.009304432198405266,0.18242986500263214,-0.12751796655356884,0.05100279056951567,65.20324182510376
15,81,0.0,0.0,0.0,0.0,65.20324182510376
15,82,0.02189946360886097,0.14423394203186035,-0.0862759929150343,0.15183294098605227,65.20324182510376
15,83,0.05176376551389694,0.21429619193077087,-0.10895837843418121,0.24155242819423434,65.20324182510376
15,84,0.03308406099677086,0.15208156406879425,-0.08097711205482483,0.21754156198438165,65.20324182510376
15,85,0.026643335819244385,0.06522814184427261,-0.022277770563960075,0.40846381738797527,65.20324182510376
15,86,3.539638100846787e-06,0.026625635102391243,-0.019965686688692585,0.00013294098289493768,65.20324182510376
15,87,0.015399896539747715,0.0,0.015399896539747715,15399896539.747715,65.20324182510376
15,88,0.0,0.0,0.0,0.0,65.20324182510376
15,89,0.036274220794439316,0.04692593216896057,0.0010797716677188873,0.7730101271735652,65.20324182510376
15,90,0.005251626949757338,0.00998317264020443,-0.0022357525303959846,0.526047894642414,65.20324182510376
15,91,0.006601511500775814,0.008355125784873962,0.00033516716212034225,0.7901151544524931,65.20324182510376
15,92,0.062145840376615524,0.22054022550582886,-0.10325932875275612,0.28178913952679907,65.20324182510376
15,93,0.020088596269488335,0.13822337985038757,-0.08357893861830235,0.14533428636375997,65.20324182510376
15,94,0.012160837650299072,0.09524934738874435,-0.05927617289125919,0.12767371098658517,65.20324182510376
15,95,0.012829924933612347,0.14305919408798218,-0.09446447063237429,0.08968263113262186,65.20324182510376
15,96,0.04075482487678528,0.06380490213632584,-0.007098851725459099,0.6387412802400291,65.20324182510376
15,97,0.007718289270997047,0.08844512701034546,-0.05861555598676205,0.08726641627194417,65.20324182510376
15,98,0.0034290035255253315,0.0,0.0034290035255253315,3429003525.5253315,65.20324182510376
15,99,0.0,0.08666948974132538,-0.06500211730599403,0.0,65.20324182510376
15,100,0.04560607671737671,0.19778379797935486,-0.10273177176713943,0.2305855038839258,65.20324182510376
15,101,0.023337572813034058,0.09767822176218033,-0.04992109350860119,0.238922990117651,65.20324182510376
15,102,0.041809964925050735,0.13410736620426178,-0.0587705597281456,0.3117648650340155,65.20324182510376
15,103,0.01264333724975586,1.4218335151672363,-1.0537317991256714,0.008892276848784124,65.20324182510376
15,104,0.0,0.0,0.0,0.0,65.20324182510376
15,105,0.0006869782810099423,0.13767941296100616,-0.10257258143974468,0.00498969501852481,65.20324182510376
15,106,0.026101766154170036,0.13967053592205048,-0.07865113578736782,0.18688097659015526,65.20324182510376
15,107,0.03319724276661873,0.11033821105957031,-0.049556415528059006,0.30086805330199756,65.20324182510376
15,108,0.01015563402324915,0.0,0.01015563402324915,10155634023.24915,65.20324182510376
15,109,0.03623656556010246,0.27625006437301636,-0.1709509827196598,0.1311730574333608,65.20324182510376
15,110,0.014149051159620285,0.03968564793467522,-0.015615184791386127,0.3565281630919541,65.20324182510376
15,111,0.0,0.0,0.0,0.0,65.20324182510376
15,112,0.023011695593595505,0.00019942499056924134,0.022862126850668574,115.39022974262346,65.20324182510376
15,113,0.33833223581314087,1.8489413261413574,-1.0483737587928772,0.1829870050657796,65.20324182510376
15,114,0.06304172426462173,0.2159501612186432,-0.09892089664936066,0.29192719240668646,65.20324182510376
15,115,0.009177467785775661,0.007263654377311468,0.0037297270027920604,1.2634780384345716,65.20324182510376
15,116,0.07453010976314545,0.0966542661190033,0.002039410173892975,0.7711000533655793,65.20324182510376
15,117,0.11497596651315689,0.10444723814725876,0.03664053790271282,1.100804277370676,65.20324182510376
15,118,0.00017045011918526143,0.08756472170352936,-0.06550309115846176,0.0019465615360534487,65.20324182510376
15,119,0.0,0.0,0.0,0.0,65.20324182510376
15,120,0.0,0.006714931223541498,-0.005036198417656124,0.0,65.20324182510376
15,121,0.0007637088419869542,0.0947231575846672,-0.07027865934651345,0.008062535724659087,65.20324182510376
15,122,0.011642848141491413,0.2573201656341553,-0.18134727608412504,0.04524654378623157,65.20324182510376
15,123,0.02098441869020462,0.03397708013653755,-0.0044983914121985435,0.6176051210186609,65.20324182510376
15,124,0.17499497532844543,0.28554731607437134,-0.03916551172733307,0.6128405538305072,65.20324182510376
15,125,0.002443276345729828,0.02908027358353138,-0.019366928841918707,0.08401834111455801,65.20324182510376
15,126,0.00992489606142044,0.031232589855790138,-0.013499546330422163,0.317773713512993,65.20324182510376
15,127,0.0244945976883173,0.1123383417725563,-0.05975915864109993,0.21804307684807897,65.20324182510376
15,128,0.0,0.015925275161862373,-0.01194395637139678,0.0,65.20324182510376
15,129,0.03143656626343727,0.0729760155081749,-0.0232954453676939,0.4307794286121981,65.20324182510376
15,130,0.7398974299430847,0.11270901560783386,0.6553656682372093,6.564669436125333,65.20324182510376
15,131,0.019583413377404213,0.09164053201675415,-0.0491469856351614,0.21369816331500763,65.20324182510376
15,132,0.00942919123917818,0.005383262876421213,0.005391744081862271,1.7515754764135019,65.20324182510376
15,133,0.0023264267947524786,0.00890283938497305,-0.004350702743977308,0.26131290186116374,65.20324182510376
15,134,0.0,0.0,0.0,0.0,65.20324182510376
15,135,0.005181158892810345,0.03472619131207466,-0.02086348459124565,0.1492003210516093,65.20324182510376
15,136,0.0030565811321139336,0.0,0.0030565811321139336,3056581132.1139336,65.20324182510376
15,137,0.0,1.4564813375473022,-1.0923610031604767,0.0,65.20324182510376
15,138,0.030475718900561333,0.1311192661523819,-0.06786373071372509,0.2324274669514331,65.20324182510376
15,139,0.0,0.06784307211637497,-0.05088230408728123,0.0,65.20324182510376
15,140,0.06680477410554886,0.24755606055259705,-0.11886227130889893,0.2698571546023019,65.20324182510376
15,141,0.0,0.07087575644254684,-0.05315681733191013,0.0,65.20324182510376
15,142,0.008539507165551186,0.012920251116156578,-0.001150681171566248,0.6609397207622165,65.20324182510376
15,143,0.08372993767261505,0.29856282472610474,-0.1401921808719635,0.2804432793973821,65.20324182510376
15,144,0.009322862140834332,0.09259455651044846,-0.06012305524200201,0.1006847755643351,65.20324182510376
15,145,0.037118345499038696,0.17454545199871063,-0.09379074349999428,0.21265719085651244,65.20324182510376
15,146,0.03665905073285103,0.19055967032909393,-0.10626070201396942,0.19237570399523138,65.20324182510376
15,147,0.0012206111568957567,0.007653895765542984,-0.004519810667261481,0.15947580083744295,65.20324182510376
15,148,0.017795033752918243,0.09908902645111084,-0.056521736085414886,0.17958632141288097,65.20324182510376
15,149,0.009988394565880299,0.014638582244515419,-0.0009905421175062656,0.6823334663396299,65.20324182510376
15,150,0.29676151275634766,1.0305403470993042,-0.4761437475681305,0.28796690356798166,65.20324182510376
15,151,0.08215447515249252,0.3921829164028168,-0.21198271214962006,0.2094799944521321,65.20324182510376
15,152,0.0,0.07954349368810654,-0.0596576202660799,0.0,65.20324182510376
15,153,0.02261701412498951,0.10127928853034973,-0.05334245227277279,0.2233133195637398,65.20324182510376
15,154,0.04900586977601051,0.16172102093696594,-0.07228489592671394,0.3030272100174814,65.20324182510376
15,155,0.02977358177304268,0.12274576723575592,-0.06228574365377426,0.24256300191284358,65.20324182510376
15,156,0.08106561750173569,0.3035706579685211,-0.14661237597465515,0.2670403590516801,65.20324182510376
15,157,0.00486270384863019,0.12638042867183685,-0.08992261765524745,0.03847671589418606,65.20324182510376
15,158,0.0,0.0,0.0,0.0,65.20324182510376
15,159,0.015500309877097607,0.07294094562530518,-0.039205399341881275,0.21250492085076048,65.20324182510376
15,160,0.01163053885102272,0.06792003661394119,-0.039309488609433174,0.17123870113556755,65.20324182510376
15,161,0.0,0.0,0.0,0.0,65.20324182510376
15,162,0.020887482911348343,0.16291384398937225,-0.10129790008068085,0.12821183516228818,65.20324182510376
15,163,0.0004575287166517228,0.0,0.0004575287166517228,457528716.6517228,65.20324182510376
15,164,0.03804872930049896,0.11759313941001892,-0.05014612525701523,0.3235624926000883,65.20324182510376
15,165,0.0031379617284983397,0.0,0.0031379617284983397,3137961728.4983397,65.20324182510376
15,166,0.007931187748908997,0.03393862769007683,-0.017522783018648624,0.2336920579435883,65.20324182510376
15,167,0.012428214773535728,0.04338262602686882,-0.020108754746615887,0.2864790795640608,65.20324182510376
15,168,0.00407659774646163,0.16073843836784363,-0.11647723102942109,0.025361685654224992,65.20324182510376
15,169,0.001670048339292407,0.0,0.001670048339292407,1670048339.292407,65.20324182510376
15,170,0.0013666030718013644,0.0,0.0013666030718013644,1366603071.8013644,65.20324182510376
15,171,0.034496840089559555,0.12184544652700424,-0.056887244805693626,0.28311964929794076,65.20324182510376
15,172,0.015930617228150368,0.0,0.015930617228150368,15930617228.150368,65.20324182510376
15,173,0.05248439684510231,0.7077563405036926,-0.47833285853266716,0.07415602495016338,65.20324182510376
15,174,0.04232337698340416,0.10001024603843689,-0.03268430754542351,0.4231904095777831,65.20324182510376
15,175,0.0017457245849072933,0.0,0.0017457245849072933,1745724584.9072933,65.20324182510376
15,176,0.10365203022956848,0.14701774716377258,-0.006611280143260956,0.705030734237811,65.20324182510376
15,177,0.013588168658316135,0.04275663197040558,-0.01847930531948805,0.31780259650487713,65.20324182510376
15,178,0.01307491771876812,0.0793161392211914,-0.046412186697125435,0.1648456146124415,65.20324182510376
15,179,0.025354711338877678,0.47167789936065674,-0.3284037131816149,0.05375429159006892,65.20324182510376
15,180,0.04602706804871559,0.18018022179603577,-0.08910809829831123,0.2554501686681396,65.20324182510376
15,181,0.013089410960674286,0.021588323637843132,-0.003101831767708063,0.6063190074250581,65.20324182510376
15,182,0.0013123232638463378,0.0,0.0013123232638463378,1312323263.8463378,65.20324182510376
15,183,0.06748280674219131,0.13311977684497833,-0.032357025891542435,0.5069329917843085,65.20324182510376
15,184,0.07379107922315598,0.34054872393608093,-0.18162046372890472,0.216682882760675,65.20324182510376
15,185,0.0014783665537834167,0.09825417399406433,-0.07221226394176483,0.015046348604565954,65.20324182510376
15,186,0.007179660256952047,0.1827545315027237,-0.12988623837009072,0.0392858124932774,65.20324182510376
15,187,0.07203057408332825,0.21658429503440857,-0.09040764719247818,0.3325752408389179,65.20324182510376
15,188,0.0,0.0,0.0,0.0,65.20324182510376
15,189,0.0013797017745673656,0.0,0.0013797017745673656,1379701774.5673656,65.20324182510376
15,190,0.0,0.0,0.0,0.0,65.20324182510376
15,191,0.003004611236974597,9.12226880700473e-07,0.0030039270668140716,3293.706869239125,65.20324182510376
15,192,0.0010213000932708383,0.0,0.0010213000932708383,1021300093.2708383,65.20324182510376
15,193,0.05738264322280884,0.2948065400123596,-0.16372226178646088,0.19464508222988697,65.20324182510376
15,194,0.008935747668147087,0.028147082775831223,-0.01217456441372633,0.31746620916262025,65.20324182510376
15,195,0.04534760117530823,0.08299239724874496,-0.016896696761250496,0.5464066911917956,65.20324182510376
15,196,0.16831161081790924,0.5478160977363586,-0.24255046248435974,0.3072410823871106,65.20324182510376
15,197,0.0023110012989491224,0.016860010102391243,-0.01033400627784431,0.13706998304136753,65.20324182510376
15,198,0.013575934804975986,0.11323177814483643,-0.07134789880365133,0.11989509506325083,65.20324182510376
15,199,0.0,0.062042348086833954,-0.046531761065125465,0.0,65.20324182510376
15,200,0.024416133761405945,0.4044434130191803,-0.2789164260029793,0.060369715454329,65.20324182510376
15,201,0.013263541273772717,0.030246015638113022,-0.00942097045481205,0.4385219339971774,65.20324182510376
15,202,0.0,0.007157855201512575,-0.005368391401134431,0.0,65.20324182510376
15,203,0.01031106524169445,0.07048145681619644,-0.04255002737045288,0.14629472356732987,65.20324182510376
15,204,0.0013526519760489464,0.0,0.0013526519760489464,1352651976.0489464,65.20324182510376
15,205,0.007254434749484062,0.0,0.007254434749484062,7254434749.484062,65.20324182510376
15,206,0.008396669290959835,0.03631992265582085,-0.0188432727009058,0.2311863208052,65.20324182510376
15,207,0.00625079870223999,0.013426842167973518,-0.0038193329237401485,0.4655449601309988,65.20324182510376
15,208,0.21162420511245728,0.7176640033721924,-0.326623797416687,0.2948792249824053,65.20324182510376
15,209,0.016798151656985283,0.0005759544437751174,0.016366185824153945,29.165764426983728,65.20324182510376
15,210,0.03707876801490784,0.11397940665483475,-0.048405786976218224,0.32531111630426907,65.20324182510376
15,211,0.0,0.2227611094713211,-0.16707083210349083,0.0,65.20324182510376
15,212,0.006827889010310173,0.06380124390125275,-0.04102304391562939,0.10701811740176884,65.20324182510376
15,213,0.0,0.0,0.0,0.0,65.20324182510376
15,214,0.024883244186639786,0.018754303455352783,0.010817516595125198,1.3268018321528707,65.20324182510376
15,215,0.0,0.0,0.0,0.0,65.20324182510376
15,216,0.00450879754498601,0.03235600143671036,-0.01975820353254676,0.1393496521399917,65.20324182510376
15,217,0.010493773967027664,0.027394728735089302,-0.010052272584289312,0.38305814480299505,65.20324182510376
15,218,0.004860602784901857,0.1000102236866951,-0.07014706498011947,0.04860105902852698,65.20324182510376
15,219,0.0,0.04311917722225189,-0.03233938291668892,0.0,65.20324182510376
15,220,0.14324241876602173,0.8777626752853394,-0.5150795876979828,0.16319037343356382,65.20324182510376
15,221,0.005048571154475212,0.0,0.005048571154475212,5048571154.475212,65.20324182510376
15,222,0.042357221245765686,0.04047100618481636,0.012003966607153416,1.0466065768488448,65.20324182510376
15,223,0.0,0.11096860468387604,-0.08322645351290703,0.0,65.20324182510376
15,224,0.0,0.0,0.0,0.0,65.20324182510376
15,225,8.426537533523515e-06,0.10356450825929642,-0.07766495465693879,8.13651092934702e-05,65.20324182510376
15,226,0.010358734056353569,0.0,0.010358734056353569,10358734056.353569,65.20324182510376
15,227,0.004616669379174709,0.12840311229228973,-0.09168566484004259,0.03595449749402977,65.20324182510376
15,228,0.001262818230316043,0.07422740012407303,-0.05440773186273873,0.017012831221195897,65.20324182510376
15,229,0.016680855304002762,0.0,0.016680855304002762,16680855304.002762,65.20324182510376
15,230,0.0,0.0,0.0,0.0,65.20324182510376
15,231,0.0017383070662617683,0.011566367000341415,-0.006936468183994293,0.15028980716764107,65.20324182510376
15,232,0.000704284873791039,0.0,0.000704284873791039,704284873.791039,65.20324182510376
15,233,0.2326585054397583,0.7932344079017639,-0.36226730048656464,0.293303597425741,65.20324182510376
15,234,0.07813212275505066,0.06765852123498917,0.027388231828808784,1.1548009227474858,65.20324182510376
15,235,0.0015300813829526305,0.030201604589819908,-0.0211211220594123,0.05066225466105582,65.20324182510376
15,236,0.07346605509519577,0.034231364727020264,0.04779253154993057,2.146162026518906,65.20324182510376
15,237,0.0004152677720412612,0.03651808947324753,-0.026973299332894385,0.011371563464022592,65.20324182510376
15,238,0.0,0.0,0.0,0.0,65.20324182510376
15,239,0.0006930642994120717,0.0124137531965971,-0.008617250598035753,0.05583035914925604,65.20324182510376
15,240,0.0,0.0,0.0,0.0,65.20324182510376
15,241,0.0061464132741093636,1.0086323022842407,-0.7503278134390712,0.006093809666995139,65.20324182510376
15,242,0.0,0.0,0.0,0.0,65.20324182510376
15,243,0.0,0.22613568603992462,-0.16960176452994347,0.0,65.20324182510376
15,244,1.2547796964645386,3.960736036300659,-1.7157723307609558,0.3168046759400281,65.20324182510376
15,245,0.003985545597970486,0.006108439993113279,-0.0005957843968644738,0.6524653760716921,65.20324182510376
15,246,0.02554052323102951,7.104565611371072e-07,0.025539990388608658,35949.40025714019,65.20324182510376
15,247,0.020915057510137558,0.24619942903518677,-0.16373451426625252,0.08495168974199137,65.20324182510376
15,248,0.0,0.03607737272977829,-0.027058029547333717,0.0,65.20324182510376
15,249,0.0,0.0,0.0,0.0,65.20324182510376
15,250,0.006432881113141775,0.02627996727824211,-0.013277094345539808,0.24478269111936632,65.20324182510376
15,251,0.012598543427884579,0.17638513445854187,-0.11969030741602182,0.07142633344066959,65.20324182510376
15,252,0.07375501096248627,0.2655286192893982,-0.12539145350456238,0.2777667098921014,65.20324182510376
15,253,0.005943811498582363,0.17723363637924194,-0.1269814157858491,0.03353658831346407,65.20324182510376
15,254,0.1298043131828308,0.30014967918395996,-0.09530794620513916,0.4324652737770946,65.20324182510376
15,255,0.0,0.0,0.0,0.0,65.20324182510376
16,0,0.0,0.0,0.0,0.0,65.22136497497559
16,1,0.04485773295164108,0.0,0.04485773295164108,44857732951.64108,65.22136497497559
16,2,0.018759172409772873,0.03770328685641289,-0.009518292732536793,0.4975474016553708,65.22136497497559
16,3,0.008956672623753548,0.35403645038604736,-0.256570665165782,0.025298730156066533,65.22136497497559
16,4,0.0013468842953443527,0.011368063278496265,-0.007179163163527846,0.11847966203474854,65.22136497497559
16,5,0.03737330436706543,0.28340786695480347,-0.17518259584903717,0.13187109013065498,65.22136497497559
16,6,0.3844328224658966,1.3835996389389038,-0.6532669067382812,0.2778497562780835,65.22136497497559
16,7,0.04192695394158363,0.12411271780729294,-0.05115758441388607,0.3378135188880874,65.22136497497559
16,8,0.005292651243507862,0.020967470481991768,-0.010432951617985964,0.25242201951833504,65.22136497497559
16,9,0.0,0.0,0.0,0.0,65.22136497497559
16,10,0.028389131650328636,0.27885469794273376,-0.1807518918067217,0.10180618027836451,65.22136497497559
16,11,0.021781550720334053,0.03502528369426727,-0.004487412050366402,0.6218807793204897,65.22136497497559
16,12,0.0,0.08247248828411102,-0.06185436621308327,0.0,65.22136497497559
16,13,0.006029009353369474,0.021736495196819305,-0.010273362044245005,0.27736805306010553,65.22136497497559
16,14,0.007901680655777454,0.02635771594941616,-0.011866606306284666,0.29978624364273476,65.22136497497559
16,15,0.0,0.04255909472703934,-0.0319193210452795,0.0,65.22136497497559
16,16,0.027980325743556023,0.1271332949399948,-0.06736964546144009,0.22008653009852586,65.22136497497559
16,17,0.9237134456634521,3.100907564163208,-1.4019672274589539,0.29788486968731104,65.22136497497559
16,18,0.034994080662727356,0.0061132959090173244,0.030409108730964363,5.724257614519462,65.22136497497559
16,19,0.0,0.1671580821275711,-0.12536856159567833,0.0,65.22136497497559
16,20,0.09379164129495621,0.3272768259048462,-0.15166597813367844,0.2865819815850298,65.22136497497559
16,21,0.0,0.0,0.0,0.0,65.22136497497559
16,22,0.028082720935344696,0.06908070296049118,-0.02372780628502369,0.40652048591629586,65.22136497497559
16,23,0.07761234045028687,0.24787718057632446,-0.10829554498195648,0.31310804919404817,65.22136497497559
16,24,0.002686859806999564,0.0,0.002686859806999564,2686859806.999564,65.22136497497559
16,25,0.0,0.0,0.0,0.0,65.22136497497559
16,26,0.03217167407274246,0.12398984283208847,-0.06082070805132389,0.25947023834888666,65.22136497497559
16,27,0.04655876010656357,0.5674535036087036,-0.37903136759996414,0.08204859043144941,65.22136497497559
16,28,0.0,0.005529257468879223,-0.004146943101659417,0.0,65.22136497497559
16,29,0.007350227329879999,0.19892221689224243,-0.14184143533930182,0.03695025847125321,65.22136497497559
16,30,0.057541172951459885,0.1838696449995041,-0.08036106079816818,0.312945472599907,65.22136497497559
16,31,0.017552081495523453,0.008177638053894043,0.01141885295510292,2.1463509851746396,65.22136497497559
16,32,0.0,0.40211179852485657,-0.3015838488936424,0.0,65.22136497497559
16,33,0.07554197311401367,0.08633823692798615,0.010788295418024063,0.8749538535996225,65.22136497497559
16,34,0.0,0.0,0.0,0.0,65.22136497497559
16,35,0.025892846286296844,0.22774803638458252,-0.14491818100214005,0.11369075535061772,65.22136497497559
16,36,0.09998646378517151,0.4087482988834381,-0.20657476037740707,0.24461621995261154,65.22136497497559
16,37,0.03203464299440384,0.09084636718034744,-0.03610013239085674,0.35262437000321994,65.22136497497559
16,38,0.0,0.0,0.0,0.0,65.22136497497559
16,39,0.0,0.62709641456604,-0.47032231092453003,0.0,65.22136497497559
16,40,0.03733058273792267,0.019759368151426315,0.022511056624352932,1.8892599424207162,65.22136497497559
16,41,0.002441213931888342,0.5058343410491943,-0.3769345418550074,0.004826113479800492,65.22136497497559
16,42,0.0,0.16253721714019775,-0.12190291285514832,0.0,65.22136497497559
16,43,0.027053527534008026,0.06878525763750076,-0.024535415694117546,0.39330415357586035,65.22136497497559
16,44,0.04967937991023064,0.3386671245098114,-0.20432096347212791,0.14669088410039843,65.22136497497559
16,45,0.1785093992948532,0.20309053361415863,0.026191499084234238,0.8789646475256949,65.22136497497559
16,46,0.05197344347834587,0.22054143249988556,-0.1134326308965683,0.235662945003031,65.22136497497559
16,47,0.042504385113716125,0.05777071788907051,-0.0008236533030867577,0.7357427199467376,65.22136497497559
16,48,0.0,0.0479232594370842,-0.03594244457781315,0.0,65.22136497497559
16,49,0.004820631351321936,0.0,0.004820631351321936,4820631351.321936,65.22136497497559
16,50,0.0,0.0,0.0,0.0,65.22136497497559
16,51,0.006068320479243994,0.0314604789018631,-0.01752703869715333,0.19288709806295223,65.22136497497559
16,52,0.001211476163007319,0.32803505659103394,-0.24481481628026813,0.0036931301660053694,65.22136497497559
16,53,0.06679917126893997,0.23815137147903442,-0.11181435734033585,0.28049039085437355,65.22136497497559
16,54,0.0,0.0005250964895822108,-0.0003938223671866581,0.0,65.22136497497559
16,55,0.005703212693333626,0.0001445405650883913,0.005594807269517332,39.45752287870468,65.22136497497559
16,56,0.0038876726757735014,0.0,0.0038876726757735014,3887672675.7735014,65.22136497497559
16,57,0.0,0.0,0.0,0.0,65.22136497497559
16,58,0.10909547656774521,0.019920818507671356,0.09415486268699169,5.476455524167188,65.22136497497559
16,59,0.0027451450005173683,2.8079071044921875,-2.1031851833686233,0.0009776480839143902,65.22136497497559
16,60,0.012128827162086964,0.30050957202911377,-0.21325335185974836,0.04036086797551842,65.22136497497559
16,61,0.0,0.08077216148376465,-0.060579121112823486,0.0,65.22136497497559
16,62,0.009015594609081745,0.02340029738843441,-0.008534628432244062,0.3852769244356879,65.22136497497559
16,63,0.0,0.0,0.0,0.0,65.22136497497559
16,64,0.25135576725006104,0.638996422290802,-0.22789154946804047,0.3933602106073729,65.22136497497559
16,65,0.022175010293722153,0.17889004945755005,-0.11199252679944038,0.12395888066910195,65.22136497497559
16,66,0.003747044363990426,0.04919758439064026,-0.03315114392898977,0.07616317773169226,65.22136497497559
16,67,0.018098965287208557,0.04743514209985733,-0.01747739128768444,0.3815518302596471,65.22136497497559
16,68,0.0,0.0,0.0,0.0,65.22136497497559
16,69,0.0,0.0,0.0,0.0,65.22136497497559
16,70,0.0,0.0,0.0,0.0,65.22136497497559
16,71,0.0,0.0,0.0,0.0,65.22136497497559
16,72,0.035698775202035904,0.0905143991112709,-0.032187024131417274,0.39439885313447626,65.22136497497559
16,73,0.00018275721231475472,0.022776873782277107,-0.016899898124393076,0.008023805815218416,65.22136497497559
16,74,0.6273199915885925,0.07618705928325653,0.5701796971261501,8.233944156422156,65.22136497497559
16,75,0.3089616000652313,0.9833744168281555,-0.4285692125558853,0.3141851107551318,65.22136497497559
16,76,0.0039360360242426395,0.13915221393108368,-0.10042812442407012,0.02828583112708296,65.22136497497559
16,77,0.009347720071673393,0.0,0.009347720071673393,9347720071.673393,65.22136497497559
16,78,0.0208247359842062,0.11351161450147629,-0.06430897489190102,0.1834590766370599,65.22136497497559
16,79,0.0014049442252144217,0.004575867205858231,-0.002026956179179251,0.3070334346916177,65.22136497497559
16,80,0.0699051097035408,0.2234785109758377,-0.09770377352833748,0.31280461552200906,65.22136497497559
16,81,0.010182544589042664,0.18111442029476166,-0.12565327063202858,0.056221611577998404,65.22136497497559
16,82,0.018921371549367905,0.032584063708782196,-0.005516676232218742,0.5806940385918605,65.22136497497559
16,83,0.001060602138750255,0.0,0.001060602138750255,1060602138.7502551,65.22136497497559
16,84,0.11211610585451126,0.41636183857917786,-0.20015527307987213,0.2692756527275285,65.22136497497559
16,85,0.0041687265038490295,0.0,0.0041687265038490295,4168726503.8490295,65.22136497497559
16,86,0.00502309063449502,0.0,0.00502309063449502,5023090634.49502,65.22136497497559
16,87,0.02025611698627472,0.3230721950531006,-0.22204802930355072,0.0626984225085749,65.22136497497559
16,88,0.0,0.0,0.0,0.0,65.22136497497559
16,89,0.062443457543849945,0.14654769003391266,-0.04746730998158455,0.42609649820460344,65.22136497497559
16,90,0.011762285605072975,0.5853991508483887,-0.42728707753121853,0.020092761644779314,65.22136497497559
16,91,0.007897330448031425,0.2906329929828644,-0.21007741428911686,0.027172862815578125,65.22136497497559
16,92,0.014231307432055473,0.11947856843471527,-0.07537761889398098,0.11911180070518289,65.22136497497559
16,93,0.12760896980762482,0.2662925124168396,-0.07211041450500488,0.47920600038274297,65.22136497497559
16,94,0.004753920249640942,0.0,0.004753920249640942,4753920249.640942,65.22136497497559
16,95,0.007346747908741236,0.0,0.007346747908741236,7346747908.741236,65.22136497497559
16,96,0.032808639109134674,0.014970271848142147,0.021580935223028064,2.191586060677631,65.22136497497559
16,97,0.03145281970500946,0.6038603782653809,-0.4214424639940262,0.05208624516035838,65.22136497497559
16,98,0.007149125449359417,0.0168469101190567,-0.005486057139933109,0.4243582590761371,65.22136497497559
16,99,0.00601824140176177,0.0,0.00601824140176177,6018241401.76177,65.22136497497559
16,100,0.048920888453722,0.23297032713890076,-0.12580685690045357,0.20998763685619315,65.22136497497559
16,101,0.009321295656263828,0.0,0.009321295656263828,9321295656.263828,65.22136497497559
16,102,0.0,0.0,0.0,0.0,65.22136497497559
16,103,0.13650286197662354,0.39733245968818665,-0.16149648278951645,0.3435482268008079,65.22136497497559
16,104,0.029389893636107445,0.030728068202733994,0.00634384248405695,0.9564510675140998,65.22136497497559
16,105,0.10520154237747192,0.36825889348983765,-0.1709926277399063,0.28567278139635577,65.22136497497559
16,106,0.007791447918862104,0.015079262666404247,-0.003517999080941081,0.5166995290628045,65.22136497497559
16,107,0.018264833837747574,0.013524775393307209,0.008121252292767167,1.3504722485399299,65.22136497497559
16,108,0.01025919895619154,0.15238749980926514,-0.10403142590075731,0.06732310044436111,65.22136497497559
16,109,0.06935404986143112,0.5412312150001526,-0.3365693613886833,0.1281412600366803,65.22136497497559
16,110,0.019764037802815437,0.07489344477653503,-0.03640604577958584,0.2638954298540136,65.22136497497559
16,111,0.5771969556808472,2.2992124557495117,-1.1472123861312866,0.2510411572611448,65.22136497497559
16,112,0.0,0.0,0.0,0.0,65.22136497497559
16,113,0.006517553236335516,0.28480464220046997,-0.20708592841401696,0.022884294251513705,65.22136497497559
16,114,0.005428906064480543,0.009250501170754433,-0.0015089698135852814,0.586876966305049,65.22136497497559
16,115,0.009899585507810116,0.05115143954753876,-0.028463994152843952,0.1935348368527571,65.22136497497559
16,116,0.25623342394828796,0.02019231766462326,0.24108918569982052,12.6896490136205,65.22136497497559
16,117,0.17712867259979248,0.46820858120918274,-0.17402776330709457,0.378311461404587,65.22136497497559
16,118,0.31002017855644226,1.0974242687225342,-0.5130480229854584,0.28249801593784807,65.22136497497559
16,119,0.0,0.0,0.0,0.0,65.22136497497559
16,120,0.15197885036468506,0.6273237466812134,-0.318513959646225,0.24226541904155555,65.22136497497559
16,121,0.06021150201559067,0.12888556718826294,-0.03645267337560654,0.4671702451149759,65.22136497497559
16,122,0.015604142099618912,0.0,0.015604142099618912,15604142099.618912,65.22136497497559
16,123,0.07771182060241699,0.2530345916748047,-0.11206412315368652,0.30711935505633814,65.22136497497559
16,124,0.11821205168962479,0.37385132908821106,-0.1621764451265335,0.31620069929299677,65.22136497497559
16,125,0.015821799635887146,0.028022918850183487,-0.005195389501750469,0.564602128704339,65.22136497497559
16,126,0.0,0.0,0.0,0.0,65.22136497497559
16,127,0.2425657957792282,0.7977916598320007,-0.35577794909477234,0.30404654246448726,65.22136497497559
16,128,0.0,0.0,0.0,0.0,65.22136497497559
16,129,0.28184381127357483,0.7474305033683777,-0.27872906625270844,0.37708363520492894,65.22136497497559
16,130,0.031121285632252693,0.0501941479742527,-0.006524325348436832,0.6200182070546644,65.22136497497559
16,131,0.0,0.0,0.0,0.0,65.22136497497559
16,132,0.03613647446036339,0.16202770173549652,-0.085384301841259,0.22302651999058562,65.22136497497559
16,133,0.00980543252080679,0.6166192293167114,-0.4526589894667268,0.015901924647495166,65.22136497497559
16,134,0.2109396606683731,0.3264315724372864,-0.033884018659591675,0.6461987089445902,65.22136497497559
16,135,0.015899071469902992,0.0001660315174376592,0.015774547831824748,95.75935713599287,65.22136497497559
16,136,0.04797143489122391,0.47892820835113525,-0.31122472137212753,0.1001641458044012,65.22136497497559
16,137,0.041327107697725296,0.5054845809936523,-0.33778632804751396,0.08175740517426883,65.22136497497559
16,138,0.011633305810391903,0.027033183723688126,-0.008641581982374191,0.4303342857751437,65.22136497497559
16,139,0.008555140346288681,0.0,0.008555140346288681,8555140346.288681,65.22136497497559
16,140,0.006548333913087845,0.24818509817123413,-0.17959048971533775,0.026384879516591554,65.22136497497559
16,141,0.03892948105931282,0.45558175444602966,-0.3027568347752094,0.08545004421119577,65.22136497497559
16,142,0.007878807373344898,0.0239950530230999,-0.010117482393980026,0.3283513216424929,65.22136497497559
16,143,0.0,0.0,0.0,0.0,65.22136497497559
16,144,0.0,0.005977886728942394,-0.004483415046706796,0.0,65.22136497497559
16,145,0.045372847467660904,0.07213336229324341,-0.008727174252271652,0.6290133445128743,65.22136497497559
16,146,0.10814414918422699,0.16129258275032043,-0.012825287878513336,0.6704843294062861,65.22136497497559
16,147,0.08999421447515488,0.05685703083872795,0.04735144134610891,1.5828159357958038,65.22136497497559
16,148,0.005417918786406517,0.05743377283215523,-0.037657410837709904,0.09433332548334478,65.22136497497559
16,149,0.04227116331458092,0.1468564122915268,-0.06787114590406418,0.28784009260950744,65.22136497497559
16,150,0.23066681623458862,0.33091846108436584,-0.01752202957868576,0.6970503110586035,65.22136497497559
16,151,0.0,0.034327372908592224,-0.025745529681444168,0.0,65.22136497497559
16,152,0.024028979241847992,0.029403699561953545,0.0019762045703828335,0.8172093851796358,65.22136497497559
16,153,0.0,0.0,0.0,0.0,65.22136497497559
16,154,0.0006635599420405924,0.0066114915534853935,-0.004295058723073453,0.1003646358120835,65.22136497497559
16,155,0.013215546496212482,0.06658749282360077,-0.036725073121488094,0.19846890062408226,65.22136497497559
16,156,0.0,0.0,0.0,0.0,65.22136497497559
16,157,0.0,0.0,0.0,0.0,65.22136497497559
16,158,0.32489389181137085,0.9925926923751831,-0.4195506274700165,0.3273184401887972,65.22136497497559
16,159,0.017355378717184067,0.29755061864852905,-0.20580758526921272,0.058327483222698845,65.22136497497559
16,160,0.09757611900568008,0.38100364804267883,-0.18817661702632904,0.2561028470637998,65.22136497497559
16,161,0.049317482858896255,0.032127637416124344,0.025221754796802998,1.5350485383842623,65.22136497497559
16,162,0.0,0.0,0.0,0.0,65.22136497497559
16,163,0.007941922172904015,0.022300666198134422,-0.008783577475696802,0.3561293686021036,65.22136497497559
16,164,0.01003993023186922,0.22233624756336212,-0.15671225544065237,0.045156515601275725,65.22136497497559
16,165,0.02509480156004429,0.24004563689231873,-0.15493942610919476,0.10454179415557109,65.22136497497559
16,166,0.020742859691381454,0.22629038989543915,-0.1489749327301979,0.09166478391271647,65.22136497497559
16,167,0.004861994180828333,0.08568526804447174,-0.05940195685252547,0.05674247501038514,65.22136497497559
16,168,0.03285132348537445,0.0,0.03285132348537445,32851323485.37445,65.22136497497559
16,169,0.34916797280311584,1.4873790740966797,-0.7663663327693939,0.2347538558823271,65.22136497497559
16,170,0.04759052023291588,1.1098750829696655,-0.7848157919943333,0.0428791680821739,65.22136497497559
16,171,0.03364965692162514,0.026443522423505783,0.0138170151039958,1.272510385773768,65.22136497497559
16,172,0.011169292964041233,0.05845727398991585,-0.03267366252839565,0.19106763284543377,65.22136497497559
16,173,0.008544031530618668,0.049509111791849136,-0.028587802313268185,0.17257493057778361,65.22136497497559
16,174,0.0267365463078022,0.10021950304508209,-0.04842808097600937,0.2667798731301673,65.22136497497559
16,175,0.08094058930873871,0.250687837600708,-0.1070752888917923,0.32287401767506907,65.22136497497559
16,176,0.04081183671951294,0.17886647582054138,-0.0933380201458931,0.22816928958913305,65.22136497497559
16,177,0.043768249452114105,0.006154658272862434,0.03915225574746728,7.111402047777184,65.22136497497559
16,178,0.0,0.0,0.0,0.0,65.22136497497559
16,179,0.0,0.0,0.0,0.0,65.22136497497559
16,180,0.020511142909526825,0.06511235237121582,-0.02832312136888504,0.3150115479206548,65.22136497497559
16,181,0.009862304665148258,0.0,0.009862304665148258,9862304665.148258,65.22136497497559
16,182,0.0016329654026776552,0.17336183786392212,-0.12838841299526393,0.009419405232367279,65.22136497497559
16,183,0.0,0.0,0.0,0.0,65.22136497497559
16,184,0.007362729869782925,0.0,0.007362729869782925,7362729869.782925,65.22136497497559
16,185,0.006228345911949873,0.18434903025627136,-0.13203342678025365,0.033785617983765906,65.22136497497559
16,186,0.0,0.04193403571844101,-0.03145052678883076,0.0,65.22136497497559
16,187,0.0,0.0,0.0,0.0,65.22136497497559
16,188,0.0,0.0,0.0,0.0,65.22136497497559
16,189,0.10333049297332764,1.1591070890426636,-0.76599982380867,0.08914663187728565,65.22136497497559
16,190,4.497503596212482e-06,0.0,4.497503596212482e-06,4497503.596212482,65.22136497497559
16,191,0.012039675377309322,0.02594655565917492,-0.007420241367071867,0.4640182510154474,65.22136497497559
16,192,0.013151255436241627,0.0,0.013151255436241627,13151255436.241627,65.22136497497559
16,193,0.0,0.006887838710099459,-0.005165879032574594,0.0,65.22136497497559
16,194,0.050596244633197784,0.1758963018655777,-0.08132598176598549,0.28764814323143906,65.22136497497559
16,195,0.048011135309934616,0.20615869760513306,-0.10660788789391518,0.2328843549529017,65.22136497497559
16,196,0.6763681769371033,2.6161391735076904,-1.2857362031936646,0.25853677196766933,65.22136497497559
16,197,0.006670529488474131,0.0,0.006670529488474131,6670529488.474131,65.22136497497559
16,198,0.18614718317985535,0.35339292883872986,-0.07889751344919205,0.5267428066289253,65.22136497497559
16,199,0.0,0.0,0.0,0.0,65.22136497497559
16,200,0.0,0.013521215878427029,-0.010140911908820271,0.0,65.22136497497559
16,201,0.0624430775642395,0.5330008864402771,-0.3373075872659683,0.11715379683729497,65.22136497497559
16,202,0.15909747779369354,0.017674166709184647,0.14584185276180506,9.001696114024684,65.22136497497559
16,203,0.038735102862119675,0.12677323818206787,-0.05634482577443123,0.3055463709634359,65.22136497497559
16,204,0.0,0.04813402518630028,-0.03610051888972521,0.0,65.22136497497559
16,205,0.01916421949863434,0.01624329946935177,0.006981744896620512,1.1798230731147947,65.22136497497559
16,206,0.037291646003723145,0.026165137067437172,0.017667793203145266,1.425241759910664,65.22136497497559
16,207,0.004255723673850298,0.015191731974482536,-0.007138075307011604,0.2801341993604467,65.22136497497559
16,208,0.0,0.0,0.0,0.0,65.22136497497559
16,209,0.38001981377601624,1.4070608615875244,-0.6752758324146271,0.2700805801299786,65.22136497497559
16,210,0.03435701131820679,0.0067049055360257626,0.029328332166187465,5.124160382048761,65.22136497497559
16,211,0.011961663141846657,0.026499977335333824,-0.007913319859653711,0.4513839008249322,65.22136497497559
16,212,0.014594145119190216,0.0,0.014594145119190216,14594145119.190216,65.22136497497559
16,213,0.00532913114875555,0.14052452147006989,-0.10006425995379686,0.03792314033855416,65.22136497497559
16,214,0.0,0.0,0.0,0.0,65.22136497497559
16,215,0.03414047881960869,0.08622383326292038,-0.030527396127581596,0.3959517633031803,65.22136497497559
16,216,0.07703017443418503,0.3233415484428406,-0.1654759868979454,0.2382316000059732,65.22136497497559
16,217,0.08432058990001678,0.03046233206987381,0.06147384084761143,2.768028058516206,65.22136497497559
16,218,0.06254063546657562,0.5747175812721252,-0.3684975504875183,0.10881977079600458,65.22136497497559
16,219,0.015883414074778557,0.0,0.015883414074778557,15883414074.778557,65.22136497497559
16,220,0.0007952357991598547,0.0,0.0007952357991598547,795235799.1598547,65.22136497497559
16,221,0.07977406680583954,0.24144235253334045,-0.1013076975941658,0.3304062686951049,65.22136497497559
16,222,0.08822455257177353,0.5254450440406799,-0.3058592304587364,0.1679044337218552,65.22136497497559
16,223,0.0,0.0,0.0,0.0,65.22136497497559
16,224,0.013626828789710999,0.10275480896234512,-0.06343927793204784,0.1326149980442471,65.22136497497559
16,225,0.0,0.0,0.0,0.0,65.22136497497559
16,226,0.0049452632665634155,0.037744369357824326,-0.02336301375180483,0.13101989384298068,65.22136497497559
16,227,0.07980500161647797,0.09516168385744095,0.008433738723397255,0.8386253624430708,65.22136497497559
16,228,0.030410364270210266,0.060948509722948074,-0.01530101802200079,0.49895172840069185,65.22136497497559
16,229,0.07995963096618652,0.8689802885055542,-0.5717755854129791,0.09201547149430356,65.22136497497559
16,230,0.018977761268615723,0.021473415195941925,0.002872699871659279,0.883779366000355,65.22136497497559
16,231,0.008370649069547653,0.01036593783646822,0.0005961956921964884,0.8075148819908516,65.22136497497559
16,232,0.029470479115843773,0.08645955473184586,-0.03537418693304062,0.3408585575869035,65.22136497497559
16,233,0.0955527275800705,0.20197990536689758,-0.05593220144510269,0.4730803661187254,65.22136497497559
16,234,0.055827852338552475,0.1744171380996704,-0.07498500123620033,0.3200823780649907,65.22136497497559
16,235,0.011452089995145798,0.34277451038360596,-0.24562879279255867,0.03340998133815761,65.22136497497559
16,236,0.0404168963432312,0.755036473274231,-0.525860458612442,0.05352972707120887,65.22136497497559
16,237,0.01212619710713625,0.0,0.01212619710713625,12126197107.13625,65.22136497497559
16,238,0.0,0.0,0.0,0.0,65.22136497497559
16,239,0.1441994458436966,0.21955212950706482,-0.02046465128660202,0.6567891013710241,65.22136497497559
16,240,0.0,0.06817928701639175,-0.051134465262293816,0.0,65.22136497497559
16,241,0.0,0.012377982959151268,-0.009283487219363451,0.0,65.22136497497559
16,242,0.011785703711211681,1.0046557188034058,-0.7417060853913426,0.011731087068550508,65.22136497497559
16,243,0.0,0.0,0.0,0.0,65.22136497497559
16,244,0.015684299170970917,0.27196478843688965,-0.18828929215669632,0.057670330269805656,65.22136497497559
16,245,0.0,0.13199123740196228,-0.09899342805147171,0.0,65.22136497497559
16,246,0.0,0.7249806523323059,-0.5437354892492294,0.0,65.22136497497559
16,247,0.0,0.09175794571638107,-0.0688184592872858,0.0,65.22136497497559
16,248,0.0,0.0,0.0,0.0,65.22136497497559
16,249,0.009394708089530468,0.09877436608076096,-0.06468606647104025,0.09511281582666856,65.22136497497559
16,250,0.016350731253623962,0.23439760506153107,-0.15944747254252434,0.0697563921323429,65.22136497497559
16,251,0.014447878114879131,0.18218135833740234,-0.12218814063817263,0.0793049203642568,65.22136497497559
16,252,0.014413714408874512,0.06360526382923126,-0.033290233463048935,0.2266119742439264,65.22136497497559
16,253,0.03857196494936943,0.11994990706443787,-0.05139046534895897,0.32156727664929957,65.22136497497559
16,254,0.0,0.024228408932685852,-0.01817130669951439,0.0,65.22136497497559
16,255,0.12776249647140503,0.24782118201255798,-0.05810339003801346,0.515543084062989,65.22136497497559
17,0,0.0006971786497160792,0.0,0.0006971786497160792,697178649.7160792,65.24201345443726
17,1,0.03028976544737816,0.9702777862548828,-0.697418574243784,0.031217622289654384,65.24201345443726
17,2,0.010632324032485485,0.03427624702453613,-0.015074861235916615,0.31019510463220495,65.24201345443726
17,3,0.010509710758924484,0.04140868037939072,-0.020546799525618553,0.25380453234393363,65.24201345443726
17,4,0.07562842220067978,0.27279505133628845,-0.12896786630153656,0.2772353157798728,65.24201345443726
17,5,4.891725893685361e-06,0.0,4.891725893685361e-06,4891725.893685361,65.24201345443726
17,6,0.004633170086890459,0.21422937512397766,-0.1560388612560928,0.021627146530150448,65.24201345443726
17,7,0.05115804076194763,0.08603878319263458,-0.013371046632528305,0.5945927971437474,65.24201345443726
17,8,0.0,0.1863289326429367,-0.13974669948220253,0.0,65.24201345443726
17,9,0.12769567966461182,0.17028595507144928,-1.8786638975143433e-05,0.7498896759294261,65.24201345443726
17,10,0.0,0.0,0.0,0.0,65.24201345443726
17,11,0.0,0.0909033939242363,-0.06817754544317722,0.0,65.24201345443726
17,12,0.002458795439451933,0.0,0.002458795439451933,2458795439.451933,65.24201345443726
17,13,0.014602205716073513,0.10216429084539413,-0.06202101241797209,0.14292866514414704,65.24201345443726
17,14,1.2325694561004639,3.9285733699798584,-1.71386057138443,0.31374479741649053,65.24201345443726
17,15,0.40387284755706787,0.4421842396259308,0.07223466783761978,0.9133587571954485,65.24201345443726
17,16,0.08598034083843231,0.08959335088729858,0.018785327672958374,0.9596732345197041,65.24201345443726
17,17,0.1876603364944458,0.5470385551452637,-0.22261857986450195,0.3430477335263332,65.24201345443726
17,18,0.015553748235106468,0.045430634170770645,-0.018519227392971516,0.3423625603881872,65.24201345443726
17,19,0.00967746414244175,0.0355394147336483,-0.016977096907794476,0.27230229351545676,65.24201345443726
17,20,0.03872273489832878,0.39409348368644714,-0.2568473778665066,0.09825773960028103,65.24201345443726
17,21,0.006822687108069658,0.0,0.006822687108069658,6822687108.069658,65.24201345443726
17,22,0.010916379280388355,0.22917121648788452,-0.16096203308552504,0.04763416386943092,65.24201345443726
17,23,0.007500490173697472,0.09551913291215897,-0.06413885951042175,0.0785234323736641,65.24201345443726
17,24,0.02551424130797386,0.11828132718801498,-0.06319675408303738,0.21570810807019264,65.24201345443726
17,25,0.009603554382920265,0.0,0.009603554382920265,9603554382.920265,65.24201345443726
17,26,0.002581208012998104,0.047867778688669205,-0.0333196260035038,0.05392370575063219,65.24201345443726
17,27,0.23135501146316528,0.7910306453704834,-0.36191797256469727,0.2924728805601665,65.24201345443726
17,28,0.02519894391298294,0.008892097510397434,0.018529870780184865,2.8338582523059634,65.24201345443726
17,29,0.04632487893104553,0.15338930487632751,-0.0687170997262001,0.30200853291625296,65.24201345443726
17,30,0.03844602406024933,0.4147583544254303,-0.2726227417588234,0.09269499613435483,65.24201345443726
17,31,0.2642633616924286,0.7418885827064514,-0.29215307533741,0.3562035699862434,65.24201345443726
17,32,0.23105484247207642,0.8088032007217407,-0.3755475580692291,0.28567498529383595,65.24201345443726
17,33,0.636942982673645,2.198392391204834,-1.0118513107299805,0.2897312532656089,65.24201345443726
17,34,0.08672259747982025,0.13084353506565094,-0.011410053819417953,0.6627961972721408,65.24201345443726
17,35,0.02624315395951271,0.13546587526798248,-0.07535625249147415,0.19372520132767035,65.24201345443726
17,36,0.3002883195877075,0.8704936504364014,-0.3525819182395935,0.34496325095171015,65.24201345443726
17,37,0.019039379432797432,0.0,0.019039379432797432,19039379432.797432,65.24201345443726
17,38,0.07738687098026276,0.3040198087692261,-0.1506279855966568,0.25454548929984583,65.24201345443726
17,39,0.0,0.15491609275341034,-0.11618706956505775,0.0,65.24201345443726
17,40,0.0775243490934372,0.031989920884370804,0.05353190843015909,2.423399212871751,65.24201345443726
17,41,0.01996038295328617,0.28096890449523926,-0.19076629541814327,0.07104125272892374,65.24201345443726
17,42,0.015210342593491077,0.1668638288974762,-0.10993752907961607,0.09115422254121593,65.24201345443726
17,43,0.0,0.0,0.0,0.0,65.24201345443726
17,44,0.046302955597639084,0.175308495759964,-0.08517841622233391,0.2641227134865952,65.24201345443726
17,45,0.02417195588350296,0.07169117033481598,-0.029596421867609024,0.33716782374003124,65.24201345443726
17,46,0.03609657660126686,0.10864757746458054,-0.04538910649716854,0.33223544825656354,65.24201345443726
17,47,0.06255131214857101,0.46505215764045715,-0.28623780608177185,0.13450386396614983,65.24201345443726
17,48,0.01700957491993904,0.05278266966342926,-0.022577427327632904,0.32225681323205135,65.24201345443726
17,49,0.0,0.0,0.0,0.0,65.24201345443726
17,50,0.024727797135710716,0.011463284492492676,0.01613033376634121,2.1571301968251646,65.24201345443726
17,51,0.06425353139638901,1.2244911193847656,-0.8541148081421852,0.052473660591854786,65.24201345443726
17,52,0.0,0.0,0.0,0.0,65.24201345443726
17,53,0.029066797345876694,0.01840151846408844,0.015265658497810364,1.5795868912134907,65.24201345443726
17,54,0.0,0.0,0.0,0.0,65.24201345443726
17,55,0.0072660730220377445,0.029558900743722916,-0.014903102535754442,0.24581675363333463,65.24201345443726
17,56,0.0003497980651445687,0.09427232295274734,-0.07035444414941594,0.003710506479363932,65.24201345443726
17,57,0.01737857423722744,0.03994465991854668,-0.012579920701682568,0.43506627099166617,65.24201345443726
17,58,0.00821668840944767,0.006952744442969561,0.0030021300772204995,1.1817906548506016,65.24201345443726
17,59,0.014926157891750336,1.7757790088653564,-1.316908098757267,0.008405414084311695,65.24201345443726
17,60,0.008274411782622337,0.03918540105223656,-0.02111463900655508,0.2111605740969928,65.24201345443726
17,61,0.007763908710330725,0.09468655288219452,-0.06325100595131516,0.08199589565699254,65.24201345443726
17,62,0.03216944634914398,0.09478168189525604,-0.03891681507229805,0.3394057343733916,65.24201345443726
17,63,0.32321304082870483,0.5445178747177124,-0.08517536520957947,0.5935765487876234,65.24201345443726
17,64,0.1142054945230484,0.14055675268173218,0.008787930011749268,0.8125222897034023,65.24201345443726
17,65,0.0,0.0,0.0,0.0,65.24201345443726
17,66,0.0,0.13244332373142242,-0.09933249279856682,0.0,65.24201345443726
17,67,0.0036479774862527847,0.010590692982077599,-0.004295042250305414,0.34445125470842436,65.24201345443726
17,68,0.0007626881124451756,0.03976350277662277,-0.029059938970021904,0.019180606817022782,65.24201345443726
17,69,0.017969820648431778,0.5831180810928345,-0.4193687401711941,0.030816778335398764,65.24201345443726
17,70,0.0007066286052577198,0.0,0.0007066286052577198,706628605.2577198,65.24201345443726
17,71,0.0,0.4615307152271271,-0.3461480364203453,0.0,65.24201345443726
17,72,0.03694615885615349,0.08989990502595901,-0.030478769913315773,0.41096994312812835,65.24201345443726
17,73,0.0,0.0,0.0,0.0,65.24201345443726
17,74,0.0016515355091542006,0.32495999336242676,-0.24206845951266587,0.005082273334819916,65.24201345443726
17,75,0.010201852768659592,0.02046225219964981,-0.005144836381077766,0.49856939835467456,65.24201345443726
17,76,0.030749447643756866,0.158890038728714,-0.08841808140277863,0.1935265916579226,65.24201345443726
17,77,0.010845642536878586,0.01872607134282589,-0.0031989109702408314,0.5791734068371189,65.24201345443726
17,78,0.0,0.011899728327989578,-0.008924796245992184,0.0,65.24201345443726
17,79,0.0,0.4180662930011749,-0.3135497197508812,0.0,65.24201345443726
17,80,0.0,0.0,0.0,0.0,65.24201345443726
17,81,0.0,0.09071417897939682,-0.06803563423454762,0.0,65.24201345443726
17,82,0.02032671496272087,0.02680867724120617,0.00022020703181624413,0.7582140207469678,65.24201345443726
17,83,0.008605402894318104,0.02194415032863617,-0.007852709852159023,0.39215019789106503,65.24201345443726
17,84,0.14093290269374847,0.23261544108390808,-0.03352867811918259,0.605862199157733,65.24201345443726
17,85,0.0006921518361195922,0.0,0.0006921518361195922,692151836.1195922,65.24201345443726
17,86,0.0,0.014478427357971668,-0.010858820518478751,0.0,65.24201345443726
17,87,0.12909452617168427,0.31225964426994324,-0.10510020703077316,0.4134204612737943,65.24201345443726
17,88,0.41495734453201294,1.4546550512313843,-0.6760339438915253,0.2852616805478803,65.24201345443726
17,89,0.0,0.0,0.0,0.0,65.24201345443726
17,90,0.0,0.0,0.0,0.0,65.24201345443726
17,91,0.06701084971427917,0.2349909245967865,-0.1092323437333107,0.28516356463116954,65.24201345443726
17,92,0.008687775582075119,0.0,0.008687775582075119,8687775582.075119,65.24201345443726
17,93,0.017187191173434258,0.10643662512302399,-0.06264027766883373,0.16147816743914128,65.24201345443726
17,94,5.741602581110783e-05,0.0,5.741602581110783e-05,57416025.81110783,65.24201345443726
17,95,0.22158478200435638,1.3654643297195435,-0.8025134652853012,0.16227797180883224,65.24201345443726
17,96,0.07669606804847717,0.46407854557037354,-0.271362841129303,0.1652652741230452,65.24201345443726
17,97,0.006157480645924807,0.012679089792072773,-0.003351836698129773,0.48564058985440334,65.24201345443726
17,98,0.0017489040037617087,0.005605247803032398,-0.00245503184851259,0.31201189758346676,65.24201345443726
17,99,0.04457749053835869,0.018694188445806503,0.03055684920400381,2.3845640940874215,65.24201345443726
17,100,0.05680892616510391,0.14119136333465576,-0.04908459633588791,0.4023541158820843,65.24201345443726
17,101,0.0047326167114079,0.010546273551881313,-0.003177088452503085,0.4487477674154315,65.24201345443726
17,102,1.142671379739113e-07,0.001367153599858284,-0.001025250932755739,8.358032184692023e-05,65.24201345443726
17,103,0.46071332693099976,1.2390693426132202,-0.4685886800289154,0.37182206926286704,65.24201345443726
17,104,0.030142899602651596,0.41488438844680786,-0.2810203917324543,0.07265373304458177,65.24201345443726
17,105,0.020920027047395706,0.05043341964483261,-0.016905037686228752,0.4148048495284686,65.24201345443726
17,106,0.0,0.0,0.0,0.0,65.24201345443726
17,107,0.0,0.03406562656164169,-0.02554921992123127,0.0,65.24201345443726
17,108,0.0,0.0026049865409731865,-0.00195373990572989,0.0,65.24201345443726
17,109,0.003019624389708042,0.37992891669273376,-0.2819270631298423,0.007947866711451725,65.24201345443726
17,110,0.0018959407461807132,0.5858039259910583,-0.43745700374711305,0.003236476681118071,65.24201345443726
17,111,0.051643431186676025,0.1466098427772522,-0.05831395089626312,0.35225077803805344,65.24201345443726
17,112,0.014897030778229237,0.054142631590366364,-0.025709942914545536,0.27514419488624803,65.24201345443726
17,113,0.030871456488966942,0.39737656712532043,-0.2671609688550234,0.07768816544019654,65.24201345443726
17,114,0.0,0.0,0.0,0.0,65.24201345443726
17,115,0.1391969621181488,0.6613174676895142,-0.3567911386489868,0.21048432699692537,65.24201345443726
17,116,0.0013974462635815144,0.0,0.0013974462635815144,1397446263.5815144,65.24201345443726
17,117,0.0049705891869962215,0.0027418499812483788,0.0029142017010599375,1.812859645559538,65.24201345443726
17,118,0.010246926918625832,0.0,0.010246926918625832,10246926918.625832,65.24201345443726
17,119,0.0,0.0,0.0,0.0,65.24201345443726
17,120,0.032589517533779144,0.05409928783774376,-0.007984948344528675,0.6024019693368279,65.24201345443726
17,121,0.1190347671508789,0.08905348926782608,0.052244650200009346,1.3366659535545904,65.24201345443726
17,122,0.0,0.001141478423960507,-0.0008561088179703802,0.0,65.24201345443726
17,123,0.09556692838668823,0.3345884680747986,-0.1553744226694107,0.2856252904838258,65.24201345443726
17,124,0.0,0.0,0.0,0.0,65.24201345443726
17,125,0.0014873085310682654,0.0,0.0014873085310682654,1487308531.0682654,65.24201345443726
17,126,0.030482562258839607,0.0,0.030482562258839607,30482562258.839607,65.24201345443726
17,127,0.21059055626392365,0.8481464982032776,-0.42551931738853455,0.2482950253403069,65.24201345443726
17,128,0.0,0.0,0.0,0.0,65.24201345443726
17,129,0.0,0.05706263333559036,-0.04279697500169277,0.0,65.24201345443726
17,130,0.006375341210514307,0.0,0.006375341210514307,6375341210.514307,65.24201345443726
17,131,0.14682820439338684,0.1395845264196396,0.04213980957865715,1.0518945628036043,65.24201345443726
17,132,0.06791530549526215,0.398762971162796,-0.23115692287683487,0.1703149750766734,65.24201345443726
17,133,0.07501574605703354,0.25144657492637634,-0.11356918513774872,0.29833671856019456,65.24201345443726
17,134,0.005522051826119423,0.0,0.005522051826119423,5522051826.119423,65.24201345443726
17,135,0.0023342217318713665,1.791973090803367e-06,0.002332877752053264,1302.5979247417033,65.24201345443726
17,136,0.07058972120285034,0.27620163559913635,-0.13656150549650192,0.25557314694922645,65.24201345443726
17,137,0.01762012206017971,0.011843767017126083,0.008737296797335148,1.487712653686391,65.24201345443726
17,138,0.2775398790836334,1.0335761308670044,-0.4976422190666199,0.26852388594786286,65.24201345443726
17,139,0.06418357044458389,0.15046177804470062,-0.048662763088941574,0.4265772429266989,65.24201345443726
17,140,0.003123548114672303,0.010508542880415916,-0.004757859045639634,0.29723893692209374,65.24201345443726
17,141,0.04335444048047066,0.10952126234769821,-0.038786506280303,0.39585409764943214,65.24201345443726
17,142,0.03234690800309181,0.22191300988197327,-0.13408784940838814,0.14576391001208125,65.24201345443726
17,143,0.015123982913792133,0.09451884031295776,-0.05576514732092619,0.1600102462488502,65.24201345443726
17,144,0.0018291630549356341,0.0,0.0018291630549356341,1829163054.9356341,65.24201345443726
17,145,0.003159867599606514,0.0,0.003159867599606514,3159867599.606514,65.24201345443726
17,146,0.0,0.001756457262672484,-0.001317342947004363,0.0,65.24201345443726
17,147,0.02278188057243824,0.43848803639411926,-0.3060841467231512,0.05195553511500963,65.24201345443726
17,148,0.027344856411218643,0.37253570556640625,-0.25205692276358604,0.07340197463641748,65.24201345443726
17,149,0.0,0.0,0.0,0.0,65.24201345443726
17,150,0.03424835205078125,0.06374873965978622,-0.013563202694058418,0.5372396730197389,65.24201345443726
17,151,0.007766685914248228,0.1348460614681244,-0.09336786018684506,0.0575966834302132,65.24201345443726
17,152,0.08511720597743988,0.37353986501693726,-0.19503769278526306,0.2278664580374911,65.24201345443726
17,153,0.02410610020160675,1.075484037399292,-0.7825069278478622,0.022414186880799356,65.24201345443726
17,154,0.0038967528380453587,0.6191387176513672,-0.46045728540048003,0.006293828389251696,65.24201345443726
17,155,0.0,0.0,0.0,0.0,65.24201345443726
17,156,0.01976904273033142,0.1561560183763504,-0.09734797105193138,0.12659801995309336,65.24201345443726
17,157,0.0,0.05802230164408684,-0.04351672623306513,0.0,65.24201345443726
17,158,0.007207412272691727,0.024537228047847748,-0.011195508763194084,0.2937337607305721,65.24201345443726
17,159,0.2328360229730606,0.20859716832637787,0.0763881467282772,1.1161993465205704,65.24201345443726
17,160,0.0808931216597557,0.2521757185459137,-0.10823866724967957,0.32078077193901877,65.24201345443726
17,161,0.0,0.0,0.0,0.0,65.24201345443726
17,162,0.0012526694918051362,0.0,0.0012526694918051362,1252669491.8051362,65.24201345443726
17,163,0.03555884212255478,0.04521096125245094,0.0016506211832165718,0.786509314040311,65.24201345443726
17,164,0.003892806824296713,0.01494698878377676,-0.007317434763535857,0.26044087410177674,65.24201345443726
17,165,0.030009230598807335,0.011213936842978,0.021598777966573834,2.676065597330575,65.24201345443726
17,166,0.02929454669356346,0.00010234366345684975,0.029217788945970824,286.23703136909523,65.24201345443726
17,167,0.03015315718948841,0.07257317006587982,-0.024276720359921455,0.415486290066987,65.24201345443726
17,168,0.0,0.0,0.0,0.0,65.24201345443726
17,169,0.0,0.023332497105002403,-0.017499372828751802,0.0,65.24201345443726
17,170,0.029889460653066635,0.3232952654361725,-0.21258198842406273,0.09245251585311322,65.24201345443726
17,171,0.0,0.0,0.0,0.0,65.24201345443726
17,172,0.28516626358032227,1.0861642360687256,-0.5294569134712219,0.2625443317966291,65.24201345443726
17,173,0.021181270480155945,0.23673896491527557,-0.15637295320630074,0.08947099387566745,65.24201345443726
17,174,0.24984773993492126,0.8862930536270142,-0.41487205028533936,0.28190194982593736,65.24201345443726
17,175,0.0007270456990227103,0.3438856601715088,-0.2571871994296089,0.002114207666170177,65.24201345443726
17,176,0.04332144930958748,0.28235650062561035,-0.16844592615962029,0.1534281987963719,65.24201345443726
17,177,0.0,0.0,0.0,0.0,65.24201345443726
17,178,0.0001319547591265291,0.9306615591049194,-0.697864214569563,0.00014178597776542655,65.24201345443726
17,179,0.3071991801261902,1.0603083372116089,-0.4880320727825165,0.2897262705052104,65.24201345443726
17,180,0.0,0.0,0.0,0.0,65.24201345443726
17,181,0.032533545047044754,0.19039037823677063,-0.11025923863053322,0.1708780945138675,65.24201345443726
17,182,0.0016849735984578729,0.010376391932368279,-0.006097320350818336,0.16238530784861302,65.24201345443726
17,183,0.0,0.0,0.0,0.0,65.24201345443726
17,184,0.0,0.0,0.0,0.0,65.24201345443726
17,185,0.10015003383159637,0.4765649139881134,-0.2572736516594887,0.21014982616593592,65.24201345443726
17,186,0.0,0.20481500029563904,-0.15361125022172928,0.0,65.24201345443726
17,187,0.0,0.0,0.0,0.0,65.24201345443726
17,188,0.011869780719280243,0.018436303362250328,-0.001957446802407503,0.6438265028194674,65.24201345443726
17,189,0.00743971997871995,0.22938095033168793,-0.164595992770046,0.03243390511692266,65.24201345443726
17,190,0.012606912292540073,0.0,0.012606912292540073,12606912292.540073,65.24201345443726
17,191,0.0031297618988901377,0.011618402786552906,-0.005584040191024542,0.26937970357191715,65.24201345443726
17,192,0.0042975046671926975,0.001553432084619999,0.0031324306037276983,2.7664580299160595,65.24201345443726
17,193,0.0,0.023517243564128876,-0.017637932673096657,0.0,65.24201345443726
17,194,0.013621115125715733,0.2549218237400055,-0.1775702526792884,0.05343251874564675,65.24201345443726
17,195,0.0,0.0,0.0,0.0,65.24201345443726
17,196,0.014021482318639755,0.06688959151506424,-0.036145711317658424,0.20962128786916492,65.24201345443726
17,197,0.0070856777019798756,0.0,0.0070856777019798756,7085677701.979876,65.24201345443726
17,198,0.04389134421944618,0.12162241339683533,-0.04732546582818031,0.3608820364045446,65.24201345443726
17,199,0.0983949676156044,0.3582307696342468,-0.17027810961008072,0.2746692242986019,65.24201345443726
17,200,0.018817437812685966,0.08181378990411758,-0.04254290461540222,0.23000325292972285,65.24201345443726
17,201,0.04131069406867027,0.315042108297348,-0.19497088715434074,0.1311275317823503,65.24201345443726
17,202,0.009730118326842785,0.05118710920214653,-0.028660213574767113,0.19008923297908498,65.24201345443726
17,203,0.011303667910397053,0.048306141048669815,-0.02492593787610531,0.2340006397690572,65.24201345443726
17,204,0.0940081775188446,0.6766907572746277,-0.41350989043712616,0.13892339522609065,65.24201345443726
17,205,0.17386190593242645,0.19470982253551483,0.02782953903079033,0.8929282748425356,65.24201345443726
17,206,0.0005427055875770748,0.0610085092484951,-0.04521367634879425,0.008895572015334339,65.24201345443726
17,207,0.0,0.0,0.0,0.0,65.24201345443726
17,208,0.013736235909163952,0.2700518071651459,-0.18880261946469545,0.0508651878812013,65.24201345443726
17,209,0.03708420693874359,0.012492257170379162,0.02771501406095922,2.968575368725734,65.24201345443726
17,210,0.014302622526884079,0.002957503776997328,0.012084494694136083,4.836045395204565,65.24201345443726
17,211,0.020070603117346764,0.025051549077033997,0.0012819413095712662,0.8011721372929116,65.24201345443726
17,212,0.00294611812569201,0.016664579510688782,-0.009552316507324576,0.17678922673239728,65.24201345443726
17,213,0.022351687774062157,0.9178473949432373,-0.6660338584333658,0.02435229200102497,65.24201345443726
17,214,0.0,0.0,0.0,0.0,65.24201345443726
17,215,0.041221633553504944,0.2409529685974121,-0.13949309289455414,0.17107750858304469,65.24201345443726
17,216,0.03899359703063965,0.4132190942764282,-0.2709207236766815,0.09436542882614234,65.24201345443726
17,217,0.0,0.39611876010894775,-0.2970890700817108,0.0,65.24201345443726
17,218,0.06682814657688141,0.32891640067100525,-0.17985915392637253,0.2031766930452407,65.24201345443726
17,219,0.009696435183286667,0.0276945773512125,-0.01107449783012271,0.3501203524419204,65.24201345443726
17,220,0.0554669052362442,0.2259209156036377,-0.11397378146648407,0.2455146974231968,65.24201345443726
17,221,0.017849095165729523,0.04413843899965286,-0.015254734084010124,0.4043889083949143,65.24201345443726
17,222,0.0,0.033027078956365585,-0.02477030921727419,0.0,65.24201345443726
17,223,0.07334497570991516,0.46260982751846313,-0.2736123949289322,0.15854608213404062,65.24201345443726
17,224,0.0,0.0,0.0,0.0,65.24201345443726
17,225,0.025748511776328087,0.11761943250894547,-0.06246606260538101,0.21891375622944692,65.24201345443726
17,226,0.0009791308548301458,0.05984538793563843,-0.043904910096898675,0.016361007733240947,65.24201345443726
17,227,0.0,0.0,0.0,0.0,65.24201345443726
17,228,0.009215383790433407,0.06031560152769089,-0.03602131735533476,0.15278607121326376,65.24201345443726
17,229,0.013979572802782059,0.47849422693252563,-0.34489109739661217,0.02921576064223688,65.24201345443726
17,230,0.017936568707227707,0.052781786769628525,-0.021649771369993687,0.33982496244725213,65.24201345443726
17,231,0.011483579874038696,0.0021767313592135906,0.009851031354628503,5.27560730916831,65.24201345443726
17,232,0.022265378385782242,2.300727373949485e-06,0.02226365284025178,9677.534574653402,65.24201345443726
17,233,0.015156854875385761,0.053644027560949326,-0.025076165795326233,0.2825450579355229,65.24201345443726
17,234,0.0,0.0,0.0,0.0,65.24201345443726
17,235,0.08307397365570068,0.006256636697798967,0.07838149613235146,13.277736530818174,65.24201345443726
17,236,0.0009486564667895436,0.002706327009946108,-0.0010810887906700373,0.3505328302723852,65.24201345443726
17,237,0.004190949257463217,0.039581555873155594,-0.02549521764740348,0.105881367341592,65.24201345443726
17,238,0.0,0.29950448870658875,-0.22462836652994156,0.0,65.24201345443726
17,239,0.0,0.10439413785934448,-0.07829560339450836,0.0,65.24201345443726
17,240,0.000956738309469074,0.003817383898422122,-0.0019062996143475175,0.2506266947932341,65.24201345443726
17,241,0.016848251223564148,0.014600319787859917,0.0058980113826692104,1.1539645341480402,65.24201345443726
17,242,0.05214603617787361,0.39886710047721863,-0.24700428918004036,0.13073536552739878,65.24201345443726
17,243,0.6914682388305664,0.0678286924958229,0.6405967194586992,10.19433241858458,65.24201345443726
17,244,0.0,0.0,0.0,0.0,65.24201345443726
17,245,0.06056838110089302,0.3485491871833801,-0.20084350928664207,0.17377283702817178,65.24201345443726
17,246,0.3216700851917267,1.746558666229248,-0.9882489144802094,0.18417365039676317,65.24201345443726
17,247,0.01972595602273941,0.020452823489904404,0.004386338405311108,0.9644612652874925,65.24201345443726
17,248,0.0,0.19500039517879486,-0.14625029638409615,0.0,65.24201345443726
17,249,0.10613667219877243,0.3256102502346039,-0.13807101547718048,0.32596231882127313,65.24201345443726
17,250,0.001726571237668395,0.0064656962640583515,-0.0031227009603753686,0.2670356241444653,65.24201345443726
17,251,0.07115013152360916,0.4083385765552521,-0.2351038008928299,0.1742429826827974,65.24201345443726
17,252,0.009272478520870209,0.09228067845106125,-0.05993803031742573,0.10048125649278959,65.24201345443726
17,253,0.0,0.0,0.0,0.0,65.24201345443726
17,254,0.04775233194231987,0.026898277923464775,0.02757862349972129,1.7752932762616644,65.24201345443726
17,255,0.0020619118586182594,0.007236613892018795,-0.003365548560395837,0.2849277146881359,65.24201345443726
18,0,0.004030832555145025,0.005022039636969566,0.0002643028274178505,0.8026285823531869,65.26266193389893
18,1,0.25308871269226074,0.7637462615966797,-0.319720983505249,0.3313780052590043,65.26266193389893
18,2,0.04360245168209076,0.1848520189523697,-0.09503656253218651,0.23587760593023224,65.26266193389893
18,3,0.3983929455280304,1.4923433065414429,-0.7208645343780518,0.2669579739336606,65.26266193389893
18,4,0.0011029549641534686,0.006593324709683657,-0.003842038568109274,0.16728358037126068,65.26266193389893
18,5,0.049165673553943634,0.0135363033041358,0.039013446075841784,3.6321344495354,65.26266193389893
18,6,0.0,0.0,0.0,0.0,65.26266193389893
18,7,0.0,0.016839828342199326,-0.012629871256649494,0.0,65.26266193389893
18,8,0.0,0.0,0.0,0.0,65.26266193389893
18,9,0.01915896125137806,0.05900013446807861,-0.0250911395996809,0.3247274167047718,65.26266193389893
18,10,0.0,0.0,0.0,0.0,65.26266193389893
18,11,0.0,0.07422538101673126,-0.05566903576254845,0.0,65.26266193389893
18,12,0.010745254345238209,0.1065639927983284,-0.06917774025350809,0.10083381884416336,65.26266193389893
18,13,0.032574765384197235,0.17251373827457428,-0.09681053832173347,0.188824181249624,65.26266193389893
18,14,0.003891989355906844,0.1289806216955185,-0.09284347691573203,0.030174992992857457,65.26266193389893
18,15,0.04519126936793327,9.361066986457445e-06,0.04518424856769343,4827.576237381354,65.26266193389893
18,16,0.05472953990101814,0.08079656958580017,-0.0058678872883319855,0.6773745492031306,65.26266193389893
18,17,0.11466265469789505,0.43280839920043945,-0.20994364470243454,0.2649270552730847,65.26266193389893
18,18,0.0099850594997406,0.09753236174583435,-0.06316421180963516,0.1023768862037701,65.26266193389893
18,19,0.026305101811885834,0.2734481990337372,-0.17878104746341705,0.09619775118191287,65.26266193389893
18,20,0.06493809074163437,0.43417999148368835,-0.2606969028711319,0.14956490859833751,65.26266193389893
18,21,0.00017698899318929762,0.0,0.00017698899318929762,176988993.18929762,65.26266193389893
18,22,0.002394176321104169,0.002478549489751458,0.0005352642037905753,0.9659586504275496,65.26266193389893
18,23,0.01132144033908844,0.2097475826740265,-0.14598924666643143,0.05397649972743367,65.26266193389893
18,24,0.0,0.07123885303735733,-0.053429139778018,0.0,65.26266193389893
18,25,0.0036892639473080635,0.012313657440245152,-0.0055459791328758,0.2996074858271359,65.26266193389893
18,26,0.0,0.04686742648482323,-0.03515056986361742,0.0,65.26266193389893
18,27,0.030232828110456467,4.3469781303429045e-06,0.03022956787685871,6954.905281100716,65.26266193389893
18,28,0.05414452403783798,0.15115945041179657,-0.059225063771009445,0.3581947664534133,65.26266193389893
18,29,0.0,0.05968008190393448,-0.04476006142795086,0.0,65.26266193389893
18,30,0.0,0.0,0.0,0.0,65.26266193389893
18,31,0.0,0.0,0.0,0.0,65.26266193389893
18,32,0.005291283596307039,0.0,0.005291283596307039,5291283596.307039,65.26266193389893
18,33,0.0,0.0,0.0,0.0,65.26266193389893
18,34,0.0,0.0,0.0,0.0,65.26266193389893
18,35,0.032383158802986145,0.15671870112419128,-0.08515586704015732,0.206632383822002,65.26266193389893
18,36,0.0,0.0,0.0,0.0,65.26266193389893
18,37,0.018124613910913467,0.5354319214820862,-0.38344932720065117,0.03385045452783302,65.26266193389893
18,38,0.05134984850883484,0.21123869717121124,-0.1070791743695736,0.24308921232823236,65.26266193389893
18,39,0.02845093421638012,0.1286066770553589,-0.06800407357513905,0.22122439415732792,65.26266193389893
18,40,0.0,0.0818999633193016,-0.061424972489476204,0.0,65.26266193389893
18,41,0.007818757556378841,0.01124115101993084,-0.0006121057085692883,0.6955477728055109,65.26266193389893
18,42,0.0,0.5505422949790955,-0.4129067212343216,0.0,65.26266193389893
18,43,1.2647672891616821,4.592587471008301,-2.1796733140945435,0.2753931845926775,65.26266193389893
18,44,0.0,0.0,0.0,0.0,65.26266193389893
18,45,0.03670908510684967,0.0,0.03670908510684967,36709085106.84967,65.26266193389893
18,46,0.0,0.0,0.0,0.0,65.26266193389893
18,47,0.05052274465560913,0.35988330841064453,-0.21938973665237427,0.14038646270812818,65.26266193389893
18,48,0.017211494967341423,0.04056704416871071,-0.013213788159191608,0.4242728382018118,65.26266193389893
18,49,0.03190400451421738,0.12084230780601501,-0.058727726340293884,0.2640135321245935,65.26266193389893
18,50,0.017570575699210167,0.09107857197523117,-0.05073835328221321,0.1929166797190844,65.26266193389893
18,51,0.0,0.8869430422782898,-0.6652072817087173,0.0,65.26266193389893
18,52,0.0,0.0,0.0,0.0,65.26266193389893
18,53,0.05539240688085556,0.1354645937681198,-0.0462060384452343,0.40890689839785044,65.26266193389893
18,54,0.09679125994443893,0.3000078797340393,-0.12821464985609055,0.32262905904312567,65.26266193389893
18,55,0.017252014949917793,0.21240201592445374,-0.1420494969934225,0.08122340494156466,65.26266193389893
18,56,0.0136627908796072,0.047215867787599564,-0.021749109961092472,0.2893686279532096,65.26266193389893
18,57,0.009694610722362995,0.04474007710814476,-0.023860447108745575,0.21668739413910043,65.26266193389893
18,58,0.0,0.05812360346317291,-0.043592702597379684,0.0,65.26266193389893
18,59,0.008426405489444733,0.004197320435196161,0.005278415163047612,2.0075678322718664,65.26266193389893
18,60,0.002501650946214795,0.008196268230676651,-0.003645550226792693,0.30521828660346934,65.26266193389893
18,61,0.00012946077913511544,0.0,0.00012946077913511544,129460779.13511544,65.26266193389893
18,62,0.00574128795415163,0.007833631709218025,-0.0001339358277618885,0.732902460382815,65.26266193389893
18,63,0.1590573936700821,0.41857093572616577,-0.15487080812454224,0.3800010466416125,65.26266193389893
18,64,0.019604451954364777,0.0951329842209816,-0.05174528621137142,0.20607418252138604,65.26266193389893
18,65,0.02316335216164589,0.05069715529680252,-0.014859514310956001,0.4568964871023032,65.26266193389893
18,66,0.0,0.159706711769104,-0.119780033826828,0.0,65.26266193389893
18,67,0.15925560891628265,0.8445148468017578,-0.4741305261850357,0.18857644660624645,65.26266193389893
18,68,0.011854651384055614,0.0664091408252716,-0.03795220423489809,0.1785093322479168,65.26266193389893
18,69,0.011493340134620667,0.01391244400292635,0.0010590071324259043,0.8261194173631199,65.26266193389893
18,70,0.2228337824344635,0.7801304459571838,-0.3622640520334244,0.28563656704972096,65.26266193389893
18,71,0.17029109597206116,0.40667295455932617,-0.13471361994743347,0.4187421220478532,65.26266193389893
18,72,0.14845436811447144,0.098853699862957,0.07431409321725368,1.5017583390280296,65.26266193389893
18,73,0.09064037352800369,0.2825133502483368,-0.1212446391582489,0.32083571784486487,65.26266193389893
18,74,0.07574726641178131,0.3417232036590576,-0.1805451363325119,0.22166263689583643,65.26266193389893
18,75,0.0,0.0,0.0,0.0,65.26266193389893
18,76,0.19303584098815918,0.556175947189331,-0.2240961194038391,0.34707693125409406,65.26266193389893
18,77,0.019423305988311768,0.06816627830266953,-0.031701402738690376,0.2849400975330374,65.26266193389893
18,78,0.03842907026410103,0.17995549738407135,-0.09653755277395248,0.21354763162288926,65.26266193389893
18,79,0.004125415813177824,0.0076875872910022736,-0.0016402746550738811,0.5366333618702022,65.26266193389893
18,80,0.2008388638496399,0.47081464529037476,-0.15227212011814117,0.42657735025499477,65.26266193389893
18,81,0.007557259406894445,0.04832039400935173,-0.028683036100119352,0.15639896076334656,65.26266193389893
18,82,0.017019962891936302,0.0262361541390419,-0.0026571527123451233,0.6487217143598136,65.26266193389893
18,83,0.07517807185649872,0.0,0.07517807185649872,75178071856.49872,65.26266193389893
18,84,0.09476602077484131,0.7766119837760925,-0.4876929670572281,0.12202492718943361,65.26266193389893
18,85,0.0,0.0,0.0,0.0,65.26266193389893
18,86,0.2419051229953766,0.33779311180114746,-0.011439710855484009,0.7161339723737928,65.26266193389893
18,87,0.0,0.0,0.0,0.0,65.26266193389893
18,88,0.028147658333182335,0.34214383363723755,-0.22846021689474583,0.08226849519358571,65.26266193389893
18,89,0.005576740019023418,0.015024326741695404,-0.005691505037248135,0.3711806934533518,65.26266193389893
18,90,0.0,0.19019131362438202,-0.14264348521828651,0.0,65.26266193389893
18,91,0.055314332246780396,0.21602003276348114,-0.10670069232583046,0.2560611233083536,65.26266193389893
18,92,0.005589750129729509,5.16060890731751e-06,0.005585879673049021,1083.1568807019298,65.26266193389893
18,93,0.06648104637861252,0.5132694840431213,-0.3184710666537285,0.12952464240577707,65.26266193389893
18,94,0.0,0.14015550911426544,-0.10511663183569908,0.0,65.26266193389893
18,95,0.0,0.1354922205209732,-0.1016191653907299,0.0,65.26266193389893
18,96,0.0,0.005727597512304783,-0.004295698134228587,0.0,65.26266193389893
18,97,0.36089104413986206,1.2832728624343872,-0.6015636026859283,0.2812270520978409,65.26266193389893
18,98,0.0085830707103014,1.4793825149536133,-1.1009538155049086,0.005801792723340875,65.26266193389893
18,99,0.016462231054902077,0.06906687468290329,-0.03533792495727539,0.2383520483624657,65.26266193389893
18,100,0.004236486274749041,0.4788808226585388,-0.3549241307191551,0.008846640070531658,65.26266193389893
18,101,0.051564667373895645,0.004145465791225433,0.04845556803047657,12.438811452889567,65.26266193389893
18,102,0.003238222561776638,0.05110932141542435,-0.03509376849979162,0.06335874693761855,65.26266193389893
18,103,0.025726469233632088,0.008014616556465626,0.01971550681628287,3.2099438630869805,65.26266193389893
18,104,0.013557693921029568,0.19146937131881714,-0.1300443345680833,0.07080868249357615,65.26266193389893
18,105,0.0,0.08242406696081161,-0.06181805022060871,0.0,65.26266193389893
18,106,0.012993953190743923,0.20507951080799103,-0.14081567991524935,0.0633605626397576,65.26266193389893
18,107,0.17024029791355133,0.6454901099205017,-0.31387728452682495,0.2637380422982071,65.26266193389893
18,108,0.022881051525473595,0.0,0.022881051525473595,22881051525.473595,65.26266193389893
18,109,0.0,0.0,0.0,0.0,65.26266193389893
18,110,0.565787672996521,1.5243902206420898,-0.5775049924850464,0.3711567191488764,65.26266193389893
18,111,0.10062297433614731,0.4564812183380127,-0.2417379394173622,0.220431794986619,65.26266193389893
18,112,0.03591842204332352,0.07909376919269562,-0.023401904851198196,0.45412454621250353,65.26266193389893
18,113,0.09983700513839722,0.3915337324142456,-0.193813294172287,0.25498953697433646,65.26266193389893
18,114,0.03137665614485741,0.1059851422905922,-0.04811220057308674,0.2960476861797497,65.26266193389893
18,115,0.02686431258916855,0.2959897220134735,-0.19512797892093658,0.09076096428731711,65.26266193389893
18,116,0.0,0.0,0.0,0.0,65.26266193389893
18,117,0.0362074039876461,0.23493781685829163,-0.13999595865607262,0.15411483971237952,65.26266193389893
18,118,0.032686490565538406,0.4175410568714142,-0.28046930208802223,0.07828329700167963,65.26266193389893
18,119,0.0868711993098259,2.187692165374756,-1.553897924721241,0.03970905993298421,65.26266193389893
18,120,0.0,0.0,0.0,0.0,65.26266193389893
18,121,0.03433647006750107,0.1981203556060791,-0.11425379663705826,0.17331116715537623,65.26266193389893
18,122,0.031031707301735878,0.0722736120223999,-0.02317350171506405,0.42936427878668626,65.26266193389893
18,123,0.008088057860732079,0.26468023657798767,-0.19042211957275867,0.030557845819056406,65.26266193389893
18,124,0.10173787921667099,0.5829636454582214,-0.3354848548769951,0.17451839408704192,65.26266193389893
18,125,0.0009950643870979548,0.09269386529922485,-0.06852533458732069,0.010734954075709915,65.26266193389893
18,126,0.023674143478274345,0.1403549760580063,-0.08159208856523037,0.16867334627538647,65.26266193389893
18,127,0.0,0.0,0.0,0.0,65.26266193389893
18,128,0.005727510899305344,0.012341426685452461,-0.0035285591147840023,0.46408823265081633,65.26266193389893
18,129,0.008485116064548492,0.08047288656234741,-0.05186954885721207,0.1054406822833315,65.26266193389893
18,130,0.011806068010628223,0.0436290018260479,-0.0209156833589077,0.27060137789604494,65.26266193389893
18,131,0.0,0.0,0.0,0.0,65.26266193389893
18,132,0.048676662147045135,0.011622794903814793,0.03995956596918404,4.188034164388517,65.26266193389893
18,133,0.0,0.0,0.0,0.0,65.26266193389893
18,134,0.07675331830978394,0.021687287837266922,0.060487852431833744,3.5390925265608253,65.26266193389893
18,135,0.004112082999199629,0.0,0.004112082999199629,4112082999.199629,65.26266193389893
18,136,0.0010111118899658322,0.014624815434217453,-0.009957499685697258,0.06913672821682336,65.26266193389893
18,137,0.0,0.047975026071071625,-0.03598126955330372,0.0,65.26266193389893
18,138,0.002085125772282481,0.5198997855186462,-0.3878397133667022,0.00401063018365813,65.26266193389893
18,139,0.007203231565654278,0.1393197625875473,-0.0972865903750062,0.05170286994335156,65.26266193389893
18,140,0.047733332961797714,0.03312946856021881,0.022886231541633606,1.4408119126207208,65.26266193389893
18,141,0.004693352617323399,0.026952851563692093,-0.015521286055445671,0.17413195060487158,65.26266193389893
18,142,0.0243625920265913,0.11345726251602173,-0.060730354860424995,0.2147292424135144,65.26266193389893
18,143,0.38484469056129456,0.5348080396652222,-0.01626133918762207,0.7195940636970961,65.26266193389893
18,144,0.2277735024690628,0.4025832414627075,-0.07416392862796783,0.5657798909883246,65.26266193389893
18,145,0.08128903806209564,1.4238827228546143,-0.986623004078865,0.05708970040669464,65.26266193389893
18,146,0.1603233367204666,0.2530483901500702,-0.02946295589208603,0.6335678983168137,65.26266193389893
18,147,0.0,0.0,0.0,0.0,65.26266193389893
18,148,0.04110884666442871,0.11622487753629684,-0.04605981148779392,0.35370092475457143,65.26266193389893
18,149,0.05523032322525978,0.15376271307468414,-0.060091711580753326,0.35919191408956636,65.26266193389893
18,150,0.007779544219374657,0.034774716943502426,-0.018301493488252163,0.22371265398910842,65.26266193389893
18,151,0.023496394976973534,0.09350471198558807,-0.04663213901221752,0.2512856783125941,65.26266193389893
18,152,0.02740984410047531,0.08899566531181335,-0.039336904883384705,0.3079907769005567,65.26266193389893
18,153,0.0024083720054477453,1.2149661415605806e-05,0.002399259759386041,198.22542578255326,65.26266193389893
18,154,0.06601011753082275,0.13221922516822815,-0.03315430134534836,0.4992474993431252,65.26266193389893
18,155,0.06365234404802322,0.18061691522598267,-0.07181034237146378,0.3524162948305857,65.26266193389893
18,156,0.2375093251466751,0.8884238600730896,-0.4288085699081421,0.2673378505692859,65.26266193389893
18,157,0.07219550013542175,0.24045023322105408,-0.1081421747803688,0.30025132089911394,65.26266193389893
18,158,0.0,0.20262004435062408,-0.15196503326296806,0.0,65.26266193389893
18,159,0.0,0.0,0.0,0.0,65.26266193389893
18,160,0.006476366892457008,0.1263849288225174,-0.08831232972443104,0.05124318977542441,65.26266193389893
18,161,0.011225482448935509,0.12394915521144867,-0.081736383959651,0.09056521950226323,65.26266193389893
18,162,0.0016105975955724716,0.006558679509907961,-0.003308412036858499,0.2455673574069037,65.26266193389893
18,163,0.0014564889715984464,0.01778148114681244,-0.011879621888510883,0.08191044151446465,65.26266193389893
18,164,0.4483192265033722,2.189091205596924,-1.1934991776943207,0.20479696111196025,65.26266193389893
18,165,0.004804531577974558,0.011396775022149086,-0.0037430496886372566,0.4215693973264903,65.26266193389893
18,166,0.39201682806015015,0.11915076524019241,0.30265375413000584,3.2900907288896146,65.26266193389893
18,167,0.01581740193068981,0.131158709526062,-0.0825516302138567,0.12059741962790661,65.26266193389893
18,168,0.031151730567216873,0.12285330891609192,-0.060988251119852066,0.25356851062302077,65.26266193389893
18,169,0.06918396800756454,0.45844462513923645,-0.2746495008468628,0.15091019550376764,65.26266193389893
18,170,0.3377036452293396,1.1180832386016846,-0.5008587837219238,0.3020380178951452,65.26266193389893
18,171,0.0,0.0,0.0,0.0,65.26266193389893
18,172,0.021222805604338646,0.012237414717674255,0.012044744566082954,1.734255648944602,65.26266193389893
18,173,0.0,0.0,0.0,0.0,65.26266193389893
18,174,0.0,0.07722309231758118,-0.05791731923818588,0.0,65.26266193389893
18,175,0.0,0.0,0.0,0.0,65.26266193389893
18,176,0.016549281775951385,0.002661491045728326,0.014553163491655141,6.21804901290005,65.26266193389893
18,177,0.007247980684041977,0.001928483135998249,0.00580161833204329,3.7583842684378928,65.26266193389893
18,178,0.0012090259697288275,0.0021193416323512793,-0.00038048025453463197,0.5704724291274432,65.26266193389893
18,179,0.17151351273059845,0.5592401027679443,-0.2479165643453598,0.30669029613825993,65.26266193389893
18,180,0.8930880427360535,2.843055009841919,-1.2392032146453857,0.31412970893778003,65.26266193389893
18,181,0.03738025948405266,0.03945333510637283,0.007790258154273033,0.9474549967023506,65.26266193389893
18,182,0.0,0.0,0.0,0.0,65.26266193389893
18,183,0.17207269370555878,0.6287396550178528,-0.2994820475578308,0.2736787672481055,65.26266193389893
18,184,0.0,0.09700222313404083,-0.07275166735053062,0.0,65.26266193389893
18,185,0.008886054158210754,0.019387394189834595,-0.005654491484165192,0.4583418519654201,65.26266193389893
18,186,0.06764595210552216,0.921779990196228,-0.6236890405416489,0.0733862232039213,65.26266193389893
18,187,0.10165159404277802,0.5554922819137573,-0.31496761739254,0.18299371089799749,65.26266193389893
18,188,0.04186525195837021,0.1816207468509674,-0.09435030817985535,0.23050919393307573,65.26266193389893
18,189,0.003332070540636778,0.009954890236258507,-0.004134097136557102,0.33471695430309456,65.26266193389893
18,190,0.017810825258493423,0.008886035531759262,0.011146298609673977,2.0043612466810456,65.26266193389893
18,191,0.07922729849815369,0.47500261664390564,-0.27702466398477554,0.16679339380856734,65.26266193389893
18,192,0.0,0.0,0.0,0.0,65.26266193389893
18,193,0.1597939282655716,0.5934155583381653,-0.28526774048805237,0.26927829245461365,65.26266193389893
18,194,0.009580785408616066,0.08104414492845535,-0.05120232328772545,0.11821687324797656,65.26266193389893
18,195,0.04391629621386528,0.18652378022670746,-0.09597653895616531,0.23544609786619403,65.26266193389893
18,196,0.3541420102119446,0.8640504479408264,-0.29389582574367523,0.4098626544960576,65.26266193389893
18,197,0.08564984053373337,0.12416074424982071,-0.007470717653632164,0.6898302764737754,65.26266193389893
18,198,0.003380813403055072,0.058449696749448776,-0.04045645915903151,0.0578414190494344,65.26266193389893
18,199,0.009731754660606384,0.1197633370757103,-0.08009074814617634,0.08125821222210135,65.26266193389893
18,200,0.022645894438028336,0.004514053463935852,0.019260354340076447,5.016753703503188,65.26266193389893
18,201,0.0,0.0,0.0,0.0,65.26266193389893
18,202,0.007126666605472565,0.17396318912506104,-0.12334572523832321,0.04096652079830683,65.26266193389893
18,203,0.3421350121498108,0.7438334822654724,-0.21574009954929352,0.45996183326854284,65.26266193389893
18,204,0.020347436890006065,0.03596145287156105,-0.0066236527636647224,0.5658124259359767,65.26266193389893
18,205,0.039435964077711105,0.0038735370617359877,0.036530811281409115,10.180866592730206,65.26266193389893
18,206,0.03557131811976433,0.004800052382051945,0.03197127883322537,7.410610401953062,65.26266193389893
18,207,0.02326466701924801,0.6033340096473694,-0.42923584021627903,0.03856017835428662,65.26266193389893
18,208,0.006571789737790823,0.031187843531370163,-0.0168190929107368,0.21071638797244507,65.26266193389893
18,209,0.0,0.0,0.0,0.0,65.26266193389893
18,210,0.023131156340241432,0.19775332510471344,-0.12518383748829365,0.11696974666735013,65.26266193389893
18,211,0.09610112011432648,0.023016447201371193,0.07883878471329808,4.175323813851948,65.26266193389893
18,212,0.0,0.06292878091335297,-0.047196585685014725,0.0,65.26266193389893
18,213,0.0,0.4369718134403229,-0.32772886008024216,0.0,65.26266193389893
18,214,0.0,0.0306673813611269,-0.023000536020845175,0.0,65.26266193389893
18,215,0.019044460728764534,0.2020493447780609,-0.13249254785478115,0.09425648348223784,65.26266193389893
18,216,0.18590609729290009,0.5783177018165588,-0.24783217906951904,0.3214601536640282,65.26266193389893
18,217,0.021368538960814476,0.10471715778112411,-0.05716932937502861,0.20405957737388306,65.26266193389893
18,218,0.03046751208603382,0.16824936866760254,-0.09571951441466808,0.18108544672191357,65.26266193389893
18,219,0.047562431544065475,0.17856357991695404,-0.08636025339365005,0.2663613238820556,65.26266193389893
18,220,0.0,0.051940809935331345,-0.03895560745149851,0.0,65.26266193389893
18,221,0.04060283675789833,0.1483602225780487,-0.0706673301756382,0.27367737828961863,65.26266193389893
18,222,0.15222212672233582,0.370801717042923,-0.12587916105985641,0.4105216338690915,65.26266193389893
18,223,0.0,0.0,0.0,0.0,65.26266193389893
18,224,0.00850591529160738,0.016773071140050888,-0.004073888063430786,0.5071173442286168,65.26266193389893
18,225,0.0011825761757791042,0.029532061889767647,-0.02096647024154663,0.04004380663135488,65.26266193389893
18,226,0.006416968535631895,0.0,0.006416968535631895,6416968535.631895,65.26266193389893
18,227,0.0842972993850708,0.1355324685573578,-0.01735205203294754,0.6219712536909481,65.26266193389893
18,228,0.021158570423722267,0.0,0.021158570423722267,21158570423.722267,65.26266193389893
18,229,0.0,0.19742433726787567,-0.14806825295090675,0.0,65.26266193389893
18,230,0.22023256123065948,0.7557060122489929,-0.3465469479560852,0.29142623938501233,65.26266193389893
18,231,0.003593622939661145,0.013962292112410069,-0.006878096144646406,0.2573805869746597,65.26266193389893
18,232,0.005772018805146217,0.12790513038635254,-0.09015682898461819,0.04512734389673054,65.26266193389893
18,233,0.010030885227024555,0.0,0.010030885227024555,10030885227.024555,65.26266193389893
18,234,0.004209626000374556,0.03416364639997482,-0.02141310879960656,0.12321945822078402,65.26266193389893
18,235,0.0,0.14200779795646667,-0.10650584846735,0.0,65.26266193389893
18,236,0.007747364230453968,0.0,0.007747364230453968,7747364230.453968,65.26266193389893
18,237,0.0,0.0,0.0,0.0,65.26266193389893
18,238,0.010823197662830353,0.030398419126868248,-0.011975616682320833,0.35604475408091235,65.26266193389893
18,239,0.0,0.0,0.0,0.0,65.26266193389893
18,240,0.3110726773738861,1.1419264078140259,-0.5453721284866333,0.27241044190325353,65.26266193389893
18,241,0.15772311389446259,0.574889063835144,-0.27344368398189545,0.27435399943425803,65.26266193389893
18,242,0.08783065527677536,6.967581157368841e-06,0.08782542959090733,12605.614586673599,65.26266193389893
18,243,1.1559274071260006e-07,0.01234118826687336,-0.009255775607414307,9.366419035475833e-06,65.26266193389893
18,244,0.00927630253136158,0.0,0.00927630253136158,9276302531.36158,65.26266193389893
18,245,0.14129048585891724,0.544609785079956,-0.2671668529510498,0.2594343504825468,65.26266193389893
18,246,0.0,0.0,0.0,0.0,65.26266193389893
18,247,0.050256915390491486,0.24766184389591217,-0.13548946753144264,0.2029255479960435,65.26266193389893
18,248,0.2580488920211792,0.11853309720754623,0.16914906911551952,2.1770197362443833,65.26266193389893
18,249,0.06276299059391022,0.21407993137836456,-0.0977969579398632,0.2931754984669246,65.26266193389893
18,250,0.03741249442100525,0.35051584243774414,-0.22547438740730286,0.10673553058459384,65.26266193389893
18,251,0.007546513807028532,0.03736872598528862,-0.020480030681937933,0.20194731310340922,65.26266193389893
18,252,0.012245125137269497,0.10615652054548264,-0.06737226527184248,0.11534972203528221,65.26266193389893
18,253,0.0,0.0,0.0,0.0,65.26266193389893
18,254,0.015885252505540848,0.0,0.015885252505540848,15885252505.540848,65.26266193389893
18,255,0.006873822305351496,0.01747087389230728,-0.006229333113878965,0.39344467525374965,65.26266193389893
19,0,0.0030140988528728485,0.0,0.0030140988528728485,3014098852.8728485,65.2833104133606
19,1,0.0,0.0,0.0,0.0,65.2833104133606
19,2,0.07324054837226868,0.18348099291324615,-0.06437019631266594,0.3991724004158798,65.2833104133606
19,3,0.0,0.009069018997251987,-0.006801764247938991,0.0,65.2833104133606
19,4,0.044995296746492386,0.3282729685306549,-0.2012094296514988,0.13706671294853678,65.2833104133606
19,5,0.44473063945770264,3.1931159496307373,-1.9501063227653503,0.13927794870994067,65.2833104133606
19,6,0.1091083362698555,0.33463284373283386,-0.1418662965297699,0.3260538775943942,65.2833104133606
19,7,0.14360813796520233,0.7011799216270447,-0.3822768032550812,0.20480925584943122,65.2833104133606
19,8,0.01909024640917778,0.0,0.01909024640917778,19090246409.17778,65.2833104133606
19,9,0.14304094016551971,0.3460274636745453,-0.11647965759038925,0.4133803098925203,65.2833104133606
19,10,0.19268253445625305,0.6255253553390503,-0.27646148204803467,0.3080331321685694,65.2833104133606
19,11,0.004700817633420229,0.00198351894505322,0.003213178424630314,2.3699383576717805,65.2833104133606
19,12,0.012236092239618301,0.0,0.012236092239618301,12236092239.618301,65.2833104133606
19,13,0.0,0.17155204713344574,-0.1286640353500843,0.0,65.2833104133606
19,14,0.007549150846898556,0.0044382112100720406,0.004220492439344525,1.700944476924764,65.2833104133606
19,15,0.019339390099048615,0.06370826810598373,-0.028441810980439186,0.3035616988767054,65.2833104133606
19,16,0.0,0.0,0.0,0.0,65.2833104133606
19,17,0.0,0.1510958969593048,-0.11332192271947861,0.0,65.2833104133606
19,18,0.07525408267974854,0.2204221785068512,-0.09006255120038986,0.3414088509113799,65.2833104133606
19,19,0.14202553033828735,0.7021152973175049,-0.3845609426498413,0.202282347188142,65.2833104133606
19,20,0.010076513513922691,0.047943055629730225,-0.025880778208374977,0.21017670612266762,65.2833104133606
19,21,0.05029856413602829,0.05096526816487312,0.012074613012373447,0.9869184632233278,65.2833104133606
19,22,0.003473365679383278,0.5283360481262207,-0.39277867041528225,0.0065741599341843674,65.2833104133606
19,23,0.0,0.0,0.0,0.0,65.2833104133606
19,24,0.028222689405083656,0.07939314097166061,-0.031322166323661804,0.35548019714703394,65.2833104133606
19,25,0.6327157020568848,1.942736029624939,-0.8243363201618195,0.32568279601975053,65.2833104133606
19,26,0.0,0.15592537820339203,-0.11694403365254402,0.0,65.2833104133606
19,27,0.0,0.0,0.0,0.0,65.2833104133606
19,28,0.058841854333877563,0.0011342851212248206,0.05799114049295895,51.87571729625034,65.2833104133606
19,29,0.02666505053639412,0.005698694381862879,0.02239102974999696,4.679150827351137,65.2833104133606
19,30,0.0,0.08453618735074997,-0.06340214051306248,0.0,65.2833104133606
19,31,0.00293814018368721,0.0,0.00293814018368721,2938140183.68721,65.2833104133606
19,32,7.912106411822606e-06,0.06805110722780228,-0.051030418314439885,0.00011626712237348942,65.2833104133606
19,33,0.12488538771867752,0.3154648244380951,-0.1117132306098938,0.39587737853412686,65.2833104133606
19,34,0.04534868896007538,0.12929461896419525,-0.05162227526307106,0.35073918251990643,65.2833104133606
19,35,0.05135943740606308,0.1407659649848938,-0.05421503633260727,0.36485692696533445,65.2833104133606
19,36,0.007514962926506996,0.06653007119894028,-0.04238259047269821,0.11295588282060551,65.2833104133606
19,37,0.012521226890385151,0.428533673286438,-0.30887902807444334,0.029218770124481132,65.2833104133606
19,38,0.03684723377227783,0.21451403200626373,-0.12403829023241997,0.17177073885325195,65.2833104133606
19,39,0.00478840759024024,0.13761605322360992,-0.0984236323274672,0.03479541432876908,65.2833104133606
19,40,0.053109750151634216,1.1453200578689575,-0.8058802932500839,0.04637109931559797,65.2833104133606
19,41,0.007459352724254131,0.5086826086044312,-0.37405260372906923,0.014664060846711811,65.2833104133606
19,42,0.025147102773189545,0.15550264716148376,-0.09147988259792328,0.1617149497584661,65.2833104133606
19,43,0.0,0.008652342483401299,-0.006489256862550974,0.0,65.2833104133606
19,44,0.0,0.2833317518234253,-0.21249881386756897,0.0,65.2833104133606
19,45,0.0,0.0,0.0,0.0,65.2833104133606
19,46,0.033316392451524734,0.6730191111564636,-0.471447940915823,0.04950289211583745,65.2833104133606
19,47,0.007688808720558882,0.04631908982992172,-0.02705050865188241,0.16599654156904403,65.2833104133606
19,48,0.007301484700292349,0.17471249401569366,-0.1237328858114779,0.04179142849162634,65.2833104133606
19,49,0.008850602433085442,0.007180578075349331,0.0034651688765734434,1.2325751964506408,65.2833104133606
19,50,3.585489321267232e-05,0.10893146693706512,-0.08166274530958617,0.00032915092599513274,65.2833104133606
19,51,0.033953022211790085,0.061795517802238464,-0.012393616139888763,0.5494415035067598,65.2833104133606
19,52,0.004662087187170982,0.02060641348361969,-0.010792722925543785,0.22624447435506875,65.2833104133606
19,53,0.06740517169237137,0.03552151843905449,0.0407640328630805,1.8975870022595795,65.2833104133606
19,54,0.020278824493288994,0.07949891686439514,-0.03934536315500736,0.2550830287112516,65.2833104133606
19,55,0.0022163093090057373,0.0,0.0022163093090057373,2216309309.0057373,65.2833104133606
19,56,0.00034647106076590717,0.037014350295066833,-0.027414291660534218,0.00936045231091692,65.2833104133606
19,57,0.0,0.0,0.0,0.0,65.2833104133606
19,58,0.312506765127182,0.06530896574258804,0.263525040820241,4.785051509682857,65.2833104133606
19,59,0.013103227131068707,0.21692848205566406,-0.14959313441067934,0.0604034426776932,65.2833104133606
19,60,0.0033938053529709578,0.00428050709888339,0.00018342502880841494,0.7928512378973537,65.2833104133606
19,61,0.03546550124883652,0.2687380015850067,-0.16608799993991852,0.13197054766921815,65.2833104133606
19,62,0.06194581091403961,0.16017629206180573,-0.05818640813231468,0.38673520354529384,65.2833104133606
19,63,0.1444350779056549,0.20356296002864838,-0.008237142115831375,0.7095351624117587,65.2833104133606
19,64,0.10653285682201385,0.3348025977611542,-0.14456909149885178,0.3181960281493857,65.2833104133606
19,65,0.005650542210787535,0.0,0.005650542210787535,5650542210.787535,65.2833104133606
19,66,1.5267431081156246e-05,1.5414296967719565e-06,1.4111358808577279e-05,9.904714570125725,65.2833104133606
19,67,0.025503182783722878,0.029409002512693405,0.0034464308992028236,0.8671896563594124,65.2833104133606
19,68,0.0,0.0003705004055518657,-0.00027787530416389927,0.0,65.2833104133606
19,69,0.02134113572537899,0.22291190922260284,-0.14584279619157314,0.09573797918518434,65.2833104133606
19,70,0.004864147398620844,0.028562558814883232,-0.01655777171254158,0.17029802651700662,65.2833104133606
19,71,0.0,0.11254087090492249,-0.08440565317869186,0.0,65.2833104133606
19,72,0.03247194364666939,0.06202775985002518,-0.014048876240849495,0.5235066319444504,65.2833104133606
19,73,0.0005372912273742259,0.0,0.0005372912273742259,537291227.3742259,65.2833104133606
19,74,0.011818772181868553,0.08535320311784744,-0.05219613015651703,0.13846899413267322,65.2833104133606
19,75,0.16889840364456177,0.8788045644760132,-0.4902050197124481,0.19219108601816967,65.2833104133606
19,76,0.08797646313905716,0.23116886615753174,-0.08540018647909164,0.38057228294196144,65.2833104133606
19,77,0.01424434594810009,0.059259817004203796,-0.030200516805052757,0.24037107551056475,65.2833104133606
19,78,0.0,0.02709779515862465,-0.020323346368968487,0.0,65.2833104133606
19,79,0.17681491374969482,0.5032368302345276,-0.20061270892620087,0.351355272758834,65.2833104133606
19,80,0.0,0.02609127014875412,-0.01956845261156559,0.0,65.2833104133606
19,81,0.01203694473952055,0.00691648805513978,0.006849578698165715,1.7403261079639007,65.2833104133606
19,82,0.021062718704342842,0.03538233041763306,-0.00547402910888195,0.5952891868663005,65.2833104133606
19,83,0.016167959198355675,0.13476333022117615,-0.08490453846752644,0.11997298650679333,65.2833104133606
19,84,0.11169975996017456,0.3230724036693573,-0.13060454279184341,0.3457421887204763,65.2833104133606
19,85,0.08106343448162079,0.2805895209312439,-0.12937870621681213,0.2889039983114544,65.2833104133606
19,86,0.04018300026655197,0.18740716576576233,-0.10037237405776978,0.21441549527813542,65.2833104133606
19,87,0.07671495527029037,1.9228427845519036e-05,0.07670053394940624,3989.6632162002106,65.2833104133606
19,88,0.022843390703201294,0.17072291672229767,-0.10519879683852196,0.13380389195332892,65.2833104133606
19,89,0.0,0.0,0.0,0.0,65.2833104133606
19,90,0.0,0.09358488023281097,-0.07018866017460823,0.0,65.2833104133606
19,91,0.0008708560490049422,0.09611611068248749,-0.07121622696286067,0.009060458676617603,65.2833104133606
19,92,0.0,0.0,0.0,0.0,65.2833104133606
19,93,0.02244730480015278,0.007160339504480362,0.017077050171792507,3.13494978596645,65.2833104133606
19,94,0.02845686301589012,0.06604624539613724,-0.021077821031212807,0.43086269090360096,65.2833104133606
19,95,0.009034804999828339,0.7597523331642151,-0.560779444873333,0.011891776576964639,65.2833104133606
19,96,0.012574934400618076,0.09339870512485504,-0.057474094443023205,0.13463713853070353,65.2833104133606
19,97,0.050683118402957916,0.5477333664894104,-0.3601169064640999,0.09253246470579088,65.2833104133606
19,98,0.05533204227685928,0.37229275703430176,-0.22388752549886703,0.14862508397286,65.2833104133606
19,99,0.014104331843554974,0.05516468733549118,-0.02726918365806341,0.25567682016435583,65.2833104133606
19,100,0.08799973875284195,0.349168062210083,-0.1738763079047203,0.2520268841187524,65.2833104133606
19,101,0.0,0.39467349648475647,-0.29600512236356735,0.0,65.2833104133606
19,102,4.046359208587091e-06,0.0,4.046359208587091e-06,4046359.2085870914,65.2833104133606
19,103,0.05160988122224808,0.012319754809141159,0.04237006511539221,4.189197108027244,65.2833104133606
19,104,0.04669435694813728,0.06748195737600327,-0.003917111083865166,0.6919532088743168,65.2833104133606
19,105,0.029572967439889908,0.0730709582567215,-0.025230251252651215,0.4047157467893873,65.2833104133606
19,106,0.05280159413814545,0.16351944208145142,-0.06983798742294312,0.3229071324223409,65.2833104133606
19,107,0.0,0.0,0.0,0.0,65.2833104133606
19,108,0.0,0.0,0.0,0.0,65.2833104133606
19,109,0.18234825134277344,0.6594727039337158,-0.3122562766075134,0.2765061393061462,65.2833104133606
19,110,0.0464746356010437,0.3746505677700043,-0.2345132902264595,0.12404795187565325,65.2833104133606
19,111,0.009483007714152336,0.05658376216888428,-0.03295481391251087,0.16759238605734672,65.2833104133606
19,112,0.000552756420802325,0.0,0.000552756420802325,552756420.802325,65.2833104133606
19,113,0.014318807050585747,0.0,0.014318807050585747,14318807050.585747,65.2833104133606
19,114,0.0,0.0,0.0,0.0,65.2833104133606
19,115,0.0019722599536180496,0.11081676185131073,-0.081140311434865,0.017797487678322052,65.2833104133606
19,116,0.005344311706721783,0.019208131358027458,-0.009061786811798811,0.2782317346143126,65.2833104133606
19,117,0.1329846978187561,0.13306061923503876,0.033189233392477036,0.9994294223360859,65.2833104133606
19,118,0.0,0.0,0.0,0.0,65.2833104133606
19,119,0.03413749486207962,0.11797920614480972,-0.05434690974652767,0.28935179322947224,65.2833104133606
19,120,0.13099265098571777,0.2974953055381775,-0.09212882816791534,0.4403183799768135,65.2833104133606
19,121,0.0010463357903063297,0.004760382231324911,-0.0025239508831873536,0.21980079313826703,65.2833104133606
19,122,0.03073825314640999,0.37736037373542786,-0.2522820271551609,0.08145596434001709,65.2833104133606
19,123,0.18579809367656708,0.46157923340797424,-0.1603863313794136,0.4025269774473236,65.2833104133606
19,124,0.1405985802412033,0.08623197674751282,0.0759245976805687,1.6304691779390075,65.2833104133606
19,125,0.0,0.024780739098787308,-0.01858555432409048,0.0,65.2833104133606
19,126,0.007611527107656002,0.07300565391778946,-0.04714271333068609,0.10425941963512805,65.2833104133606
19,127,0.021632034331560135,0.07768075168132782,-0.03662852942943573,0.27847354541603087,65.2833104133606
19,128,0.004369949456304312,0.0048185354098677635,0.0007560478989034891,0.9069040867580411,65.2833104133606
19,129,0.006964193657040596,0.010411752387881279,-0.0008446206338703632,0.668878148166265,65.2833104133606
19,130,0.06988425552845001,0.8863043785095215,-0.5948440283536911,0.07884904692211267,65.2833104133606
19,131,0.0827997550368309,0.22574248909950256,-0.08650711178779602,0.3667885269040677,65.2833104133606
19,132,0.000811318401247263,0.7562065124511719,-0.5663435659371316,0.001072879415725181,65.2833104133606
19,133,0.004650029353797436,0.013001319952309132,-0.005100960610434413,0.3576582508927409,65.2833104133606
19,134,0.012010188773274422,0.00956718809902668,0.004834797699004412,1.2553520060132326,65.2833104133606
19,135,0.00899297371506691,0.03215906023979187,-0.015126321464776993,0.27964043873582645,65.2833104133606
19,136,0.05179683491587639,1.207822322845459,-0.8540699072182178,0.042884482209111244,65.2833104133606
19,137,0.29261255264282227,1.2308542728424072,-0.6305281519889832,0.2377312725793732,65.2833104133606
19,138,0.11613297462463379,0.4324013292789459,-0.20816802233457565,0.2685768214867046,65.2833104133606
19,139,0.0,0.0,0.0,0.0,65.2833104133606
19,140,0.012644142843782902,0.09781557321548462,-0.06071753706783056,0.1292651305717852,65.2833104133606
19,141,0.0,0.0,0.0,0.0,65.2833104133606
19,142,0.04509662091732025,0.17821623384952545,-0.08856555446982384,0.25304440534381367,65.2833104133606
19,143,0.0,0.0,0.0,0.0,65.2833104133606
19,144,0.0,0.36231666803359985,-0.2717375010251999,0.0,65.2833104133606
19,145,0.006632582284510136,2.3367872472590534e-06,0.006630829694074691,2838.332609850231,65.2833104133606
19,146,0.05232738330960274,1.2948125913680997e-05,0.05231767221516748,4041.3091143178094,65.2833104133606
19,147,0.05483115091919899,0.12563197314739227,-0.039392828941345215,0.4364426470834321,65.2833104133606
19,148,0.007175104692578316,0.06197996810078621,-0.03930987138301134,0.11576489811667934,65.2833104133606
19,149,0.027297556400299072,0.18719914555549622,-0.11310180276632309,0.14582094549176636,65.2833104133606
19,150,0.33149564266204834,0.22401173412799835,0.16348684206604958,1.479813742574551,65.2833104133606
19,151,0.023537246510386467,0.35653966665267944,-0.24386750347912312,0.06601578649381835,65.2833104133606
19,152,0.0197956133633852,0.049622535705566406,-0.017421288415789604,0.3989238575078642,65.2833104133606
19,153,0.00839363131672144,0.06774896383285522,-0.04241809155791998,0.12389313196443322,65.2833104133606
19,154,0.03763575106859207,0.04641767218708992,0.0028224969282746315,0.8108065160201817,65.2833104133606
19,155,0.00320038222707808,0.014273928478360176,-0.007505064131692052,0.2242117320193786,65.2833104133606
19,156,0.0011578152189031243,0.004999073222279549,-0.002591489697806537,0.23160597318547801,65.2833104133606
19,157,0.05341966450214386,0.25683605670928955,-0.1392073780298233,0.2079912968076796,65.2833104133606
19,158,0.016279103234410286,0.10038717091083527,-0.059011274948716164,0.1621631836672373,65.2833104133606
19,159,0.014804709702730179,0.19614802300930023,-0.132306307554245,0.07547723130481282,65.2833104133606
19,160,0.0,0.0,0.0,0.0,65.2833104133606
19,161,0.0,0.0,0.0,0.0,65.2833104133606
19,162,0.051563847810029984,0.07751868665218353,-0.006575167179107666,0.6651795849009312,65.2833104133606
19,163,0.1524808406829834,0.4843449294567108,-0.2107778564095497,0.3148186992557271,65.2833104133606
19,164,0.003148025134578347,0.013125386089086533,-0.006696014432236552,0.23984247876380702,65.2833104133606
19,165,0.0027539320290088654,0.30120596289634705,-0.22315054014325142,0.009143019621917058,65.2833104133606
19,166,0.05593094602227211,0.05487549677491188,0.0147743234410882,1.0192335251318132,65.2833104133606
19,167,1.0092620849609375,3.1874053478240967,-1.381291925907135,0.31664064492129945,65.2833104133606
19,168,0.036866214126348495,0.0,0.036866214126348495,36866214126.348495,65.2833104133606
19,169,0.16859181225299835,0.4610525667667389,-0.17719761282205582,0.36566722409752606,65.2833104133606
19,170,0.6855456233024597,2.1616647243499756,-0.935702919960022,0.3171378130844458,65.2833104133606
19,171,0.014371389523148537,0.0679159089922905,-0.036565542221069336,0.2116056419795295,65.2833104133606
19,172,0.02265211008489132,0.06317002326250076,-0.024725407361984253,0.3585895479316621,65.2833104133606
19,173,0.05025429278612137,0.04364651069045067,0.017519409768283367,1.1513931352126394,65.2833104133606
19,174,0.03595254197716713,0.67807936668396,-0.47260698303580284,0.05302114139371964,65.2833104133606
19,175,0.0436803363263607,0.035756662487983704,0.016862839460372925,1.2215999281201988,65.2833104133606
19,176,0.0,0.08803460747003555,-0.06602595560252666,0.0,65.2833104133606
19,177,0.0030720687936991453,0.0,0.0030720687936991453,3072068793.6991453,65.2833104133606
19,178,0.0,0.004881789907813072,-0.003661342430859804,0.0,65.2833104133606
19,179,0.017161794006824493,1.4069358110427856,-1.0380400642752647,0.01219799359154303,65.2833104133606
19,180,0.02963230013847351,0.11661434918642044,-0.05782846175134182,0.25410509379809704,65.2833104133606
19,181,0.015729527920484543,0.22848448157310486,-0.1556338332593441,0.06884287200653035,65.2833104133606
19,182,0.011275227181613445,0.10261131823062897,-0.06568326149135828,0.1098828801337625,65.2833104133606
19,183,0.002437626477330923,0.049507640302181244,-0.03469310374930501,0.04923737957218468,65.2833104133606
19,184,0.11242683231830597,0.6952036023139954,-0.40897586941719055,0.1617178506324333,65.2833104133606
19,185,0.21214540302753448,0.32664182782173157,-0.03283596783876419,0.6494740873868295,65.2833104133606
19,186,0.055681921541690826,0.9712463021278381,-0.6727528050541878,0.057330382025284135,65.2833104133606
19,187,0.08237823843955994,0.8139628171920776,-0.5280938744544983,0.1012063901440098,65.2833104133606
19,188,0.008342632092535496,0.011671946384012699,-0.0004113276954740286,0.7147592884120688,65.2833104133606
19,189,0.07822924107313156,0.28431767225265503,-0.1350090131163597,0.2751473042566945,65.2833104133606
19,190,0.06744928658008575,0.13048012554645538,-0.030410807579755783,0.5169314966328307,65.2833104133606
19,191,0.11392731964588165,0.3925376236438751,-0.1804758980870247,0.2902328663123272,65.2833104133606
19,192,0.00768967205658555,0.038109879940748215,-0.02089273789897561,0.20177633905799186,65.2833104133606
19,193,0.06860417872667313,0.05867728218436241,0.024596217088401318,1.1691778516590374,65.2833104133606
19,194,0.022494150325655937,0.09631031006574631,-0.04973858222365379,0.23355911023510076,65.2833104133606
19,195,0.0013705268502235413,0.3528701663017273,-0.26328209787607193,0.0038839408402912886,65.2833104133606
19,196,0.10510271042585373,0.3361697196960449,-0.14702457934617996,0.3126477617334838,65.2833104133606
19,197,0.9667225480079651,2.6543350219726562,-1.024028718471527,0.36420517380249506,65.2833104133606
19,198,0.02082039788365364,0.10730919241905212,-0.05966149643063545,0.19402250090704323,65.2833104133606
19,199,0.07182791084051132,0.03462277352809906,0.04586083069443703,2.074585699500441,65.2833104133606
19,200,0.00785388145595789,0.5350307822227478,-0.39341920521110296,0.014679307652757495,65.2833104133606
19,201,0.0,0.0,0.0,0.0,65.2833104133606
19,202,0.04931586608290672,0.0,0.04931586608290672,49315866082.90672,65.2833104133606
19,203,0.0754966139793396,0.21323446929454803,-0.08442923799157143,0.3540544557770325,65.2833104133606
19,204,0.14145351946353912,0.41568684577941895,-0.17031161487102509,0.34028865935839614,65.2833104133606
19,205,0.0,0.0,0.0,0.0,65.2833104133606
19,206,0.8332446813583374,2.862835645675659,-1.313882052898407,0.29105571694856824,65.2833104133606
19,207,0.0523284375667572,0.2214181125164032,-0.1137351468205452,0.23633313901835493,65.2833104133606
19,208,0.03838968649506569,0.0017925843130797148,0.0370452482602559,21.415833103936517,65.2833104133606
19,209,0.0,0.0,0.0,0.0,65.2833104133606
19,210,0.08802525699138641,5.627278005704284e-05,0.08798305240634363,1564.2599377158308,65.2833104133606
19,211,0.006966272834688425,0.015969933941960335,-0.005011177621781826,0.4362117501280718,65.2833104133606
19,212,0.04167900234460831,0.0,0.04167900234460831,41679002344.60831,65.2833104133606
19,213,0.02974282205104828,0.0,0.02974282205104828,29742822051.04828,65.2833104133606
19,214,0.013855443336069584,0.02000838704407215,-0.0011508469469845295,0.6924817730113848,65.2833104133606
19,215,0.00034393477835692465,0.0019854367710649967,-0.0011451427999418229,0.17322877424054547,65.2833104133606
19,216,0.032712794840335846,0.14675182104110718,-0.07735107094049454,0.22291236052838917,65.2833104133606
19,217,0.0,0.03463497757911682,-0.025976233184337616,0.0,65.2833104133606
19,218,0.41931605339050293,0.5344662070274353,0.018466398119926453,0.7845511051518997,65.2833104133606
19,219,0.0,0.0,0.0,0.0,65.2833104133606
19,220,0.0,0.0,0.0,0.0,65.2833104133606
19,221,0.0,0.320883184671402,-0.24066238850355148,0.0,65.2833104133606
19,222,0.011145518161356449,0.0,0.011145518161356449,11145518161.35645,65.2833104133606
19,223,0.15889081358909607,0.5666968822479248,-0.26613184809684753,0.28038060304574325,65.2833104133606
19,224,0.02628740854561329,0.3678242266178131,-0.24958076141774654,0.07146731140375832,65.2833104133606
19,225,0.20026622712612152,0.8072862029075623,-0.40519842505455017,0.24807339256460054,65.2833104133606
19,226,0.06005619838833809,0.23515257239341736,-0.11630823090672493,0.2553924789204809,65.2833104133606
19,227,0.09093976765871048,0.6849254369735718,-0.42275431007146835,0.1327732374204211,65.2833104133606
19,228,0.04598688334226608,0.3629573881626129,-0.2262311577796936,0.12670050215794545,65.2833104133606
19,229,0.0008784709498286247,0.0069069876335561275,-0.004301769775338471,0.12718582923669575,65.2833104133606
19,230,0.13121114671230316,0.12992854416370392,0.03376473858952522,1.0098715994691154,65.2833104133606
19,231,0.037155743688344955,0.15044620633125305,-0.07567891106009483,0.2469702931976119,65.2833104133606
19,232,0.0,0.0,0.0,0.0,65.2833104133606
19,233,0.014896410517394543,0.011184309609234333,0.006508178310468793,1.3319025524618353,65.2833104133606
19,234,0.00614103814586997,0.04084104299545288,-0.02448974410071969,0.15036438090974638,65.2833104133606
19,235,0.3043298125267029,0.7945504188537598,-0.29158300161361694,0.3830213983970387,65.2833104133606
19,236,0.052291229367256165,0.25538066029548645,-0.13924426585435867,0.20475798483153815,65.2833104133606
19,237,0.005969385150820017,0.022274397313594818,-0.010736412834376097,0.2679931163349011,65.2833104133606
19,238,0.9522274136543274,2.5328145027160645,-0.947383463382721,0.3759562386557839,65.2833104133606
19,239,0.0037322742864489555,0.0,0.0037322742864489555,3732274286.4489555,65.2833104133606
19,240,0.05222586542367935,0.16263125836849213,-0.06974757835268974,0.32113054985422385,65.2833104133606
19,241,0.06609775125980377,0.1873038113117218,-0.07438010722398758,0.35289058346734437,65.2833104133606
19,242,0.008904696442186832,0.06761350482702255,-0.04180543217808008,0.13169996829533176,65.2833104133606
19,243,0.01267511211335659,0.054871607571840286,-0.028478593565523624,0.23099582232087493,65.2833104133606
19,244,0.004546901676803827,0.0,0.004546901676803827,4546901676.803827,65.2833104133606
19,245,0.0015199737390503287,0.010836875066161156,-0.006607682560570538,0.1402594133115261,65.2833104133606
19,246,0.0,2.04517891688738e-06,-1.5338841876655351e-06,0.0,65.2833104133606
19,247,0.10705886036157608,0.29363304376602173,-0.11316592246294022,0.3646008602714351,65.2833104133606
19,248,0.002810980658978224,0.0066244518384337425,-0.002157358219847083,0.42433407731114337,65.2833104133606
19,249,0.2679818868637085,0.2665077745914459,0.06810105592012405,1.0055312167666286,65.2833104133606
19,250,0.05400216579437256,0.05718034878373146,0.011116904206573963,0.9444182650524938,65.2833104133606
19,251,0.005812148097902536,0.0,0.005812148097902536,5812148097.902536,65.2833104133606
19,252,0.015114108100533485,0.0,0.015114108100533485,15114108100.533485,65.2833104133606
19,253,0.003612093161791563,0.0876101404428482,-0.06209551217034459,0.04122916757685892,65.2833104133606
19,254,0.014481444843113422,0.05490261688828468,-0.02669551782310009,0.26376602179667247,65.2833104133606
19,255,0.02603764645755291,1.0200927257537842,-0.7390318978577852,0.02552478397322871,65.2833104133606
20,0,0.003504520747810602,0.01233739871531725,-0.005748528288677335,0.2840566985304267,65.30143356323242
20,1,0.0,0.0,0.0,0.0,65.30143356323242
20,2,0.0,0.0,0.0,0.0,65.30143356323242
20,3,0.027479734271764755,0.327227383852005,-0.217940803617239,0.08397748974489563,65.30143356323242
20,4,0.23706459999084473,1.0961410999298096,-0.5850412249565125,0.21627197448011817,65.30143356323242
20,5,0.07235489040613174,0.6080543994903564,-0.3836859092116356,0.11899410721583024,65.30143356323242
20,6,0.058021098375320435,0.17927291989326477,-0.07643359154462814,0.3236467527250702,65.30143356323242
20,7,0.08665458858013153,0.1167726144194603,-0.0009248722344636917,0.742079716294751,65.30143356323242
20,8,0.006986383814364672,0.2438724786043167,-0.17591797513887286,0.028647692656092766,65.30143356323242
20,9,0.0,0.0,0.0,0.0,65.30143356323242
20,10,0.002367944223806262,0.0,0.002367944223806262,2367944223.806262,65.30143356323242
20,11,0.12511372566223145,0.12563081085681915,0.03089061751961708,0.9958840893244499,65.30143356323242
20,12,0.0,0.09396202862262726,-0.07047152146697044,0.0,65.30143356323242
20,13,0.06135256960988045,0.2000538557767868,-0.08868782222270966,0.3066802655282428,65.30143356323242
20,14,0.022890346124768257,0.09480113536119461,-0.0482105053961277,0.24145645552992617,65.30143356323242
20,15,0.014086074195802212,0.05991753935813904,-0.030852080322802067,0.23509099917090814,65.30143356323242
20,16,0.0032603656873106956,0.31185540556907654,-0.2306311884894967,0.010454735204447384,65.30143356323242
20,17,0.017373107373714447,0.02927241660654545,-0.004581205081194639,0.5934975443481575,65.30143356323242
20,18,0.010410894639790058,0.0,0.010410894639790058,10410894639.790058,65.30143356323242
20,19,0.01923299767076969,0.06357358396053314,-0.028447190299630165,0.30253127906721633,65.30143356323242
20,20,0.014922373928129673,0.6128325462341309,-0.44470203574746847,0.024349839152315967,65.30143356323242
20,21,0.00808993075042963,0.010950879193842411,-0.000123228644952178,0.7387471459131596,65.30143356323242
20,22,0.011607442051172256,0.06585602462291718,-0.037784576416015625,0.17625482433017584,65.30143356323242
20,23,0.07760833203792572,0.6168608069419861,-0.38503727316856384,0.12581174093801478,65.30143356323242
20,24,0.006729112006723881,0.040261149406433105,-0.02346675004810095,0.1671366095047832,65.30143356323242
20,25,0.053364332765340805,0.1828792840242386,-0.08379513025283813,0.2918008622451527,65.30143356323242
20,26,0.0059239924885332584,0.15603628754615784,-0.11110322317108512,0.03796547957950415,65.30143356323242
20,27,0.5326207876205444,0.45225778222084045,0.1934274509549141,1.1776929188568048,65.30143356323242
20,28,0.09350986033678055,0.9458391070365906,-0.6158694699406624,0.09886444707245984,65.30143356323242
20,29,0.016216864809393883,0.07861988991498947,-0.04274805262684822,0.20626923831517277,65.30143356323242
20,30,0.0,0.08036836981773376,-0.060276277363300323,0.0,65.30143356323242
20,31,0.0,0.0,0.0,0.0,65.30143356323242
20,32,0.010612968355417252,0.02330552600324154,-0.006866176147013903,0.4553842017333452,65.30143356323242
20,33,0.013916387222707272,0.018496081233024597,4.43262979388237e-05,0.7523965237083455,65.30143356323242
20,34,0.2453594207763672,1.0017892122268677,-0.5059824883937836,0.244921204761943,65.30143356323242
20,35,0.11328074336051941,0.44645339250564575,-0.2215593010187149,0.2537347576742474,65.30143356323242
20,36,0.0,0.0,0.0,0.0,65.30143356323242
20,37,0.0,0.0,0.0,0.0,65.30143356323242
20,38,0.0,0.0,0.0,0.0,65.30143356323242
20,39,0.01461609173566103,0.5550017952919006,-0.40163525473326445,0.026335215236461405,65.30143356323242
20,40,0.03850838169455528,0.1661418229341507,-0.08609798550605774,0.2317801804160176,65.30143356323242
20,41,0.0020474509801715612,0.011421323753893375,-0.00651854183524847,0.17926564591905095,65.30143356323242
20,42,0.10950475186109543,0.02073427103459835,0.09395404858514667,5.2813408136263105,65.30143356323242
20,43,0.06557957828044891,0.06495459377765656,0.016863632947206497,1.0096218676068098,65.30143356323242
20,44,0.0,0.0,0.0,0.0,65.30143356323242
20,45,0.0,0.008939006365835667,-0.00670425477437675,0.0,65.30143356323242
20,46,0.0,0.0,0.0,0.0,65.30143356323242
20,47,0.7545188069343567,2.3308186531066895,-0.9935951828956604,0.32371407613730646,65.30143356323242
20,48,0.007839290425181389,0.031487878412008286,-0.015776618383824825,0.24896216640441607,65.30143356323242
20,49,0.0,0.0,0.0,0.0,65.30143356323242
20,50,0.08418458700180054,0.2834726870059967,-0.128419928252697,0.2969760081320381,65.30143356323242
20,51,0.010262243449687958,0.0,0.010262243449687958,10262243449.687958,65.30143356323242
20,52,0.02809562161564827,0.46718189120292664,-0.3222907967865467,0.06013850738787396,65.30143356323242
20,53,0.37606069445610046,0.8470008373260498,-0.2591899335384369,0.44399093588014166,65.30143356323242
20,54,0.10762705653905869,0.032174598425626755,0.08349610771983862,3.3450940121132855,65.30143356323242
20,55,0.038853686302900314,0.09677283465862274,-0.03372593969106674,0.4014937295115891,65.30143356323242
20,56,0.0051042912527918816,0.9265966415405273,-0.6898431899026036,0.0055086442406052285,65.30143356323242
20,57,0.0,0.0,0.0,0.0,65.30143356323242
20,58,0.018977399915456772,0.02009914442896843,0.0039030415937304497,0.9441894395843486,65.30143356323242
20,59,0.4339993894100189,1.9079818725585938,-0.9969870150089264,0.22746515344393733,65.30143356323242
20,60,0.06560952216386795,0.04335792362689972,0.03309107944369316,1.5132071989178444,65.30143356323242
20,61,0.013741259463131428,0.048266444355249405,-0.022458573803305626,0.2846959134115759,65.30143356323242
20,62,0.0015623752260580659,0.0050529302097857,-0.002227322431281209,0.30920182169211596,65.30143356323242
20,63,0.0971454381942749,0.03819828853011131,0.06849672179669142,2.5431882403619466,65.30143356323242
20,64,0.0,0.0,0.0,0.0,65.30143356323242
20,65,0.03260258957743645,0.13438542187213898,-0.06818647682666779,0.2426051064393992,65.30143356323242
20,66,0.011716542765498161,0.019534649327397346,-0.0029344442300498486,0.5997826000626449,65.30143356323242
20,67,0.4168607294559479,1.502758502960205,-0.7102081477642059,0.27739701930451127,65.30143356323242
20,68,0.0,0.02951955422759056,-0.02213966567069292,0.0,65.30143356323242
20,69,0.011119513772428036,0.27573734521865845,-0.1956834951415658,0.04032646997297369,65.30143356323242
20,70,0.013829361647367477,0.28987395763397217,-0.20357610657811165,0.0477081893116535,65.30143356323242
20,71,0.0,0.0,0.0,0.0,65.30143356323242
20,72,0.03098943457007408,0.7146987915039062,-0.5050346590578556,0.0433601328817433,65.30143356323242
20,73,0.16969329118728638,0.5894073843955994,-0.27236224710941315,0.28790492905176,65.30143356323242
20,74,0.018000712618231773,0.18526718020439148,-0.12094967253506184,0.097160827936582,65.30143356323242
20,75,0.02197243459522724,0.0,0.02197243459522724,21972434595.22724,65.30143356323242
20,76,0.15791815519332886,0.19864043593406677,0.008937828242778778,0.7949950091981798,65.30143356323242
20,77,0.0,0.0,0.0,0.0,65.30143356323242
20,78,0.004834645427763462,0.9206221103668213,-0.6856319373473525,0.005251498278519348,65.30143356323242
20,79,0.06006264314055443,0.5131574869155884,-0.32480547204613686,0.11704524375441366,65.30143356323242
20,80,0.020013032481074333,0.0810505598783493,-0.040774887427687645,0.24692034837100996,65.30143356323242
20,81,0.01149987056851387,0.006497540045529604,0.006626715534366667,1.7698806757883787,65.30143356323242
20,82,0.11240467429161072,0.42441055178642273,-0.20590323954820633,0.2648489153208226,65.30143356323242
20,83,0.0,0.0,0.0,0.0,65.30143356323242
20,84,0.02951340563595295,0.10602868348360062,-0.05000810697674751,0.27835303302845793,65.30143356323242
20,85,0.02468881569802761,0.0001595763023942709,0.024569133471231908,154.7147989575123,65.30143356323242
20,86,0.0001930709695443511,0.0013189028250053525,-0.0007961061492096633,0.14638756225060023,65.30143356323242
20,87,0.06412085890769958,0.04859485849738121,0.027674715034663677,1.3194988294869832,65.30143356323242
20,88,0.03629959374666214,0.13162857294082642,-0.06242183595895767,0.2757729035222834,65.30143356323242
20,89,0.014372196979820728,0.13692647218704224,-0.08832265716046095,0.10496288080863773,65.30143356323242
20,90,0.006618552375584841,0.2979249954223633,-0.21682519419118762,0.022215498790826915,65.30143356323242
20,91,0.5988160371780396,2.242659568786621,-1.0831786394119263,0.267011563195817,65.30143356323242
20,92,0.06283483654260635,0.06475191563367844,0.014270899817347527,0.970393476806339,65.30143356323242
20,93,0.0,0.0,0.0,0.0,65.30143356323242
20,94,0.004894552752375603,0.06883581727743149,-0.04673231020569801,0.07110473799675834,65.30143356323242
20,95,0.04377210512757301,0.19823792576789856,-0.1049063391983509,0.2208059076374799,65.30143356323242
20,96,0.026108918711543083,0.06365330517292023,-0.021631060168147087,0.41017381014553067,65.30143356323242
20,97,0.0690215602517128,0.3002081513404846,-0.15613455325365067,0.22991234562848786,65.30143356323242
20,98,0.0030606321524828672,0.008668326772749424,-0.0034406129270792007,0.35308223055820637,65.30143356323242
20,99,0.00934449303895235,0.028764160349965096,-0.012228627223521471,0.324865837380121,65.30143356323242
20,100,0.0,0.0,0.0,0.0,65.30143356323242
20,101,0.013079425320029259,0.006913667544722557,0.007894174661487341,1.8918215597626498,65.30143356323242
20,102,0.0,0.1752839833498001,-0.13146298751235008,0.0,65.30143356323242
20,103,0.0660945400595665,0.407226026058197,-0.23932497948408127,0.1623043121756628,65.30143356323242
20,104,0.009745662100613117,0.18606452643871307,-0.1298027327284217,0.05237786206265823,65.30143356323242
20,105,0.0,0.23532059788703918,-0.1764904484152794,0.0,65.30143356323242
20,106,0.002804079093039036,0.27756476402282715,-0.20536949392408133,0.010102431779843365,65.30143356323242
20,107,0.03335268422961235,0.3232288062572479,-0.2090689204633236,0.10318598956481863,65.30143356323242
20,108,0.014960418455302715,0.03865206986665726,-0.014028633944690228,0.38705348786045446,65.30143356323242
20,109,0.0,0.9687578678131104,-0.7265684008598328,0.0,65.30143356323242
20,110,0.12238828837871552,1.564266324043274,-1.05081145465374,0.0782400582928176,65.30143356323242
20,111,0.06480816006660461,0.24262668192386627,-0.11716185137629509,0.2671106061066838,65.30143356323242
20,112,0.01727006398141384,1.2461457252502441,-0.9173392299562693,0.01385878363297511,65.30143356323242
20,113,0.0,0.0,0.0,0.0,65.30143356323242
20,114,0.0008228236110880971,0.002560611814260483,-0.001097635249607265,0.3213386762430423,65.30143356323242
20,115,0.014787664636969566,0.3162710964679718,-0.22241565771400928,0.046756294843466134,65.30143356323242
20,116,0.0,0.0,0.0,0.0,65.30143356323242
20,117,0.0018505846383050084,0.0,0.0018505846383050084,1850584638.3050084,65.30143356323242
20,118,0.0033567568752914667,0.014672552235424519,-0.007647657301276922,0.22877798089948786,65.30143356323242
20,119,0.0,0.0053429873660206795,-0.00400724052451551,0.0,65.30143356323242
20,120,0.049703069031238556,0.16598689556121826,-0.07478710263967514,0.29943971699023636,65.30143356323242
20,121,0.053447820246219635,0.23240691423416138,-0.1208573654294014,0.22997517273577478,65.30143356323242
20,122,0.0785747841000557,0.038120221346616745,0.049984618090093136,2.0612363024740974,65.30143356323242
20,123,0.04640582203865051,0.06654652208089828,-0.003504069522023201,0.6973440622717928,65.30143356323242
20,124,0.2962229251861572,2.0646181106567383,-1.2522406578063965,0.143475892058211,65.30143356323242
20,125,0.0024152875412255526,0.46662580966949463,-0.3475540697108954,0.005176069328293468,65.30143356323242
20,126,0.054188620299100876,0.241041362285614,-0.12659240141510963,0.2248104631713251,65.30143356323242
20,127,0.004847944248467684,0.01383549440652132,-0.0055286765564233065,0.3503990609711945,65.30143356323242
20,128,0.007569145876914263,0.010508711449801922,-0.0003123877104371786,0.7202734523971214,65.30143356323242
20,129,0.009951063431799412,0.0450751893222332,-0.02385532855987549,0.22076587100811831,65.30143356323242
20,130,0.0028243656270205975,0.16830970346927643,-0.12340791197493672,0.016780765272510753,65.30143356323242
20,131,0.013055609539151192,0.0,0.013055609539151192,13055609539.151192,65.30143356323242
20,132,0.0495196133852005,0.034626007080078125,0.023550108075141907,1.430127743844343,65.30143356323242
20,133,0.7441849708557129,0.20182715356349945,0.5928146056830883,3.687239094009657,65.30143356323242
20,134,0.14860692620277405,0.14255137741565704,0.041693393141031265,1.0424797634078098,65.30143356323242
20,135,0.005643769633024931,0.09538304805755615,-0.06589351641014218,0.05916952485687175,65.30143356323242
20,136,0.0,0.0,0.0,0.0,65.30143356323242
20,137,0.01389101892709732,0.03657200187444687,-0.013537982478737831,0.37982659451910544,65.30143356323242
20,138,0.028991740196943283,0.13638383150100708,-0.07329613342881203,0.2125746129702818,65.30143356323242
20,139,0.0,0.1427362859249115,-0.10705221444368362,0.0,65.30143356323242
20,140,0.0,0.0,0.0,0.0,65.30143356323242
20,141,0.0,0.0,0.0,0.0,65.30143356323242
20,142,0.04208081215620041,0.0,0.04208081215620041,42080812156.20041,65.30143356323242
20,143,0.09266794472932816,0.4645889103412628,-0.25577373802661896,0.19946223998558135,65.30143356323242
20,144,0.17346450686454773,0.8374042510986328,-0.4545886814594269,0.2071454815720887,65.30143356323242
20,145,0.015568696893751621,0.41090017557144165,-0.2926064347848296,0.03788924371244729,65.30143356323242
20,146,0.00525163859128952,0.026418890804052353,-0.014562529511749744,0.1987834625625235,65.30143356323242
20,147,0.0037170476280152798,0.17432747781276703,-0.12702856073156,0.021322213082129133,65.30143356323242
20,148,0.011092080734670162,0.15667156875133514,-0.1064115958288312,0.07079830005534962,65.30143356323242
20,149,0.0,0.0,0.0,0.0,65.30143356323242
20,150,0.11727988719940186,0.1861579418182373,-0.022338569164276123,0.6300020619763981,65.30143356323242
20,151,0.0,0.0,0.0,0.0,65.30143356323242
20,152,0.004788515157997608,0.0,0.004788515157997608,4788515157.997608,65.30143356323242
20,153,0.0,0.13890443742275238,-0.10417832806706429,0.0,65.30143356323242
20,154,0.027484524995088577,0.11058110743761063,-0.05545130558311939,0.2485462990171868,65.30143356323242
20,155,0.280859112739563,0.2143680900335312,0.1200830452144146,1.310172202841949,65.30143356323242
20,156,0.005697918590158224,0.25591227412223816,-0.1862362870015204,0.02226512428792029,65.30143356323242
20,157,0.0,0.0,0.0,0.0,65.30143356323242
20,158,0.03327406942844391,0.6320023536682129,-0.44072769582271576,0.05264864796035143,65.30143356323242
20,159,0.031373459845781326,0.21264880895614624,-0.12811314687132835,0.14753649455945844,65.30143356323242
20,160,0.011550705879926682,0.05870039761066437,-0.032474592328071594,0.19677389506525997,65.30143356323242
20,161,0.0,0.1641024351119995,-0.12307682633399963,0.0,65.30143356323242
20,162,0.21282877027988434,0.04235311970114708,0.18106393050402403,5.025102560959519,65.30143356323242
20,163,0.0009603899088688195,0.1665610671043396,-0.12396041041938588,0.005765992771056348,65.30143356323242
20,164,0.0,0.0,0.0,0.0,65.30143356323242
20,165,0.01534638274461031,0.14989541471004486,-0.09707517828792334,0.10238060166279075,65.30143356323242
20,166,0.011924049817025661,0.0048896875232458115,0.008256784174591303,2.43861182496827,65.30143356323242
20,167,0.0,0.0,0.0,0.0,65.30143356323242
20,168,0.0,0.009630881249904633,-0.007223160937428474,0.0,65.30143356323242
20,169,0.0,0.0,0.0,0.0,65.30143356323242
20,170,0.04916040226817131,0.23604898154735565,-0.12787633389234543,0.2082635643911922,65.30143356323242
20,171,0.007302786223590374,0.26263371109962463,-0.1896724971011281,0.027805974309186868,65.30143356323242
20,172,0.006357070058584213,0.007561672944575548,0.0006858153501525521,0.8406962459681403,65.30143356323242
20,173,0.3829158842563629,1.2510954141616821,-0.5554056763648987,0.3060644935003907,65.30143356323242
20,174,0.0,0.0,0.0,0.0,65.30143356323242
20,175,0.05797401815652847,0.24354080855846405,-0.12468158826231956,0.23804642227905418,65.30143356323242
20,176,0.45027709007263184,1.5633546113967896,-0.7222388684749603,0.2880198048413602,65.30143356323242
20,177,0.035482119768857956,0.0,0.035482119768857956,35482119768.857956,65.30143356323242
20,178,0.0,0.0,0.0,0.0,65.30143356323242
20,179,0.04090242460370064,0.14248676598072052,-0.06596264988183975,0.28706121808496915,65.30143356323242
20,180,0.051444683223962784,0.0,0.051444683223962784,51444683223.96278,65.30143356323242
20,181,0.001505636959336698,0.006428614258766174,-0.0033158237347379327,0.23420863322906263,65.30143356323242
20,182,0.021493952721357346,0.018688073381781578,0.007477897685021162,1.1501427825706736,65.30143356323242
20,183,0.007730511948466301,0.03786526992917061,-0.020668440498411655,0.20415837422320127,65.30143356323242
20,184,0.03020435757935047,0.10981756448745728,-0.052158815786242485,0.2750412260556479,65.30143356323242
20,185,0.0696566104888916,0.30356118083000183,-0.15801427513360977,0.22946481594980597,65.30143356323242
20,186,0.6861713528633118,2.7917845249176025,-1.4076670408248901,0.24578234700377452,65.30143356323242
20,187,0.3206930160522461,0.2537800967693329,0.13035794347524643,1.2636649608596706,65.30143356323242
20,188,0.057708967477083206,0.14527538418769836,-0.05124757066369057,0.39723844338367026,65.30143356323242
20,189,0.050077784806489944,0.8274612426757812,-0.570518147200346,0.060519795035344125,65.30143356323242
20,190,0.013504913076758385,0.02827194705605507,-0.007699047215282917,0.4776789178864965,65.30143356323242
20,191,0.08447360247373581,0.03698305785655975,0.056736309081315994,2.2841162242204494,65.30143356323242
20,192,0.0,0.0,0.0,0.0,65.30143356323242
20,193,0.0,0.0,0.0,0.0,65.30143356323242
20,194,0.05313492193818092,0.6617254018783569,-0.4431591294705868,0.08029754001776747,65.30143356323242
20,195,0.045469362288713455,0.2390146106481552,-0.13379159569740295,0.19023674814363975,65.30143356323242
20,196,0.020254220813512802,0.08798091858625412,-0.04573146812617779,0.23021151789209723,65.30143356323242
20,197,0.00803854875266552,0.4884772300720215,-0.3583193738013506,0.01645634280939534,65.30143356323242
20,198,0.029043225571513176,0.12379388511180878,-0.0638021882623434,0.23460953297529324,65.30143356323242
20,199,0.011733794584870338,0.028365910053253174,-0.009540637955069542,0.4136583160007228,65.30143356323242
20,200,0.0,0.0,0.0,0.0,65.30143356323242
20,201,0.01998843625187874,0.1311560571193695,-0.07837860658764839,0.1524019301185167,65.30143356323242
20,202,0.004893100820481777,0.12345606088638306,-0.08769894484430552,0.03963435075856889,65.30143356323242
20,203,0.00786269549280405,0.009863649494946003,0.0004649583715945482,0.7971385739158359,65.30143356323242
20,204,0.011952538974583149,0.2700227200984955,-0.19056450109928846,0.04426493803995082,65.30143356323242
20,205,0.011776304803788662,0.4079952836036682,-0.2942201578989625,0.028863825825985408,65.30143356323242
20,206,0.001891635125502944,0.01091783121228218,-0.006296738283708692,0.17326107067873142,65.30143356323242
20,207,0.03483498841524124,0.05284332484006882,-0.004797505214810371,0.6592126540109028,65.30143356323242
20,208,0.011150602251291275,0.060738302767276764,-0.0344031248241663,0.1835843568733232,65.30143356323242
20,209,0.02686622366309166,0.3150849938392639,-0.20944752171635628,0.08526659215231244,65.30143356323242
20,210,0.05342790111899376,0.19350123405456543,-0.09169802442193031,0.2761114231635934,65.30143356323242
20,211,0.0009454765822738409,0.10295385867357254,-0.07626991742290556,0.009183498262677102,65.30143356323242
20,212,0.0,0.0,0.0,0.0,65.30143356323242
20,213,0.014655343256890774,0.4643074870109558,-0.3335752720013261,0.03156387451601314,65.30143356323242
20,214,0.0,0.029119344428181648,-0.021839508321136236,0.0,65.30143356323242
20,215,0.03289433941245079,0.10987748205661774,-0.04951377213001251,0.29937289057280725,65.30143356323242
20,216,0.09015002846717834,0.22038765251636505,-0.07514071092009544,0.40905208362376444,65.30143356323242
20,217,0.026589421555399895,0.1905503273010254,-0.11632332392036915,0.13954015158029734,65.30143356323242
20,218,0.0,0.0,0.0,0.0,65.30143356323242
20,219,1.057651400566101,3.2210984230041504,-1.3581724166870117,0.3283511590370332,65.30143356323242
20,220,0.13921783864498138,0.0,0.13921783864498138,139217838644.98138,65.30143356323242
20,221,0.020146118476986885,0.1369212418794632,-0.08254481293261051,0.1471365450700127,65.30143356323242
20,222,0.014264509081840515,0.020491458475589752,-0.001104084774851799,0.6961197563432028,65.30143356323242
20,223,0.021850213408470154,0.030223742127418518,-0.0008175931870937347,0.7229486446658445,65.30143356323242
20,224,0.0,0.19808337092399597,-0.14856252819299698,0.0,65.30143356323242
20,225,0.002256713341921568,0.017903460189700127,-0.011170881800353527,0.12604900493446555,65.30143356323242
20,226,0.7457960844039917,2.9976892471313477,-1.502470850944519,0.24879032578758317,65.30143356323242
20,227,0.29398658871650696,1.310380458831787,-0.6887987554073334,0.2243520854839163,65.30143356323242
20,228,0.0047288499772548676,0.0188608355820179,-0.009416776709258556,0.2507232490543884,65.30143356323242
20,229,0.0,0.06335386633872986,-0.047515399754047394,0.0,65.30143356323242
20,230,0.006732595153152943,0.052924368530511856,-0.03296068124473095,0.12721162934885596,65.30143356323242
20,231,0.025277486070990562,0.04697585478425026,-0.009954405017197132,0.5380952871756435,65.30143356323242
20,232,0.0025925759691745043,0.0,0.0025925759691745043,2592575969.1745043,65.30143356323242
20,233,0.0,0.0,0.0,0.0,65.30143356323242
20,234,0.00405901949852705,0.019266627728939056,-0.010390951298177242,0.21067617828207705,65.30143356323242
20,235,0.09981600195169449,0.047351155430078506,0.06430263537913561,2.1079950645973287,65.30143356323242
20,236,0.005137457512319088,0.0,0.005137457512319088,5137457512.319088,65.30143356323242
20,237,0.028494911268353462,0.47520238161087036,-0.3279068749397993,0.059963738337547236,65.30143356323242
20,238,0.02995268441736698,0.12141815572977066,-0.061110932379961014,0.24669032598208174,65.30143356323242
20,239,0.018679793924093246,0.29117250442504883,-0.19969958439469337,0.0641537014661269,65.30143356323242
20,240,0.008061611093580723,0.025466443970799446,-0.011038221884518862,0.31655817759667737,65.30143356323242
20,241,0.001525550615042448,0.0013924037339165807,0.00048124781460501254,1.095623759680481,65.30143356323242
20,242,0.11485367268323898,0.3535172939300537,-0.1502842977643013,0.3248884132543706,65.30143356323242
20,243,0.046752847731113434,0.23141928017139435,-0.12681161239743233,0.20202658869341047,65.30143356323242
20,244,0.0,0.2854781746864319,-0.2141086310148239,0.0,65.30143356323242
20,245,0.038544002920389175,0.050383105874061584,0.0007566735148429871,0.7650183975551123,65.30143356323242
20,246,0.03733969107270241,0.5752102732658386,-0.39406801387667656,0.06491485428560943,65.30143356323242
20,247,0.06569711118936539,0.061643172055482864,0.01946473214775324,1.0657646094066664,65.30143356323242
20,248,0.03688246011734009,0.1599685251712799,-0.08309393376111984,0.23056073110394126,65.30143356323242
20,249,0.0019369573565199971,0.18743044137954712,-0.13863587367814034,0.010334273036189032,65.30143356323242
20,250,0.19472719728946686,0.283484548330307,-0.017886213958263397,0.686905859369415,65.30143356323242
20,251,0.0021214343141764402,0.263298362493515,-0.19535233755595982,0.008057149668831054,65.30143356323242
20,252,0.16468331217765808,0.0438731387257576,0.13177845813333988,3.7536250415842733,65.30143356323242
20,253,0.048847686499357224,0.3602684736251831,-0.2213536687195301,0.13558690275530993,65.30143356323242
20,254,0.007408272009342909,0.08415848016738892,-0.05571058811619878,0.0880276354149936,65.30143356323242
20,255,0.0,0.526120126247406,-0.3945900946855545,0.0,65.30143356323242
21,0,0.16277199983596802,0.4841081202030182,-0.20030909031629562,0.3362306746008946,65.32208204269409
21,1,0.032285358756780624,0.031116114929318428,0.008948272559791803,1.037576793538673,65.32208204269409
21,2,0.019121650606393814,0.07769487798213959,-0.039149507880210876,0.24611211321476512,65.32208204269409
21,3,0.04015396162867546,0.1827598512172699,-0.09691592678427696,0.21970887676374623,65.32208204269409
21,4,0.0035554664209485054,0.012034195475280285,-0.005470180185511708,0.2954469559644783,65.32208204269409
21,5,0.0481865368783474,1.1325782537460327,-0.8012471534311771,0.04254587859066391,65.32208204269409
21,6,0.03886065632104874,0.7732078433036804,-0.5410452261567116,0.05025900429948924,65.32208204269409
21,7,0.039793021976947784,0.18212084472179413,-0.09679761156439781,0.21849789922464222,65.32208204269409
21,8,0.018326109275221825,0.08218489587306976,-0.0433125626295805,0.22298634171542356,65.32208204269409
21,9,0.0878874734044075,0.7780762910842896,-0.49566974490880966,0.11295482770952808,65.32208204269409
21,10,0.007294539827853441,0.0,0.007294539827853441,7294539827.853441,65.32208204269409
21,11,0.03170013055205345,0.11120758205652237,-0.051705555990338326,0.2850536803835595,65.32208204269409
21,12,0.043127551674842834,0.08377262204885483,-0.019701914861798286,0.5148167816590095,65.32208204269409
21,13,0.0,0.0,0.0,0.0,65.32208204269409
21,14,0.022552374750375748,0.011610168032348156,0.01384474872611463,1.9424675582298236,65.32208204269409
21,15,0.0,0.0,0.0,0.0,65.32208204269409
21,16,0.006567868869751692,0.2036856710910797,-0.1461963844485581,0.032245119818873125,65.32208204269409
21,17,0.013064898550510406,0.3645087480545044,-0.2603166624903679,0.03584248284905632,65.32208204269409
21,18,0.03880774602293968,0.4313257336616516,-0.284686554223299,0.08997317570968763,65.32208204269409
21,19,0.11429557204246521,0.26113393902778625,-0.08155488222837448,0.4376894572477068,65.32208204269409
21,20,0.06923827528953552,0.0,0.06923827528953552,69238275289.53552,65.32208204269409
21,21,0.6925559043884277,2.342620611190796,-1.0644095540046692,0.29563297662445376,65.32208204269409
21,22,2.0496656816249015e-07,0.22769390046596527,-0.1707702203829058,9.001847117649403e-07,65.32208204269409
21,23,0.03934543952345848,0.14838068187236786,-0.07194007188081741,0.2651655122938238,65.32208204269409
21,24,0.008265725336968899,0.01521882601082325,-0.0031483941711485386,0.5431250301795549,65.32208204269409
21,25,0.016030767932534218,3.475358425930608e-06,0.01602816141371477,4612.69352830797,65.32208204269409
21,26,0.05170316621661186,0.4324162006378174,-0.2726089842617512,0.1195680599853329,65.32208204269409
21,27,0.13820038735866547,0.32073166966438293,-0.10234836488962173,0.43089099215817683,65.32208204269409
21,28,0.09212660044431686,0.24567218124866486,-0.09212753549218178,0.37499809695869885,65.32208204269409
21,29,0.5032657980918884,0.33792078495025635,0.24982520937919617,1.4893011039983304,65.32208204269409
21,30,0.024332748726010323,0.10811853408813477,-0.05675615184009075,0.225056221220591,65.32208204269409
21,31,0.002134795533493161,0.009527606889605522,-0.00501090963371098,0.22406419135513736,65.32208204269409
21,32,0.09065080434083939,0.8669419288635254,-0.5595556423068047,0.10456387137667802,65.32208204269409
21,33,0.0,0.06340493261814117,-0.04755369946360588,0.0,65.32208204269409
21,34,0.061493344604969025,0.002559070708230138,0.05957404157379642,24.029560567893988,65.32208204269409
21,35,0.0,0.0,0.0,0.0,65.32208204269409
21,36,1.1725136041641235,3.6366021633148193,-1.554938018321991,0.3224200920276186,65.32208204269409
21,37,0.0,0.0,0.0,0.0,65.32208204269409
21,38,0.004162260331213474,0.008565706200897694,-0.002262019319459796,0.4859214445495859,65.32208204269409
21,39,0.0,0.0,0.0,0.0,65.32208204269409
21,40,0.0,0.04687147215008736,-0.03515360411256552,0.0,65.32208204269409
21,41,0.0,0.10813136398792267,-0.081098522990942,0.0,65.32208204269409
21,42,0.12985095381736755,0.7100368142127991,-0.40267665684223175,0.1828791848788113,65.32208204269409
21,43,0.022389819845557213,0.01296637300401926,0.012665040092542768,1.726760431532407,65.32208204269409
21,44,0.0007613027119077742,0.3540685474872589,-0.2647901079035364,0.0021501562827548793,65.32208204269409
21,45,0.003964681643992662,0.18471524119377136,-0.13457174925133586,0.021463749381742347,65.32208204269409
21,46,0.07314690947532654,0.3249601721763611,-0.17057321965694427,0.22509499852001386,65.32208204269409
21,47,0.036186717450618744,0.21421615779399872,-0.1244754008948803,0.1689261810271512,65.32208204269409
21,48,0.0,0.0,0.0,0.0,65.32208204269409
21,49,3.6890996852889657e-06,0.15639333426952362,-0.11729131160245743,2.3588599235998718e-05,65.32208204269409
21,50,0.018807750195264816,0.11081000417470932,-0.06429975293576717,0.16972971290066666,65.32208204269409
21,51,0.025034036487340927,0.047223228961229324,-0.010383385233581066,0.5301212356182582,65.32208204269409
21,52,0.022867340594530106,0.058789122849702835,-0.02122450154274702,0.38897230449589404,65.32208204269409
21,53,0.008977058343589306,0.05449046939611435,-0.031890793703496456,0.16474547646426962,65.32208204269409
21,54,0.0,0.0009029944194480777,-0.0006772458145860583,0.0,65.32208204269409
21,55,0.006211936008185148,0.01668570190668106,-0.006302340421825647,0.37229096160021646,65.32208204269409
21,56,0.037459924817085266,0.05745226517319679,-0.005629274062812328,0.6520182398989105,65.32208204269409
21,57,0.010207396000623703,0.01662832498550415,-0.00226384773850441,0.6138559361155265,65.32208204269409
21,58,0.06986401230096817,0.39249709248542786,-0.22450880706310272,0.17799880212713678,65.32208204269409
21,59,0.0,0.07163124531507492,-0.05372343398630619,0.0,65.32208204269409
21,60,0.20803092420101166,0.6644282341003418,-0.2902902513742447,0.31309765829319314,65.32208204269409
21,61,0.008238814771175385,0.037906236946582794,-0.02019086293876171,0.21734720812746774,65.32208204269409
21,62,0.00012409892224241048,0.0,0.00012409892224241048,124098922.24241048,65.32208204269409
21,63,0.02370590716600418,0.20005564391613007,-0.12633582577109337,0.11849656776403661,65.32208204269409
21,64,0.008296300657093525,0.0,0.008296300657093525,8296300657.093525,65.32208204269409
21,65,0.0011350064305588603,0.18030256032943726,-0.13409191381651908,0.006295010056866383,65.32208204269409
21,66,0.11002107709646225,0.5917103886604309,-0.33376171439886093,0.18593737612981964,65.32208204269409
21,67,0.014619828201830387,2.0802676772291306e-06,0.014618268001072465,7027.855758181995,65.32208204269409
21,68,0.03828234598040581,0.37018007040023804,-0.23935270681977272,0.1034154700411386,65.32208204269409
21,69,0.0,0.0,0.0,0.0,65.32208204269409
21,70,0.10919105261564255,0.34601029753685,-0.15031667053699493,0.31557168498344523,65.32208204269409
21,71,0.033402394503355026,0.44674256443977356,-0.30165452882647514,0.07476877549191603,65.32208204269409
21,72,0.00735855707898736,0.1597551554441452,-0.11245780950412154,0.046061468617293246,65.32208204269409
21,73,0.004492496605962515,0.03390110284090042,-0.0209333305247128,0.13251771268072043,65.32208204269409
21,74,0.06835673004388809,0.32672542333602905,-0.1766873374581337,0.20921766462408303,65.32208204269409
21,75,0.039204251021146774,0.06240851804614067,-0.007602137513458729,0.628187501448658,65.32208204269409
21,76,0.0,0.18983395397663116,-0.14237546548247337,0.0,65.32208204269409
21,77,0.013751713559031487,0.20138147473335266,-0.137284392490983,0.06828688476520353,65.32208204269409
21,78,0.04322642460465431,1.6504430770874023,-1.1946058832108974,0.02619080003710966,65.32208204269409
21,79,0.011615279130637646,0.02197013609111309,-0.004862322937697172,0.528684896713377,65.32208204269409
21,80,0.007657703943550587,0.0,0.007657703943550587,7657703943.550587,65.32208204269409
21,81,0.0476999506354332,0.5156169533729553,-0.3390127643942833,0.09251043885059851,65.32208204269409
21,82,1.0055750608444214,5.323002338409424,-2.9866766929626465,0.18891125663955846,65.32208204269409
21,83,0.04854150116443634,0.22127056121826172,-0.11741141974925995,0.219376228346687,65.32208204269409
21,84,0.25908493995666504,0.023486003279685974,0.24147043749690056,11.031461456438056,65.32208204269409
21,85,0.022458640858530998,0.047891367226839066,-0.013459884561598301,0.4689496700247864,65.32208204269409
21,86,0.03386036679148674,0.5841339230537415,-0.40424007549881935,0.05796678716143242,65.32208204269409
21,87,0.017318978905677795,0.7016491889953613,-0.5089179128408432,0.024683245099236636,65.32208204269409
21,88,0.042518239468336105,0.19660767912864685,-0.10493751987814903,0.2162593020606218,65.32208204269409
21,89,0.019106125459074974,0.005878692027181387,0.014697106438688934,3.2500640223171517,65.32208204269409
21,90,0.04470784217119217,0.19165478646755219,-0.09903324767947197,0.23327276607583233,65.32208204269409
21,91,0.018231526017189026,0.0,0.018231526017189026,18231526017.189026,65.32208204269409
21,92,0.0,0.009625938721001148,-0.007219454040750861,0.0,65.32208204269409
21,93,0.02109271101653576,0.1588089019060135,-0.09801396541297436,0.13281819068861805,65.32208204269409
21,94,0.6595070958137512,1.4276169538497925,-0.41120561957359314,0.4619636198875512,65.32208204269409
21,95,0.00018743681721389294,1.7249563825316727e-05,0.0001744996443449054,10.866176573845905,65.32208204269409
21,96,0.00244595343247056,0.3236149549484253,-0.2402652627788484,0.007558221259746216,65.32208204269409
21,97,0.06340498477220535,0.36336028575897217,-0.20911522954702377,0.17449618810044998,65.32208204269409
21,98,0.0020632350351661444,0.014708686619997025,-0.008968279929831624,0.14027323365641794,65.32208204269409
21,99,0.037539709359407425,0.06759560853242874,-0.013156997039914131,0.5553572217763604,65.32208204269409
21,100,0.01483985036611557,0.000564789108466357,0.014416258534765802,26.27502924080292,65.32208204269409
21,101,0.026526538655161858,0.10221316665410995,-0.05013333633542061,0.2595217379837993,65.32208204269409
21,102,0.01652817241847515,0.002827174961566925,0.014407791197299957,5.846179538696978,65.32208204269409
21,103,0.0027157554868608713,0.0,0.0027157554868608713,2715755486.8608713,65.32208204269409
21,104,0.0,0.0,0.0,0.0,65.32208204269409
21,105,0.04745205119252205,0.2582026422023773,-0.14619993045926094,0.1837783331246692,65.32208204269409
21,106,0.007199265994131565,0.0159461610019207,-0.00476035475730896,0.45147330400169344,65.32208204269409
21,107,0.008659066632390022,0.39718493819236755,-0.28922963701188564,0.021801095156771526,65.32208204269409
21,108,0.08066898584365845,0.4230356812477112,-0.23660777509212494,0.1906907370213803,65.32208204269409
21,109,0.030629439279437065,0.521318256855011,-0.3603592533618212,0.05875382048608547,65.32208204269409
21,110,0.025543974712491035,0.055576685816049576,-0.016138539649546146,0.4596167320336105,65.32208204269409
21,111,0.061071351170539856,0.22645051777362823,-0.10876653715968132,0.26968960711902756,65.32208204269409
21,112,0.0,0.0,0.0,0.0,65.32208204269409
21,113,0.014771617949008942,0.09957895427942276,-0.05991259776055813,0.14834076191853568,65.32208204269409
21,114,0.014683395624160767,1.0512789487838745,-0.7737758159637451,0.01396717364228841,65.32208204269409
21,115,0.037235572934150696,0.1401163637638092,-0.06785169988870621,0.2657474968209428,65.32208204269409
21,116,0.005367458797991276,0.017502671107649803,-0.007759544532746077,0.30666512355012393,65.32208204269409
21,117,0.01193926390260458,0.33387646079063416,-0.23846808169037104,0.035759525766794455,65.32208204269409
21,118,0.011381654068827629,0.3502829074859619,-0.2513305265456438,0.032492747506531625,65.32208204269409
21,119,0.0,0.0,0.0,0.0,65.32208204269409
21,120,0.07906972616910934,0.3052579164505005,-0.14987371116876602,0.2590259643001658,65.32208204269409
21,121,0.12689730525016785,0.4203110337257385,-0.18833597004413605,0.3019128575450841,65.32208204269409
21,122,0.034261010587215424,0.04850060120224953,-0.0021144403144717216,0.7064038328852704,65.32208204269409
21,123,0.0,0.0,0.0,0.0,65.32208204269409
21,124,0.15228165686130524,0.006758954841643572,0.14721244073007256,22.53035571424895,65.32208204269409
21,125,0.0,0.0,0.0,0.0,65.32208204269409
21,126,0.05144524201750755,0.07811114937067032,-0.007138120010495186,0.658615862541205,65.32208204269409
21,127,0.0022675793152302504,0.10628760606050491,-0.07744812523014843,0.021334371892034916,65.32208204269409
21,128,0.06956084817647934,0.014046411961317062,0.05902603920549154,4.9522147266571235,65.32208204269409
21,129,0.0,0.0,0.0,0.0,65.32208204269409
21,130,0.003658371977508068,0.01277161668986082,-0.0059203405398875475,0.28644548815232956,65.32208204269409
21,131,0.23655807971954346,0.0,0.23655807971954346,236558079719.54346,65.32208204269409
21,132,0.034540802240371704,0.23541569709777832,-0.14202097058296204,0.1467225960972292,65.32208204269409
21,133,0.0010778431314975023,0.035953350365161896,-0.02588716964237392,0.029978934383593153,65.32208204269409
21,134,0.021919766440987587,0.09716177731752396,-0.05095156654715538,0.2256007150746981,65.32208204269409
21,135,0.08202794194221497,0.5244478583335876,-0.31130795180797577,0.15640819318568505,65.32208204269409
21,136,0.03505318984389305,0.022416941821575165,0.018240483477711678,1.5636918773903608,65.32208204269409
21,137,0.04484746232628822,0.19990944862365723,-0.1050846241414547,0.22433888260325405,65.32208204269409
21,138,0.020071884617209435,0.0,0.020071884617209435,20071884617.209435,65.32208204269409
21,139,0.0,0.2826557755470276,-0.2119918316602707,0.0,65.32208204269409
21,140,0.09372517466545105,0.3493850827217102,-0.1683136373758316,0.2682575167063905,65.32208204269409
21,141,0.047333359718322754,0.3650352656841278,-0.2264430895447731,0.1296679092894865,65.32208204269409
21,142,0.018950125202536583,0.11397022753953934,-0.06652754545211792,0.1662725925136545,65.32208204269409
21,143,0.015150737948715687,0.0,0.015150737948715687,15150737948.715687,65.32208204269409
21,144,0.091875821352005,0.5589356422424316,-0.3273259103298187,0.1643763868470399,65.32208204269409
21,145,0.0,0.11627975851297379,-0.08720981888473034,0.0,65.32208204269409
21,146,0.025454912334680557,0.06681924313306808,-0.024659520015120506,0.3809518207742502,65.32208204269409
21,147,0.0421646386384964,0.10270514339208603,-0.03486421890556812,0.41054067250671755,65.32208204269409
21,148,0.02841292694211006,0.1439969837665558,-0.07958481088280678,0.19731612564868062,65.32208204269409
21,149,0.037447161972522736,0.0,0.037447161972522736,37447161972.522736,65.32208204269409
21,150,0.03974579647183418,0.17067685723304749,-0.08826184645295143,0.23287162135479894,65.32208204269409
21,151,0.028737537562847137,0.0,0.028737537562847137,28737537562.847137,65.32208204269409
21,152,0.11309102922677994,0.9933946132659912,-0.6319549307227135,0.11384300631030789,65.32208204269409
21,153,0.003980348352342844,0.007797403261065483,-0.0018677040934562683,0.510471014332081,65.32208204269409
21,154,0.38750723004341125,0.8860408067703247,-0.2770233750343323,0.4373469337777596,65.32208204269409
21,155,0.0,0.009766291826963425,-0.0073247188702225685,0.0,65.32208204269409
21,156,0.0,0.18442004919052124,-0.13831503689289093,0.0,65.32208204269409
21,157,0.029917946085333824,0.18829810619354248,-0.11130563355982304,0.15888607001933272,65.32208204269409
21,158,0.08347603678703308,0.10019084066152573,0.008332906290888786,0.8331703400733669,65.32208204269409
21,159,0.1554434448480606,1.0733205080032349,-0.6495469361543655,0.14482481578321552,65.32208204269409
21,160,0.017389526590704918,0.006537401583045721,0.012486475403420627,2.6600058703970997,65.32208204269409
21,161,0.06973574310541153,0.6705631017684937,-0.4331865832209587,0.10399579535675559,65.32208204269409
21,162,0.16001471877098083,0.062107816338539124,0.11343385651707649,2.5764022662814527,65.32208204269409
21,163,0.4508894979953766,0.7812527418136597,-0.13505005836486816,0.577136531960285,65.32208204269409
21,164,0.30754002928733826,0.9895725846290588,-0.43463940918445587,0.310780668405753,65.32208204269409
21,165,0.07076728343963623,0.05618802085518837,0.028626267798244953,1.2594727908420742,65.32208204269409
21,166,0.2240438461303711,0.26080456376075745,0.02844042330980301,0.8590487946178469,65.32208204269409
21,167,0.036169618368148804,0.18109935522079468,-0.0996548980474472,0.19972251322403337,65.32208204269409
21,168,0.07852064073085785,0.2807905375957489,-0.13207226246595383,0.2796413347932099,65.32208204269409
21,169,0.05181156098842621,0.24630729854106903,-0.13291891291737556,0.2103533321793826,65.32208204269409
21,170,0.0,0.056887246668338776,-0.04266543500125408,0.0,65.32208204269409
21,171,0.01582849957048893,0.15688154101371765,-0.10183265618979931,0.10089459517104053,65.32208204269409
21,172,0.04504169523715973,0.2651294469833374,-0.15380539000034332,0.16988567565571314,65.32208204269409
21,173,0.026526616886258125,0.09308525919914246,-0.04328732751309872,0.2849711878571804,65.32208204269409
21,174,0.138489231467247,0.8685287237167358,-0.5129073113203049,0.15945267863386725,65.32208204269409
21,175,0.033408116549253464,0.03083108551800251,0.010284802410751581,1.0835854783206587,65.32208204269409
21,176,0.043708402663469315,0.2865104675292969,-0.17117444798350334,0.15255429597470954,65.32208204269409
21,177,0.1338970959186554,0.1934787482023239,-0.01121196523308754,0.6920506627319345,65.32208204269409
21,178,0.0,0.0,0.0,0.0,65.32208204269409
21,179,0.0,0.0,0.0,0.0,65.32208204269409
21,180,0.005692995153367519,0.037838708609342575,-0.022686036303639412,0.1504542666081219,65.32208204269409
21,181,0.11859264969825745,0.5646961331367493,-0.3049294501543045,0.2100114428609493,65.32208204269409
21,182,0.010409495793282986,0.15068337321281433,-0.10260303411632776,0.06908191375907335,65.32208204269409
21,183,0.05619889870285988,0.23574674129486084,-0.12061115726828575,0.23838674670090382,65.32208204269409
21,184,0.07602725923061371,0.26106157898902893,-0.11976892501115799,0.29122347120070674,65.32208204269409
21,185,0.056419916450977325,0.24253970384597778,-0.125484861433506,0.23262136283704526,65.32208204269409
21,186,0.651868999004364,2.4989144802093506,-1.222316861152649,0.26086086745533277,65.32208204269409
21,187,0.0,0.055434003472328186,-0.04157550260424614,0.0,65.32208204269409
21,188,0.027356481179594994,0.029007885605096817,0.005600566975772381,0.943070499900388,65.32208204269409
21,189,0.023770898580551147,0.04329264909029007,-0.008698588237166405,0.5490747062030341,65.32208204269409
21,190,0.04892163723707199,0.5072247385978699,-0.3314969167113304,0.09644962777685188,65.32208204269409
21,191,0.0,0.0,0.0,0.0,65.32208204269409
21,192,0.010552940890192986,0.10442349314689636,-0.06776467896997929,0.10105906795558656,65.32208204269409
21,193,0.002165171317756176,0.0,0.002165171317756176,2165171317.756176,65.32208204269409
21,194,0.0,0.0,0.0,0.0,65.32208204269409
21,195,0.0,0.0,0.0,0.0,65.32208204269409
21,196,0.002052072435617447,0.006216733250766993,-0.0026104775024577975,0.3300885453037868,65.32208204269409
21,197,0.020182428881525993,0.05048547685146332,-0.017681678757071495,0.39976702489126315,65.32208204269409
21,198,0.02290653996169567,0.4057977795600891,-0.28144179470837116,0.056448164862980245,65.32208204269409
21,199,0.0,0.0,0.0,0.0,65.32208204269409
21,200,0.0230063758790493,0.0,0.0230063758790493,23006375879.0493,65.32208204269409
21,201,0.18558652698993683,0.2519388496875763,-0.003367610275745392,0.7366332235752521,65.32208204269409
21,202,0.003743936773389578,0.06474776566028595,-0.044816887471824884,0.05782341267149171,65.32208204269409
21,203,1.785087420103082e-07,0.0,1.785087420103082e-07,178508.7420103082,65.32208204269409
21,204,0.05479179695248604,0.1827734410762787,-0.08228828385472298,0.2997798620496478,65.32208204269409
21,205,0.018904617056250572,0.04321112111210823,-0.0135037237778306,0.43749425076860127,65.32208204269409
21,206,0.047951921820640564,0.19279548525810242,-0.09664469212293625,0.2487191116337441,65.32208204269409
21,207,0.007645424921065569,0.0,0.007645424921065569,7645424921.065569,65.32208204269409
21,208,0.0035460793878883123,0.034629687666893005,-0.02242618636228144,0.10239998182761746,65.32208204269409
21,209,0.19423717260360718,1.0977798700332642,-0.6290977299213409,0.1769363584682461,65.32208204269409
21,210,0.013205881230533123,0.048291441053152084,-0.02301269955933094,0.2734621486181077,65.32208204269409
21,211,0.05060189217329025,0.433626651763916,-0.27461809664964676,0.11669460806279797,65.32208204269409
21,212,0.21801535785198212,0.5078912973403931,-0.16290311515331268,0.4292559431382364,65.32208204269409
21,213,0.05747349187731743,0.5167179107666016,-0.33006494119763374,0.11122798470821083,65.32208204269409
21,214,0.0,0.058385204523801804,-0.04378890339285135,0.0,65.32208204269409
21,215,0.13953299820423126,0.8036040663719177,-0.46317005157470703,0.1736340121249213,65.32208204269409
21,216,0.0,0.0,0.0,0.0,65.32208204269409
21,217,0.012676237151026726,0.03164958208799362,-0.01106094941496849,0.40051831064887844,65.32208204269409
21,218,0.04496706277132034,0.5746020674705505,-0.38598448783159256,0.07825774621590051,65.32208204269409
21,219,0.0019463390344753861,0.0,0.0019463390344753861,1946339034.4753861,65.32208204269409
21,220,0.006857031024992466,0.14235919713974,-0.09991236682981253,0.04816710941558224,65.32208204269409
21,221,0.10233043879270554,0.7246557474136353,-0.4411613717675209,0.14121248490444094,65.32208204269409
21,222,0.12909388542175293,0.5156019926071167,-0.2576076090335846,0.25037507083466753,65.32208204269409
21,223,0.0,0.0,0.0,0.0,65.32208204269409
21,224,0.01216983888298273,0.04488430172204971,-0.021493387408554554,0.2711379795562928,65.32208204269409
21,225,0.024796804413199425,0.17974022030830383,-0.11000836081802845,0.13795912996283266,65.32208204269409
21,226,0.0,0.0,0.0,0.0,65.32208204269409
21,227,0.0,0.014276782982051373,-0.01070758723653853,0.0,65.32208204269409
21,228,0.0016380498418584466,0.5907898545265198,-0.4414543410530314,0.002772643824712369,65.32208204269409
21,229,0.018776128068566322,0.0,0.018776128068566322,18776128068.566322,65.32208204269409
21,230,0.035114191472530365,0.013866988942027092,0.024713949766010046,2.532214572089009,65.32208204269409
21,231,0.0770668312907219,0.0223320834338665,0.06031776871532202,3.450946774200183,65.32208204269409
21,232,0.0031686562579125166,0.006143844220787287,-0.0014392269076779485,0.5157448892789037,65.32208204269409
21,233,0.013125273399055004,0.003119337372481823,0.010785770369693637,4.207712032252701,65.32208204269409
21,234,0.048987943679094315,0.7390285730361938,-0.5052834860980511,0.06628694135298183,65.32208204269409
21,235,0.016817737370729446,0.1632968932390213,-0.10565493255853653,0.10298871605603642,65.32208204269409
21,236,0.023730428889393806,0.04148430377244949,-0.007382798939943314,0.5720339195997691,65.32208204269409
21,237,0.10822445154190063,0.019614363089203835,0.09351367922499776,5.517612325426569,65.32208204269409
21,238,0.04058802127838135,0.227842316031456,-0.13029371574521065,0.17814083873954129,65.32208204269409
21,239,0.031139692291617393,0.1171645000576973,-0.05673368275165558,0.26577753736001064,65.32208204269409
21,240,0.0005912457127124071,0.2354712337255478,-0.17601217958144844,0.0025109042126097636,65.32208204269409
21,241,0.06087995320558548,0.11610447615385056,-0.026198403909802437,0.5243549191366992,65.32208204269409
21,242,0.012602243572473526,0.013604224659502506,0.0023990750778466463,0.926347799081997,65.32208204269409
21,243,0.0344185009598732,0.2611761689186096,-0.16146362572908401,0.13178270093420072,65.32208204269409
21,244,0.11814898997545242,0.10442505776882172,0.039830196648836136,1.131423745399132,65.32208204269409
21,245,0.04588261619210243,0.40872272849082947,-0.26065943017601967,0.11225853859756578,65.32208204269409
21,246,0.014097316190600395,0.07077983021736145,-0.03898755647242069,0.19917137618314487,65.32208204269409
21,247,0.01068895123898983,0.0,0.01068895123898983,10688951238.98983,65.32208204269409
21,248,0.1372857242822647,0.0560743510723114,0.09522996097803116,2.4482802146524683,65.32208204269409
21,249,0.013312121853232384,0.008566697128117085,0.00688709900714457,1.5539386595081341,65.32208204269409
21,250,0.09607148915529251,0.15709052979946136,-0.021746408194303513,0.6115676691479994,65.32208204269409
21,251,0.09579742699861526,0.39183706045150757,-0.1980803683400154,0.24448281356537574,65.32208204269409
21,252,0.0006191852153278887,0.21103228628635406,-0.15765502949943766,0.0029340781271959943,65.32208204269409
21,253,0.07036551833152771,0.016010848805308342,0.058357381727546453,4.3948649558044295,65.32208204269409
21,254,0.008211045525968075,0.0,0.008211045525968075,8211045525.968075,65.32208204269409
21,255,0.0,0.0,0.0,0.0,65.32208204269409
22,0,0.0,0.0,0.0,0.0,65.34273052215576
22,1,0.0,0.0,0.0,0.0,65.34273052215576
22,2,0.016617538407444954,0.020477434620261192,0.0012594624422490597,0.811504893791305,65.34273052215576
22,3,0.004280391149222851,0.09910667687654495,-0.07004961650818586,0.043189735384949406,65.34273052215576
22,4,0.004937108140438795,0.015325410291552544,-0.006556949578225613,0.3221517757888679,65.34273052215576
22,5,0.029678095132112503,0.09590606391429901,-0.042251452803611755,0.30944962102003465,65.34273052215576
22,6,0.11884178221225739,0.03433814272284508,0.09308817517012358,3.460926328136301,65.34273052215576
22,7,0.005705283023416996,0.023013746365904808,-0.01155502675101161,0.2479076171457919,65.34273052215576
22,8,0.0,0.0,0.0,0.0,65.34273052215576
22,9,0.013328463770449162,0.06834139674901962,-0.037927583791315556,0.19502767582000485,65.34273052215576
22,10,0.00791638158261776,1.648891568183899,-1.2287522945553064,0.004801032242121365,65.34273052215576
22,11,0.00219173077493906,0.008506037294864655,-0.004187797196209431,0.2576676657654211,65.34273052215576
22,12,0.014062078669667244,0.09711926430463791,-0.05877736955881119,0.14479185741577863,65.34273052215576
22,13,0.15261362493038177,0.2700743079185486,-0.04994210600852966,0.5650801296354456,65.34273052215576
22,14,0.06488320976495743,0.4537327289581299,-0.27541633695364,0.14299874270432408,65.34273052215576
22,15,0.008220315910875797,0.3201635181903839,-0.23190232273191214,0.025675367253935363,65.34273052215576
22,16,0.009909672662615776,0.0794028639793396,-0.049642475321888924,0.12480245882654109,65.34273052215576
22,17,0.028497198596596718,0.41404613852500916,-0.28203740529716015,0.06882614265657887,65.34273052215576
22,18,0.0,0.05714600905776024,-0.04285950679332018,0.0,65.34273052215576
22,19,0.0,0.0,0.0,0.0,65.34273052215576
22,20,0.0,0.033298566937446594,-0.024973925203084946,0.0,65.34273052215576
22,21,0.015408194623887539,0.0013532595476135612,0.014393249963177368,11.385986257901164,65.34273052215576
22,22,0.019899209961295128,0.4899369478225708,-0.347553500905633,0.04061585893795655,65.34273052215576
22,23,1.0017468929290771,0.28494974970817566,0.7880345806479454,3.5155212241859357,65.34273052215576
22,24,0.189973846077919,0.0776897594332695,0.13170652650296688,2.4452881237024426,65.34273052215576
22,25,0.009412799030542374,0.38950392603874207,-0.2827151454985142,0.02416612106133678,65.34273052215576
22,26,0.01750817894935608,0.542214035987854,-0.3891523480415344,0.03229016179455005,65.34273052215576
22,27,0.11342182755470276,0.4348694086074829,-0.21273022890090942,0.26081813369589657,65.34273052215576
22,28,0.04683784767985344,0.002844494068995118,0.0447044771281071,16.466143548660597,65.34273052215576
22,29,0.012729677371680737,0.056357674300670624,-0.02953857835382223,0.22587300717097525,65.34273052215576
22,30,0.0063822572119534016,0.13167262077331543,-0.09237220836803317,0.048470647689867724,65.34273052215576
22,31,0.0074738929979503155,0.3667255640029907,-0.2675702800042927,0.02038007090738017,65.34273052215576
22,32,0.6828960180282593,0.0186704583466053,0.6688931742683053,36.57628566552297,65.34273052215576
22,33,0.03303510695695877,0.06880612671375275,-0.01856948807835579,0.480118683237487,65.34273052215576
22,34,0.009978599846363068,0.0,0.009978599846363068,9978599846.363068,65.34273052215576
22,35,0.0023418962955474854,0.027805007994174957,-0.018511859700083733,0.08422570121015172,65.34273052215576
22,36,0.052007824182510376,0.554472029209137,-0.36384619772434235,0.09379702030523916,65.34273052215576
22,37,0.08657573163509369,0.3379595875740051,-0.16689395904541016,0.25617184662908693,65.34273052215576
22,38,0.026031658053398132,0.11738916486501694,-0.06201021559536457,0.22175520273195207,65.34273052215576
22,39,0.007943100295960903,0.1018712967634201,-0.06846037227660418,0.07797191699963846,65.34273052215576
22,40,0.002976233372464776,0.3102247714996338,-0.22969234525226057,0.009593796646438004,65.34273052215576
22,41,0.014436641708016396,0.03195856511592865,-0.009532282128930092,0.45172997145510824,65.34273052215576
22,42,0.0027874724473804235,0.16000483930110931,-0.11721615702845156,0.01742117588154521,65.34273052215576
22,43,0.0008223883341997862,0.061515823006629944,-0.04531447892077267,0.013368728466784613,65.34273052215576
22,44,0.2727828025817871,0.8497322797775269,-0.36451640725135803,0.32102205491461955,65.34273052215576
22,45,0.014827094972133636,0.07046952098608017,-0.03802504576742649,0.2104043672278122,65.34273052215576
22,46,0.03789238631725311,0.1356932371854782,-0.06387754157185555,0.2792503672469616,65.34273052215576
22,47,0.04543759673833847,1.2726030349731445,-0.9090146794915199,0.03570445416960806,65.34273052215576
22,48,0.13423852622509003,0.6097418069839478,-0.3230678290128708,0.2201563427131115,65.34273052215576
22,49,0.07655466347932816,0.11459618806838989,-0.009392477571964264,0.6680384816375657,65.34273052215576
22,50,0.07708432525396347,1.314342737197876,-0.9086727276444435,0.05864857245549619,65.34273052215576
22,51,0.0,0.10710959136486053,-0.0803321935236454,0.0,65.34273052215576
22,52,0.11531314253807068,0.019025465473532677,0.10104404343292117,6.060989293135974,65.34273052215576
22,53,0.010661437176167965,0.0,0.010661437176167965,10661437176.167965,65.34273052215576
22,54,0.034340087324380875,1.1568745374679565,-0.8333158157765865,0.029683501721380352,65.34273052215576
22,55,0.02638501301407814,0.3201969563961029,-0.21376270428299904,0.08240244789009141,65.34273052215576
22,56,0.0,0.0,0.0,0.0,65.34273052215576
22,57,0.0,0.003179144347086549,-0.0023843582603149116,0.0,65.34273052215576
22,58,0.0,0.032154519110918045,-0.024115889333188534,0.0,65.34273052215576
22,59,0.0,0.08788640052080154,-0.06591480039060116,0.0,65.34273052215576
22,60,0.2113911211490631,0.9264289140701294,-0.48343056440353394,0.22817845809682158,65.34273052215576
22,61,0.008858295157551765,0.3679755628108978,-0.2671233769506216,0.024073052813237926,65.34273052215576
22,62,0.01725717820227146,0.1198912188410759,-0.07266123592853546,0.14394030162461777,65.34273052215576
22,63,0.0,0.0,0.0,0.0,65.34273052215576
22,64,0.038444627076387405,0.3512038290500641,-0.22495824471116066,0.10946528453366511,65.34273052215576
22,65,0.10299967974424362,0.07036694884300232,0.05022446811199188,1.4637508295632562,65.34273052215576
22,66,0.0,0.0,0.0,0.0,65.34273052215576
22,67,0.017562242224812508,0.09028041362762451,-0.050148067995905876,0.19452992646950149,65.34273052215576
22,68,0.017316097393631935,0.17673510313034058,-0.1152352299541235,0.0979776913970706,65.34273052215576
22,69,0.013194961473345757,0.10787513107061386,-0.06771138682961464,0.12231699134238978,65.34273052215576
22,70,0.10952629148960114,0.04742256924510002,0.07395936455577612,2.30958156065339,65.34273052215576
22,71,0.013506564311683178,0.144447922706604,-0.09482937771826982,0.09350473207581937,65.34273052215576
22,72,0.03064058907330036,0.06174294278025627,-0.015666618011891842,0.4962605877380068,65.34273052215576
22,73,0.0,0.0226136427372694,-0.01696023205295205,0.0,65.34273052215576
22,74,0.028244640678167343,0.03635777160525322,0.0009763119742274284,0.7768529101302103,65.34273052215576
22,75,0.0,0.0,0.0,0.0,65.34273052215576
22,76,0.03848983719944954,0.12610551714897156,-0.05608930066227913,0.3052192962634246,65.34273052215576
22,77,0.0034201634116470814,0.5411185622215271,-0.40241875825449824,0.00632054350085405,65.34273052215576
22,78,0.0023414993193000555,0.0,0.0023414993193000555,2341499319.3000555,65.34273052215576
22,79,0.017370568588376045,0.033166296780109406,-0.007504153996706009,0.5237415772709915,65.34273052215576
22,80,0.0016486538806930184,0.10635347664356232,-0.07811645360197872,0.015501645387699804,65.34273052215576
22,81,0.03191637992858887,2.339092969894409,-1.722403347492218,0.013644767582716467,65.34273052215576
22,82,0.005180533044040203,0.04193027690052986,-0.026267174631357193,0.12355112884673526,65.34273052215576
22,83,0.0,0.0,0.0,0.0,65.34273052215576
22,84,0.018487541005015373,0.11231804639101028,-0.06575099378824234,0.1645999160321086,65.34273052215576
22,85,0.023704828694462776,0.13861219584941864,-0.0802543181926012,0.17101546187208158,65.34273052215576
22,86,0.07554223388433456,0.27888408303260803,-0.13362082839012146,0.27087323544108843,65.34273052215576
22,87,0.0,0.49050822854042053,-0.3678811714053154,0.0,65.34273052215576
22,88,0.061406344175338745,0.2325228750705719,-0.11298581212759018,0.2640873254144888,65.34273052215576
22,89,0.0,0.0,0.0,0.0,65.34273052215576
22,90,0.0,0.0,0.0,0.0,65.34273052215576
22,91,0.08023253083229065,0.33581167459487915,-0.1716262251138687,0.23892120763473662,65.34273052215576
22,92,0.11207471787929535,0.22797991335391998,-0.05891021713614464,0.49159908971812355,65.34273052215576
22,93,0.00652959244325757,0.0,0.00652959244325757,6529592443.25757,65.34273052215576
22,94,0.0,0.015292929485440254,-0.01146969711408019,0.0,65.34273052215576
22,95,0.0,0.0,0.0,0.0,65.34273052215576
22,96,0.0008378491620533168,0.05435912311077118,-0.03993149317102507,0.015413220708703542,65.34273052215576
22,97,0.0021039973944425583,0.0,0.0021039973944425583,2103997394.4425583,65.34273052215576
22,98,0.01446868572384119,0.3239578306674957,-0.2284996872767806,0.044662250311976306,65.34273052215576
22,99,0.010385873727500439,0.6441293358802795,-0.4727111281827092,0.016123894921337156,65.34273052215576
22,100,0.0,0.017852671444416046,-0.013389503583312035,0.0,65.34273052215576
22,101,0.0037308428436517715,0.0,0.0037308428436517715,3730842843.6517715,65.34273052215576
22,102,0.014362355694174767,0.04112337529659271,-0.016480175778269768,0.3492504102652175,65.34273052215576
22,103,0.0,0.40886127948760986,-0.3066459596157074,0.0,65.34273052215576
22,104,0.004813902545720339,0.048963673412799835,-0.03190885251387954,0.09831579638719666,65.34273052215576
22,105,0.06227169185876846,0.07092747092247009,0.009076088666915894,0.8779629535354345,65.34273052215576
22,106,0.050574541091918945,0.2163005918264389,-0.11165090277791023,0.23381600884507284,65.34273052215576
22,107,0.0,0.30161231756210327,-0.22620923817157745,0.0,65.34273052215576
22,108,0.04467494785785675,0.9293461441993713,-0.6523346602916718,0.04807137592021324,65.34273052215576
22,109,0.6807049512863159,2.1782593727111816,-0.9529895782470703,0.3124994937764278,65.34273052215576
22,110,0.020799953490495682,0.14598043262958527,-0.08868537098169327,0.14248453108185785,65.34273052215576
22,111,0.1317785680294037,0.2506461441516876,-0.05620604008436203,0.5257554169639543,65.34273052215576
22,112,0.05327431857585907,0.05047592148184776,0.015417377464473248,1.0554402378560286,65.34273052215576
22,113,0.022934401407837868,0.6672183275222778,-0.4774793442338705,0.03437315862256157,65.34273052215576
22,114,0.01829269342124462,0.07881153374910355,-0.04081595689058304,0.23210680659061006,65.34273052215576
22,115,0.006765974219888449,0.044770944863557816,-0.026812234427779913,0.15112422220163196,65.34273052215576
22,116,0.07791741192340851,0.17652463912963867,-0.054476067423820496,0.4413968061747177,65.34273052215576
22,117,0.0,0.00731788482517004,-0.00548841361887753,0.0,65.34273052215576
22,118,0.003919577691704035,0.006237192079424858,-0.0007583163678646088,0.6284202315983581,65.34273052215576
22,119,0.03321722894906998,0.0,0.03321722894906998,33217228949.069977,65.34273052215576
22,120,0.031225653365254402,0.17298820614814758,-0.09851550124585629,0.18050741180778623,65.34273052215576
22,121,0.03151208907365799,0.2487170696258545,-0.15502571314573288,0.1266985379046761,65.34273052215576
22,122,0.7827138304710388,3.655862808227539,-1.9591832756996155,0.21409825027058538,65.34273052215576
22,123,0.0,0.0,0.0,0.0,65.34273052215576
22,124,0.03740522637963295,0.2193150669336319,-0.12708107382059097,0.17055474985118915,65.34273052215576
22,125,0.006662776228040457,0.027333270758390427,-0.013837176840752363,0.24376066394291435,65.34273052215576
22,126,0.016511356458067894,0.07663509249687195,-0.04096496291458607,0.21545425104727825,65.34273052215576
22,127,0.0,0.02208157256245613,-0.016561179421842098,0.0,65.34273052215576
22,128,0.052350714802742004,1.2013801336288452,-0.8486843854188919,0.043575479015596635,65.34273052215576
22,129,0.12310153245925903,0.1698356717824936,-0.00427522137761116,0.7248273061043901,65.34273052215576
22,130,0.009814275428652763,0.029469260945916176,-0.012287670280784369,0.3330343250321581,65.34273052215576
22,131,0.004795862827450037,0.02644135244190693,-0.01503515150398016,0.1813773647851572,65.34273052215576
22,132,0.025555897504091263,0.25745153427124023,-0.1675327531993389,0.09926488718093002,65.34273052215576
22,133,0.00810307264328003,0.0552796870470047,-0.033356692641973495,0.14658318590413413,65.34273052215576
22,134,0.0075956303626298904,0.05641346052289009,-0.03471446502953768,0.13464216327259834,65.34273052215576
22,135,0.0,0.0,0.0,0.0,65.34273052215576
22,136,0.01166169997304678,0.0068044643849134445,0.006558351684361696,1.7138307016770857,65.34273052215576
22,137,0.9339324235916138,2.8566172122955322,-1.2085304856300354,0.32693649662664936,65.34273052215576
22,138,0.03634467348456383,0.16928333044052124,-0.0906178243458271,0.2146972970685915,65.34273052215576
22,139,0.0010874998988583684,0.01669277437031269,-0.01143208087887615,0.06514794213760462,65.34273052215576
22,140,0.00903197843581438,0.46579721570014954,-0.34031593333929777,0.019390365874598102,65.34273052215576
22,141,0.024630708619952202,0.04991762340068817,-0.012807508930563927,0.49342710933468065,65.34273052215576
22,142,0.0,0.0,0.0,0.0,65.34273052215576
22,143,0.19038480520248413,0.7875958681106567,-0.4003120958805084,0.24172905535798653,65.34273052215576
22,144,0.7168800234794617,2.3154666423797607,-1.0197199583053589,0.30960498862655444,65.34273052215576
22,145,0.020209088921546936,0.4098174273967743,-0.2871539816260338,0.0493124195568475,65.34273052215576
22,146,0.013607402332127094,0.34962400794029236,-0.24861060362309217,0.03892010280487375,65.34273052215576
22,147,0.0,0.0,0.0,0.0,65.34273052215576
22,148,0.07195432484149933,0.0,0.07195432484149933,71954324841.49933,65.34273052215576
22,149,0.004518179222941399,0.011132725514471531,-0.0038313649129122496,0.4058466380638173,65.34273052215576
22,150,0.0,0.0,0.0,0.0,65.34273052215576
22,151,0.02218511514365673,0.0667131170630455,-0.027849722653627396,0.33254502442688616,65.34273052215576
22,152,0.0,0.06561586260795593,-0.04921189695596695,0.0,65.34273052215576
22,153,0.00839172676205635,0.007000129669904709,0.003141629509627819,1.198795901872456,65.34273052215576
22,154,0.009776465594768524,0.08188928663730621,-0.051640499383211136,0.11938638124850001,65.34273052215576
22,155,0.05874926224350929,0.12472530454397202,-0.03479471616446972,0.47102921462361436,65.34273052215576
22,156,0.04697124660015106,0.08978676795959473,-0.020368829369544983,0.5231421919626912,65.34273052215576
22,157,0.01011919230222702,0.012004377320408821,0.0011159093119204044,0.8429585334826382,65.34273052215576
22,158,0.058239057660102844,1.2647746801376343,-0.8903419524431229,0.04604698257694339,65.34273052215576
22,159,0.010287430137395859,0.27211496233940125,-0.19379879161715508,0.03780545563873417,65.34273052215576
22,160,0.15980307757854462,0.6523858904838562,-0.32948634028434753,0.24495176843842872,65.34273052215576
22,161,0.07176270335912704,0.2583160102367401,-0.12197430431842804,0.2778097389049968,65.34273052215576
22,162,0.015379291027784348,0.6481085419654846,-0.4707021154463291,0.02372949904520723,65.34273052215576
22,163,0.18772244453430176,1.1825766563415527,-0.6992100477218628,0.15874019119816352,65.34273052215576
22,164,0.1145358607172966,0.4272169768810272,-0.20587687194347382,0.268097634024794,65.34273052215576
22,165,0.042822275310754776,0.11127107590436935,-0.04063103161752224,0.3848464208899448,65.34273052215576
22,166,0.002197308698669076,0.013676558621227741,-0.00806011026725173,0.16066239756380774,65.34273052215576
22,167,0.0,0.004832650069147348,-0.0036244875518605113,0.0,65.34273052215576
22,168,0.5385008454322815,2.154404878616333,-1.0773028135299683,0.2499534097684943,65.34273052215576
22,169,0.006330084055662155,0.0,0.006330084055662155,6330084055.662155,65.34273052215576
22,170,0.003702740650624037,0.012191417627036572,-0.005440822569653392,0.3037169887535354,65.34273052215576
22,171,0.003299748757854104,0.010142672806978226,-0.004307255847379565,0.3253332548850952,65.34273052215576
22,172,0.03134769946336746,0.38645684719085693,-0.25849493592977524,0.08111565286306045,65.34273052215576
22,173,0.001944126095622778,0.0070628514513373375,-0.003353012492880225,0.2752607935679293,65.34273052215576
22,174,0.0,0.12558670341968536,-0.09419002756476402,0.0,65.34273052215576
22,175,0.017951279878616333,0.0,0.017951279878616333,17951279878.616333,65.34273052215576
22,176,0.0005537023534998298,0.33006903529167175,-0.24699807411525398,0.001677534982973676,65.34273052215576
22,177,0.0,0.0,0.0,0.0,65.34273052215576
22,178,0.0,0.00704213697463274,-0.005281602730974555,0.0,65.34273052215576
22,179,0.011107858270406723,0.2372594028711319,-0.1668366938829422,0.04681735744059497,65.34273052215576
22,180,0.025849876925349236,0.09186112135648727,-0.04304596409201622,0.28140171318779905,65.34273052215576
22,181,0.0,0.0,0.0,0.0,65.34273052215576
22,182,0.0,0.0,0.0,0.0,65.34273052215576
22,183,0.0022091635037213564,0.029034608975052834,-0.01956679322756827,0.07608724834363813,65.34273052215576
22,184,0.0009043998434208333,0.025910967960953712,-0.01852882612729445,0.03490413190077677,65.34273052215576
22,185,0.023585695773363113,0.11394993215799332,-0.061876753345131874,0.20698297336811225,65.34273052215576
22,186,0.04849335923790932,0.21676760911941528,-0.11408234760165215,0.22371127971878427,65.34273052215576
22,187,0.07613024860620499,0.001708883442915976,0.074848586024018,44.54970224987927,65.34273052215576
22,188,0.032092317938804626,0.24828343093395233,-0.15412025526165962,0.12925678454641815,65.34273052215576
22,189,0.0015268202405422926,0.0,0.0015268202405422926,1526820240.5422926,65.34273052215576
22,190,0.015488487668335438,0.01446608081459999,0.004638927057385445,1.0706761468961863,65.34273052215576
22,191,0.0011548855109140277,0.01946123130619526,-0.013441037968732417,0.05934287983551382,65.34273052215576
22,192,0.019217906519770622,0.009363063611090183,0.012195608811452985,2.0525233316748204,65.34273052215576
22,193,0.03711841627955437,0.053482167422771454,-0.0029932092875242233,0.6940335081307154,65.34273052215576
22,194,0.018950296565890312,0.10573462396860123,-0.06035067141056061,0.1792250811932573,65.34273052215576
22,195,0.005607526283711195,0.021467024460434914,-0.01049274206161499,0.2612158146922041,65.34273052215576
22,196,0.018911311402916908,0.16977016627788544,-0.10841631330549717,0.11139360829658877,65.34273052215576
22,197,0.0011522022541612387,0.18781375885009766,-0.139708116883412,0.006134812812487964,65.34273052215576
22,198,0.016023745760321617,0.0,0.016023745760321617,16023745760.321617,65.34273052215576
22,199,0.014378990046679974,0.08756557106971741,-0.05129518825560808,0.1642082598315677,65.34273052215576
22,200,0.2963353097438812,1.7832083702087402,-1.041070967912674,0.16618097732965798,65.34273052215576
22,201,0.05609957128763199,0.27635759115219116,-0.15116862207651138,0.2029963101557603,65.34273052215576
22,202,0.015542789362370968,0.19588573276996613,-0.13137151021510363,0.07934620425135268,65.34273052215576
22,203,0.0023333157878369093,0.0077974190935492516,-0.0035147485323250294,0.2992420645272232,65.34273052215576
22,204,0.798924446105957,3.3896870613098145,-1.7433408498764038,0.23569268538819263,65.34273052215576
22,205,0.005752766504883766,0.28017061948776245,-0.20437519811093807,0.02053308271717088,65.34273052215576
22,206,0.04390649497509003,0.7494625449180603,-0.5181904137134552,0.05858397497346822,65.34273052215576
22,207,0.0,0.11718948930501938,-0.08789211697876453,0.0,65.34273052215576
22,208,0.09223683923482895,0.4526163339614868,-0.24722541123628616,0.20378592709487503,65.34273052215576
22,209,0.004135281313210726,0.43588653206825256,-0.3227796177379787,0.009487059151792565,65.34273052215576
22,210,0.5199421644210815,2.3242881298065186,-1.2232739329338074,0.22369953094590708,65.34273052215576
22,211,0.010707473382353783,0.12690967321395874,-0.08447478152811527,0.08437082147566118,65.34273052215576
22,212,0.007930132560431957,0.023299265652894974,-0.009544316679239273,0.3403597640471671,65.34273052215576
22,213,0.0204777829349041,0.06750813871622086,-0.030153321102261543,0.30333798744891716,65.34273052215576
22,214,0.08843012154102325,0.10443985462188721,0.010100230574607849,0.8467085851500645,65.34273052215576
22,215,0.0013738960260525346,0.0,0.0013738960260525346,1373896026.0525346,65.34273052215576
22,216,0.690582811832428,0.548631489276886,0.2791091948747635,1.2587371037367536,65.34273052215576
22,217,0.0,0.0,0.0,0.0,65.34273052215576
22,218,0.2042776495218277,0.6864458322525024,-0.31055672466754913,0.2975874277671899,65.34273052215576
22,219,0.01978316716849804,0.12412185221910477,-0.07330822199583054,0.15938504634475345,65.34273052215576
22,220,0.045443858951330185,0.4142872989177704,-0.2652716152369976,0.10969165376281641,65.34273052215576
22,221,0.004486153367906809,0.3890255093574524,-0.2872829786501825,0.011531771721872404,65.34273052215576
22,222,1.1784625712607522e-05,0.0037722093984484673,-0.002817372423123743,0.0031240645639477346,65.34273052215576
22,223,0.003205524757504463,0.028986917808651924,-0.01853466359898448,0.11058522256675055,65.34273052215576
22,224,0.0,0.08017833530902863,-0.06013375148177147,0.0,65.34273052215576
22,225,0.004637188743799925,0.0060408939607441425,0.00010651827324181795,0.7676328657921125,65.34273052215576
22,226,0.5132433176040649,0.0,0.5132433176040649,513243317604.06494,65.34273052215576
22,227,0.0,0.08970528841018677,-0.06727896630764008,0.0,65.34273052215576
22,228,0.018422318622469902,0.32257601618766785,-0.22350969351828098,0.05711000724770276,65.34273052215576
22,229,0.034320563077926636,0.31857332587242126,-0.2046094313263893,0.1077320675980362,65.34273052215576
22,230,0.04443168640136719,0.3475828766822815,-0.21625547111034393,0.12783048125196764,65.34273052215576
22,231,0.007860733196139336,0.009164376184344292,0.0009874510578811169,0.8577488567863738,65.34273052215576
22,232,0.03406635299324989,0.3459409475326538,-0.22538935765624046,0.09847447443305582,65.34273052215576
22,233,0.013076757080852985,0.054392967373132706,-0.027717968448996544,0.24041264362186296,65.34273052215576
22,234,0.00846245139837265,0.1318993717432022,-0.09046207740902901,0.06415839049471915,65.34273052215576
22,235,0.012272322550415993,0.22973929345607758,-0.1600321475416422,0.05341847433124818,65.34273052215576
22,236,0.009752824902534485,0.03935862332582474,-0.01976614259183407,0.24779385248181382,65.34273052215576
22,237,0.0020938117522746325,0.024458279833197594,-0.016249898122623563,0.08560748206613708,65.34273052215576
22,238,0.06152874976396561,0.267762690782547,-0.13929326832294464,0.22978836067084488,65.34273052215576
22,239,0.03584954887628555,0.07789340615272522,-0.022570505738258362,0.460238557363062,65.34273052215576
22,240,0.013762452639639378,0.00018471135990694165,0.013623919119709171,74.50788393342496,65.34273052215576
22,241,0.11302591860294342,0.010914191603660583,0.10484027490019798,10.35586717706871,65.34273052215576
22,242,0.05034881457686424,0.23489254713058472,-0.1258205957710743,0.21434828474425494,65.34273052215576
22,243,0.027146823704242706,0.22806107997894287,-0.14389898627996445,0.11903312790867328,65.34273052215576
22,244,0.0,0.20481392741203308,-0.1536104455590248,0.0,65.34273052215576
22,245,0.0011516960803419352,0.005035934504121542,-0.0026252547977492213,0.22869560340204204,65.34273052215576
22,246,0.0109846917912364,0.034021664410829544,-0.014531556516885757,0.32287343906128696,65.34273052215576
22,247,0.09694837778806686,0.16271758079528809,-0.0250898078083992,0.5958076399220805,65.34273052215576
22,248,0.027269456535577774,0.060127343982458115,-0.017826051451265812,0.45352837376418936,65.34273052215576
22,249,0.08482333272695541,0.0953204557299614,0.013332990929484367,0.8898754425426402,65.34273052215576
22,250,0.0,0.0,0.0,0.0,65.34273052215576
22,251,0.012989970855414867,0.07648952305316925,-0.04437717143446207,0.16982679897501093,65.34273052215576
22,252,0.03471854701638222,0.09944555163383484,-0.03986561670899391,0.34912116676539845,65.34273052215576
22,253,0.055215850472450256,0.20688119530677795,-0.09994504600763321,0.26689642038419886,65.34273052215576
22,254,0.009379610419273376,0.14883816242218018,-0.10224901139736176,0.06301885394556973,65.34273052215576
22,255,0.0,0.02497904933989048,-0.01873428700491786,0.0,65.34273052215576
23,0,0.018750207498669624,0.07013703137636185,-0.03385256603360176,0.26733677103878156,65.36337900161743
23,1,0.07535707950592041,0.02312120795249939,0.05801617354154587,3.259218967169712,65.36337900161743
23,2,0.07805003225803375,0.5674741864204407,-0.34755560755729675,0.1375393526712228,65.36337900161743
23,3,0.002745450474321842,0.0,0.002745450474321842,2745450474.321842,65.36337900161743
23,4,0.0,0.010360543616116047,-0.007770407712087035,0.0,65.36337900161743
23,5,0.016358617693185806,0.0,0.016358617693185806,16358617693.185806,65.36337900161743
23,6,0.0027722090017050505,0.04774611070752144,-0.03303737402893603,0.05806146219173164,65.36337900161743
23,7,0.01397223025560379,0.08640782535076141,-0.05083363875746727,0.16170098250619805,65.36337900161743
23,8,0.0016958622727543116,0.06779688596725464,-0.04915180220268667,0.025013866765921752,65.36337900161743
23,9,0.10184252262115479,0.05070048198103905,0.0638171611353755,2.008709160935257,65.36337900161743
23,10,0.061120498925447464,0.011189348064363003,0.05272848787717521,5.462382488095798,65.36337900161743
23,11,0.0582939088344574,0.16054555773735046,-0.06211525946855545,0.3630988590133527,65.36337900161743
23,12,0.001992017263546586,0.0,0.001992017263546586,1992017263.546586,65.36337900161743
23,13,0.13075028359889984,0.05661270022392273,0.0882907584309578,2.309557450526611,65.36337900161743
23,14,0.00010377280705142766,0.11487003415822983,-0.08604875281162094,0.0009033931939776436,65.36337900161743
23,15,0.0,0.0,0.0,0.0,65.36337900161743
23,16,0.008094693534076214,0.012547570280730724,-0.0013159841764718294,0.6451203979994514,65.36337900161743
23,17,0.003950051963329315,0.032208457589149475,-0.02020629122853279,0.12264020877973945,65.36337900161743
23,18,0.038214340806007385,0.14560231566429138,-0.07098739594221115,0.2624569577166203,65.36337900161743
23,19,0.03890301659703255,0.12344905734062195,-0.053683776408433914,0.3151341730328146,65.36337900161743
23,20,0.04717301204800606,0.2869836091995239,-0.1680646948516369,0.16437528324150696,65.36337900161743
23,21,0.20783796906471252,0.4191407561302185,-0.10651759803295135,0.4958667608063522,65.36337900161743
23,22,0.010217851027846336,0.013341265730559826,0.00021190172992646694,0.7658831803098859,65.36337900161743
23,23,0.04935573786497116,0.6195157766342163,-0.41528109461069107,0.07966825015020214,65.36337900161743
23,24,0.42879214882850647,0.4361577332019806,0.10167384892702103,0.9831125672806854,65.36337900161743
23,25,0.0032633573282510042,0.019516298547387123,-0.011373866582289338,0.16721189830951302,65.36337900161743
23,26,0.046517789363861084,0.03274870291352272,0.021956262178719044,1.420446772663852,65.36337900161743
23,27,0.014827958308160305,0.05953272432088852,-0.029821584932506084,0.24907239635106837,65.36337900161743
23,28,1.3138264417648315,5.095608711242676,-2.5078800916671753,0.2578350333034438,65.36337900161743
23,29,0.013511013239622116,0.011036147363483906,0.005233902717009187,1.2242508905873009,65.36337900161743
23,30,0.014874156564474106,0.03466293588280678,-0.011123045347630978,0.42910838869314455,65.36337900161743
23,31,0.024680208414793015,0.028274517506361008,0.0034743202850222588,0.8728781457850785,65.36337900161743
23,32,0.0014714839635416865,0.0,0.0014714839635416865,1471483963.5416865,65.36337900161743
23,33,0.004583496600389481,0.0674796998500824,-0.04602627828717232,0.06792408102739893,65.36337900161743
23,34,0.01599375531077385,0.7478485107421875,-0.5448926277458668,0.0213863571044352,65.36337900161743
23,35,0.04365944489836693,0.20108561217784882,-0.10715476423501968,0.21711869101572273,65.36337900161743
23,36,0.0,0.041398659348487854,-0.03104899451136589,0.0,65.36337900161743
23,37,0.26755020022392273,0.8751366138458252,-0.38880226016044617,0.3057239246885766,65.36337900161743
23,38,0.012272410094738007,0.0036495064850896597,0.009535280230920762,3.3627588117777365,65.36337900161743
23,39,0.010475613176822662,0.02548740990459919,-0.00863994425162673,0.4110112881466756,65.36337900161743
23,40,0.015417356044054031,0.5629624724388123,-0.40680449828505516,0.027386116835172065,65.36337900161743
23,41,0.09655353426933289,1.0904909372329712,-0.7213146686553955,0.08854134497829096,65.36337900161743
23,42,0.0,0.018317095935344696,-0.013737821951508522,0.0,65.36337900161743
23,43,0.017375020310282707,0.09280011802911758,-0.05222506821155548,0.1872305841749444,65.36337900161743
23,44,0.06936600804328918,0.47804203629493713,-0.28916551917791367,0.1451044108605282,65.36337900161743
23,45,0.13518525660037994,0.37056827545166016,-0.14274094998836517,0.3648052614197671,65.36337900161743
23,46,0.09315328299999237,0.10911773145198822,0.011314984411001205,0.8536951947184321,65.36337900161743
23,47,0.016464851796627045,0.1822388619184494,-0.12021429464221,0.09034764387359158,65.36337900161743
23,48,0.04144570603966713,0.18495775759220123,-0.0972726121544838,0.22408200974637363,65.36337900161743
23,49,0.0,0.0,0.0,0.0,65.36337900161743
23,50,0.0,0.0,0.0,0.0,65.36337900161743
23,51,0.048926569521427155,0.19465267658233643,-0.09706293791532516,0.25135318137010193,65.36337900161743
23,52,0.0,0.0,0.0,0.0,65.36337900161743
23,53,0.005273587070405483,0.8775308728218079,-0.6528745675459504,0.00600957440214224,65.36337900161743
23,54,0.43243634700775146,3.0474255084991455,-1.8531327843666077,0.14190218786367778,65.36337900161743
23,55,0.011588281951844692,0.0467221662402153,-0.023453342728316784,0.24802535678712287,65.36337900161743
23,56,0.038661420345306396,0.05025171861052513,0.0009726313874125481,0.7693551865197199,65.36337900161743
23,57,0.022601790726184845,0.35924142599105835,-0.24682927876710892,0.06291532404362658,65.36337900161743
23,58,0.08218160271644592,0.3949340879917145,-0.21401896327733994,0.20808941343640605,65.36337900161743
23,59,0.022330980747938156,0.09834489226341248,-0.0514276884496212,0.22706802797544925,65.36337900161743
23,60,0.0017166923498734832,0.04066257178783417,-0.028780236491002142,0.042217997395454517,65.36337900161743
23,61,0.06565601378679276,0.2238704264163971,-0.10224680602550507,0.2932768514246712,65.36337900161743
23,62,0.0071654366329312325,0.05897749215364456,-0.03706768248230219,0.12149442730021107,65.36337900161743
23,63,0.02646166831254959,0.5130614638328552,-0.3583344295620918,0.05157601998562628,65.36337900161743
23,64,0.042501870542764664,0.08532872796058655,-0.021494675427675247,0.49809567724832643,65.36337900161743
23,65,0.004896247293800116,0.0061224037781357765,0.0003044444601982832,0.7997262954929212,65.36337900161743
23,66,0.11991706490516663,0.2278195172548294,-0.05094757303595543,0.5263687077806685,65.36337900161743
23,67,0.04627550393342972,0.44411224126815796,-0.28680867701768875,0.10419776721575225,65.36337900161743
23,68,0.06356950849294662,0.0,0.06356950849294662,63569508492.946625,65.36337900161743
23,69,0.0,0.0,0.0,0.0,65.36337900161743
23,70,0.19993385672569275,0.7722772359848022,-0.37927407026290894,0.2588887091440416,65.36337900161743
23,71,0.010285387746989727,0.1772323101758957,-0.12263884488493204,0.05803336726087853,65.36337900161743
23,72,0.007592804729938507,0.012945253401994705,-0.002116135321557522,0.586531950636209,65.36337900161743
23,73,0.0,0.0,0.0,0.0,65.36337900161743
23,74,0.00040005400660447776,0.19853059947490692,-0.1484978955995757,0.002015074792805565,65.36337900161743
23,75,0.012505179271101952,0.07316555827856064,-0.04236898943781853,0.17091620108084885,65.36337900161743
23,76,0.18466025590896606,0.7217168807983398,-0.3566274046897888,0.25586245911893457,65.36337900161743
23,77,0.0,0.010085118934512138,-0.007563839200884104,0.0,65.36337900161743
23,78,0.03157998248934746,0.13849379122257233,-0.07229036092758179,0.22802453604846068,65.36337900161743
23,79,0.026748187839984894,0.15892629325389862,-0.09244653210043907,0.1683056169760659,65.36337900161743
23,80,0.011683693155646324,0.08372042328119278,-0.05110662430524826,0.13955606884910995,65.36337900161743
23,81,0.07879067957401276,0.05249859765172005,0.03941673133522272,1.5008149378620683,65.36337900161743
23,82,0.0,0.009411346167325974,-0.00705850962549448,0.0,65.36337900161743
23,83,0.039254382252693176,0.09463294595479965,-0.03172032721340656,0.4148067235593382,65.36337900161743
23,84,0.037369564175605774,0.0884738638997078,-0.02898583374917507,0.42237970094247024,65.36337900161743
23,85,0.03973113372921944,0.11203775554895401,-0.04429718293249607,0.35462272101215564,65.36337900161743
23,86,0.1629224568605423,0.041761498898267746,0.1316013326868415,3.901259800409104,65.36337900161743
23,87,0.009234113618731499,0.035225462168455124,-0.017184983007609844,0.26214315015399936,65.36337900161743
23,88,0.02881285548210144,0.018717115744948387,0.01477501867339015,1.5393854412819152,65.36337900161743
23,89,0.28224217891693115,0.8428979516029358,-0.3499312847852707,0.3348473897461222,65.36337900161743
23,90,0.04713074490427971,0.17881087958812714,-0.08697741478681564,0.26357873196853043,65.36337900161743
23,91,0.06405597180128098,0.368373304605484,-0.21222400665283203,0.17388874546625735,65.36337900161743
23,92,0.03324640914797783,0.1042834147810936,-0.04496615193784237,0.3188082133429192,65.36337900161743
23,93,0.3577702045440674,0.470701664686203,0.004743956029415131,0.7600784772703484,65.36337900161743
23,94,0.013769318349659443,0.3894486725330353,-0.278317186050117,0.03535592575028252,65.36337900161743
23,95,0.01864708587527275,0.11149138957262039,-0.06497145630419254,0.16725135408739022,65.36337900161743
23,96,0.09798800200223923,0.28635120391845703,-0.11677540093660355,0.34219518081649364,65.36337900161743
23,97,0.0,0.017188195139169693,-0.01289114635437727,0.0,65.36337900161743
23,98,0.05545412749052048,0.2492283284664154,-0.13146711885929108,0.22250330783633473,65.36337900161743
23,99,0.10678419470787048,0.38290318846702576,-0.18039319664239883,0.27888040090527344,65.36337900161743
23,100,0.03546503186225891,0.10355028510093689,-0.042197681963443756,0.34249091470242166,65.36337900161743
23,101,0.019419359043240547,0.07826059311628342,-0.039276085793972015,0.24813713095859335,65.36337900161743
23,102,2.117816256941296e-05,0.05000903084874153,-0.037485594973986736,0.0004234867624818692,65.36337900161743
23,103,0.036036714911460876,0.644106388092041,-0.4470430761575699,0.055948389237610516,65.36337900161743
23,104,0.0838666632771492,0.34735769033432007,-0.17665160447359085,0.24144179216584763,65.36337900161743
23,105,0.020293790847063065,0.7834216356277466,-0.5672724358737469,0.025904046970538393,65.36337900161743
23,106,0.009825233370065689,0.823371171951294,-0.6077031455934048,0.01193293341418439,65.36337900161743
23,107,0.016181642189621925,0.2686801552772522,-0.18532847426831722,0.060226413718064864,65.36337900161743
23,108,0.01876710169017315,0.03445561230182648,-0.007074607536196709,0.5446747405105217,65.36337900161743
23,109,0.0,0.013217143714427948,-0.009912857785820961,0.0,65.36337900161743
23,110,0.07525943964719772,0.5222802758216858,-0.3164507672190666,0.14409780175720882,65.36337900161743
23,111,0.0,0.03579680621623993,-0.026847604662179947,0.0,65.36337900161743
23,112,0.0066093201749026775,0.016425639390945435,-0.005709909368306398,0.4023782585987892,65.36337900161743
23,113,0.13496874272823334,0.017415279522538185,0.1219072830863297,7.750018743357634,65.36337900161743
23,114,0.012972472235560417,0.03940394148230553,-0.016580483876168728,0.3292176301971348,65.36337900161743
23,115,0.0167863629758358,0.0552910678088665,-0.024681937880814075,0.3035999057489776,65.36337900161743
23,116,0.0022816879209131002,0.0,0.0022816879209131002,2281687920.9131002,65.36337900161743
23,117,0.011645833030343056,0.031608860939741135,-0.012060812674462795,0.3684357070688545,65.36337900161743
23,118,0.015162031166255474,0.518888533115387,-0.37400436867028475,0.029220208577734406,65.36337900161743
23,119,0.07439827919006348,0.36958765983581543,-0.2027924656867981,0.20130076643498504,65.36337900161743
23,120,0.07599163055419922,0.060808565467596054,0.030385206453502178,1.2496862895646552,65.36337900161743
23,121,0.098825603723526,0.15234312415122986,-0.015431739389896393,0.648704063760527,65.36337900161743
23,122,0.0,0.03997400403022766,-0.029980503022670746,0.0,65.36337900161743
23,123,0.1614285260438919,0.041309554129838943,0.1304463604465127,3.907777012857667,65.36337900161743
23,124,0.09699543565511703,0.1440221071243286,-0.011021144688129425,0.6734760210855075,65.36337900161743
23,125,0.01513325609266758,0.19203981757164001,-0.12889660708606243,0.07880269979398075,65.36337900161743
23,126,0.006088013760745525,0.0,0.006088013760745525,6088013760.745525,65.36337900161743
23,127,0.10401162505149841,0.3598378002643585,-0.16586672514677048,0.2890514142060566,65.36337900161743
23,128,0.09704124182462692,0.0,0.09704124182462692,97041241824.62692,65.36337900161743
23,129,0.03414301574230194,0.13365107774734497,-0.06609529256820679,0.2554638265363688,65.36337900161743
23,130,0.18328753113746643,0.3760639727115631,-0.0987604483962059,0.4873839145382814,65.36337900161743
23,131,0.0,0.0,0.0,0.0,65.36337900161743
23,132,0.0042401826940476894,0.15306474268436432,-0.11055837431922555,0.027701890191418492,65.36337900161743
23,133,0.06821701675653458,0.30662864446640015,-0.16175446659326553,0.22247437735318043,65.36337900161743
23,134,0.015780489891767502,0.0561162531375885,-0.026306699961423874,0.2812106833432898,65.36337900161743
23,135,0.0,0.0034899229649454355,-0.0026174422237090766,0.0,65.36337900161743
23,136,0.011210576631128788,0.014974460005760193,-2.026837319135666e-05,0.7486464704615587,65.36337900161743
23,137,0.024901069700717926,0.7013232707977295,-0.5010913833975792,0.03550583694785768,65.36337900161743
23,138,0.6758937835693359,2.223618507385254,-0.9918200969696045,0.3039612151653718,65.36337900161743
23,139,0.021968651562929153,0.06282903254032135,-0.02515312284231186,0.34965764510985947,65.36337900161743
23,140,0.013727478682994843,0.10179933905601501,-0.06262202560901642,0.1348484067790112,65.36337900161743
23,141,0.001979752676561475,0.11890649795532227,-0.08720012078993022,0.016649659275043943,65.36337900161743
23,142,0.025544550269842148,0.03100125677883625,0.00229360768571496,0.8239843452558595,65.36337900161743
23,143,0.03608907759189606,0.3717479407787323,-0.24272187799215317,0.09707942837880983,65.36337900161743
23,144,0.0,0.009192211553454399,-0.006894158665090799,0.0,65.36337900161743
23,145,0.032702572643756866,0.11317256093025208,-0.05217684805393219,0.2889620273205835,65.36337900161743
23,146,0.03980095684528351,0.09787975251674652,-0.03360885754227638,0.4066311552848197,65.36337900161743
23,147,0.0,0.0,0.0,0.0,65.36337900161743
23,148,0.015275618992745876,0.09287353605031967,-0.05437953304499388,0.1644776288511825,65.36337900161743
23,149,0.017892122268676758,0.06441445648670197,-0.030418720096349716,0.27776563281400546,65.36337900161743
23,150,0.0019545014947652817,0.011564935557544231,-0.006719200173392892,0.16900236796575024,65.36337900161743
23,151,0.0046006846241652966,0.0,0.0046006846241652966,4600684624.165297,65.36337900161743
23,152,0.0001137824438046664,0.35184311866760254,-0.26376855655689724,0.0003233897091272572,65.36337900161743
23,153,0.004475629888474941,0.04212357848882675,-0.027117053978145123,0.10624999225922482,65.36337900161743
23,154,0.009390879422426224,0.05764569714665413,-0.03384339343756437,0.1629068583969477,65.36337900161743
23,155,0.0,0.0,0.0,0.0,65.36337900161743
23,156,0.009881612844765186,0.0796271339058876,-0.049838737584650517,0.12409856238603666,65.36337900161743
23,157,0.0017101650591939688,0.0,0.0017101650591939688,1710165059.1939688,65.36337900161743
23,158,0.02462076023221016,0.10717549175024033,-0.055760858580470085,0.2297237906718093,65.36337900161743
23,159,0.056153375655412674,0.45922228693962097,-0.28826333954930305,0.1222792909932821,65.36337900161743
23,160,0.12195440381765366,3.0341296195983887,-2.153642810881138,0.040194197054032224,65.36337900161743
23,161,0.045391689985990524,0.10578028112649918,-0.03394352085888386,0.42911296417598827,65.36337900161743
23,162,0.06145503744482994,0.007522552739828825,0.05581312288995832,8.169439226564851,65.36337900161743
23,163,0.0,0.0,0.0,0.0,65.36337900161743
23,164,0.006149874534457922,0.011005510576069355,-0.0021042583975940943,0.558799566034815,65.36337900161743
23,165,0.04688163474202156,0.05628424137830734,0.004668453708291054,0.832944241463249,65.36337900161743
23,166,0.03434889018535614,0.5626960396766663,-0.38767313957214355,0.061043419116709075,65.36337900161743
23,167,0.09081597626209259,0.5351788401603699,-0.3105681538581848,0.16969276332881414,65.36337900161743
23,168,0.062263596802949905,0.2205595225095749,-0.10315604507923126,0.28229838410157343,65.36337900161743
23,169,0.013036335818469524,0.16188955307006836,-0.10838082898408175,0.08052610913532306,65.36337900161743
23,170,0.029307890683412552,0.25589197874069214,-0.16261109337210655,0.11453227579672258,65.36337900161743
23,171,0.011083593592047691,0.055778853595256805,-0.030750546604394913,0.19870601271718297,65.36337900161743
23,172,0.07210753113031387,0.43229296803474426,-0.2521121948957443,0.16680246143710495,65.36337900161743
23,173,0.005114924628287554,0.5261421203613281,-0.38949166564270854,0.009721564631178278,65.36337900161743
23,174,0.07679404318332672,0.7214863300323486,-0.46432070434093475,0.10643866693881385,65.36337900161743
23,175,0.017326639965176582,0.28874391317367554,-0.19923129491508007,0.06000694447434062,65.36337900161743
23,176,0.04806381091475487,0.6643958687782288,-0.4502330906689167,0.07234212789894082,65.36337900161743
23,177,0.00824490562081337,0.0049568060785532,0.00452730106189847,1.6633504495613745,65.36337900161743
23,178,0.005592997185885906,0.051883842796087265,-0.03331988491117954,0.10779843751665778,65.36337900161743
23,179,0.328387588262558,1.363447666168213,-0.6941981613636017,0.2408508932251184,65.36337900161743
23,180,0.038692668080329895,0.08499246090650558,-0.025051677599549294,0.45524823810476334,65.36337900161743
23,181,0.004934429656714201,0.41234633326530457,-0.3043253202922642,0.011966711617458258,65.36337900161743
23,182,0.44203463196754456,1.2093760967254639,-0.46499744057655334,0.3655063409670844,65.36337900161743
23,183,0.013297309167683125,0.16447122395038605,-0.11005610879510641,0.08084884910696297,65.36337900161743
23,184,0.011511702090501785,0.23248262703418732,-0.1628502681851387,0.04951639714893378,65.36337900161743
23,185,0.08862335234880447,0.6136530041694641,-0.3716164007782936,0.14441932451484613,65.36337900161743
23,186,0.0009499705047346652,0.007017048541456461,-0.0043128159013576806,0.13538035243548543,65.36337900161743
23,187,0.08146075904369354,0.5713158845901489,-0.34702615439891815,0.1425844462595143,65.36337900161743
23,188,0.3006049394607544,0.2608289122581482,0.10498325526714325,1.1524985357531472,65.36337900161743
23,189,0.20726381242275238,0.8940417170524597,-0.4632674753665924,0.2318278984853667,65.36337900161743
23,190,0.012171600013971329,0.2992843985557556,-0.21229169890284538,0.0406690093859441,65.36337900161743
23,191,0.20271573960781097,0.5529271960258484,-0.21197965741157532,0.36662284124286004,65.36337900161743
23,192,0.0,0.0,0.0,0.0,65.36337900161743
23,193,0.5269091725349426,0.003064969787374139,0.524610445194412,171.9133332190037,65.36337900161743
23,194,0.0,0.005888613406568766,-0.004416460054926574,0.0,65.36337900161743
23,195,0.045283764600753784,0.1767200529575348,-0.08725627511739731,0.2562457618286198,65.36337900161743
23,196,0.5129162669181824,0.3445015847682953,0.2545400783419609,1.4888647530073642,65.36337900161743
23,197,0.027830297127366066,0.01661309227347374,0.015370477922260761,1.675202705647264,65.36337900161743
23,198,0.01715942472219467,0.07381761819124222,-0.03820378892123699,0.23245703590038105,65.36337900161743
23,199,0.08219049125909805,0.41313716769218445,-0.22766238451004028,0.1989423796411769,65.36337900161743
23,200,0.0763322114944458,0.29640722274780273,-0.14597320556640625,0.25752480248814763,65.36337900161743
23,201,0.2516177296638489,0.1371292918920517,0.1487707607448101,1.8348941075265501,65.36337900161743
23,202,0.26889780163764954,0.5882317423820496,-0.17227600514888763,0.4571290229056467,65.36337900161743
23,203,0.049057070165872574,0.25466388463974,-0.14194084331393242,0.19263457884920934,65.36337900161743
23,204,0.0,0.0,0.0,0.0,65.36337900161743
23,205,0.08189963549375534,0.3350326120853424,-0.16937482357025146,0.24445272650845318,65.36337900161743
23,206,0.05097133293747902,0.07312274724245071,-0.0038707274943590164,0.6970653436717573,65.36337900161743
23,207,0.012178538367152214,0.2666720747947693,-0.18782551772892475,0.04566859269565118,65.36337900161743
23,208,0.0,0.07500572502613068,-0.05625429376959801,0.0,65.36337900161743
23,209,0.0045517017133533955,0.2628163993358612,-0.1925605977885425,0.017318940997739323,65.36337900161743
23,210,0.015831323340535164,0.012631712481379509,0.006357538979500532,1.253299848505808,65.36337900161743
23,211,0.007367986254394054,0.09950274229049683,-0.06725907046347857,0.07404807229140757,65.36337900161743
23,212,0.01337201427668333,0.3510607182979584,-0.24992352444678545,0.038090317656377354,65.36337900161743
23,213,0.015440375544130802,0.01998102106153965,0.0004546097479760647,0.7727520778744569,65.36337900161743
23,214,0.02223072573542595,0.1462714523077011,-0.08747286349534988,0.15198266910284536,65.36337900161743
23,215,0.0019837883301079273,0.16290748119354248,-0.12019682256504893,0.012177392441166696,65.36337900161743
23,216,0.00494181364774704,1.8651456832885742,-1.3939174488186836,0.00264955906234151,65.36337900161743
23,217,0.022660743445158005,0.0,0.022660743445158005,22660743445.158005,65.36337900161743
23,218,0.005196121986955404,0.03416283428668976,-0.020426003728061914,0.15209867961183116,65.36337900161743
23,219,0.04740552976727486,0.01701424829661846,0.03464484354481101,2.786225341140129,65.36337900161743
23,220,5.087653676127957e-07,0.3281766176223755,-0.246131954451414,1.55027914937154e-06,65.36337900161743
23,221,0.0491003654897213,0.18215762078762054,-0.08751785010099411,0.26954878570081003,65.36337900161743
23,222,0.039763957262039185,0.048476289957761765,0.003406739793717861,0.8202764133943818,65.36337900161743
23,223,0.0007541178492829204,0.0023865257389843464,-0.0010357764549553394,0.31598982430747496,65.36337900161743
23,224,0.060507118701934814,0.4351702332496643,-0.2658705562353134,0.13904241163269512,65.36337900161743
23,225,0.062335990369319916,0.008482868783175945,0.05597383878193796,7.348456277621821,65.36337900161743
23,226,0.23285043239593506,0.7028140425682068,-0.29426009953022003,0.3313115821430191,65.36337900161743
23,227,0.02420000173151493,0.05745070427656174,-0.018888026475906372,0.42123072355383845,65.36337900161743
23,228,0.0,0.06283850967884064,-0.04712888225913048,0.0,65.36337900161743
23,229,0.05030665174126625,0.14937622845172882,-0.061725519597530365,0.3367781625118896,65.36337900161743
23,230,0.008549023419618607,0.9228801131248474,-0.683611061424017,0.009263417098308227,65.36337900161743
23,231,0.13318659365177155,0.00040104493382386863,0.13288580995140364,332.09892978766726,65.36337900161743
23,232,0.0,0.10692037642002106,-0.08019028231501579,0.0,65.36337900161743
23,233,0.07000310719013214,0.049873027950525284,0.03259833622723818,1.403626570621951,65.36337900161743
23,234,0.7994794249534607,2.8153512477874756,-1.312034010887146,0.283971467354729,65.36337900161743
23,235,0.011376290582120419,0.0904013067483902,-0.05642468947917223,0.12584210329677736,65.36337900161743
23,236,0.19348376989364624,1.5094166994094849,-0.9385787546634674,0.12818446355417487,65.36337900161743
23,237,0.26247382164001465,0.010258928872644901,0.254779624985531,25.584914845672397,65.36337900161743
23,238,0.11067619174718857,0.2123459428548813,-0.0485832653939724,0.5212069995719403,65.36337900161743
23,239,0.0,0.021319672465324402,-0.0159897543489933,0.0,65.36337900161743
23,240,0.05403749644756317,0.1630694717168808,-0.06826460734009743,0.3313771479008102,65.36337900161743
23,241,0.06303328275680542,0.1386576145887375,-0.040959928184747696,0.45459661875266905,65.36337900161743
23,242,0.025317752733826637,0.12453950941562653,-0.06808687932789326,0.20329093034348034,65.36337900161743
23,243,0.0,0.0,0.0,0.0,65.36337900161743
23,244,0.2119075506925583,0.5431252717971802,-0.19543640315532684,0.390163304298057,65.36337900161743
23,245,0.0,0.0,0.0,0.0,65.36337900161743
23,246,0.03159644454717636,0.3363680839538574,-0.2206796184182167,0.09393413363027865,65.36337900161743
23,247,0.2492213398218155,0.019041098654270172,0.23494051583111286,13.088600838315406,65.36337900161743
23,248,0.04157193750143051,0.09428919851779938,-0.02914496138691902,0.4408981957052259,65.36337900161743
23,249,0.007487270049750805,0.13213394582271576,-0.09161318931728601,0.056664243265237974,65.36337900161743
23,250,0.026606423780322075,0.10881900787353516,-0.05500783212482929,0.24450162062677902,65.36337900161743
23,251,0.0016727226320654154,0.0,0.0016727226320654154,1672722632.0654154,65.36337900161743
23,252,0.0,0.0,0.0,0.0,65.36337900161743
23,253,0.0005202301545068622,0.2048909068107605,-0.1531479499535635,0.002539059261350302,65.36337900161743
23,254,0.0,0.0,0.0,0.0,65.36337900161743
23,255,0.08228879421949387,0.031172137707471848,0.05890969093888998,2.639818769860295,65.36337900161743
24,0,0.006112974602729082,0.020711153745651245,-0.009420390706509352,0.2951537455375937,65.38150215148926
24,1,0.02389163337647915,0.016656052321195602,0.011399594135582447,1.4344115228697694,65.38150215148926
24,2,0.00233905459754169,0.0,0.00233905459754169,2339054597.54169,65.38150215148926
24,3,0.00529418233782053,0.01844368688762188,-0.00853858282789588,0.2870457718020886,65.38150215148926
24,4,0.01407951395958662,0.2160118967294693,-0.14792940858751535,0.0651793450855832,65.38150215148926
24,5,0.0022439691238105297,0.04350657761096954,-0.030385964084416628,0.05157769806267566,65.38150215148926
24,6,0.011005603708326817,0.09643187373876572,-0.06131830159574747,0.11412827814615431,65.38150215148926
24,7,0.07621287554502487,0.036787815392017365,0.04862201400101185,2.0716879958979764,65.38150215148926
24,8,0.06344563513994217,0.13991080224514008,-0.04148746654391289,0.45347202733013087,65.38150215148926
24,9,0.0,0.2642155587673187,-0.19816166907548904,0.0,65.38150215148926
24,10,0.13767890632152557,0.060746654868125916,0.09211891517043114,2.2664442448418667,65.38150215148926
24,11,0.043927550315856934,0.32680025696754456,-0.20117264240980148,0.13441712293416308,65.38150215148926
24,12,0.07782313227653503,0.9094093441963196,-0.6042338758707047,0.08557547024681696,65.38150215148926
24,13,0.10346274822950363,0.35234105587005615,-0.16079304367303848,0.293643748026251,65.38150215148926
24,14,0.09385400265455246,0.07534674555063248,0.0373439434915781,1.2456278233044267,65.38150215148926
24,15,0.0,0.0,0.0,0.0,65.38150215148926
24,16,0.0007526423432864249,0.0036567053757607937,-0.0019898866885341704,0.20582526228928386,65.38150215148926
24,17,0.016867924481630325,0.07620950788259506,-0.04028920643031597,0.22133622103156672,65.38150215148926
24,18,0.10621761530637741,0.013088569045066833,0.09640118852257729,8.115296250684962,65.38150215148926
24,19,0.0,0.0,0.0,0.0,65.38150215148926
24,20,0.019034728407859802,0.17214465141296387,-0.1100737601518631,0.11057403324188184,65.38150215148926
24,21,0.01679697446525097,0.18194423615932465,-0.11966120265424252,0.09231935465353187,65.38150215148926
24,22,0.13820920884609222,0.34369269013404846,-0.11956030875444412,0.4021301959951059,65.38150215148926
24,23,0.018795005977153778,0.0,0.018795005977153778,18795005977.153778,65.38150215148926
24,24,0.03259839490056038,0.38048234581947327,-0.25276336446404457,0.08567649789444266,65.38150215148926
24,25,0.0,0.0,0.0,0.0,65.38150215148926
24,26,0.004404563922435045,0.20713309943675995,-0.15094526065513492,0.02126441372427077,65.38150215148926
24,27,0.12932585179805756,0.46710047125816345,-0.22099950164556503,0.27686945262425805,65.38150215148926
24,28,0.0016729590715840459,0.29848334193229675,-0.22218954737763852,0.005604865788315613,65.38150215148926
24,29,0.03251763805747032,0.05653507262468338,-0.009883666411042213,0.5751763736604426,65.38150215148926
24,30,0.0,0.0,0.0,0.0,65.38150215148926
24,31,0.0,0.25433850288391113,-0.19075387716293335,0.0,65.38150215148926
24,32,0.027515344321727753,0.21073460578918457,-0.13053561002016068,0.1305687037900319,65.38150215148926
24,33,0.07256213575601578,0.024256788194179535,0.054369544610381126,2.991415647123299,65.38150215148926
24,34,0.0007817388395778835,0.4509214162826538,-0.3374093233724125,0.0017336476187374693,65.38150215148926
24,35,0.12633824348449707,0.5836085677146912,-0.3113681823015213,0.2164777052177267,65.38150215148926
24,36,0.015067394822835922,0.0,0.015067394822835922,15067394822.835922,65.38150215148926
24,37,0.02635921537876129,0.06433819234371185,-0.0218944288790226,0.40969779252630545,65.38150215148926
24,38,0.045879073441028595,0.004398041404783726,0.0425805423874408,10.43170566350159,65.38150215148926
24,39,0.0023518179077655077,0.698451042175293,-0.5214864637237042,0.0033671907775203744,65.38150215148926
24,40,0.19421522319316864,0.846385657787323,-0.4405740201473236,0.22946421812093246,65.38150215148926
24,41,0.0026933958288282156,0.2954402565956116,-0.21888679661788046,0.009116549856324173,65.38150215148926
24,42,0.029397211968898773,0.15202391147613525,-0.08462072163820267,0.19337229047234572,65.38150215148926
24,43,0.017718877643346786,0.20754744112491608,-0.13794170320034027,0.08537266249694206,65.38150215148926
24,44,0.06340894848108292,0.060128968209028244,0.018312222324311733,1.0545490862174423,65.38150215148926
24,45,0.0019809482619166374,0.6445394158363342,-0.48142361361533403,0.003073432304125493,65.38150215148926
24,46,0.008705978281795979,0.017362920567393303,-0.004316212143748999,0.5014120894870624,65.38150215148926
24,47,0.02350223995745182,0.6510615348815918,-0.464793911203742,0.036098338940711745,65.38150215148926
24,48,0.030162367969751358,0.2055334448814392,-0.12398771569132805,0.14675162958030308,65.38150215148926
24,49,0.0,0.01793125458061695,-0.013448440935462713,0.0,65.38150215148926
24,50,0.0382835827767849,0.7673147320747375,-0.5372024662792683,0.04989293333808444,65.38150215148926
24,51,0.0031060806941241026,0.0,0.0031060806941241026,3106080694.1241026,65.38150215148926
24,52,0.03995025157928467,0.3878101408481598,-0.2509073540568352,0.10301497400714818,65.38150215148926
24,53,0.008136451244354248,0.015931719914078712,-0.0038123386912047863,0.5107076503807624,65.38150215148926
24,54,0.019593875855207443,0.0034292894415557384,0.01702190877404064,5.7136838938286765,65.38150215148926
24,55,0.025496577844023705,0.11527207493782043,-0.06095747835934162,0.22118607527066525,65.38150215148926
24,56,0.03771359845995903,0.01254118699580431,0.028307708213105798,3.0071793419210673,65.38150215148926
24,57,0.029544755816459656,0.16764765977859497,-0.09619098901748657,0.17623124507256413,65.38150215148926
24,58,0.057394541800022125,0.024736130610108376,0.038842443842440844,2.32027161815873,65.38150215148926
24,59,0.030034955590963364,0.007595968898385763,0.02433797891717404,3.954065108585699,65.38150215148926
24,60,0.042299024760723114,0.08969776332378387,-0.024974297732114792,0.4715727928194137,65.38150215148926
24,61,0.08142127841711044,0.42572182416915894,-0.23787008970975876,0.19125464985456503,65.38150215148926
24,62,0.03124058060348034,0.11928585171699524,-0.05822380818426609,0.26189678116509973,65.38150215148926
24,63,0.3070681095123291,0.056027043610811234,0.2650478268042207,5.480712343843806,65.38150215148926
24,64,0.0072995638474822044,0.0803966373205185,-0.052997914142906666,0.09079439253522666,65.38150215148926
24,65,0.147731214761734,0.10627686232328415,0.0680235680192709,1.3900599954763397,65.38150215148926
24,66,0.0,0.0,0.0,0.0,65.38150215148926
24,67,0.13854651153087616,0.06345422565937042,0.09095584228634834,2.18340874999289,65.38150215148926
24,68,0.015121638774871826,0.032324355095624924,-0.009121627546846867,0.4678094498612509,65.38150215148926
24,69,0.057277243584394455,0.16044631600379944,-0.06305749341845512,0.35698696617428793,65.38150215148926
24,70,0.0028365221805870533,0.0,0.0028365221805870533,2836522180.5870533,65.38150215148926
24,71,0.0,0.0,0.0,0.0,65.38150215148926
24,72,0.0,0.0,0.0,0.0,65.38150215148926
24,73,0.0,0.020594432950019836,-0.015445824712514877,0.0,65.38150215148926
24,74,0.1849205642938614,0.40668073296546936,-0.12008998543024063,0.4547069711047954,65.38150215148926
24,75,0.16211211681365967,0.2924138009548187,-0.057198233902454376,0.554392837423407,65.38150215148926
24,76,0.0,0.0,0.0,0.0,65.38150215148926
24,77,0.010341309942305088,0.01712835021317005,-0.0025049527175724506,0.603753999246808,65.38150215148926
24,78,1.0277594327926636,3.7829782962799072,-1.8094742894172668,0.2716799707265216,65.38150215148926
24,79,0.0,0.0,0.0,0.0,65.38150215148926
24,80,0.08329067379236221,0.09882131963968277,0.009174684062600136,0.8428411409117946,65.38150215148926
24,81,0.12176305800676346,0.02805502898991108,0.10072178626433015,4.340150853032829,65.38150215148926
24,82,0.00938279740512371,0.03952215239405632,-0.02025881689041853,0.23740603273159208,65.38150215148926
24,83,0.04454212635755539,0.18888601660728455,-0.09712238609790802,0.23581484303270425,65.38150215148926
24,84,0.03471226990222931,0.1892216056585312,-0.10720393434166908,0.1834477082109087,65.38150215148926
24,85,0.020520076155662537,0.1790512502193451,-0.11376836150884628,0.11460448408156883,65.38150215148926
24,86,0.0052662258967757225,0.0055717118084430695,0.0010874420404434204,0.9451719824866744,65.38150215148926
24,87,0.017377465963363647,0.7922305464744568,-0.5767954438924789,0.021934859796398927,65.38150215148926
24,88,0.03396548703312874,0.20938022434711456,-0.12306968122720718,0.1622191739400273,65.38150215148926
24,89,0.020076412707567215,0.23064348101615906,-0.15290619805455208,0.0870452206974521,65.38150215148926
24,90,0.01938910223543644,0.09089420735836029,-0.04878155328333378,0.2133150483262314,65.38150215148926
24,91,0.0,0.0,0.0,0.0,65.38150215148926
24,92,0.09439749270677567,0.05874243006110191,0.05034067016094923,1.6069728917748138,65.38150215148926
24,93,0.0683736801147461,1.4887787103652954,-1.0482103526592255,0.04592601952100967,65.38150215148926
24,94,0.044490836560726166,0.4233376979827881,-0.2730124369263649,0.10509538076249936,65.38150215148926
24,95,0.0,0.0,0.0,0.0,65.38150215148926
24,96,0.01666833832859993,0.07242492586374283,-0.03765035606920719,0.23014643273130694,65.38150215148926
24,97,0.01204052846878767,0.390352338552475,-0.28072372544556856,0.03084528329817658,65.38150215148926
24,98,0.0008518258691765368,0.0,0.0008518258691765368,851825869.1765368,65.38150215148926
24,99,0.04248521849513054,0.2174438089132309,-0.12059763818979263,0.1953848155404991,65.38150215148926
24,100,0.01263235043734312,0.34969672560691833,-0.24964019376784563,0.036123730971123175,65.38150215148926
24,101,0.016935117542743683,0.005236094351857901,0.013008046778850257,3.2343033569477915,65.38150215148926
24,102,0.010480185970664024,0.18267188966274261,-0.12652373127639294,0.057371640431134,65.38150215148926
24,103,0.3809335231781006,0.2570364773273468,0.18815616518259048,1.4820212568175049,65.38150215148926
24,104,0.02457796223461628,0.17148450016975403,-0.10403541289269924,0.14332468654684832,65.38150215148926
24,105,0.047351717948913574,0.00880394410341978,0.04074875987134874,5.378466444958678,65.38150215148926
24,106,0.004743654280900955,0.1017545685172081,-0.07157227210700512,0.04661858774480596,65.38150215148926
24,107,0.022481374442577362,0.1690790355205536,-0.10432790219783783,0.13296370169861488,65.38150215148926
24,108,0.031431522220373154,0.4560319185256958,-0.3105924166738987,0.06892395234508826,65.38150215148926
24,109,0.019523287191987038,0.24982598423957825,-0.16784620098769665,0.0781475443850806,65.38150215148926
24,110,0.05615336820483208,0.6030517816543579,-0.39613546803593636,0.09311533422667764,65.38150215148926
24,111,0.0178783368319273,0.015903130173683167,0.005950989201664925,1.1242023825214325,65.38150215148926
24,112,0.0,0.33769690990448,-0.25327268242836,0.0,65.38150215148926
24,113,0.0026989185716956854,0.025241753086447716,-0.0162323962431401,0.10692278631937853,65.38150215148926
24,114,0.0,0.0,0.0,0.0,65.38150215148926
24,115,0.014215519651770592,0.18403390049934387,-0.12380990572273731,0.07724402739452903,65.38150215148926
24,116,0.014779552817344666,0.23697762191295624,-0.1629536636173725,0.062366871175333786,65.38150215148926
24,117,0.03572118282318115,0.10329180210828781,-0.041747668758034706,0.34582785945961503,65.38150215148926
24,118,0.013103898614645004,0.07393693178892136,-0.04234880022704601,0.17723076001959887,65.38150215148926
24,119,0.003744930261746049,0.03286094218492508,-0.02090077637694776,0.11396296066489744,65.38150215148926
24,120,0.015054784715175629,0.2978290021419525,-0.20831696689128876,0.05054841740345222,65.38150215148926
24,121,0.0,0.0,0.0,0.0,65.38150215148926
24,122,0.0938752070069313,0.7921515703201294,-0.5002384707331657,0.11850662237389159,65.38150215148926
24,123,0.011514399200677872,0.0,0.011514399200677872,11514399200.677872,65.38150215148926
24,124,0.0356774628162384,0.20347937941551208,-0.11693207174539566,0.17533699443425382,65.38150215148926
24,125,0.06310361623764038,0.1125434935092926,-0.02130400389432907,0.5607042599212478,65.38150215148926
24,126,0.005223216488957405,0.007322016637772322,-0.0002682959893718362,0.7133576371977732,65.38150215148926
24,127,0.018045952543616295,0.04402943700551987,-0.014976125210523605,0.4098610786448179,65.38150215148926
24,128,0.006233101710677147,0.2511324882507324,-0.18211626447737217,0.024819973528989032,65.38150215148926
24,129,0.129007488489151,0.07903239876031876,0.06973318941891193,1.632336744311142,65.38150215148926
24,130,0.003225799649953842,0.262716144323349,-0.1938113085925579,0.012278650245305346,65.38150215148926
24,131,0.0479976162314415,0.20202240347862244,-0.10351918637752533,0.23758561132197853,65.38150215148926
24,132,0.10677559673786163,0.09595351666212082,0.03481045924127102,1.1127846112481274,65.38150215148926
24,133,0.000637161370832473,0.025496143847703934,-0.018484946514945477,0.024990499528612535,65.38150215148926
24,134,0.005904098507016897,0.0,0.005904098507016897,5904098507.016897,65.38150215148926
24,135,0.021924730390310287,0.21202684938907623,-0.1370954066514969,0.10340544347746394,65.38150215148926
24,136,0.0,0.0,0.0,0.0,65.38150215148926
24,137,0.15654553472995758,0.09871245175600052,0.08251119591295719,1.585874243254784,65.38150215148926
24,138,0.002952801762148738,0.011504917405545712,-0.005675886292010546,0.25665562453049373,65.38150215148926
24,139,0.04025460407137871,2.195725917816162,-1.6065398342907429,0.0183331643283589,65.38150215148926
24,140,0.0,0.0,0.0,0.0,65.38150215148926
24,141,0.010295110754668713,0.038750823587179184,-0.018768006935715675,0.2656746309208562,65.38150215148926
24,142,0.035931166261434555,0.02453838847577572,0.017527374904602766,1.4642838626277963,65.38150215148926
24,143,0.9629358649253845,0.0,0.9629358649253845,962935864925.3845,65.38150215148926
24,144,0.009896327741444111,0.009169241413474083,0.0030193966813385487,1.0792962355448823,65.38150215148926
24,145,0.04879502207040787,0.001967414515092969,0.04731946118408814,24.80159705607361,65.38150215148926
24,146,0.5080902576446533,2.338787794113159,-1.246000587940216,0.21724512968783383,65.38150215148926
24,147,0.02452176995575428,0.500587522983551,-0.350918872281909,0.04898597913418442,65.38150215148926
24,148,0.0,0.0,0.0,0.0,65.38150215148926
24,149,0.2055647224187851,0.24877746403217316,0.018981624394655228,0.8262996136634552,65.38150215148926
24,150,0.0,0.0,0.0,0.0,65.38150215148926
24,151,0.031438492238521576,0.17385998368263245,-0.09895649552345276,0.18082649941880366,65.38150215148926
24,152,0.02451394870877266,0.04906105622649193,-0.012281843461096287,0.49966206587774165,65.38150215148926
24,153,1.7215179204940796,6.016139030456543,-2.7905863523483276,0.2861499562723958,65.38150215148926
24,154,0.025168679654598236,0.09263856709003448,-0.04431024566292763,0.27168684107414315,65.38150215148926
24,155,0.08997311443090439,0.6178000569343567,-0.37337692826986313,0.14563468135179972,65.38150215148926
24,156,0.0030245801899582148,0.018799981102347374,-0.011075405636802316,0.16088208670697454,65.38150215148926
24,157,0.026331936940550804,0.00543623510748148,0.022254760609939694,4.843781848115503,65.38150215148926
24,158,0.018087591975927353,0.48764467239379883,-0.34764591231942177,0.037091745280636586,65.38150215148926
24,159,0.024594517424702644,0.02230352908372879,0.007866870611906052,1.1027186474064543,65.38150215148926
24,160,0.4160764515399933,1.2783496379852295,-0.5426857769489288,0.32547938308601865,65.38150215148926
24,161,0.01366979070007801,0.10241685807704926,-0.06314285285770893,0.13347207634177385,65.38150215148926
24,162,0.0005060030380263925,0.011035027913749218,-0.007770267897285521,0.045854259901787646,65.38150215148926
24,163,0.02771378867328167,0.055854424834251404,-0.014177029952406883,0.4961789286171409,65.38150215148926
24,164,0.03984462842345238,0.8682102560997009,-0.6113130636513233,0.045892833151271746,65.38150215148926
24,165,0.017102770507335663,0.05151207000017166,-0.021531281992793083,0.33201481724470894,65.38150215148926
24,166,0.10612896084785461,0.10946755111217499,0.024028297513723373,0.9695015533701972,65.38150215148926
24,167,0.18144357204437256,0.13562946021556854,0.07972147688269615,1.3377887942239803,65.38150215148926
24,168,0.6550955772399902,1.663591742515564,-0.5925982296466827,0.393783859643958,65.38150215148926
24,169,0.0026976410299539566,0.21642586588859558,-0.15962175838649273,0.012464503809956305,65.38150215148926
24,170,0.00444319611415267,0.06418973207473755,-0.04369910294190049,0.06921973297707702,65.38150215148926
24,171,0.010340909473598003,1.522594928741455,-1.1316052870824933,0.006791635305221192,65.38150215148926
24,172,0.0,0.0,0.0,0.0,65.38150215148926
24,173,0.0578186921775341,0.23101770877838135,-0.11544458940625191,0.2502781820624415,65.38150215148926
24,174,0.0,0.0,0.0,0.0,65.38150215148926
24,175,0.012665223330259323,0.17986361682415009,-0.12223248928785324,0.07041570470903798,65.38150215148926
24,176,0.0030448161996901035,0.016058243811130524,-0.00899886665865779,0.18961078405037204,65.38150215148926
24,177,0.0,0.02236940711736679,-0.016777055338025093,0.0,65.38150215148926
24,178,0.06899372488260269,0.06283126026391983,0.02187027968466282,1.0980795959161034,65.38150215148926
24,179,0.011974239721894264,0.02064674161374569,-0.003510816488415003,0.5799578425170191,65.38150215148926
24,180,0.007844200357794762,0.06028563156723976,-0.03737002331763506,0.13011724607903613,65.38150215148926
24,181,0.017762506380677223,0.06443794816732407,-0.030565954744815826,0.27565288600248733,65.38150215148926
24,182,0.0,0.0,0.0,0.0,65.38150215148926
24,183,0.0778314620256424,0.3662712275981903,-0.19687195867300034,0.2124967951640831,65.38150215148926
24,184,0.8084415197372437,3.74249005317688,-1.9984260201454163,0.21601701226988365,65.38150215148926
24,185,0.16999948024749756,0.6026377081871033,-0.2819788008928299,0.2820923382949596,65.38150215148926
24,186,0.00909858476370573,0.07466057687997818,-0.046896847896277905,0.12186598528712739,65.38150215148926
24,187,0.011831292882561684,0.08006682246923447,-0.048218823969364166,0.14776773346987845,65.38150215148926
24,188,0.0,0.0,0.0,0.0,65.38150215148926
24,189,0.02855086326599121,0.07489233464002609,-0.02761838771402836,0.38122544053194757,65.38150215148926
24,190,0.0,0.0,0.0,0.0,65.38150215148926
24,191,0.036072246730327606,0.2712470591068268,-0.16736304759979248,0.13298668324358895,65.38150215148926
24,192,0.012084219604730606,0.08587072044610977,-0.05231882072985172,0.14072572748674703,65.38150215148926
24,193,0.27331650257110596,1.3439269065856934,-0.7346286773681641,0.20337155334234316,65.38150215148926
24,194,0.03551432117819786,0.8217976093292236,-0.5808338858187199,0.04321541067409836,65.38150215148926
24,195,0.0016662853304296732,0.21676437556743622,-0.1609069963451475,0.00768708108082824,65.38150215148926
24,196,0.08288650959730148,0.6215270161628723,-0.38325875252485275,0.13335946377501884,65.38150215148926
24,197,0.0,1.3051469326019287,-0.9788601994514465,0.0,65.38150215148926
24,198,0.07450538128614426,0.20083007216453552,-0.07611717283725739,0.37098717578875684,65.38150215148926
24,199,0.005250080022960901,0.025444088503718376,-0.01383298635482788,0.2063379091763229,65.38150215148926
24,200,0.004051410127431154,0.022201722487807274,-0.012599881738424301,0.1824817929993325,65.38150215148926
24,201,0.010171627625823021,0.04607690870761871,-0.024386053904891014,0.2207532560429865,65.38150215148926
24,202,0.026768188923597336,0.13652272522449493,-0.07562385499477386,0.19607130519394664,65.38150215148926
24,203,0.0,0.0,0.0,0.0,65.38150215148926
24,204,0.0,0.07775477319955826,-0.058316079899668694,0.0,65.38150215148926
24,205,0.5363191366195679,1.4894070625305176,-0.5807361602783203,0.3600890247613007,65.38150215148926
24,206,1.0681456327438354,3.871537923812866,-1.8355078101158142,0.2758969829983226,65.38150215148926
24,207,0.025913042947649956,0.29634150862693787,-0.19634308852255344,0.08744317685236681,65.38150215148926
24,208,0.004844909068197012,0.24392171204090118,-0.17809637496247888,0.019862557652779788,65.38150215148926
24,209,0.0022565117105841637,0.17302154004573822,-0.1275096433237195,0.013041796472130657,65.38150215148926
24,210,0.004031308460980654,0.0,0.004031308460980654,4031308460.980654,65.38150215148926
24,211,0.011910178698599339,0.0,0.011910178698599339,11910178698.599339,65.38150215148926
24,212,0.11288073658943176,0.773077666759491,-0.46692751348018646,0.1460147426874299,65.38150215148926
24,213,0.07397245615720749,0.056457988917827606,0.031628964468836784,1.3102212383717968,65.38150215148926
24,214,0.029848314821720123,0.07753800600767136,-0.028305189684033394,0.38495076618790114,65.38150215148926
24,215,0.14254464209079742,1.0915815830230713,-0.676141545176506,0.1305854223885839,65.38150215148926
24,216,0.009389522485435009,0.03249899297952652,-0.01498472224920988,0.2889173363328899,65.38150215148926
24,217,0.1763339787721634,1.513750433921814,-0.9589788466691971,0.11648814416204795,65.38150215148926
24,218,0.03269820287823677,0.43909409642219543,-0.2966223694384098,0.07446741631142884,65.38150215148926
24,219,0.04769334942102432,0.13900306820869446,-0.05655895173549652,0.3431100481111399,65.38150215148926
24,220,0.019562190398573875,0.06664720922708511,-0.03042321652173996,0.2935185227580448,65.38150215148926
24,221,0.02971925027668476,0.24286821484565735,-0.15243191085755825,0.12236780467731838,65.38150215148926
24,222,0.0,0.005389046389609575,-0.0040417847922071815,0.0,65.38150215148926
24,223,0.0005271726986393332,0.029096538200974464,-0.021295230952091515,0.018118055659403488,65.38150215148926
24,224,0.03682276979088783,0.05581926181912422,-0.005041676573455334,0.6596785516359572,65.38150215148926
24,225,0.02899019978940487,0.06647325307130814,-0.020864740014076233,0.43611826485864874,65.38150215148926
24,226,0.0,0.0,0.0,0.0,65.38150215148926
24,227,0.001292916014790535,0.0,0.001292916014790535,1292916014.790535,65.38150215148926
24,228,0.04835004732012749,0.05538921058177948,0.006808139383792877,0.8729145407816938,65.38150215148926
24,229,0.004879050888121128,0.02801252156496048,-0.01613034028559923,0.17417392706445697,65.38150215148926
24,230,0.003926632925868034,0.04709567502140999,-0.03139512334018946,0.08337565867777852,65.38150215148926
24,231,0.031904738396406174,2.2936248569749296e-05,0.03188753620997886,1391.0181043061832,65.38150215148926
24,232,0.021401843056082726,0.49153295159339905,-0.34724787063896656,0.04354101385606189,65.38150215148926
24,233,0.07981016486883163,0.9942595958709717,-0.6658845320343971,0.08027095257636174,65.38150215148926
24,234,0.02692318893969059,0.024336233735084534,0.00867101363837719,1.1063005570894995,65.38150215148926
24,235,0.00041614961810410023,0.03009611926972866,-0.022155939834192395,0.013827351438922737,65.38150215148926
24,236,0.0,0.27488043904304504,-0.20616032928228378,0.0,65.38150215148926
24,237,0.06574054807424545,0.1588556170463562,-0.0534011647105217,0.413838360242859,65.38150215148926
24,238,0.03449096530675888,0.07177827507257462,-0.01934274099767208,0.480520955280755,65.38150215148926
24,239,0.0022207247093319893,1.8280605218023993e-05,0.0022070142554184713,121.47981761909176,65.38150215148926
24,240,0.00329030305147171,0.8247005343437195,-0.6152350977063179,0.003989694336849289,65.38150215148926
24,241,0.15518924593925476,0.16337549686431885,0.032657623291015625,0.94989303118807,65.38150215148926
24,242,0.0,0.01581500470638275,-0.011861253529787064,0.0,65.38150215148926
24,243,0.023832619190216064,0.36049216985702515,-0.2465365082025528,0.06611133661960594,65.38150215148926
24,244,0.06314869225025177,0.09466692805290222,-0.007851503789424896,0.667061808684609,65.38150215148926
24,245,0.0180526040494442,0.11952291429042816,-0.07158958166837692,0.1510388544026564,65.38150215148926
24,246,0.03230985626578331,0.6270940899848938,-0.43801071122288704,0.051523139480568386,65.38150215148926
24,247,0.023583315312862396,0.0878964215517044,-0.04233900085091591,0.2683080254720197,65.38150215148926
24,248,0.04646730422973633,0.400463730096817,-0.25388049334287643,0.1160337397306524,65.38150215148926
24,249,0.184556245803833,0.07401757687330246,0.12904306314885616,2.4934110733893466,65.38150215148926
24,250,0.0024365249555557966,0.019485609605908394,-0.012177682248875499,0.12504227502802662,65.38150215148926
24,251,0.1067456305027008,1.0647969245910645,-0.6918520629405975,0.10024975470660402,65.38150215148926
24,252,0.33595553040504456,0.2026585191488266,0.1839616410434246,1.6577419583169395,65.38150215148926
24,253,0.026801403611898422,0.040372978895902634,-0.003478330560028553,0.6638450851085104,65.38150215148926
24,254,0.03573288768529892,0.1443687081336975,-0.07254364341497421,0.24751130731155233,65.38150215148926
24,255,0.007132780738174915,0.006709401495754719,0.0021007296163588762,1.0631023857530335,65.38150215148926
25,0,0.013176863081753254,0.0511556938290596,-0.025189907290041447,0.2575835082117564,65.40215063095093
25,1,0.04200250655412674,0.35985010862350464,-0.22788507491350174,0.11672222835968461,65.40215063095093
25,2,0.011778040789067745,0.05331873893737793,-0.028211013413965702,0.22089871260233632,65.40215063095093
25,3,0.14979490637779236,0.9632074236869812,-0.5726106613874435,0.15551676896784022,65.40215063095093
25,4,0.016839446499943733,0.1008554995059967,-0.058802178129553795,0.16696607108445802,65.40215063095093
25,5,0.015329272486269474,0.020185982808470726,0.00018978537991642952,0.7594018399281203,65.40215063095093
25,6,0.15442542731761932,0.041305411607027054,0.12344636861234903,3.7386245846684454,65.40215063095093
25,7,0.001747136120684445,0.031693872064352036,-0.022023267927579582,0.055125360419259924,65.40215063095093
25,8,0.028805358335375786,0.0,0.028805358335375786,28805358335.375786,65.40215063095093
25,9,0.005375269800424576,0.0019876265432685614,0.003884549892973155,2.7043660771810902,65.40215063095093
25,10,0.005770307034254074,0.018960585817694664,-0.008450132329016924,0.3043316851826749,65.40215063095093
25,11,0.02209814451634884,0.03748607262969017,-0.006016409955918789,0.5895027930521828,65.40215063095093
25,12,0.12807616591453552,0.9245555400848389,-0.5653404891490936,0.13852728187929575,65.40215063095093
25,13,0.0,0.0,0.0,0.0,65.40215063095093
25,14,0.09947378188371658,0.014791605062782764,0.08838007808662951,6.725016078699808,65.40215063095093
25,15,0.005897338967770338,0.0074612051248550415,0.00030143512412905693,0.7904003265282848,65.40215063095093
25,16,0.13197359442710876,0.04798564687371254,0.09598435927182436,2.7502722797857326,65.40215063095093
25,17,0.011310847476124763,0.04419397562742233,-0.021834634244441986,0.25593641022986974,65.40215063095093
25,18,0.3205156922340393,1.1360604763031006,-0.5315296649932861,0.28212907580128127,65.40215063095093
25,19,0.0,0.0,0.0,0.0,65.40215063095093
25,20,0.0,0.0,0.0,0.0,65.40215063095093
25,21,0.02109840139746666,0.14975203573703766,-0.09121562540531158,0.1408889120838013,65.40215063095093
25,22,0.026894863694906235,0.09801160544157028,-0.04661384038627148,0.27440488882375497,65.40215063095093
25,23,0.18691974878311157,0.013251827098429203,0.17698087845928967,14.105205824120869,65.40215063095093
25,24,0.0,0.0004738511343020946,-0.00035538835072657093,0.0,65.40215063095093
25,25,0.0338948629796505,0.08600354194641113,-0.030607793480157852,0.39411008212169096,65.40215063095093
25,26,0.010248024016618729,0.002374335890635848,0.008467272098641843,4.316164386311045,65.40215063095093
25,27,0.004423609469085932,0.044597327709198,-0.029024386312812567,0.09919001196285562,65.40215063095093
25,28,0.0,0.0,0.0,0.0,65.40215063095093
25,29,0.0965370386838913,0.0014530298067256808,0.09544726632884704,66.43844343082921,65.40215063095093
25,30,0.0034635832998901606,0.12681710720062256,-0.09164924710057676,0.027311640963261507,65.40215063095093
25,31,0.0,0.0,0.0,0.0,65.40215063095093
25,32,0.006414392963051796,0.02550436183810234,-0.01271387841552496,0.2515018020649898,65.40215063095093
25,33,0.0045977188274264336,0.0,0.0045977188274264336,4597718827.426434,65.40215063095093
25,34,0.011863910593092442,0.0,0.011863910593092442,11863910593.092442,65.40215063095093
25,35,0.030254138633608818,0.02825630083680153,0.009061913006007671,1.0707041522269811,65.40215063095093
25,36,0.021743658930063248,0.10108398646116257,-0.05406933091580868,0.2151048815056603,65.40215063095093
25,37,0.011347025632858276,0.07421187311410904,-0.0443118792027235,0.15290040739516245,65.40215063095093
25,38,0.2208418995141983,0.11285574734210968,0.13620008900761604,1.9568511548001513,65.40215063095093
25,39,0.4511118233203888,1.1575474739074707,-0.41704878211021423,0.38971345321778045,65.40215063095093
25,40,0.00878590252250433,0.02267649583518505,-0.008221469353884459,0.3874453348512781,65.40215063095093
25,41,0.021097391843795776,0.16024285554885864,-0.0990847498178482,0.1316588609919738,65.40215063095093
25,42,0.025495046749711037,0.3464342951774597,-0.23433067463338375,0.07359273346935152,65.40215063095093
25,43,0.0,0.0,0.0,0.0,65.40215063095093
25,44,0.014983927831053734,0.0012301086680963635,0.014061346329981461,12.180978971606558,65.40215063095093
25,45,0.041614070534706116,0.302078515291214,-0.18494481593370438,0.13775912032158585,65.40215063095093
25,46,0.39576253294944763,1.7054871320724487,-0.8833528161048889,0.23205248841033393,65.40215063095093
25,47,0.006674034986644983,0.020773345604538918,-0.008905974216759205,0.3212787729707557,65.40215063095093
25,48,0.005068677011877298,0.040283434092998505,-0.02514389855787158,0.12582534547699942,65.40215063095093
25,49,0.002631950192153454,0.2491384893655777,-0.18422191683202982,0.010564205469998061,65.40215063095093
25,50,0.0,0.09989709407091141,-0.07492282055318356,0.0,65.40215063095093
25,51,0.07349035143852234,0.3328781723976135,-0.1761682778596878,0.22077251538896167,65.40215063095093
25,52,0.010006522759795189,0.26953092217445374,-0.1921416688710451,0.03712569481464301,65.40215063095093
25,53,0.00635741138830781,0.5506722927093506,-0.40664680814370513,0.011544817984244869,65.40215063095093
25,54,0.04816468805074692,0.11820366978645325,-0.04048806428909302,0.4074720195858028,65.40215063095093
25,55,0.04537136107683182,0.13360069692134857,-0.05482916161417961,0.33960422454384775,65.40215063095093
25,56,0.04198867455124855,0.04030535742640495,0.011759656481444836,1.041764103615145,65.40215063095093
25,57,0.014225943945348263,0.06142602488398552,-0.03184357471764088,0.23159473483731058,65.40215063095093
25,58,0.3528933525085449,1.5126897096633911,-0.7816239297389984,0.2332886581127326,65.40215063095093
25,59,0.0067808618769049644,0.15194851160049438,-0.10718052182346582,0.044626050004943095,65.40215063095093
25,60,0.0,0.0,0.0,0.0,65.40215063095093
25,61,0.05453486368060112,0.005281751975417137,0.05057354969903827,10.325146641511687,65.40215063095093
25,62,0.06796803325414658,0.4895230829715729,-0.2991742789745331,0.1388454101927502,65.40215063095093
25,63,0.2771255075931549,0.4232760965824127,-0.04033156484365463,0.6547157040760115,65.40215063095093
25,64,0.0,0.0,0.0,0.0,65.40215063095093
25,65,0.19698964059352875,0.44229409098625183,-0.13473092764616013,0.44538157892596975,65.40215063095093
25,66,0.05640701204538345,0.4144698679447174,-0.2544453889131546,0.13609436151525256,65.40215063095093
25,67,0.003992705140262842,0.08943045139312744,-0.06308013340458274,0.04464592404511812,65.40215063095093
25,68,0.0,0.17668695747852325,-0.13251521810889244,0.0,65.40215063095093
25,69,0.014393864199519157,0.09508579969406128,-0.0569204855710268,0.15137764256787092,65.40215063095093
25,70,0.0026700657326728106,0.1883111596107483,-0.1385633039753884,0.014179009561503605,65.40215063095093
25,71,0.010527371428906918,0.002113708993420005,0.008942089683841914,4.980520713446458,65.40215063095093
25,72,0.024111490696668625,0.3937533497810364,-0.27120352163910866,0.06123501097835899,65.40215063095093
25,73,0.02198304422199726,0.0794937014579773,-0.03763723187148571,0.2765381887940091,65.40215063095093
25,74,0.020658623427152634,0.08449190855026245,-0.042710307985544205,0.2445041635509837,65.40215063095093
25,75,0.0,0.0,0.0,0.0,65.40215063095093
25,76,0.0,0.0485813170671463,-0.036435987800359726,0.0,65.40215063095093
25,77,0.0,0.3234871029853821,-0.24261532723903656,0.0,65.40215063095093
25,78,0.22622814774513245,0.08527710288763046,0.1622703205794096,2.652859209354006,65.40215063095093
25,79,0.004126541782170534,0.022271709516644478,-0.012577240355312824,0.18528177097951706,65.40215063095093
25,80,0.0,0.0,0.0,0.0,65.40215063095093
25,81,0.03361458331346512,0.1656339466571808,-0.09061087667942047,0.20294501212867688,65.40215063095093
25,82,0.024582920596003532,0.11063814163208008,-0.058395685628056526,0.2221920960813879,65.40215063095093
25,83,0.02734719030559063,0.10279346257448196,-0.049747906625270844,0.2660401704584024,65.40215063095093
25,84,0.9237550497055054,3.138583183288574,-1.4301823377609253,0.2943223090672748,65.40215063095093
25,85,0.06813126057386398,0.15695825219154358,-0.0495874285697937,0.4340724977638392,65.40215063095093
25,86,0.0533229261636734,0.11979769915342331,-0.03652534820139408,0.44510809923768513,65.40215063095093
25,87,0.20900572836399078,0.007807118818163872,0.20315038925036788,26.771172977533205,65.40215063095093
25,88,0.12828472256660461,0.660956084728241,-0.3674323409795761,0.1940896309611192,65.40215063095093
25,89,0.0004185028956271708,0.07446657121181488,-0.05543142551323399,0.005620010278587273,65.40215063095093
25,90,0.0029197640251368284,0.12695719301700592,-0.09229813073761761,0.02299801969253312,65.40215063095093
25,91,0.011510979384183884,0.02079877071082592,-0.004088098648935556,0.5534451792210434,65.40215063095093
25,92,0.0009026643238030374,1.122155785560608,-0.8407141748466529,0.0008044019693319843,65.40215063095093
25,93,0.058784350752830505,0.5205913186073303,-0.33165913820266724,0.11291842305395268,65.40215063095093
25,94,0.024690594524145126,0.0,0.024690594524145126,24690594524.145126,65.40215063095093
25,95,0.04510330408811569,0.06780005246400833,-0.005746735259890556,0.6652399584999369,65.40215063095093
25,96,0.022528236731886864,0.3551108241081238,-0.24380488134920597,0.06344001703807274,65.40215063095093
25,97,0.0056268819607794285,0.012189826928079128,-0.0035154882352799177,0.4616047457865349,65.40215063095093
25,98,0.0014989019837230444,0.05672524869441986,-0.04104503453709185,0.026423894441983637,65.40215063095093
25,99,0.07733678817749023,0.17042973637580872,-0.0504855141043663,0.4537752027410509,65.40215063095093
25,100,0.0,0.0,0.0,0.0,65.40215063095093
25,101,0.029210444539785385,0.34797102212905884,-0.23176782205700874,0.08394504910488665,65.40215063095093
25,102,0.037210848182439804,0.46401509642601013,-0.3108004741370678,0.08019318437906275,65.40215063095093
25,103,0.0,0.029714593663811684,-0.022285945247858763,0.0,65.40215063095093
25,104,0.00729349022731185,0.11510095000267029,-0.07903222227469087,0.06336602979453496,65.40215063095093
25,105,0.062028735876083374,0.38389819860458374,-0.22589491307735443,0.16157600140190181,65.40215063095093
25,106,0.0,0.973166286945343,-0.7298747152090073,0.0,65.40215063095093
25,107,0.03787984326481819,0.15814848244190216,-0.08073151856660843,0.239520750877229,65.40215063095093
25,108,0.12932851910591125,0.5595385432243347,-0.2903253883123398,0.23113424565969298,65.40215063095093
25,109,0.15929529070854187,0.004504140932112932,0.15591718500945717,35.36640906092799,65.40215063095093
25,110,0.010348212905228138,0.06427660584449768,-0.03785924147814512,0.16099501162370397,65.40215063095093
25,111,0.021418727934360504,0.0071838535368442535,0.016030837781727314,2.981509550762345,65.40215063095093
25,112,0.19713784754276276,0.13974013924598694,0.09233274310827255,1.4107460362145976,65.40215063095093
25,113,0.006942252162843943,0.03256513550877571,-0.01748159946873784,0.21318050897592464,65.40215063095093
25,114,0.020460547879338264,0.10629425197839737,-0.05926014110445976,0.1924896925122918,65.40215063095093
25,115,0.00598236033692956,0.03529437258839607,-0.020488419104367495,0.16949898519309323,65.40215063095093
25,116,0.10511569678783417,0.0792829617857933,0.04565347544848919,1.3258295908584987,65.40215063095093
25,117,0.005486255045980215,0.05794535204768181,-0.03797275898978114,0.09467981213352593,65.40215063095093
25,118,0.2980150580406189,0.006649062968790531,0.293028260814026,44.82060997085239,65.40215063095093
25,119,0.009452996775507927,0.1226906105875969,-0.08256496116518974,0.07704743443820229,65.40215063095093
25,120,0.05085160955786705,0.40191325545310974,-0.25058333203196526,0.12652384281382145,65.40215063095093
25,121,0.0016580120427533984,0.09396116435527802,-0.06881286122370511,0.0176457162287455,65.40215063095093
25,122,0.010106435045599937,0.150220587849617,-0.10255900584161282,0.06727729660897094,65.40215063095093
25,123,0.009714779444038868,0.02523219957947731,-0.009209370240569115,0.3850151633849393,65.40215063095093
25,124,0.4694642722606659,1.087982416152954,-0.3465225398540497,0.4314998710367344,65.40215063095093
25,125,0.027675308287143707,0.35811102390289307,-0.2409079596400261,0.07728136371074402,65.40215063095093
25,126,0.0396442711353302,0.15476571023464203,-0.07643001154065132,0.25615668402883895,65.40215063095093
25,127,0.012774907983839512,0.10501796752214432,-0.06598856765776873,0.12164497452327976,65.40215063095093
25,128,0.027095399796962738,0.21225543320178986,-0.13209617510437965,0.1276546818524813,65.40215063095093
25,129,0.0019145682454109192,0.0,0.0019145682454109192,1914568245.4109192,65.40215063095093
25,130,0.013406858779489994,0.12690478563308716,-0.08177173044532537,0.10564502128506693,65.40215063095093
25,131,0.01226017065346241,0.23005124926567078,-0.16027826629579067,0.05329321484905594,65.40215063095093
25,132,0.010211587883532047,0.06084920093417168,-0.03542531281709671,0.16781794545521483,65.40215063095093
25,133,0.003998808097094297,0.033009327948093414,-0.020758187863975763,0.1211417603915236,65.40215063095093
25,134,0.009135224856436253,0.01754714921116829,-0.004025137051939964,0.5206101997526367,65.40215063095093
25,135,0.011377986520528793,0.1721460223197937,-0.11773153021931648,0.06609497197284026,65.40215063095093
25,136,0.014818045310676098,0.15612447261810303,-0.10227530915290117,0.09491173972979683,65.40215063095093
25,137,0.0023775759618729353,0.003746386617422104,-0.0004322140011936426,0.6346317676295562,65.40215063095093
25,138,0.009533960372209549,0.056168798357248306,-0.03259263839572668,0.16973765953477088,65.40215063095093
25,139,0.02054840326309204,0.017528975382447243,0.007401671726256609,1.172253529575726,65.40215063095093
25,140,0.004802967421710491,0.0707777738571167,-0.04828036297112703,0.06785982604282902,65.40215063095093
25,141,0.05968422070145607,0.14371885359287262,-0.048104919493198395,0.4152845587685698,65.40215063095093
25,142,0.07447879016399384,0.1105925664305687,-0.008465634658932686,0.6734520462555594,65.40215063095093
25,143,0.06269942969083786,0.025629470124840736,0.04347732709720731,2.4463802561263877,65.40215063095093
25,144,0.0031356317922472954,0.68730628490448,-0.5123440818861127,0.004562204451074553,65.40215063095093
25,145,0.013138831593096256,0.030400773510336876,-0.0096617485396564,0.43218741089586427,65.40215063095093
25,146,0.1893356442451477,1.7894136905670166,-1.1527246236801147,0.10580876029010741,65.40215063095093
25,147,0.0,0.0,0.0,0.0,65.40215063095093
25,148,0.02954719215631485,0.19538889825344086,-0.11699448153376579,0.15122247179999793,65.40215063095093
25,149,0.010899893008172512,0.13714243471622467,-0.09195693302899599,0.07947863132696388,65.40215063095093
25,150,0.1771671622991562,0.5023872256278992,-0.1996232569217682,0.3526506114429453,65.40215063095093
25,151,0.35055461525917053,0.005444319918751717,0.34647137532010674,64.38905509343346,65.40215063095093
25,152,0.008412632159888744,0.14267103374004364,-0.09859064314514399,0.05896524290388313,65.40215063095093
25,153,0.7760250568389893,2.947601795196533,-1.4346762895584106,0.26327336959264674,65.40215063095093
25,154,0.09353811293840408,0.33984285593032837,-0.1613440290093422,0.2752393093039014,65.40215063095093
25,155,0.0007312451489269733,0.03165145218372345,-0.023007343988865614,0.02310305210197933,65.40215063095093
25,156,0.5178864002227783,2.37982177734375,-1.2669799327850342,0.21761562363741463,65.40215063095093
25,157,0.016901127994060516,0.10417642444372177,-0.06123119033873081,0.16223563137385863,65.40215063095093
25,158,0.05728095397353172,0.0573715940117836,0.014252258464694023,0.998420123393614,65.40215063095093
25,159,0.017846209928393364,0.13451461493968964,-0.08303975127637386,0.13267115945923152,65.40215063095093
25,160,0.012973821721971035,0.28513848781585693,-0.20088004413992167,0.04550007198713931,65.40215063095093
25,161,0.012670676223933697,0.08302127569913864,-0.049595280550420284,0.15261962812639046,65.40215063095093
25,162,0.004489078652113676,0.0818958654999733,-0.0569328204728663,0.05481447231374977,65.40215063095093
25,163,0.06313314288854599,1.1916613578796387,-0.830612875521183,0.05297909718313585,65.40215063095093
25,164,0.021619699895381927,0.13900145888328552,-0.08263139426708221,0.15553577688259854,65.40215063095093
25,165,0.007700725924223661,0.05159655585885048,-0.030996690969914198,0.14924883639793352,65.40215063095093
25,166,0.22379721701145172,0.7447494268417358,-0.33476485311985016,0.30050001912752006,65.40215063095093
25,167,0.04637619107961655,0.10632292181253433,-0.0333660002797842,0.4361824363795193,65.40215063095093
25,168,1.2862346172332764,6.700655937194824,-3.739257335662842,0.19195652325517792,65.40215063095093
25,169,0.019270820543169975,0.00778607465326786,0.01343126455321908,2.475036703200227,65.40215063095093
25,170,0.014547530561685562,0.32789701223373413,-0.23137522861361504,0.04436615772293561,65.40215063095093
25,171,0.0024876976385712624,0.11204909533262253,-0.08154912386089563,0.02220185384954893,65.40215063095093
25,172,0.015792880207300186,0.14484386146068573,-0.09284001588821411,0.10903382475395919,65.40215063095093
25,173,0.07122132927179337,0.05853687971830368,0.027318669483065605,1.216691590213114,65.40215063095093
25,174,0.008258040994405746,0.10641507804393768,-0.07155326753854752,0.07760217016350338,65.40215063095093
25,175,0.0026254283729940653,0.1720530390739441,-0.126414350932464,0.015259412952598079,65.40215063095093
25,176,0.009323644451797009,0.09808262437582016,-0.06423832383006811,0.09505908422654791,65.40215063095093
25,177,0.010788338258862495,0.02056184783577919,-0.004633047617971897,0.5246774679250998,65.40215063095093
25,178,0.006440663710236549,0.013507965952157974,-0.0036903107538819313,0.47680485223097646,65.40215063095093
25,179,0.010420175269246101,0.05576048418879509,-0.031400187872350216,0.1868738304670807,65.40215063095093
25,180,0.0,0.0,0.0,0.0,65.40215063095093
25,181,0.0013470869744196534,0.45810627937316895,-0.34223262255545706,0.0029405555764482087,65.40215063095093
25,182,0.0055503807961940765,0.3621273338794708,-0.26604511961340904,0.015327152293966627,65.40215063095093
25,183,0.005199887324124575,0.22958023846149445,-0.16698529152199626,0.022649542307945893,65.40215063095093
25,184,0.0556144192814827,0.22917400300502777,-0.11626608297228813,0.24267333358932477,65.40215063095093
25,185,0.09104315936565399,0.04016656428575516,0.060918236151337624,2.266640450392599,65.40215063095093
25,186,0.010657815262675285,0.058950025588274,-0.033554703928530216,0.18079407355871416,65.40215063095093
25,187,0.08602884411811829,0.0829559862613678,0.023811854422092438,1.0370420266722145,65.40215063095093
25,188,0.015471842139959335,0.03886324167251587,-0.013675589114427567,0.39810992273716916,65.40215063095093
25,189,0.015454040840268135,0.05582580715417862,-0.02641531452536583,0.2768261065587577,65.40215063095093
25,190,0.0339210070669651,0.17484210431575775,-0.09721057116985321,0.19400937319715122,65.40215063095093
25,191,0.03338582068681717,0.24382171034812927,-0.14948046207427979,0.13692718601231973,65.40215063095093
25,192,0.027252305299043655,0.140794575214386,-0.07834362611174583,0.19356076224778815,65.40215063095093
25,193,0.0027952773962169886,0.013024681247770786,-0.006973233539611101,0.21461388135550685,65.40215063095093
25,194,0.02414855547249317,0.7113253474235535,-0.5093454550951719,0.03394867842109968,65.40215063095093
25,195,0.041324637830257416,0.08706102520227432,-0.023971131071448326,0.4746628900104339,65.40215063095093
25,196,0.06417734920978546,2.1922149658203125,-1.579983875155449,0.029275116815809823,65.40215063095093
25,197,0.03615828603506088,0.21813663840293884,-0.12744419276714325,0.1657598022029846,65.40215063095093
25,198,0.08483071625232697,0.21161969006061554,-0.07388405129313469,0.40086400385345766,65.40215063095093
25,199,0.0703451856970787,0.49392014741897583,-0.30009492486715317,0.1424221831495058,65.40215063095093
25,200,0.00592908775433898,0.040096793323755264,-0.02414350723847747,0.14786937464843192,65.40215063095093
25,201,0.5073554515838623,0.5125231742858887,0.1229630708694458,0.9899170945582771,65.40215063095093
25,202,0.0016616552602499723,0.3478204011917114,-0.2592036456335336,0.004777336966296365,65.40215063095093
25,203,0.012873543426394463,0.1666795164346695,-0.11213609389960766,0.07723530582333461,65.40215063095093
25,204,0.03491135314106941,0.1488475352525711,-0.07672429829835892,0.23454438181724496,65.40215063095093
25,205,0.41685378551483154,0.05573836341500282,0.3750500129535794,7.478758972588533,65.40215063095093
25,206,0.0,0.0,0.0,0.0,65.40215063095093
25,207,0.0,0.0,0.0,0.0,65.40215063095093
25,208,0.014861593954265118,0.08209154009819031,-0.04670706111937761,0.18103685149904625,65.40215063095093
25,209,0.026312412694096565,0.18773865699768066,-0.11449158005416393,0.14015447385607682,65.40215063095093
25,210,0.05639619380235672,0.018089190125465393,0.042829301208257675,3.1176737824125285,65.40215063095093
25,211,0.10986830294132233,0.005646475590765476,0.10563344624824822,19.457854931941704,65.40215063095093
25,212,0.005648716818541288,0.008911392651498318,-0.00103482767008245,0.633875875389428,65.40215063095093
25,213,0.028628278523683548,0.33868494629859924,-0.22538543120026588,0.08452775606495098,65.40215063095093
25,214,0.0,1.7834392786026,-1.33757945895195,0.0,65.40215063095093
25,215,0.039698656648397446,0.2127169519662857,-0.11983905732631683,0.18662667117617784,65.40215063095093
25,216,0.0025972945149987936,0.0881451666355133,-0.06351158046163619,0.029466102500087493,65.40215063095093
25,217,0.06526291370391846,0.3613583445549011,-0.20575584471225739,0.1806044185422774,65.40215063095093
25,218,0.0,0.0,0.0,0.0,65.40215063095093
25,219,0.003094631480053067,0.015040199272334576,-0.008185517974197865,0.2057573456183971,65.40215063095093
25,220,0.039388395845890045,0.03157864883542061,0.01570440921932459,1.2473109932576412,65.40215063095093
25,221,0.02446594275534153,0.16476258635520935,-0.09910599701106548,0.14849210185646913,65.40215063095093
25,222,0.0,0.0,0.0,0.0,65.40215063095093
25,223,0.019796648994088173,0.08201153576374054,-0.04171200282871723,0.24138859014757535,65.40215063095093
25,224,0.01885574497282505,1.300510048866272,-0.9565267916768789,0.014498730701272295,65.40215063095093
25,225,0.002567852847278118,0.014979708008468151,-0.008666928159072995,0.1714220895130311,65.40215063095093
25,226,0.006076139397919178,2.1964328289031982,-1.6412484822794795,0.0027663670465855163,65.40215063095093
25,227,0.029921239241957664,0.019929612055420876,0.014974030200392008,1.5013457942508075,65.40215063095093
25,228,0.4015437662601471,1.3688631057739258,-0.6251035630702972,0.29334106863288534,65.40215063095093
25,229,0.12377207726240158,0.10762669891119003,0.043052053079009056,1.1500127618276592,65.40215063095093
25,230,0.010381664149463177,0.017709476873278618,-0.0029004435054957867,0.5862208253334454,65.40215063095093
25,231,0.026006624102592468,0.7729107141494751,-0.5536764115095139,0.033647643416583994,65.40215063095093
25,232,0.0022965818643569946,0.07575272023677826,-0.0545179583132267,0.0303168237014897,65.40215063095093
25,233,0.012720298953354359,0.0748056024312973,-0.04338390287011862,0.17004473648704113,65.40215063095093
25,234,0.05196324735879898,2.622598886489868,-1.9149859175086021,0.019813646542162486,65.40215063095093
25,235,0.013444546610116959,0.005431164521723986,0.00937117321882397,2.475444548561361,65.40215063095093
25,236,0.39688074588775635,0.6090036630630493,-0.05987200140953064,0.6516886021521617,65.40215063095093
25,237,0.05382143333554268,0.12972472608089447,-0.043472111225128174,0.4148895508290803,65.40215063095093
25,238,0.005577619653195143,0.17459164559841156,-0.12536611454561353,0.03194665835267172,65.40215063095093
25,239,0.029729589819908142,0.0,0.029729589819908142,29729589819.908142,65.40215063095093
25,240,0.0020215779077261686,0.0,0.0020215779077261686,2021577907.7261686,65.40215063095093
25,241,0.0027299716603010893,0.1698288768529892,-0.12464168597944081,0.016074837865460236,65.40215063095093
25,242,0.0035191380884498358,0.029249055311083794,-0.01841765339486301,0.1203162991385899,65.40215063095093
25,243,0.02459067292511463,0.12876099348068237,-0.07198007218539715,0.19097921086336536,65.40215063095093
25,244,0.0,0.04346926882863045,-0.032601951621472836,0.0,65.40215063095093
25,245,0.024543946608901024,0.0,0.024543946608901024,24543946608.901024,65.40215063095093
25,246,0.06224491819739342,0.01028077956289053,0.05453433352522552,6.054494001215432,65.40215063095093
25,247,0.4134742319583893,0.0961291640996933,0.3413773588836193,4.301236111085743,65.40215063095093
25,248,0.02961280196905136,0.14487668871879578,-0.07904471457004547,0.204400046900058,65.40215063095093
25,249,0.0,0.0009688861318863928,-0.0007266645989147946,0.0,65.40215063095093
25,250,0.021537842229008675,0.24127334356307983,-0.1594171654433012,0.08926739237270293,65.40215063095093
25,251,0.004103120416402817,0.022235888987779617,-0.012573796324431896,0.18452693384434865,65.40215063095093
25,252,0.01750142313539982,0.07620228081941605,-0.039650287479162216,0.22967059446219162,65.40215063095093
25,253,0.025658639147877693,0.7190151214599609,-0.513602701947093,0.035685812971140464,65.40215063095093
25,254,0.021100962534546852,0.4240051507949829,-0.29690290056169033,0.04976581651174311,65.40215063095093
25,255,0.0041750636883080006,0.0,0.0041750636883080006,4175063688.3080006,65.40215063095093
26,0,0.0021692386362701654,0.0,0.0021692386362701654,2169238636.2701654,65.4227991104126
26,1,0.3988194167613983,1.7677102088928223,-0.9269632399082184,0.22561357328527679,65.4227991104126
26,2,0.054632171988487244,0.3678489923477173,-0.22125457227230072,0.14851793296934324,65.4227991104126
26,3,0.02141552045941353,0.17103858292102814,-0.10686341673135757,0.1252087107689397,65.4227991104126
26,4,0.025656670331954956,0.4975549578666687,-0.34750954806804657,0.051565500305553555,65.4227991104126
26,5,0.03303471580147743,0.18349263072013855,-0.10458475723862648,0.18003292923344522,65.4227991104126
26,6,0.01593383587896824,0.14313971996307373,-0.09142095409333706,0.11131666236993779,65.4227991104126
26,7,0.018820099532604218,0.0,0.018820099532604218,18820099532.604218,65.4227991104126
26,8,0.0713697150349617,0.0007635781657882035,0.07079703141062055,93.46746428746147,65.4227991104126
26,9,0.0008379167411476374,0.10921987891197205,-0.0810769924428314,0.007671833639508989,65.4227991104126
26,10,0.030487213283777237,0.2980581820011139,-0.19305642321705818,0.1022861143384449,65.4227991104126
26,11,0.036734286695718765,0.5817810893058777,-0.3996015302836895,0.06314108067603788,65.4227991104126
26,12,0.016420943662524223,0.15490588545799255,-0.09975847043097019,0.10600593782391345,65.4227991104126
26,13,0.02385684661567211,0.10312337428331375,-0.0534856840968132,0.23134276570409906,65.4227991104126
26,14,0.03223387524485588,1.2346012592315674,-0.8937170691788197,0.026108733490918818,65.4227991104126
26,15,0.03812459856271744,0.7762308716773987,-0.5440485551953316,0.04911502486403671,65.4227991104126
26,16,0.01104035321623087,0.3109215497970581,-0.2221508091315627,0.03550848509343119,65.4227991104126
26,17,0.00616629421710968,0.08961983025074005,-0.06104857847094536,0.0688050200473344,65.4227991104126
26,18,0.0008410945883952081,1.523438572883606,-1.1417378350743093,0.0005521027256140753,65.4227991104126
26,19,0.14629000425338745,0.1691061109304428,0.019460421055555344,0.8650781657009118,65.4227991104126
26,20,0.0007011567940935493,1.309682846069336,-0.9815609777579084,0.0005353638067394325,65.4227991104126
26,21,0.11928740888834,0.007721548900008202,0.11349624721333385,15.448637367661384,65.4227991104126
26,22,0.0752999484539032,0.09156590700149536,0.006625518202781677,0.822357915941914,65.4227991104126
26,23,0.0,0.08214946836233139,-0.06161210127174854,0.0,65.4227991104126
26,24,0.0008218689472414553,0.015697507187724113,-0.01095126144355163,0.05235665366229761,65.4227991104126
26,25,0.019087405875325203,0.11871915310621262,-0.06995195895433426,0.16077781365309937,65.4227991104126
26,26,0.008876043371856213,0.0341356098651886,-0.016725664027035236,0.26002299084886,65.4227991104126
26,27,0.04997900128364563,0.042796552181243896,0.017881587147712708,1.1678277509556412,65.4227991104126
26,28,0.04391724243760109,0.45611572265625,-0.2981695495545864,0.09628530711843687,65.4227991104126
26,29,0.014450007118284702,0.014954876154661179,0.0032338500022888184,0.966240506967665,65.4227991104126
26,30,0.009963595308363438,0.024891452863812447,-0.008704994339495897,0.40028178999741615,65.4227991104126
26,31,0.047428764402866364,0.02347850240767002,0.029819887597113848,2.020093257113031,65.4227991104126
26,32,0.0,0.0,0.0,0.0,65.4227991104126
26,33,0.0645536482334137,0.26306477189064026,-0.1327449306845665,0.24539069891123305,65.4227991104126
26,34,0.005110876634716988,0.19816353917121887,-0.14351177774369717,0.025791205869992336,65.4227991104126
26,35,0.0022236076183617115,0.1047067642211914,-0.07630646554753184,0.02123652311175559,65.4227991104126
26,36,0.011432521976530552,0.0014909878373146057,0.010314281098544598,7.667749986112384,65.4227991104126
26,37,0.005416908301413059,0.040674589574337006,-0.025089033879339695,0.13317671691265437,65.4227991104126
26,38,0.021174494177103043,0.0003543470229487866,0.020908733909891453,59.756376506673774,65.4227991104126
26,39,0.000657985860016197,0.0,0.000657985860016197,657985860.016197,65.4227991104126
26,40,0.0,0.0,0.0,0.0,65.4227991104126
26,41,0.7711076140403748,2.979797124862671,-1.4637402296066284,0.258778561669917,65.4227991104126
26,42,0.016195958480238914,0.18972687423229218,-0.12609919719398022,0.08536459869319314,65.4227991104126
26,43,0.004222472198307514,0.0,0.004222472198307514,4222472198.307514,65.4227991104126
26,44,0.0373215451836586,0.15313872694969177,-0.07753250002861023,0.24371069243428894,65.4227991104126
26,45,0.007896779105067253,0.12758927047252655,-0.08779517374932766,0.06189218792269647,65.4227991104126
26,46,0.006991430185735226,0.11032052338123322,-0.07574896235018969,0.06337379457049579,65.4227991104126
26,47,0.0017275307327508926,0.022406434640288353,-0.015077295247465372,0.07709975997553714,65.4227991104126
26,48,0.03318329527974129,0.02327781729400158,0.015724932309240103,1.425532938041691,65.4227991104126
26,49,0.004265400115400553,0.043925609439611435,-0.028678806964308023,0.09710508675280839,65.4227991104126
26,50,0.04993262514472008,0.3905239999294281,-0.242960374802351,0.12786058002482711,65.4227991104126
26,51,0.004828354809433222,0.06834371387958527,-0.04642943060025573,0.07064811868242407,65.4227991104126
26,52,0.030780330300331116,0.34260889887809753,-0.22617634385824203,0.08984101230596792,65.4227991104126
26,53,0.008621125482022762,0.05168386176228523,-0.030141770839691162,0.1668049791152984,65.4227991104126
26,54,0.0,0.0,0.0,0.0,65.4227991104126
26,55,0.0039045691955834627,0.023122873157262802,-0.013437585672363639,0.1688617659604378,65.4227991104126
26,56,0.027641374617815018,0.13459758460521698,-0.07330681383609772,0.2053630806130995,65.4227991104126
26,57,0.007270574104040861,0.026719091460108757,-0.012768744491040707,0.27211157664636987,65.4227991104126
26,58,0.15235263109207153,0.09353813529014587,0.08219902962446213,1.6287755856780792,65.4227991104126
26,59,0.0367087721824646,0.0444549024105072,0.003367595374584198,0.8257530708910632,65.4227991104126
26,60,0.03327373042702675,0.04303169995546341,0.0009999554604291916,0.7732376471459617,65.4227991104126
26,61,0.016955651342868805,0.1652475893497467,-0.10698004066944122,0.10260755639151589,65.4227991104126
26,62,0.0034313772339373827,0.005122464615851641,-0.00041047122795134783,0.6698684111255743,65.4227991104126
26,63,0.030513737350702286,0.10848915576934814,-0.05085312947630882,0.281260713423693,65.4227991104126
26,64,0.03587833046913147,0.021477965638041496,0.019769856240600348,1.6704715461465198,65.4227991104126
26,65,0.006916009355336428,0.0,0.006916009355336428,6916009355.336428,65.4227991104126
26,66,0.024235596880316734,0.14713500440120697,-0.0861156564205885,0.16471673058891217,65.4227991104126
26,67,0.015045317821204662,0.2620316743850708,-0.18147843796759844,0.057417935661614995,65.4227991104126
26,68,0.1614539921283722,0.06524761021137238,0.11251828446984291,2.474481312079641,65.4227991104126
26,69,0.10313627868890762,0.014262227341532707,0.09243960818275809,7.231428598907225,65.4227991104126
26,70,1.0937451124191284,4.376071929931641,-2.188308835029602,0.24993764497741336,65.4227991104126
26,71,0.05873378366231918,0.10039865225553513,-0.01656520552933216,0.5850056982064328,65.4227991104126
26,72,0.0,0.0,0.0,0.0,65.4227991104126
26,73,0.03610745817422867,0.255432665348053,-0.15546704083681107,0.14135802922812252,65.4227991104126
26,74,0.02993757650256157,0.08733242005109787,-0.03556173853576183,0.3428002623161296,65.4227991104126
26,75,0.013511967845261097,0.13838908076286316,-0.09027984272688627,0.09763752870298281,65.4227991104126
26,76,0.0001342021132586524,1.564367651939392,-1.1731415368412854,8.578681174607026e-05,65.4227991104126
26,77,0.01470106653869152,0.0638800635933876,-0.03320898115634918,0.23013543994003052,65.4227991104126
26,78,0.07696902751922607,0.7995454668998718,-0.5226900726556778,0.09626597949153122,65.4227991104126
26,79,0.00717997457832098,0.009036615490913391,0.00040251296013593674,0.7945424462008076,65.4227991104126
26,80,0.1846836805343628,1.0882161855697632,-0.6314784586429596,0.1697123080718536,65.4227991104126
26,81,0.01254622358828783,0.04734855517745018,-0.022965192794799805,0.26497584859776274,65.4227991104126
26,82,0.00663525378331542,0.022290587425231934,-0.01008268678560853,0.29767065606835214,65.4227991104126
26,83,0.014597179368138313,0.01665114425122738,0.002108821179717779,0.8766472229790268,65.4227991104126
26,84,0.01885276660323143,0.4300597012042999,-0.3036920092999935,0.04383755685639465,65.4227991104126
26,85,0.017512697726488113,0.008600974455475807,0.011061966884881258,2.036129489176954,65.4227991104126
26,86,0.0034694592468440533,2.249202251434326,-1.6834322293289006,0.0015425287986574,65.4227991104126
26,87,0.05503978580236435,0.037803564220666885,0.026687112636864185,1.4559417064388502,65.4227991104126
26,88,0.0034264931455254555,0.3514432907104492,-0.26015597488731146,0.009749775386489768,65.4227991104126
26,89,0.004954429809004068,0.017530519515275955,-0.008193459827452898,0.2826173978702799,65.4227991104126
26,90,0.6328381896018982,0.4253617227077484,0.3138168975710869,1.4877647795196938,65.4227991104126
26,91,0.02973964251577854,0.1874159723520279,-0.11082233674824238,0.15868253992652867,65.4227991104126
26,92,0.0019204395357519388,0.010350096970796585,-0.0058421331923455,0.1855479751527957,65.4227991104126
26,93,0.011232319287955761,0.08326439559459686,-0.051215977407991886,0.134899427391625,65.4227991104126
26,94,0.05393369495868683,0.2502850890159607,-0.1337801218032837,0.21548904559405052,65.4227991104126
26,95,0.09272351861000061,0.15453098714351654,-0.023174721747636795,0.600031879193822,65.4227991104126
26,96,0.3675786256790161,0.3622232973575592,0.09591115266084671,1.0147846048542697,65.4227991104126
26,97,0.018231147900223732,0.07040923833847046,-0.03457578085362911,0.2589311904259529,65.4227991104126
26,98,0.053261641412973404,0.03854900225996971,0.02434988971799612,1.3816606990863685,65.4227991104126
26,99,0.053480785340070724,0.1620527058839798,-0.06805874407291412,0.3300209339178193,65.4227991104126
26,100,0.112155020236969,0.14210514724254608,0.005576159805059433,0.7892396750749131,65.4227991104126
26,101,0.020948605611920357,0.2781354784965515,-0.18765300326049328,0.0753179915237055,65.4227991104126
26,102,0.04643547534942627,0.08470984548330307,-0.017096908763051033,0.5481709367304992,65.4227991104126
26,103,0.025692643597722054,0.007766765542328358,0.019867569440975785,3.308023585157917,65.4227991104126
26,104,0.005049606319516897,0.005536021664738655,0.0008975900709629059,0.9121363001102242,65.4227991104126
26,105,0.006605931092053652,0.04341427981853485,-0.025954778771847486,0.15216032880225788,65.4227991104126
26,106,0.026945538818836212,0.02452586404979229,0.008551140781491995,1.09865808450348,65.4227991104126
26,107,0.04577597603201866,0.1550549864768982,-0.07051526382565498,0.29522414642591094,65.4227991104126
26,108,0.005944509990513325,0.0,0.005944509990513325,5944509990.513325,65.4227991104126
26,109,0.013685555197298527,0.004944588989019394,0.009977113455533981,2.7677841828557823,65.4227991104126
26,110,0.05931171029806137,0.05080440267920494,0.021208408288657665,1.1674521728246037,65.4227991104126
26,111,0.31075015664100647,0.1473851501941681,0.2002112939953804,2.1084224308182313,65.4227991104126
26,112,0.006657004822045565,0.024962639436125755,-0.012064974755048752,0.2666787235705899,65.4227991104126
26,113,0.007748575881123543,0.04873393103480339,-0.028801872394979,0.15899755501830728,65.4227991104126
26,114,0.03425755351781845,0.8144143223762512,-0.57655318826437,0.042064036174881685,65.4227991104126
26,115,0.02611643448472023,0.11978248506784439,-0.06372042931616306,0.21803216446636534,65.4227991104126
26,116,4.476595677260775e-06,0.05005592852830887,-0.03753746980055439,8.943187767737898e-05,65.4227991104126
26,117,0.0,0.7423945069313049,-0.5567958801984787,0.0,65.4227991104126
26,118,0.015326821245253086,0.010328961536288261,0.00758010009303689,1.4838685563812206,65.4227991104126
26,119,0.9069845080375671,2.4440836906433105,-0.9260782599449158,0.3710938833679903,65.4227991104126
26,120,0.4606097936630249,0.0016312014777213335,0.4593863925547339,282.3745562222564,65.4227991104126
26,121,0.056592945009469986,0.29182595014572144,-0.1622765175998211,0.19392704788939003,65.4227991104126
26,122,0.0,0.0,0.0,0.0,65.4227991104126
26,123,0.01147502288222313,0.514208972454071,-0.37418170645833015,0.02231587447304949,65.4227991104126
26,124,0.006713246926665306,0.012395180761814117,-0.002583138644695282,0.5416013735600558,65.4227991104126
26,125,0.03387760743498802,0.015203125774860382,0.022475263103842735,2.2283317216765446,65.4227991104126
26,126,0.03759825974702835,0.08788373321294785,-0.028314540162682533,0.42781819083057804,65.4227991104126
26,127,0.020417721942067146,0.06524460017681122,-0.028515728190541267,0.31294117653296505,65.4227991104126
26,128,0.00994218047708273,0.14090682566165924,-0.0957379387691617,0.0705585441324539,65.4227991104126
26,129,0.007159359287470579,0.017970656976103783,-0.006318633444607258,0.3983916278960887,65.4227991104126
26,130,0.010793142020702362,0.030334416776895523,-0.01195767056196928,0.3558051601825175,65.4227991104126
26,131,0.008603054098784924,0.020417161285877228,-0.006709816865622997,0.42136387022197774,65.4227991104126
26,132,0.06422308087348938,0.646930992603302,-0.4209751635789871,0.09927346441534869,65.4227991104126
26,133,0.00327223795466125,0.01012522354722023,-0.0043216797057539225,0.32317686015302155,65.4227991104126
26,134,1.3501216173171997,5.47000789642334,-2.752384305000305,0.2468226084645606,65.4227991104126
26,135,0.025748420506715775,0.05032588168978691,-0.011995990760624409,0.5116337685829259,65.4227991104126
26,136,0.01631142571568489,0.18838073313236237,-0.12497412413358688,0.08658754769861401,65.4227991104126
26,137,0.0,0.0,0.0,0.0,65.4227991104126
26,138,0.012692533433437347,0.3639625906944275,-0.26027940958738327,0.03487318135961605,65.4227991104126
26,139,0.0,0.0,0.0,0.0,65.4227991104126
26,140,0.0029545791912823915,0.0707322359085083,-0.050094597740098834,0.04177132467666298,65.4227991104126
26,141,0.009771257638931274,0.11394523829221725,-0.07568767108023167,0.08575397958962293,65.4227991104126
26,142,0.002139900578185916,0.021739492192864418,-0.014164718566462398,0.09843378856797146,65.4227991104126
26,143,0.012887927703559399,0.0024061785079538822,0.011083293822593987,5.356181037940778,65.4227991104126
26,144,0.008044175803661346,0.0037933802232146263,0.005199140636250377,2.12058252223498,65.4227991104126
26,145,0.008622672408819199,0.0,0.008622672408819199,8622672408.819199,65.4227991104126
26,146,0.008513434790074825,0.0,0.008513434790074825,8513434790.074825,65.4227991104126
26,147,0.0242085512727499,0.1848706603050232,-0.1144444439560175,0.13094858444642646,65.4227991104126
26,148,0.003921200521290302,0.1629323810338974,-0.11827808525413275,0.024066428639807617,65.4227991104126
26,149,0.0008818134083412588,0.0,0.0008818134083412588,881813408.3412588,65.4227991104126
26,150,0.013324501924216747,0.2943660616874695,-0.20745004434138536,0.04526507521888919,65.4227991104126
26,151,0.00489562563598156,0.08801896125078201,-0.06111859530210495,0.05562012509983403,65.4227991104126
26,152,0.013902325183153152,0.3217191696166992,-0.22738705202937126,0.04321261054998174,65.4227991104126
26,153,0.012282118201255798,0.14290417730808258,-0.09489601477980614,0.08594653027315795,65.4227991104126
26,154,0.25693437457084656,0.551478922367096,-0.1566748172044754,0.4659006249369408,65.4227991104126
26,155,0.17300830781459808,0.699215829372406,-0.3514035642147064,0.2474319095001574,65.4227991104126
26,156,0.11133847385644913,0.5572004914283752,-0.3065618947148323,0.19981761604487241,65.4227991104126
26,157,0.014084517024457455,0.05446286499500275,-0.026762631721794605,0.2586077141827037,65.4227991104126
26,158,0.057150207459926605,0.12339382618665695,-0.03539516218006611,0.4631528920499859,65.4227991104126
26,159,0.03786982595920563,0.03782249242067337,0.0095029566437006,1.0012514653186932,65.4227991104126
26,160,0.11452358216047287,0.049273572862148285,0.07756840251386166,2.3242394554693453,65.4227991104126
26,161,0.05248022824525833,0.2851830720901489,-0.16140707582235336,0.18402294308858852,65.4227991104126
26,162,0.011468625627458096,0.0,0.011468625627458096,11468625627.458096,65.4227991104126
26,163,0.2104135900735855,1.352645754814148,-0.8040707260370255,0.1555570549972565,65.4227991104126
26,164,0.12421700358390808,1.4383877515792847,-0.9545738101005554,0.08635849648152041,65.4227991104126
26,165,1.104378342628479,0.0,1.104378342628479,1104378342628.479,65.4227991104126
26,166,0.021195726469159126,0.3848312497138977,-0.26742771081626415,0.055077976346416736,65.4227991104126
26,167,0.00713168503716588,0.07522370666265488,-0.04928609495982528,0.09480634966651581,65.4227991104126
26,168,0.0,0.0,0.0,0.0,65.4227991104126
26,169,0.015834404155611992,0.06169821694493294,-0.03043925855308771,0.25664281626627744,65.4227991104126
26,170,0.06476203352212906,0.01265745609998703,0.055268941447138786,5.116512591900587,65.4227991104126
26,171,0.06456175446510315,0.3295934796333313,-0.18263335525989532,0.1958829845078593,65.4227991104126
26,172,0.8637501001358032,4.323402404785156,-2.378801703453064,0.19978480355647718,65.4227991104126
26,173,0.013937599025666714,0.06438803672790527,-0.03435342852026224,0.21646255630294445,65.4227991104126
26,174,0.014982306398451328,0.16894100606441498,-0.1117234481498599,0.08868365796667559,65.4227991104126
26,175,0.275330126285553,0.23487715423107147,0.09917226061224937,1.1722303396673128,65.4227991104126
26,176,0.008198043331503868,0.0538826510310173,-0.03221394494175911,0.15214625068526336,65.4227991104126
26,177,0.02031562477350235,0.08226931095123291,-0.04138635843992233,0.24694049990643507,65.4227991104126
26,178,0.009726381860673428,0.0,0.009726381860673428,9726381860.673428,65.4227991104126
26,179,0.03699180856347084,0.2506197392940521,-0.15097299590706825,0.14760133686006574,65.4227991104126
26,180,0.006590670440346003,0.004147479776293039,0.003480060608126223,1.5890783787371652,65.4227991104126
26,181,0.00722166895866394,0.02491714432835579,-0.011466189287602901,0.28982731179815946,65.4227991104126
26,182,0.028071166947484016,0.12897928059101105,-0.06866329349577427,0.21764090184592594,65.4227991104126
26,183,0.10334978997707367,0.24339254200458527,-0.07919461652636528,0.4246218438965235,65.4227991104126
26,184,0.018817422911524773,0.432677298784256,-0.3056905511766672,0.043490663744908266,65.4227991104126
26,185,0.016914483159780502,0.2796948254108429,-0.19285663589835167,0.06047478044999365,65.4227991104126
26,186,0.027923008427023888,0.11481977254152298,-0.05819182097911835,0.2431898949867953,65.4227991104126
26,187,0.05471239984035492,0.03961300104856491,0.025002649053931236,1.3811728066726683,65.4227991104126
26,188,0.004254219587892294,0.10152190923690796,-0.07188721233978868,0.041904448210512785,65.4227991104126
26,189,0.006329637952148914,0.17536096274852753,-0.12519108410924673,0.03609490876934621,65.4227991104126
26,190,0.02474466897547245,0.3301312327384949,-0.2228537555783987,0.07495403803552984,65.4227991104126
26,191,0.0024703352246433496,0.01179060060530901,-0.0063726152293384075,0.20951733564119734,65.4227991104126
26,192,0.01728585921227932,0.2019682228565216,-0.13419030793011189,0.08558702437300555,65.4227991104126
26,193,0.09220011532306671,0.08691782504320145,0.027011746540665627,1.0607733830912012,65.4227991104126
26,194,0.03216537460684776,0.19101883471012115,-0.1110987514257431,0.16838849768658487,65.4227991104126
26,195,0.01617748662829399,0.13453716039657593,-0.08472538366913795,0.12024548890795136,65.4227991104126
26,196,0.07563508301973343,0.043871499598026276,0.04273145832121372,1.7240140800067876,65.4227991104126
26,197,0.026870179921388626,0.10731334984302521,-0.05361483246088028,0.25038990918131937,65.4227991104126
26,198,0.14669960737228394,0.32168158888816833,-0.09456158429384232,0.4560397997251487,65.4227991104126
26,199,0.0421740747988224,0.28141260147094727,-0.16888537630438805,0.1498656228549401,65.4227991104126
26,200,0.0,0.02751713991165161,-0.02063785493373871,0.0,65.4227991104126
26,201,0.09103916585445404,0.34915217757225037,-0.17082496732473373,0.26074351443892824,65.4227991104126
26,202,0.1344035565853119,0.053068071603775024,0.09460250288248062,2.53266328549271,65.4227991104126
26,203,0.07416237890720367,0.39194297790527344,-0.2197948545217514,0.1892172665099727,65.4227991104126
26,204,0.029226047918200493,0.14410777390003204,-0.07885478250682354,0.2028068793725998,65.4227991104126
26,205,0.0007045193342491984,0.078338623046875,-0.05804944795090705,0.008993256542416455,65.4227991104126
26,206,0.0163415540009737,0.0,0.0163415540009737,16341554000.973701,65.4227991104126
26,207,0.0009163368376903236,0.037384841591119766,-0.0271222943556495,0.024510919363731513,65.4227991104126
26,208,0.05062070116400719,0.2092883437871933,-0.10634555667638779,0.24187061853400207,65.4227991104126
26,209,0.10618850588798523,0.3023148775100708,-0.12054765224456787,0.3512513401994138,65.4227991104126
26,210,0.009089906699955463,0.04143505543470383,-0.021986384876072407,0.21937720619345083,65.4227991104126
26,211,0.0,0.06032513454556465,-0.04524385090917349,0.0,65.4227991104126
26,212,0.01739613711833954,0.10600803047418594,-0.06210988573729992,0.1641020688749762,65.4227991104126
26,213,0.08577050268650055,0.584479570388794,-0.3525891751050949,0.14674679326995047,65.4227991104126
26,214,0.023828187957406044,1.3036357164382935,-0.953898599371314,0.01827825646146728,65.4227991104126
26,215,0.2039729356765747,0.0772065818309784,0.1460679993033409,2.6419112313568403,65.4227991104126
26,216,0.02243936061859131,0.18966186046600342,-0.11980703473091125,0.1183124565125481,65.4227991104126
26,217,0.011474202387034893,0.29129037261009216,-0.20699357707053423,0.039390942735873874,65.4227991104126
26,218,0.0075923302210867405,0.06053817272186279,-0.037811299320310354,0.12541393107194707,65.4227991104126
26,219,0.09454952925443649,0.5713236331939697,-0.3339431956410408,0.16549206747442663,65.4227991104126
26,220,0.036996956914663315,0.14295390248298645,-0.07021846994757652,0.25880340635546956,65.4227991104126
26,221,0.00023498536029364914,0.0,0.00023498536029364914,234985360.29364914,65.4227991104126
26,222,0.8497326970100403,2.8571622371673584,-1.2931389808654785,0.29740442665663364,65.4227991104126
26,223,0.03689461201429367,0.17738159000873566,-0.09614158049225807,0.20799572273688996,65.4227991104126
26,224,0.044606439769268036,1.9221779108047485,-1.3970269933342934,0.023206197261194036,65.4227991104126
26,225,0.015004700981080532,0.19372476637363434,-0.13028887379914522,0.07745370538769274,65.4227991104126
26,226,0.013944976031780243,0.328972727060318,-0.23278456926345825,0.04238945932189998,65.4227991104126
26,227,0.09967050701379776,0.5360347628593445,-0.3023555651307106,0.18594037909396813,65.4227991104126
26,228,0.004959253128618002,0.30552738904953003,-0.22418628865852952,0.016231779232721455,65.4227991104126
26,229,0.010639926418662071,0.06071240454912186,-0.03489437699317932,0.17525127686020328,65.4227991104126
26,230,0.08502008020877838,0.14199919998645782,-0.021479319781064987,0.5987363324320689,65.4227991104126
26,231,0.044226426631212234,0.014835037291049957,0.03310014866292477,2.9812143886495663,65.4227991104126
26,232,0.0,0.010832656174898148,-0.00812449213117361,0.0,65.4227991104126
26,233,0.016337884590029716,0.01196688786149025,0.007362718693912029,1.3652575989485276,65.4227991104126
26,234,0.0001366030628560111,0.02510232850909233,-0.018690143318963237,0.005441848265235242,65.4227991104126
26,235,0.06475377082824707,0.09411352872848511,-0.00583137571811676,0.6880389217406973,65.4227991104126
26,236,0.39833444356918335,0.04617037624120712,0.363706661388278,8.627489658727145,65.4227991104126
26,237,0.013145262375473976,0.16543333232402802,-0.11092973686754704,0.07945957559294875,65.4227991104126
26,238,0.007597004994750023,0.17359890043735504,-0.12260217033326626,0.043761826691106946,65.4227991104126
26,239,0.031138665974140167,0.20724378526210785,-0.12429417297244072,0.15025138599262625,65.4227991104126
26,240,0.039893291890621185,0.1896008551120758,-0.10230734944343567,0.2104067086977497,65.4227991104126
26,241,0.027150634676218033,0.41572290658950806,-0.284641545265913,0.06530945070814134,65.4227991104126
26,242,0.005510415881872177,0.05973308905959129,-0.03928940091282129,0.09225064312817627,65.4227991104126
26,243,0.08381514996290207,0.24361076951026917,-0.0988929271697998,0.3440535495661856,65.4227991104126
26,244,0.11460945755243301,0.30855339765548706,-0.11680559068918228,0.37144124298390613,65.4227991104126
26,245,0.014645319432020187,0.02455056458711624,-0.0037676040083169937,0.5965369708486985,65.4227991104126
26,246,0.031217174604535103,0.16820497810840607,-0.09493655897676945,0.18559007560543436,65.4227991104126
26,247,0.01994233764708042,0.15478330850601196,-0.09614514373242855,0.1288403629528115,65.4227991104126
26,248,0.03723537176847458,0.27663472294807434,-0.17024067044258118,0.1346012220430088,65.4227991104126
26,249,0.00811874307692051,0.7996013760566711,-0.5915822889655828,0.010153488125481848,65.4227991104126
26,250,0.028631415218114853,0.1865369826555252,-0.11127132177352905,0.1534892159740491,65.4227991104126
26,251,0.04021899774670601,0.385932058095932,-0.249230045825243,0.10421263769853623,65.4227991104126
26,252,0.07845783233642578,0.6570696234703064,-0.414344385266304,0.11940566042595631,65.4227991104126
26,253,0.02101833187043667,0.10272509604692459,-0.056025490164756775,0.20460756600929272,65.4227991104126
26,254,0.004035099409520626,0.03499583527445793,-0.022211777046322823,0.11530227462095705,65.4227991104126
26,255,0.004508195444941521,0.08538980036973953,-0.05953415483236313,0.052795479382410415,65.4227991104126
27,0,0.1377754509449005,0.42598095536231995,-0.18171026557683945,0.32343101073002567,65.44344758987427
27,1,0.0066892835311591625,0.07659618556499481,-0.050757855642586946,0.08733181008596982,65.44344758987427
27,2,0.0,0.8651940226554871,-0.6488955169916153,0.0,65.44344758987427
27,3,0.001248519285582006,0.21309667825698853,-0.1585739894071594,0.005858933587272854,65.44344758987427
27,4,0.06274835765361786,0.05471939593553543,0.021708810701966286,1.1467297213294272,65.44344758987427
27,5,0.050523802638053894,0.7608638405799866,-0.520124077796936,0.0664032116435899,65.44344758987427
27,6,0.17905773222446442,0.0418969951570034,0.14763498585671186,4.27376072076758,65.44344758987427
27,7,0.07318152487277985,0.32420653104782104,-0.16997337341308594,0.2257250174326677,65.44344758987427
27,8,0.07789688557386398,0.296671062707901,-0.14460641145706177,0.2625698808053208,65.44344758987427
27,9,0.0015336725628003478,0.016788670793175697,-0.011057830532081425,0.09135163716072195,65.44344758987427
27,10,0.012493741698563099,0.010565554723143578,0.004569575656205416,1.182497466982342,65.44344758987427
27,11,0.19117680191993713,0.09589874744415283,0.11925274133682251,1.9935276217166076,65.44344758987427
27,12,0.06831934303045273,0.1665380895137787,-0.05658422410488129,0.4102325373703175,65.44344758987427
27,13,0.054650068283081055,0.28009462356567383,-0.15542089939117432,0.19511287859501572,65.44344758987427
27,14,0.0,0.41343817114830017,-0.31007862836122513,0.0,65.44344758987427
27,15,0.0,0.0,0.0,0.0,65.44344758987427
27,16,0.008527327328920364,0.017885085195302963,-0.004886486567556858,0.4767842722204675,65.44344758987427
27,17,0.032632920891046524,0.06333626806735992,-0.01486928015947342,0.5152327708324281,65.44344758987427
27,18,0.00494255218654871,0.029662519693374634,-0.017304337583482265,0.1666261746295964,65.44344758987427
27,19,0.022600824013352394,0.1793840527534485,-0.11193721555173397,0.1259912665943039,65.44344758987427
27,20,0.018260527402162552,0.28362682461738586,-0.19445959106087685,0.06438222980753573,65.44344758987427
27,21,0.006495533045381308,0.0,0.006495533045381308,6495533045.381308,65.44344758987427
27,22,0.0632113367319107,0.12799662351608276,-0.03278613090515137,0.4938515954170803,65.44344758987427
27,23,0.012069076299667358,0.09689117223024368,-0.060599302873015404,0.12456321893663233,65.44344758987427
27,24,0.20783981680870056,0.2629200220108032,0.010649800300598145,0.7905058550442767,65.44344758987427
27,25,0.011796319857239723,0.061883360147476196,-0.034616200253367424,0.19062183806659688,65.44344758987427
27,26,0.028686154633760452,0.18115092813968658,-0.10717704147100449,0.1583549967322388,65.44344758987427
27,27,0.00961020216345787,0.05220359191298485,-0.029542491771280766,0.18409082231913218,65.44344758987427
27,28,0.08754121512174606,0.9381082653999329,-0.6160399839282036,0.09331675068903941,65.44344758987427
27,29,0.04803377762436867,0.6365675330162048,-0.42939187213778496,0.07545747329697765,65.44344758987427
27,30,0.004259125329554081,0.03253541141748428,-0.02014243323355913,0.130907375805746,65.44344758987427
27,31,0.0018374547362327576,0.009748860262334347,-0.0054741904605180025,0.1884789284695628,65.44344758987427
27,32,0.0,0.0,0.0,0.0,65.44344758987427
27,33,0.18793800473213196,0.07639190554618835,0.1306440755724907,2.460182180113834,65.44344758987427
27,34,0.0,0.0,0.0,0.0,65.44344758987427
27,35,0.3789541721343994,0.08627347648143768,0.31424906477332115,4.392475968109868,65.44344758987427
27,36,0.0440538115799427,0.02576587162911892,0.024729407858103514,1.7097737740976,65.44344758987427
27,37,0.01772434264421463,0.07325372099876404,-0.0372159481048584,0.2419582568955333,65.44344758987427
27,38,0.034449364989995956,0.3265194594860077,-0.2104402296245098,0.10550478383162554,65.44344758987427
27,39,0.001741917571052909,0.07059283554553986,-0.05120270908810198,0.0246755574778479,65.44344758987427
27,40,0.5200691223144531,2.5553598403930664,-1.3964507579803467,0.20352089521538866,65.44344758987427
27,41,0.0037794052623212337,0.012624486349523067,-0.005688959499821067,0.29937101260081306,65.44344758987427
27,42,0.016627440229058266,0.02044805698096752,0.0012913974933326244,0.8131550221970463,65.44344758987427
27,43,0.08223535120487213,0.3664359748363495,-0.19259162992238998,0.22441942618045096,65.44344758987427
27,44,0.006812275853008032,0.048978857696056366,-0.029921867419034243,0.1390860500492532,65.44344758987427
27,45,0.018595824018120766,0.44714170694351196,-0.3167604561895132,0.04158821181140326,65.44344758987427
27,46,0.11545373499393463,0.4302271008491516,-0.20721659064292908,0.2683553285364681,65.44344758987427
27,47,0.06208169832825661,0.6485731601715088,-0.424348171800375,0.09572042468076229,65.44344758987427
27,48,0.0027468937914818525,0.018003664910793304,-0.010755854891613126,0.1525741455942395,65.44344758987427
27,49,0.0,0.007638407871127129,-0.0057288059033453465,0.0,65.44344758987427
27,50,0.015068859793245792,0.07051482051610947,-0.03781725559383631,0.21369776853632544,65.44344758987427
27,51,0.22091297805309296,0.00671839015558362,0.21587418543640524,32.881832240214784,65.44344758987427
27,52,0.0,0.0,0.0,0.0,65.44344758987427
27,53,0.0,0.0,0.0,0.0,65.44344758987427
27,54,0.03895016387104988,0.056793879717588425,-0.0036452459171414375,0.6858162193540308,65.44344758987427
27,55,0.008389294147491455,0.03127376362681389,-0.015066028572618961,0.2682534231354964,65.44344758987427
27,56,0.2373773455619812,0.05750404670834541,0.19424931053072214,4.1280111426210855,65.44344758987427
27,57,0.030224038287997246,0.5598087310791016,-0.3896325100213289,0.05398993729462317,65.44344758987427
27,58,0.00943703018128872,0.03258867934346199,-0.015004479326307774,0.28958001278724466,65.44344758987427
27,59,0.004711347632110119,0.04382232949137688,-0.02815539948642254,0.10751020510969601,65.44344758987427
27,60,0.006976115982979536,0.06403383612632751,-0.0410492611117661,0.10894421457286955,65.44344758987427
27,61,0.06895142048597336,0.07935833930969238,0.009432666003704071,0.8688616859284901,65.44344758987427
27,62,0.009877249598503113,0.14150619506835938,-0.09625239670276642,0.06980082810976418,65.44344758987427
27,63,0.2726980447769165,1.2423241138458252,-0.6590450406074524,0.2195063604879357,65.44344758987427
27,64,0.0041142674162983894,0.027598949149250984,-0.01658494444563985,0.14907333586869465,65.44344758987427
27,65,0.0,0.0,0.0,0.0,65.44344758987427
27,66,0.00630282424390316,0.4482588469982147,-0.3298913110047579,0.014060680087177849,65.44344758987427
27,67,0.004423878155648708,0.009546741843223572,-0.0027361782267689705,0.4633914091146662,65.44344758987427
27,68,0.002844642149284482,0.01569841429591179,-0.00892916857264936,0.18120569985492635,65.44344758987427
27,69,0.11681871116161346,1.2631046772003174,-0.8305097967386246,0.09248537612927749,65.44344758987427
27,70,0.0006503012264147401,0.31708580255508423,-0.23716405068989843,0.0020508683175738175,65.44344758987427
27,71,0.0,0.0,0.0,0.0,65.44344758987427
27,72,0.05232180655002594,0.6115899085998535,-0.4063706248998642,0.0855504739601142,65.44344758987427
27,73,0.0,1.7834950685501099,-1.3376213014125824,0.0,65.44344758987427
27,74,0.002309412695467472,0.009124965406954288,-0.004534311359748244,0.2530872822218419,65.44344758987427
27,75,0.030168499797582626,0.05366523563861847,-0.010080426931381226,0.5621609490392449,65.44344758987427
27,76,0.007300033699721098,0.009875815361738205,-0.00010682782158255577,0.7391828858267621,65.44344758987427
27,77,1.0407643458165694e-05,0.0,1.0407643458165694e-05,10407643.458165694,65.44344758987427
27,78,0.0040633403696119785,0.26182445883750916,-0.1923050037585199,0.015519330728830834,65.44344758987427
27,79,0.0,0.060931190848350525,-0.045698393136262894,0.0,65.44344758987427
27,80,0.016837771981954575,0.04483610391616821,-0.016789305955171585,0.3755404799012257,65.44344758987427
27,81,5.098568635730771e-06,0.6130285859107971,-0.4597663408644621,8.317016127636756e-06,65.44344758987427
27,82,0.006501527037471533,0.061544269323349,-0.039656674955040216,0.1056398444379501,65.44344758987427
27,83,0.0,0.0,0.0,0.0,65.44344758987427
27,84,0.0070855082012712955,0.05561501532793045,-0.03462575329467654,0.12740279148292305,65.44344758987427
27,85,0.024357415735721588,0.17091886699199677,-0.10383173450827599,0.14250864263404933,65.44344758987427
27,86,0.029356874525547028,0.5886855721473694,-0.41215730458498,0.049868513709977705,65.44344758987427
27,87,0.007547507993876934,0.11977244913578033,-0.08228182885795832,0.06301539334190008,65.44344758987427
27,88,0.0,0.005118929781019688,-0.0038391973357647657,0.0,65.44344758987427
27,89,1.7297823429107666,3.2424979209899902,-0.7020910978317261,0.5334721517360606,65.44344758987427
27,90,0.03805937618017197,0.44344115257263184,-0.2945214882493019,0.08582734362673375,65.44344758987427
27,91,0.002957270946353674,0.020223913714289665,-0.012210664339363575,0.1462264420223431,65.44344758987427
27,92,0.0,0.0,0.0,0.0,65.44344758987427
27,93,0.004335423465818167,0.02232377976179123,-0.012407411355525255,0.19420651484137794,65.44344758987427
27,94,0.07308952510356903,0.013810546137392521,0.06273161550052464,5.2922979562976415,65.44344758987427
27,95,0.02024931088089943,0.02541395090520382,0.0011888477019965649,0.7967793341395161,65.44344758987427
27,96,0.0,0.0,0.0,0.0,65.44344758987427
27,97,0.06706526130437851,0.018605733290314674,0.053110961336642504,3.6045481387011598,65.44344758987427
27,98,0.032704904675483704,0.27844810485839844,-0.17613117396831512,0.11745421895400564,65.44344758987427
27,99,0.0018373994389548898,0.006682988256216049,-0.003174841753207147,0.27493680494963196,65.44344758987427
27,100,0.01620359718799591,0.0676799938082695,-0.034556398168206215,0.2394148739679207,65.44344758987427
27,101,0.0,0.5027092695236206,-0.37703195214271545,0.0,65.44344758987427
27,102,0.03810380399227142,0.020416490733623505,0.022791435942053795,1.866324849238303,65.44344758987427
27,103,0.0017934449715539813,0.010799248702824116,-0.0063059915555641055,0.1660712722468282,65.44344758987427
27,104,0.0,0.0,0.0,0.0,65.44344758987427
27,105,0.0031473087146878242,0.017367584630846977,-0.009878379758447409,0.1812174105613165,65.44344758987427
27,106,0.022088518366217613,0.5283293724060059,-0.3741585109382868,0.04180823463511966,65.44344758987427
27,107,0.013346915133297443,0.07651744782924652,-0.04404117073863745,0.1744296956023349,65.44344758987427
27,108,0.08493855595588684,0.42849090695381165,-0.2364296242594719,0.1982272075725621,65.44344758987427
27,109,0.0039139012806117535,0.02048019878566265,-0.011446247808635235,0.19110660601402996,65.44344758987427
27,110,0.0,0.0,0.0,0.0,65.44344758987427
27,111,0.05293747037649155,0.42030227184295654,-0.26228923350572586,0.12595094988243455,65.44344758987427
27,112,0.011443554423749447,0.03883996978402138,-0.017686422914266586,0.2946334532979645,65.44344758987427
27,113,0.006307794712483883,0.11565791815519333,-0.08043564390391111,0.05453837327389338,65.44344758987427
27,114,0.33196356892585754,0.022335022687911987,0.31521230190992355,14.862916127264906,65.44344758987427
27,115,0.016093021258711815,0.14366208016872406,-0.09165353886783123,0.11201996546130566,65.44344758987427
27,116,0.01613670401275158,0.06191328540444374,-0.030298260040581226,0.26063394806266826,65.44344758987427
27,117,0.0330146923661232,0.06517541408538818,-0.015866868197917938,0.5065513250497058,65.44344758987427
27,118,0.5728368163108826,1.1107919216156006,-0.26025712490081787,0.5157012804677221,65.44344758987427
27,119,0.01611386239528656,0.2107243686914444,-0.14192941412329674,0.07646890815368868,65.44344758987427
27,120,0.003130965633317828,0.0,0.003130965633317828,3130965633.317828,65.44344758987427
27,121,0.0074153803288936615,0.05531088262796402,-0.03406778164207935,0.13406729338668216,65.44344758987427
27,122,0.027552098035812378,0.05011392757296562,-0.010033347643911839,0.5497892376355231,65.44344758987427
27,123,0.022917142137885094,0.09699525684118271,-0.04982930049300194,0.23627075059116243,65.44344758987427
27,124,0.01105753518640995,0.010999499820172787,0.0028079103212803602,1.0052761822065266,65.44344758987427
27,125,0.01074371300637722,0.09485649317502975,-0.060398656874895096,0.11326281044819562,65.44344758987427
27,126,0.018437642604112625,1.7500497102737427,-1.2940996401011944,0.010535496503821068,65.44344758987427
27,127,0.008745682425796986,0.08074292540550232,-0.051811511628329754,0.10831515432177648,65.44344758987427
27,128,0.011274201795458794,0.17993348836898804,-0.12367591448128223,0.06265760697239542,65.44344758987427
27,129,0.0014970063930377364,0.0,0.0014970063930377364,1497006393.0377364,65.44344758987427
27,130,0.014101670123636723,0.08885180205106735,-0.05253718141466379,0.15871000697738366,65.44344758987427
27,131,0.005303299520164728,0.3207543194293976,-0.23526244005188346,0.0165338366435172,65.44344758987427
27,132,0.022494293749332428,0.14501520991325378,-0.08626711368560791,0.1551167892156492,65.44344758987427
27,133,0.0,0.0,0.0,0.0,65.44344758987427
27,134,0.025272419676184654,0.04524441063404083,-0.00866088829934597,0.5585755084764372,65.44344758987427
27,135,0.0,0.10309428721666336,-0.07732071541249752,0.0,65.44344758987427
27,136,0.01188843697309494,0.2650292217731476,-0.18688347935676575,0.04485707988542494,65.44344758987427
27,137,0.0,0.0,0.0,0.0,65.44344758987427
27,138,0.005097818095237017,0.02081540785729885,-0.010513737797737122,0.24490599127052792,65.44344758987427
27,139,0.08265946805477142,0.17900040745735168,-0.05159083753824234,0.46178368657626623,65.44344758987427
27,140,0.01777304708957672,0.08473816514015198,-0.04578057676553726,0.20974075919594667,65.44344758987427
27,141,0.07935123145580292,0.12076015770435333,-0.011218886822462082,0.6570977792974947,65.44344758987427
27,142,0.031030304729938507,0.28630539774894714,-0.18369874358177185,0.10838183622734104,65.44344758987427
27,143,0.0013781558955088258,0.018449369817972183,-0.012458871467970312,0.074699347946921,65.44344758987427
27,144,0.16741019487380981,0.0,0.16741019487380981,167410194873.8098,65.44344758987427
27,145,0.006300142500549555,0.2070060521364212,-0.14895439660176635,0.03043458118976733,65.44344758987427
27,146,1.0555434226989746,5.059425354003906,-2.739025592803955,0.20862911276345536,65.44344758987427
27,147,0.009767582640051842,0.0751713439822197,-0.04661092534661293,0.1299375815634244,65.44344758987427
27,148,0.008207807317376137,0.2165193259716034,-0.1541816871613264,0.0379079663235913,65.44344758987427
27,149,0.007870279252529144,0.008100157603621483,0.0017951610498130322,0.9716205087218076,65.44344758987427
27,150,0.05016901716589928,0.2197297215461731,-0.11462827399373055,0.22832148883931774,65.44344758987427
27,151,0.00154914241284132,0.21593692898750305,-0.16040355432778597,0.007174050404892994,65.44344758987427
27,152,0.036070890724658966,0.5324097871780396,-0.3632364496588707,0.06775023974630466,65.44344758987427
27,153,0.010480144061148167,0.08333230018615723,-0.05201908107846975,0.12576328791609806,65.44344758987427
27,154,0.040625765919685364,0.12121854722499847,-0.05028814449906349,0.3351448012649677,65.44344758987427
27,155,0.128204807639122,0.5176188349723816,-0.2600093185901642,0.2476818828389715,65.44344758987427
27,156,0.005219002719968557,0.0,0.005219002719968557,5219002719.968557,65.44344758987427
27,157,0.07625888288021088,0.34895560145378113,-0.18545781821012497,0.2185346289393001,65.44344758987427
27,158,0.049817316234111786,0.010960027575492859,0.04159729555249214,4.545364132199841,65.44344758987427
27,159,0.001774015137925744,0.5927242636680603,-0.4427691826131195,0.0029929855190072695,65.44344758987427
27,160,0.03487817198038101,0.056769389659166336,-0.00769887026399374,0.6143834236931062,65.44344758987427
27,161,0.010335192084312439,0.12617868185043335,-0.08429881930351257,0.08190917778394143,65.44344758987427
27,162,0.015531341545283794,0.07700613886117935,-0.04222326260060072,0.20168965454924045,65.44344758987427
27,163,0.02540777623653412,0.44854113459587097,-0.3109980747103691,0.05664536488803755,65.44344758987427
27,164,0.01913999766111374,0.2902132570743561,-0.19851994514465332,0.06595149323638201,65.44344758987427
27,165,0.039316948503255844,0.21850091218948364,-0.12455873563885689,0.1799395165406921,65.44344758987427
27,166,0.041628964245319366,0.09343462437391281,-0.028447004035115242,0.44554108847572715,65.44344758987427
27,167,0.11034759879112244,0.35024359822273254,-0.15233509987592697,0.31505957382448246,65.44344758987427
27,168,0.0,0.27543753385543823,-0.20657815039157867,0.0,65.44344758987427
27,169,0.0,0.0,0.0,0.0,65.44344758987427
27,170,0.02546646259725094,0.04376697167754173,-0.007358766160905361,0.5818648542626208,65.44344758987427
27,171,0.0052059125155210495,0.0,0.0052059125155210495,5205912515.5210495,65.44344758987427
27,172,0.0,0.0,0.0,0.0,65.44344758987427
27,173,0.22317585349082947,0.12754523754119873,0.12751692533493042,1.7497780222251815,65.44344758987427
27,174,0.00854076910763979,0.022630054503679276,-0.008431771770119667,0.3774082429131487,65.44344758987427
27,175,0.03637462854385376,0.08703510463237762,-0.02890169993042946,0.41793054305014565,65.44344758987427
27,176,0.05482441559433937,0.8815504908561707,-0.6063384525477886,0.06219089679257187,65.44344758987427
27,177,0.023662738502025604,0.2574460208415985,-0.16942177712917328,0.09191339770791374,65.44344758987427
27,178,0.03042573295533657,0.48560672998428345,-0.333779314532876,0.06265508914231613,65.44344758987427
27,179,0.13217420876026154,1.8966461420059204,-1.2903103977441788,0.06968838616380095,65.44344758987427
27,180,0.06558941304683685,0.10567127168178558,-0.013664040714502335,0.6206929471212346,65.44344758987427
27,181,0.129402756690979,0.3389642834663391,-0.12482045590877533,0.3817592678712051,65.44344758987427
27,182,0.003961554262787104,0.012128756381571293,-0.005135013023391366,0.326624934810279,65.44344758987427
27,183,0.040255580097436905,1.1403040885925293,-0.8149724863469601,0.03530249562385489,65.44344758987427
27,184,0.028710057958960533,0.018769744783639908,0.014632749371230602,1.529592346000102,65.44344758987427
27,185,0.029059695079922676,0.40210649371147156,-0.272520175203681,0.07226865403646521,65.44344758987427
27,186,0.10278026014566422,1.4924609661102295,-1.016565464437008,0.06886629699500245,65.44344758987427
27,187,0.0,0.08979710191488266,-0.067347826436162,0.0,65.44344758987427
27,188,0.0,0.08204765617847443,-0.06153574213385582,0.0,65.44344758987427
27,189,0.12706495821475983,0.05206018686294556,0.08801981806755066,2.44073188878158,65.44344758987427
27,190,0.024154165759682655,0.09642238169908524,-0.04816262051463127,0.2505037246934267,65.44344758987427
27,191,0.0010830116225406528,0.0,0.0010830116225406528,1083011622.5406528,65.44344758987427
27,192,0.07836771756410599,0.9950560927391052,-0.6679243519902229,0.07875708528983857,65.44344758987427
27,193,0.6737824082374573,2.1354644298553467,-0.9278159141540527,0.3155203143715125,65.44344758987427
27,194,0.050116218626499176,0.30969011783599854,-0.18215136975049973,0.1618269868490838,65.44344758987427
27,195,0.0,0.0,0.0,0.0,65.44344758987427
27,196,0.03604073449969292,0.05633273348212242,-0.006208815611898899,0.6397831646229436,65.44344758987427
27,197,0.029942406341433525,0.16348084807395935,-0.09266822971403599,0.18315543804681214,65.44344758987427
27,198,0.011139255948364735,0.1250872015953064,-0.08267614524811506,0.08905192382762248,65.44344758987427
27,199,0.03303155675530434,0.44014960527420044,-0.297080647200346,0.07504620328956467,65.44344758987427
27,200,0.20582428574562073,0.825536847114563,-0.4133283495903015,0.24932174313572264,65.44344758987427
27,201,0.0051375324837863445,0.17116092145442963,-0.12323315860703588,0.03001580290699802,65.44344758987427
27,202,0.06559216976165771,0.39729437232017517,-0.23237860947847366,0.1650971529710786,65.44344758987427
27,203,0.007302538491785526,0.331405371427536,-0.24125149007886648,0.022035063765887816,65.44344758987427
27,204,0.008325672708451748,0.13873416185379028,-0.09572494868189096,0.06001169861224252,65.44344758987427
27,205,0.037736985832452774,0.15637636184692383,-0.0795452855527401,0.24132154877187914,65.44344758987427
27,206,0.06745675951242447,0.1810566931962967,-0.06833576038479805,0.37257258111367986,65.44344758987427
27,207,0.01629423163831234,0.3754703402519226,-0.2653085235506296,0.04339685426906502,65.44344758987427
27,208,0.0001753891265252605,0.025104880332946777,-0.018653271123184822,0.006986256225571394,65.44344758987427
27,209,0.0,0.0,0.0,0.0,65.44344758987427
27,210,0.005139764863997698,0.06350202113389969,-0.04248675098642707,0.08093860277421887,65.44344758987427
27,211,0.008939866907894611,0.059121277183294296,-0.03540109097957611,0.1512123440775313,65.44344758987427
27,212,0.015585090965032578,0.0535518042743206,-0.024578762240707874,0.29102830756003084,65.44344758987427
27,213,0.0032568310853093863,0.007992580533027649,-0.0027376043144613504,0.4074817978303426,65.44344758987427
27,214,0.060015659779310226,0.7592032551765442,-0.5093867816030979,0.07905084622598886,65.44344758987427
27,215,0.014133021235466003,1.1635005474090576,-0.8584923893213272,0.012146982884473917,65.44344758987427
27,216,0.01111757755279541,0.014510305598378181,0.00023484835401177406,0.7661849350210679,65.44344758987427
27,217,0.017420757561922073,0.09076590090990067,-0.050653668120503426,0.191930641210987,65.44344758987427
27,218,0.09044968336820602,0.02027575671672821,0.07524286583065987,4.4609769503261445,65.44344758987427
27,219,0.037389125674963,0.8790380954742432,-0.6218894459307194,0.04253413574157892,65.44344758987427
27,220,0.03756612166762352,0.22088490426540375,-0.1280975565314293,0.17007102315292658,65.44344758987427
27,221,0.014708261936903,0.5025140047073364,-0.3621772415935993,0.029269357269833318,65.44344758987427
27,222,0.004973422270268202,0.054944396018981934,-0.03623487474396825,0.09051737084268775,65.44344758987427
27,223,0.0577164962887764,0.025051360949873924,0.038927975576370955,2.303926577161188,65.44344758987427
27,224,0.00514362333342433,0.033749718219041824,-0.02016866533085704,0.15240492675787312,65.44344758987427
27,225,0.09082958847284317,0.018056662753224373,0.07728709140792489,5.030253359059581,65.44344758987427
27,226,0.010358934290707111,0.10985072702169418,-0.07202911097556353,0.09430009770046444,65.44344758987427
27,227,0.03526453301310539,0.06863156706094742,-0.01620914228260517,0.5138238061980333,65.44344758987427
27,228,0.0,0.012963181361556053,-0.00972238602116704,0.0,65.44344758987427
27,229,0.11699499934911728,0.03707191348075867,0.08919106423854828,3.155893191396365,65.44344758987427
27,230,0.03099173866212368,0.05615745112299919,-0.011126349680125713,0.5518722456560924,65.44344758987427
27,231,0.6659753322601318,3.7516274452209473,-2.1477452516555786,0.1775163824191324,65.44344758987427
27,232,0.0008413389441557229,0.003740131389349699,-0.0019637595978565514,0.2249490342308692,65.44344758987427
27,233,0.06021513044834137,0.40794721245765686,-0.24574527889490128,0.1476052013823819,65.44344758987427
27,234,0.0,0.0,0.0,0.0,65.44344758987427
27,235,0.06856467574834824,0.7459663152694702,-0.4909100607037544,0.091913903275228,65.44344758987427
27,236,0.05276499316096306,0.10270169377326965,-0.02426127716898918,0.5137694542500576,65.44344758987427
27,237,0.0072347065433859825,0.08121473342180252,-0.05367634352296591,0.0890812077867968,65.44344758987427
27,238,0.028140606358647346,0.04393276572227478,-0.004808967933058739,0.6405380106479153,65.44344758987427
27,239,0.0,0.0,0.0,0.0,65.44344758987427
27,240,0.00600270414724946,0.05702602118253708,-0.03676681173965335,0.10526254546025367,65.44344758987427
27,241,0.005311497952789068,0.0921420156955719,-0.06379501381888986,0.05764469023859958,65.44344758987427
27,242,0.03240453451871872,0.08892447501420975,-0.03428882174193859,0.3644051259585869,65.44344758987427
27,243,0.007810408715158701,0.2720015347003937,-0.19619074231013656,0.02871457590756999,65.44344758987427
27,244,0.0010871357517316937,0.05991462618112564,-0.04384883388411254,0.01814474730138631,65.44344758987427
27,245,0.02760620415210724,0.17515717446804047,-0.10376167669892311,0.15760818382570285,65.44344758987427
27,246,0.12813961505889893,1.199752688407898,-0.7716749012470245,0.10680502431616687,65.44344758987427
27,247,0.046182651072740555,0.5236074328422546,-0.3465229235589504,0.08820090811538506,65.44344758987427
27,248,0.012773253954946995,0.017539264634251595,-0.0003811945207417011,0.7282662198547624,65.44344758987427
27,249,0.002913542091846466,0.06455007940530777,-0.04549901746213436,0.04513615039119158,65.44344758987427
27,250,0.22914673388004303,0.0471695177257061,0.19376959558576345,4.8579409950232835,65.44344758987427
27,251,0.01431068405508995,0.43449684977531433,-0.3115619532763958,0.032936220509900846,65.44344758987427
27,252,0.04880284145474434,0.24764035642147064,-0.13692742586135864,0.1970714392426711,65.44344758987427
27,253,0.029265249148011208,0.00568443164229393,0.02500192541629076,5.148315783256216,65.44344758987427
27,254,1.3883612155914307,0.05515686422586441,1.3469935674220324,25.171141163518552,65.44344758987427
27,255,0.0,0.0,0.0,0.0,65.44344758987427
28,0,0.014886385761201382,0.09351671487092972,-0.05525115039199591,0.15918422478364588,65.4615707397461
28,1,0.01758665405213833,0.13754288852214813,-0.08557051233947277,0.1278630559600218,65.4615707397461
28,2,0.022492391988635063,0.12569008767604828,-0.07177517376840115,0.17895119976706245,65.4615707397461
28,3,0.03891576826572418,0.06797568500041962,-0.01206599548459053,0.5724954189856484,65.4615707397461
28,4,0.021070223301649094,0.1106467992067337,-0.061914876103401184,0.1904277706406204,65.4615707397461
28,5,0.0016123586101457477,0.018819589167833328,-0.012502333265729249,0.0856744850103283,65.4615707397461
28,6,0.010948964394629002,0.19547152519226074,-0.13565467949956656,0.05601309133800368,65.4615707397461
28,7,0.01936885342001915,0.10204079002141953,-0.057161739096045494,0.1898148124467048,65.4615707397461
28,8,0.0019245679723098874,0.008976626209914684,-0.004807901685126126,0.21439769542479156,65.4615707397461
28,9,0.0008480505202896893,0.0,0.0008480505202896893,848050520.2896893,65.4615707397461
28,10,0.009232335723936558,0.05109502375125885,-0.02908893208950758,0.18068952798027435,65.4615707397461
28,11,0.0,0.06455455720424652,-0.04841591790318489,0.0,65.4615707397461
28,12,0.0,0.17108765244483948,-0.1283157393336296,0.0,65.4615707397461
28,13,0.009774279780685902,0.2201911360025406,-0.15536907222121954,0.044389978443676925,65.4615707397461
28,14,0.010280790738761425,0.056642740964889526,-0.03220126498490572,0.1815023525247932,65.4615707397461
28,15,0.0021613240242004395,0.006069393362849951,-0.0023907209979370236,0.3561021496931719,65.4615707397461
28,16,0.00935179740190506,0.045139919966459274,-0.024503142572939396,0.2071735485717883,65.4615707397461
28,17,0.016888542100787163,0.0025588192511349916,0.014969427662435919,6.6001309341001475,65.4615707397461
28,18,0.0349196158349514,0.2019568532705307,-0.11654802411794662,0.17290631770738688,65.4615707397461
28,19,0.41708463430404663,0.007051890250295401,0.4117957166163251,59.14508301195272,65.4615707397461
28,20,0.0,0.0,0.0,0.0,65.4615707397461
28,21,0.06139736622571945,0.11370746791362762,-0.023883234709501266,0.539958960934888,65.4615707397461
28,22,0.03767700493335724,0.0848417729139328,-0.02595432475209236,0.4440855446424293,65.4615707397461
28,23,0.04104576259851456,0.18251709640026093,-0.09584205970168114,0.22488722102107137,65.4615707397461
28,24,0.7297229170799255,2.827162742614746,-1.390649139881134,0.2581113941834037,65.4615707397461
28,25,0.011606219224631786,0.0,0.011606219224631786,11606219224.631786,65.4615707397461
28,26,0.09638740122318268,0.11926411092281342,0.006939318031072617,0.8081844611641426,65.4615707397461
28,27,0.0,0.021437129005789757,-0.016077846754342318,0.0,65.4615707397461
28,28,0.14070028066635132,0.8538994789123535,-0.4997243285179138,0.16477382190864223,65.4615707397461
28,29,0.0414084754884243,0.28718486428260803,-0.17398017272353172,0.14418752740232008,65.4615707397461
28,30,0.002445576712489128,0.04973065108060837,-0.03485241159796715,0.049176446704385965,65.4615707397461
28,31,0.013771775178611279,0.039223700761795044,-0.015646000392735004,0.351108511200816,65.4615707397461
28,32,0.011376647278666496,0.004117860924452543,0.008288251585327089,2.7627565584712475,65.4615707397461
28,33,0.0015999630559235811,0.01202249526977539,-0.007416908396407962,0.1330807806439995,65.4615707397461
28,34,0.0015042695449665189,0.21305495500564575,-0.1582869467092678,0.0070604766968202955,65.4615707397461
28,35,0.023851534351706505,0.06825811415910721,-0.0273420512676239,0.34943148730654944,65.4615707397461
28,36,0.0026382850483059883,0.001530177891254425,0.0014906516298651695,1.7241688444596326,65.4615707397461
28,37,0.0062736873514950275,0.030229385942220688,-0.01639835210517049,0.20753604996405756,65.4615707397461
28,38,0.0003380472189746797,0.002555241109803319,-0.0015783836133778095,0.13229562468506315,65.4615707397461
28,39,0.004553243052214384,0.0688897967338562,-0.04711410449817777,0.06609459263958864,65.4615707397461
28,40,0.016419555991888046,0.2214982956647873,-0.14970416575670242,0.07412949134680054,65.4615707397461
28,41,0.14405027031898499,0.0014848423888906837,0.14293663852731697,97.01384557696402,65.4615707397461
28,42,0.011419814079999924,0.3120444118976593,-0.22261349484324455,0.036596758809155236,65.4615707397461
28,43,0.012667112052440643,1.6270641088485718,-1.2076309695839882,0.007785256882961436,65.4615707397461
28,44,0.005193711258471012,0.023217592388391495,-0.012219483032822609,0.22369723661976706,65.4615707397461
28,45,0.00025716747040860355,0.08892536163330078,-0.06643685375456698,0.0028919474228981655,65.4615707397461
28,46,0.005982282105833292,0.011592736467719078,-0.0027122702449560165,0.5160370997801432,65.4615707397461
28,47,0.025880439206957817,0.09029200673103333,-0.04183856584131718,0.286630457597041,65.4615707397461
28,48,0.07480365037918091,0.05968277156352997,0.030041571706533432,1.25335416600588,65.4615707397461
28,49,0.005871608853340149,0.012993546202778816,-0.0038735507987439632,0.45188655669939837,65.4615707397461
28,50,0.0,0.0,0.0,0.0,65.4615707397461
28,51,0.004913646262139082,0.023744653910398483,-0.01289484417065978,0.20693695012249957,65.4615707397461
28,52,0.004001771565526724,0.020371129736304283,-0.011276575736701488,0.1964432811106469,65.4615707397461
28,53,0.06663274019956589,0.9231625199317932,-0.625739149749279,0.07217877541694044,65.4615707397461
28,54,0.0293437372893095,0.07775796204805374,-0.028974734246730804,0.37737276693025923,65.4615707397461
28,55,0.014166593551635742,0.296082079410553,-0.207894966006279,0.04784684564425877,65.4615707397461
28,56,0.0005526293534785509,0.01865694671869278,-0.013440080685541034,0.029620567704963196,65.4615707397461
28,57,0.0051938993856310844,0.0,0.0051938993856310844,5193899385.631084,65.4615707397461
28,58,0.17224626243114471,0.049759142100811005,0.13492690585553646,3.461600324191999,65.4615707397461
28,59,0.01504804752767086,0.00815340131521225,0.008932996541261673,1.8456159514372577,65.4615707397461
28,60,0.5057002902030945,1.8317253589630127,-0.868093729019165,0.2760786641558036,65.4615707397461
28,61,0.0,0.0,0.0,0.0,65.4615707397461
28,62,0.3827422857284546,0.37694650888442993,0.10003240406513214,1.0153755949621655,65.4615707397461
28,63,0.011554534547030926,0.11442464590072632,-0.07426394987851381,0.10097942148717283,65.4615707397461
28,64,0.04758745804429054,0.1842891424894333,-0.09062939882278442,0.2582217129083493,65.4615707397461
28,65,0.15295924246311188,0.8977227210998535,-0.5203327983617783,0.1703858428307819,65.4615707397461
28,66,0.004561800975352526,0.017097067087888718,-0.008260999340564013,0.2668177501810947,65.4615707397461
28,67,0.05745742842555046,0.13681979477405548,-0.04515741765499115,0.4199496755569312,65.4615707397461
28,68,0.008761215955018997,0.07198987156152725,-0.04523118771612644,0.12170067489854303,65.4615707397461
28,69,0.056355152279138565,1.0828768014907837,-0.7558024488389492,0.05204207182340876,65.4615707397461
28,70,0.03350783511996269,0.2089691460132599,-0.12321902438998222,0.16034824163791214,65.4615707397461
28,71,0.016605975106358528,0.03247492387890816,-0.00775021780282259,0.5113476221766433,65.4615707397461
28,72,0.021818814799189568,0.13115066289901733,-0.07654418237507343,0.16636450260128027,65.4615707397461
28,73,0.0395759642124176,0.22265839576721191,-0.12741783261299133,0.17774296844218848,65.4615707397461
28,74,0.0012078700819984078,0.05293141305446625,-0.03849068970885128,0.02281953215064737,65.4615707397461
28,75,0.0020263141486793756,0.003559993812814355,-0.0006436812109313905,0.5691903566844353,65.4615707397461
28,76,0.001342650386504829,0.07818721979856491,-0.057297764462418854,0.01717224873766774,65.4615707397461
28,77,0.14303705096244812,0.051343269646167755,0.1045295987278223,2.785896806833736,65.4615707397461
28,78,0.0494961142539978,0.3021813929080963,-0.17713993042707443,0.16379603580981397,65.4615707397461
28,79,0.012806489132344723,0.0782524049282074,-0.045882814563810825,0.163656173173596,65.4615707397461
28,80,0.0,0.08814441412687302,-0.06610831059515476,0.0,65.4615707397461
28,81,0.03257983922958374,0.1660531908273697,-0.09196005389094353,0.19620122363838113,65.4615707397461
28,82,0.029491500928997993,0.034236930310726166,0.003813803195953369,0.8613944258576576,65.4615707397461
28,83,0.0015138927847146988,0.018327221274375916,-0.012231523171067238,0.08260350884444957,65.4615707397461
28,84,0.009059086441993713,0.07378368079662323,-0.04627867415547371,0.122778998608667,65.4615707397461
28,85,0.005527201574295759,0.25923147797584534,-0.18889640690758824,0.021321490805948543,65.4615707397461
28,86,0.024242745712399483,0.03715524449944496,-0.0036236876621842384,0.6524717045559789,65.4615707397461
28,87,0.01699843257665634,0.009967348538339138,0.009522921172901988,1.7054116758902245,65.4615707397461
28,88,0.0,0.0012875273823738098,-0.0009656455367803574,0.0,65.4615707397461
28,89,0.017183665186166763,0.19997289776802063,-0.1327960081398487,0.08592997040036301,65.4615707397461
28,90,0.0,0.0,0.0,0.0,65.4615707397461
28,91,0.015373745001852512,0.21748405694961548,-0.1477392977103591,0.07068906667187773,65.4615707397461
28,92,0.07780533283948898,0.36524108052253723,-0.19612547755241394,0.2130245938599313,65.4615707397461
28,93,0.25840985774993896,3.34669828414917,-2.2516138553619385,0.07721337145142655,65.4615707397461
28,94,0.015232470817863941,0.157088503241539,-0.10258390661329031,0.09696744512452037,65.4615707397461
28,95,0.018790410831570625,0.2665092647075653,-0.18109153769910336,0.07050565710020784,65.4615707397461
28,96,0.048787906765937805,0.2381390780210495,-0.12981640174984932,0.2048714859029583,65.4615707397461
28,97,0.02719009853899479,0.0062997001223266125,0.02246532344724983,4.316094100783453,65.4615707397461
28,98,0.012625319883227348,0.07616854459047318,-0.04450108855962753,0.16575503642537384,65.4615707397461
28,99,0.048922039568424225,0.0,0.048922039568424225,48922039568.424225,65.4615707397461
28,100,0.0748133733868599,0.3336360454559326,-0.17541366070508957,0.22423648285483944,65.4615707397461
28,101,0.0,0.0025035664439201355,-0.0018776748329401016,0.0,65.4615707397461
28,102,0.08157265186309814,0.036581140011548996,0.0541367968544364,2.229910052970329,65.4615707397461
28,103,0.003987154923379421,0.03355666249990463,-0.021180341951549053,0.11881857807736196,65.4615707397461
28,104,0.09621326625347137,0.15983623266220093,-0.02366390824317932,0.6019490365254494,65.4615707397461
28,105,0.0009803507709875703,0.0057701244950294495,-0.003347242600284517,0.16990114713506985,65.4615707397461
28,106,0.007681733462959528,0.024546068161725998,-0.01072781765833497,0.3129516879051322,65.4615707397461
28,107,0.03362434729933739,2.1636128425598145,-1.5890852846205235,0.015540833663910127,65.4615707397461
28,108,0.1939145028591156,0.00689329020678997,0.18874453520402312,28.130906579266988,65.4615707397461
28,109,0.003741892985999584,0.08279773592948914,-0.05835640896111727,0.045193180030200356,65.4615707397461
28,110,0.0049228728748857975,0.08246438950300217,-0.05692541925236583,0.05969695409734259,65.4615707397461
28,111,0.02203228324651718,0.09051427990198135,-0.045853426679968834,0.24341223583872848,65.4615707397461
28,112,0.008225795812904835,0.32527342438697815,-0.23572927247732878,0.02528886529350553,65.4615707397461
28,113,0.013667523860931396,0.06320896744728088,-0.033739201724529266,0.21622760840247068,65.4615707397461
28,114,0.00044311684905551374,0.09796486794948578,-0.07303053411305882,0.004523222031794883,65.4615707397461
28,115,0.15444768965244293,0.011477146297693253,0.145839829929173,13.4569766414869,65.4615707397461
28,116,0.005182216875255108,0.0693281814455986,-0.046813919208943844,0.07474906693242506,65.4615707397461
28,117,0.0005390545120462775,0.0,0.0005390545120462775,539054512.0462775,65.4615707397461
28,118,0.03983389213681221,0.06521117687225342,-0.009074490517377853,0.6108445522189343,65.4615707397461
28,119,4.5470933400793e-05,0.5442275404930115,-0.4081251844363578,8.355132737221952e-05,65.4615707397461
28,120,0.002030104398727417,0.024257980287075043,-0.016163380816578865,0.083688104888328,65.4615707397461
28,121,0.011230448260903358,0.060824185609817505,-0.03438769094645977,0.18463787304545576,65.4615707397461
28,122,0.10078487545251846,1.60379159450531,-1.102058820426464,0.06284162842463502,65.4615707397461
28,123,0.014899506233632565,0.0722455233335495,-0.03928463626652956,0.20623431800247297,65.4615707397461
28,124,0.0,0.11353592574596405,-0.08515194430947304,0.0,65.4615707397461
28,125,0.04372190684080124,0.18565614521503448,-0.09552020207047462,0.23549937864930487,65.4615707397461
28,126,0.0,0.0,0.0,0.0,65.4615707397461
28,127,0.0,0.0,0.0,0.0,65.4615707397461
28,128,0.002478423761203885,0.13237403333187103,-0.09680210123769939,0.018722884683671902,65.4615707397461
28,129,0.010133558884263039,0.04438003897666931,-0.023151470348238945,0.22833596179043328,65.4615707397461
28,130,0.025904910638928413,0.2655709683895111,-0.17327331565320492,0.09754421123635892,65.4615707397461
28,131,0.008558555506169796,0.05314263328909874,-0.03129841946065426,0.16104876586468256,65.4615707397461
28,132,0.5372614860534668,2.887195110321045,-1.628134846687317,0.18608423245547104,65.4615707397461
28,133,0.0,0.0,0.0,0.0,65.4615707397461
28,134,0.0752268135547638,0.35599881410598755,-0.19177229702472687,0.21131197794427498,65.4615707397461
28,135,0.05411465838551521,0.02695312350988388,0.0338998157531023,2.0077323640676856,65.4615707397461
28,136,0.014547030441462994,0.39464259147644043,-0.28143491316586733,0.03686127842157799,65.4615707397461
28,137,0.0,0.0,0.0,0.0,65.4615707397461
28,138,0.9973269701004028,1.9011399745941162,-0.4285280108451843,0.5245941821368532,65.4615707397461
28,139,0.006387112196534872,0.052477337419986725,-0.03297089086845517,0.12171181905239993,65.4615707397461
28,140,0.045849621295928955,0.4041939079761505,-0.25729580968618393,0.11343471633550915,65.4615707397461
28,141,0.1466280221939087,0.09381958842277527,0.07626333087682724,1.5628721534313508,65.4615707397461
28,142,0.0,0.0,0.0,0.0,65.4615707397461
28,143,0.0057379803620278835,0.02284468337893486,-0.011395532172173262,0.251173556078598,65.4615707397461
28,144,0.016272209584712982,0.10092137008905411,-0.0594188179820776,0.16123651086180232,65.4615707397461
28,145,0.00721883587539196,0.06442417949438095,-0.04109929874539375,0.11205165408291357,65.4615707397461
28,146,0.008289757184684277,0.046523045748472214,-0.026602527126669884,0.17818603771827043,65.4615707397461
28,147,0.0010606921277940273,0.0,0.0010606921277940273,1060692127.7940273,65.4615707397461
28,148,0.002276822691783309,0.013637186959385872,-0.007951067527756095,0.16695691702380863,65.4615707397461
28,149,2.027724027633667,3.9332363605499268,-0.9222032427787781,0.5155357679419105,65.4615707397461
28,150,0.004766606260091066,0.039443083107471466,-0.024815706070512533,0.120847709774171,65.4615707397461
28,151,0.029114993289113045,0.08003994077444077,-0.03091496229171753,0.36375580750112957,65.4615707397461
28,152,0.01402950193732977,0.027300149202346802,-0.006445609964430332,0.513898361244482,65.4615707397461
28,153,0.012906004674732685,0.0726928785443306,-0.04161365423351526,0.17754152721692842,65.4615707397461
28,154,0.0017029768787324429,0.004277877043932676,-0.0015054309042170644,0.39808925334815076,65.4615707397461
28,155,0.0003489589144010097,0.47812923789024353,-0.35824796950328164,0.000729842240855358,65.4615707397461
28,156,0.026764020323753357,0.09592895954847336,-0.04518269933760166,0.27899833845222066,65.4615707397461
28,157,0.0073524354957044125,0.023905696347355843,-0.01057683676481247,0.3075599802057257,65.4615707397461
28,158,0.0,1.7123746871948242,-1.2842810153961182,0.0,65.4615707397461
28,159,0.06387731432914734,0.13211552798748016,-0.035209331661462784,0.48349588652983416,65.4615707397461
28,160,0.033468715846538544,0.2213391661643982,-0.1325356587767601,0.15121009275660083,65.4615707397461
28,161,0.023181714117527008,0.21439211070537567,-0.13761236891150475,0.10812764537439493,65.4615707397461
28,162,0.02668224647641182,0.040501322597265244,-0.003693745471537113,0.658799386407067,65.4615707397461
28,163,0.35835927724838257,1.4091492891311646,-0.6985026895999908,0.25430895080611426,65.4615707397461
28,164,0.3700464367866516,2.165008068084717,-1.253709614276886,0.170921504747021,65.4615707397461
28,165,0.029269754886627197,0.3416212499141693,-0.2269461825489998,0.08567896433226974,65.4615707397461
28,166,0.001300153904594481,0.10898331552743912,-0.08043733274098486,0.011929843557156294,65.4615707397461
28,167,0.027727536857128143,0.04616083204746246,-0.006893087178468704,0.6006723801689294,65.4615707397461
28,168,0.007048726547509432,0.34133806824684143,-0.24895482463762164,0.020650279600198117,65.4615707397461
28,169,0.04452318325638771,0.38472220301628113,-0.24401846900582314,0.1157281355409264,65.4615707397461
28,170,0.03185814246535301,0.1473788619041443,-0.0786760039627552,0.2161649374511895,65.4615707397461
28,171,0.15779706835746765,0.05538035184144974,0.11626180447638035,2.849333077665899,65.4615707397461
28,172,0.0045988126657903194,0.03079872392117977,-0.01850023027509451,0.14931828595919439,65.4615707397461
28,173,0.006545565091073513,0.012675128877162933,-0.002960781566798687,0.5164101409927591,65.4615707397461
28,174,0.012778675183653831,1.0732431411743164,-0.7921536806970835,0.011906598508199931,65.4615707397461
28,175,0.0,0.0,0.0,0.0,65.4615707397461
28,176,0.018831321969628334,0.07423162460327148,-0.03684239648282528,0.2536832794650264,65.4615707397461
28,177,0.12928342819213867,0.012405945919454098,0.1199789687525481,10.421085906797703,65.4615707397461
28,178,0.04377305135130882,0.0,0.04377305135130882,43773051351.30882,65.4615707397461
28,179,0.07263846695423126,0.291220486164093,-0.1457768976688385,0.2494277374190375,65.4615707397461
28,180,0.08266638219356537,0.25348958373069763,-0.10745080560445786,0.32611352694106127,65.4615707397461
28,181,0.0017390432767570019,0.21872690320014954,-0.16230613412335515,0.007950751605337328,65.4615707397461
28,182,0.5066820383071899,0.2337648868560791,0.3313583731651306,2.1674856524409027,65.4615707397461
28,183,0.0012073495890945196,0.02886558137834072,-0.02044183644466102,0.041826616038942055,65.4615707397461
28,184,0.027286294847726822,0.03932907432317734,-0.0022105108946561813,0.6937944845285291,65.4615707397461
28,185,0.01870495080947876,0.06555052101612091,-0.030457939952611923,0.28535167256097443,65.4615707397461
28,186,0.04443885013461113,1.0606492757797241,-0.751048106700182,0.04189778011388404,65.4615707397461
28,187,0.0035164388827979565,0.06311222165822983,-0.043817727360874414,0.05571724129416217,65.4615707397461
28,188,0.0,0.0,0.0,0.0,65.4615707397461
28,189,0.0,0.05211362987756729,-0.03908522240817547,0.0,65.4615707397461
28,190,0.045247141271829605,0.16883234679698944,-0.08137711882591248,0.2680004284129778,65.4615707397461
28,191,0.016436239704489708,0.1122652217745781,-0.06776267662644386,0.14640544457611543,65.4615707397461
28,192,0.0,0.0,0.0,0.0,65.4615707397461
28,193,0.010044651105999947,0.21799126267433167,-0.1534487958997488,0.046078228011184504,65.4615707397461
28,194,0.0,0.0,0.0,0.0,65.4615707397461
28,195,0.0011944231810048223,0.8782140016555786,-0.6574660780606791,0.0013600593690737987,65.4615707397461
28,196,0.03132865950465202,0.01204498577862978,0.02229492017067969,2.6009710661206737,65.4615707397461
28,197,0.0,0.04398727789521217,-0.03299045842140913,0.0,65.4615707397461
28,198,0.059603795409202576,0.0,0.059603795409202576,59603795409.202576,65.4615707397461
28,199,0.3133912980556488,0.21710048615932465,0.15056593343615532,1.4435310744731138,65.4615707397461
28,200,0.0346221998333931,0.22087302803993225,-0.1310325711965561,0.15675159679060904,65.4615707397461
28,201,0.005975407548248768,0.0050804028287529945,0.002165105426684022,1.1761680615667414,65.4615707397461
28,202,0.06852004677057266,0.09968369454145432,-0.006242724135518074,0.6873746713048505,65.4615707397461
28,203,0.0677199736237526,0.05323014780879021,0.02779736276715994,1.2722108881932765,65.4615707397461
28,204,0.00854773260653019,0.01871565356850624,-0.005489007569849491,0.4567156885430476,65.4615707397461
28,205,0.0,0.0741080492734909,-0.05558103695511818,0.0,65.4615707397461
28,206,0.0018490944057703018,0.11236827820539474,-0.08242711424827576,0.016455662000746683,65.4615707397461
28,207,0.04551801458001137,0.021019769832491875,0.029753187205642462,2.165485870710401,65.4615707397461
28,208,0.0002817889617290348,0.0,0.0002817889617290348,281788961.7290348,65.4615707397461
28,209,9.986075747292489e-05,0.006097125355154276,-0.004472983258892782,0.016378334319816484,65.4615707397461
28,210,0.002767497207969427,1.5250076055526733,-1.1409882069565356,0.0018147432169458933,65.4615707397461
28,211,0.03327758610248566,0.712286651134491,-0.5009374022483826,0.04671937351266689,65.4615707397461
28,212,0.02414383366703987,0.012561875395476818,0.014722427120432258,1.9219927681985607,65.4615707397461
28,213,0.15356706082820892,0.11674787104129791,0.06600615754723549,1.315373543493323,65.4615707397461
28,214,0.0,0.0,0.0,0.0,65.4615707397461
28,215,0.004106132313609123,0.27413108944892883,-0.2014921847730875,0.01497871810836372,65.4615707397461
28,216,0.13166667520999908,0.04727243632078171,0.0962123479694128,2.785273733592848,65.4615707397461
28,217,0.015569617971777916,0.2686980962753296,-0.18595395423471928,0.05794465307921681,65.4615707397461
28,218,0.004606811795383692,0.04741719365119934,-0.030956083443015814,0.09715488076275082,65.4615707397461
28,219,0.0,0.770176887512207,-0.5776326656341553,0.0,65.4615707397461
28,220,0.020817289128899574,0.18564839661121368,-0.11841900832951069,0.11213287865008158,65.4615707397461
28,221,0.018246522173285484,0.009402425959706306,0.011194702703505754,1.9406185435056393,65.4615707397461
28,222,0.0,0.0,0.0,0.0,65.4615707397461
28,223,0.09916095435619354,0.6229068040847778,-0.36801914870738983,0.15919067460136221,65.4615707397461
28,224,1.2523070836323313e-05,0.014664839021861553,-0.010986106195559842,0.000853952151592025,65.4615707397461
28,225,0.3356831967830658,0.49268221855163574,-0.03382846713066101,0.6813381610751252,65.4615707397461
28,226,0.006788271013647318,0.42570623755455017,-0.3124914071522653,0.015945904510646314,65.4615707397461
28,227,0.0015227791154757142,0.012629819102585316,-0.007949585211463273,0.12057014459086213,65.4615707397461
28,228,0.01427428424358368,0.19531401991844177,-0.13221123069524765,0.07308376659018732,65.4615707397461
28,229,0.01722855679690838,0.09544292837381363,-0.05435363948345184,0.18051161139199506,65.4615707397461
28,230,0.0050208657048642635,0.05382406339049339,-0.03534718183800578,0.09328291824317718,65.4615707397461
28,231,0.03275099769234657,0.017791014164686203,0.01940773706883192,1.840873004053581,65.4615707397461
28,232,0.0013511066790670156,0.01019950583577156,-0.006298522697761655,0.13246785684419785,65.4615707397461
28,233,0.009636708535254002,0.0471024326980114,-0.025690115988254547,0.20459046344449763,65.4615707397461
28,234,0.053485702723264694,0.04382261633872986,0.0206187404692173,1.2205045520017075,65.4615707397461
28,235,0.00028850403032265604,0.004330162424594164,-0.002959117788122967,0.06662660703381557,65.4615707397461
28,236,0.0003902836178895086,0.0023937213700264692,-0.0014050074096303433,0.16304471464953676,65.4615707397461
28,237,0.0008243068587034941,0.017489667981863022,-0.012292944127693772,0.04713107530178265,65.4615707397461
28,238,0.018782882019877434,0.22589030861854553,-0.15063484944403172,0.0831504553456182,65.4615707397461
28,239,0.0,0.0,0.0,0.0,65.4615707397461
28,240,0.02955915778875351,0.7327832579612732,-0.5200282856822014,0.04033820023529432,65.4615707397461
28,241,0.38871273398399353,0.9428271055221558,-0.3184075951576233,0.4122842159573941,65.4615707397461
28,242,0.0,0.0,0.0,0.0,65.4615707397461
28,243,0.0006820248090662062,0.0,0.0006820248090662062,682024809.0662062,65.4615707397461
28,244,0.037728164345026016,0.1973106563091278,-0.11025482788681984,0.19121199559402335,65.4615707397461
28,245,0.003072944236919284,0.04443753883242607,-0.03025520988740027,0.06915198990741145,65.4615707397461
28,246,0.04014386609196663,0.7769036889076233,-0.5425339005887508,0.05167161215099882,65.4615707397461
28,247,0.007590118795633316,0.5348072648048401,-0.39351532980799675,0.01419225073239961,65.4615707397461
28,248,0.0,0.5429254174232483,-0.4071940630674362,0.0,65.4615707397461
28,249,0.21876981854438782,0.020424621179699898,0.2034513526596129,10.711083285652947,65.4615707397461
28,250,0.004647156689316034,0.018961714580655098,-0.00957412924617529,0.2450810378620519,65.4615707397461
28,251,0.19260528683662415,1.161771297454834,-0.6787231862545013,0.16578588854657622,65.4615707397461
28,252,0.014189952984452248,0.38370633125305176,-0.27358979545533657,0.036981284458027584,65.4615707397461
28,253,0.03357705473899841,0.022319715470075607,0.016837268136441708,1.5043675078435177,65.4615707397461
28,254,0.006630759686231613,0.005605710204690695,0.002426477032713592,1.1828580934312887,65.4615707397461
28,255,0.0016044032527133822,0.029720576480031013,-0.020686029107309878,0.0539829115945104,65.4615707397461
29,0,0.0067350962199270725,0.052661433815956116,-0.032760979142040014,0.1278942811040303,65.48221921920776
29,1,0.028553783893585205,0.15092025697231293,-0.08463640883564949,0.18919782185789905,65.48221921920776
29,2,0.0,0.0,0.0,0.0,65.48221921920776
29,3,0.027891460806131363,0.315780907869339,-0.20894422009587288,0.08832535505149576,65.48221921920776
29,4,0.0,0.0,0.0,0.0,65.48221921920776
29,5,0.001535178511403501,0.05553629249334335,-0.040117040858604014,0.027642797933619113,65.48221921920776
29,6,0.011012697592377663,0.09588687121868134,-0.06090245582163334,0.11485094311970044,65.48221921920776
29,7,0.015687769278883934,0.9139310121536255,-0.6697604898363352,0.017165156965074913,65.48221921920776
29,8,0.002519274828955531,0.00023047470313031226,0.002346418801607797,10.93080838724545,65.48221921920776
29,9,0.013786807656288147,0.21552301943302155,-0.147855456918478,0.06396907250322152,65.48221921920776
29,10,0.0,0.13833117485046387,-0.1037483811378479,0.0,65.48221921920776
29,11,0.0011993435909971595,0.018177535384893417,-0.012433807947672904,0.06597943921087916,65.48221921920776
29,12,0.0006101337494328618,0.004140360746532679,-0.002495136810466647,0.14736246106005432,65.48221921920776
29,13,0.0015800957335159183,0.021256262436509132,-0.014362101093865931,0.07433553938098057,65.48221921920776
29,14,0.005253923125565052,0.00035279756411910057,0.004989324952475727,14.892175131059608,65.48221921920776
29,15,0.0003657189372461289,0.0,0.0003657189372461289,365718937.2461289,65.48221921920776
29,16,0.006233650259673595,0.21834009885787964,-0.15752142388373613,0.028550185203051536,65.48221921920776
29,17,0.024461545050144196,0.3930143415927887,-0.2702992111444473,0.06224084584533338,65.48221921920776
29,18,0.1818118393421173,1.872290849685669,-1.2224062979221344,0.09710662174765412,65.48221921920776
29,19,0.029994329437613487,0.02897239290177822,0.008265034761279821,1.0352727694348391,65.48221921920776
29,20,0.001219017431139946,0.002449651015922427,-0.0006182208308018744,0.4976290184678777,65.48221921920776
29,21,8.127842193061952e-06,0.08165496587753296,-0.06123309656595666,9.953885970820981e-05,65.48221921920776
29,22,0.08447997272014618,0.1297319084405899,-0.01281895861029625,0.6511888534976896,65.48221921920776
29,23,0.012521532364189625,0.03253525495529175,-0.011879908852279186,0.38486043465807174,65.48221921920776
29,24,0.025901857763528824,0.08806157857179642,-0.04014432616531849,0.29413347095654163,65.48221921920776
29,25,0.007046863436698914,0.001044943928718567,0.006263155490159988,6.743771829553413,65.48221921920776
29,26,0.035845797508955,0.2806601822376251,-0.17464933916926384,0.12771956899278966,65.48221921920776
29,27,0.0076604969799518585,0.0,0.0076604969799518585,7660496979.9518585,65.48221921920776
29,28,0.006396146956831217,0.00215085968375206,0.004783002194017172,2.9737630037770373,65.48221921920776
29,29,0.2847244441509247,1.8483525514602661,-1.101539969444275,0.15404228155815183,65.48221921920776
29,30,0.046496812254190445,0.26132461428642273,-0.1494966484606266,0.17792741177855548,65.48221921920776
29,31,0.012059856206178665,0.043977830559015274,-0.02092351671308279,0.27422580997307106,65.48221921920776
29,32,0.04555165022611618,0.09129510074853897,-0.022919675335288048,0.49894955865248014,65.48221921920776
29,33,0.15876047313213348,0.3763357698917389,-0.12349135428667068,0.4218585790486578,65.48221921920776
29,34,0.022239653393626213,0.1269245594739914,-0.07295376621186733,0.17521946489803028,65.48221921920776
29,35,0.0005341337528079748,0.0046253749169409275,-0.002934897434897721,0.11547901787078364,65.48221921920776
29,36,0.008491340093314648,0.38054198026657104,-0.27691514510661364,0.02231380644875007,65.48221921920776
29,37,0.1769661158323288,0.16418763995170593,0.05382538586854935,1.077828488693203,65.48221921920776
29,38,0.031199034303426743,1.4260118007659912,-1.0383098162710667,0.021878524628369908,65.48221921920776
29,39,0.047059934586286545,0.10589966177940369,-0.03236481174826622,0.4443822935324501,65.48221921920776
29,40,0.003604034660384059,0.022714421153068542,-0.013431781204417348,0.1586672465011733,65.48221921920776
29,41,0.11264361441135406,0.023066971451044083,0.095343385823071,4.8833291637586065,65.48221921920776
29,42,0.03370186686515808,0.011175883002579212,0.025319954613223672,3.015588732842376,65.48221921920776
29,43,0.005222867242991924,0.12732182443141937,-0.0902685010805726,0.04102098965573768,65.48221921920776
29,44,0.0,0.0,0.0,0.0,65.48221921920776
29,45,0.05193660035729408,0.19294854998588562,-0.09277481213212013,0.26917331257904825,65.48221921920776
29,46,0.07153647392988205,0.05358472093939781,0.03134793322533369,1.3350162634877196,65.48221921920776
29,47,0.0067762043327093124,0.027322685346007347,-0.013715809676796198,0.248006528152311,65.48221921920776
29,48,0.014173813164234161,1.538924217224121,-1.1400193497538567,0.00921020866757908,65.48221921920776
29,49,0.0014204918406903744,0.001280990312807262,0.0004597491060849279,1.1089013128198422,65.48221921920776
29,50,4.241576243657619e-05,0.0,4.241576243657619e-05,42415762.43657619,65.48221921920776
29,51,0.059491198509931564,0.026106733828783035,0.03991114813834429,2.2787683399163066,65.48221921920776
29,52,0.003075911197811365,0.3009330928325653,-0.22262390842661262,0.01022124608778914,65.48221921920776
29,53,1.1216281652450562,3.3800294399261475,-1.4133939146995544,0.3318397621025548,65.48221921920776
29,54,0.003283287398517132,0.024425961077213287,-0.015036183409392834,0.13441794114073394,65.48221921920776
29,55,0.015913179144263268,0.027448343113064766,-0.004673078190535307,0.579750081020709,65.48221921920776
29,56,0.0,0.001979626016691327,-0.0014847195125184953,0.0,65.48221921920776
29,57,0.024153318256139755,0.1351630687713623,-0.07721898332238197,0.17869761670488607,65.48221921920776
29,58,0.0,0.0,0.0,0.0,65.48221921920776
29,59,0.07615852355957031,0.029811857268214226,0.05379963060840964,2.5546386752031327,65.48221921920776
29,60,0.021982770413160324,0.054056502878665924,-0.01855960674583912,0.40666282948594956,65.48221921920776
29,61,0.03153356537222862,0.0,0.03153356537222862,31533565372.228622,65.48221921920776
29,62,0.010020793415606022,0.09877179563045502,-0.06405805330723524,0.10145399657404612,65.48221921920776
29,63,0.06229449063539505,0.0972139835357666,-0.010615997016429901,0.6407976339312862,65.48221921920776
29,64,0.07790438830852509,0.15279626846313477,-0.03669281303882599,0.5098579244872806,65.48221921920776
29,65,0.012125955894589424,0.06575816869735718,-0.03719267062842846,0.18440227479893861,65.48221921920776
29,66,0.0805266723036766,0.17150460183620453,-0.04810177907347679,0.46953067988294606,65.48221921920776
29,67,0.14724476635456085,0.549214243888855,-0.2646659165620804,0.26810077850801484,65.48221921920776
29,68,0.015052560716867447,0.14099231362342834,-0.09069167450070381,0.10676156969070005,65.48221921920776
29,69,0.002430153079330921,0.0,0.002430153079330921,2430153079.330921,65.48221921920776
29,70,0.003503205254673958,0.7873684763908386,-0.587023152038455,0.0044492576979047955,65.48221921920776
29,71,0.007939755916595459,0.0025170245207846165,0.006051987526006997,3.1544213605698315,65.48221921920776
29,72,0.019123736768960953,0.11364150047302246,-0.06610738858580589,0.16828127655118813,65.48221921920776
29,73,0.013609280809760094,0.07130874693393707,-0.03987227939069271,0.19085009055308963,65.48221921920776
29,74,0.0,0.0,0.0,0.0,65.48221921920776
29,75,0.07865232229232788,0.11261934041976929,-0.0058121830224990845,0.6983908980328462,65.48221921920776
29,76,0.021777616813778877,0.09217290580272675,-0.04735206253826618,0.23626917936331743,65.48221921920776
29,77,0.05936484783887863,0.30539122223854065,-0.16967856884002686,0.19438950276152483,65.48221921920776
29,78,0.007988505996763706,0.17014937102794647,-0.11962352227419615,0.046949959018095164,65.48221921920776
29,79,0.004366677720099688,0.0008363649831153452,0.0037394039827631786,5.221019295443708,65.48221921920776
29,80,0.06079889088869095,0.2173820436000824,-0.10223764181137085,0.2796868125881774,65.48221921920776
29,81,0.0,0.08750403672456741,-0.06562802754342556,0.0,65.48221921920776
29,82,0.02878781035542488,0.01801854372024536,0.01527390256524086,1.597676860060653,65.48221921920776
29,83,0.0012796149821951985,0.46164393424987793,-0.34495333570521325,0.002771865689671986,65.48221921920776
29,84,0.009785253554582596,0.05393989756703377,-0.03066966962069273,0.1814103102854537,65.48221921920776
29,85,0.03230656683444977,0.09649144858121872,-0.04006201960146427,0.3348127456799645,65.48221921920776
29,86,0.006079917307943106,0.07993298023939133,-0.05386981787160039,0.07606268763729683,65.48221921920776
29,87,0.06494993716478348,0.16328391432762146,-0.05751299858093262,0.39777302884879845,65.48221921920776
29,88,0.0,0.006749323569238186,-0.005061992676928639,0.0,65.48221921920776
29,89,0.013914969749748707,0.0950642079114914,-0.05738318618386984,0.14637443529280472,65.48221921920776
29,90,0.03406476974487305,0.49148187041282654,-0.33454663306474686,0.06931032820435593,65.48221921920776
29,91,0.0023899690713733435,0.006908337585628033,-0.002791284117847681,0.34595429673260797,65.48221921920776
29,92,0.0006033026147633791,0.0024007693864405155,-0.0011972744250670075,0.2512955296412564,65.48221921920776
29,93,1.1939468383789062,0.011103722266852856,1.1856190466787666,107.52672028150265,65.48221921920776
29,94,0.00032151781488209963,0.018327875062823296,-0.013424388482235372,0.017542558194142844,65.48221921920776
29,95,0.01370504405349493,0.03472907468676567,-0.012341761961579323,0.3946273886278615,65.48221921920776
29,96,0.059179067611694336,0.11215180903673172,-0.024934789165854454,0.5276693093000797,65.48221921920776
29,97,0.0520026870071888,0.005162985064089298,0.04813044820912182,10.072213332325292,65.48221921920776
29,98,0.0005997017142362893,0.009675608947873116,-0.006657004996668547,0.06198077220825821,65.48221921920776
29,99,0.012742482125759125,0.0246298648416996,-0.005729916505515575,0.5173589951524258,65.48221921920776
29,100,0.0034671309404075146,0.08918972313404083,-0.06342516141012311,0.03887365963854359,65.48221921920776
29,101,0.0,0.0,0.0,0.0,65.48221921920776
29,102,0.013208012096583843,0.14619991183280945,-0.09644192177802324,0.09034213448499101,65.48221921920776
29,103,0.01237775944173336,0.05459309369325638,-0.028567060828208923,0.2267275694441108,65.48221921920776
29,104,0.0007181639666669071,0.0,0.0007181639666669071,718163966.6669071,65.48221921920776
29,105,0.05348849669098854,0.09197434037923813,-0.015492258593440056,0.5815589051235124,65.48221921920776
29,106,0.022140223532915115,0.15368954837322235,-0.09312693774700165,0.1440580948224622,65.48221921920776
29,107,0.039269883185625076,0.08396127820014954,-0.023701075464487076,0.46771421334897473,65.48221921920776
29,108,0.0049680070951581,0.02816948853433132,-0.01615910930559039,0.17636128142429788,65.48221921920776
29,109,0.007021075114607811,0.1613001525402069,-0.11395403929054737,0.04352801286293983,65.48221921920776
29,110,0.006529104895889759,0.012072772718966007,-0.0025254746433347464,0.5408123756932735,65.48221921920776
29,111,0.009501028805971146,0.07096787542104721,-0.04372487775981426,0.13387788135784479,65.48221921920776
29,112,0.010248223319649696,0.058938298374414444,-0.03395550046116114,0.173880542909,65.48221921920776
29,113,0.0017447259742766619,0.012463183142244816,-0.00760266138240695,0.139990398457903,65.48221921920776
29,114,0.0710180327296257,0.03434768691658974,0.0452572675421834,2.0676219886369345,65.48221921920776
29,115,0.026013201102614403,1.080627679824829,-0.7844575587660074,0.024072306853001484,65.48221921920776
29,116,0.011012342758476734,0.0572793148458004,-0.031947143375873566,0.19225688693955947,65.48221921920776
29,117,0.007620017975568771,0.03449692949652672,-0.018252679146826267,0.22088974545155082,65.48221921920776
29,118,0.04205087199807167,0.05437064915895462,0.0012728851288557053,0.7734112549283891,65.48221921920776
29,119,0.021082742139697075,0.1184694692492485,-0.0677693597972393,0.17795928582378492,65.48221921920776
29,120,0.003238281700760126,0.5306878685951233,-0.39477761974558234,0.006102045839726177,65.48221921920776
29,121,0.0038071260787546635,0.027562420815229416,-0.0168646895326674,0.13812742008905604,65.48221921920776
29,122,0.004203789867460728,0.46131396293640137,-0.3417816823348403,0.009112643893744806,65.48221921920776
29,123,0.011247025802731514,0.04417490214109421,-0.021884150803089142,0.2546021667813552,65.48221921920776
29,124,0.0027923716697841883,0.0,0.0027923716697841883,2792371669.7841883,65.48221921920776
29,125,0.0037788529880344868,0.028686802834272385,-0.0177362491376698,0.1317279241515241,65.48221921920776
29,126,0.439047634601593,0.4525254964828491,0.09965351223945618,0.9702163480577782,65.48221921920776
29,127,0.0009045881452038884,0.015784231945872307,-0.010933585814200342,0.05730960798400681,65.48221921920776
29,128,0.03070051223039627,0.026463722810149193,0.010852720122784376,1.1600980122668954,65.48221921920776
29,129,0.024640345945954323,0.10811712592840195,-0.05644749850034714,0.22790418940699472,65.48221921920776
29,130,0.08057429641485214,1.7815899848937988,-1.255618192255497,0.04522606048417474,65.48221921920776
29,131,0.018244566395878792,0.09837687015533447,-0.05553808622062206,0.18545585325987346,65.48221921920776
29,132,0.0,0.0,0.0,0.0,65.48221921920776
29,133,0.01931707188487053,0.025289198383688927,0.00035017309710383415,0.7638467455957736,65.48221921920776
29,134,0.012696145102381706,0.1722021847963333,-0.11645549349486828,0.07372813020533939,65.48221921920776
29,135,0.0076255048625171185,0.6752859950065613,-0.49883899139240384,0.011292259752005866,65.48221921920776
29,136,0.0028649382293224335,1.8973612785339355,-1.4201560206711292,0.0015099592585417474,65.48221921920776
29,137,0.0022221379913389683,0.010105559602379799,-0.005357031710445881,0.2198926213443712,65.48221921920776
29,138,0.0,0.0,0.0,0.0,65.48221921920776
29,139,0.17658749222755432,0.004428638610988855,0.17326601326931268,39.87399011278789,65.48221921920776
29,140,0.001547226682305336,0.005554165691137314,-0.0026183975860476494,0.2785704943040587,65.48221921920776
29,141,0.0011734722647815943,0.009334255941212177,-0.005827219691127539,0.12571674400685937,65.48221921920776
29,142,0.0,0.0,0.0,0.0,65.48221921920776
29,143,0.001180805149488151,0.16154588758945465,-0.11997861054260284,0.007309410144080461,65.48221921920776
29,144,0.034872494637966156,0.0662856176495552,-0.014841718599200249,0.5260944360782321,65.48221921920776
29,145,0.02282644249498844,0.07456520199775696,-0.03309745900332928,0.30612728032801373,65.48221921920776
29,146,0.004716952797025442,0.2784472703933716,-0.20411849999800324,0.016940201246522218,65.48221921920776
29,147,0.016280123963952065,0.13755129277706146,-0.08688334561884403,0.11835674994505495,65.48221921920776
29,148,0.0,0.10951332747936249,-0.08213499560952187,0.0,65.48221921920776
29,149,0.0036583084147423506,0.15221644937992096,-0.11050402862019837,0.024033594461183697,65.48221921920776
29,150,0.0,0.019941145554184914,-0.014955859165638685,0.0,65.48221921920776
29,151,0.004071335773915052,0.12706026434898376,-0.09122386248782277,0.03204255708693221,65.48221921920776
29,152,0.012049048207700253,0.2126864194869995,-0.14746576640754938,0.056651704592639025,65.48221921920776
29,153,0.0011261001927778125,0.0018528115469962358,-0.0002635084674693644,0.6077791311240792,65.48221921920776
29,154,0.00587450759485364,0.0,0.00587450759485364,5874507594.85364,65.48221921920776
29,155,0.010641154833137989,0.05374768376350403,-0.029669607989490032,0.19798350529415012,65.48221921920776
29,156,0.0016620734240859747,0.006300972308963537,-0.0030636558076366782,0.26378046789029497,65.48221921920776
29,157,0.0008712275302968919,0.010524362325668335,-0.007022044213954359,0.0827819779721223,65.48221921920776
29,158,0.0320485383272171,0.14752313494682312,-0.07859381288290024,0.21724415183118378,65.48221921920776
29,159,0.04670638218522072,0.31662222743034363,-0.190760288387537,0.1475145398481177,65.48221921920776
29,160,0.004995991941541433,0.23517177999019623,-0.17138284305110574,0.021244011257339043,65.48221921920776
29,161,0.0,2.2863852977752686,-1.7147889733314514,0.0,65.48221921920776
29,162,0.0015628139954060316,0.0013997572241351008,0.000512996077304706,1.1164893221074055,65.48221921920776
29,163,0.06659619510173798,0.24219538271427155,-0.11505034193396568,0.2749688881560118,65.48221921920776
29,164,0.0,0.0,0.0,0.0,65.48221921920776
29,165,0.027029722929000854,0.14344622194766998,-0.08055494353175163,0.1884310549403875,65.48221921920776
29,166,0.01777232624590397,0.2278001457452774,-0.15307778306305408,0.07801718558028796,65.48221921920776
29,167,0.013671067543327808,0.0705844983458519,-0.039267306216061115,0.19368371049615235,65.48221921920776
29,168,0.07071878015995026,0.02138003148138523,0.05468375654891133,3.307702339831196,65.48221921920776
29,169,0.0,0.011033240705728531,-0.008274930529296398,0.0,65.48221921920776
29,170,0.017641624435782433,0.0211460143327713,0.0017821136862039566,0.834276576064163,65.48221921920776
29,171,0.021445143967866898,0.40100011229515076,-0.27930494025349617,0.053479147038315564,65.48221921920776
29,172,0.07621939480304718,0.18433187901973724,-0.06202951446175575,0.41349003334617196,65.48221921920776
29,173,0.006892525125294924,0.0,0.006892525125294924,6892525125.294924,65.48221921920776
29,174,0.00287675391882658,0.11949228495359421,-0.08674245979636908,0.024074808845773732,65.48221921920776
29,175,0.03376010060310364,0.08074343949556351,-0.026797479018568993,0.41811571086887483,65.48221921920776
29,176,0.2602308988571167,0.5144106149673462,-0.12557706236839294,0.5058816659005565,65.48221921920776
29,177,0.015190157108008862,0.018132619559764862,0.001590692438185215,0.8377254625072009,65.48221921920776
29,178,0.055781155824661255,0.001136693055741489,0.05492863603285514,49.07319130158742,65.48221921920776
29,179,0.057033658027648926,0.08264826983213425,-0.004952544346451759,0.690076853911148,65.48221921920776
29,180,0.03106241673231125,0.02573835477232933,0.011758650653064251,1.2068532354095467,65.48221921920776
29,181,0.013393543660640717,0.30048415064811707,-0.21196956932544708,0.04457321170420298,65.48221921920776
29,182,0.0007176652434282005,0.0,0.0007176652434282005,717665243.4282005,65.48221921920776
29,183,0.19415397942066193,0.8667239546775818,-0.4558889865875244,0.2240090150648513,65.48221921920776
29,184,0.009377339854836464,0.01800411008298397,-0.004125742707401514,0.5208443967013023,65.48221921920776
29,185,0.05640541762113571,0.0,0.05640541762113571,56405417621.13571,65.48221921920776
29,186,0.018040591850876808,0.3139322102069855,-0.2174085658043623,0.05746652068268053,65.48221921920776
29,187,0.0053633879870176315,0.03658793494105339,-0.02207756321877241,0.14658897791066824,65.48221921920776
29,188,0.017718564718961716,0.5122761130332947,-0.3664885200560093,0.03458791903064107,65.48221921920776
29,189,0.022090373560786247,0.041302602738142014,-0.008886578492820263,0.5348421672189547,65.48221921920776
29,190,0.016125964000821114,0.3944377899169922,-0.279702378436923,0.04088341536487636,65.48221921920776
29,191,0.07064656913280487,0.020067764446139336,0.05559574579820037,3.520400556768323,65.48221921920776
29,192,0.44345778226852417,2.2777373790740967,-1.2648452520370483,0.19469223552391965,65.48221921920776
29,193,0.022963713854551315,0.11823727935552597,-0.06571424566209316,0.19421720441746496,65.48221921920776
29,194,1.7742013931274414,7.061946392059326,-3.5222584009170532,0.25123405002368154,65.48221921920776
29,195,0.028630578890442848,0.01911451295018196,0.014294694177806377,1.4978450648240271,65.48221921920776
29,196,0.030968917533755302,0.15692271292209625,-0.08672311715781689,0.19735140284588606,65.48221921920776
29,197,0.00039805565029382706,0.0,0.00039805565029382706,398055650.29382706,65.48221921920776
29,198,0.0024764772970229387,0.006391765084117651,-0.0023173465160652995,0.38744810925374534,65.48221921920776
29,199,0.03995955362915993,0.004940445069223642,0.036254219827242196,8.08824975506732,65.48221921920776
29,200,0.2743576765060425,0.3108503222465515,0.041219934821128845,0.8826038027638028,65.48221921920776
29,201,0.0,0.0,0.0,0.0,65.48221921920776
29,202,9.146876323029574e-08,0.21224111318588257,-0.1591807434206487,4.3096628102282734e-07,65.48221921920776
29,203,0.026259232312440872,0.0030697218608111143,0.023956940916832536,8.554270873566411,65.48221921920776
29,204,0.002149899723008275,0.006417492870241404,-0.0026632199296727777,0.3350061723703009,65.48221921920776
29,205,0.05077514052391052,0.20230187475681305,-0.10095126554369926,0.2509869994269519,65.48221921920776
29,206,0.004240203648805618,0.05849618464708328,-0.039631934836506844,0.0724868412241747,65.48221921920776
29,207,0.0038206938188523054,0.12540945410728455,-0.0902363967616111,0.030465755919432794,65.48221921920776
29,208,0.03354649990797043,0.3140278458595276,-0.20197438448667526,0.10682651347699204,65.48221921920776
29,209,0.04171961545944214,0.1608532816171646,-0.07892034575343132,0.25936440363384466,65.48221921920776
29,210,0.015132018364965916,0.11022220551967621,-0.06753463577479124,0.1372864777427027,65.48221921920776
29,211,0.002553061582148075,0.3837265372276306,-0.2852418413385749,0.006653335994395715,65.48221921920776
29,212,0.018499882891774178,0.2615898847579956,-0.17769253067672253,0.07072094132698685,65.48221921920776
29,213,0.05649718642234802,0.02268322743475437,0.039484765846282244,2.490703167455549,65.48221921920776
29,214,0.012413768097758293,0.06011086702346802,-0.03266938216984272,0.20651454075192913,65.48221921920776
29,215,0.018314020708203316,0.26185041666030884,-0.1780737917870283,0.06994077359781956,65.48221921920776
29,216,0.019815923646092415,0.0,0.019815923646092415,19815923646.092415,65.48221921920776
29,217,0.00012388467439450324,0.5703313946723938,-0.42762466132990085,0.00021721524634891806,65.48221921920776
29,218,0.02138001099228859,0.30038556456565857,-0.20390916243195534,0.07117522782138937,65.48221921920776
29,219,0.0,0.0027412844356149435,-0.0020559633267112076,0.0,65.48221921920776
29,220,0.35312625765800476,0.01699724607169628,0.34037832310423255,20.775498345302722,65.48221921920776
29,221,0.0,0.0,0.0,0.0,65.48221921920776
29,222,0.005361632909625769,0.05986582115292549,-0.03953773295506835,0.08956083465121231,65.48221921920776
29,223,0.1357732117176056,0.02897333912551403,0.11404320737347007,4.6861430477427115,65.48221921920776
29,224,0.027243556454777718,0.09529679268598557,-0.044229038059711456,0.28588114758764904,65.48221921920776
29,225,0.10218876600265503,0.04551394656300545,0.06805330608040094,2.2452187454003534,65.48221921920776
29,226,0.02132001332938671,0.21217407286167145,-0.13781054131686687,0.10048359369142137,65.48221921920776
29,227,0.06709598749876022,0.3804799020290375,-0.21826393902301788,0.17634568117993063,65.48221921920776
29,228,0.0750381126999855,0.2580642104148865,-0.11851004511117935,0.29077303117335385,65.48221921920776
29,229,0.013049409724771976,0.5112972259521484,-0.37042350973933935,0.025522160227733622,65.48221921920776
29,230,0.006847912911325693,0.03301416337490082,-0.01791270961984992,0.20742348771207783,65.48221921920776
29,231,0.01764698512852192,0.0193343423306942,0.0031462283805012703,0.9127274580006662,65.48221921920776
29,232,0.0,0.002498585730791092,-0.001873939298093319,0.0,65.48221921920776
29,233,0.06626743823289871,0.10042575001716614,-0.009051874279975891,0.6598650069420593,65.48221921920776
29,234,0.027972204610705376,0.05189637467265129,-0.010950076393783092,0.5390011303604095,65.48221921920776
29,235,0.055801283568143845,0.0036330895964056253,0.053076466370839626,15.359181785109653,65.48221921920776
29,236,0.005209668073803186,0.11336448043584824,-0.07981369225308299,0.0459550297741216,65.48221921920776
29,237,0.004648469854146242,0.015762075781822205,-0.007173086982220411,0.2949148270948062,65.48221921920776
29,238,0.052235428243875504,0.6514275074005127,-0.436335202306509,0.0801860953834112,65.48221921920776
29,239,0.01835864968597889,0.0300221499055624,-0.004157962743192911,0.6115034980211713,65.48221921920776
29,240,0.0021611095871776342,0.9031873941421509,-0.6752294360194355,0.002392758801984684,65.48221921920776
29,241,0.0,0.08707816898822784,-0.06530862674117088,0.0,65.48221921920776
29,242,0.002976033603772521,0.011709827929735184,-0.005806337343528867,0.2541483633556411,65.48221921920776
29,243,0.08292575925588608,0.005837148521095514,0.07854789786506444,14.2065528985574,65.48221921920776
29,244,0.03811817616224289,0.02516314759850502,0.019245815463364124,1.514841337376756,65.48221921920776
29,245,0.024507595226168633,0.029806271195411682,0.002152891829609871,0.822229492064712,65.48221921920776
29,246,0.0022979234345257282,0.015568829141557217,-0.009378698421642184,0.1475977039432195,65.48221921920776
29,247,0.17614972591400146,0.2226024866104126,0.009197860956192017,0.7913196685062117,65.48221921920776
29,248,0.012791970744729042,0.016349351033568382,0.0005299574695527554,0.782414587446452,65.48221921920776
29,249,0.0014466310385614634,0.0022190820891410112,-0.00021768052829429507,0.6519051480738766,65.48221921920776
29,250,1.3140130043029785,5.227401256561279,-2.606537938117981,0.2513702200789382,65.48221921920776
29,251,0.004832572769373655,0.031606465578079224,-0.018872276414185762,0.15289823397945532,65.48221921920776
29,252,0.0031081843189895153,0.21872688829898834,-0.16093698190525174,0.01421034397346968,65.48221921920776
29,253,0.03187648952007294,0.3339826762676239,-0.218610517680645,0.0954435417914746,65.48221921920776
29,254,0.003905907738953829,0.031102696433663368,-0.019421114586293697,0.1255810005784826,65.48221921920776
29,255,0.0010771637316793203,0.007633447181433439,-0.004647921654395759,0.14111104798866705,65.48221921920776
30,0,0.032071758061647415,0.12705296277999878,-0.06321796402335167,0.25242825794570023,65.50286769866943
30,1,0.041976459324359894,0.004818678833544254,0.0383624501992017,8.7111967337267,65.50286769866943
30,2,0.020159943029284477,0.06506191939115524,-0.028636496514081955,0.3098577972741953,65.50286769866943
30,3,0.013923079706728458,0.07601495832204819,-0.04308813903480768,0.183162367169343,65.50286769866943
30,4,0.0002199076843680814,0.003798255231231451,-0.002628783739055507,0.05789702664054174,65.50286769866943
30,5,0.21366524696350098,0.052015043795108795,0.17465396411716938,4.1077586669163795,65.50286769866943
30,6,0.009022414684295654,0.36260226368904114,-0.2629292830824852,0.024882400326127516,65.50286769866943
30,7,0.008418858051300049,0.03579406812787056,-0.01842669304460287,0.23520260454859052,65.50286769866943
30,8,0.005705179180949926,1.117249608039856,-0.832232026848942,0.005106449928368466,65.50286769866943
30,9,0.025391899049282074,0.11032538115978241,-0.05735213682055473,0.23015464603088254,65.50286769866943
30,10,0.0,0.0,0.0,0.0,65.50286769866943
30,11,0.00522184232249856,0.046839963644742966,-0.029908130411058664,0.11148262970466984,65.50286769866943
30,12,0.0,0.0,0.0,0.0,65.50286769866943
30,13,0.0,0.26492366194725037,-0.19869274646043777,0.0,65.50286769866943
30,14,0.002517128363251686,0.10692056268453598,-0.0776732936501503,0.02354204186761354,65.50286769866943
30,15,0.0,0.0,0.0,0.0,65.50286769866943
30,16,0.002616513054817915,0.04346456006169319,-0.02998190699145198,0.06019877001041451,65.50286769866943
30,17,0.004297745414078236,0.04228442534804344,-0.027415573596954346,0.10163896939834986,65.50286769866943
30,18,0.026204440742731094,0.05669600889086723,-0.01631756592541933,0.4621919823793804,65.50286769866943
30,19,0.0,0.0,0.0,0.0,65.50286769866943
30,20,0.005198994185775518,0.12316000461578369,-0.08717100927606225,0.04221333217672698,65.50286769866943
30,21,0.011723164469003677,0.11092794686555862,-0.07147279568016529,0.10568269584134754,65.50286769866943
30,22,0.02506302483379841,0.05994482338428497,-0.01989559270441532,0.4181015710516012,65.50286769866943
30,23,0.004969834350049496,0.025660080835223198,-0.014275226276367903,0.19367960614659488,65.50286769866943
30,24,0.013611587695777416,0.011154011823236942,0.0052460788283497095,1.2203311158591674,65.50286769866943
30,25,0.004985368810594082,0.0389498807489872,-0.024227041751146317,0.12799445632694834,65.50286769866943
30,26,0.0017625257605686784,0.10967046767473221,-0.08049032499548048,0.01607110645119177,65.50286769866943
30,27,0.0748133659362793,0.4664192199707031,-0.27500104904174805,0.16039940622690912,65.50286769866943
30,28,0.001842145691625774,0.005505655892193317,-0.002287096227519214,0.33459150505632435,65.50286769866943
30,29,0.011269164271652699,0.0915774405002594,-0.05741391610354185,0.12305611742334861,65.50286769866943
30,30,0.8570384979248047,2.713052988052368,-1.1777512431144714,0.3158944929194822,65.50286769866943
30,31,1.502492904663086,0.02845839038491249,1.4811491118744016,52.79613092266989,65.50286769866943
30,32,0.0034730795305222273,0.032046228647232056,-0.020561591954901814,0.10837716876596748,65.50286769866943
30,33,0.00644108559936285,0.01473134383559227,-0.004607422277331352,0.43723679732213994,65.50286769866943
30,34,0.0005165550974197686,0.08063577860593796,-0.0599602788570337,0.0064060285191482455,65.50286769866943
30,35,0.0,0.0,0.0,0.0,65.50286769866943
30,36,0.0016255734954029322,0.04633478820323944,-0.03312551765702665,0.03508321842839888,65.50286769866943
30,37,0.07212552428245544,0.17578794062137604,-0.059715431183576584,0.41029847683006865,65.50286769866943
30,38,0.01876428909599781,0.008014555089175701,0.012753372779116035,2.3412764507663324,65.50286769866943
30,39,0.0,0.022063352167606354,-0.016547514125704765,0.0,65.50286769866943
30,40,0.13443835079669952,0.06021186336874962,0.08927945327013731,2.2327551959509897,65.50286769866943
30,41,0.002215472748503089,0.02787964791059494,-0.018694263184443116,0.07946559280548483,65.50286769866943
30,42,0.020520715042948723,0.13612553477287292,-0.08157343603670597,0.15074846227077845,65.50286769866943
30,43,0.0038087565917521715,0.1441478729248047,-0.10430214810185134,0.02642256534518967,65.50286769866943
30,44,0.43183812499046326,0.02407357469201088,0.4137829439714551,17.938263448503804,65.50286769866943
30,45,0.008620831184089184,0.14418895542621613,-0.09952088538557291,0.05978842941573855,65.50286769866943
30,46,0.03327726572751999,0.24383576214313507,-0.14959955587983131,0.13647409811793434,65.50286769866943
30,47,0.014282743446528912,0.12791584432125092,-0.08165413979440928,0.11165734410936014,65.50286769866943
30,48,0.0015844315057620406,0.06743032485246658,-0.0489883121335879,0.023497313845145817,65.50286769866943
30,49,0.0033405658323317766,0.012252731248736382,-0.0058489826042205095,0.27263846437533257,65.50286769866943
30,50,0.0011642217868939042,0.04250936955213547,-0.030717805377207696,0.027387415977521406,65.50286769866943
30,51,0.014443709515035152,0.10911174863576889,-0.06739010196179152,0.13237538299489643,65.50286769866943
30,52,0.022384893149137497,0.3987141251564026,-0.27665070071816444,0.05614271413208772,65.50286769866943
30,53,0.019712332636117935,0.9401781558990479,-0.685421284288168,0.02096659288711829,65.50286769866943
30,54,0.01624511368572712,0.055243443697690964,-0.025187469087541103,0.2940641024178596,65.50286769866943
30,55,0.252238929271698,1.2210144996643066,-0.663521945476532,0.20658143645373533,65.50286769866943
30,56,0.022681700065732002,0.5604896545410156,-0.3976855408400297,0.04046765160057335,65.50286769866943
30,57,0.030572256073355675,0.09141682088375092,-0.03799035958945751,0.3344270318905323,65.50286769866943
30,58,0.004188389517366886,0.39616647362709045,-0.29293646570295095,0.010572296739321824,65.50286769866943
30,59,0.007157894782721996,0.002351344795897603,0.005394386185798794,3.044170634679449,65.50286769866943
30,60,0.04760934039950371,0.6013826131820679,-0.4034276194870472,0.07916647298383213,65.50286769866943
30,61,0.0,0.0,0.0,0.0,65.50286769866943
30,62,0.02857479453086853,0.1760171800851822,-0.10343809053301811,0.1623409403381967,65.50286769866943
30,63,0.183800607919693,0.16543015837669373,0.0597279891371727,1.1110465571825041,65.50286769866943
30,64,0.09964971244335175,0.29866456985473633,-0.1243487149477005,0.3336509331906542,65.50286769866943
30,65,0.014469195157289505,0.10092602670192719,-0.061225324869155884,0.1433643593230828,65.50286769866943
30,66,1.1608659029006958,5.802750110626221,-3.1911966800689697,0.20005443639123338,65.50286769866943
30,67,0.00791106466203928,0.025683559477329254,-0.01135160494595766,0.3080205712418606,65.50286769866943
30,68,0.031131787225604057,0.16080962121486664,-0.08947542868554592,0.19359405855333467,65.50286769866943
30,69,0.06691300123929977,0.2443532645702362,-0.11635194718837738,0.27383714867370906,65.50286769866943
30,70,0.014948860742151737,0.05152302235364914,-0.023693406023085117,0.29013943784691115,65.50286769866943
30,71,0.003053853288292885,0.0,0.003053853288292885,3053853288.292885,65.50286769866943
30,72,0.0,0.07927673310041428,-0.05945754982531071,0.0,65.50286769866943
30,73,0.0006763299461454153,0.0026093306951224804,-0.001280668075196445,0.25919671552189827,65.50286769866943
30,74,0.0,0.0,0.0,0.0,65.50286769866943
30,75,0.018953869119286537,0.16148415207862854,-0.10215924493968487,0.11737293644728865,65.50286769866943
30,76,0.03228278458118439,0.2238573133945465,-0.1356102004647255,0.1442114358093008,65.50286769866943
30,77,0.020254675298929214,0.07793055474758148,-0.0381932407617569,0.25990672547211524,65.50286769866943
30,78,0.0010656313970685005,0.10033255815505981,-0.07418378721922636,0.010620992992234787,65.50286769866943
30,79,0.028714124113321304,0.16847248375415802,-0.09764023870229721,0.17043806485961052,65.50286769866943
30,80,0.01614518277347088,0.06479045003652573,-0.032447654753923416,0.2491907798775871,65.50286769866943
30,81,0.000855485734064132,0.012819611467421055,-0.00875922286650166,0.06673257892187111,65.50286769866943
30,82,0.0005560677964240313,0.4343489110469818,-0.3252056154888123,0.0012802329700386964,65.50286769866943
30,83,0.0017760954797267914,0.0,0.0017760954797267914,1776095479.7267914,65.50286769866943
30,84,0.010584106668829918,0.20928198099136353,-0.14637737907469273,0.05057342547429403,65.50286769866943
30,85,0.035402972251176834,0.11850161105394363,-0.05347323603928089,0.2987551978070757,65.50286769866943
30,86,0.0032632870133966208,0.025491563603281975,-0.01585538568906486,0.12801439190056063,65.50286769866943
30,87,0.0,0.09660635143518448,-0.07245476357638836,0.0,65.50286769866943
30,88,0.005247520282864571,0.02979182079434395,-0.01709634531289339,0.17613962969610392,65.50286769866943
30,89,0.08645935356616974,0.23184318840503693,-0.08742303773760796,0.37292168970153117,65.50286769866943
30,90,1.1845149993896484,0.00958892423659563,1.1773233062122017,123.52949820434277,65.50286769866943
30,91,0.0017383656231686473,0.023001302033662796,-0.01551261090207845,0.07557683563082399,65.50286769866943
30,92,0.029725274071097374,0.14076729118824005,-0.07585019432008266,0.21116605867719865,65.50286769866943
30,93,0.09776031970977783,0.24975459277629852,-0.08955562487244606,0.3914255134316944,65.50286769866943
30,94,0.001396085019223392,0.0,0.001396085019223392,1396085019.223392,65.50286769866943
30,95,0.16714781522750854,0.8550697565078735,-0.4741545021533966,0.19547857230964286,65.50286769866943
30,96,0.012820343486964703,0.29467612504959106,-0.2081867503002286,0.04350655651102939,65.50286769866943
30,97,0.0,0.0,0.0,0.0,65.50286769866943
30,98,0.0,0.011791094206273556,-0.008843320654705167,0.0,65.50286769866943
30,99,0.014824365265667439,0.09060116112232208,-0.05312650557607412,0.1636222437093185,65.50286769866943
30,100,0.06628050655126572,0.4920279085636139,-0.3027404248714447,0.13470883540859482,65.50286769866943
30,101,0.002265853574499488,0.03727031126618385,-0.025686879875138402,0.06079513418216472,65.50286769866943
30,102,0.06751357764005661,0.0745621919631958,0.01159193366765976,0.9054666428325513,65.50286769866943
30,103,0.014481565915048122,0.18048226833343506,-0.12088013533502817,0.0802381643841802,65.50286769866943
30,104,0.04090072587132454,0.03483256325125694,0.014776303432881832,1.1742094767795883,65.50286769866943
30,105,0.09753624349832535,0.823097288608551,-0.5197867229580879,0.11849904603997934,65.50286769866943
30,106,0.016499033197760582,0.3204612135887146,-0.22384687699377537,0.0514852734062358,65.50286769866943
30,107,0.010492724366486073,0.6252541542053223,-0.4584478912875056,0.01678153483011273,65.50286769866943
30,108,0.0028498477768152952,0.011982129886746407,-0.00613674963824451,0.23784150259710574,65.50286769866943
30,109,0.00933198444545269,0.15031443536281586,-0.1034038420766592,0.06208308884549829,65.50286769866943
30,110,0.023710688576102257,0.14717531204223633,-0.08667079545557499,0.16110506746631978,65.50286769866943
30,111,0.05208585783839226,0.2073962390422821,-0.10346132144331932,0.2511417664981008,65.50286769866943
30,112,0.04892529919743538,0.029048556461930275,0.027138881850987673,1.6842592250623678,65.50286769866943
30,113,0.03635817766189575,0.3159688711166382,-0.20061847567558289,0.11506885957876295,65.50286769866943
30,114,0.010082659311592579,0.15246663987636566,-0.10426732059568167,0.06613026508423364,65.50286769866943
30,115,0.02320508100092411,0.7066231369972229,-0.5067622717469931,0.032839401635645096,65.50286769866943
30,116,0.0008806418627500534,0.04050789773464203,-0.029500281438231468,0.021740004097403346,65.50286769866943
30,117,0.007337333634495735,1.08747398853302,-0.8082681577652693,0.006747134838955458,65.50286769866943
30,118,0.01207242626696825,0.13886918127536774,-0.09207945968955755,0.08693380457786778,65.50286769866943
30,119,0.1340654343366623,0.09680354595184326,0.061462774872779846,1.3849227630769922,65.50286769866943
30,120,0.006520531140267849,0.2640572190284729,-0.19152238313108683,0.02469362952557664,65.50286769866943
30,121,0.0013406816869974136,0.0,0.0013406816869974136,1340681686.9974136,65.50286769866943
30,122,0.0,0.0,0.0,0.0,65.50286769866943
30,123,0.03666918724775314,0.044111184775829315,0.003585798665881157,0.8312900103062909,65.50286769866943
30,124,0.06722652912139893,0.19057197868824005,-0.07570245489478111,0.3527618781301693,65.50286769866943
30,125,0.021216893568634987,0.03985388204455376,-0.00867351796478033,0.5323670488205808,65.50286769866943
30,126,0.0019063308136537671,0.020832134410738945,-0.013717769994400442,0.09150914524531611,65.50286769866943
30,127,0.07071728259325027,0.053145285695791245,0.03085831832140684,1.3306407457608225,65.50286769866943
30,128,0.028267791494727135,0.10786474496126175,-0.05263076722621918,0.2620670127632257,65.50286769866943
30,129,0.0027679253835231066,0.0921468734741211,-0.06634222972206771,0.030038190978562324,65.50286769866943
30,130,0.047574903815984726,0.08709058910608292,-0.01774303801357746,0.5462691698811295,65.50286769866943
30,131,0.007315902039408684,0.046712931245565414,-0.027718796394765377,0.15661406476063497,65.50286769866943
30,132,0.025127697736024857,0.10440582036972046,-0.05317666754126549,0.24067334222174896,65.50286769866943
30,133,0.020517371594905853,0.08524134755134583,-0.043413639068603516,0.2406974101659567,65.50286769866943
30,134,0.009412547573447227,0.0,0.009412547573447227,9412547573.447227,65.50286769866943
30,135,0.020027125254273415,0.07432679831981659,-0.03571797348558903,0.26944689811379174,65.50286769866943
30,136,0.010934959165751934,0.03279151767492294,-0.013658679090440273,0.3334691389956888,65.50286769866943
30,137,0.005813538562506437,0.023237096145749092,-0.011614283546805382,0.25018352232104357,65.50286769866943
30,138,0.0026681474409997463,0.0032913535833358765,0.00019963225349783897,0.8106535419645958,65.50286769866943
30,139,0.003779239021241665,0.052269142121076584,-0.03542261756956577,0.0723034445909808,65.50286769866943
30,140,0.22404338419437408,5.0100908279418945,-3.533524736762047,0.04471842764702224,65.50286769866943
30,141,0.0018588430248200893,0.0,0.0018588430248200893,1858843024.8200893,65.50286769866943
30,142,0.05055229365825653,0.017378006130456924,0.03751878906041384,2.908981230404156,65.50286769866943
30,143,0.0008943037246353924,0.03320213779807091,-0.02400729962391779,0.02693512478164637,65.50286769866943
30,144,0.004374234937131405,0.03440440073609352,-0.021429065614938736,0.12714172732022827,65.50286769866943
30,145,0.03417624533176422,0.2526179552078247,-0.1552872210741043,0.13528826683563602,65.50286769866943
30,146,0.033512573689222336,0.24045291543006897,-0.1468271128833294,0.13937270683178488,65.50286769866943
30,147,0.29849642515182495,2.7081568241119385,-1.732621192932129,0.110221248080638,65.50286769866943
30,148,0.02115612104535103,0.12254296243190765,-0.07075110077857971,0.17264248085184017,65.50286769866943
30,149,0.0,0.008937036618590355,-0.006702777463942766,0.0,65.50286769866943
30,150,0.02095249854028225,0.07619844377040863,-0.03619633428752422,0.27497278819943693,65.50286769866943
30,151,0.0732303038239479,1.7358640432357788,-1.2286677286028862,0.04218665863220429,65.50286769866943
30,152,0.029799066483974457,0.0747700184583664,-0.02627844735980034,0.39854298685466677,65.50286769866943
30,153,0.05073285847902298,0.5437898635864258,-0.35710953921079636,0.09329496902412672,65.50286769866943
30,154,0.05645456165075302,0.04415040835738182,0.023341755382716656,1.278687191123914,65.50286769866943
30,155,0.002212909981608391,0.033533331006765366,-0.022937088273465633,0.06599135591677259,65.50286769866943
30,156,0.007595509756356478,0.14143317937850952,-0.09847937477752566,0.05370387478864026,65.50286769866943
30,157,0.0,0.0,0.0,0.0,65.50286769866943
30,158,0.03872520104050636,0.015229407697916031,0.02730314526706934,2.542791013682211,65.50286769866943
30,159,0.007244426291435957,0.592239260673523,-0.43693501921370625,0.01223226282429337,65.50286769866943
30,160,0.04430374130606651,0.23658053576946259,-0.13313166052103043,0.18726705965807477,65.50286769866943
30,161,0.0030446492601186037,0.05387602373957634,-0.03736236854456365,0.05651213747286157,65.50286769866943
30,162,0.48509231209754944,0.0006291147437877953,0.4846204760397086,771.0712809015062,65.50286769866943
30,163,0.0003587996761780232,0.015169678255915642,-0.011018459015758708,0.02365242492960927,65.50286769866943
30,164,0.005989082623273134,1.1013574600219727,-0.8200290123932064,0.005437909889081979,65.50286769866943
30,165,0.0004806165234185755,0.007172489073127508,-0.004898750281427056,0.06700833120154173,65.50286769866943
30,166,0.0013680027332156897,0.015646884217858315,-0.010367160430178046,0.08742972173123852,65.50286769866943
30,167,0.04821203649044037,0.17432093620300293,-0.08252866566181183,0.27657054591548985,65.50286769866943
30,168,0.007680898066610098,0.04662058874964714,-0.027284543495625257,0.16475334766130512,65.50286769866943
30,169,0.24373213946819305,0.1233886107802391,0.15119068138301373,1.9753212061064216,65.50286769866943
30,170,0.005295970011502504,0.02241745963692665,-0.011517124716192484,0.23624309342092426,65.50286769866943
30,171,0.01163539756089449,0.08820520341396332,-0.054518504999578,0.13191282498556808,65.50286769866943
30,172,0.007213722448796034,0.02152026630938053,-0.008926477283239365,0.33520600278614665,65.50286769866943
30,173,0.01499314233660698,0.08993504196405411,-0.0524581391364336,0.16671079491387614,65.50286769866943
30,174,0.03672053664922714,0.13073749840259552,-0.0613325871527195,0.2808722600448446,65.50286769866943
30,175,0.0009779002284631133,0.6324760317802429,-0.4733791236067191,0.0015461459080260353,65.50286769866943
30,176,0.0,1.351197361946106,-1.0133980214595795,0.0,65.50286769866943
30,177,0.006018230691552162,0.2579631209373474,-0.1874541100114584,0.023329810360724026,65.50286769866943
30,178,0.02492561750113964,0.18286491930484772,-0.11222307197749615,0.13630617395483444,65.50286769866943
30,179,0.21237899363040924,0.0,0.21237899363040924,212378993630.40924,65.50286769866943
30,180,0.00168661680072546,0.0007078431081026793,0.0011557344696484506,2.38275513180252,65.50286769866943
30,181,0.01647295616567135,0.017403768375515938,0.0034201298840343952,0.9465166284274046,65.50286769866943
30,182,0.003762688720598817,0.03153757378458977,-0.01989049161784351,0.11930812262793895,65.50286769866943
30,183,0.008175351656973362,0.09610097110271454,-0.06390037667006254,0.08507043751046303,65.50286769866943
30,184,0.035763200372457504,0.21868792176246643,-0.12825274094939232,0.16353532506079188,65.50286769866943
30,185,0.02368735894560814,0.06755033880472183,-0.026975395157933235,0.3506623262650713,65.50286769866943
30,186,0.004526435863226652,0.01730235293507576,-0.008450328838080168,0.2616081107552107,65.50286769866943
30,187,0.0,0.0,0.0,0.0,65.50286769866943
30,188,0.012296207249164581,0.03963964805006981,-0.017433528788387775,0.310199707962158,65.50286769866943
30,189,0.059180088341236115,0.13238298892974854,-0.04010715335607529,0.4470369555728499,65.50286769866943
30,190,0.0039059394039213657,0.04833623021841049,-0.0323462332598865,0.0808076961358242,65.50286769866943
30,191,0.0004024903173558414,0.007178004365414381,-0.004981012956704944,0.056072732309704186,65.50286769866943
30,192,0.004711838439106941,0.1512690931558609,-0.10873998142778873,0.031148718755264336,65.50286769866943
30,193,0.013159199617803097,0.08735451102256775,-0.052356683649122715,0.1506413288061657,65.50286769866943
30,194,0.0,0.03277067467570305,-0.024578006006777287,0.0,65.50286769866943
30,195,0.8545917868614197,5.389739036560059,-3.1877124905586243,0.15855902875154693,65.50286769866943
30,196,0.01570039615035057,0.6127992868423462,-0.4438990689814091,0.02562078071472065,65.50286769866943
30,197,0.17012834548950195,0.9182528257369995,-0.5185612738132477,0.18527396891239606,65.50286769866943
30,198,0.0,0.0,0.0,0.0,65.50286769866943
30,199,0.10919730365276337,0.23335938155651093,-0.06582223251461983,0.4679362060524313,65.50286769866943
30,200,0.00014504232967738062,0.0,0.00014504232967738062,145042329.67738062,65.50286769866943
30,201,0.026187285780906677,0.18023070693016052,-0.10898574441671371,0.14529869092123665,65.50286769866943
30,202,0.00237487256526947,0.04751729220151901,-0.03326309658586979,0.049979122445524625,65.50286769866943
30,203,0.013861394487321377,0.01138415839523077,0.005323275690898299,1.21760379686133,65.50286769866943
30,204,0.0340738445520401,0.0034209468867629766,0.03150813438696787,9.960354740941812,65.50286769866943
30,205,0.0,0.0,0.0,0.0,65.50286769866943
30,206,0.0,0.0,0.0,0.0,65.50286769866943
30,207,0.013205153867602348,0.538180410861969,-0.3904301542788744,0.02453666763237994,65.50286769866943
30,208,0.025489702820777893,0.20307226479053497,-0.12681449577212334,0.12552035526340585,65.50286769866943
30,209,0.018049616366624832,0.04207371547818184,-0.013505670242011547,0.4289998199839475,65.50286769866943
30,210,0.0001620436378289014,0.23821645975112915,-0.17850030117551796,0.0006802369491911361,65.50286769866943
30,211,0.005971172358840704,0.3675776720046997,-0.2697120816446841,0.01624465470456572,65.50286769866943
30,212,0.047838784754276276,0.05629996210336685,0.005613813176751137,0.8497125569213431,65.50286769866943
30,213,0.0,0.042057979851961136,-0.03154348488897085,0.0,65.50286769866943
30,214,0.011179069988429546,0.057311903685331345,-0.03180485777556896,0.19505668577356486,65.50286769866943
30,215,0.10561269521713257,0.6546551585197449,-0.3853786736726761,0.16132569008663192,65.50286769866943
30,216,0.04531361535191536,0.0,0.04531361535191536,45313615351.91536,65.50286769866943
30,217,0.020152822136878967,0.09285177290439606,-0.049486007541418076,0.21704294389092693,65.50286769866943
30,218,0.014849076978862286,0.4517883360385895,-0.3239921750500798,0.032867331434517345,65.50286769866943
30,219,0.0,0.002781667746603489,-0.0020862508099526167,0.0,65.50286769866943
30,220,0.0031432260293513536,0.1944432109594345,-0.14268918219022453,0.016165264983157165,65.50286769866943
30,221,0.3156868517398834,0.799128532409668,-0.28365954756736755,0.39503889416584315,65.50286769866943
30,222,0.0,0.07144564390182495,-0.05358423292636871,0.0,65.50286769866943
30,223,0.017494847998023033,0.05189506337046623,-0.02142644952982664,0.33711969619912496,65.50286769866943
30,224,0.009953855536878109,0.4722694754600525,-0.34424825105816126,0.021076643852878,65.50286769866943
30,225,0.010163121856749058,0.107200987637043,-0.07023761887103319,0.09480436776444787,65.50286769866943
30,226,0.02168036624789238,0.4634411334991455,-0.32590048387646675,0.04678127313419747,65.50286769866943
30,227,0.0,0.011678344570100307,-0.00875875842757523,0.0,65.50286769866943
30,228,0.0,0.0856088176369667,-0.06420661322772503,0.0,65.50286769866943
30,229,1.9938936233520508,7.907148361206055,-3.9364676475524902,0.2521634263414372,65.50286769866943
30,230,0.022989539429545403,0.1596212536096573,-0.09672640077769756,0.1440255536748302,65.50286769866943
30,231,0.0823143869638443,0.21348361670970917,-0.07779832556843758,0.3855770678430477,65.50286769866943
30,232,0.00429739011451602,0.0,0.00429739011451602,4297390114.51602,65.50286769866943
30,233,0.021588074043393135,1.3988027572631836,-1.0275139939039946,0.015433250993596607,65.50286769866943
30,234,0.009583272971212864,0.11555272340774536,-0.07708126958459616,0.08293420257447237,65.50286769866943
30,235,0.0030076478142291307,0.10211092978715897,-0.0735755495261401,0.029454709897058493,65.50286769866943
30,236,0.03918629139661789,0.1139330267906189,-0.04626347869634628,0.34394145841739804,65.50286769866943
30,237,0.029046351090073586,0.08666255325078964,-0.035950563848018646,0.3351661127001674,65.50286769866943
30,238,0.000551258388441056,0.29638126492500305,-0.22173469030531123,0.0018599636808307963,65.50286769866943
30,239,0.0005186923081055284,0.0,0.0005186923081055284,518692308.10552835,65.50286769866943
30,240,0.010544443503022194,0.048492301255464554,-0.02582478243857622,0.21744572292527578,65.50286769866943
30,241,0.01142957340925932,0.7581203579902649,-0.5571606950834394,0.015076199034601062,65.50286769866943
30,242,0.012771989218890667,0.002929137786850333,0.010575135878752917,4.360323803088796,65.50286769866943
30,243,0.11354077607393265,1.0593775510787964,-0.6809923872351646,0.10717687566458571,65.50286769866943
30,244,0.015384633094072342,0.2476448118686676,-0.17034897580742836,0.06212378518217892,65.50286769866943
30,245,0.0024584531784057617,0.0,0.0024584531784057617,2458453178.4057617,65.50286769866943
30,246,0.0,0.0,0.0,0.0,65.50286769866943
30,247,0.07414542883634567,0.048770722001791,0.03756738733500242,1.520285650725092,65.50286769866943
30,248,0.003584637539461255,0.024413898587226868,-0.014725786400958896,0.14682773939226068,65.50286769866943
30,249,0.023576276376843452,0.16186216473579407,-0.0978203471750021,0.14565649986938645,65.50286769866943
30,250,0.0008963927393779159,1.1093508005142212,-0.831116707646288,0.000808033616563489,65.50286769866943
30,251,0.007339128293097019,0.03641625866293907,-0.019973065704107285,0.2015343849796557,65.50286769866943
30,252,0.025290049612522125,0.4441574811935425,-0.30782806128263474,0.05693937552173077,65.50286769866943
30,253,0.00924188457429409,0.04529863968491554,-0.024732095189392567,0.20402123857082663,65.50286769866943
30,254,0.004421574994921684,0.30880650877952576,-0.22718330658972263,0.014318270079158778,65.50286769866943
30,255,0.10419823229312897,0.374118834733963,-0.1763908937573433,0.2785164033961191,65.50286769866943
31,0,0.0030170727986842394,0.04169532284140587,-0.028254419332370162,0.07235998171995808,65.5235161781311
31,1,0.0645611584186554,0.05800829827785492,0.021054934710264206,1.112964185025733,65.5235161781311
31,2,0.0041575962677598,0.026355883106589317,-0.015609316062182188,0.15774831944684858,65.5235161781311
31,3,0.009520352818071842,0.2582554519176483,-0.1841712361201644,0.03686409230605826,65.5235161781311
31,4,0.02846531942486763,0.7395957708358765,-0.5262315087020397,0.03848767197878674,65.5235161781311
31,5,0.01592301018536091,0.00846945308148861,0.009570920374244452,1.8800517613449241,65.5235161781311
31,6,0.0,0.5929287075996399,-0.4446965306997299,0.0,65.5235161781311
31,7,0.001569494605064392,0.0013930374989286065,0.0005247164808679372,1.1266707501735087,65.5235161781311
31,8,0.0023232547100633383,0.01447824016213417,-0.00853542541153729,0.16046526952764767,65.5235161781311
31,9,0.007025641389191151,0.02272578701376915,-0.010018698871135712,0.30914843057471636,65.5235161781311
31,10,0.003593824803829193,0.031652797013521194,-0.020145772956311703,0.11353893313695065,65.5235161781311
31,11,0.3383769392967224,1.870457410812378,-1.064466118812561,0.18090598446161757,65.5235161781311
31,12,0.011035225354135036,1.771358609199524,-1.317483731545508,0.006229808745003711,65.5235161781311
31,13,0.004706820473074913,0.001926308497786522,0.0032620890997350216,2.443440641018806,65.5235161781311
31,14,0.0037902183830738068,0.15538154542446136,-0.11274594068527222,0.024392976480543668,65.5235161781311
31,15,0.031207947060465813,0.0006989161483943462,0.030683759949170053,44.65191867080109,65.5235161781311
31,16,0.0,0.37424853444099426,-0.2806864008307457,0.0,65.5235161781311
31,17,0.038200635462999344,0.006177366245537996,0.03356761077884585,6.183968043728711,65.5235161781311
31,18,0.0489412359893322,0.23042313754558563,-0.12387611716985703,0.21239722933395758,65.5235161781311
31,19,0.0011280188336968422,0.008431227877736092,-0.0051954020746052265,0.13379057593043509,65.5235161781311
31,20,0.002198209287598729,0.23014657199382782,-0.17041171970777214,0.009551344904012432,65.5235161781311
31,21,0.0005475350772030652,0.3660023510456085,-0.2739542282070033,0.0014959878690324025,65.5235161781311
31,22,0.0,0.025772109627723694,-0.01932908222079277,0.0,65.5235161781311
31,23,0.005086882971227169,0.3367916941642761,-0.24750688765197992,0.015103944246115665,65.5235161781311
31,24,0.09161191433668137,0.2534773051738739,-0.09849606454372406,0.361420578751531,65.5235161781311
31,25,0.0025142603553831577,1.5790317058563232,-1.1817595190368593,0.0015922798421695143,65.5235161781311
31,26,0.056006498634815216,0.2258594036102295,-0.1133880540728569,0.24797063013244683,65.5235161781311
31,27,0.0036712619476020336,0.046437911689281464,-0.031157171819359064,0.07905742988805321,65.5235161781311
31,28,0.0014462079852819443,0.002985394326969981,-0.0007928377599455416,0.48442779291583293,65.5235161781311
31,29,0.006205465644598007,0.025085456669330597,-0.01260862685739994,0.24737303873512567,65.5235161781311
31,30,0.023056263104081154,0.17179135978221893,-0.10578725673258305,0.13421084234489744,65.5235161781311
31,31,0.041427820920944214,0.03353157639503479,0.01627913862466812,1.2354868268538421,65.5235161781311
31,32,0.00037965390947647393,0.00900938082486391,-0.006377381709171459,0.04213984477008373,65.5235161781311
31,33,0.007231708150357008,0.0328085832297802,-0.01737472927197814,0.22042122634458655,65.5235161781311
31,34,0.017045559361577034,0.10010372847318649,-0.058032236993312836,0.1702789658426412,65.5235161781311
31,35,0.0022636246867477894,0.1275445520877838,-0.09339478937909007,0.017747717559681256,65.5235161781311
31,36,0.014842940494418144,0.08009443432092667,-0.045227885246276855,0.18531800143265056,65.5235161781311
31,37,0.0014477245276793838,0.015205497853457928,-0.009956398862414062,0.09521059695226892,65.5235161781311
31,38,1.4362932443618774,4.884760856628418,-2.227277398109436,0.2940355293775729,65.5235161781311
31,39,0.00021835988445673138,0.019275782629847527,-0.014238477087928914,0.011328198114627238,65.5235161781311
31,40,0.0029612116049975157,0.03281484916806221,-0.021649925271049142,0.09023998829741206,65.5235161781311
31,41,0.016116134822368622,0.4828732907772064,-0.3460388332605362,0.03337549442089787,65.5235161781311
31,42,0.02609340287744999,0.22124077379703522,-0.13983717747032642,0.11794120238103108,65.5235161781311
31,43,0.0006333577330224216,0.015309457667171955,-0.010848735517356545,0.04137035724911139,65.5235161781311
31,44,0.005384951364248991,0.06906567513942719,-0.0464143049903214,0.07796856185507613,65.5235161781311
31,45,0.0009524315246380866,0.0038833662401884794,-0.001960093155503273,0.24525925845886762,65.5235161781311
31,46,0.003331107320263982,0.04714557155966759,-0.03202807134948671,0.07065578398975322,65.5235161781311
31,47,0.0,1.1398640871047974,-0.854898065328598,0.0,65.5235161781311
31,48,0.005928196012973785,0.1690913587808609,-0.12089032307267189,0.03505913049419369,65.5235161781311
31,49,0.006294919643551111,0.11280985921621323,-0.07831247476860881,0.055801147942489346,65.5235161781311
31,50,0.0057954248040914536,0.1271597445011139,-0.08957438357174397,0.04557593935709041,65.5235161781311
31,51,0.037699420005083084,0.18537433445453644,-0.10133133083581924,0.20336914554978808,65.5235161781311
31,52,0.002685410436242819,0.09170769900083542,-0.06609536381438375,0.029282279083123364,65.5235161781311
31,53,0.019392604008316994,0.41696569323539734,-0.293331665918231,0.04650887188774646,65.5235161781311
31,54,0.005318314302712679,0.03652995824813843,-0.022079154383391142,0.14558774654055656,65.5235161781311
31,55,0.0001454962621210143,0.0,0.0001454962621210143,145496262.1210143,65.5235161781311
31,56,0.07787004858255386,0.0,0.07787004858255386,77870048582.55386,65.5235161781311
31,57,0.07199426740407944,0.9008904099464417,-0.6036735400557518,0.07991456742033652,65.5235161781311
31,58,0.0,0.0,0.0,0.0,65.5235161781311
31,59,0.00710202194750309,0.04793522506952286,-0.028849396854639053,0.14815872747138484,65.5235161781311
31,60,0.001750521594658494,0.01997099258005619,-0.013227722840383649,0.0876532094012683,65.5235161781311
31,61,0.01564442552626133,0.02035900019109249,0.0003751753829419613,0.768427986573608,65.5235161781311
31,62,0.012763723731040955,0.06707918643951416,-0.037545666098594666,0.19027845160823212,65.5235161781311
31,63,0.001361425849609077,0.0,0.001361425849609077,1361425849.609077,65.5235161781311
31,64,0.0014229811495169997,0.00879155658185482,-0.0051706862868741155,0.1618577024564773,65.5235161781311
31,65,0.03189589083194733,0.7082289457321167,-0.4992758184671402,0.045036129946553635,65.5235161781311
31,66,0.16150131821632385,1.4179532527923584,-0.901963621377945,0.11389749125943845,65.5235161781311
31,67,0.0,0.0006121292826719582,-0.00045909696200396866,0.0,65.5235161781311
31,68,0.005770811345428228,0.025709807872772217,-0.013511544559150934,0.22445952819878146,65.5235161781311
31,69,0.16242319345474243,0.02223903499543667,0.14574391720816493,7.303518047467765,65.5235161781311
31,70,0.03939485177397728,2.232086658477783,-1.6346701420843601,0.017649337952150006,65.5235161781311
31,71,0.0032451790757477283,0.6028375029563904,-0.44888294814154506,0.00538317384009386,65.5235161781311
31,72,0.021985547617077827,0.04305097088217735,-0.010302680544555187,0.5106864529661264,65.5235161781311
31,73,1.1245934963226318,0.3676389455795288,0.8488642871379852,3.0589618152310183,65.5235161781311
31,74,0.009463452734053135,0.011070335283875465,0.0011607012711465359,0.8548478876680737,65.5235161781311
31,75,0.009552616626024246,0.269642174243927,-0.192679014056921,0.035427012309087874,65.5235161781311
31,76,0.0024036646354943514,0.009105817414820194,-0.004425698425620794,0.2639702209840372,65.5235161781311
31,77,0.0001199793114210479,0.06406856328248978,-0.047931443150446285,0.0018726705465543989,65.5235161781311
31,78,0.013666708953678608,0.0933474600315094,-0.05634388606995344,0.14640686472796377,65.5235161781311
31,79,0.0,0.024233940988779068,-0.0181754557415843,0.0,65.5235161781311
31,80,0.0,0.06390072405338287,-0.047925543040037155,0.0,65.5235161781311
31,81,0.0,0.0,0.0,0.0,65.5235161781311
31,82,0.047431543469429016,1.266886591911316,-0.9027334004640579,0.03743945493797748,65.5235161781311
31,83,0.007144625298678875,0.0295417457818985,-0.015011684037744999,0.24184844562621777,65.5235161781311
31,84,0.009261640720069408,0.039736587554216385,-0.02054079994559288,0.23307589528667505,65.5235161781311
31,85,0.023634638637304306,0.06694047898054123,-0.026570720598101616,0.35306945807515855,65.5235161781311
31,86,0.0015901261940598488,0.0071198283694684505,-0.003749745083041489,0.22333771424257323,65.5235161781311
31,87,0.02188868820667267,0.02071346901357174,0.006353586446493864,1.05673695658,65.5235161781311
31,88,0.0,0.5315243601799011,-0.39864327013492584,0.0,65.5235161781311
31,89,0.003057853551581502,0.1604890078306198,-0.11730890232138336,0.019053351957846913,65.5235161781311
31,90,0.03989700973033905,0.20439602434635162,-0.11340000852942467,0.1951946465579872,65.5235161781311
31,91,0.030268654227256775,0.26731356978416443,-0.17021652311086655,0.11323276349787706,65.5235161781311
31,92,0.0,0.0722968727350235,-0.054222654551267624,0.0,65.5235161781311
31,93,1.0196664333343506,3.193427562713623,-1.3754042387008667,0.3193015696487467,65.5235161781311
31,94,0.05442078039050102,0.03457392752170563,0.028490334749221802,1.5740410271514984,65.5235161781311
31,95,0.00033474425435997546,0.0033264942467212677,-0.0021601264306809753,0.10062974093199882,65.5235161781311
31,96,0.02694966457784176,0.0747402012348175,-0.02910548634827137,0.3605778969314142,65.5235161781311
31,97,0.0010523194214329123,0.08530736714601517,-0.06292820593807846,0.012335621841656288,65.5235161781311
31,98,0.01621958613395691,0.11461413651704788,-0.069741016253829,0.14151470862761215,65.5235161781311
31,99,0.004678483586758375,0.017409302294254303,-0.008378493133932352,0.2687346975434914,65.5235161781311
31,100,0.0009598331525921822,0.07171262055635452,-0.05282463226467371,0.013384438403342464,65.5235161781311
31,101,0.02163778804242611,0.055441636592149734,-0.01994343940168619,0.3902804709971284,65.5235161781311
31,102,0.0,0.12439603358507156,-0.09329702518880367,0.0,65.5235161781311
31,103,0.015571332536637783,0.08060187101364136,-0.044880070723593235,0.19318822678209596,65.5235161781311
31,104,0.005217260215431452,0.08407746255397797,-0.05784083670005202,0.062053017026053835,65.5235161781311
31,105,0.0037677804939448833,0.1601366400718689,-0.11633469955995679,0.023528534707799444,65.5235161781311
31,106,0.11705642938613892,0.0931645855307579,0.04718299023807049,1.2564477018602391,65.5235161781311
31,107,0.025766203179955482,0.05122675746679306,-0.012653864920139313,0.5029832933727073,65.5235161781311
31,108,0.08921638131141663,0.10531412065029144,0.010230790823698044,0.8471454802041551,65.5235161781311
31,109,0.014340816996991634,0.0,0.014340816996991634,14340816996.991634,65.5235161781311
31,110,0.0936117023229599,0.17208746075630188,-0.03545389324426651,0.5439774746573907,65.5235161781311
31,111,0.005339530296623707,0.035030391067266464,-0.02093326300382614,0.1524256548040856,65.5235161781311
31,112,0.08041851222515106,0.7175175547599792,-0.4577196538448334,0.11207880795605095,65.5235161781311
31,113,0.013849284499883652,0.27450689673423767,-0.1920308880507946,0.05045149926867342,65.5235161781311
31,114,0.0,0.0,0.0,0.0,65.5235161781311
31,115,0.03244711458683014,0.0521775558590889,-0.006686052307486534,0.621859610937607,65.5235161781311
31,116,0.0033599259331822395,0.2474750131368637,-0.18224633391946554,0.013576828992066716,65.5235161781311
31,117,0.0,0.002895026234909892,-0.002171269676182419,0.0,65.5235161781311
31,118,0.00914632249623537,0.11541338264942169,-0.0774137144908309,0.07924837038993027,65.5235161781311
31,119,0.04034123942255974,0.1925571858882904,-0.10407664999365807,0.20950264326024004,65.5235161781311
31,120,0.003583052894100547,0.24496403336524963,-0.18013997212983668,0.014626852950055192,65.5235161781311
31,121,0.015466972254216671,0.06561911106109619,-0.03374736104160547,0.23570834782537786,65.5235161781311
31,122,0.007652757223695517,0.1677616685628891,-0.11816849419847131,0.045616840182899694,65.5235161781311
31,123,0.04749077185988426,0.16313843429088593,-0.07486305385828018,0.2911071941202658,65.5235161781311
31,124,0.04982665926218033,0.20417961478233337,-0.1033080518245697,0.24403346688186398,65.5235161781311
31,125,0.0282316692173481,0.17854134738445282,-0.10567434132099152,0.1581239843362376,65.5235161781311
31,126,0.012115638703107834,0.05652795359492302,-0.03028032649308443,0.21433004261420235,65.5235161781311
31,127,0.0,0.455026775598526,-0.3412700816988945,0.0,65.5235161781311
31,128,0.07763780653476715,0.022473245859146118,0.06078287214040756,3.4546770421111908,65.5235161781311
31,129,0.04732910543680191,0.07472534477710724,-0.008714903146028519,0.6333741995750312,65.5235161781311
31,130,0.015399571508169174,0.10934251546859741,-0.06660731509327888,0.1408379114202015,65.5235161781311
31,131,0.0,0.027862291783094406,-0.020896718837320805,0.0,65.5235161781311
31,132,1.2589926719665527,5.0186944007873535,-2.5050281286239624,0.25086059668601973,65.5235161781311
31,133,0.007390765007585287,0.03221019729971886,-0.016766882967203856,0.22945419857519292,65.5235161781311
31,134,0.02393820323050022,0.038492411375045776,-0.004931105300784111,0.6218940922313122,65.5235161781311
31,135,0.007573889568448067,0.042034588754177094,-0.023952051997184753,0.18018231634335297,65.5235161781311
31,136,0.10722915828227997,0.4361698031425476,-0.21989819407463074,0.24584269133136172,65.5235161781311
31,137,0.0,0.0,0.0,0.0,65.5235161781311
31,138,0.0,0.0,0.0,0.0,65.5235161781311
31,139,0.0,0.0,0.0,0.0,65.5235161781311
31,140,0.00034630054142326117,0.06675664335489273,-0.04972118197474629,0.005187506801039489,65.5235161781311
31,141,0.0015171027043834329,0.13743697106838226,-0.10156062559690326,0.011038534191920996,65.5235161781311
31,142,0.030792051926255226,0.15148243308067322,-0.08281977288424969,0.20327143748512008,65.5235161781311
31,143,0.0,0.0,0.0,0.0,65.5235161781311
31,144,0.05363117530941963,0.028177356347441673,0.03249815804883838,1.9033430477371829,65.5235161781311
31,145,0.0,0.004673331044614315,-0.0035049982834607363,0.0,65.5235161781311
31,146,0.0014553909422829747,0.008622052147984505,-0.005011148168705404,0.168798670796069,65.5235161781311
31,147,0.001699690823443234,0.03232528269290924,-0.022544271196238697,0.052580849471224926,65.5235161781311
31,148,0.012755826115608215,0.022434137761592865,-0.004069777205586433,0.5685899877497204,65.5235161781311
31,149,0.006358822342008352,0.017178500071167946,-0.006525052711367607,0.3701616739118401,65.5235161781311
31,150,0.05065155774354935,0.18522505462169647,-0.08826723322272301,0.27345953735430983,65.5235161781311
31,151,0.10912590473890305,0.12874360382556915,0.012568201869726181,0.8476219516575506,65.5235161781311
31,152,0.0046089221723377705,0.03287188708782196,-0.0200449931435287,0.14020862750848972,65.5235161781311
31,153,0.007148320320993662,0.013657676987349987,-0.0030949374195188284,0.5233921059262997,65.5235161781311
31,154,0.02875044196844101,0.20386290550231934,-0.12414673715829849,0.14102831457963738,65.5235161781311
31,155,0.009648622013628483,0.00949623342603445,0.002526446944102645,1.0160472662940447,65.5235161781311
31,156,0.003144514746963978,0.017860759049654007,-0.010251054540276527,0.1760571730488036,65.5235161781311
31,157,0.004009884316474199,0.09762678295373917,-0.06921020289883018,0.04107360905596188,65.5235161781311
31,158,0.0,0.0039050185587257147,-0.002928763919044286,0.0,65.5235161781311
31,159,0.003576460527256131,0.03557261452078819,-0.023103000363335013,0.10053971504021872,65.5235161781311
31,160,0.21305179595947266,1.22317636013031,-0.7043304741382599,0.17417913140227886,65.5235161781311
31,161,0.1245710700750351,5.132365186000243e-05,0.1245325773361401,2427.1668740109467,65.5235161781311
31,162,0.05551765114068985,0.23481960594654083,-0.12059705331921577,0.23642681332619475,65.5235161781311
31,163,0.0027312319725751877,0.061465151607990265,-0.04336763173341751,0.04443545490540531,65.5235161781311
31,164,0.060012172907590866,0.049614068120718,0.022801621817052364,1.2095797659720875,65.5235161781311
31,165,0.0,0.0,0.0,0.0,65.5235161781311
31,166,0.0,0.5247266888618469,-0.3935450166463852,0.0,65.5235161781311
31,167,0.06736957281827927,0.13854584097862244,-0.03653980791568756,0.4862619645737911,65.5235161781311
31,168,0.0016024616779759526,0.026556069031357765,-0.01831459009554237,0.06034257841487766,65.5235161781311
31,169,0.07880328595638275,1.393522024154663,-0.9663382321596146,0.05654972407352497,65.5235161781311
31,170,0.005926276557147503,0.107904814183712,-0.0750023340806365,0.054921336011967664,65.5235161781311
31,171,0.02219991385936737,0.022471336647868156,0.005346411373466253,0.9879213776313366,65.5235161781311
31,172,0.08565633744001389,0.06514300405979156,0.03679908439517021,1.314896951330019,65.5235161781311
31,173,0.008748169988393784,0.05913981422781944,-0.0356066906824708,0.14792352837880085,65.5235161781311
31,174,0.02564028836786747,0.24024273455142975,-0.15454176254570484,0.10672659223445453,65.5235161781311
31,175,0.00250835414044559,0.2155562937259674,-0.15915886615402997,0.011636654616184744,65.5235161781311
31,176,0.0,0.0015735953347757459,-0.0011801965010818094,0.0,65.5235161781311
31,177,0.012885709293186665,0.06346039474010468,-0.03470958676189184,0.20305119981928366,65.5235161781311
31,178,0.00025083505897782743,0.010928005911409855,-0.007945169374579564,0.022953415379559673,65.5235161781311
31,179,0.0,0.29351186752319336,-0.22013390064239502,0.0,65.5235161781311
31,180,0.0,0.0,0.0,0.0,65.5235161781311
31,181,0.012643148191273212,0.1038607805967331,-0.06525243725627661,0.12173168850176316,65.5235161781311
31,182,0.006255538202822208,0.058559659868478775,-0.03766420669853687,0.106823335667675,65.5235161781311
31,183,0.012924106791615486,0.0937633141875267,-0.05739837884902954,0.13783756369393496,65.5235161781311
31,184,0.17906565964221954,0.8175929188728333,-0.4341290295124054,0.21901566844398274,65.5235161781311
31,185,0.01810588873922825,0.030085252597928047,-0.004458050709217787,0.601819402369697,65.5235161781311
31,186,0.08546767383813858,0.3368588387966156,-0.16717645525932312,0.2537195525081278,65.5235161781311
31,187,0.01295264158397913,0.05317635089159012,-0.02692962158471346,0.24357898514213433,65.5235161781311
31,188,0.09732285141944885,0.4141252636909485,-0.2132710963487625,0.23500824497353898,65.5235161781311
31,189,0.001668885350227356,0.023540278896689415,-0.015986323822289705,0.07089488435887498,65.5235161781311
31,190,0.015768662095069885,0.09416470676660538,-0.05485486797988415,0.1674583040330205,65.5235161781311
31,191,0.2894870638847351,1.505590796470642,-0.8397060334682465,0.19227473000177017,65.5235161781311
31,192,0.034496553242206573,0.11405310034751892,-0.05104327201843262,0.302460460406542,65.5235161781311
31,193,0.1634608954191208,0.07747464627027512,0.10535491071641445,2.1098630750344753,65.5235161781311
31,194,0.04428549110889435,0.07385022193193436,-0.01110217534005642,0.5996663239429578,65.5235161781311
31,195,0.00503999600186944,0.012137201614677906,-0.0040629052091389894,0.41525189755101044,65.5235161781311
31,196,0.0,0.0,0.0,0.0,65.5235161781311
31,197,0.001351471757516265,0.04520375654101372,-0.03255134564824402,0.029897332896662403,65.5235161781311
31,198,0.010345646180212498,0.015934467315673828,-0.0016052043065428734,0.6492621293582129,65.5235161781311
31,199,0.0010738070122897625,0.0754355862736702,-0.055502882692962885,0.01423475398441128,65.5235161781311
31,200,0.005120061803609133,0.22745384275913239,-0.16547032026574016,0.022510333267961678,65.5235161781311
31,201,0.0036118279676884413,0.01949767954647541,-0.011011431692168117,0.18524399064483069,65.5235161781311
31,202,0.06813297420740128,0.3074948489665985,-0.1624881625175476,0.22157435949302884,65.5235161781311
31,203,0.0,0.0,0.0,0.0,65.5235161781311
31,204,0.0008017944637686014,0.003841530531644821,-0.0020793534349650145,0.2087174517955949,65.5235161781311
31,205,0.45855432748794556,0.0070673031732439995,0.45325385010801256,64.88391911062989,65.5235161781311
31,206,0.027482813224196434,0.1429392695426941,-0.07972163893282413,0.1922691595663668,65.5235161781311
31,207,0.007692800369113684,0.1275152713060379,-0.08794365311041474,0.06032846333040816,65.5235161781311
31,208,0.009981969371438026,0.005393541418015957,0.005936813307926059,1.8507263773380311,65.5235161781311
31,209,0.030837515369057655,0.1040133461356163,-0.04717249423265457,0.296476524546707,65.5235161781311
31,210,0.0,0.06880968809127808,-0.05160726606845856,0.0,65.5235161781311
31,211,0.007357556838542223,0.07293853163719177,-0.047346341889351606,0.1008733884997719,65.5235161781311
31,212,0.0,0.6089564561843872,-0.4567173421382904,0.0,65.5235161781311
31,213,0.0066954283975064754,0.03087635338306427,-0.016461836639791727,0.21684647517222946,65.5235161781311
31,214,0.07215047627687454,0.2298971712589264,-0.10027240216732025,0.31383803411525996,65.5235161781311
31,215,0.0,0.0,0.0,0.0,65.5235161781311
31,216,0.0,0.053012557327747345,-0.03975941799581051,0.0,65.5235161781311
31,217,0.12215914577245712,0.0390082485973835,0.0929029593244195,3.1316234427792127,65.5235161781311
31,218,0.00857006385922432,0.2408626526594162,-0.17207692563533783,0.03558070860951179,65.5235161781311
31,219,0.16401712596416473,0.054680489003658295,0.12300675921142101,2.9995548494489856,65.5235161781311
31,220,0.007395560387521982,0.05135277286171913,-0.031119019258767366,0.14401482091906628,65.5235161781311
31,221,0.014421075582504272,0.1066717579960823,-0.06558274291455746,0.13519113074801598,65.5235161781311
31,222,0.16756148636341095,0.8504393100738525,-0.47026799619197845,0.19702932869914352,65.5235161781311
31,223,0.0,0.0,0.0,0.0,65.5235161781311
31,224,0.0005101668066345155,0.0034619481302797794,-0.002086294291075319,0.14736408151959285,65.5235161781311
31,225,0.0,0.0,0.0,0.0,65.5235161781311
31,226,0.0047062155790627,0.2430366724729538,-0.17757128877565265,0.019364219939141343,65.5235161781311
31,227,0.01134509313851595,0.1511514037847519,-0.10201845970004797,0.0750578086234445,65.5235161781311
31,228,0.010433611460030079,0.06916898488998413,-0.04144312720745802,0.1508423388961727,65.5235161781311
31,229,0.01228987704962492,0.8082229495048523,-0.5938773350790143,0.015206048104844034,65.5235161781311
31,230,0.007645736448466778,0.007571416907012463,0.001967173768207431,1.0098158034826568,65.5235161781311
31,231,0.002583682769909501,0.21887274086475372,-0.1615708728786558,0.011804497717210984,65.5235161781311
31,232,0.017511418089270592,0.3246421813964844,-0.2259702179580927,0.05394067404885386,65.5235161781311
31,233,0.0021976721473038197,0.03647632151842117,-0.02515956899151206,0.06024928106124155,65.5235161781311
31,234,0.0035911565646529198,0.044577714055776596,-0.029842128977179527,0.08055945982512759,65.5235161781311
31,235,0.014810836873948574,0.007082317024469376,0.009499099105596542,2.091241725086007,65.5235161781311
31,236,0.013773034326732159,0.37175413966178894,-0.26504257041960955,0.0370487719093738,65.5235161781311
31,237,0.0,0.01977856270968914,-0.014833922032266855,0.0,65.5235161781311
31,238,0.03703262284398079,0.010926127433776855,0.028838027268648148,3.389363986924532,65.5235161781311
31,239,0.0,0.13718174397945404,-0.10288630798459053,0.0,65.5235161781311
31,240,0.07314448803663254,0.021262846887111664,0.05719735287129879,3.440013861809285,65.5235161781311
31,241,0.013285117223858833,0.06838954240083694,-0.038007039576768875,0.19425655966228536,65.5235161781311
31,242,0.04936215281486511,0.06855656206607819,-0.0020552687346935272,0.7200208313621009,65.5235161781311
31,243,0.00202191062271595,0.00176228245254606,0.000700198783306405,1.1473249470579854,65.5235161781311
31,244,0.0020144975278526545,0.16837383806705475,-0.12426588102243841,0.011964433138587825,65.5235161781311
31,245,0.0006560098263435066,0.05182794854044914,-0.03821495157899335,0.01265745306933895,65.5235161781311
31,246,0.01187265757471323,0.02747061289846897,-0.008730302099138498,0.4321948555775666,65.5235161781311
31,247,0.01066382136195898,0.0680636614561081,-0.04038392473012209,0.1566742243021856,65.5235161781311
31,248,0.04232214391231537,1.6446012258529663,-1.1911287754774094,0.02573398538623818,65.5235161781311
31,249,0.049079447984695435,1.268548607826233,-0.9023320078849792,0.038689450039095144,65.5235161781311
31,250,0.04888054355978966,0.0028415063861757517,0.046749413770157844,17.20233457168939,65.5235161781311
31,251,0.006701381877064705,1.1752383708953857,-0.8747273962944746,0.005702146937181247,65.5235161781311
31,252,0.021226568147540092,0.046226050704717636,-0.013442969880998135,0.459190604074568,65.5235161781311
31,253,0.0,0.0,0.0,0.0,65.5235161781311
31,254,0.0002932662027888,0.06833445280790329,-0.05095757340313867,0.004291630220687014,65.5235161781311
31,255,0.005936191882938147,0.07359664142131805,-0.049261289183050394,0.08065846169357949,65.5235161781311
32,0,0.0034036068245768547,0.010090064257383347,-0.004163941368460655,0.33732261137474545,65.54163932800293
32,1,0.16880643367767334,0.29217982292175293,-0.05032843351364136,0.5777484289950533,65.54163932800293
32,2,0.01649496518075466,0.15523245930671692,-0.09992937929928303,0.10625976844222208,65.54163932800293
32,3,0.031247857958078384,0.24793677031993866,-0.1547047197818756,0.12603156005311347,65.54163932800293
32,4,0.13240967690944672,0.035089343786239624,0.106092669069767,3.7735010866061853,65.54163932800293
32,5,0.007509822957217693,0.08222002536058426,-0.0541551960632205,0.09133812503938384,65.54163932800293
32,6,0.051479801535606384,0.03168230131268501,0.027718075551092625,1.6248757003447203,65.54163932800293
32,7,0.0028517392929643393,0.027920734137296677,-0.018088811310008168,0.1021369738646246,65.54163932800293
32,8,0.053748175501823425,0.18127167224884033,-0.08220557868480682,0.29650620438776676,65.54163932800293
32,9,0.0,0.0,0.0,0.0,65.54163932800293
32,10,0.0021004476584494114,0.015413469634950161,-0.00945965456776321,0.13627351323613449,65.54163932800293
32,11,0.011952205561101437,0.0015247347764670849,0.010808654478751123,7.838875152409551,65.54163932800293
32,12,0.027391616255044937,0.6921233534812927,-0.4917008988559246,0.03957620576914361,65.54163932800293
32,13,0.016136864200234413,0.3507952392101288,-0.24695956520736217,0.04600080729864843,65.54163932800293
32,14,0.0019298988627269864,0.2869412899017334,-0.21327606856357306,0.006725762135456973,65.54163932800293
32,15,0.03251541033387184,0.0515454076230526,-0.006143645383417606,0.6308110039797066,65.54163932800293
32,16,0.0,0.0,0.0,0.0,65.54163932800293
32,17,0.04466305300593376,0.12360832840204239,-0.04804319329559803,0.3613272146218463,65.54163932800293
32,18,0.0014866277342662215,0.0029486259445548058,-0.0007248417241498828,0.504176440727378,65.54163932800293
32,19,0.04289885237812996,0.23282113671302795,-0.131717000156641,0.18425669156843874,65.54163932800293
32,20,0.0010326058836653829,0.013619565404951572,-0.009182068170048296,0.07581782919550044,65.54163932800293
32,21,0.07298149913549423,0.47236427664756775,-0.2812917083501816,0.15450257935104483,65.54163932800293
32,22,0.00213603675365448,0.03535834699869156,-0.02438272349536419,0.060411103315240196,65.54163932800293
32,23,0.012326987460255623,0.3803808391094208,-0.27295864187180996,0.03240696216214303,65.54163932800293
32,24,0.0,0.0,0.0,0.0,65.54163932800293
32,25,0.0018855341477319598,0.01682562753558159,-0.010733686503954232,0.11206322876412836,65.54163932800293
32,26,0.06318546086549759,1.079516887664795,-0.7464522048830986,0.058531238915698204,65.54163932800293
32,27,0.00907184462994337,0.07370024174451828,-0.04620333667844534,0.12309111089849349,65.54163932800293
32,28,0.009291131049394608,0.03198590874671936,-0.014698300510644913,0.2904757567676447,65.54163932800293
32,29,0.0013248955365270376,0.11093340814113617,-0.08187516056932509,0.011943160845013276,65.54163932800293
32,30,0.0,0.006461400538682938,-0.004846050404012203,0.0,65.54163932800293
32,31,0.05286359786987305,0.24072501063346863,-0.12768016010522842,0.21960160155582803,65.54163932800293
32,32,0.0004177092341706157,0.018558131530880928,-0.01350088941399008,0.02250815139730177,65.54163932800293
32,33,0.0013482579961419106,0.0,0.0013482579961419106,1348257996.1419106,65.54163932800293
32,34,0.010164433158934116,0.09161187708377838,-0.05854447465389967,0.1109510413101553,65.54163932800293
32,35,0.0016941606299951673,0.1534545123577118,-0.11339672363828868,0.01104014866656339,65.54163932800293
32,36,0.0,0.0,0.0,0.0,65.54163932800293
32,37,0.0040362817235291,0.08653499186038971,-0.06086496217176318,0.04664334781465454,65.54163932800293
32,38,0.03951999172568321,0.12502504885196686,-0.05424879491329193,0.3160965909492256,65.54163932800293
32,39,0.004692277871072292,0.010646453127264977,-0.00329256197437644,0.44073625408774797,65.54163932800293
32,40,0.003045335877686739,0.05958108976483345,-0.04164048144593835,0.05111245681567032,65.54163932800293
32,41,0.005706652067601681,0.08401544392108917,-0.0573049308732152,0.06792384591687313,65.54163932800293
32,42,0.0032494431361556053,0.02408980019390583,-0.014817907009273767,0.13488875415590834,65.54163932800293
32,43,0.08223595470190048,0.3974320888519287,-0.21583811193704605,0.20691825599500654,65.54163932800293
32,44,0.0009301843238063157,0.03028145432472229,-0.021780906419735402,0.030717954091662617,65.54163932800293
32,45,0.019281314685940742,0.03881210833787918,-0.009827766567468643,0.496786067831984,65.54163932800293
32,46,0.008180050179362297,0.13135764002799988,-0.09033817984163761,0.062273120753055425,65.54163932800293
32,47,7.167948206188157e-05,0.009717416949570179,-0.007216383230115753,0.007376392556426809,65.54163932800293
32,48,0.0,0.0,0.0,0.0,65.54163932800293
32,49,0.0329819954931736,0.08501848578453064,-0.03078186884522438,0.3879391074592254,65.54163932800293
32,50,0.0,0.0,0.0,0.0,65.54163932800293
32,51,0.00672944774851203,0.03600738197565079,-0.02027608873322606,0.18689078125357136,65.54163932800293
32,52,0.0,0.009563141502439976,-0.007172356126829982,0.0,65.54163932800293
32,53,0.007366728503257036,0.2724819779396057,-0.19699475495144725,0.027035654096957563,65.54163932800293
32,54,0.013543747365474701,0.05272193253040314,-0.025997702032327652,0.25689019190272555,65.54163932800293
32,55,0.0009387677418999374,0.04450199380517006,-0.03243772761197761,0.02109495916045407,65.54163932800293
32,56,0.013710534200072289,0.1004735603928566,-0.06164463609457016,0.1364591256279459,65.54163932800293
32,57,0.006393797695636749,0.05496262386441231,-0.03482817020267248,0.1163299210622354,65.54163932800293
32,58,0.04855194315314293,0.0004000006301794201,0.048251942680508364,121.37966635198877,65.54163932800293
32,59,0.033641744405031204,0.1464264839887619,-0.07617811858654022,0.22975177364351262,65.54163932800293
32,60,0.019218608736991882,0.0005556853720918298,0.01880184470792301,34.58541409873661,65.54163932800293
32,61,0.01837979070842266,0.04989209026098251,-0.019039276987314224,0.3683908734212316,65.54163932800293
32,62,0.0,0.0,0.0,0.0,65.54163932800293
32,63,0.7655474543571472,0.6292054653167725,0.29364335536956787,1.216689136624897,65.54163932800293
32,64,0.0179998017847538,0.32675933837890625,-0.2270697019994259,0.05508580680202736,65.54163932800293
32,65,0.02734161913394928,0.0,0.02734161913394928,27341619133.94928,65.54163932800293
32,66,0.0,0.0,0.0,0.0,65.54163932800293
32,67,0.0015835794620215893,0.04421791806817055,-0.03157985908910632,0.035813071514230486,65.54163932800293
32,68,0.003275152062997222,0.004501078277826309,-0.00010065664537250996,0.7276372149322501,65.54163932800293
32,69,0.024526041001081467,0.0038029481656849384,0.021673829876817763,6.449217797901522,65.54163932800293
32,70,0.002492170548066497,0.009737272746860981,-0.004810784012079239,0.2559413310686979,65.54163932800293
32,71,0.0220777690410614,0.33787214756011963,-0.23132634162902832,0.06534356027990626,65.54163932800293
32,72,0.0005288727697916329,0.3303423225879669,-0.24722786917118356,0.0016009839903247587,65.54163932800293
32,73,4.516008993959986e-05,0.10037443786859512,-0.07523566831150674,0.0004499162426022363,65.54163932800293
32,74,5.96298193045186e-08,0.0006175996386446059,-0.0004631400991641499,9.655092956147487e-05,65.54163932800293
32,75,0.004985557869076729,0.15934406220912933,-0.11452248878777027,0.03128800533842423,65.54163932800293
32,76,0.012129342183470726,0.07365773618221283,-0.043113959953188896,0.16467166671129782,65.54163932800293
32,77,0.0,0.0,0.0,0.0,65.54163932800293
32,78,0.0002741279895417392,0.32667234539985657,-0.2447301310603507,0.000839152727193235,65.54163932800293
32,79,0.0,0.0017405336257070303,-0.0013054002192802727,0.0,65.54163932800293
32,80,0.013080061413347721,0.10404080897569656,-0.0649505453184247,0.12572048931566304,65.54163932800293
32,81,0.007583552971482277,0.02632206305861473,-0.012157994322478771,0.28810632944336073,65.54163932800293
32,82,0.0,0.0,0.0,0.0,65.54163932800293
32,83,0.0027557711582630873,0.0048565855249762535,-0.0008866679854691029,0.5674297597609241,65.54163932800293
32,84,0.00022888468811288476,0.03034205548465252,-0.022527656925376505,0.007543479980158718,65.54163932800293
32,85,0.0028992861043661833,0.02422255463898182,-0.015267629874870181,0.11969365525057434,65.54163932800293
32,86,0.03727968409657478,0.05483134463429451,-0.003843824379146099,0.6798973168456304,65.54163932800293
32,87,0.04626263678073883,0.4107382893562317,-0.26179108023643494,0.11263288078921417,65.54163932800293
32,88,0.00020425385446287692,0.0014384036185219884,-0.0008745488594286144,0.1420003757573655,65.54163932800293
32,89,0.009904047474265099,0.13601285219192505,-0.09210559166967869,0.07281699717771432,65.54163932800293
32,90,0.042660683393478394,0.037936143577098846,0.014208575710654259,1.1245392749437795,65.54163932800293
32,91,0.0,0.00045540547580458224,-0.0003415541068534367,0.0,65.54163932800293
32,92,0.20935854315757751,2.057405710220337,-1.3336957395076752,0.10175851175947917,65.54163932800293
32,93,0.02272132970392704,0.15950022637844086,-0.0969038400799036,0.14245327558265933,65.54163932800293
32,94,0.0069942716509103775,0.1499222069978714,-0.10544738359749317,0.0466526726821933,65.54163932800293
32,95,0.04362190514802933,1.2422988414764404,-0.888102225959301,0.03511385802803349,65.54163932800293
32,96,0.0024349845480173826,0.007712581194937229,-0.0033494513481855392,0.3157159044627062,65.54163932800293
32,97,0.018977291882038116,0.030642148107290268,-0.0040043191984295845,0.6193198928146878,65.54163932800293
32,98,0.0017501626862213016,0.030814016237854958,-0.021360349492169917,0.05679761679408842,65.54163932800293
32,99,0.052957795560359955,0.012065491639077663,0.04390867683105171,4.389194998440948,65.54163932800293
32,100,0.0006063585169613361,0.0,0.0006063585169613361,606358516.9613361,65.54163932800293
32,101,0.00023121724370867014,0.0,0.00023121724370867014,231217243.70867014,65.54163932800293
32,102,0.008746625855565071,0.3197646737098694,-0.23107687942683697,0.027353321284870117,65.54163932800293
32,103,0.8890579342842102,0.0187951922416687,0.8749615401029587,47.3024123831986,65.54163932800293
32,104,0.0177654717117548,0.09444890916347504,-0.05307121016085148,0.18809610263277562,65.54163932800293
32,105,0.00432581827044487,0.002308081602677703,0.002594757068436593,1.874205081636672,65.54163932800293
32,106,0.0007927787955850363,0.00040011023520492017,0.0004926961191813461,1.9814009336642096,65.54163932800293
32,107,0.020628394559025764,0.0,0.020628394559025764,20628394559.025764,65.54163932800293
32,108,0.0029053075704723597,0.017094874754548073,-0.009915848495438695,0.16995196583873504,65.54163932800293
32,109,0.0010924064554274082,0.008288689889013767,-0.005124110961332917,0.1317948276414035,65.54163932800293
32,110,0.04514504596590996,0.43701034784317017,-0.28261271491646767,0.1033042951697058,65.54163932800293
32,111,0.06949961185455322,0.1574621945619583,-0.04859703406691551,0.44137332168811544,65.54163932800293
32,112,0.010276581160724163,0.04041391983628273,-0.020033858716487885,0.25428320742210686,65.54163932800293
32,113,0.0045120553113520145,0.0386778749525547,-0.024496350903064013,0.1166572702551574,65.54163932800293
32,114,0.007063638884574175,0.09707343578338623,-0.0657414379529655,0.0727659305297848,65.54163932800293
32,115,0.01968953013420105,0.033330079168081284,-0.005308029241859913,0.5907435753247801,65.54163932800293
32,116,0.015547382645308971,0.009529356844723225,0.008400365011766553,1.6315248654253762,65.54163932800293
32,117,0.00328153558075428,0.0,0.00328153558075428,3281535580.75428,65.54163932800293
32,118,0.0629744827747345,1.0055376291275024,-0.6911787390708923,0.06262767394325597,65.54163932800293
32,119,0.059465233236551285,0.05080300197005272,0.021362981759011745,1.1705062876094263,65.54163932800293
32,120,0.007479322608560324,0.2077648937702179,-0.1483443477191031,0.035998972072713326,65.54163932800293
32,121,0.010415032505989075,2.964630126953125,-2.2130575627088547,0.003513096764178649,65.54163932800293
32,122,0.04573839157819748,0.08826406300067902,-0.020459655672311783,0.518199480317685,65.54163932800293
32,123,0.22151537239551544,0.24610480666160583,0.036936767399311066,0.9000855180337825,65.54163932800293
32,124,0.0,0.0,0.0,0.0,65.54163932800293
32,125,0.00175245082937181,0.07915306091308594,-0.05761234485544264,0.02214002603479794,65.54163932800293
32,126,0.007293029222637415,0.07544638216495514,-0.04929175740107894,0.09666506217084539,65.54163932800293
32,127,0.0004884205409325659,0.22283725440502167,-0.16663952026283368,0.0021918262376480237,65.54163932800293
32,128,0.00168170768301934,0.005923184100538492,-0.002760680392384529,0.28391953621406635,65.54163932800293
32,129,0.0003112073172815144,0.0,0.0003112073172815144,311207317.2815144,65.54163932800293
32,130,0.019158560782670975,0.07234271615743637,-0.0350984763354063,0.264830542728202,65.54163932800293
32,131,0.003088800935074687,0.013403854332864285,-0.006964089814573526,0.2304412490719896,65.54163932800293
32,132,0.0007484469679184258,0.011442886665463448,-0.00783371803117916,0.0654071817482871,65.54163932800293
32,133,0.29862675070762634,0.11759353429079056,0.21043159998953342,2.539482740323369,65.54163932800293
32,134,0.006496978923678398,0.06207553669810295,-0.040059673599898815,0.10466246881071728,65.54163932800293
32,135,0.011229143477976322,0.05124730244278908,-0.027206333354115486,0.2191167718592228,65.54163932800293
32,136,0.0,0.08607001602649689,-0.06455251201987267,0.0,65.54163932800293
32,137,0.016436787322163582,0.009458959102630615,0.00934256799519062,1.7376951461662076,65.54163932800293
32,138,0.0,0.10744199901819229,-0.08058149926364422,0.0,65.54163932800293
32,139,0.03429800271987915,0.09231024235486984,-0.03493467904627323,0.37155143182979844,65.54163932800293
32,140,0.0038323095068335533,0.009084594435989857,-0.0029811363201588392,0.4218470657566716,65.54163932800293
32,141,0.000161552190547809,0.02709057182073593,-0.02015637667500414,0.005963410134377036,65.54163932800293
32,142,0.011428828351199627,0.5892660021781921,-0.4305206732824445,0.019395024163848147,65.54163932800293
32,143,0.004947844427078962,0.027196520939469337,-0.01544954627752304,0.18192931507339985,65.54163932800293
32,144,0.0,0.005721006076782942,-0.004290754557587206,0.0,65.54163932800293
32,145,0.006772148888558149,0.7309706807136536,-0.541455861646682,0.009264597154481179,65.54163932800293
32,146,0.26246362924575806,1.0092101097106934,-0.49444395303726196,0.2600683710161579,65.54163932800293
32,147,0.0013504769885912538,1.3720860481262207,-1.0277140591060743,0.00098425094434459,65.54163932800293
32,148,0.005054817069321871,0.010171600617468357,-0.002573883393779397,0.49695394647563607,65.54163932800293
32,149,0.005641094874590635,0.027103612199425697,-0.014686614274978638,0.20813074039267854,65.54163932800293
32,150,0.03313927352428436,0.07862049341201782,-0.025826096534729004,0.4215093557120468,65.54163932800293
32,151,0.0,0.01193386409431696,-0.00895039807073772,0.0,65.54163932800293
32,152,0.00541476858779788,0.00015288360009435564,0.0053001058877271134,35.417589257699596,65.54163932800293
32,153,0.006542738061398268,0.046094607561826706,-0.02802821760997176,0.14194150698605149,65.54163932800293
32,154,0.0008440939127467573,0.02487228624522686,-0.017810120771173388,0.03393712602012237,65.54163932800293
32,155,0.0005193476099520922,0.03805597871541977,-0.028022636426612735,0.013646938732599527,65.54163932800293
32,156,0.0,0.0,0.0,0.0,65.54163932800293
32,157,0.9443052411079407,0.011440474539995193,0.9357248852029443,82.54074057192007,65.54163932800293
32,158,0.0060886661522090435,0.05237703025341034,-0.03319410653784871,0.11624687620956431,65.54163932800293
32,159,0.0014576094690710306,0.008679662831127644,-0.005052137654274702,0.16793388144937044,65.54163932800293
32,160,0.024714229628443718,0.6056160926818848,-0.42949783988296986,0.040808409695586946,65.54163932800293
32,161,0.00031281993142329156,0.025576647371053696,-0.01886966559686698,0.01223068554970555,65.54163932800293
32,162,0.0615944005548954,0.056424807757139206,0.019275794737040997,1.0916191477145172,65.54163932800293
32,163,0.001069644815288484,0.011094680987298489,-0.007251365925185382,0.09641059679107797,65.54163932800293
32,164,0.00043547048699110746,0.009815766476094723,-0.006926354370079935,0.04436438947557341,65.54163932800293
32,165,0.0023182982113212347,0.010239740833640099,-0.005361507413908839,0.2264020397350923,65.54163932800293
32,166,0.0661666989326477,0.11856205016374588,-0.022754838690161705,0.5580765416986877,65.54163932800293
32,167,0.009297262877225876,0.033771175891160965,-0.016031119041144848,0.27530172200441433,65.54163932800293
32,168,0.0,1.4089083671569824,-1.0566812753677368,0.0,65.54163932800293
32,169,0.1729876697063446,0.1020125076174736,0.0964782889932394,1.6957496070316969,65.54163932800293
32,170,0.019780993461608887,0.3255794644355774,-0.22440360486507416,0.06075626881394483,65.54163932800293
32,171,0.10832249373197556,0.03984687477350235,0.07843733765184879,2.718468997756635,65.54163932800293
32,172,0.0023745133075863123,0.028658829629421234,-0.019119608914479613,0.08285451074616725,65.54163932800293
32,173,0.021374210715293884,0.06011028215289116,-0.023708500899374485,0.35558327043903676,65.54163932800293
32,174,0.013990896753966808,0.025046424940228462,-0.004793921951204538,0.5585985539571617,65.54163932800293
32,175,0.03640555217862129,0.7008284330368042,-0.48921577259898186,0.05194645431381563,65.54163932800293
32,176,0.1038317009806633,0.0955834910273552,0.032144082710146904,1.0862932485889352,65.54163932800293
32,177,0.09390069544315338,0.26755690574645996,-0.10676698386669159,0.35095597768567344,65.54163932800293
32,178,0.00808665156364441,0.11747416853904724,-0.08001897484064102,0.0688376999313483,65.54163932800293
32,179,0.0014560988638550043,0.0,0.0014560988638550043,1456098863.8550043,65.54163932800293
32,180,0.012196085415780544,0.012478144839406013,0.002837476786226034,0.9773957244259482,65.54163932800293
32,181,0.0009309428278356791,0.044372040778398514,-0.032348087755963206,0.02098039241566519,65.54163932800293
32,182,0.0,0.0,0.0,0.0,65.54163932800293
32,183,0.024584325030446053,0.036803409457206726,-0.003018232062458992,0.6679904224189761,65.54163932800293
32,184,0.01905917190015316,0.13178087770938873,-0.07977648638188839,0.14462775048470222,65.54163932800293
32,185,0.00039441828266717494,0.03608090430498123,-0.02666625994606875,0.010931496597821999,65.54163932800293
32,186,0.0010560067603364587,0.0005322004435583949,0.0006568564276676625,1.9842275051324012,65.54163932800293
32,187,0.028109189122915268,0.0,0.028109189122915268,28109189122.915268,65.54163932800293
32,188,0.0,0.03791041299700737,-0.028432809747755527,0.0,65.54163932800293
32,189,0.1335543394088745,1.408818006515503,-0.9230591654777527,0.09479885889527069,65.54163932800293
32,190,0.009744119830429554,0.017274921759963036,-0.0032120714895427227,0.5640615896998623,65.54163932800293
32,191,0.002637412864714861,0.0028295591473579407,0.0005152435041964054,0.9320932083167137,65.54163932800293
32,192,0.004406529478728771,0.012882893905043602,-0.00525564095005393,0.3420450025332885,65.54163932800293
32,193,0.01052881684154272,0.06751427054405212,-0.04010688606649637,0.15594950158747348,65.54163932800293
32,194,0.0005759867490269244,0.023530490696430206,-0.01707188127329573,0.02447831438933097,65.54163932800293
32,195,0.0,0.0006143032805994153,-0.0004607274604495615,0.0,65.54163932800293
32,196,0.0016031998675316572,0.026896825060248375,-0.018569418927654624,0.059605543177713896,65.54163932800293
32,197,0.004689738620072603,0.0438060462474823,-0.02816479606553912,0.10705687962503768,65.54163932800293
32,198,0.010961232706904411,0.07476706802845001,-0.0451140683144331,0.14660508959087293,65.54163932800293
32,199,0.004938407801091671,0.06737362593412399,-0.045591811649501324,0.07329882773189328,65.54163932800293
32,200,0.10766228288412094,0.0716792494058609,0.053902845829725266,1.5020007013887042,65.54163932800293
32,201,0.00988849624991417,0.20465412735939026,-0.14360209926962852,0.04831808855973278,65.54163932800293
32,202,0.0012928867945447564,0.06444387137889862,-0.04704001673962921,0.020062214867929775,65.54163932800293
32,203,0.005789708346128464,0.02451373264193535,-0.012595591135323048,0.23618224243777128,65.54163932800293
32,204,0.03329671174287796,0.2598861753940582,-0.1616179198026657,0.12812036535711435,65.54163932800293
32,205,0.32965174317359924,2.2807483673095703,-1.3809095323085785,0.14453665643190633,65.54163932800293
32,206,0.0,0.019570766016840935,-0.014678074512630701,0.0,65.54163932800293
32,207,0.0,0.1728595644235611,-0.12964467331767082,0.0,65.54163932800293
32,208,0.014680227264761925,0.06477217376232147,-0.03389890305697918,0.22664404190607684,65.54163932800293
32,209,0.0001602513511897996,0.0848710760474205,-0.06349305568437558,0.0018881739062477925,65.54163932800293
32,210,0.1327529400587082,0.03433211147785187,0.10700385645031929,3.8667280962454718,65.54163932800293
32,211,0.08918867260217667,0.0,0.08918867260217667,89188672602.17667,65.54163932800293
32,212,0.031616609543561935,0.1906002014875412,-0.11133354157209396,0.16587920315216828,65.54163932800293
32,213,0.03654980659484863,0.14010466635227203,-0.06852869316935539,0.2608750125616001,65.54163932800293
32,214,0.0,0.0,0.0,0.0,65.54163932800293
32,215,0.006138259079307318,0.16372641921043396,-0.11665655532851815,0.0374909505067747,65.54163932800293
32,216,0.0004172839398961514,0.06520050764083862,-0.048483096790732816,0.006400010597898838,65.54163932800293
32,217,0.0026924540288746357,0.034176845103502274,-0.02294017979875207,0.07878006353839682,65.54163932800293
32,218,0.0004205044242553413,0.052003175020217896,-0.03858187684090808,0.008086129819646024,65.54163932800293
32,219,0.001091686775907874,0.015180534683167934,-0.010293714236468077,0.07191359188727488,65.54163932800293
32,220,0.0,0.0,0.0,0.0,65.54163932800293
32,221,0.020627545192837715,0.2472619116306305,-0.16481888853013515,0.08342386846692557,65.54163932800293
32,222,0.010623684152960777,0.23869310319423676,-0.1683961432427168,0.04450771308742522,65.54163932800293
32,223,0.0,0.0,0.0,0.0,65.54163932800293
32,224,0.013784647919237614,0.06379739940166473,-0.03406340163201094,0.21606911956135075,65.54163932800293
32,225,0.007169249001890421,0.043313417583703995,-0.025315814185887575,0.165520279896413,65.54163932800293
32,226,0.0019408788066357374,0.012664119713008404,-0.007557210978120565,0.15325809061081727,65.54163932800293
32,227,0.0005189235089346766,2.4536921977996826,-1.8397502248408273,0.00021148679911840745,65.54163932800293
32,228,0.00291043589822948,0.13920041918754578,-0.10148987849242985,0.02090824090326423,65.54163932800293
32,229,0.021177779883146286,0.891865074634552,-0.6477210260927677,0.023745497480995414,65.54163932800293
32,230,0.05138296261429787,0.08396835625171661,-0.011593304574489594,0.6119324577422043,65.54163932800293
32,231,0.022897090762853622,0.023170145228505135,0.0055194818414747715,0.9882152457851753,65.54163932800293
32,232,0.0,0.04673529043793678,-0.03505146782845259,0.0,65.54163932800293
32,233,0.00911764893680811,0.0359761044383049,-0.017864429391920567,0.2534362482794781,65.54163932800293
32,234,0.0629364624619484,0.01308645959943533,0.0531216177623719,4.809281072464762,65.54163932800293
32,235,0.0,1.3121654774295166e-05,-9.841241080721375e-06,0.0,65.54163932800293
32,236,0.004150547087192535,0.15262152254581451,-0.11031559482216835,0.02719503132934225,65.54163932800293
32,237,1.2292360067367554,3.4256818294525146,-1.3400253653526306,0.358829590117787,65.54163932800293
32,238,0.02326948009431362,0.9498593807220459,-0.6891250554472208,0.02449781574679041,65.54163932800293
32,239,0.0058988844975829124,0.052977584302425385,-0.033834303729236126,0.1113468002579632,65.54163932800293
32,240,0.04482496157288551,0.6246998310089111,-0.42369991168379784,0.07175440002988306,65.54163932800293
32,241,0.0,0.006372055970132351,-0.004779041977599263,0.0,65.54163932800293
32,242,0.015467747114598751,0.08759863674640656,-0.050231230445206165,0.17657520355254488,65.54163932800293
32,243,0.005721460096538067,0.05988633632659912,-0.039193292148411274,0.09553865618427027,65.54163932800293
32,244,0.0,0.4142761528491974,-0.31070711463689804,0.0,65.54163932800293
32,245,0.07124803215265274,0.0,0.07124803215265274,71248032152.65274,65.54163932800293
32,246,0.026961708441376686,1.216233491897583,-0.8852134104818106,0.022168200942475704,65.54163932800293
32,247,0.006008706521242857,0.05166568607091904,-0.03274055803194642,0.11629975285489659,65.54163932800293
32,248,0.0,0.0030954300891608,-0.0023215725668706,0.0,65.54163932800293
32,249,0.0021092279348522425,0.014272833243012428,-0.008595396997407079,0.14777920394586555,65.54163932800293
32,250,0.022339150309562683,0.022534174844622612,0.005438519176095724,0.9913453881761367,65.54163932800293
32,251,0.05703325197100639,0.1087506115436554,-0.024529706686735153,0.524440747145475,65.54163932800293
32,252,0.002659234218299389,0.018709339201450348,-0.011372770182788372,0.14213405345449673,65.54163932800293
32,253,0.0038529217708855867,0.03394654765725136,-0.021606988972052932,0.11349966452182246,65.54163932800293
32,254,0.03237263485789299,0.15002204477787018,-0.08014389872550964,0.21578585270991124,65.54163932800293
32,255,0.0,0.0,0.0,0.0,65.54163932800293
33,0,0.0014177312841638923,0.009020793251693249,-0.005347863654606044,0.1571625958438427,65.5622878074646
33,1,0.010164559818804264,2.6901326179504395,-2.0074349036440253,0.0037784604933509443,65.5622878074646
33,2,0.0015256862388923764,0.1491335779428482,-0.11032449721824378,0.010230333503208969,65.5622878074646
33,3,0.001925008138641715,0.03008219413459301,-0.020636637462303042,0.06399161344298557,65.5622878074646
33,4,0.007303963415324688,0.048810139298439026,-0.02930364105850458,0.14964029031993836,65.5622878074646
33,5,0.023210208863019943,0.1387910395860672,-0.08088307082653046,0.16723132078320935,65.5622878074646
33,6,0.006062655709683895,0.024345114827156067,-0.012196180410683155,0.24902966169920052,65.5622878074646
33,7,0.012846567668020725,0.09745313972234726,-0.06024328712373972,0.1318230249378309,65.5622878074646
33,8,0.009716615080833435,0.003213252406567335,0.007306675775907934,3.0239190229657735,65.5622878074646
33,9,0.002539395121857524,0.22771650552749634,-0.16824798402376473,0.011151563721584271,65.5622878074646
33,10,0.015078400261700153,0.4525855481624603,-0.3243607608601451,0.03331613287893649,65.5622878074646
33,11,0.012982337735593319,2.9123160857125185e-05,0.012960495364950475,445.77363540686775,65.5622878074646
33,12,0.003294495865702629,0.09829650819301605,-0.07042788527905941,0.033515899254529025,65.5622878074646
33,13,0.015080704353749752,0.17376990616321564,-0.11524672526866198,0.08678547791525086,65.5622878074646
33,14,0.0010367919458076358,0.07434303313493729,-0.05472048290539533,0.013946053881227135,65.5622878074646
33,15,0.027574483305215836,0.15698885917663574,-0.09016716107726097,0.17564611558846227,65.5622878074646
33,16,0.005957574583590031,0.23474998772144318,-0.17010491620749235,0.0253783808101152,65.5622878074646
33,17,0.010668761096894741,0.05123503878712654,-0.027757517993450165,0.2082317365077739,65.5622878074646
33,18,0.09301640838384628,0.0991547703742981,0.01865033060312271,0.9380931248368759,65.5622878074646
33,19,0.015421240590512753,0.006750729400664568,0.010358193540014327,2.2843813865076927,65.5622878074646
33,20,0.005671070888638496,0.06157480180263519,-0.0405100304633379,0.0921005138875444,65.5622878074646
33,21,0.0127175347879529,0.003208050038665533,0.01031149725895375,3.9642569881107006,65.5622878074646
33,22,0.016483604907989502,0.01177477091550827,0.007652526721358299,1.3999087561762606,65.5622878074646
33,23,0.006481733173131943,0.5685967803001404,-0.41996585205197334,0.011399524931708347,65.5622878074646
33,24,0.0,0.17131875455379486,-0.12848906591534615,0.0,65.5622878074646
33,25,0.0033371972385793924,0.0,0.0033371972385793924,3337197238.5793924,65.5622878074646
33,26,0.12571394443511963,0.7598652243614197,-0.44418497383594513,0.16544242374113444,65.5622878074646
33,27,0.011282235383987427,0.04773760959506035,-0.024520971812307835,0.2363385070901941,65.5622878074646
33,28,0.32107967138290405,0.21710802614688873,0.1582486517727375,1.478893604625157,65.5622878074646
33,29,0.019139325246214867,0.022642824798822403,0.0021572066470980644,0.8452710920752691,65.5622878074646
33,30,0.008247442543506622,0.044469937682151794,-0.025105010718107224,0.18546107714990814,65.5622878074646
33,31,0.0016652407357469201,0.008553322404623032,-0.004749751067720354,0.1946893448856991,65.5622878074646
33,32,0.0023052829783409834,0.18806695938110352,-0.13874493655748665,0.012257777686814426,65.5622878074646
33,33,0.0061527215875685215,0.04001900553703308,-0.02386153256520629,0.1537449895330639,65.5622878074646
33,34,0.0,0.0,0.0,0.0,65.5622878074646
33,35,0.020496834069490433,0.003531357506290078,0.017848315939772874,5.804236480497116,65.5622878074646
33,36,0.013600361533463001,0.06203191727399826,-0.032923576422035694,0.21924780227524224,65.5622878074646
33,37,0.005581961479038,0.03260323777794838,-0.018870466854423285,0.17120880806022962,65.5622878074646
33,38,0.0065315659157931805,0.02060319297015667,-0.008920828811824322,0.31701716937452423,65.5622878074646
33,39,0.002081792103126645,0.017927920445799828,-0.011364148231223226,0.11612011048934845,65.5622878074646
33,40,0.015043012797832489,0.08548535406589508,-0.04907100275158882,0.1759718136753676,65.5622878074646
33,41,0.0004948206478729844,0.015784354880452156,-0.011343445512466133,0.03134880402710897,65.5622878074646
33,42,0.09594113379716873,0.3141656816005707,-0.13968312740325928,0.3053838767750662,65.5622878074646
33,43,0.0014271157560870051,0.028997918590903282,-0.020321323187090456,0.04921442039241673,65.5622878074646
33,44,0.05573948100209236,0.00332920765504241,0.053242575260810554,16.74256662870726,65.5622878074646
33,45,0.024785591289401054,0.020959172397851944,0.009066211991012096,1.1825653617295837,65.5622878074646
33,46,0.00043587599066086113,0.002874355297535658,-0.0017198904824908823,0.1516430452710277,65.5622878074646
33,47,0.08830157667398453,1.2235265970230103,-0.8293433710932732,0.07216972388566041,65.5622878074646
33,48,0.02521512471139431,0.08781922608613968,-0.04064929485321045,0.2871253350191711,65.5622878074646
33,49,0.0018981073517352343,0.05865320563316345,-0.042091796873137355,0.03236152792013217,65.5622878074646
33,50,0.08592820912599564,0.850780725479126,-0.5521573349833488,0.10099924287483508,65.5622878074646
33,51,0.011206580325961113,0.19789771735668182,-0.13721670769155025,0.05662814344496079,65.5622878074646
33,52,0.013475594110786915,0.0009217472397722304,0.012784283680957742,14.619619690423159,65.5622878074646
33,53,3.7709574826294556e-05,0.009693079628050327,-0.007232100146211451,0.003890360573669312,65.5622878074646
33,54,0.12319526076316833,0.04739818722009659,0.0876466203480959,2.5991555370779036,65.5622878074646
33,55,0.022915106266736984,0.01725466363132,0.009974108543246984,1.3280529110874302,65.5622878074646
33,56,0.014855217188596725,0.09645365178585052,-0.05748502165079117,0.15401404626363693,65.5622878074646
33,57,0.03174714371562004,0.027683982625603676,0.010984156746417284,1.1467693844422429,65.5622878074646
33,58,0.0027398106176406145,0.16334320604801178,-0.11976759391836822,0.01677333685258096,65.5622878074646
33,59,0.051642321050167084,0.20473913848400116,-0.10191203281283379,0.25223472870064023,65.5622878074646
33,60,0.0024764402769505978,2.4222406409535324e-06,0.0024746235964698826,1022.3754042869685,65.5622878074646
33,61,0.0017323463689535856,0.04354801028966904,-0.030928661348298192,0.0397801497104168,65.5622878074646
33,62,0.0,0.0,0.0,0.0,65.5622878074646
33,63,0.0010780923767015338,0.008974510245025158,-0.005652790307067335,0.12012826852351353,65.5622878074646
33,64,0.0,0.0,0.0,0.0,65.5622878074646
33,65,0.01788841001689434,0.00431827874854207,0.014649700955487788,4.142486174333073,65.5622878074646
33,66,0.015716223046183586,0.3690897524356842,-0.26110109128057957,0.0425810333189341,65.5622878074646
33,67,0.00022087155957706273,0.002697694581001997,-0.001802399376174435,0.08187419029961163,65.5622878074646
33,68,0.0,0.0,0.0,0.0,65.5622878074646
33,69,0.07328885048627853,0.037328723818063736,0.04529230762273073,1.9633366209227332,65.5622878074646
33,70,0.01226054411381483,0.11382453143596649,-0.07310785446316004,0.10771442639853473,65.5622878074646
33,71,0.0020134684164077044,0.016978077590465546,-0.010720089776441455,0.11859224965609914,65.5622878074646
33,72,0.029767535626888275,0.01791299507021904,0.016332789324223995,1.6617843921989366,65.5622878074646
33,73,0.028725415468215942,0.0,0.028725415468215942,28725415468.215942,65.5622878074646
33,74,0.2321929782629013,3.5466073313727975e-05,0.232166378707916,6546.903844190772,65.5622878074646
33,75,0.008219154551625252,0.03253180533647537,-0.016179699450731277,0.252649813509031,65.5622878074646
33,76,0.025510137900710106,0.03254672884941101,0.0011000912636518478,0.7838003634085013,65.5622878074646
33,77,0.0019178688526153564,0.007870817556977272,-0.003985244315117598,0.24366831507503917,65.5622878074646
33,78,0.00031590339494869113,0.0,0.00031590339494869113,315903394.9486911,65.5622878074646
33,79,0.0018288600258529186,0.43732357025146484,-0.3261638176627457,0.004181937929385161,65.5622878074646
33,80,0.021630387753248215,0.0944509208202362,-0.04920780286192894,0.22901193090734664,65.5622878074646
33,81,0.002784361597150564,0.2398960143327713,-0.1771376491524279,0.011606535460304213,65.5622878074646
33,82,0.017530834302306175,0.14919614791870117,-0.0943662766367197,0.11750192311762259,65.5622878074646
33,83,0.0,0.0,0.0,0.0,65.5622878074646
33,84,0.011945962905883789,0.020539825782179832,-0.0034589064307510853,0.5816000112165702,65.5622878074646
33,85,0.00546484487131238,0.02467397041618824,-0.0130406329408288,0.22148218462260502,65.5622878074646
33,86,0.012990741990506649,0.19304481148719788,-0.13179286662489176,0.06729391942917284,65.5622878074646
33,87,0.0016371359815821052,0.08978519588708878,-0.06570176093373448,0.018233918914903134,65.5622878074646
33,88,0.016863100230693817,0.03308432549238205,-0.00795014388859272,0.509700590210521,65.5622878074646
33,89,0.023857591673731804,0.008901264518499374,0.017181643284857273,2.680247466128959,65.5622878074646
33,90,0.07437290996313095,0.05109473317861557,0.03605186007916927,1.4555885770395274,65.5622878074646
33,91,0.0023250114172697067,0.02911851741373539,-0.019513876643031836,0.07984649026440947,65.5622878074646
33,92,0.005063793156296015,0.1776294857263565,-0.12815832113847136,0.02850761592626818,65.5622878074646
33,93,0.0032658581621944904,0.05615706369280815,-0.03885193960741162,0.0581557857084786,65.5622878074646
33,94,0.0071283141151070595,0.02984382025897503,-0.015254551079124212,0.23885394205604374,65.5622878074646
33,95,0.005778816062957048,0.0,0.005778816062957048,5778816062.957048,65.5622878074646
33,96,0.0024355959612876177,0.03677932545542717,-0.02514889813028276,0.06622187685777686,65.5622878074646
33,97,0.013063924387097359,0.0,0.013063924387097359,13063924387.097359,65.5622878074646
33,98,0.011299006640911102,0.0014610359212383628,0.01020322969998233,7.7335584080647335,65.5622878074646
33,99,0.011492148973047733,0.08070636540651321,-0.04903762508183718,0.1423945795975331,65.5622878074646
33,100,0.001521328929811716,0.2865854799747467,-0.2134177810512483,0.005308464790122877,65.5622878074646
33,101,0.04184157773852348,0.2957897484302521,-0.18000073358416557,0.1414571598929108,65.5622878074646
33,102,0.0,0.11579229682683945,-0.08684422262012959,0.0,65.5622878074646
33,103,0.0006294392514973879,0.042781904339790344,-0.03145698900334537,0.01471274505415716,65.5622878074646
33,104,0.0016501883510500193,0.059066250920295715,-0.04264949983917177,0.02793792267684051,65.5622878074646
33,105,0.024032283574342728,0.8026386499404907,-0.5779467038810253,0.02994159772407495,65.5622878074646
33,106,0.06446564197540283,0.5062630772590637,-0.31523166596889496,0.1273362504022534,65.5622878074646
33,107,0.020604802295565605,0.02644604817032814,0.0007702661678195,0.7791259458532105,65.5622878074646
33,108,0.0027191282715648413,0.04330386221408844,-0.02975876838900149,0.06279181884652799,65.5622878074646
33,109,0.008029300719499588,0.10138630121946335,-0.06801042519509792,0.0791951242213676,65.5622878074646
33,110,0.0,0.0,0.0,0.0,65.5622878074646
33,111,0.012040185742080212,0.0038662164006382227,0.009140523441601545,3.114203782534897,65.5622878074646
33,112,0.030518775805830956,0.046655625104904175,-0.004472943022847176,0.6541285372676073,65.5622878074646
33,113,0.0,0.0055460697039961815,-0.004159552277997136,0.0,65.5622878074646
33,114,0.031037254258990288,0.22123625874519348,-0.13488993979990482,0.14029008822914885,65.5622878074646
33,115,0.00031912405393086374,0.007190881296992302,-0.005074036918813363,0.044378990655841215,65.5622878074646
33,116,0.009015585295855999,0.11985629796981812,-0.08087663818150759,0.07521995463309787,65.5622878074646
33,117,0.0,0.0,0.0,0.0,65.5622878074646
33,118,0.0318090096116066,0.03068900853395462,0.008792253211140633,1.0364951860656009,65.5622878074646
33,119,0.00603561382740736,0.026141038164496422,-0.013570164795964956,0.2308865389812166,65.5622878074646
33,120,0.01978304050862789,0.022213902324438095,0.0031226137652993202,0.8905702482527567,65.5622878074646
33,121,0.0,0.0,0.0,0.0,65.5622878074646
33,122,0.14092625677585602,0.056807778775691986,0.09832042269408703,2.480756329689087,65.5622878074646
33,123,0.06448283046483994,0.2565549314022064,-0.12793336808681488,0.2513412239326538,65.5622878074646
33,124,0.007585487794131041,0.026149839162826538,-0.012026891577988863,0.2900777992020754,65.5622878074646
33,125,0.06556522846221924,0.5459050536155701,-0.3438635617494583,0.12010372138498392,65.5622878074646
33,126,0.02314009889960289,0.009491090662777424,0.016021780902519822,2.438086382202275,65.5622878074646
33,127,0.008093498647212982,0.1202114149928093,-0.08206506259739399,0.06732720555389674,65.5622878074646
33,128,0.30210357904434204,0.39702853560447693,0.0043321773409843445,0.7609115011938063,65.5622878074646
33,129,0.0017376728355884552,0.02338176965713501,-0.015798654407262802,0.07431742169198396,65.5622878074646
33,130,0.0,0.019111348316073418,-0.014333511237055063,0.0,65.5622878074646
33,131,0.017058763653039932,0.378279447555542,-0.26665082201361656,0.04509566608291648,65.5622878074646
33,132,0.0011961761629208922,0.0043116076849401,-0.0020375296007841825,0.2774315870206727,65.5622878074646
33,133,0.002314317738637328,0.017389362677931786,-0.010727704269811511,0.13308812872373163,65.5622878074646
33,134,0.0029621657449752092,0.05332449823617935,-0.037031207932159305,0.055549809991646645,65.5622878074646
33,135,0.004929026588797569,0.005085040349513292,0.0011152463266626,0.9693190710472975,65.5622878074646
33,136,0.4444638788700104,1.2632864713668823,-0.5030009746551514,0.35183142457683914,65.5622878074646
33,137,0.022900432348251343,0.016914544627070427,0.010214523877948523,1.353889971725699,65.5622878074646
33,138,0.009509031660854816,0.00520278187468648,0.005606945254839957,1.8276821685130034,65.5622878074646
33,139,0.019757410511374474,0.009131338447332382,0.012908906675875187,2.1636927185611747,65.5622878074646
33,140,0.005670186597853899,0.055036451667547226,-0.03560715215280652,0.10302602050005258,65.5622878074646
33,141,0.007442202884703875,0.7278059720993042,-0.5384122761897743,0.01022553148777709,65.5622878074646
33,142,0.06748335808515549,1.414413332939148,-0.9933266416192055,0.04771120047693378,65.5622878074646
33,143,0.00017415298498235643,0.0023898594081401825,-0.0016182415711227804,0.07287164438054235,65.5622878074646
33,144,0.5115421414375305,0.04137176275253296,0.4805133193731308,12.364523708718385,65.5622878074646
33,145,0.011968713253736496,0.22743897140026093,-0.1586105152964592,0.05262384533308763,65.5622878074646
33,146,0.0010589668527245522,0.11318762600421906,-0.08383175265043974,0.009355853551303597,65.5622878074646
33,147,0.001654674531891942,0.020336851477622986,-0.013597964076325297,0.08136335821851517,65.5622878074646
33,148,0.0,0.0,0.0,0.0,65.5622878074646
33,149,0.147696852684021,0.029394060373306274,0.1256513074040413,5.024717606320381,65.5622878074646
33,150,0.0034598899073898792,0.028763623908162117,-0.01811282802373171,0.12028699576647559,65.5622878074646
33,151,0.0076155150309205055,0.049394719302654266,-0.029430524446070194,0.1541767042769105,65.5622878074646
33,152,0.0,0.0033304893877357244,-0.0024978670408017933,0.0,65.5622878074646
33,153,0.01615113951265812,1.4564393758773804,-1.0761783923953772,0.011089469139707478,65.5622878074646
33,154,0.029756760224699974,0.559963583946228,-0.39021592773497105,0.053140527487416586,65.5622878074646
33,155,0.005749338772147894,0.028379134833812714,-0.015535012353211641,0.2025903469437403,65.5622878074646
33,156,0.11538510024547577,0.2839468717575073,-0.09757505357265472,0.4063615828231738,65.5622878074646
33,157,0.04502212628722191,0.10209862142801285,-0.03155183978378773,0.4409670341976645,65.5622878074646
33,158,0.0015151745174080133,0.03410610556602478,-0.024064404657110572,0.04442531600186413,65.5622878074646
33,159,0.0011749120894819498,0.008980699814856052,-0.0055606127716600895,0.13082634021544295,65.5622878074646
33,160,0.017556941136717796,0.025359129533171654,-0.001462406013160944,0.6923321683048963,65.5622878074646
33,161,0.0,0.0,0.0,0.0,65.5622878074646
33,162,0.002428743988275528,0.06831350922584534,-0.048806387931108475,0.035552909164869806,65.5622878074646
33,163,0.020736176520586014,0.031758442521095276,-0.003082655370235443,0.6529343026239165,65.5622878074646
33,164,0.0,0.0,0.0,0.0,65.5622878074646
33,165,0.005312853958457708,0.0,0.005312853958457708,5312853958.457708,65.5622878074646
33,166,0.04985771328210831,1.838753342628479,-1.329207293689251,0.02711495453262377,65.5622878074646
33,167,0.020577309653162956,0.1274358630180359,-0.07499958761036396,0.16147188998193698,65.5622878074646
33,168,0.011568598449230194,0.22302457690238953,-0.15569983422756195,0.05187140632595624,65.5622878074646
33,169,0.00502140074968338,0.6861687898635864,-0.5096051916480064,0.0073180255701725235,65.5622878074646
33,170,0.08798056840896606,0.19338546693325043,-0.057058531790971756,0.4549492255220956,65.5622878074646
33,171,0.006397942081093788,0.15955130755901337,-0.11326553858816624,0.04009959040095786,65.5622878074646
33,172,0.0011539431288838387,0.02054659277200699,-0.014256001450121403,0.05616226211480802,65.5622878074646
33,173,0.0014584972523152828,0.007989956066012383,-0.004533969797194004,0.1825413356572618,65.5622878074646
33,174,0.0008618957945145667,0.14343903958797455,-0.10671738389646634,0.006008795074090947,65.5622878074646
33,175,0.0121229887008667,0.18421898782253265,-0.1260412521660328,0.06580748729593267,65.5622878074646
33,176,0.0014595001703128219,0.0516400970518589,-0.037270572618581355,0.02826292461880687,65.5622878074646
33,177,0.12136632204055786,0.31225284934043884,-0.11282331496477127,0.3886796302948946,65.5622878074646
33,178,0.002223798306658864,0.4567234516143799,-0.34031879040412605,0.004869025881621664,65.5622878074646
33,179,0.0016498591285198927,0.0002173973189201206,0.0014868111393298022,7.58914198724303,65.5622878074646
33,180,0.0016223018756136298,0.02110469341278076,-0.014206218183971941,0.07686924627648527,65.5622878074646
33,181,0.0,0.0011807644041255116,-0.0008855733030941337,0.0,65.5622878074646
33,182,0.014822660014033318,0.5946620106697083,-0.43117384798824787,0.024926192943307602,65.5622878074646
33,183,0.00014880538219586015,0.0926409438252449,-0.06933190248673782,0.0016062593498070992,65.5622878074646
33,184,0.007633122615516186,0.026255443692207336,-0.012058460153639317,0.2907253331807524,65.5622878074646
33,185,0.0,0.0980326235294342,-0.07352446764707565,0.0,65.5622878074646
33,186,0.0023943998385220766,0.0744880735874176,-0.053471655352041125,0.03214474107294392,65.5622878074646
33,187,0.0018380056135356426,0.0,0.0018380056135356426,1838005613.5356426,65.5622878074646
33,188,0.06125427037477493,0.022983597591519356,0.044016572181135416,2.665129779104374,65.5622878074646
33,189,0.005448246840387583,0.15235674381256104,-0.1088193110190332,0.03575980100398183,65.5622878074646
33,190,4.622679261956364e-05,0.1812693327665329,-0.1359057727822801,0.0002550171720378468,65.5622878074646
33,191,0.0,0.003181580686941743,-0.002386185515206307,0.0,65.5622878074646
33,192,0.009934090077877045,0.08977717906236649,-0.05739879421889782,0.11065273136801691,65.5622878074646
33,193,0.000450614548753947,0.0029934479389339685,-0.0017944714054465294,0.15053361802039122,65.5622878074646
33,194,0.00714201619848609,0.00019756252004299313,0.006993844308453845,36.15066339901514,65.5622878074646
33,195,0.009767165407538414,0.051417555660009384,-0.028796001337468624,0.1899577932473555,65.5622878074646
33,196,0.009543830528855324,0.14679379761219025,-0.10055151768028736,0.06501521647395378,65.5622878074646
33,197,0.0,0.0008199437288567424,-0.0006149577966425568,0.0,65.5622878074646
33,198,0.00047843187348917127,0.22852268815040588,-0.17091358423931524,0.002093585881381677,65.5622878074646
33,199,0.0017987090395763516,0.02575455605983734,-0.017517208005301654,0.06984042106287704,65.5622878074646
33,200,0.002627014182507992,0.14707200229167938,-0.10767698753625154,0.01786209571880394,65.5622878074646
33,201,0.09378599375486374,0.5496053099632263,-0.318417988717556,0.17064244477726798,65.5622878074646
33,202,0.0030439025722444057,0.011799742467701435,-0.005805904278531671,0.25796347507738343,65.5622878074646
33,203,0.1723269820213318,1.0358978509902954,-0.6045964062213898,0.16635518826149184,65.5622878074646
33,204,0.0,0.004128752741962671,-0.0030965645564720035,0.0,65.5622878074646
33,205,0.01630902662873268,0.05470499023795128,-0.024719716049730778,0.2981268538298771,65.5622878074646
33,206,0.5786701440811157,2.365224838256836,-1.1952484846115112,0.24465756266425365,65.5622878074646
33,207,0.019191233441233635,0.049388762563467026,-0.017850338481366634,0.3885748993241806,65.5622878074646
33,208,0.0014528281753882766,0.008262204006314278,-0.004743824829347432,0.1758402690253269,65.5622878074646
33,209,0.0027000047266483307,0.018131017684936523,-0.010898258537054062,0.14891633627066683,65.5622878074646
33,210,0.013476569205522537,0.025483569130301476,-0.005636107642203569,0.5288336628235196,65.5622878074646
33,211,0.027386950328946114,0.13478980958461761,-0.0737054068595171,0.2031826472130306,65.5622878074646
33,212,0.7337551116943359,0.07967422902584076,0.6739994399249554,9.209441003152318,65.5622878074646
33,213,0.0,0.007124992553144693,-0.00534374441485852,0.0,65.5622878074646
33,214,0.009284415282309055,0.061544809490442276,-0.03687419183552265,0.1508561868828279,65.5622878074646
33,215,0.03714310750365257,0.49932315945625305,-0.3373492620885372,0.0743869111619534,65.5622878074646
33,216,0.0003794706426560879,0.0027956862468272448,-0.0017172940424643457,0.1357343453511657,65.5622878074646
33,217,0.0023048613220453262,0.03239717334508896,-0.021993018686771393,0.07114390188993365,65.5622878074646
33,218,0.060819078236818314,0.0,0.060819078236818314,60819078236.81831,65.5622878074646
33,219,0.0695790946483612,0.06022762134671211,0.02440837863832712,1.1552688466087717,65.5622878074646
33,220,0.0023075032513588667,0.1237209215760231,-0.09048318793065846,0.018650873449259902,65.5622878074646
33,221,0.014894447289407253,0.09386291354894638,-0.05550273787230253,0.1586829848562245,65.5622878074646
33,222,0.0,0.0,0.0,0.0,65.5622878074646
33,223,0.0003417121770326048,0.04484505578875542,-0.03329207966453396,0.007619840604829104,65.5622878074646
33,224,0.003529881127178669,0.33238887786865234,-0.2457617772743106,0.010619732976032147,65.5622878074646
33,225,0.02066870965063572,0.7138725519180298,-0.5147357042878866,0.028952940682582858,65.5622878074646
33,226,0.11143761873245239,1.1051771640777588,-0.7174452543258667,0.10083235734004992,65.5622878074646
33,227,0.018759459257125854,0.09864622354507446,-0.05522520840167999,0.1901690564805445,65.5622878074646
33,228,0.006848198361694813,0.009121919050812721,6.759073585271835e-06,0.7507409704906259,65.5622878074646
33,229,0.0021566408686339855,0.016981421038508415,-0.010579424910247326,0.12700002335590266,65.5622878074646
33,230,0.00012836600944865495,0.0,0.00012836600944865495,128366009.44865495,65.5622878074646
33,231,0.001632359460927546,0.0368160679936409,-0.02597969153430313,0.04433823463073675,65.5622878074646
33,232,0.013944629579782486,0.010977399535477161,0.005711579928174615,1.2703035480712366,65.5622878074646
33,233,0.0025199800729751587,0.01902526617050171,-0.011748969554901123,0.132454392504105,65.5622878074646
33,234,0.7758559584617615,3.8099427223205566,-2.081601083278656,0.20363979592559336,65.5622878074646
33,235,0.006036603357642889,1.349936842918396,-1.006416028831154,0.0044717672454868546,65.5622878074646
33,236,0.014274265617132187,0.04898746684193611,-0.022466334514319897,0.2913860735624158,65.5622878074646
33,237,0.019936271011829376,0.15006808936595917,-0.09261479601264,0.13284816976032474,65.5622878074646
33,238,0.016127128154039383,0.025702646002173424,-0.003149856347590685,0.6274501135816218,65.5622878074646
33,239,0.01525926310569048,0.10453703254461288,-0.06314351130276918,0.1459699279203508,65.5622878074646
33,240,0.0,0.0020094674546271563,-0.0015071005909703672,0.0,65.5622878074646
33,241,0.021488523110747337,0.11211229860782623,-0.06259570084512234,0.19166963283594307,65.5622878074646
33,242,0.018669353798031807,0.007170972414314747,0.013291124487295747,2.6034619458527613,65.5622878074646
33,243,0.009415561333298683,0.11559507995843887,-0.07728074863553047,0.08145295921420277,65.5622878074646
33,244,0.0417405404150486,0.018477484583854675,0.027882426977157593,2.2589947361808007,65.5622878074646
33,245,0.03279871866106987,0.029532598331570625,0.010649269912391901,1.1105937341414738,65.5622878074646
33,246,0.018504967913031578,0.02094145305454731,0.0027988781221210957,0.8836525270690175,65.5622878074646
33,247,0.000996787566691637,0.009864124469459057,-0.006401305785402656,0.10105180339895371,65.5622878074646
33,248,0.00018898257985711098,0.007374986540526152,-0.005342257325537503,0.02562480335292973,65.5622878074646
33,249,0.014228502288460732,0.08720539510250092,-0.051175544038414955,0.16316080297065838,65.5622878074646
33,250,0.01241255272179842,0.1268531233072281,-0.08272728975862265,0.09784979981642519,65.5622878074646
33,251,0.0,1.322191596031189,-0.9916436970233917,0.0,65.5622878074646
33,252,0.009279211983084679,0.004059069789946079,0.006234909640625119,2.2860439610529335,65.5622878074646
33,253,0.005103705916553736,0.0731186792254448,-0.04973530350252986,0.06980030233789947,65.5622878074646
33,254,0.13309413194656372,0.2087458074092865,-0.023465223610401154,0.6375894854978781,65.5622878074646
33,255,0.0006186480750329792,0.10714630782604218,-0.07974108279449865,0.005773862745057104,65.5622878074646
34,0,0.004525056574493647,0.1200653687119484,-0.08552396995946765,0.03768827450413388,65.58293628692627
34,1,0.020916027948260307,0.04379047825932503,-0.011926830746233463,0.4776387191735837,65.58293628692627
34,2,0.00790417194366455,0.1038123220205307,-0.06995506957173347,0.07613905353186516,65.58293628692627
34,3,0.013408850878477097,0.461997926235199,-0.33308959379792213,0.029023617027280225,65.58293628692627
34,4,0.0,0.0,0.0,0.0,65.58293628692627
34,5,0.09653422981500626,0.18274952471256256,-0.040527913719415665,0.5282324534978233,65.58293628692627
34,6,0.0055010560899972916,0.07418578863143921,-0.050138285383582115,0.07415242449268572,65.58293628692627
34,7,0.0,0.014912148006260395,-0.011184111004695296,0.0,65.58293628692627
34,8,0.006537982728332281,0.04657354950904846,-0.028392179403454065,0.1403797390817653,65.58293628692627
34,9,0.008163418620824814,0.021667663007974625,-0.008087328635156155,0.37675584198644646,65.58293628692627
34,10,0.01584996096789837,0.015755215659737587,0.004033549223095179,1.006013583641187,65.58293628692627
34,11,0.0072643873281776905,0.04212173447012901,-0.02432691352441907,0.17246173310258225,65.58293628692627
34,12,0.020201649516820908,0.19911131262779236,-0.12913183495402336,0.10145907457545263,65.58293628692627
34,13,0.0026472394820302725,0.21969398856163025,-0.16212325193919241,0.01204966735480611,65.58293628692627
34,14,0.0021583125926554203,0.006012695841491222,-0.0023512092884629965,0.35895921716225926,65.58293628692627
34,15,0.0007318849093280733,0.1662645936012268,-0.12396656029159203,0.00440192883807266,65.58293628692627
34,16,0.0015754913911223412,0.004211743362247944,-0.0015833161305636168,0.37407108060529576,65.58293628692627
34,17,0.0256089735776186,0.0018040358554571867,0.02425594668602571,14.195379479823742,65.58293628692627
34,18,0.01430585142225027,5.268144377623685e-06,0.014301900313967053,2715.538466917412,65.58293628692627
34,19,0.01516281720250845,0.27592480182647705,-0.19178078416734934,0.05495271574749216,65.58293628692627
34,20,0.006225788500159979,0.5570356249809265,-0.4115509302355349,0.011176643325751346,65.58293628692627
34,21,0.047697074711322784,0.0033453486394137144,0.0451880632317625,14.257729115319997,65.58293628692627
34,22,0.003274447051808238,0.11744078248739243,-0.08480613981373608,0.02788168626287786,65.58293628692627
34,23,0.023426199331879616,0.030397670343518257,0.0006279465742409229,0.7706577203573156,65.58293628692627
34,24,0.0,0.0,0.0,0.0,65.58293628692627
34,25,0.037169281393289566,0.14902180433273315,-0.0745970718562603,0.24942176454963094,65.58293628692627
34,26,0.010565157979726791,0.07590878754854202,-0.046366432681679726,0.1391822781101782,65.58293628692627
34,27,0.010307589545845985,0.1889389306306839,-0.13139660842716694,0.05455513859099542,65.58293628692627
34,28,0.0,0.0,0.0,0.0,65.58293628692627
34,29,0.10004714876413345,0.18120643496513367,-0.0358576774597168,0.5521169752212808,65.58293628692627
34,30,0.024991801008582115,0.061041612178087234,-0.02078940812498331,0.4094223615074221,65.58293628692627
34,31,0.0012474087998270988,0.06018756330013275,-0.043893263675272465,0.020725358054221515,65.58293628692627
34,32,0.0,0.0,0.0,0.0,65.58293628692627
34,33,0.00020859437063336372,0.04343432933092117,-0.032367152627557516,0.004802523115743416,65.58293628692627
34,34,0.0020015535410493612,0.011481177061796188,-0.00660932925529778,0.1743334790589748,65.58293628692627
34,35,0.0,1.0451205968856812,-0.7838404476642609,0.0,65.58293628692627
34,36,1.142034888267517,0.09535879641771317,1.0705157909542322,11.976188156286383,65.58293628692627
34,37,0.004074496682733297,0.03345803916454315,-0.021019032690674067,0.12177930280293976,65.58293628692627
34,38,0.0,0.0052420771680772305,-0.003931557876057923,0.0,65.58293628692627
34,39,0.008080040104687214,0.006231977138668299,0.00340605725068599,1.296545209265206,65.58293628692627
34,40,0.005132058635354042,0.1827627420425415,-0.13193999789655209,0.028080442315378356,65.58293628692627
34,41,0.0013026697561144829,0.22895924746990204,-0.17041676584631205,0.0056895267192911105,65.58293628692627
34,42,0.24629515409469604,1.6620502471923828,-1.000242531299591,0.14818754999170558,65.58293628692627
34,43,0.0,0.0,0.0,0.0,65.58293628692627
34,44,0.10634095221757889,0.404131680727005,-0.19675780832767487,0.2631344120956212,65.58293628692627
34,45,0.00802500918507576,0.08155651390552521,-0.053142376244068146,0.09839813891841312,65.58293628692627
34,46,0.014222126454114914,0.016705188900232315,0.0016932347789406776,0.8513598103081476,65.58293628692627
34,47,0.001036602072417736,0.012836633250117302,-0.00859087286517024,0.08075342281259847,65.58293628692627
34,48,0.010148828849196434,0.010416467674076557,0.002336478093639016,0.9743061818815507,65.58293628692627
34,49,0.0240695271641016,0.18136954307556152,-0.11195763014256954,0.13270986272453214,65.58293628692627
34,50,0.005265672691166401,0.02838245965540409,-0.016021172050386667,0.1855255941490708,65.58293628692627
34,51,0.002184087410569191,0.02161508984863758,-0.014027229975908995,0.10104456774237335,65.58293628692627
34,52,0.0001501194346928969,0.6511505842208862,-0.4882128187309718,0.00023054488213703603,65.58293628692627
34,53,0.02426501363515854,0.15254205465316772,-0.09014152735471725,0.15907097678846935,65.58293628692627
34,54,0.024772929027676582,0.07866337150335312,-0.03422459959983826,0.31492330615788167,65.58293628692627
34,55,0.010777452029287815,0.0848153606057167,-0.052834068424999714,0.1270695773995722,65.58293628692627
34,56,0.03468460217118263,0.15382671356201172,-0.08068543300032616,0.22547840597904245,65.58293628692627
34,57,0.012392791919410229,0.029218502342700958,-0.00952108483761549,0.424141928071201,65.58293628692627
34,58,0.003552631475031376,0.040090035647153854,-0.026514895260334015,0.08861632117792778,65.58293628692627
34,59,0.04571550339460373,0.117990642786026,-0.04277747869491577,0.387450244483544,65.58293628692627
34,60,0.00813713762909174,0.00637771375477314,0.0033538523130118847,1.2758706239717892,65.58293628692627
34,61,0.0,0.0,0.0,0.0,65.58293628692627
34,62,0.008610500954091549,0.10607035458087921,-0.07094226498156786,0.08117726190351159,65.58293628692627
34,63,0.0032019412610679865,0.09005006402730942,-0.06433560675941408,0.035557345745599676,65.58293628692627
34,64,0.0184806976467371,0.023598188534379005,0.0007820562459528446,0.7831405202577464,65.58293628692627
34,65,0.0,0.0,0.0,0.0,65.58293628692627
34,66,0.002079365309327841,0.21042585372924805,-0.1557400249876082,0.009881700715319177,65.58293628692627
34,67,0.24560153484344482,0.17272771894931793,0.11605574563145638,1.4218999494463755,65.58293628692627
34,68,0.0002727674727793783,0.0025193404871970415,-0.0016167378926184028,0.10826939592217784,65.58293628692627
34,69,0.006027898285537958,0.07452607154846191,-0.04986665537580848,0.08088308105086857,65.58293628692627
34,70,0.0007245638407766819,0.03351353108882904,-0.0244105844758451,0.021620038748963056,65.58293628692627
34,71,0.002933645388111472,0.017057349905371666,-0.009859367040917277,0.17198717293215798,65.58293628692627
34,72,0.006800603121519089,0.005588609725236893,0.0026091458275914192,1.2168684976501831,65.58293628692627
34,73,0.06772547960281372,0.013166243210434914,0.057850797194987535,5.1438727445042165,65.58293628692627
34,74,0.0028530305717140436,0.0,0.0028530305717140436,2853030571.7140436,65.58293628692627
34,75,0.0450018085539341,0.0,0.0450018085539341,45001808553.9341,65.58293628692627
34,76,0.0022226418368518353,0.10340841859579086,-0.07533367210999131,0.021493819043092995,65.58293628692627
34,77,0.004232661798596382,0.02215384505689144,-0.012382721994072199,0.19105766008274316,65.58293628692627
34,78,0.0101392837241292,0.0,0.0101392837241292,10139283724.1292,65.58293628692627
34,79,0.012185962870717049,0.008594818413257599,0.0057398490607738495,1.417826681538989,65.58293628692627
34,80,0.2856283187866211,2.1814489364624023,-1.3504583835601807,0.13093513857339517,65.58293628692627
34,81,0.002144263358786702,0.055566415190696716,-0.039530548034235835,0.03858919729461186,65.58293628692627
34,82,0.00970419216901064,0.05580266937613487,-0.032147809863090515,0.1739019347520126,65.58293628692627
34,83,0.0057572559453547,0.06091974675655365,-0.03993255412206054,0.0945055790902617,65.58293628692627
34,84,0.008956052362918854,0.16618311405181885,-0.11568128317594528,0.053892673837320826,65.58293628692627
34,85,0.0,0.048105280846357346,-0.03607896063476801,0.0,65.58293628692627
34,86,0.0,0.12356230616569519,-0.09267172962427139,0.0,65.58293628692627
34,87,0.004684596788138151,0.010616486892104149,-0.0032777683809399605,0.44125677687041576,65.58293628692627
34,88,0.1020977571606636,1.8768742084503174,-1.3055578991770744,0.05439776235452053,65.58293628692627
34,89,0.01365826278924942,1.2468146085739136,-0.9214526936411858,0.01095452579342214,65.58293628692627
34,90,0.0,0.07303308695554733,-0.0547748152166605,0.0,65.58293628692627
34,91,0.01956699974834919,0.01360564585775137,0.009362765355035663,1.438152951464879,65.58293628692627
34,92,0.0,0.02402416430413723,-0.018018123228102922,0.0,65.58293628692627
34,93,0.017017312347888947,0.035281673073768616,-0.009443942457437515,0.48232724995285814,65.58293628692627
34,94,0.11464561522006989,0.023344406858086586,0.09713731007650495,4.911052823577961,65.58293628692627
34,95,0.008767274208366871,0.18388992547988892,-0.12915016990154982,0.0476767511077056,65.58293628692627
34,96,0.003970776684582233,0.002335009863600135,0.0022195192868821323,1.7005395757770043,65.58293628692627
34,97,0.011512701399624348,0.06598565727472305,-0.03797654155641794,0.17447278507082498,65.58293628692627
34,98,0.002329232171177864,0.07149188965559006,-0.05128968507051468,0.03258036935890612,65.58293628692627
34,99,0.009587978012859821,0.022077683359384537,-0.006970284506678581,0.43428369980449,65.58293628692627
34,100,0.018633224070072174,0.013520775362849236,0.008492642547935247,1.3781180123657844,65.58293628692627
34,101,0.0,0.06930620968341827,-0.051979657262563705,0.0,65.58293628692627
34,102,0.04126574844121933,0.28947702050209045,-0.1758420169353485,0.1425527607321037,65.58293628692627
34,103,0.003414565697312355,0.0,0.003414565697312355,3414565697.312355,65.58293628692627
34,104,0.0038438753690570593,0.07308641076087952,-0.05097093270160258,0.0525935714859588,65.58293628692627
34,105,0.007523164618760347,0.012056614272296429,-0.0015192960854619741,0.6239865063463974,65.58293628692627
34,106,0.0008740725461393595,1.1866543292999268,-0.8891166744288057,0.0007365856463476493,65.58293628692627
34,107,0.004291869699954987,0.04378464072942734,-0.028546610847115517,0.09802226599001028,65.58293628692627
34,108,0.0030366405844688416,0.03610973805189133,-0.024045662954449654,0.08409478296466612,65.58293628692627
34,109,0.0031158931087702513,0.03710005432367325,-0.024709147633984685,0.0839862141845447,65.58293628692627
34,110,0.004941320978105068,0.16463524103164673,-0.11853510979562998,0.030013750076298775,65.58293628692627
34,111,0.0,1.3365782499313354,-1.0024336874485016,0.0,65.58293628692627
34,112,0.0644359439611435,0.07854391634464264,0.005528006702661514,0.8203810932674251,65.58293628692627
34,113,0.15950573980808258,1.0238144397735596,-0.6083550900220871,0.15579555592437747,65.58293628692627
34,114,0.5391151905059814,0.9832291603088379,-0.19830667972564697,0.5483108234260403,65.58293628692627
34,115,0.0019984629470854998,0.0050268289633095264,-0.001771658775396645,0.3975593681970446,65.58293628692627
34,116,0.008551852777600288,0.10255877673625946,-0.06836722977459431,0.08338489449331947,65.58293628692627
34,117,0.1844007670879364,0.001566095743328333,0.18322619528044015,117.74552593974528,65.58293628692627
34,118,0.04617088660597801,0.12259120494127274,-0.04577251709997654,0.3766247882767734,65.58293628692627
34,119,0.0002889589231926948,0.016999319195747375,-0.012460530473617837,0.016998264450966,65.58293628692627
34,120,0.004565584007650614,0.06188475713133812,-0.041847983840852976,0.07377558253783387,65.58293628692627
34,121,0.012522133998572826,0.1077176034450531,-0.068266068585217,0.11624965277698676,65.58293628692627
34,122,0.015802117064595222,0.10239315032958984,-0.06099274568259716,0.15432787265140288,65.58293628692627
34,123,0.0019526167307049036,0.2603265345096588,-0.1932922841515392,0.007500644274988249,65.58293628692627
34,124,0.0030385341960936785,0.01876361481845379,-0.011034176917746663,0.16193757041651588,65.58293628692627
34,125,0.002977658063173294,0.0625557228922844,-0.04393913410604,0.0476000903746723,65.58293628692627
34,126,0.002789862221106887,0.023122375831007957,-0.014551919652149081,0.12065638243129509,65.58293628692627
34,127,0.004763126373291016,0.044522687792778015,-0.028628889471292496,0.10698200421666043,65.58293628692627
34,128,0.0162284467369318,0.005917998496443033,0.011789947864599526,2.742218799809355,65.58293628692627
34,129,0.003149088704958558,0.03257056698203087,-0.021278836531564593,0.09668510550028867,65.58293628692627
34,130,0.019377650693058968,0.06731346994638443,-0.031107451766729355,0.28787181389112027,65.58293628692627
34,131,0.0022973467130213976,0.0027230025734752417,0.00025509478291496634,0.8436814326053755,65.58293628692627
34,132,0.04544108733534813,0.29686272144317627,-0.17720595374703407,0.153071046153207,65.58293628692627
34,133,0.01700710877776146,0.04978704825043678,-0.020333177410066128,0.34159704933442525,65.58293628692627
34,134,0.0026813873555511236,0.3880007565021515,-0.2883191800210625,0.0069107786791888495,65.58293628692627
34,135,0.03286443278193474,0.03650274872779846,0.005487371236085892,0.900327617136588,65.58293628692627
34,136,0.0007840518373996019,0.009243865497410297,-0.006148847285658121,0.08481861160078955,65.58293628692627
34,137,0.0,0.0,0.0,0.0,65.58293628692627
34,138,0.00899177324026823,0.12065495550632477,-0.08149944338947535,0.07452469069720351,65.58293628692627
34,139,0.4464879035949707,2.9771552085876465,-1.7863785028457642,0.1499713223908918,65.58293628692627
34,140,0.002272489247843623,0.08979260921478271,-0.06507196766324341,0.02530819927932544,65.58293628692627
34,141,0.008544590324163437,0.0627041906118393,-0.038483552634716034,0.13626825002687856,65.58293628692627
34,142,0.008956117555499077,0.008990447036921978,0.0022132822778075933,0.9961815600183063,65.58293628692627
34,143,0.023191653192043304,0.017915161326527596,0.009755282197147608,1.2945266173187122,65.58293628692627
34,144,0.0,0.010527573525905609,-0.007895680144429207,0.0,65.58293628692627
34,145,0.05741727352142334,0.08907114714384079,-0.009386086836457253,0.6446225894907999,65.58293628692627
34,146,0.0030747621785849333,1.5337486267089844,-1.1472367078531533,0.002004736711765179,65.58293628692627
34,147,0.004476798232644796,0.3039652109146118,-0.22349710995331407,0.014727995414868926,65.58293628692627
34,148,0.013487136922776699,0.07872989028692245,-0.04556028079241514,0.17130897646945775,65.58293628692627
34,149,0.0149146169424057,0.054079364985227585,-0.025644906796514988,0.2757912735514556,65.58293628692627
34,150,0.006625105161219835,0.04100716859102249,-0.024130271282047033,0.1615596830674303,65.58293628692627
34,151,0.1027093306183815,4.423254358698614e-05,0.10267615621069126,2322.030793783455,65.58293628692627
34,152,0.00521851284429431,0.6279293298721313,-0.4657284845598042,0.00831066904511161,65.58293628692627
34,153,0.006064414046704769,0.02216343767940998,-0.010558164212852716,0.2736224467590169,65.58293628692627
34,154,0.0013011975679546595,0.05786985531449318,-0.042101193917915225,0.022484894093147956,65.58293628692627
34,155,0.0011077395174652338,0.029530098661780357,-0.021039834478870034,0.037512218638856946,65.58293628692627
34,156,0.0893593356013298,0.0017729700775817037,0.08802960804314353,50.400927055020155,65.58293628692627
34,157,0.01772928237915039,0.09167815744876862,-0.05102933570742607,0.1933861115049617,65.58293628692627
34,158,0.011539516970515251,0.06838620454072952,-0.03975013643503189,0.1687404213736382,65.58293628692627
34,159,0.0,0.0025802957825362682,-0.0019352218369022012,0.0,65.58293628692627
34,160,0.0005906721344217658,0.20932625234127045,-0.15640401712153107,0.0028217776213561342,65.58293628692627
34,161,0.0012920098379254341,0.007197077386081219,-0.00410579820163548,0.17951868076958524,65.58293628692627
34,162,0.05717901512980461,0.46778008341789246,-0.29365604743361473,0.12223482178184437,65.58293628692627
34,163,0.016339877620339394,0.0007209241157397628,0.01579918453353457,22.66518381190141,65.58293628692627
34,164,0.0024040723219513893,0.0012936685234308243,0.001433820929378271,1.8583371834057025,65.58293628692627
34,165,0.00022923355572856963,0.010849539190530777,-0.007907920837169513,0.02112841399821947,65.58293628692627
34,166,0.026033928617835045,0.10686516761779785,-0.054114947095513344,0.2436147268369194,65.58293628692627
34,167,0.07452458143234253,0.010430114343762398,0.06670199567452073,7.145135611074667,65.58293628692627
34,168,0.005979033187031746,0.0,0.005979033187031746,5979033187.031746,65.58293628692627
34,169,0.02094857580959797,0.0656018853187561,-0.02825283817946911,0.31932886848435243,65.58293628692627
34,170,0.007421406451612711,0.09337931126356125,-0.06261307699605823,0.07947591764289696,65.58293628692627
34,171,0.006520517636090517,0.051397524774074554,-0.0320276259444654,0.12686442906785017,65.58293628692627
34,172,0.04054985195398331,0.5079461932182312,-0.3404097929596901,0.0798309988248733,65.58293628692627
34,173,0.009484675712883472,0.19665411114692688,-0.1380059076473117,0.04823024373870792,65.58293628692627
34,174,8.933371282182634e-05,1.6670421361923218,-1.2501922684314195,5.3588155261521585e-05,65.58293628692627
34,175,0.0,0.0,0.0,0.0,65.58293628692627
34,176,0.01299311500042677,0.0012037163833156228,0.012090327712940052,10.794166441303407,65.58293628692627
34,177,0.025983382016420364,0.07054947316646576,-0.026928722858428955,0.36830015661127186,65.58293628692627
34,178,0.0024425594601780176,0.030211400240659714,-0.020215990720316768,0.08084893254334748,65.58293628692627
34,179,0.00540468655526638,0.050838056951761246,-0.032723856158554554,0.10631182384268578,65.58293628692627
34,180,0.02919180877506733,0.15523408353328705,-0.08723375387489796,0.1880502535940803,65.58293628692627
34,181,0.06817080825567245,0.006760705728083849,0.06310027895960957,10.08338640778414,65.58293628692627
34,182,0.0021550592500716448,0.022151293233036995,-0.014458410674706101,0.09728819113640946,65.58293628692627
34,183,0.0,0.0029507677536457777,-0.0022130758152343333,0.0,65.58293628692627
34,184,0.035779986530542374,0.6279938817024231,-0.43521542474627495,0.056975055924891736,65.58293628692627
34,185,0.006208378355950117,2.4618070125579834,-1.8401468810625374,0.0025218785730473127,65.58293628692627
34,186,0.0031273604836314917,0.00691367918625474,-0.002057898906059563,0.4523438821686624,65.58293628692627
34,187,0.005564881023019552,0.011485657654702663,-0.0030493622180074453,0.4845069555295836,65.58293628692627
34,188,0.00532024959102273,0.04785678908228874,-0.030572342220693827,0.11117021624170194,65.58293628692627
34,189,0.0012489903019741178,0.03177625685930252,-0.022583202342502773,0.03930577183665889,65.58293628692627
34,190,0.008568470366299152,0.0,0.008568470366299152,8568470366.299152,65.58293628692627
34,191,0.46587061882019043,1.6536004543304443,-0.7743297219276428,0.28173106605037995,65.58293628692627
34,192,0.001577245071530342,0.0,0.001577245071530342,1577245071.530342,65.58293628692627
34,193,0.0,0.0,0.0,0.0,65.58293628692627
34,194,0.018934540450572968,0.13859550654888153,-0.08501208946108818,0.13661727513336291,65.58293628692627
34,195,0.004201839677989483,0.016107341274619102,-0.007878666277974844,0.2608648818007975,65.58293628692627
34,196,0.1708846539258957,0.018762288615107536,0.15681293746456504,9.107878970542549,65.58293628692627
34,197,0.0009117926238104701,0.003994161728769541,-0.0020838286727666855,0.22828134800217004,65.58293628692627
34,198,0.033548761159181595,0.1230432391166687,-0.05873366817831993,0.27265830613495345,65.58293628692627
34,199,0.26359981298446655,1.9691858291625977,-1.2132895588874817,0.13386233492063535,65.58293628692627
34,200,0.006936023477464914,0.08905734866857529,-0.05985698802396655,0.07788266303771596,65.58293628692627
34,201,0.0011020544916391373,0.0,0.0011020544916391373,1102054491.6391373,65.58293628692627
34,202,0.06358838081359863,0.03319090977311134,0.038695198483765125,1.9158372351455424,65.58293628692627
34,203,0.08959849923849106,0.08411868661642075,0.0265094842761755,1.0651438204925023,65.58293628692627
34,204,0.005397855769842863,0.03328770399093628,-0.019567922223359346,0.1621576474950167,65.58293628692627
34,205,0.0009661131189204752,0.08855938166379929,-0.06545342312892899,0.01090921256177297,65.58293628692627
34,206,0.0032358274329453707,0.12196135520935059,-0.08823518897406757,0.026531579838256446,65.58293628692627
34,207,0.0,0.2970697581768036,-0.2228023186326027,0.0,65.58293628692627
34,208,0.007007619831711054,0.2169773131608963,-0.15572536503896117,0.03229655547666571,65.58293628692627
34,209,0.0007625498110428452,0.034997038543224335,-0.025485229096375406,0.02178898108990685,65.58293628692627
34,210,0.0013052932918071747,0.02170473523437977,-0.014973258133977652,0.06013864152922186,65.58293628692627
34,211,0.0035570093896239996,0.010067996568977833,-0.003993988037109375,0.35329862946425605,65.58293628692627
34,212,0.013133401051163673,0.09558282792568207,-0.05855371989309788,0.13740335305038057,65.58293628692627
34,213,0.01403995230793953,0.046393021941185,-0.02075481414794922,0.30263069143105453,65.58293628692627
34,214,0.08530493825674057,0.31615838408470154,-0.15181384980678558,0.26981709975344775,65.58293628692627
34,215,0.010244373232126236,0.14441081881523132,-0.09806374087929726,0.0709390980267387,65.58293628692627
34,216,0.010110829025506973,0.02432115003466606,-0.008130033500492573,0.4157216665609899,65.58293628692627
34,217,0.0028283405117690563,0.10528765618801117,-0.07613740162923932,0.026862982937825613,65.58293628692627
34,218,0.11159178614616394,0.7632111310958862,-0.46081656217575073,0.14621352021659373,65.58293628692627
34,219,0.02157175913453102,0.029528718441724777,-0.0005747796967625618,0.730534891867135,65.58293628692627
34,220,0.001988727832213044,0.010029281489551067,-0.005533233284950256,0.19829215423723956,65.58293628692627
34,221,0.002504585077986121,0.020883658900856972,-0.013158159097656608,0.11993037665269538,65.58293628692627
34,222,0.0,0.008319461718201637,-0.006239596288651228,0.0,65.58293628692627
34,223,0.0,1.162852168083191,-0.8721391260623932,0.0,65.58293628692627
34,224,0.0692349448800087,0.005733185913413763,0.06493505544494838,12.076172988904057,65.58293628692627
34,225,0.023465609177947044,0.09804940968751907,-0.05007144808769226,0.23932432895304528,65.58293628692627
34,226,0.018596112728118896,0.08160547912120819,-0.04260799661278725,0.22787823719863598,65.58293628692627
34,227,0.0,0.018323253840208054,-0.01374244038015604,0.0,65.58293628692627
34,228,0.09864407777786255,0.6098534464836121,-0.3587460070848465,0.1617504637326856,65.58293628692627
34,229,0.010564504191279411,0.8961104154586792,-0.66151830740273,0.011789288472738173,65.58293628692627
34,230,0.007924448698759079,0.038647715002298355,-0.021061337552964687,0.20504313639455202,65.58293628692627
34,231,0.0,0.0,0.0,0.0,65.58293628692627
34,232,0.009452146477997303,0.06870347261428833,-0.042075457982718945,0.1375788751017798,65.58293628692627
34,233,0.0063524614088237286,0.05502692237496376,-0.03491773037239909,0.11544278935720634,65.58293628692627
34,234,0.0064503904432058334,0.15620607137680054,-0.11070416308939457,0.04129410839355211,65.58293628692627
34,235,0.0008378435159102082,0.0,0.0008378435159102082,837843515.9102082,65.58293628692627
34,236,0.02467065118253231,0.014049354009330273,0.014133635675534606,1.7559989707991102,65.58293628692627
34,237,0.028912769630551338,0.09033745527267456,-0.03884032182395458,0.3200529563619097,65.58293628692627
34,238,0.00537479342892766,0.0008336972096003592,0.004749520521727391,6.446937042115304,65.58293628692627
34,239,1.6505783796310425,0.005007695872336626,1.64682260772679,329.60835110205335,65.58293628692627
34,240,0.003203624626621604,0.1546722799539566,-0.11280058533884585,0.02071233854931574,65.58293628692627
34,241,0.011503257788717747,0.017949895933270454,-0.001959164161235094,0.6408537314556458,65.58293628692627
34,242,0.0,0.0,0.0,0.0,65.58293628692627
34,243,0.018503693863749504,0.7303920984268188,-0.5292903799563646,0.0253339184577421,65.58293628692627
34,244,0.012520485557615757,0.11824583262205124,-0.07616388890892267,0.10588521624714722,65.58293628692627
34,245,0.01833008974790573,0.010138451121747494,0.010726251406595111,1.8079773257256997,65.58293628692627
34,246,0.0032565456349402666,0.0919119119644165,-0.06567738833837211,0.03543115974092237,65.58293628692627
34,247,0.0247676819562912,0.25250616669654846,-0.16461194306612015,0.0980874339831783,65.58293628692627
34,248,0.0,0.0,0.0,0.0,65.58293628692627
34,249,0.012700202874839306,8.6139252744033e-06,0.012693742430883503,1474.3802617139384,65.58293628692627
34,250,0.003694523824378848,0.016317574307322502,-0.008543656906113029,0.22641378887390873,65.58293628692627
34,251,0.1728917360305786,0.026208942756056786,0.15323502896353602,6.596669603699574,65.58293628692627
34,252,0.009124391712248325,0.03847910836338997,-0.01973493956029415,0.2371258612814528,65.58293628692627
34,253,0.037155888974666595,0.1605994999408722,-0.08329373598098755,0.23135743877231807,65.58293628692627
34,254,0.0,0.0,0.0,0.0,65.58293628692627
34,255,0.0018216383177787066,0.319557249546051,-0.23784629884175956,0.005700506936897052,65.58293628692627
35,0,0.0023764963261783123,0.005665858741849661,-0.0018728977302089334,0.4194415064049137,65.60358476638794
35,1,0.01703171618282795,0.005755373276770115,0.012715186225250363,2.9592722071758977,65.60358476638794
35,2,0.003412502584978938,1.791160225868225,-1.3399576668161899,0.0019051911357192504,65.60358476638794
35,3,0.002272319048643112,0.16863903403282166,-0.12420695647597313,0.013474454841738382,65.60358476638794
35,4,0.028715334832668304,0.019526958465576172,0.014070115983486176,1.4705482618718966,65.60358476638794
35,5,0.007636960130184889,0.0497734360396862,-0.029693116899579763,0.15343445696500085,65.60358476638794
35,6,0.03384208306670189,0.14699812233448029,-0.07640650868415833,0.23022119282222678,65.60358476638794
35,7,0.0021984658669680357,0.018174827098846436,-0.011432654457166791,0.12096213377383994,65.60358476638794
35,8,0.05228232964873314,0.40952327847480774,-0.25486012920737267,0.1276663193440948,65.60358476638794
35,9,0.029911469668149948,0.013312351889908314,0.019927205750718713,2.246895958976116,65.60358476638794
35,10,0.0003730740863829851,0.042758502066135406,-0.03169580246321857,0.008725143967794266,65.60358476638794
35,11,0.001854215981438756,0.004079366568475962,-0.0012053089449182153,0.45453526910599495,65.60358476638794
35,12,0.00016084840171970427,0.025883041322231293,-0.019251432589953765,0.006214432056534832,65.60358476638794
35,13,0.01088833436369896,0.046385329216718674,-0.023900662548840046,0.23473659769864774,65.60358476638794
35,14,0.00291995401494205,0.25119736790657043,-0.18547807191498578,0.011624142558756686,65.60358476638794
35,15,0.007310799788683653,0.10072174668312073,-0.06823051022365689,0.072584124375955,65.60358476638794
35,16,0.018267005681991577,0.049144115298986435,-0.01859108079224825,0.3717028085760783,65.60358476638794
35,17,0.0,0.0,0.0,0.0,65.60358476638794
35,18,0.007588357664644718,0.05512804165482521,-0.03375767357647419,0.13764968674237096,65.60358476638794
35,19,0.024314034730196,0.560234010219574,-0.3958614729344845,0.04339978345945677,65.60358476638794
35,20,0.0,0.0,0.0,0.0,65.60358476638794
35,21,0.001079039997421205,0.10889334231615067,-0.0805909667396918,0.009909145724249264,65.60358476638794
35,22,0.0,2.4020745754241943,-1.8015559315681458,0.0,65.60358476638794
35,23,0.0021152058616280556,0.0060450234450399876,-0.002418561722151935,0.34990862823099517,65.60358476638794
35,24,0.028694208711385727,0.018374616280198097,0.014913246501237154,1.5616222005543157,65.60358476638794
35,25,0.0022232721094042063,0.004768701735883951,-0.0013532541925087571,0.46622167459292085,65.60358476638794
35,26,0.01897932030260563,0.03537336364388466,-0.007550702430307865,0.5365427074773035,65.60358476638794
35,27,0.028638018295168877,0.17615126073360443,-0.10347542725503445,0.16257628912639974,65.60358476638794
35,28,0.005840124562382698,0.06049279123544693,-0.0395294688642025,0.09654248784050191,65.60358476638794
35,29,0.0024537339340895414,0.01462809182703495,-0.008517334936186671,0.16774121757883176,65.60358476638794
35,30,0.00020437543571460992,0.019284764304757118,-0.014259197792853229,0.01059776684196225,65.60358476638794
35,31,0.019793756306171417,0.0430259071290493,-0.012475674040615559,0.46004274230275216,65.60358476638794
35,32,0.05870900675654411,0.1692146211862564,-0.0682019591331482,0.3469499641616401,65.60358476638794
35,33,0.039080508053302765,0.07449284195899963,-0.01678912341594696,0.5246209840441823,65.60358476638794
35,34,0.0009954983834177256,0.03386975824832916,-0.024406820302829146,0.029391954205561618,65.60358476638794
35,35,0.00029933926998637617,0.06703396886587143,-0.049976137379417196,0.004465486305620065,65.60358476638794
35,36,0.0024235942400991917,0.06353939324617386,-0.0452309506945312,0.038143175693718,65.60358476638794
35,37,0.0,1.1963948011398315,-0.8972961008548737,0.0,65.60358476638794
35,38,0.0009605958475731313,0.8185526728630066,-0.6129539087996818,0.0011735296694006688,65.60358476638794
35,39,0.0015591294504702091,0.000566823233384639,0.0011340120254317299,2.7506449204801013,65.60358476638794
35,40,0.0059085325337946415,0.17631490528583527,-0.1263276464305818,0.03351124809432551,65.60358476638794
35,41,0.020282259210944176,0.13523636758327484,-0.08114501647651196,0.14997636784576412,65.60358476638794
35,42,0.0,0.3131238520145416,-0.23484288901090622,0.0,65.60358476638794
35,43,0.0029830930288881063,0.02127266675233841,-0.0129714070353657,0.14023126782729095,65.60358476638794
35,44,0.0,0.05224479362368584,-0.03918359521776438,0.0,65.60358476638794
35,45,0.0,0.04221126809716225,-0.031658451072871685,0.0,65.60358476638794
35,46,0.017445851117372513,0.08482810109853745,-0.04617522470653057,0.20566122418444235,65.60358476638794
35,47,0.0019324516179040074,0.0512087456882,-0.03647410764824599,0.037736749687887094,65.60358476638794
35,48,0.007835114374756813,0.06139543652534485,-0.03821146301925182,0.1276172109533704,65.60358476638794
35,49,0.002646196400746703,0.09595958888530731,-0.06932349526323378,0.02757615399834518,65.60358476638794
35,50,0.0025479153264313936,0.13398468494415283,-0.09794059838168323,0.01901646690048488,65.60358476638794
35,51,0.0026766462251544,0.0123786311596632,-0.006607327144593,0.2162311963587899,65.60358476638794
35,52,0.00048104621237143874,0.11178503930568695,-0.08335773326689377,0.004303314784831522,65.60358476638794
35,53,0.00917048379778862,0.2735511362552643,-0.1959928683936596,0.03352383734643916,65.60358476638794
35,54,0.027301128953695297,0.3528211712837219,-0.23731474950909615,0.0773795088721126,65.60358476638794
35,55,0.0,0.0,0.0,0.0,65.60358476638794
35,56,0.040203873068094254,0.08711283653974533,-0.025130754336714745,0.4615149117465561,65.60358476638794
35,57,0.01123975869268179,0.37203317880630493,-0.2677851254120469,0.030211710495056242,65.60358476638794
35,58,0.0051814657635986805,0.0250459723174572,-0.013603013474494219,0.20687820371742122,65.60358476638794
35,59,0.012811318971216679,0.11613084375858307,-0.07428681384772062,0.11031797028650706,65.60358476638794
35,60,0.00413248036056757,0.0011117123067378998,0.003298696130514145,3.7172210218453876,65.60358476638794
35,61,0.004414249211549759,0.16937750577926636,-0.12261888012290001,0.026061602402366046,65.60358476638794
35,62,7.589033339172602e-05,0.43743523955345154,-0.3280005393316969,0.00017348929973960012,65.60358476638794
35,63,0.0,0.001538319862447679,-0.0011537398968357593,0.0,65.60358476638794
35,64,0.006797947455197573,0.04487854242324829,-0.026860959362238646,0.15147433690993892,65.60358476638794
35,65,0.01058231946080923,0.010276976972818375,0.00287458673119545,1.0297113137227754,65.60358476638794
35,66,0.017951492220163345,0.02562171034514904,-0.0012647905386984348,0.7006359832204359,65.60358476638794
35,67,0.07179030776023865,0.5775789618492126,-0.36139391362667084,0.12429522628432665,65.60358476638794
35,68,0.05229762941598892,0.15373079478740692,-0.06300046667456627,0.3401896769477495,65.60358476638794
35,69,0.020611822605133057,0.20858390629291534,-0.13582610711455345,0.09881789526028417,65.60358476638794
35,70,0.0017924137646332383,0.023699818179011345,-0.01598244986962527,0.07562985298110757,65.60358476638794
35,71,0.0008041920373216271,0.2098597288131714,-0.1565906045725569,0.0038320455375873033,65.60358476638794
35,72,0.0,0.0,0.0,0.0,65.60358476638794
35,73,0.002198835602030158,0.02089076302945614,-0.013469236670061946,0.10525396314268315,65.60358476638794
35,74,0.0008210809901356697,0.03030979447066784,-0.02191126486286521,0.027089625794169517,65.60358476638794
35,75,0.0,0.0,0.0,0.0,65.60358476638794
35,76,0.008589144796133041,0.29661527276039124,-0.21387230977416039,0.02895718995239494,65.60358476638794
35,77,0.00020670697267632931,0.18123458325862885,-0.1357192304712953,0.001140549275742863,65.60358476638794
35,78,0.03206683322787285,0.15619097650051117,-0.08507639914751053,0.20530528681061544,65.60358476638794
35,79,0.014765257947146893,0.06859782338142395,-0.03668310958892107,0.2152438258110975,65.60358476638794
35,80,0.004821596201509237,0.13683712482452393,-0.09780624741688371,0.035236023905479454,65.60358476638794
35,81,0.004671826027333736,0.04369230940937996,-0.028097406029701233,0.10692559149148233,65.60358476638794
35,82,0.0049829669296741486,0.0354350283741951,-0.021593304350972176,0.14062263128205307,65.60358476638794
35,83,0.0003405299794394523,0.09794598072767258,-0.07311895556631498,0.003476712131585875,65.60358476638794
35,84,0.007894519716501236,0.082419753074646,-0.05392029508948326,0.09578431652489344,65.60358476638794
35,85,0.004485088866204023,0.1711115688085556,-0.12384858774021268,0.026211488196895994,65.60358476638794
35,86,0.007681023795157671,0.018460849300026894,-0.006164613179862499,0.41607098730449044,65.60358476638794
35,87,0.08677152544260025,0.06918483227491379,0.03488290123641491,1.2541986818230553,65.60358476638794
35,88,0.007642391603440046,0.13725486397743225,-0.09529875637963414,0.055680297090534764,65.60358476638794
35,89,0.0020196514669805765,0.01510094478726387,-0.009306057123467326,0.13374338462254404,65.60358476638794
35,90,0.027793237939476967,0.557437002658844,-0.39028451405465603,0.04985897564542696,65.60358476638794
35,91,0.0033764487598091364,0.007469709496945143,-0.0022258333628997207,0.4520187512965491,65.60358476638794
35,92,0.024172848090529442,0.0,0.024172848090529442,24172848090.52944,65.60358476638794
35,93,0.052683137357234955,0.5077363848686218,-0.3281191512942314,0.10376080763005216,65.60358476638794
35,94,0.0008510377374477684,0.035840436816215515,-0.026029289874713868,0.02374518317921234,65.60358476638794
35,95,0.0020846116822212934,0.36450302600860596,-0.2712926578242332,0.00571905178687421,65.60358476638794
35,96,0.004765558522194624,0.05245941877365112,-0.03457900555804372,0.0908427625297554,65.60358476638794
35,97,0.00162745441775769,0.06709931790828705,-0.048697034013457596,0.02425441075210152,65.60358476638794
35,98,0.0,0.0,0.0,0.0,65.60358476638794
35,99,0.0,0.012659859843552113,-0.009494894882664084,0.0,65.60358476638794
35,100,0.022468499839305878,0.007346087135374546,0.016958934487774968,3.058567019720184,65.60358476638794
35,101,0.2819880545139313,0.024643870070576668,0.2635051519609988,11.442523178985834,65.60358476638794
35,102,0.0027166330255568027,0.16685183346271515,-0.12242224207147956,0.016281709161725107,65.60358476638794
35,103,0.01186866220086813,0.0192220751196146,-0.002547894138842821,0.6174495795274285,65.60358476638794
35,104,0.014673749916255474,0.05697597190737724,-0.028058229014277458,0.25754277504651,65.60358476638794
35,105,0.0016170695889741182,0.0077479537576437,-0.0041938957292586565,0.20870924625357992,65.60358476638794
35,106,0.0008958957623690367,0.0,0.0008958957623690367,895895762.3690367,65.60358476638794
35,107,0.0,0.0,0.0,0.0,65.60358476638794
35,108,0.15601670742034912,0.6921353936195374,-0.3630848377943039,0.2254135662738339,65.60358476638794
35,109,0.013844458386301994,0.04159589484333992,-0.017352462746202946,0.33283232487510367,65.60358476638794
35,110,0.001372338505461812,0.05435677990317345,-0.03939524642191827,0.02524686907283935,65.60358476638794
35,111,0.01801658421754837,0.11465585976839066,-0.06797531060874462,0.15713618347797872,65.60358476638794
35,112,0.0006606981623917818,0.17783263325691223,-0.1327137767802924,0.0037152807687077624,65.60358476638794
35,113,0.0034663102123886347,0.040298473089933395,-0.026757544605061412,0.0860159193765708,65.60358476638794
35,114,0.0029681483283638954,0.2128789722919464,-0.1566910808905959,0.013942891100955595,65.60358476638794
35,115,0.001501012360677123,0.0,0.001501012360677123,1501012360.677123,65.60358476638794
35,116,0.03168560191988945,0.09292993694543839,-0.03801185078918934,0.34096226642391825,65.60358476638794
35,117,0.00018996666767634451,0.009381289593875408,-0.006846000527730212,0.02024952601187315,65.60358476638794
35,118,0.006713195238262415,0.10871423780918121,-0.0748224831186235,0.06175083754883959,65.60358476638794
35,119,0.041660111397504807,0.01824563555419445,0.02797588473185897,2.283291873910326,65.60358476638794
35,120,0.0,0.04399510473012924,-0.03299632854759693,0.0,65.60358476638794
35,121,0.01868344470858574,0.026431001722812653,-0.0011398065835237503,0.7068761488427865,65.60358476638794
35,122,0.011932563036680222,0.022359972819685936,-0.00483741657808423,0.5336573140035761,65.60358476638794
35,123,0.05337405949831009,0.09623093158006668,-0.01879913918673992,0.5546455658422761,65.60358476638794
35,124,0.9023168087005615,4.829968452453613,-2.7201595306396484,0.18681629447124024,65.60358476638794
35,125,0.0020942685659974813,0.05803199112415314,-0.04142972477711737,0.03608817352968181,65.60358476638794
35,126,0.012973732315003872,0.02834642492234707,-0.00828608637675643,0.45768495851193813,65.60358476638794
35,127,0.005365576129406691,0.05197432264685631,-0.03361516585573554,0.10323513335152613,65.60358476638794
35,128,0.003960778471082449,0.006305785849690437,-0.000768560916185379,0.6281181386216553,65.60358476638794
35,129,0.09314931929111481,0.8777133226394653,-0.5651356726884842,0.10612727058863529,65.60358476638794
35,130,0.0003732146287802607,2.3932809654070297e-06,0.0003714196680562054,155.94260692002808,65.60358476638794
35,131,0.010844169184565544,0.11657455563545227,-0.07658674754202366,0.09302346575854867,65.60358476638794
35,132,0.048213131725788116,1.1746478080749512,-0.8327727243304253,0.041044755197526164,65.60358476638794
35,133,0.0500916987657547,0.4074641168117523,-0.25550638884305954,0.12293523944532775,65.60358476638794
35,134,0.0010096626356244087,0.26647260785102844,-0.19884479325264692,0.0037889922111058855,65.60358476638794
35,135,0.035941459238529205,0.03027094528079033,0.013238250277936459,1.1873253016697172,65.60358476638794
35,136,0.0028715103399008512,0.055924978107213974,-0.03907222324050963,0.05134575706662813,65.60358476638794
35,137,0.027909819036722183,0.8677175641059875,-0.6228783540427685,0.03216463535049634,65.60358476638794
35,138,0.003790894988924265,0.39915138483047485,-0.2955726436339319,0.009497386538004405,65.60358476638794
35,139,0.00011711032129824162,0.0012653326848521829,-0.0008318891923408955,0.09255298832288486,65.60358476638794
35,140,0.005530588794499636,0.03927332162857056,-0.023924402426928282,0.1408230464095866,65.60358476638794
35,141,0.0014170631766319275,0.008459454402327538,-0.004927527625113726,0.16751236061684116,65.60358476638794
35,142,0.012021130882203579,0.003832663409411907,0.009146633325144649,3.136495328430532,65.60358476638794
35,143,0.011940392665565014,0.12768258154392242,-0.0838215434923768,0.09351622219013514,65.60358476638794
35,144,0.6777039170265198,4.375462532043457,-2.603892982006073,0.15488737752025936,65.60358476638794
35,145,0.01854424737393856,0.016680359840393066,0.006033977493643761,1.111741446243874,65.60358476638794
35,146,0.032743439078330994,0.02045360393822193,0.017403236124664545,1.6008640421330353,65.60358476638794
35,147,0.0021675475873053074,0.018423834815621376,-0.011650328524410725,0.11764910014009775,65.60358476638794
35,148,0.0019746357575058937,0.059039246290922165,-0.04230479896068573,0.03344615457558892,65.60358476638794
35,149,0.11534763872623444,0.009161148220300674,0.10847677756100893,12.590958681144196,65.60358476638794
35,150,0.0041632261127233505,0.034018777310848236,-0.021350856870412827,0.12238023943539443,65.60358476638794
35,151,0.0,0.0,0.0,0.0,65.60358476638794
35,152,0.00786115974187851,0.05073047801852226,-0.030186698772013187,0.1549593074769245,65.60358476638794
35,153,0.008174460381269455,0.0,0.008174460381269455,8174460381.269455,65.60358476638794
35,154,0.0015462387818843126,0.015665169805288315,-0.010202638572081923,0.09870552320879544,65.60358476638794
35,155,0.009111289866268635,0.1568225473165512,-0.10850562062114477,0.05809936148925774,65.60358476638794
35,156,0.004958706442266703,0.0,0.004958706442266703,4958706442.266703,65.60358476638794
35,157,0.0027546477504074574,0.01691136509180069,-0.00992887606844306,0.16288736806824272,65.60358476638794
35,158,0.03544124960899353,0.36223104596138,-0.23623203486204147,0.09784155721614854,65.60358476638794
35,159,0.08121781051158905,0.0833728238940239,0.01868819259107113,0.974152088381362,65.60358476638794
35,160,0.02686949446797371,0.03143781051039696,0.003291136585175991,0.8546872072478736,65.60358476638794
35,161,0.0007527731359004974,0.008051483891904354,-0.005285839783027768,0.0934949564469606,65.60358476638794
35,162,0.007853991352021694,0.07026636600494385,-0.04484578315168619,0.11177454874153193,65.60358476638794
35,163,0.0006119304453022778,0.009669562801718712,-0.006640241655986756,0.06328418955304022,65.60358476638794
35,164,0.0,0.0,0.0,0.0,65.60358476638794
35,165,0.0018789982423186302,0.10259726643562317,-0.07506895158439875,0.018314310971231706,65.60358476638794
35,166,0.004538640845566988,0.047654010355472565,-0.031201866921037436,0.09524152976037055,65.60358476638794
35,167,0.0,0.07664579153060913,-0.05748434364795685,0.0,65.60358476638794
35,168,0.001831510104238987,0.0054624974727630615,-0.002265363000333309,0.3352880459965279,65.60358476638794
35,169,0.009133631363511086,0.008921432308852673,0.002442557131871581,1.0237853123005891,65.60358476638794
35,170,0.0077054924331605434,0.07928197085857391,-0.05175598571076989,0.09719097986109215,65.60358476638794
35,171,0.004090649541467428,0.49664172530174255,-0.3683906444348395,0.008236620753066717,65.60358476638794
35,172,0.0,0.0,0.0,0.0,65.60358476638794
35,173,0.017906995490193367,0.05195371434092522,-0.021058290265500546,0.3446720935550688,65.60358476638794
35,174,0.059344321489334106,0.0013577684294432402,0.058325995167251676,43.70724798039478,65.60358476638794
35,175,0.006127624772489071,0.08436841517686844,-0.05714868661016226,0.0726293691729375,65.60358476638794
35,176,0.0002745688834693283,0.4779588580131531,-0.3581945746263955,0.0005744613346222321,65.60358476638794
35,177,0.0,0.0,0.0,0.0,65.60358476638794
35,178,0.0011067984160035849,0.031306128948926926,-0.02237279829569161,0.035354048971492795,65.60358476638794
35,179,0.0016517903422936797,0.0404074527323246,-0.02865379920694977,0.040878358583871455,65.60358476638794
35,180,0.001691597979515791,0.1171068400144577,-0.08613853203132749,0.014444911836853473,65.60358476638794
35,181,0.16097578406333923,0.23329845070838928,-0.013998053967952728,0.6899993702223957,65.60358476638794
35,182,0.0008605493931099772,0.020248955115675926,-0.014326166943646967,0.042498459211916376,65.60358476638794
35,183,0.03050043433904648,0.022726019844412804,0.013455919455736876,1.3420930962182067,65.60358476638794
35,184,0.16699950397014618,0.015724021941423416,0.15520648751407862,10.62066083230153,65.60358476638794
35,185,0.0008988455520011485,4.382883162179496e-06,0.0008955583896295138,205.08083689671952,65.60358476638794
35,186,0.0,0.010436011478304863,-0.007827008608728647,0.0,65.60358476638794
35,187,0.003004722762852907,0.021902455016970634,-0.013422118499875069,0.1371865738515421,65.60358476638794
35,188,0.0003699733642861247,0.005541936494410038,-0.003786479006521404,0.06675886029956231,65.60358476638794
35,189,0.0001454227458452806,0.0020861851517111063,-0.0014192161179380491,0.06970749727381395,65.60358476638794
35,190,0.14373058080673218,0.30018702149391174,-0.08140968531370163,0.47880344756733084,65.60358476638794
35,191,0.0008073337958194315,0.3697175979614258,-0.2764808646752499,0.0021836499000014616,65.60358476638794
35,192,0.0004132901958655566,6.23100422671996e-05,0.0003665576641651569,6.632802260997869,65.60358476638794
35,193,0.09410704672336578,1.0781803131103516,-0.7145281881093979,0.08728321745348605,65.60358476638794
35,194,0.3415692150592804,1.2797096967697144,-0.6182130575180054,0.2669114846290638,65.60358476638794
35,195,0.013565987348556519,0.045720551162958145,-0.02072442602366209,0.2967153064254984,65.60358476638794
35,196,0.004867793060839176,0.01338199246674776,-0.005168701289221644,0.3637569721079393,65.60358476638794
35,197,0.02641696110367775,0.1017017588019371,-0.04985935799777508,0.2597493043838573,65.60358476638794
35,198,0.0014051893958821893,0.0,0.0014051893958821893,1405189395.8821893,65.60358476638794
35,199,1.4642073438153602e-05,0.10015157610177994,-0.0750990400028968,0.0001461991314358075,65.60358476638794
35,200,0.003392860759049654,0.6978680491447449,-0.520008176099509,0.004861751104958638,65.60358476638794
35,201,0.0741785541176796,0.020486680790781975,0.058813543524593115,3.6208185636120995,65.60358476638794
35,202,0.0024432477075606585,0.019517887383699417,-0.012195167830213904,0.12517992646458165,65.60358476638794
35,203,0.00274855038151145,0.015902994200587273,-0.009178695268929005,0.1728322570373017,65.60358476638794
35,204,0.009919477626681328,0.06132453680038452,-0.03607392497360706,0.16175381248794654,65.60358476638794
35,205,0.0021167865488678217,0.01904960535466671,-0.01217041746713221,0.1111197061223181,65.60358476638794
35,206,0.0008918834500946105,0.05714254826307297,-0.041965027747210115,0.015608044744048652,65.60358476638794
35,207,0.00013259817205835134,0.0034840900916606188,-0.0024804693966871127,0.03805819267925216,65.60358476638794
35,208,0.00293543329462409,0.012285218574106693,-0.00627848063595593,0.23894025789432052,65.60358476638794
35,209,0.00506489397957921,0.048023771494627,-0.03095293464139104,0.10546639345142676,65.60358476638794
35,210,0.017896631732583046,0.16214214265346527,-0.10370997525751591,0.11037618869217641,65.60358476638794
35,211,0.011769733391702175,0.013051241636276245,0.0019813021644949913,0.9018094767386808,65.60358476638794
35,212,7.23833727533929e-05,0.010274968110024929,-0.007633842709765304,0.007044632350316137,65.60358476638794
35,213,0.005590823944658041,0.1221824660897255,-0.08604602562263608,0.04575798904326112,65.60358476638794
35,214,0.0024002466816455126,0.02198401279747486,-0.014087762916460633,0.10918146307720625,65.60358476638794
35,215,0.01334859523922205,0.14535290002822876,-0.09566607978194952,0.09183576823398641,65.60358476638794
35,216,0.0039817215874791145,0.06687133759260178,-0.04617178160697222,0.059543022926762626,65.60358476638794
35,217,0.03184427320957184,0.009269989095628262,0.024891781387850642,3.4352007189689613,65.60358476638794
35,218,0.13974551856517792,0.6102854609489441,-0.31796857714653015,0.22898385674739172,65.60358476638794
35,219,0.0,0.0,0.0,0.0,65.60358476638794
35,220,0.0001796147698769346,0.0,0.0001796147698769346,179614769.8769346,65.60358476638794
35,221,0.018202241510152817,0.040629792958498,-0.012270103208720684,0.4480023200782196,65.60358476638794
35,222,0.026555610820651054,0.12326055765151978,-0.06588980741798878,0.21544289046227746,65.60358476638794
35,223,0.0042312005534768105,0.007898993790149689,-0.001693044789135456,0.5356632332358074,65.60358476638794
35,224,0.016222959384322166,0.1409536451101303,-0.08949227444827557,0.11509428771091164,65.60358476638794
35,225,0.009432739578187466,0.0191081240773201,-0.0048983534798026085,0.4936507393151045,65.60358476638794
35,226,0.0037976917810738087,0.04097616299986839,-0.026934430468827486,0.09268051235039566,65.60358476638794
35,227,0.008462994359433651,0.00984150916337967,0.001081862486898899,0.8599285148323175,65.60358476638794
35,228,0.0115707041695714,0.022559035569429398,-0.0053485725075006485,0.5129077496884836,65.60358476638794
35,229,0.01445847749710083,0.19323612749576569,-0.13046861812472343,0.07482284852423794,65.60358476638794
35,230,0.0004698840784840286,0.04030432924628258,-0.029758362856227905,0.011658402143380401,65.60358476638794
35,231,0.32467323541641235,0.5920969843864441,-0.11939950287342072,0.5483446867278072,65.60358476638794
35,232,0.002555530285462737,0.0321170948445797,-0.021532290847972035,0.07956916083941687,65.60358476638794
35,233,0.016945572569966316,0.0014268781524151564,0.01587541395565495,11.875977307107826,65.60358476638794
35,234,0.0742664784193039,0.2837788462638855,-0.13856765627861023,0.26170547733491706,65.60358476638794
35,235,0.0027833275962620974,0.03570890426635742,-0.02399835060350597,0.07794491747556703,65.60358476638794
35,236,0.02208070456981659,0.23672296106815338,-0.15546151623129845,0.09327656459723904,65.60358476638794
35,237,0.0009631236898712814,0.24516592919826508,-0.18291132320882753,0.003928456507055991,65.60358476638794
35,238,0.0,0.0,0.0,0.0,65.60358476638794
35,239,0.0006856170948594809,0.056644223630428314,-0.041797550627961755,0.012103919003650623,65.60358476638794
35,240,0.2297554612159729,1.2083792686462402,-0.6765289902687073,0.19013522258883186,65.60358476638794
35,241,0.18878328800201416,0.17205078899860382,0.059745196253061295,1.0972532535288104,65.60358476638794
35,242,0.0,0.04377691447734833,-0.032832685858011246,0.0,65.60358476638794
35,243,0.008583230897784233,0.2621706426143646,-0.18804475106298923,0.032739100046288744,65.60358476638794
35,244,0.003642855677753687,0.007800055667757988,-0.002207186073064804,0.4670294460005749,65.60358476638794
35,245,0.0034804311580955982,0.023029381409287453,-0.013791604898869991,0.15113003237424585,65.60358476638794
35,246,0.0641728937625885,0.12736721336841583,-0.03135251626372337,0.5038415465404071,65.60358476638794
35,247,0.0,0.0,0.0,0.0,65.60358476638794
35,248,0.011944029480218887,0.3200609087944031,-0.22810165211558342,0.03731798902019001,65.60358476638794
35,249,0.03205299377441406,0.17419332265853882,-0.09859199821949005,0.184008165669253,65.60358476638794
35,250,0.017409073188900948,0.0032678807619959116,0.014958162617404014,5.327328152860982,65.60358476638794
35,251,0.0022040829062461853,0.036996737122535706,-0.025543469935655594,0.0595750619544242,65.60358476638794
35,252,0.034838296473026276,0.5709466338157654,-0.39337167888879776,0.061018481254776914,65.60358476638794
35,253,0.0541427806019783,0.2506563663482666,-0.13384949415922165,0.216004011350485,65.60358476638794
35,254,0.12207086384296417,0.11468223482370377,0.03605918772518635,1.0644269710086676,65.60358476638794
35,255,1.26911461353302,0.010820767842233181,1.2609990376513451,117.28507920319785,65.60358476638794
36,0,0.02669106423854828,0.09857569634914398,-0.04724070802330971,0.2707671893459497,65.62170791625977
36,1,0.009267957881093025,0.0018576186848804355,0.007874743867432699,4.989160558912224,65.62170791625977
36,2,0.04399072751402855,0.2733452320098877,-0.16101819649338722,0.160934680259125,65.62170791625977
36,3,0.0,0.0,0.0,0.0,65.62170791625977
36,4,0.002261387649923563,0.08814574778079987,-0.06384792318567634,0.025655096324345768,65.62170791625977
36,5,0.020562687888741493,0.10273744910955429,-0.056490398943424225,0.20014793112698642,65.62170791625977
36,6,0.00042517800466157496,0.0,0.00042517800466157496,425178004.66157496,65.62170791625977
36,7,0.002383934101089835,0.053441211581230164,-0.03769697458483279,0.04460853394803125,65.62170791625977
36,8,0.010816085152328014,0.00987268052995205,0.0034115747548639774,1.095557089933,65.62170791625977
36,9,0.0008925728616304696,0.005799306556582451,-0.0034569070558063686,0.1539102740591377,65.62170791625977
36,10,0.03243158757686615,0.015480448491871357,0.020821251207962632,2.0950030996712194,65.62170791625977
36,11,0.02654927596449852,0.015111664310097694,0.015215527731925249,1.7568730629492133,65.62170791625977
36,12,0.02399931289255619,0.5118077993392944,-0.35985653661191463,0.04689126059331377,65.62170791625977
36,13,0.04129353538155556,0.3055726885795593,-0.18788598105311394,0.135134902184392,65.62170791625977
36,14,0.011326569132506847,0.0870462954044342,-0.053958152420818806,0.13012120825764334,65.62170791625977
36,15,0.0016958917258307338,0.009266726672649384,-0.005254153278656304,0.1830087133845359,65.62170791625977
36,16,0.01632153056561947,0.12230868637561798,-0.07540998421609402,0.1334453917308991,65.62170791625977
36,17,0.0040731471963226795,0.00306517886929214,0.0017742630443535745,1.3288448631170653,65.62170791625977
36,18,0.0,0.01611221954226494,-0.012084164656698704,0.0,65.62170791625977
36,19,0.0021017943508923054,0.016187552362680435,-0.010038869921118021,0.1298401576515078,65.62170791625977
36,20,0.0007900488562881947,0.024430492892861366,-0.01753282081335783,0.03233863760835991,65.62170791625977
36,21,0.0020010480657219887,0.021165013313293457,-0.013872711919248104,0.09454508891665155,65.62170791625977
36,22,0.004259302280843258,0.020853597670793533,-0.011380895972251892,0.2042478400072122,65.62170791625977
36,23,0.008059329353272915,0.006102263927459717,0.0034826314076781273,1.320711370035282,65.62170791625977
36,24,0.0014473912306129932,0.009839467704296112,-0.005932209547609091,0.147100562140565,65.62170791625977
36,25,0.002966297324746847,0.025788279250264168,-0.01637491211295128,0.11502501953872848,65.62170791625977
36,26,0.0017402154626324773,0.041698142886161804,-0.029533391701988876,0.0417336442858289,65.62170791625977
36,27,0.007181615103036165,0.012973545119166374,-0.0025485437363386154,0.5535584172650618,65.62170791625977
36,28,0.003943005111068487,0.09728436917066574,-0.06902027176693082,0.04053071572176977,65.62170791625977
36,29,0.007239144295454025,0.024080907925963402,-0.010821536649018526,0.30061758125607685,65.62170791625977
36,30,0.16349321603775024,0.9526407718658447,-0.5509873628616333,0.1716210568201489,65.62170791625977
36,31,0.01837516948580742,0.15505072474479675,-0.09791287407279015,0.11851069716657708,65.62170791625977
36,32,0.009158512577414513,0.06013200059533119,-0.03594048786908388,0.1523067998168898,65.62170791625977
36,33,0.0006070438539609313,6.3794050220167264e-06,0.0006022593001944188,95.15679859000824,65.62170791625977
36,34,0.006764299236238003,0.03677324950695038,-0.02081563789397478,0.183946192592405,65.62170791625977
36,35,0.0003403875743970275,0.002390436362475157,-0.00145243969745934,0.14239558082281703,65.62170791625977
36,36,0.012901034206151962,0.09213719516992569,-0.056201862171292305,0.1400198278471466,65.62170791625977
36,37,0.05894416943192482,0.0010250488994643092,0.05817538275732659,57.503763386532384,65.62170791625977
36,38,0.014126976951956749,0.044285353273153305,-0.01908703800290823,0.3189988541923141,65.62170791625977
36,39,0.0,0.3598657250404358,-0.26989929378032684,0.0,65.62170791625977
36,40,0.002446097554638982,0.03147130832076073,-0.021157383685931563,0.07772468591487301,65.62170791625977
36,41,1.2255859375,0.09438661485910416,1.1547959763556719,12.984743009551847,65.62170791625977
36,42,0.014644316397607327,0.001505859661847353,0.013514921651221812,9.724887888900044,65.62170791625977
36,43,0.00046374936937354505,0.005702141672372818,-0.0038128568849060684,0.08132898057217809,65.62170791625977
36,44,0.008684053085744381,0.021108167245984077,-0.007147072348743677,0.411407252185059,65.62170791625977
36,45,0.030031906440854073,0.22858473658561707,-0.14140664599835873,0.1313819412849298,65.62170791625977
36,46,0.014151261188089848,0.3704937994480133,-0.26371908839792013,0.0381956761736233,65.62170791625977
36,47,0.003924570512026548,0.04071284458041191,-0.026610062923282385,0.09639637201421128,65.62170791625977
36,48,0.00593041954562068,0.05298689380288124,-0.03380975080654025,0.11192238532741246,65.62170791625977
36,49,0.034270867705345154,0.0005657724104821682,0.03384653839748353,60.573592861420906,65.62170791625977
36,50,0.00019262883870396763,0.1176479384303093,-0.088043324984028,0.0016373328871923851,65.62170791625977
36,51,0.001813296228647232,0.0238206647336483,-0.016052202321588993,0.07612282229931669,65.62170791625977
36,52,0.013752891682088375,0.056846413761377335,-0.028881918638944626,0.24193068255064584,65.62170791625977
36,53,0.0003224867978133261,0.3466075360774994,-0.2596331652603112,0.0009304090772575978,65.62170791625977
36,54,0.00060121068963781,0.030352171510457993,-0.022162917943205684,0.019807831192929705,65.62170791625977
36,55,0.0016721751308068633,0.042897723615169525,-0.03050111758057028,0.038980509683189044,65.62170791625977
36,56,0.013681864365935326,0.23519764840602875,-0.16271637193858624,0.05817177364910444,65.62170791625977
36,57,0.0023413891904056072,0.05930923670530319,-0.04214053833857179,0.039477648346750216,65.62170791625977
36,58,0.0012702663661912084,0.02095622755587101,-0.014446904300712049,0.06061522107182505,65.62170791625977
36,59,0.002084209583699703,0.0179907213896513,-0.01140883145853877,0.11584913903356552,65.62170791625977
36,60,0.05719307065010071,0.005373481195420027,0.05316295975353569,10.643578819668045,65.62170791625977
36,61,0.001320748357102275,0.006894607096910477,-0.0038502069655805826,0.19156252681933814,65.62170791625977
36,62,0.005042835138738155,0.5937267541885376,-0.44025223050266504,0.00849352855190405,65.62170791625977
36,63,0.0,0.021724987775087357,-0.016293740831315517,0.0,65.62170791625977
36,64,0.003910061903297901,0.04352765530347824,-0.02873567957431078,0.08982937114224997,65.62170791625977
36,65,0.022250406444072723,0.090865358710289,-0.04589861258864403,0.24487226771172543,65.62170791625977
36,66,0.0001910462451633066,0.03963236138224602,-0.029533224791521206,0.004820460817761631,65.62170791625977
36,67,3.7575318856397644e-05,0.30180174112319946,-0.2263137305235432,0.000124503320346765,65.62170791625977
36,68,0.027336526662111282,0.017531922087073326,0.014187585096806288,1.5592429925699856,65.62170791625977
36,69,0.07090271264314651,0.33770686388015747,-0.1823774352669716,0.20995342477876883,65.62170791625977
36,70,0.185480996966362,0.569087564945221,-0.2413346767425537,0.32592698978388335,65.62170791625977
36,71,0.07698304206132889,0.05282413214445114,0.03736494295299053,1.4573460828349483,65.62170791625977
36,72,0.009579304605722427,0.0021129846572875977,0.007994566112756729,4.5335419583621945,65.62170791625977
36,73,0.00045269279507920146,0.08642297983169556,-0.06436454207869247,0.005238106762293547,65.62170791625977
36,74,0.007666090503334999,0.08946392685174942,-0.059431854635477066,0.08568917968415113,65.62170791625977
36,75,0.002208287827670574,0.003900193376466632,-0.0007168572046793997,0.56619957370036,65.62170791625977
36,76,0.0036437094677239656,0.03309742733836174,-0.02117936103604734,0.11009041368573731,65.62170791625977
36,77,0.003568029962480068,0.034074049443006516,-0.02198750711977482,0.10471399850327065,65.62170791625977
36,78,0.017988907173275948,0.2386348843574524,-0.16098725609481335,0.07538255448962311,65.62170791625977
36,79,0.1009630411863327,0.021577974781394005,0.0847795601002872,4.678985966222878,65.62170791625977
36,80,0.02583363838493824,0.2657393515110016,-0.17347087524831295,0.09721419969586821,65.62170791625977
36,81,0.0021509763319045305,0.3733024299144745,-0.27782584610395133,0.005762020709030928,65.62170791625977
36,82,0.000522212649229914,0.0,0.000522212649229914,522212649.22991395,65.62170791625977
36,83,0.00046449588262476027,0.3923843204975128,-0.29382374449050985,0.001183777889072203,65.62170791625977
36,84,0.001740245264954865,0.04853633791208267,-0.03466200816910714,0.035854482224663115,65.62170791625977
36,85,0.014869599603116512,0.034751348197460175,-0.011193911544978619,0.427885546143369,65.62170791625977
36,86,0.030648984014987946,0.17671069502830505,-0.10188403725624084,0.17344159056080466,65.62170791625977
36,87,0.0041557978838682175,0.04847511649131775,-0.032200539484620094,0.08573053938976756,65.62170791625977
36,88,0.009720230475068092,0.008175365626811981,0.0035887062549591064,1.1889658417234081,65.62170791625977
36,89,0.0021945203188806772,0.012581049464643002,-0.007241266779601574,0.17443062479593532,65.62170791625977
36,90,0.0,0.0113810570910573,-0.008535792818292975,0.0,65.62170791625977
36,91,0.0032617419492453337,0.033780377358198166,-0.02207354106940329,0.09655729758617346,65.62170791625977
36,92,0.03849397972226143,0.1672351062297821,-0.08693234995007515,0.2301788218386412,65.62170791625977
36,93,0.18176494538784027,0.044491834938526154,0.14839606918394566,4.085355113694399,65.62170791625977
36,94,2.1791433937323745e-06,0.0,2.1791433937323745e-06,2179143.3937323745,65.62170791625977
36,95,0.0006797552923671901,3.704941987991333,-2.7780267357011326,0.00018347258730913138,65.62170791625977
36,96,0.0039628720842301846,0.41233888268470764,-0.30529128992930055,0.009610716453463253,65.62170791625977
36,97,0.12555405497550964,0.007031784392893314,0.12028021668083966,17.8552196629558,65.62170791625977
36,98,0.02082374319434166,0.07196349650621414,-0.03314887918531895,0.2893653616768626,65.62170791625977
36,99,0.017856482416391373,0.016745256260037422,0.005297540221363306,1.0663606539088646,65.62170791625977
36,100,0.004273040220141411,0.025255318731069565,-0.014668448828160763,0.16919367621028847,65.62170791625977
36,101,0.0021841430570930243,0.09947610646486282,-0.0724229367915541,0.021956459040167155,65.62170791625977
36,102,0.16130486130714417,0.17635980248451233,0.029035009443759918,0.9146350757588033,65.62170791625977
36,103,0.0014708915259689093,0.6037583947181702,-0.4513479045126587,0.002436225382262509,65.62170791625977
36,104,0.02166210487484932,0.34846070408821106,-0.23968342319130898,0.06216512972809555,65.62170791625977
36,105,0.0037965045776218176,0.008250851184129715,-0.0023916338104754686,0.4601348991076405,65.62170791625977
36,106,0.01904391683638096,4.546373929770198e-06,0.01904050705593363,4188.8135339826795,65.62170791625977
36,107,0.015377385541796684,0.13368014991283417,-0.08488272689282894,0.11503118115672702,65.62170791625977
36,108,0.006714688614010811,0.07889655232429504,-0.05245772562921047,0.08510750363749434,65.62170791625977
36,109,0.0014195358380675316,0.007639296352863312,-0.004309936426579952,0.1858202342614513,65.62170791625977
36,110,0.004805966280400753,0.24876999855041504,-0.18177153263241053,0.019318914291859314,65.62170791625977
36,111,0.006717985030263662,0.03804159164428711,-0.02181320870295167,0.17659579264990977,65.62170791625977
36,112,0.001342716277576983,0.008342089131474495,-0.004913850571028888,0.1609568366214155,65.62170791625977
36,113,4.481213181861676e-05,0.002186079975217581,-0.0015947478495945688,0.020498852881014912,65.62170791625977
36,114,0.0,0.09003374725580215,-0.06752531044185162,0.0,65.62170791625977
36,115,0.010348383337259293,0.02228272706270218,-0.006363661959767342,0.4644127851889577,65.62170791625977
36,116,0.01989961415529251,0.09623725712299347,-0.05227832868695259,0.2067766138601972,65.62170791625977
36,117,0.0,0.0,0.0,0.0,65.62170791625977
36,118,0.0008053340134210885,0.07040180265903473,-0.05199601798085496,0.011439110690247362,65.62170791625977
36,119,0.00743646128103137,0.008234057575464249,0.0012609180994331837,0.9031344767720981,65.62170791625977
36,120,0.01074572280049324,0.5597620010375977,-0.409075777977705,0.019196949383050894,65.62170791625977
36,121,0.0,0.0775599256157875,-0.05816994421184063,0.0,65.62170791625977
36,122,0.025348754599690437,0.02147090807557106,0.009245573543012142,1.1806093393576989,65.62170791625977
36,123,0.025470329448580742,0.062199514359235764,-0.02117930632084608,0.4094940243595207,65.62170791625977
36,124,0.07500015944242477,0.11609764397144318,-0.012073073536157608,0.6460093148852076,65.62170791625977
36,125,0.002933973679319024,0.020236216485500336,-0.012243188684806228,0.14498627652438342,65.62170791625977
36,126,0.1573445200920105,0.07371927052736282,0.10205506719648838,2.1343743496684984,65.62170791625977
36,127,0.053551897406578064,0.20549669861793518,-0.10057062655687332,0.2605973612543652,65.62170791625977
36,128,0.012026594020426273,0.36918193101882935,-0.26485985424369574,0.03257633434876938,65.62170791625977
36,129,0.0,0.0,0.0,0.0,65.62170791625977
36,130,0.00035898436908610165,0.04524319991469383,-0.03357341556693427,0.00793454861183632,65.62170791625977
36,131,0.0011945542646571994,0.05195806547999382,-0.037773994845338166,0.02299073788831044,65.62170791625977
36,132,0.0003443554451223463,0.2283187061548233,-0.17089467417099513,0.0015082226547277736,65.62170791625977
36,133,0.010677404701709747,0.3023233413696289,-0.21606510132551193,0.03531783107881154,65.62170791625977
36,134,0.008402354083955288,0.04735073447227478,-0.027110696770250797,0.1774492872691903,65.62170791625977
36,135,0.0011666573118418455,0.0389397069811821,-0.02803812292404473,0.02996060839327016,65.62170791625977
36,136,0.0,0.0,0.0,0.0,65.62170791625977
36,137,0.005398862063884735,0.0005388264544308186,0.004994742223061621,10.019667760314546,65.62170791625977
36,138,0.029420191422104836,0.16405531764030457,-0.09362129680812359,0.17933092230774267,65.62170791625977
36,139,0.006256951950490475,0.004790338687598705,0.0026641979347914457,1.3061606615378567,65.62170791625977
36,140,0.0059201763942837715,0.06120581552386284,-0.03998418524861336,0.09672571705018612,65.62170791625977
36,141,0.001646658987738192,0.9411759376525879,-0.7042352942517027,0.0017495761651571955,65.62170791625977
36,142,0.009606211446225643,0.06809891760349274,-0.04146797675639391,0.14106261573813744,65.62170791625977
36,143,0.018647311255335808,0.003411335637792945,0.0160888095269911,5.466278674922151,65.62170791625977
36,144,0.007687699515372515,0.42802247405052185,-0.3133291560225189,0.01796097163451079,65.62170791625977
36,145,0.0,0.0,0.0,0.0,65.62170791625977
36,146,0.05054791271686554,0.01913014054298401,0.03620030730962753,2.6423178962353053,65.62170791625977
36,147,0.0014760949416086078,0.010791534557938576,-0.006617555976845324,0.13678267289483548,65.62170791625977
36,148,0.0,0.006653726100921631,-0.004990294575691223,0.0,65.62170791625977
36,149,0.0018198008183389902,0.014357483014464378,-0.008948311442509294,0.1267492927819515,65.62170791625977
36,150,0.017737699672579765,0.02315455488860607,0.0003717835061252117,0.7660566034263135,65.62170791625977
36,151,0.02072458527982235,0.029808660969138145,-0.0016319104470312595,0.6952538156807486,65.62170791625977
36,152,0.0007629666361026466,0.0049596503376960754,-0.00295677111716941,0.1538347633400373,65.62170791625977
36,153,0.00023060633975546807,0.023602422326803207,-0.017471210405346937,0.009770452225313255,65.62170791625977
36,154,0.022828316316008568,0.7628714442253113,-0.5493252668529749,0.029924198223411788,65.62170791625977
36,155,0.003344370052218437,0.02158212661743164,-0.012842224910855293,0.15496017196758854,65.62170791625977
36,156,0.0005205016350373626,0.00133287173230201,-0.00047915216418914497,0.3905114213412644,65.62170791625977
36,157,0.008039250038564205,0.013534804806113243,-0.002111853566020727,0.5939686721111161,65.62170791625977
36,158,0.0,0.011863612569868565,-0.008897709427401423,0.0,65.62170791625977
36,159,0.0009225495741702616,0.10528227686882019,-0.07803915807744488,0.008762629395933173,65.62170791625977
36,160,0.0,0.0,0.0,0.0,65.62170791625977
36,161,0.0,0.0,0.0,0.0,65.62170791625977
36,162,0.03136822581291199,0.28921329975128174,-0.18554174900054932,0.10846052321860593,65.62170791625977
36,163,0.002164482371881604,0.018764622509479523,-0.011908984510228038,0.1153491028488743,65.62170791625977
36,164,0.01921100541949272,0.0765039473772049,-0.03816695511341095,0.25111129657821707,65.62170791625977
36,165,0.003402560716494918,0.00313726719468832,0.0010496103204786777,1.0845619783903653,65.62170791625977
36,166,0.003097065258771181,0.012037219479680061,-0.005930849350988865,0.2572907525481298,65.62170791625977
36,167,0.0,0.0004082770610693842,-0.00030620779580203816,0.0,65.62170791625977
36,168,0.020418843254446983,0.10933879017829895,-0.06158524937927723,0.18674839204790167,65.62170791625977
36,169,0.0011482448317110538,0.01905311830341816,-0.013141593895852566,0.060265454366322364,65.62170791625977
36,170,0.00018697266932576895,0.09445087611675262,-0.0706511844182387,0.001979575807138821,65.62170791625977
36,171,0.019762689247727394,0.13022547960281372,-0.0779064204543829,0.15175746948947028,65.62170791625977
36,172,0.009483377449214458,0.08562228828668594,-0.0547333387658,0.11075828080360171,65.62170791625977
36,173,0.014876660890877247,0.008234847337007523,0.008700525388121605,1.806549688203055,65.62170791625977
36,174,0.0033381653483957052,0.0386606827378273,-0.02565734670497477,0.08634522496528892,65.62170791625977
36,175,0.0,0.0,0.0,0.0,65.62170791625977
36,176,0.0020445024129003286,0.0,0.0020445024129003286,2044502412.9003286,65.62170791625977
36,177,0.012148229405283928,0.01437955442816019,0.001363563584163785,0.8448265532239736,65.62170791625977
36,178,0.0,0.7641594409942627,-0.573119580745697,0.0,65.62170791625977
36,179,0.00021436312817968428,0.0017891819588840008,-0.0011275233409833163,0.11981069169375161,65.62170791625977
36,180,0.0096110375598073,0.2511777877807617,-0.178772303275764,0.03826388330228446,65.62170791625977
36,181,0.0023159345146268606,0.023457132279872894,-0.01527691469527781,0.09873050494391804,65.62170791625977
36,182,0.01286983396857977,0.1705711930990219,-0.11505856085568666,0.07545139208255978,65.62170791625977
36,183,0.00897936336696148,0.07727982103824615,-0.04898050241172314,0.11619285922519614,65.62170791625977
36,184,0.009886384010314941,0.05987745523452759,-0.03502170741558075,0.16511029019898915,65.62170791625977
36,185,0.012086126953363419,0.09646542370319366,-0.06026294082403183,0.12528973065442509,65.62170791625977
36,186,0.01568089798092842,0.006932007614523172,0.010481892270036042,2.262100512673045,65.62170791625977
36,187,0.033239446580410004,0.0950954332947731,-0.03808212839066982,0.34953777934873204,65.62170791625977
36,188,0.00011087102757301182,0.010613556951284409,-0.007849296685890295,0.010446170692017484,65.62170791625977
36,189,0.0015676467446610332,0.10866618156433105,-0.07993198942858726,0.014426261437359426,65.62170791625977
36,190,0.020264970138669014,0.2564617097377777,-0.17208131216466427,0.07901752725313324,65.62170791625977
36,191,6.416586302293581e-07,0.0036128517240285873,-0.002708997134391211,0.00017760447399049593,65.62170791625977
36,192,0.004286255221813917,0.09210193902254105,-0.06479019904509187,0.04653816485577312,65.62170791625977
36,193,0.0025373108219355345,0.01177284400910139,-0.006292322184890509,0.21552233425996803,65.62170791625977
36,194,0.001307962229475379,0.010811207816004753,-0.006800443632528186,0.12098206339333417,65.62170791625977
36,195,0.024736858904361725,0.024480950087308884,0.006376146338880062,1.010453385801193,65.62170791625977
36,196,0.0018476879922673106,0.01553927268832922,-0.009806766523979604,0.1189044062233436,65.62170791625977
36,197,0.018184779211878777,0.07993718981742859,-0.041768113151192665,0.22748834745359645,65.62170791625977
36,198,0.04165198653936386,1.095672369003296,-0.7801022902131081,0.03801500130665479,65.62170791625977
36,199,0.0,0.5233469009399414,-0.39251017570495605,0.0,65.62170791625977
36,200,0.0017312683630734682,0.006252465303987265,-0.0029580806149169803,0.27689371769764576,65.62170791625977
36,201,0.0014731468399986625,0.001745410030707717,0.00016408931696787477,0.8440119016374216,65.62170791625977
36,202,0.001950426958501339,0.6029846668243408,-0.4502880731597543,0.0032346211534202995,65.62170791625977
36,203,0.047991298139095306,0.08684071898460388,-0.017139241099357605,0.5526358913155833,65.62170791625977
36,204,0.020698700100183487,0.013156073167920113,0.010831645224243402,1.5733190165802713,65.62170791625977
36,205,0.014787940308451653,0.04680081456899643,-0.02031267061829567,0.31597613084991183,65.62170791625977
36,206,0.03771893307566643,0.015420468524098396,0.02615358168259263,2.446030288526901,65.62170791625977
36,207,0.01763748750090599,0.49907630681991577,-0.35666974261403084,0.03534026211994647,65.62170791625977
36,208,0.015565291978418827,0.0597497895359993,-0.029247050173580647,0.2605078963295798,65.62170791625977
36,209,0.04601319134235382,0.4888406991958618,-0.32061733305454254,0.09412716948067325,65.62170791625977
36,210,0.0,0.0,0.0,0.0,65.62170791625977
36,211,0.003331798827275634,0.045861613005399704,-0.031064410926774144,0.0726489673795534,65.62170791625977
36,212,0.018561534583568573,0.022519463673233986,0.0016719368286430836,0.8242440784593844,65.62170791625977
36,213,0.004144603852182627,0.08180622011423111,-0.057210061233490705,0.05066367626257019,65.62170791625977
36,214,0.0,0.15973177552223206,-0.11979883164167404,0.0,65.62170791625977
36,215,0.005555804818868637,0.04784858599305153,-0.03033063467592001,0.11611220485301964,65.62170791625977
36,216,0.03808276355266571,0.050032902508974075,0.000558086670935154,0.7611543932529978,65.62170791625977
36,217,0.03274248167872429,0.10544176399707794,-0.04633884131908417,0.3105266873126396,65.62170791625977
36,218,0.0028072556015104055,0.12813813984394073,-0.09329634928144515,0.02190804084488389,65.62170791625977
36,219,0.004744889214634895,0.02617517113685608,-0.014886489138007164,0.18127442948300562,65.62170791625977
36,220,0.0031292354688048363,0.0195106603205204,-0.011503759771585464,0.16038593349673905,65.62170791625977
36,221,0.04654791206121445,0.2102493792772293,-0.11113912239670753,0.22139381443602835,65.62170791625977
36,222,0.043426066637039185,0.012850889004766941,0.03378789988346398,3.3792266525336405,65.62170791625977
36,223,0.16988809406757355,0.11349868774414062,0.08476407825946808,1.4968287073860658,65.62170791625977
36,224,0.0014149879571050406,0.03721357509493828,-0.026495193364098668,0.0380234350894032,65.62170791625977
36,225,0.0412883535027504,0.12037555128335953,-0.04899330995976925,0.34299617374308977,65.62170791625977
36,226,0.011831430718302727,0.027465486899018288,-0.008767684455960989,0.4307744756673092,65.62170791625977
36,227,0.016305971890687943,0.01136660948395729,0.0077810147777199745,1.4345501983038533,65.62170791625977
36,228,0.020275762304663658,0.0041673872619867325,0.01715022185817361,4.865341525791433,65.62170791625977
36,229,0.16773046553134918,0.6943327188491821,-0.3530190736055374,0.24157073543806423,65.62170791625977
36,230,0.0005097752436995506,0.23526448011398315,-0.17593858484178782,0.0021668177170238493,65.62170791625977
36,231,0.003785202046856284,0.020471759140491486,-0.01156861730851233,0.18489871928907964,65.62170791625977
36,232,0.007755426689982414,0.01082305982708931,-0.000361868180334568,0.7165650761584627,65.62170791625977
36,233,0.0255277082324028,0.10303056985139847,-0.05174521915614605,0.24776829118749688,65.62170791625977
36,234,0.0,0.0,0.0,0.0,65.62170791625977
36,235,0.007773945108056068,0.02242382988333702,-0.009043927304446697,0.3466823084260975,65.62170791625977
36,236,0.0033135951962321997,0.0020931256003677845,0.0017437509959563613,1.58308473895063,65.62170791625977
36,237,0.0036918839905411005,0.034957800060510635,-0.022526466054841876,0.10560973470999259,65.62170791625977
36,238,0.008886467665433884,0.8962453007698059,-0.6632975079119205,0.009915218141496726,65.62170791625977
36,239,0.0007572664762847126,0.08602286875247955,-0.06375988508807495,0.008803083264461367,65.62170791625977
36,240,0.00027848390163853765,0.034504011273384094,-0.025599524553399533,0.00807105873644567,65.62170791625977
36,241,0.020301036536693573,1.080420970916748,-0.7900146916508675,0.018789931964620372,65.62170791625977
36,242,0.023952310904860497,0.14837418496608734,-0.08732832781970501,0.161431794285331,65.62170791625977
36,243,0.004538666922599077,0.04354647174477577,-0.028121186885982752,0.10422582451905191,65.62170791625977
36,244,0.001997584942728281,0.018527233973145485,-0.011897840537130833,0.10781884362856782,65.62170791625977
36,245,0.003244494553655386,0.2708084285259247,-0.19986182684078813,0.011980773904652704,65.62170791625977
36,246,0.0024953274987637997,0.08630949258804321,-0.06223679194226861,0.028911391133361563,65.62170791625977
36,247,0.10483130812644958,0.3245185315608978,-0.13855759054422379,0.3230364306836337,65.62170791625977
36,248,0.005270254332572222,0.13241629302501678,-0.09404196543619037,0.03980064848618543,65.62170791625977
36,249,0.003267493797466159,0.015314695425331593,-0.008218527771532536,0.21335676005989224,65.62170791625977
36,250,0.005488547962158918,0.36443760991096497,-0.2678396594710648,0.015060322570671986,65.62170791625977
36,251,0.01876155473291874,0.020885556936264038,0.0030973870307207108,0.8983028218627175,65.62170791625977
36,252,1.5800461769104004,4.570921897888184,-1.8481452465057373,0.3456734138555405,65.62170791625977
36,253,0.014929726719856262,0.149419903755188,-0.09713520109653473,0.09991792488514416,65.62170791625977
36,254,0.0014867964200675488,0.14760537445545197,-0.10921723442152143,0.01007277970427966,65.62170791625977
36,255,0.04208291694521904,0.035269830375909805,0.015630544163286686,1.1931703809034924,65.62170791625977
37,0,0.5108906626701355,2.2613699436187744,-1.1851367950439453,0.22592086894564137,65.64235639572144
37,1,0.02935747429728508,0.041874662041664124,-0.0020485222339630127,0.7010796712191762,65.64235639572144
37,2,0.04323258996009827,0.014093535952270031,0.03266243799589574,3.0675474276607844,65.64235639572144
37,3,0.3644357919692993,0.5897212028503418,-0.07785511016845703,0.6179798016541167,65.64235639572144
37,4,0.02783857472240925,0.32473406195640564,-0.21571197174489498,0.08572730114791823,65.64235639572144
37,5,0.033886123448610306,0.014573374763131142,0.02295609237626195,2.3252077159240323,65.64235639572144
37,6,0.018445661291480064,0.03936685621738434,-0.01107948087155819,0.4685581492500774,65.64235639572144
37,7,0.0005709558026865125,0.09383828192949295,-0.0698077556444332,0.006084465646008158,65.64235639572144
37,8,0.14297817647457123,0.03692437335848808,0.11528489645570517,3.8721896532289173,65.64235639572144
37,9,0.009532633237540722,0.17717500030994415,-0.12334861699491739,0.05380348932304694,65.64235639572144
37,10,0.01916256733238697,0.24841536581516266,-0.16714895702898502,0.07713921910357203,65.64235639572144
37,11,0.004630275070667267,0.004632903262972832,0.001155597623437643,0.9994327113786288,65.64235639572144
37,12,0.027508540078997612,0.06738123297691345,-0.023027384653687477,0.40825225160267536,65.64235639572144
37,13,0.012645465321838856,0.02497144043445587,-0.006083115004003048,0.5063971121138894,65.64235639572144
37,14,0.00624899473041296,0.03962421417236328,-0.0234691658988595,0.15770646461460283,65.64235639572144
37,15,0.0004976478521712124,0.013795001432299614,-0.009848603222053498,0.036074505289281474,65.64235639572144
37,16,0.030761530622839928,0.3687976598739624,-0.24583671428263187,0.0834103194506965,65.64235639572144
37,17,0.004584836773574352,0.11077676713466644,-0.07849773857742548,0.04138807163382354,65.64235639572144
37,18,0.003813379444181919,0.021353965625166893,-0.01220209477469325,0.1785794503438298,65.64235639572144
37,19,0.02602209895849228,0.026062531396746635,0.0064752004109323025,0.9984486372932351,65.64235639572144
37,20,0.0,0.0,0.0,0.0,65.64235639572144
37,21,0.013385163620114326,0.0005134547827765346,0.013000072533031926,26.0688263953147,65.64235639572144
37,22,0.0,0.0,0.0,0.0,65.64235639572144
37,23,0.0025375219993293285,0.005451866425573826,-0.0015513778198510408,0.4654409702630976,65.64235639572144
37,24,0.012033054605126381,0.06773044168949127,-0.03876477666199207,0.17766094985935563,65.64235639572144
37,25,0.002896019257605076,0.0198871698230505,-0.012019358109682798,0.14562249345820855,65.64235639572144
37,26,0.035476185381412506,0.3452936112880707,-0.2234940230846405,0.10274208447984513,65.64235639572144
37,27,0.006125409621745348,0.03735780715942383,-0.021892945747822523,0.16396598428385525,65.64235639572144
37,28,0.01301023829728365,0.6766787171363831,-0.49449879955500364,0.01922661075010911,65.64235639572144
37,29,0.004402495454996824,0.358786016702652,-0.26468701707199216,0.012270532434471026,65.64235639572144
37,30,0.0,0.0,0.0,0.0,65.64235639572144
37,31,0.0012754722265526652,0.02951904945075512,-0.020863814861513674,0.04320844506315326,65.64235639572144
37,32,0.049582209438085556,0.013055254705250263,0.03979076840914786,3.7978737721867537,65.64235639572144
37,33,0.027347955852746964,0.05384568125009537,-0.013036305084824562,0.5078950663697032,65.64235639572144
37,34,0.0740729421377182,0.16035214066505432,-0.04619116336107254,0.46193921596582116,65.64235639572144
37,35,0.0,0.0,0.0,0.0,65.64235639572144
37,36,0.005110034253448248,0.47754183411598206,-0.3530463413335383,0.010700704919176688,65.64235639572144
37,37,0.0,0.0,0.0,0.0,65.64235639572144
37,38,0.004663692321628332,0.04098989814519882,-0.026078731287270784,0.11377662625543307,65.64235639572144
37,39,0.0,0.025553178042173386,-0.01916488353163004,0.0,65.64235639572144
37,40,0.0009360354742966592,0.009116091765463352,-0.005901033349800855,0.10267947035594623,65.64235639572144
37,41,0.0025640767998993397,0.1780555099248886,-0.13097755564376712,0.014400435015836217,65.64235639572144
37,42,0.0,0.0,0.0,0.0,65.64235639572144
37,43,0.0023876295890659094,0.07892590016126633,-0.056806795531883836,0.030251534466595932,65.64235639572144
37,44,0.004106396809220314,0.05857924371957779,-0.03982803598046303,0.07009986043534075,65.64235639572144
37,45,0.003696091240271926,0.02777986042201519,-0.017138804076239467,0.1330493092474205,65.64235639572144
37,46,0.03218493238091469,0.1339796930551529,-0.06829983741044998,0.24022246690343962,65.64235639572144
37,47,0.002073032082989812,0.027639230713248253,-0.018656390951946378,0.07500324826049326,65.64235639572144
37,48,0.034283727407455444,0.009735452942550182,0.026982137700542808,3.5215338830402025,65.64235639572144
37,49,0.022880809381604195,0.11298893392086029,-0.06186089105904102,0.20250487005592835,65.64235639572144
37,50,0.007423844654113054,0.010487489402294159,-0.0004417723976075649,0.7078762484166322,65.64235639572144
37,51,0.011994007974863052,0.004389806650578976,0.00870165298692882,2.732240603478267,65.64235639572144
37,52,0.0007583482074551284,0.0,0.0007583482074551284,758348207.4551284,65.64235639572144
37,53,0.2590101957321167,0.0081905797123909,0.2528672609478235,31.622938155239133,65.64235639572144
37,54,0.005818977020680904,0.15897659957408905,-0.11341347265988588,0.03660272666690446,65.64235639572144
37,55,0.018779482692480087,0.0731227770447731,-0.03606260009109974,0.2568212457347535,65.64235639572144
37,56,0.013539600186049938,0.048455219715833664,-0.02280181460082531,0.27942500859914976,65.64235639572144
37,57,0.014851090498268604,0.005635124631226063,0.010624747024849057,2.635450228259091,65.64235639572144
37,58,0.0061140768229961395,0.05227971449494362,-0.033095709048211575,0.11694931546480673,65.64235639572144
37,59,0.01029762253165245,0.04255180433392525,-0.021616230718791485,0.24200201830690574,65.64235639572144
37,60,0.005283093545585871,0.17981520295143127,-0.12957830866798759,0.02938068338405998,65.64235639572144
37,61,0.0017985575832426548,0.025073863565921783,-0.017006840091198683,0.07173037288179902,65.64235639572144
37,62,0.008934569545090199,0.025988828390836716,-0.010557051748037338,0.3437850067876324,65.64235639572144
37,63,0.001109611475840211,0.0,0.001109611475840211,1109611475.840211,65.64235639572144
37,64,0.01252624113112688,0.08483976870775223,-0.05110358539968729,0.14764586610470862,65.64235639572144
37,65,0.01660277135670185,0.008509394712746143,0.010220725322142243,1.9511107329269382,65.64235639572144
37,66,0.009086002595722675,0.052877772599458694,-0.030572326853871346,0.17183028234521092,65.64235639572144
37,67,0.002207951620221138,0.017211398109793663,-0.01070059696212411,0.1282842687158855,65.64235639572144
37,68,0.0011986034223809838,0.0008705989457666874,0.0005456542130559683,1.3767572621497768,65.64235639572144
37,69,0.038284849375486374,0.012898709625005722,0.028610817156732082,2.968114678564312,65.64235639572144
37,70,0.002095725852996111,0.015456612221896648,-0.009496733313426375,0.13558765806983292,65.64235639572144
37,71,0.017104070633649826,0.006720898672938347,0.012063396628946066,2.544908272456828,65.64235639572144
37,72,0.04697233811020851,0.14979316294193268,-0.065372534096241,0.313581322320457,65.64235639572144
37,73,0.014929195865988731,0.030167579650878906,-0.007696488872170448,0.494875493435845,65.64235639572144
37,74,0.005519754718989134,0.02479858137667179,-0.01307918131351471,0.2225834871328174,65.64235639572144
37,75,0.009834413416683674,0.01719841919839382,-0.0030644009821116924,0.57182077623915,65.64235639572144
37,76,0.0005744802765548229,0.0036044383887201548,-0.002128848514985293,0.1593813555513221,65.64235639572144
37,77,0.0,0.0,0.0,0.0,65.64235639572144
37,78,0.0011968918843194842,0.004815252032130957,-0.0024145471397787333,0.24856266631203625,65.64235639572144
37,79,0.004609315190464258,0.09056773781776428,-0.06331648817285895,0.05089356653346018,65.64235639572144
37,80,0.04782599210739136,0.009147921577095985,0.04096505092456937,5.228071939521992,65.64235639572144
37,81,0.01314981933683157,0.03113415464758873,-0.010200796648859978,0.42235992867812244,65.64235639572144
37,82,9.887822670862079e-05,0.010686946101486683,-0.007916331349406391,0.009252243415507951,65.64235639572144
37,83,0.17016418278217316,0.12082619220018387,0.07954453863203526,1.4083385372174781,65.64235639572144
37,84,0.001475788070820272,7.68814716138877e-05,0.0014181269671098562,19.195626991068963,65.64235639572144
37,85,8.917607920011505e-05,0.0010404139757156372,-0.0006911344025866129,0.08571211190532516,65.64235639572144
37,86,0.03621820732951164,0.07713538408279419,-0.021633330732584,0.46954076601429573,65.64235639572144
37,87,0.00019619707018136978,0.05077375844120979,-0.037884121760725975,0.0038641431361572222,65.64235639572144
37,88,0.005898559000343084,3.137324094772339,-2.347094512078911,0.0018801242148268507,65.64235639572144
37,89,0.013567866757512093,0.023782959207892418,-0.004269352648407221,0.5704869035994093,65.64235639572144
37,90,0.021142156794667244,0.04496366158127785,-0.012580589391291142,0.47020540700360347,65.64235639572144
37,91,0.0019180626841261983,0.025859065353870392,-0.017476236331276596,0.07417370495817024,65.64235639572144
37,92,0.0,0.0007247575558722019,-0.0005435681669041514,0.0,65.64235639572144
37,93,0.010291289538145065,0.12077873200178146,-0.08029275946319103,0.0852077958386586,65.64235639572144
37,94,0.011941514909267426,0.14257606863975525,-0.09499053657054901,0.08375539473848245,65.64235639572144
37,95,0.002007780596613884,0.0250900499522686,-0.016809756867587566,0.08002298123572771,65.64235639572144
37,96,0.0009693073807284236,0.35331428050994873,-0.2640164030017331,0.0027434707120432573,65.64235639572144
37,97,0.05916709452867508,0.1204361543059349,-0.0311600212007761,0.4912735288598313,65.64235639572144
37,98,0.06423977017402649,0.002167042111977935,0.06261448859004304,29.643987899131606,65.64235639572144
37,99,0.005633509252220392,0.03838168829679489,-0.023152756970375776,0.14677596275888805,65.64235639572144
37,100,0.0,0.8498806953430176,-0.6374105215072632,0.0,65.64235639572144
37,101,0.0040113008581101894,0.0031980781350284815,0.0016127422568388283,1.2542848196609746,65.64235639572144
37,102,0.00016304844757542014,0.0012799098622053862,-0.0007968839490786195,0.12739057043211166,65.64235639572144
37,103,0.0,0.0,0.0,0.0,65.64235639572144
37,104,0.03362107276916504,0.0019493907457217574,0.03215902970987372,17.24696437884748,65.64235639572144
37,105,0.009465835988521576,0.26292651891708374,-0.18772905319929123,0.03600183057788367,65.64235639572144
37,106,0.003941946197301149,0.013600601814687252,-0.00625850516371429,0.28983615951129577,65.64235639572144
37,107,0.004575328901410103,0.027987342327833176,-0.01641517784446478,0.16347850566348698,65.64235639572144
37,108,0.0007055717287585139,0.35123854875564575,-0.2627233398379758,0.0020088106253034503,65.64235639572144
37,109,0.013947087340056896,0.05669160559773445,-0.028571616858243942,0.2460167990085686,65.64235639572144
37,110,0.0017952697817236185,0.005969067569822073,-0.0026815308956429362,0.30076218109830677,65.64235639572144
37,111,0.004605981055647135,0.05167406052350998,-0.03414956433698535,0.08913526455817095,65.64235639572144
37,112,0.004292955622076988,0.048714883625507355,-0.03224320709705353,0.08812410710021795,65.64235639572144
37,113,0.0018976042047142982,0.0121905617415905,-0.007245317101478577,0.15566175249206002,65.64235639572144
37,114,5.472005432238802e-05,0.0,5.472005432238802e-05,54720054.32238802,65.64235639572144
37,115,0.015242312103509903,0.02149731107056141,-0.0008806711994111538,0.7090334252860961,65.64235639572144
37,116,0.32299065589904785,1.6932895183563232,-0.9469764828681946,0.19074744891374762,65.64235639572144
37,117,0.07512717694044113,0.01618640124797821,0.06298737600445747,4.64137616415407,65.64235639572144
37,118,0.0060065374709665775,0.18349605798721313,-0.13161550601944327,0.03273387742941272,65.64235639572144
37,119,0.0063565876334905624,0.008432297967374325,3.236415795981884e-05,0.7538381183078683,65.64235639572144
37,120,0.13737492263317108,0.011533966287970543,0.12872444791719317,11.910466806595148,65.64235639572144
37,121,0.0036128174979239702,0.12478264421224594,-0.08997416566126049,0.028952884599479114,65.64235639572144
37,122,0.14106924831867218,0.0019603720866143703,0.1395989692537114,71.96044526952184,65.64235639572144
37,123,0.013495729304850101,0.13071970641613007,-0.08454405050724745,0.10324173511975974,65.64235639572144
37,124,0.001144591486081481,0.026118014007806778,-0.018443919019773602,0.043823833071516625,65.64235639572144
37,125,0.030703531578183174,0.045694511383771896,-0.003567351959645748,0.6719304058127078,65.64235639572144
37,126,0.06097140908241272,0.016330184414982796,0.04872377077117562,3.733663229347144,65.64235639572144
37,127,0.001882246695458889,0.4820769429206848,-0.3596754604950547,0.0039044528536281127,65.64235639572144
37,128,0.00024427167954854667,0.0,0.00024427167954854667,244271679.54854667,65.64235639572144
37,129,0.00022597519273404032,0.0013078403426334262,-0.0007549050642410293,0.17278499920429033,65.64235639572144
37,130,0.0010768960928544402,0.006566301453858614,-0.0038478299975395203,0.16400345007882797,65.64235639572144
37,131,0.0013003088533878326,0.12004879862070084,-0.0887362901121378,0.010831502424987866,65.64235639572144
37,132,0.002005185466259718,0.04496927559375763,-0.031721771229058504,0.04459012158277853,65.64235639572144
37,133,0.0494159534573555,0.039572663605213165,0.019736455753445625,1.2487396337303127,65.64235639572144
37,134,0.00015124071796890348,0.014226284809410572,-0.010518472889089026,0.01063107620748798,65.64235639572144
37,135,0.0018310401355847716,0.010789141058921814,-0.006260815658606589,0.16971139087118772,65.64235639572144
37,136,0.010204601101577282,0.09925477206707001,-0.06423647794872522,0.10281219621943068,65.64235639572144
37,137,0.0,0.0009605262312106788,-0.0007203946734080091,0.0,65.64235639572144
37,138,0.003722329856827855,0.06637118011713028,-0.046056055231019855,0.05608352676873746,65.64235639572144
37,139,0.06184021756052971,0.011085933074355125,0.053525767754763365,5.578260047230956,65.64235639572144
37,140,0.0012160891201347113,0.07267206907272339,-0.05328796268440783,0.016733927293318556,65.64235639572144
37,141,0.011770247481763363,0.8989042639732361,-0.6624079504981637,0.013093994492499945,65.64235639572144
37,142,0.0,0.0,0.0,0.0,65.64235639572144
37,143,0.009357272647321224,0.009296630509197712,0.0023847997654229403,1.006523023267085,65.64235639572144
37,144,0.008980737067759037,0.007880046032369137,0.0030707025434821844,1.1396807873620118,65.64235639572144
37,145,0.002228338969871402,0.02412703074514866,-0.015866934088990092,0.09235860779209669,65.64235639572144
37,146,0.019601166248321533,0.025886118412017822,0.0001865774393081665,0.7572076251673306,65.64235639572144
37,147,0.0,0.0,0.0,0.0,65.64235639572144
37,148,0.006351839285343885,0.0004523771349340677,0.006012556434143335,14.041026349018757,65.64235639572144
37,149,0.157223641872406,0.7145079970359802,-0.37865735590457916,0.22004462164790678,65.64235639572144
37,150,4.0475042624166235e-05,0.01638990268111229,-0.01225195196821005,0.0024695108573365805,65.64235639572144
37,151,0.01233720313757658,0.038535069674253464,-0.016564099118113518,0.32015520515587165,65.64235639572144
37,152,0.0016235162038356066,0.020590832456946373,-0.013819608138874173,0.07884655499729748,65.64235639572144
37,153,0.0007438921602442861,0.03077639266848564,-0.022338402341119945,0.024170869153935792,65.64235639572144
37,154,0.027648868039250374,0.03213266283273697,0.003549370914697647,0.8604599059316387,65.64235639572144
37,155,0.36484992504119873,1.800794005393982,-0.9857455790042877,0.20260503086313494,65.64235639572144
37,156,0.01700417883694172,0.18512554466724396,-0.12183997966349125,0.09185214751110779,65.64235639572144
37,157,0.00039999844739213586,0.01348117832094431,-0.009710885293316096,0.029670881716698967,65.64235639572144
37,158,0.0039053147193044424,0.01027749851346016,-0.003802809165790677,0.37998689212260855,65.64235639572144
37,159,0.054155778139829636,0.003332467284053564,0.05165642767678946,16.25095567561113,65.64235639572144
37,160,0.002421509474515915,0.05789787694811821,-0.04100189823657274,0.04182380429327288,65.64235639572144
37,161,0.003277447307482362,0.009990446269512177,-0.004215387394651771,0.328058148629064,65.64235639572144
37,162,0.05892563238739967,0.09292387217283249,-0.010767271742224693,0.6341280341521672,65.64235639572144
37,163,0.0,0.005224767606705427,-0.00391857570502907,0.0,65.64235639572144
37,164,0.004326360300183296,0.016491612419486046,-0.008042349014431238,0.2623370104677605,65.64235639572144
37,165,0.0,0.0,0.0,0.0,65.64235639572144
37,166,0.014862033538520336,0.0767863467335701,-0.04272772651165724,0.19355047050088758,65.64235639572144
37,167,0.0035888731945306063,0.02929966151714325,-0.01838587294332683,0.12248855476737389,65.64235639572144
37,168,0.07447168976068497,0.1338321715593338,-0.025902438908815384,0.5564558124733997,65.64235639572144
37,169,0.020552005618810654,0.0006092392723076046,0.02009507616457995,33.73388177559912,65.64235639572144
37,170,0.00012671288277488202,0.0006351464544422925,-0.0003496469580568373,0.1995018340874529,65.64235639572144
37,171,0.03129805624485016,0.015520794317126274,0.019657460507005453,2.016524129071029,65.64235639572144
37,172,0.017362821847200394,0.08605809509754181,-0.04718074947595596,0.2017569855261018,65.64235639572144
37,173,0.000902393483556807,0.004373136907815933,-0.002377459197305143,0.2063492413735426,65.64235639572144
37,174,0.0040204524993896484,0.4561871290206909,-0.33811989426612854,0.008813165132500885,65.64235639572144
37,175,0.0023838423658162355,0.024567924439907074,-0.01604210096411407,0.09703067801067454,65.64235639572144
37,176,0.0020620122086256742,0.02616899646818638,-0.01756473514251411,0.07879599857998622,65.64235639572144
37,177,0.0015771733596920967,0.08027196675539017,-0.05862680170685053,0.019647872394587162,65.64235639572144
37,178,0.13951654732227325,0.7279012799263,-0.4064094126224518,0.19166960021860055,65.64235639572144
37,179,0.018942704424262047,0.007293160539120436,0.01347283401992172,2.5973244823086308,65.64235639572144
37,180,0.020128799602389336,0.5990902781486511,-0.429188909009099,0.033598942157030326,65.64235639572144
37,181,0.00013866114022675902,0.0040021189488470554,-0.0028629280714085326,0.03464693127925597,65.64235639572144
37,182,0.00584070710465312,0.21664755046367645,-0.15664495574310422,0.026959488312356547,65.64235639572144
37,183,0.005007644183933735,0.03321623429656029,-0.01990453153848648,0.1507589373037853,65.64235639572144
37,184,0.0025343431625515223,0.01615988090634346,-0.009585567517206073,0.15682932176807396,65.64235639572144
37,185,0.0004222043207846582,0.11780405044555664,-0.08793083351338282,0.0035839541949892182,65.64235639572144
37,186,0.0113368546590209,0.07248692959547043,-0.04302834253758192,0.15639860485376278,65.64235639572144
37,187,0.017560558393597603,0.010733544826507568,0.009510399773716927,1.636044631648064,65.64235639572144
37,188,0.0016504679806530476,0.018211811780929565,-0.012008390855044127,0.0906262375438507,65.64235639572144
37,189,0.0037200499791651964,0.0,0.0037200499791651964,3720049979.1651964,65.64235639572144
37,190,0.020619768649339676,0.0274333618581295,4.4747255742549896e-05,0.7516311254603912,65.64235639572144
37,191,0.0013373150723055005,0.005585256032645702,-0.0028516269521787763,0.2394366640042078,65.64235639572144
37,192,0.020665986463427544,0.0413280725479126,-0.010330067947506905,0.5000471879971885,65.64235639572144
37,193,0.0010040418710559607,0.0033604949712753296,-0.0015163293574005365,0.298777971501068,65.64235639572144
37,194,0.004219497088342905,0.007807373069226742,-0.0016360327135771513,0.5404502961993543,65.64235639572144
37,195,0.0021276928018778563,0.007686917204409838,-0.003637495101429522,0.2767940313420373,65.64235639572144
37,196,0.0032449716236442327,0.09679165482521057,-0.0693487694952637,0.03352532436262795,65.64235639572144
37,197,0.0015845181187614799,0.04378515109419823,-0.03125434520188719,0.03618848123457198,65.64235639572144
37,198,0.02819334901869297,0.37472179532051086,-0.2528479974716902,0.07523808161332893,65.64235639572144
37,199,0.00016541840159334242,0.001180904102511704,-0.0007202596752904356,0.140077759998827,65.64235639572144
37,200,0.051839280873537064,0.14114460349082947,-0.05401917174458504,0.3672778100690043,65.64235639572144
37,201,0.008775659836828709,0.08247024565935135,-0.0530770244076848,0.10641001207842553,65.64235639572144
37,202,0.029427068307995796,0.41913408041000366,-0.28492349199950695,0.070209199593456,65.64235639572144
37,203,0.0007437176536768675,0.0342637300491333,-0.024954079883173108,0.021705682731818457,65.64235639572144
37,204,0.0,0.05395941063761711,-0.04046955797821283,0.0,65.64235639572144
37,205,0.002962026745080948,0.03418343886733055,-0.022675552405416965,0.08665092931376003,65.64235639572144
37,206,0.017893562093377113,0.35187068581581116,-0.24600945226848125,0.050852664955138537,65.64235639572144
37,207,0.011883807368576527,0.03643699735403061,-0.01544394064694643,0.3261467253403033,65.64235639572144
37,208,0.025635715574026108,0.03207723796367645,0.0015777871012687683,0.7991871245977049,65.64235639572144
37,209,0.010629723779857159,0.07469349354505539,-0.04539039637893438,0.1423112412502564,65.64235639572144
37,210,0.000188326885108836,0.21122302114963531,-0.15822893897711765,0.0008916020805067892,65.64235639572144
37,211,0.0029274076223373413,0.014122707769274712,-0.007664623204618692,0.20728373552406926,65.64235639572144
37,212,0.0,0.0,0.0,0.0,65.64235639572144
37,213,0.004077962599694729,0.012447197921574116,-0.005257435841485858,0.32762093324626707,65.64235639572144
37,214,0.004763673059642315,0.04682974889874458,-0.030358638614416122,0.10172322447939278,65.64235639572144
37,215,0.0037101542111486197,0.02895602397620678,-0.018006863771006465,0.12813065129622528,65.64235639572144
37,216,0.06220114603638649,0.010157017037272453,0.05458338325843215,6.123958028425825,65.64235639572144
37,217,0.0032487267162650824,0.020173609256744385,-0.011881480226293206,0.1610384475459164,65.64235639572144
37,218,0.001064649666659534,0.005855363793671131,-0.0033268731785938144,0.1818246831441035,65.64235639572144
37,219,0.010251522064208984,0.0031660927925258875,0.007876952469814569,3.2379095411137584,65.64235639572144
37,220,0.007784686982631683,0.1191234216094017,-0.0815578792244196,0.06534975974827048,65.64235639572144
37,221,0.0031801897566765547,0.011823690496385098,-0.0056875781156122684,0.2689676084958312,65.64235639572144
37,222,0.014676296152174473,0.003994422499090433,0.011680479277856648,3.6741972467464827,65.64235639572144
37,223,0.0030820746906101704,0.03509488329291344,-0.023239087779074907,0.08782119788797531,65.64235639572144
37,224,5.1494778745109215e-05,0.0,5.1494778745109215e-05,51494778.745109215,65.64235639572144
37,225,0.0,0.15154941380023956,-0.11366206035017967,0.0,65.64235639572144
37,226,0.04394248500466347,0.12253597378730774,-0.04795949533581734,0.35860885294450906,65.64235639572144
37,227,0.17190782725811005,0.6378360390663147,-0.306469202041626,0.2695172689042232,65.64235639572144
37,228,0.03891734406352043,0.35129082202911377,-0.2245507724583149,0.11078383385770413,65.64235639572144
37,229,0.06866764277219772,0.434890478849411,-0.25750021636486053,0.15789640406410757,65.64235639572144
37,230,0.027053803205490112,0.006811025086790323,0.02194553439039737,3.972060425087508,65.64235639572144
37,231,0.0019882426131516695,0.011895117349922657,-0.006933095399290323,0.16714779303942295,65.64235639572144
37,232,0.004397082142531872,0.0,0.004397082142531872,4397082142.531872,65.64235639572144
37,233,0.0020542957354336977,0.13163049519062042,-0.09666857565753162,0.015606533519783292,65.64235639572144
37,234,0.0023087719455361366,0.004241198766976595,-0.0008721271296963096,0.5443677770937421,65.64235639572144
37,235,0.005407086573541164,0.20212560892105103,-0.1461871201172471,0.026751120762863782,65.64235639572144
37,236,0.02636464685201645,0.15778471529483795,-0.09197388961911201,0.16709252732486882,65.64235639572144
37,237,0.06833595782518387,0.047810930758714676,0.03247775975614786,1.4292957016173278,65.64235639572144
37,238,0.0007864179206080735,0.012510915286839008,-0.008596768544521183,0.0628585441204686,65.64235639572144
37,239,0.0046600759960711,0.02283228561282158,-0.012464138213545084,0.20410028478489742,65.64235639572144
37,240,0.0005506247980520129,2.428107738494873,-1.8205301790731028,0.00022677115571202188,65.64235639572144
37,241,0.009831839241087437,0.06773503869771957,-0.040969439782202244,0.14515145233501273,65.64235639572144
37,242,0.022871991619467735,0.08258123695850372,-0.03906393609941006,0.276963538711387,65.64235639572144
37,243,0.020543869584798813,0.0484330952167511,-0.01578095182776451,0.42417007404617263,65.64235639572144
37,244,0.04179178550839424,0.030033627524971962,0.01926656486466527,1.3914997604686368,65.64235639572144
37,245,0.11554686725139618,0.4474722445011139,-0.22005731612443924,0.2582213057258132,65.64235639572144
37,246,0.0005033105844631791,0.011395838111639023,-0.008043567999266088,0.04416617536054341,65.64235639572144
37,247,0.002048203721642494,0.031229989603161812,-0.021374288480728865,0.06558451499995196,65.64235639572144
37,248,0.029559653252363205,0.12911935150623322,-0.0672798603773117,0.22893278898405311,65.64235639572144
37,249,0.0023435840848833323,0.3406011462211609,-0.25310727558098733,0.006880728708278344,65.64235639572144
37,250,0.0017340361373499036,0.017697757109999657,-0.011539281695149839,0.0979805591450993,65.64235639572144
37,251,0.07981926947832108,0.04494938999414444,0.046107226982712746,1.7757586807505814,65.64235639572144
37,252,0.0001492299052188173,0.0,0.0001492299052188173,149229905.2188173,65.64235639572144
37,253,0.09743396937847137,0.026186510920524597,0.07779408618807793,3.7207694324173333,65.64235639572144
37,254,0.0,0.008087847381830215,-0.006065885536372662,0.0,65.64235639572144
37,255,0.02034916914999485,0.01724035106599331,0.007418905850499868,1.1803222028902522,65.64235639572144
38,0,0.030840903520584106,0.006420534569770098,0.026025502593256533,4.803479084278952,65.6630048751831
38,1,0.00020624148601200432,0.005794574972242117,-0.004139689743169583,0.03559216801307695,65.6630048751831
38,2,0.0014383249217644334,0.01176459714770317,-0.007385122939012945,0.12225874830937003,65.6630048751831
38,3,6.0254464187892154e-05,0.0004888714174740016,-0.0003063990989176091,0.12325217206596935,65.6630048751831
38,4,0.006636245641857386,0.060042258352041245,-0.03839544812217355,0.11052624974292374,65.6630048751831
38,5,0.016252677887678146,0.6233102679252625,-0.4512300230562687,0.026074779646660398,65.6630048751831
38,6,0.04543330892920494,0.060700785368680954,-9.228009730577469e-05,0.7484797544629156,65.6630048751831
38,7,0.008968053385615349,0.0565766841173172,-0.03346445970237255,0.1585114703233706,65.6630048751831
38,8,0.0010296868858858943,0.004397567827254534,-0.002268488984555006,0.2341491765675832,65.6630048751831
38,9,0.02314743772149086,0.11817643791437149,-0.06548489071428776,0.19587185169743568,65.6630048751831
38,10,0.016924312338232994,6.085532731958665e-05,0.016878670842743304,278.1073211757828,65.6630048751831
38,11,0.020035644993185997,0.06969090551137924,-0.032232534140348434,0.2874929640514866,65.6630048751831
38,12,0.022240106016397476,0.009194206446409225,0.015344451181590557,2.4189261078278665,65.6630048751831
38,13,0.001106024137698114,0.003137554507702589,-0.0012471417430788279,0.35251152916398776,65.6630048751831
38,14,0.05460980162024498,0.07169387489557266,0.0008393954485654831,0.7617080496629093,65.6630048751831
38,15,0.0004437582683749497,0.008689002133905888,-0.006072993332054466,0.05107125783664641,65.6630048751831
38,16,6.230023427633569e-05,0.004721284378319979,-0.0034786630494636483,0.013195611463105507,65.6630048751831
38,17,0.0018050411017611623,0.01765931211411953,-0.011439442983828485,0.10221468933751526,65.6630048751831
38,18,1.0179269313812256,0.05578525364398956,0.9760879911482334,18.24724035242694,65.6630048751831
38,19,0.07524199783802032,0.06408847123384476,0.027175644412636757,1.1740332760053638,65.6630048751831
38,20,0.008630635216832161,0.008625127375125885,0.002161789685487747,1.000638580796096,65.6630048751831
38,21,0.001166164525784552,0.0036469532642513514,-0.0015690504224039614,0.3197640443862883,65.6630048751831
38,22,0.0035941791720688343,0.011546294204890728,-0.005065541481599212,0.31128421881326596,65.6630048751831
38,23,0.11597876250743866,0.017133640125393867,0.10312853241339326,6.769067264858493,65.6630048751831
38,24,0.0018661682261154056,0.008186894468963146,-0.004274002625606954,0.2279458020330151,65.6630048751831
38,25,0.018332771956920624,0.25524961948394775,-0.1731044426560402,0.07182291591232606,65.6630048751831
38,26,0.0002878358354791999,0.0018491665832698345,-0.001099039101973176,0.15565706082281133,65.6630048751831
38,27,0.02780529484152794,0.08445590734481812,-0.03553663566708565,0.32922853729668367,65.6630048751831
38,28,0.002349347108975053,0.010991967283189297,-0.00589462835341692,0.21373308782990313,65.6630048751831
38,29,0.017604870721697807,0.008955289609730244,0.010888403514400125,1.9658628014222588,65.6630048751831
38,30,0.0,9.47177832131274e-05,-7.103833740984555e-05,0.0,65.6630048751831
38,31,0.0035564082209020853,0.024309327825903893,-0.014675587648525834,0.14629808961505292,65.6630048751831
38,32,0.0551779679954052,0.4872249960899353,-0.3102407790720463,0.11324946059439615,65.6630048751831
38,33,0.004400371108204126,0.02242048643529415,-0.012414993718266487,0.1962656394948163,65.6630048751831
38,34,0.00029633022495545447,0.0013400744646787643,-0.0007087256235536188,0.22112967043615708,65.6630048751831
38,35,0.003491231705993414,0.018755435943603516,-0.010575345251709223,0.18614505769448367,65.6630048751831
38,36,0.00018945294141303748,5.245271950116148e-06,0.00018551898745045037,36.11879557361116,65.6630048751831
38,37,0.01969125308096409,0.2487420290708542,-0.16686526872217655,0.07916335311100911,65.6630048751831
38,38,0.09541735798120499,0.033725298941135406,0.07012338377535343,2.829251658967308,65.6630048751831
38,39,0.0011253815609961748,0.0036704442463815212,-0.001627451623789966,0.30660636292160465,65.6630048751831
38,40,0.00017740036128088832,0.0008149243076331913,-0.0004337928694440052,0.21768937237671562,65.6630048751831
38,41,0.0004930073628202081,0.06633289158344269,-0.04925666132476181,0.007432321297083858,65.6630048751831
38,42,0.000909975788090378,0.0007692989311181009,0.0003330015897518024,1.1828637088900584,65.6630048751831
38,43,0.0,1.015124797821045,-0.7613435983657837,0.0,65.6630048751831
38,44,0.00012189047265565023,0.007787423208355904,-0.0057186769336112775,0.015652221457440448,65.6630048751831
38,45,0.016711995005607605,0.34193694591522217,-0.23974071443080902,0.048874493397686854,65.6630048751831
38,46,0.0007317590061575174,0.0020465501584112644,-0.0008031536126509309,0.3575573277754522,65.6630048751831
38,47,0.015027400106191635,0.32958292961120605,-0.2321597971022129,0.04559520155935618,65.6630048751831
38,48,0.0,0.0006688957219012082,-0.0005016717914259061,0.0,65.6630048751831
38,49,0.018522512167692184,0.0969671756029129,-0.05420286953449249,0.1910183735097338,65.6630048751831
38,50,0.0,0.0,0.0,0.0,65.6630048751831
38,51,0.0020851935259997845,0.000701796670909971,0.0015588460228173062,2.9712217362399813,65.6630048751831
38,52,0.08347187936306,0.03137194365262985,0.05994292162358761,2.6607174960102284,65.6630048751831
38,53,0.001389566925354302,0.30940210819244385,-0.23066201421897858,0.004491135931386477,65.6630048751831
38,54,0.00228439480997622,0.20536164939403534,-0.15173684223555028,0.011123765399750659,65.6630048751831
38,55,0.05982496961951256,0.004663548897951841,0.05632730794604868,12.828206783241525,65.6630048751831
38,56,0.0521913580596447,0.00570282805711031,0.04791423701681197,9.151837917578534,65.6630048751831
38,57,0.0017852013697847724,0.004582937806844711,-0.001652001985348761,0.38953209592523935,65.6630048751831
38,58,0.0,0.00046604053932242095,-0.0003495304044918157,0.0,65.6630048751831
38,59,0.0,0.0002317284670425579,-0.00017379635028191842,0.0,65.6630048751831
38,60,0.3882400691509247,1.3423640727996826,-0.6185329854488373,0.28922114128167037,65.6630048751831
38,61,0.004250542726367712,0.023191343992948532,-0.013142965268343687,0.18328143153224902,65.6630048751831
38,62,0.04269832372665405,0.010782006196677685,0.03461181907914579,3.9601464647507583,65.6630048751831
38,63,0.0011873248731717467,0.008915713988244534,-0.005499460618011653,0.1331721581248653,65.6630048751831
38,64,0.01306680403649807,0.03159477934241295,-0.010629280470311642,0.4135747838106775,65.6630048751831
38,65,0.0015431719366461039,0.009002439677715302,-0.005208657821640372,0.17141708156008695,65.6630048751831
38,66,0.0,0.0008413669420406222,-0.0006310252065304667,0.0,65.6630048751831
38,67,6.782711716368794e-05,0.0,6.782711716368794e-05,67827117.16368794,65.6630048751831
38,68,0.008543331176042557,0.08405458182096481,-0.05449760518968105,0.10164027933822932,65.6630048751831
38,69,0.0009045333135873079,0.006720405071973801,-0.0041357704903930426,0.1345950584474291,65.6630048751831
38,70,0.0007919544004835188,0.0002177216811105609,0.0006286631396505982,3.6374622536737418,65.6630048751831
38,71,0.03067273460328579,0.013623608276247978,0.020455028396099806,2.2514398519891823,65.6630048751831
38,72,0.007481354288756847,0.03923550248146057,-0.02194527257233858,0.19067818214132046,65.6630048751831
38,73,0.040771156549453735,0.07727956771850586,-0.01718851923942566,0.5275800286233076,65.6630048751831
38,74,0.003701867302879691,0.019550137221813202,-0.01096073561348021,0.1893524971558744,65.6630048751831
38,75,0.0005508213071152568,0.006045366637408733,-0.003983203670941293,0.09111462382044117,65.6630048751831
38,76,0.006686108186841011,0.006657347548753023,0.0016930975252762437,1.0043201345390258,65.6630048751831
38,77,0.0003098082379437983,0.0,0.0003098082379437983,309808237.9437983,65.6630048751831
38,78,0.029306462034583092,0.03641582280397415,0.001994594931602478,0.8047727547317709,65.6630048751831
38,79,0.0,0.1190231442451477,-0.08926735818386078,0.0,65.6630048751831
38,80,0.009638954885303974,0.04271897301077843,-0.022400274872779846,0.22563639071206915,65.6630048751831
38,81,0.00926068052649498,0.12620103359222412,-0.08539009466767311,0.07338038574505143,65.6630048751831
38,82,0.012397618032991886,0.010859093628823757,0.004253297811374068,1.141680738339218,65.6630048751831
38,83,0.0024627642706036568,0.024622173979878426,-0.016003866214305162,0.10002221056988059,65.6630048751831
38,84,0.0007911053253337741,0.029654111713171005,-0.02144947845954448,0.02667776168644173,65.6630048751831
38,85,0.0013292155927047133,0.003059926675632596,-0.0009657294140197337,0.4343945895355556,65.6630048751831
38,86,0.018712403252720833,0.0034827247727662325,0.01610035967314616,5.372920476999153,65.6630048751831
38,87,0.0003334099892526865,0.0020980818662792444,-0.0012401514104567468,0.1589118110462709,65.6630048751831
38,88,0.004391093738377094,0.007945043034851551,-0.001567688537761569,0.552683442816173,65.6630048751831
38,89,0.0011882755206897855,0.1072552502155304,-0.07925316214095801,0.011078949685827557,65.6630048751831
38,90,0.0,0.0,0.0,0.0,65.6630048751831
38,91,0.08851993083953857,0.07037575542926788,0.03573811426758766,1.257818552686783,65.6630048751831
38,92,0.015545440837740898,0.005230312701314688,0.011622706311754882,2.9721819177008717,65.6630048751831
38,93,0.002791839884594083,0.0,0.002791839884594083,2791839884.594083,65.6630048751831
38,94,0.06320863962173462,0.0,0.06320863962173462,63208639621.73462,65.6630048751831
38,95,0.0004302060406189412,0.004159532953053713,-0.0026894436741713434,0.10342652537460478,65.6630048751831
38,96,0.001035642228089273,0.007906670682132244,-0.00489436078350991,0.13098335185486706,65.6630048751831
38,97,0.14366593956947327,0.1418786644935608,0.03725694119930267,1.012597208193914,65.6630048751831
38,98,0.001201544189825654,0.005763940513134003,-0.003121411195024848,0.20845881162015753,65.6630048751831
38,99,0.0017788858385756612,0.19794268906116486,-0.14667813095729798,0.008986873155072645,65.6630048751831
38,100,0.007304992992430925,0.04483696445822716,-0.026322730351239443,0.1629234512312665,65.6630048751831
38,101,0.009232942946255207,0.005503753665834665,0.005105127696879208,1.6775719818080599,65.6630048751831
38,102,0.0013552437303587794,0.04408867284655571,-0.031711260904558,0.03073904571917534,65.6630048751831
38,103,0.14349183440208435,0.009564281441271305,0.13631862332113087,15.002887071881085,65.6630048751831
38,104,0.0,0.0,0.0,0.0,65.6630048751831
38,105,0.001862399629317224,0.036279018968343735,-0.025346864596940577,0.051335446277943106,65.6630048751831
38,106,0.0027477939147502184,0.00664243521168828,-0.0022340324940159917,0.41367267075506037,65.6630048751831
38,107,0.0006066062487661839,0.0028914804570376873,-0.0015620040940120816,0.20979088656122516,65.6630048751831
38,108,2.0840002434852067e-06,0.00047013990115374327,-0.00035052092562182224,0.0044327236083094804,65.6630048751831
38,109,0.00012086122296750546,0.004233992658555508,-0.0030546332709491253,0.028545449339582387,65.6630048751831
38,110,0.14219284057617188,0.001401566551066935,0.14114166566287167,101.45279249599353,65.6630048751831
38,111,0.12340732663869858,0.44043564796447754,-0.20691940933465958,0.2801937745247441,65.6630048751831
38,112,0.09750904142856598,0.3110250234603882,-0.13575972616672516,0.31350866995649024,65.6630048751831
38,113,0.0,0.0,0.0,0.0,65.6630048751831
38,114,0.0031018215231597424,0.018755802884697914,-0.010965030640363693,0.16537929845301433,65.6630048751831
38,115,0.013145240023732185,0.18930776417255402,-0.12883558310568333,0.06943846218415459,65.6630048751831
38,116,0.029368331655859947,0.10018593817949295,-0.045771121978759766,0.29313826061049164,65.6630048751831
38,117,0.0006369267357513309,0.0020385540556162596,-0.0008919888059608638,0.3124404445808752,65.6630048751831
38,118,0.030094604939222336,0.04519177973270416,-0.003799229860305786,0.6659309528537486,65.6630048751831
38,119,0.0008320785709656775,0.018644874915480614,-0.013151577615644783,0.04462773682810739,65.6630048751831
38,120,0.0012821779819205403,0.006356914062052965,-0.0034855075646191835,0.20169817763821754,65.6630048751831
38,121,0.0005929550970904529,0.020323198288679123,-0.01464944361941889,0.02917626884502611,65.6630048751831
38,122,0.10891812294721603,1.6212732791900635,-1.1070368364453316,0.06718060696193111,65.6630048751831
38,123,0.0004744152829516679,0.0,0.0004744152829516679,474415282.9516679,65.6630048751831
38,124,0.0007903877412900329,0.0182285625487566,-0.012881034170277417,0.04335985018745138,65.6630048751831
38,125,0.5820887684822083,1.5018315315246582,-0.5442848801612854,0.38758592842359924,65.6630048751831
38,126,0.0032371124252676964,0.013885103166103363,-0.007176714949309826,0.2331356408598443,65.6630048751831
38,127,0.006845470052212477,0.07551409304141998,-0.04979009972885251,0.09065155623821157,65.6630048751831
38,128,0.029256267473101616,0.0012951878597959876,0.028284876578254625,22.58843551476888,65.6630048751831
38,129,4.0981493043545925e-07,0.005050994455814362,-0.0037878360269303357,8.113549399813191e-05,65.6630048751831
38,130,0.0,0.0,0.0,0.0,65.6630048751831
38,131,0.0023837934713810682,0.033269837498664856,-0.022568584652617574,0.07165028898638538,65.6630048751831
38,132,0.017564937472343445,0.04417189210653305,-0.015563981607556343,0.39764965081375653,65.6630048751831
38,133,0.02094477042555809,0.03003099001944065,-0.001578472089022398,0.6974385596779191,65.6630048751831
38,134,0.00044293436803855,0.03313390165567398,-0.024407491873716936,0.013368011187699418,65.6630048751831
38,135,0.00024561662576161325,0.0014418333303183317,-0.0008357583719771355,0.17035022039408337,65.6630048751831
38,136,0.0010228923056274652,0.002248231554403901,-0.0006632813601754606,0.4549764027503385,65.6630048751831
38,137,0.004786405246704817,0.00217029033228755,0.0031586874974891543,2.205421631056331,65.6630048751831
38,138,0.004764000419527292,0.3382224142551422,-0.24890281027182937,0.014085407172096599,65.6630048751831
38,139,0.0010142255341634154,0.023304669186472893,-0.016464276355691254,0.04352027166764498,65.6630048751831
38,140,0.0363614559173584,0.7902852892875671,-0.556352511048317,0.046010543800064675,65.6630048751831
38,141,0.02697010152041912,0.05844327434897423,-0.01686235424131155,0.4614748543846947,65.6630048751831
38,142,0.03160277381539345,0.004747474566102028,0.028042167890816927,6.6567547374318075,65.6630048751831
38,143,0.0018828122410923243,0.002680053934454918,-0.00012722820974886417,0.7025277425145295,65.6630048751831
38,144,5.3636496886610985e-05,0.0112277427688241,-0.008367170579731464,0.004777139803270651,65.6630048751831
38,145,0.09511485695838928,0.12780174612998962,-0.0007364526391029358,0.7442375385145511,65.6630048751831
38,146,0.038448721170425415,0.19991283118724823,-0.11148590222001076,0.1923274306200992,65.6630048751831
38,147,0.0009337628725916147,0.030307432636618614,-0.021796811604872346,0.030809698853626968,65.6630048751831
38,148,0.10825559496879578,0.02570478618144989,0.08897700533270836,4.211495641333442,65.6630048751831
38,149,0.0002483325661160052,0.0025918821338564157,-0.0016955790342763066,0.0958116739863876,65.6630048751831
38,150,0.001409186632372439,0.0006793116917833686,0.0008997028635349125,2.0744330582600856,65.6630048751831
38,151,0.0009762931149452925,0.09798572212457657,-0.07251299847848713,0.009963626268877158,65.6630048751831
38,152,0.01344703696668148,0.007348348852247,0.00793577532749623,1.8299399273538388,65.6630048751831
38,153,0.014455749653279781,0.01241865660995245,0.005141757195815444,1.1640348957334683,65.6630048751831
38,154,0.0007565883570350707,0.006661365740001202,-0.0042394359479658306,0.11357856428422973,65.6630048751831
38,155,0.00026163941947743297,0.0013794059632346034,-0.0007729150529485196,0.18967543004833237,65.6630048751831
38,156,0.001071861363016069,0.003526150481775403,-0.0015727514983154833,0.30397493477714993,65.6630048751831
38,157,0.0005130203790031374,0.0,0.0005130203790031374,513020379.00313735,65.6630048751831
38,158,0.018018824979662895,0.0023841268848627806,0.01623072981601581,7.557829697114525,65.6630048751831
38,159,0.011695004999637604,0.0011619636788964272,0.010823532240465283,10.064862785280905,65.6630048751831
38,160,0.0005284263752400875,0.0023621839936822653,-0.0012432116200216115,0.22370246197149665,65.6630048751831
38,161,0.0037673397455364466,0.017485791817307472,-0.009347004117444158,0.21545148110433723,65.6630048751831
38,162,0.0028423327021300793,0.21195057034492493,-0.15612059505656362,0.013410356468921516,65.6630048751831
38,163,0.0005641955649480224,0.014981924556195736,-0.01067224785219878,0.0376584171675756,65.6630048751831
38,164,0.00046034783008508384,0.0021895167883485556,-0.0011817897611763328,0.2102508792463065,65.6630048751831
38,165,0.00018611109408084303,0.01610262505710125,-0.011890857698745094,0.011557810817138187,65.6630048751831
38,166,3.9019475650547975e-08,0.0,3.9019475650547975e-08,39019.475650547975,65.6630048751831
38,167,0.0002143975143553689,0.004425505641847849,-0.0031047317170305178,0.048445879783671986,65.6630048751831
38,168,0.0001791549875633791,1.5641196966171265,-1.1729106174752815,0.00011454045873262797,65.6630048751831
38,169,0.027345236390829086,0.004180138930678368,0.02421013219282031,6.541705153290132,65.6630048751831
38,170,0.0015761411050334573,0.03579749912023544,-0.025271983235143125,0.04402936360709272,65.6630048751831
38,171,0.0007880660123191774,0.17657813429832458,-0.13164553471142426,0.004462987534930545,65.6630048751831
38,172,0.0026414201129227877,0.0008355057216249406,0.002014790821704082,3.1614626224511495,65.6630048751831
38,173,0.0019007683731615543,0.014807046391069889,-0.009204516420140862,0.12836917794622,65.6630048751831
38,174,0.08052700757980347,0.2188623994588852,-0.08361979201436043,0.36793440891871004,65.6630048751831
38,175,0.0003298704687040299,0.00012713705655187368,0.00023451767629012465,2.594605184797817,65.6630048751831
38,176,0.00045238941675052047,0.06909547001123428,-0.05136921309167519,0.006547309348506042,65.6630048751831
38,177,0.04654227942228317,0.00019644097483251244,0.04639494869115879,236.92755152044037,65.6630048751831
38,178,0.012263146229088306,0.5398727059364319,-0.3926413832232356,0.02271488462783954,65.6630048751831
38,179,0.000331951305270195,0.009039024822413921,-0.006447317311540246,0.03672423870441605,65.6630048751831
38,180,0.000417267088778317,0.0022299657575786114,-0.0012552072294056416,0.1871181596278342,65.6630048751831
38,181,0.00012382605927996337,0.0,0.00012382605927996337,123826059.27996337,65.6630048751831
38,182,5.167555718799122e-05,0.0,5.167555718799122e-05,51675557.18799122,65.6630048751831
38,183,0.0011824836255982518,0.004967846442013979,-0.0025434012059122324,0.23802741070250194,65.6630048751831
38,184,0.0003294455527793616,0.0017223056638613343,-0.0009622836951166391,0.1912816984236569,65.6630048751831
38,185,0.24824494123458862,0.00109215232077986,0.24742582699400373,227.29882662340407,65.6630048751831
38,186,0.0005306012462824583,0.003609862644225359,-0.002176795736886561,0.14698654725388688,65.6630048751831
38,187,0.000914784730412066,0.028435662388801575,-0.020411962061189115,0.03217033307935716,65.6630048751831
38,188,0.0,0.0,0.0,0.0,65.6630048751831
38,189,0.0021599577739834785,0.005762624088674784,-0.0021620102925226092,0.37482191105499935,65.6630048751831
38,190,0.0013822484761476517,0.014845647849142551,-0.009751987410709262,0.09310799300243262,65.6630048751831
38,191,0.0018832118948921561,0.0,0.0018832118948921561,1883211894.8921561,65.6630048751831
38,192,0.0013823771150782704,0.0006023085443302989,0.0009306457068305463,2.2951311678969972,65.6630048751831
38,193,0.004484053235501051,0.0024328797589987516,0.0026593934162519872,1.8431051584330465,65.6630048751831
38,194,0.0,0.0,0.0,0.0,65.6630048751831
38,195,0.0035764388740062714,0.06388530135154724,-0.04433753713965416,0.05598218679864881,65.6630048751831
38,196,0.056399550288915634,0.1383790224790573,-0.04738471657037735,0.40757297802883186,65.6630048751831
38,197,0.001247492036782205,0.012583172880113125,-0.008189887623302639,0.09913970415638525,65.6630048751831
38,198,0.01161109283566475,0.13100755214691162,-0.08664457127451897,0.08862918698423937,65.6630048751831
38,199,8.35420869407244e-05,0.0,8.35420869407244e-05,83542086.9407244,65.6630048751831
38,200,0.001566765597090125,0.3467814028263092,-0.2585192865226418,0.0045180208174841075,65.6630048751831
38,201,0.013418799266219139,0.0046740747056901455,0.00991324323695153,2.8708996129249713,65.6630048751831
38,202,0.00032815185841172934,0.0018845017766579986,-0.0010852244740817696,0.174131891146076,65.6630048751831
38,203,0.17851155996322632,1.4582253694534302,-0.9151574671268463,0.12241698965230136,65.6630048751831
38,204,0.10215320438146591,0.007363287266343832,0.09663073893170804,13.873315093180626,65.6630048751831
38,205,0.00115539925172925,0.09197010099887848,-0.06782217649742961,0.012562770282602784,65.6630048751831
38,206,0.023744529113173485,0.046533774584531784,-0.011155801825225353,0.510264411702293,65.6630048751831
38,207,0.008024295791983604,0.014735528267920017,-0.0030273504089564085,0.54455433463545,65.6630048751831
38,208,0.0,0.0006283742841333151,-0.0004712807130999863,0.0,65.6630048751831
38,209,0.0009427342447452247,0.005181961692869663,-0.0029437370249070227,0.18192613153827306,65.6630048751831
38,210,8.714094974493491e-07,2.400665521621704,-1.8004982698067806,3.629866341648166e-07,65.6630048751831
38,211,0.0,0.0,0.0,0.0,65.6630048751831
38,212,0.0007809734670445323,0.004394104704260826,-0.0025146050611510873,0.1777321023118804,65.6630048751831
38,213,0.021260622888803482,0.05536485090851784,-0.020263015292584896,0.38400939476111806,65.6630048751831
38,214,0.0001605889410711825,0.0003917871508747339,-0.00013325142208486795,0.40988822707113065,65.6630048751831
38,215,0.02473287284374237,0.033448219299316406,-0.0003532916307449341,0.7394376550116798,65.6630048751831
38,216,0.20719629526138306,0.46485310792922974,-0.14144353568553925,0.4457242335840882,65.6630048751831
38,217,0.002104992512613535,0.002031260635703802,0.0005815470358356833,1.0362985795999966,65.6630048751831
38,218,0.018225712701678276,0.01585940085351467,0.006331162061542273,1.149205626925685,65.6630048751831
38,219,0.12825323641300201,0.25802987813949585,-0.06526917219161987,0.4970480059800239,65.6630048751831
38,220,0.0002776391920633614,0.013970823027193546,-0.010200478078331798,0.019872787129511058,65.6630048751831
38,221,0.0030056398827582598,0.05476215109229088,-0.0380659734364599,0.05488535097238889,65.6630048751831
38,222,0.026256252080202103,0.5098772644996643,-0.3561516962945461,0.051495239949393534,65.6630048751831
38,223,0.04899793118238449,0.0017668692162260413,0.04767277927021496,27.731498576510674,65.6630048751831
38,224,0.0005251690745353699,0.007647928316146135,-0.005210777162574232,0.06866814812554878,65.6630048751831
38,225,0.015037927776575089,0.007369902450591326,0.009510500938631594,2.040451400184824,65.6630048751831
38,226,6.076287536416203e-05,0.4832594692707062,-0.36238383907766547,0.00012573550903355175,65.6630048751831
38,227,0.016453098505735397,0.002180455718189478,0.014817756717093289,7.545715494672539,65.6630048751831
38,228,0.01400258019566536,0.0021047955378890038,0.012423983542248607,6.6527032849264245,65.6630048751831
38,229,0.0005626910133287311,0.061354875564575195,-0.045453465660102665,0.009171088819621762,65.6630048751831
38,230,6.770337495254353e-05,0.01486288383603096,-0.011079459502070677,0.0045551977459354276,65.6630048751831
38,231,0.00036785483825951815,0.0021247726399451494,-0.001225724641699344,0.17312668243689713,65.6630048751831
38,232,0.000877882819622755,0.02619353123009205,-0.01876726560294628,0.03351525274991168,65.6630048751831
38,233,0.02790636010468006,0.0029209160711616278,0.02571567305130884,9.553975333508273,65.6630048751831
38,234,0.053569164127111435,0.30343687534332275,-0.17400849238038063,0.17654137805869582,65.6630048751831
38,235,0.021125221624970436,0.008538850583136082,0.014721083687618375,2.474012329506967,65.6630048751831
38,236,0.011483637616038322,0.017010904848575592,-0.0012745410203933716,0.6750750602384817,65.6630048751831
38,237,0.009583842009305954,0.09311690181493759,-0.06025383435189724,0.10292268989200426,65.6630048751831
38,238,0.00033050295314751565,0.00010272164945490658,0.0002534617160563357,3.2174614765618665,65.6630048751831
38,239,0.013431455008685589,0.002228367840871215,0.011760179128032178,6.027485568723191,65.6630048751831
38,240,0.013635328970849514,0.033873189240694046,-0.01176956295967102,0.40254045385445947,65.6630048751831
38,241,0.0,0.0,0.0,0.0,65.6630048751831
38,242,0.005655583459883928,0.12343579530715942,-0.08692126302048564,0.045818017745700705,65.6630048751831
38,243,0.0,0.0006638271734118462,-0.0004978703800588846,0.0,65.6630048751831
38,244,0.014216593466699123,0.03877946361899376,-0.014868004247546196,0.3666010857192308,65.6630048751831
38,245,0.004060792271047831,0.0,0.004060792271047831,4060792271.0478306,65.6630048751831
38,246,0.00870712473988533,0.051405418664216995,-0.029846939258277416,0.1693814575578377,65.6630048751831
38,247,0.0,0.0,0.0,0.0,65.6630048751831
38,248,0.07981820404529572,0.2563436031341553,-0.11243949830532074,0.311371936218015,65.6630048751831
38,249,0.00012702200911007822,0.0007390438695438206,-0.00042726089304778725,0.1718734356278605,65.6630048751831
38,250,0.008857829496264458,0.038559477776288986,-0.020061778835952282,0.22971860634174876,65.6630048751831
38,251,0.16883717477321625,0.4571438133716583,-0.1740206852555275,0.36933054726824477,65.6630048751831
38,252,0.02401769906282425,0.30524149537086487,-0.2049134224653244,0.07868425304876829,65.6630048751831
38,253,0.0013490434503182769,0.08537141233682632,-0.06267951580230147,0.015802051452304993,65.6630048751831
38,254,0.0005272178677842021,0.002712530316784978,-0.0015071798698045313,0.19436386178891535,65.6630048751831
38,255,0.014157429337501526,0.10669117420911789,-0.06586095131933689,0.13269541217739197,65.6630048751831
39,0,0.0,0.0,0.0,0.0,65.68365335464478
39,1,0.014467516914010048,0.2847040593624115,-0.19906052760779858,0.050815983960182796,65.68365335464478
39,2,0.0,0.0,0.0,0.0,65.68365335464478
39,3,0.0,0.00015041069127619267,-0.0001128080184571445,0.0,65.68365335464478
39,4,0.0,0.0,0.0,0.0,65.68365335464478
39,5,6.207899332366651e-06,0.0,6.207899332366651e-06,6207899.332366651,65.68365335464478
39,6,3.337603629915975e-06,0.0,3.337603629915975e-06,3337603.629915975,65.68365335464478
39,7,0.0,0.0,0.0,0.0,65.68365335464478
39,8,0.003155054058879614,0.0,0.003155054058879614,3155054058.879614,65.68365335464478
39,9,0.0,0.0,0.0,0.0,65.68365335464478
39,10,0.0,0.0,0.0,0.0,65.68365335464478
39,11,1.2768826309184078e-05,2.1688534616259858e-05,-3.4975746530108154e-06,0.5887362123061601,65.68365335464478
39,12,2.9301152153493604e-06,8.904394235287327e-06,-3.748180461116135e-06,0.3290639215718519,65.68365335464478
39,13,1.578467617946444e-06,0.0,1.578467617946444e-06,1578467.617946444,65.68365335464478
39,14,0.02730533853173256,0.007289311848580837,0.02183835464529693,3.7459418797266464,65.68365335464478
39,15,0.03020024113357067,0.0032562522683292627,0.027758051932323724,9.27453975787676,65.68365335464478
39,16,0.0,0.0,0.0,0.0,65.68365335464478
39,17,0.0288408063352108,1.0180498293266282e-06,0.028840042797838805,28329.43651181645,65.68365335464478
39,18,7.038987405394437e-06,0.23014019429683685,-0.17259810673522225,3.058564987689592e-05,65.68365335464478
39,19,0.05143316462635994,0.04049746319651604,0.021060067228972912,1.2700342333915537,65.68365335464478
39,20,0.0015277458587661386,0.0,0.0015277458587661386,1527745858.7661386,65.68365335464478
39,21,2.3148429306729668e-07,0.0,2.3148429306729668e-07,231484.29306729668,65.68365335464478
39,22,0.0031553038861602545,0.0,0.0031553038861602545,3155303886.1602545,65.68365335464478
39,23,0.009936115704476833,0.3635927140712738,-0.2627584198489785,0.027327598491156135,65.68365335464478
39,24,0.016254674643278122,1.1006085287590395e-06,0.016253849186881553,14768.793308200422,65.68365335464478
39,25,0.03240931034088135,0.04160604998469353,0.0012047728523612022,0.7789566746188468,65.68365335464478
39,26,0.022726282477378845,1.9305905425426317e-06,0.022724834534471938,11771.667893793749,65.68365335464478
39,27,0.1381019502878189,0.0,0.1381019502878189,138101950287.8189,65.68365335464478
39,28,0.02227744273841381,0.21183687448501587,-0.1366002131253481,0.10516319593775174,65.68365335464478
39,29,0.0009354756330139935,0.00026997289387509227,0.0007329959626076743,3.4650724230919843,65.68365335464478
39,30,0.0,0.0,0.0,0.0,65.68365335464478
39,31,1.3962577440906898e-06,1.8971174995385809e-06,-2.6580380563245853e-08,0.7359886820092097,65.68365335464478
39,32,5.670645805366803e-06,1.3229796422820073e-06,4.6784110736552975e-06,4.286265138079053,65.68365335464478
39,33,0.0010293840896338224,4.4048141717212275e-05,0.0009963479833459132,23.369523120246786,65.68365335464478
39,34,0.026823285967111588,0.002329600276425481,0.025076085759792477,11.514115201237397,65.68365335464478
39,35,0.0,0.0,0.0,0.0,65.68365335464478
39,36,0.0,0.0,0.0,0.0,65.68365335464478
39,37,1.2549628536362434e-06,0.0,1.2549628536362434e-06,1254962.8536362434,65.68365335464478
39,38,6.6874617914436385e-06,0.0,6.6874617914436385e-06,6687461.7914436385,65.68365335464478
39,39,2.4396663320658263e-06,7.439738851644506e-07,1.8816859181924883e-06,3.279232109463688,65.68365335464478
39,40,0.1357913762331009,0.42164984345436096,-0.18044600635766983,0.32204773306758455,65.68365335464478
39,41,5.690927082468988e-06,2.936583314294694e-07,5.470683333896886e-06,19.379350401592212,65.68365335464478
39,42,0.0,0.0,0.0,0.0,65.68365335464478
39,43,0.0,0.0,0.0,0.0,65.68365335464478
39,44,0.023808760568499565,2.625819615786895e-05,0.023789066921381163,906.7172595802012,65.68365335464478
39,45,0.3143036663532257,1.2019110918045044,-0.5871296525001526,0.2615032580164315,65.68365335464478
39,46,3.419642666813161e-07,0.0,3.419642666813161e-07,341964.2666813161,65.68365335464478
39,47,0.016546063125133514,3.922504220099654e-06,0.01654312124696844,4218.238650224957,65.68365335464478
39,48,0.00040768514736555517,2.9056651328573935e-05,0.0003858926588691247,14.030699158162928,65.68365335464478
39,49,0.0,0.0,0.0,0.0,65.68365335464478
39,50,4.0976479795062914e-05,0.0,4.0976479795062914e-05,40976479.795062914,65.68365335464478
39,51,0.0,0.0,0.0,0.0,65.68365335464478
39,52,2.7555659016798018e-06,0.0002038473467109725,-0.00015012994413154956,0.013517791291485505,65.68365335464478
39,53,8.45885921307854e-08,5.514496297109872e-05,-4.1274133636193255e-05,0.0015339314062317272,65.68365335464478
39,54,0.050647128373384476,0.0,0.050647128373384476,50647128373.384476,65.68365335464478
39,55,0.024144308641552925,0.000899481528904289,0.02346969749487471,26.842472956751035,65.68365335464478
39,56,0.009756773710250854,0.02589637041091919,-0.009665504097938538,0.37676220856650067,65.68365335464478
39,57,0.0,0.0,0.0,0.0,65.68365335464478
39,58,1.4375394812304876e-06,0.0,1.4375394812304876e-06,1437539.4812304876,65.68365335464478
39,59,9.59648605203256e-06,4.556455678539351e-06,6.179144293128047e-06,2.1061291106379785,65.68365335464478
39,60,0.0,0.0,0.0,0.0,65.68365335464478
39,61,0.13953879475593567,0.2217956930398941,-0.02680797502398491,0.6291321208397309,65.68365335464478
39,62,0.0006151050329208374,0.0,0.0006151050329208374,615105032.9208374,65.68365335464478
39,63,3.8350740396708716e-06,0.0,3.8350740396708716e-06,3835074.0396708716,65.68365335464478
39,64,0.03854954615235329,0.06179734691977501,-0.00779846403747797,0.62380584399156,65.68365335464478
39,65,0.06721005588769913,0.19197911024093628,-0.07677427679300308,0.3500904645458537,65.68365335464478
39,66,0.062465850263834,7.355774869211018e-06,0.06246033343268209,8492.081783690086,65.68365335464478
39,67,0.0,0.0,0.0,0.0,65.68365335464478
39,68,0.018279781565070152,0.14132888615131378,-0.08771688304841518,0.129342146978853,65.68365335464478
39,69,0.0651923194527626,0.0035229891072958708,0.0625500776222907,18.50483139424102,65.68365335464478
39,70,0.01703176088631153,0.0,0.01703176088631153,17031760886.311531,65.68365335464478
39,71,0.03162500262260437,0.004126318730413914,0.028530263574793935,7.664217109997177,65.68365335464478
39,72,0.0032374307047575712,6.259632101546231e-08,0.0032373837575168096,51718.35874506332,65.68365335464478
39,73,6.531751637339767e-07,3.943403498851694e-06,-2.304377460404794e-06,0.16563737347365176,65.68365335464478
39,74,0.0,0.0,0.0,0.0,65.68365335464478
39,75,2.452062517477316e-06,0.0,2.452062517477316e-06,2452062.517477316,65.68365335464478
39,76,0.02474321238696575,0.0,0.02474321238696575,24743212386.96575,65.68365335464478
39,77,5.52570270428987e-07,0.14120233058929443,-0.1059011953717004,3.913322592615677e-06,65.68365335464478
39,78,0.07093573361635208,0.17857243120670319,-0.06299358978867531,0.3972378778549781,65.68365335464478
39,79,0.019722776487469673,0.002175547881051898,0.01809111557668075,9.065659574850573,65.68365335464478
39,80,0.006591515149921179,0.10892362892627716,-0.07510120654478669,0.060515016023952,65.68365335464478
39,81,0.003597552888095379,0.0,0.003597552888095379,3597552888.095379,65.68365335464478
39,82,0.020732048898935318,2.440750677124015e-06,0.020730218335927475,8494.124614661452,65.68365335464478
39,83,0.0,0.008380242623388767,-0.006285181967541575,0.0,65.68365335464478
39,84,0.6135514974594116,2.1969592571258545,-1.0341679453849792,0.2792730431704972,65.68365335464478
39,85,0.01732238009572029,3.758931052288972e-05,0.017294188112828124,460.83259825527693,65.68365335464478
39,86,0.48295196890830994,0.03380865231156349,0.4575954796746373,14.284863071245292,65.68365335464478
39,87,2.4403482257184805e-06,6.202526936505137e-09,2.4356963305161017e-06,393.3807736624889,65.68365335464478
39,88,9.919687727233395e-06,2.0712809600809123e-06,8.36622700717271e-06,4.789153731076716,65.68365335464478
39,89,1.60896270244848e-05,0.0,1.60896270244848e-05,16089627.024484798,65.68365335464478
39,90,2.798952664306853e-06,0.03898589313030243,-0.029236620895062515,7.179398596513176e-05,65.68365335464478
39,91,0.0008807022240944207,0.05494374781847,-0.04032710863975808,0.01602916180723902,65.68365335464478
39,92,0.00206353678368032,1.5353547496488318e-05,0.0020520216230579535,134.40129388670601,65.68365335464478
39,93,0.034505926072597504,0.04694123938679695,-0.0007000034675002098,0.7350876654008376,65.68365335464478
39,94,0.0,0.0,0.0,0.0,65.68365335464478
39,95,0.4482736885547638,2.4160356521606445,-1.3637530505657196,0.18554100729171363,65.68365335464478
39,96,0.008874683640897274,3.3502259611850604e-05,0.008849556946188386,264.8980540064831,65.68365335464478
39,97,1.0378814749856247e-06,0.0,1.0378814749856247e-06,1037881.4749856247,65.68365335464478
39,98,0.014140416868031025,4.985821942682378e-05,0.014103023203460907,283.612546676926,65.68365335464478
39,99,0.10546877980232239,0.00041743667679838836,0.1051557022947236,252.65815250968726,65.68365335464478
39,100,0.2599165439605713,0.0,0.2599165439605713,259916543960.5713,65.68365335464478
39,101,0.0,0.0,0.0,0.0,65.68365335464478
39,102,2.97141832561465e-06,5.970311121927807e-06,-1.5063150158312055e-06,0.49769899210146856,65.68365335464478
39,103,0.0,0.0,0.0,0.0,65.68365335464478
39,104,1.442383108951617e-06,5.4204203479457647e-05,-3.921076950064162e-05,0.02661017024054384,65.68365335464478
39,105,0.03358715772628784,0.005517010111361742,0.029449400142766535,6.08792752636622,65.68365335464478
39,106,0.0,0.0,0.0,0.0,65.68365335464478
39,107,1.9360363694431726e-06,0.0,1.9360363694431726e-06,1936036.3694431726,65.68365335464478
39,108,0.06530971080064774,0.0014576481189578772,0.06421647471142933,44.80485372734199,65.68365335464478
39,109,0.016464319080114365,0.00021972555259708315,0.016299524915666552,74.9312895590899,65.68365335464478
39,110,0.0007489313720725477,0.11047479510307312,-0.08210716495523229,0.006779205803160934,65.68365335464478
39,111,0.007201950065791607,0.07400788366794586,-0.04830396268516779,0.09731328216339183,65.68365335464478
39,112,0.015953337773680687,0.040780846029520035,-0.01463229674845934,0.3911968320064117,65.68365335464478
39,113,0.23737496137619019,0.0,0.23737496137619019,237374961376.1902,65.68365335464478
39,114,7.418833774863742e-06,0.0,7.418833774863742e-06,7418833.774863742,65.68365335464478
39,115,0.13976426422595978,0.32737997174263,-0.10577071458101273,0.4269175767887495,65.68365335464478
39,116,0.0,0.0,0.0,0.0,65.68365335464478
39,117,1.9876125190165794e-09,7.862821505000284e-09,-3.909503609733633e-09,0.2527540226787622,65.68365335464478
39,118,0.0,0.0,0.0,0.0,65.68365335464478
39,119,0.0,0.001485468470491469,-0.0011141013528686017,0.0,65.68365335464478
39,120,1.039216931530973e-05,0.5245591402053833,-0.39340896298472217,1.9811244374125327e-05,65.68365335464478
39,121,0.011964176781475544,2.486277423940919e-07,0.011963990310668748,48120.650357115934,65.68365335464478
39,122,0.0,0.0,0.0,0.0,65.68365335464478
39,123,6.033847512298962e-06,1.4775163208469166e-06,4.925710271663775e-06,4.083774468945207,65.68365335464478
39,124,2.2786803128838073e-06,0.0,2.2786803128838073e-06,2278680.3128838073,65.68365335464478
39,125,0.022998318076133728,0.0,0.022998318076133728,22998318076.133728,65.68365335464478
39,126,4.372102921479382e-06,0.0,4.372102921479382e-06,4372102.921479382,65.68365335464478
39,127,5.623179276881274e-06,1.0531432508287253e-06,4.83332183875973e-06,5.339419811157267,65.68365335464478
39,128,4.111426733288681e-06,1.9701137716765516e-05,-1.0664426554285455e-05,0.20868980176206206,65.68365335464478
39,129,0.04251444339752197,0.09535729885101318,-0.029003530740737915,0.4458436208800435,65.68365335464478
39,130,0.0,0.0,0.0,0.0,65.68365335464478
39,131,0.004262480419129133,8.438135409960523e-05,0.004199194403554429,50.51448171337882,65.68365335464478
39,132,0.0,0.0,0.0,0.0,65.68365335464478
39,133,0.0,0.0,0.0,0.0,65.68365335464478
39,134,0.0003905346675310284,0.0,0.0003905346675310284,390534667.5310284,65.68365335464478
39,135,0.41072148084640503,1.948391079902649,-1.0505718290805817,0.21080032909343635,65.68365335464478
39,136,0.0,0.0,0.0,0.0,65.68365335464478
39,137,0.0,0.12666122615337372,-0.09499591961503029,0.0,65.68365335464478
39,138,0.0,0.0753127783536911,-0.056484583765268326,0.0,65.68365335464478
39,139,4.3408335841377266e-06,5.805701675853925e-06,-1.3442672752717044e-08,0.7476844451906521,65.68365335464478
39,140,0.058409057557582855,0.006624680478125811,0.0534405471989885,8.816886752746523,65.68365335464478
39,141,0.008448573760688305,0.3647824823856354,-0.2651382880285382,0.02316057971153781,65.68365335464478
39,142,0.0696919709444046,0.00023070357565302402,0.06951894326266483,302.0844841483349,65.68365335464478
39,143,0.014155616983771324,0.06345396488904953,-0.03343485668301582,0.2230848302119435,65.68365335464478
39,144,0.0038942487444728613,0.15955212712287903,-0.11576984659768641,0.02440737591326062,65.68365335464478
39,145,6.403785846487153e-06,1.8449786693963688e-06,5.020051844439877e-06,3.4709248848158376,65.68365335464478
39,146,7.085803190420847e-06,0.0,7.085803190420847e-06,7085803.190420847,65.68365335464478
39,147,2.831307938322425e-05,2.9412609364953823e-05,6.253622359508881e-06,0.9626170214718615,65.68365335464478
39,148,0.0,0.0,0.0,0.0,65.68365335464478
39,149,0.0495837926864624,0.0,0.0495837926864624,49583792686.4624,65.68365335464478
39,150,0.0,0.0,0.0,0.0,65.68365335464478
39,151,0.08641411364078522,0.0,0.08641411364078522,86414113640.78522,65.68365335464478
39,152,0.03382465988397598,0.006521677598357201,0.028933401685208082,5.18649678225582,65.68365335464478
39,153,0.023724764585494995,0.0,0.023724764585494995,23724764585.494995,65.68365335464478
39,154,0.0,0.0,0.0,0.0,65.68365335464478
39,155,0.06127350032329559,0.02577885426580906,0.0419393596239388,2.3768899769213876,65.68365335464478
39,156,0.0,0.0,0.0,0.0,65.68365335464478
39,157,7.375093991868198e-05,6.212937933014473e-06,6.909123646892112e-05,11.870539967290256,65.68365335464478
39,158,0.0091543048620224,0.027439957484602928,-0.011425663251429796,0.3336122101073021,65.68365335464478
39,159,0.028575077652931213,0.0001411813427694142,0.028469191645854153,202.39981353061592,65.68365335464478
39,160,0.022813579067587852,0.03379199281334877,-0.002530415542423725,0.6751178953228453,65.68365335464478
39,161,8.226549107348546e-05,0.0,8.226549107348546e-05,82265491.07348546,65.68365335464478
39,162,0.01959843561053276,6.814742619098979e-07,0.019597924504836328,28758.836462539108,65.68365335464478
39,163,5.168092320673168e-05,0.0,5.168092320673168e-05,51680923.20673168,65.68365335464478
39,164,3.7765018987556687e-06,2.5886925868690014e-05,-1.5638692502761842e-05,0.14588451993207857,65.68365335464478
39,165,0.03739840164780617,0.04979871213436127,4.9367547035217285e-05,0.7509913418272952,65.68365335464478
39,166,0.0,0.0,0.0,0.0,65.68365335464478
39,167,0.042386747896671295,0.03145837411284447,0.018792967312037945,1.3473915639529945,65.68365335464478
39,168,0.0,0.0,0.0,0.0,65.68365335464478
39,169,0.0,0.0,0.0,0.0,65.68365335464478
39,170,0.0,0.0,0.0,0.0,65.68365335464478
39,171,0.2106052190065384,0.0,0.2106052190065384,210605219006.5384,65.68365335464478
39,172,0.01018590573221445,0.00020601041615009308,0.010031397920101881,49.44364403084191,65.68365335464478
39,173,0.15791547298431396,0.00019175677152816206,0.15777165540566784,823.5196645329539,65.68365335464478
39,174,2.9284335596457822e-06,0.0012764493003487587,-0.0009544085417019232,0.002294202798772702,65.68365335464478
39,175,0.02850489318370819,9.735799540067092e-05,0.028431874687157688,292.7843036785395,65.68365335464478
39,176,0.0,0.3005284070968628,-0.2253963053226471,0.0,65.68365335464478
39,177,0.010051512159407139,0.12916402518749237,-0.08682150673121214,0.07781975007931743,65.68365335464478
39,178,0.00014076456136535853,0.006994013674557209,-0.005104745694552548,0.020126434962131224,65.68365335464478
39,179,0.07253717631101608,0.0,0.07253717631101608,72537176311.01608,65.68365335464478
39,180,0.0,0.04186441749334335,-0.031398313120007515,0.0,65.68365335464478
39,181,0.02085454948246479,0.06968137621879578,-0.03140648268163204,0.2992844087447891,65.68365335464478
39,182,0.0,0.0,0.0,0.0,65.68365335464478
39,183,0.0,0.0,0.0,0.0,65.68365335464478
39,184,0.0031256405636668205,0.09150838106870651,-0.06550564523786306,0.03415687751361117,65.68365335464478
39,185,6.276999920373783e-05,0.007007507141679525,-0.005192860357055906,0.008957536243014926,65.68365335464478
39,186,0.00398830883204937,0.09375625848770142,-0.06632888503372669,0.04253912108203423,65.68365335464478
39,187,0.0,0.0,0.0,0.0,65.68365335464478
39,188,3.74861374439206e-05,4.4123248699179385e-06,3.4176893791482144e-05,8.495777181710691,65.68365335464478
39,189,0.004709217231720686,0.008793458342552185,-0.0018858765251934528,0.5355364235248496,65.68365335464478
39,190,0.009724339470267296,0.6496314406394958,-0.4774992410093546,0.014969009906108773,65.68365335464478
39,191,0.6365556716918945,3.2203454971313477,-1.7787034511566162,0.19766688768603694,65.68365335464478
39,192,7.406676741084084e-05,0.03075697459280491,-0.02299366417719284,0.0024081291605891376,65.68365335464478
39,193,0.015988517552614212,5.957346729701385e-06,0.015984049542566936,2683.831509935319,65.68365335464478
39,194,0.027031151577830315,1.1649789257717202e-06,0.027030277843635986,23203.105031980707,65.68365335464478
39,195,0.002649016445502639,8.261579205282032e-05,0.0025870546014630236,32.06428635029858,65.68365335464478
39,196,0.0,0.0,0.0,0.0,65.68365335464478
39,197,0.0,0.0,0.0,0.0,65.68365335464478
39,198,0.0,0.0,0.0,0.0,65.68365335464478
39,199,0.09921517968177795,0.4076802432537079,-0.20654500275850296,0.24336518956546768,65.68365335464478
39,200,0.0,0.0,0.0,0.0,65.68365335464478
39,201,2.023527486016974e-06,5.43052522061771e-07,1.6162380944706456e-06,3.7262026739729026,65.68365335464478
39,202,0.045540109276771545,3.904043751390418e-06,0.045537181243958,11664.85329363925,65.68365335464478
39,203,4.029382125736447e-06,0.001511316397227347,-0.0011294579157947737,0.0026661406774005692,65.68365335464478
39,204,0.0,0.0,0.0,0.0,65.68365335464478
39,205,9.917184229379927e-08,0.0,9.917184229379927e-08,99171.84229379927,65.68365335464478
39,206,0.0,0.0,0.0,0.0,65.68365335464478
39,207,0.0,0.26920953392982483,-0.20190715044736862,0.0,65.68365335464478
39,208,5.702665475837421e-06,0.0,5.702665475837421e-06,5702665.475837421,65.68365335464478
39,209,0.010527633130550385,0.0,0.010527633130550385,10527633130.550385,65.68365335464478
39,210,0.007984830066561699,0.0,0.007984830066561699,7984830066.561699,65.68365335464478
39,211,0.0,0.15400852262973785,-0.11550639197230339,0.0,65.68365335464478
39,212,0.006616012658923864,0.25913897156715393,-0.18773821601644158,0.025530751391377827,65.68365335464478
39,213,1.1732858183677308e-05,3.0212695492082275e-06,9.466906021771138e-06,3.883418579230547,65.68365335464478
39,214,0.0,0.0,0.0,0.0,65.68365335464478
39,215,0.0,0.0,0.0,0.0,65.68365335464478
39,216,0.0,6.229216523934156e-05,-4.671912392950617e-05,0.0,65.68365335464478
39,217,5.0926960284414236e-06,0.02679234743118286,-0.020089167877358705,0.00019008024740393214,65.68365335464478
39,218,0.0,0.0,0.0,0.0,65.68365335464478
39,219,2.1710072815039894e-06,0.1403619796037674,-0.10526931369554404,1.5467203352482862e-05,65.68365335464478
39,220,0.0,0.0,0.0,0.0,65.68365335464478
39,221,0.007294096983969212,1.1968145372520667e-05,0.007285120874939821,609.4592058730786,65.68365335464478
39,222,0.053359437733888626,0.43939951062202454,-0.2761901952326298,0.12143718061549565,65.68365335464478
39,223,0.0,0.0,0.0,0.0,65.68365335464478
39,224,0.0,0.0,0.0,0.0,65.68365335464478
39,225,6.531129656650592e-06,0.0,6.531129656650592e-06,6531129.656650592,65.68365335464478
39,226,2.6368286398792407e-06,4.457991508388659e-06,-7.066649914122536e-07,0.5914834165641795,65.68365335464478
39,227,0.0,0.0,0.0,0.0,65.68365335464478
39,228,0.1733243614435196,0.0021450526546686888,0.17171557195251808,80.80191457560666,65.68365335464478
39,229,1.4806171748205088e-05,1.2368913303362206e-05,5.529486770683434e-06,1.1970469990385795,65.68365335464478
39,230,0.0,0.0,0.0,0.0,65.68365335464478
39,231,0.0,0.0,0.0,0.0,65.68365335464478
39,232,2.9211282708274666e-06,0.0016661023255437613,-0.0012466556158869935,0.0017532706270731813,65.68365335464478
39,233,0.015364297665655613,0.0,0.015364297665655613,15364297665.655613,65.68365335464478
39,234,5.067619213150465e-07,2.20987949433038e-05,-1.6067334286162804e-05,0.02293165304640054,65.68365335464478
39,235,2.825675835538277e-07,7.690046004427131e-06,-5.484966919766521e-06,0.036744584706849596,65.68365335464478
39,236,6.390280665735659e-11,0.0,6.390280665735659e-11,63.90280665735659,65.68365335464478
39,237,0.024826375767588615,1.5313047470044694e-06,0.024825227289028362,16212.553120860295,65.68365335464478
39,238,0.009978938847780228,0.1379523128271103,-0.09348529577255249,0.0723361474933303,65.68365335464478
39,239,4.7673103154011187e-07,0.0,4.7673103154011187e-07,476731.0315401119,65.68365335464478
39,240,2.8775173177564284e-06,1.2168934345245361,-0.9126671983760843,2.364641994209103e-06,65.68365335464478
39,241,0.0,0.34063485264778137,-0.25547613948583603,0.0,65.68365335464478
39,242,0.0,0.021819528192281723,-0.016364646144211292,0.0,65.68365335464478
39,243,0.04430244117975235,1.2449942914827261e-05,0.04429310372256623,3558.445040623063,65.68365335464478
39,244,9.424451491213404e-06,2.0813495211768895e-06,7.863439350330736e-06,4.528046283085654,65.68365335464478
39,245,0.0,1.160499095916748,-0.870374321937561,0.0,65.68365335464478
39,246,1.0064730304293334e-05,0.0,1.0064730304293334e-05,10064730.304293334,65.68365335464478
39,247,0.01686909608542919,0.0,0.01686909608542919,16869096085.429192,65.68365335464478
39,248,0.033846620470285416,4.905556852463633e-05,0.03380982879389194,689.9648867247829,65.68365335464478
39,249,0.020920390263199806,3.5593300708569586e-05,0.02089369528766838,587.7620018084169,65.68365335464478
39,250,1.2401519597915467e-06,0.07978203147649765,-0.059835283455413446,1.554425146646371e-05,65.68365335464478
39,251,2.3373147541860817e-06,0.0,2.3373147541860817e-06,2337314.7541860817,65.68365335464478
39,252,0.0006823302246630192,4.822989012609469e-06,0.0006787129829035621,141.47452573592327,65.68365335464478
39,253,0.016327638179063797,1.632178646104876e-05,0.01631539683921801,1000.3584606176867,65.68365335464478
39,254,0.0,0.2132215052843094,-0.15991612896323204,0.0,65.68365335464478
39,255,3.671233343993663e-06,2.7979434889857657e-05,-1.731334282339958e-05,0.1312118428136165,65.68365335464478
