layer,expert,global_target_grad_bf16,global_control_grad_bf16,global_grad_specific_bf16,global_grad_ratio_bf16,scan_peak_gpu_gib
1,0,2.3693974071647972e-07,0.0009328246815130115,-0.0006993815713940421,0.00025400243492503725,64.9209337234497
1,1,0.007536957040429115,0.0038952052127569914,0.004615553130861372,1.9349319552690762,64.9209337234497
1,2,0.0,0.01626977138221264,-0.01220232853665948,0.0,64.9209337234497
1,3,0.05727608501911163,0.040820058435201645,0.0266610411927104,1.4031357918957756,64.9209337234497
1,4,0.0010343230096623302,0.013677241280674934,-0.00922360795084387,0.0756236574584773,64.9209337234497
1,5,0.010665754787623882,0.0031636334024369717,0.008293029735796154,3.3713624265177518,64.9209337234497
1,6,0.0006997695891186595,0.0009792399359866977,-3.466036287136376e-05,0.7146048304279541,64.9209337234497
1,7,0.0003302753029856831,0.0009017835836857557,-0.0003460623847786337,0.36624674544366875,64.9209337234497
1,8,0.22814936935901642,0.09012666344642639,0.16055437177419662,2.5314303296282885,64.9209337234497
1,9,0.0010633977362886071,0.007306150626391172,-0.004416215233504772,0.14554829081977433,64.9209337234497
1,10,0.01919841766357422,0.12038832902908325,-0.07109282910823822,0.15947075450126746,64.9209337234497
1,11,0.016805391758680344,0.0351075753569603,-0.009525289759039879,0.47868277963746897,64.9209337234497
1,12,0.06850606203079224,0.12343930453062057,-0.024073416367173195,0.5549777057699116,64.9209337234497
1,13,0.18328475952148438,0.17454198002815247,0.052378274500370026,1.0500898379339552,64.9209337234497
1,14,0.003213740885257721,0.0010928831761702895,0.002394078503130004,2.940607882334496,64.9209337234497
1,15,0.05035446211695671,0.005672628525644541,0.046099990722723305,8.8767423920745,64.9209337234497
1,16,0.019213510677218437,0.014342200942337513,0.008456859970465302,1.339648688030956,64.9209337234497
1,17,0.09711948782205582,0.07964566349983215,0.0373852401971817,1.2193945477149686,64.9209337234497
1,18,0.11488420516252518,0.01664770022034645,0.10239842999726534,6.900905448502451,64.9209337234497
1,19,0.014316326007246971,0.012240377254784107,0.005136043066158891,1.1695984288786432,64.9209337234497
1,20,0.005901012569665909,0.0336095429956913,-0.019306144677102566,0.17557550753507228,64.9209337234497
1,21,0.0007061170181259513,4.4905515096616e-05,0.0006724378818034893,15.724505127760084,64.9209337234497
1,22,0.004238252993673086,0.011175152845680714,-0.004143111640587449,0.3792568255504396,64.9209337234497
1,23,0.014525104314088821,0.012627311050891876,0.005054621025919914,1.1502927467612045,64.9209337234497
1,24,0.0024542382452636957,0.001259212731383741,0.00150982869672589,1.9490259128953715,64.9209337234497
1,25,0.017619041725993156,0.030831310898065567,-0.005504441447556019,0.5714658641558816,64.9209337234497
1,26,0.0032521304674446583,0.004601050168275833,-0.00019865715876221657,0.7068235180657715,64.9209337234497
1,27,0.02101517654955387,0.01814587041735649,0.007405773736536503,1.1581244693720931,64.9209337234497
1,28,0.027274494990706444,0.07251039147377014,-0.027108298614621162,0.376146017639369,64.9209337234497
1,29,0.021259382367134094,0.0010520825162529945,0.02047032047994435,20.20695336962989,64.9209337234497
1,30,0.008863926865160465,0.005366466473788023,0.004839077009819448,1.6517250050482413,64.9209337234497
1,31,0.05705426260828972,0.02577916719019413,0.03771988721564412,2.21319262120224,64.9209337234497
1,32,0.00895324070006609,0.009449970908463001,0.0018657625187188387,0.9474357948658343,64.9209337234497
1,33,0.023382486775517464,0.042698923498392105,-0.008641705848276615,0.5476130276645114,64.9209337234497
1,34,0.14572641253471375,0.06799531728029251,0.09472992457449436,2.143183065561006,64.9209337234497
1,35,0.08610618859529495,0.1876303255558014,-0.05461655557155609,0.45891402863460895,64.9209337234497
1,36,0.011671529151499271,0.0043110609985888,0.008438233402557671,2.7073449326308605,64.9209337234497
1,37,0.0,0.006066774949431419,-0.0045500812120735645,0.0,64.9209337234497
1,38,0.0005923444987274706,0.0011243754997849464,-0.0002509371261112392,0.5268208870737084,64.9209337234497
1,39,0.12669703364372253,0.07126219570636749,0.07325038686394691,1.7778996617504428,64.9209337234497
1,40,0.06664306670427322,0.035460326820611954,0.04004782158881426,1.879369782448152,64.9209337234497
1,41,0.057291895151138306,0.06453116238117218,0.00889352336525917,0.887817498340401,64.9209337234497
1,42,0.008505653589963913,0.0073849973268806934,0.002966905594803393,1.1517476868749008,64.9209337234497
1,43,0.15631097555160522,0.3429221212863922,-0.10088061541318893,0.4558206247085645,64.9209337234497
1,44,0.001700647990219295,0.011304551735520363,-0.006777765811420977,0.1504392239389024,64.9209337234497
1,45,0.0,0.002005223650485277,-0.0015039177378639579,0.0,64.9209337234497
1,46,0.0,0.028467649593949318,-0.02135073719546199,0.0,64.9209337234497
1,47,0.0026652768719941378,0.0011997867841273546,0.0017654367838986218,2.2214587667018058,64.9209337234497
1,48,0.010513165034353733,0.013781904242932796,0.0001767368521541357,0.7628238339402148,64.9209337234497
1,49,0.05655544623732567,0.0050681158900260925,0.0527543593198061,11.15906728523436,64.9209337234497
1,50,0.0702371820807457,0.04123557731509209,0.03931049909442663,1.7033151140904679,64.9209337234497
1,51,0.0559534877538681,0.05541282519698143,0.01439386885613203,1.0097569931501411,64.9209337234497
1,52,0.08598429709672928,0.058834075927734375,0.0418587401509285,1.4614710223524532,64.9209337234497
1,53,0.013502093032002449,0.008120001293718815,0.007412092061713338,1.662819073783166,64.9209337234497
1,54,0.07420379668474197,0.044314175844192505,0.040968164801597595,1.674493438487181,64.9209337234497
1,55,0.06727767735719681,0.06156867742538452,0.021101169288158417,1.092725719788903,64.9209337234497
1,56,0.010075590573251247,0.004891728051006794,0.006406794534996152,2.0597200960748037,64.9209337234497
1,57,0.004084362182766199,0.0033074459061026573,0.0016037777531892061,1.2348991631261856,64.9209337234497
1,58,0.11120624095201492,0.11971382796764374,0.02142086997628212,0.9289339655995531,64.9209337234497
1,59,0.10999346524477005,0.03321700915694237,0.08508070837706327,3.3113596929141353,64.9209337234497
1,60,0.016311850398778915,0.003885685233399272,0.013397586473729461,4.197934061764201,64.9209337234497
1,61,0.10757828503847122,0.10011934489011765,0.03248877637088299,1.074500488946121,64.9209337234497
1,62,0.00993285235017538,0.07160098105669022,-0.04376788344234228,0.13872508733046968,64.9209337234497
1,63,0.008734188042581081,0.013177367858588696,-0.0011488378513604403,0.6628173498416474,64.9209337234497
1,64,0.11489978432655334,0.028610406443476677,0.09344197949394584,4.01601370289988,64.9209337234497
1,65,0.022308770567178726,0.022874237969517708,0.005153092090040445,0.9752792900000514,64.9209337234497
1,66,0.0001761191088007763,0.017328163608908653,-0.012820003597880714,0.010163749186905602,64.9209337234497
1,67,0.013155195862054825,0.02680349349975586,-0.00694742426276207,0.49080153904877544,64.9209337234497
1,68,0.04314645379781723,0.05589725822210312,0.001223510131239891,0.7718885535602925,64.9209337234497
1,69,0.2709883451461792,0.05552271008491516,0.22934631258249283,4.880675758205159,64.9209337234497
1,70,0.026141377165913582,0.019086362794041634,0.011826605070382357,1.3696363967630723,64.9209337234497
1,71,0.0625603199005127,0.059282898902893066,0.018098145723342896,1.0552844253101192,64.9209337234497
1,72,0.04672481492161751,0.014675652608275414,0.03571807546541095,3.183832171939403,64.9209337234497
1,73,0.27280905842781067,0.12205751985311508,0.18126591853797436,2.2350860377457775,64.9209337234497
1,74,0.0,0.0,0.0,0.0,64.9209337234497
1,75,0.025499602779746056,0.006869038101285696,0.020347824203781784,3.71225234159947,64.9209337234497
1,76,0.005448852200061083,0.0033152883406728506,0.002962385944556445,1.6435530302355734,64.9209337234497
1,77,0.00852243509143591,0.010261328890919685,0.0008264384232461452,0.8305391222911612,64.9209337234497
1,78,0.01576969400048256,0.0052195522002875805,0.011855029850266874,3.0212733568585493,64.9209337234497
1,79,0.10347090661525726,0.03478317707777023,0.07738352380692959,2.9747399549194804,64.9209337234497
1,80,0.05480833351612091,0.02442913129925728,0.03648648504167795,2.243564572250823,64.9209337234497
1,81,0.0605088472366333,0.0627199187874794,0.01346890814602375,0.9647469002741719,64.9209337234497
1,82,0.0962982326745987,0.018252432346343994,0.0826089084148407,5.275912319083957,64.9209337234497
1,83,0.008766049519181252,0.010792640037834644,0.0006715694908052683,0.812224764991586,64.9209337234497
1,84,0.02723965421319008,0.022873280569911003,0.010084693785756826,1.1908940708676479,64.9209337234497
1,85,0.04750358685851097,0.016284363344311714,0.035290314350277185,2.9171288954435735,64.9209337234497
1,86,0.15499258041381836,0.08932766318321228,0.08799683302640915,1.7351017018568067,64.9209337234497
1,87,0.005586244165897369,0.003976152744144201,0.0026041296077892184,1.4049370142330322,64.9209337234497
1,88,0.008415796793997288,0.010682565160095692,0.000403872923925519,0.7878067362178481,64.9209337234497
1,89,0.1527635008096695,0.08882219344377518,0.08614685572683811,1.7198798508015853,64.9209337234497
1,90,0.00933359656482935,0.007544056046754122,0.003675554529763758,1.2372119859326836,64.9209337234497
1,91,0.0,0.0012890384532511234,-0.0009667788399383426,0.0,64.9209337234497
1,92,0.0,0.0,0.0,0.0,64.9209337234497
1,93,0.0035982001572847366,0.006693731527775526,-0.001422098488546908,0.5375477253332491,64.9209337234497
1,94,0.005912501830607653,0.04693415388464928,-0.029288113582879305,0.12597439904878047,64.9209337234497
1,95,0.12267469614744186,0.17464971542358398,-0.008312590420246124,0.7024042143396128,64.9209337234497
1,96,0.0,0.018224796280264854,-0.01366859721019864,0.0,64.9209337234497
1,97,0.0203663669526577,0.008301832713186741,0.014139992417767644,2.453237454165302,64.9209337234497
1,98,0.0015085266204550862,0.005612154025584459,-0.0027005888987332582,0.2687963682588325,64.9209337234497
1,99,0.005288498941808939,0.003642515977844596,0.002556611958425492,1.4518807803518403,64.9209337234497
1,100,0.022893544286489487,0.016316480934619904,0.010656183585524559,1.4030932513463392,64.9209337234497
1,101,0.001959289191290736,0.0008316499297507107,0.0013355517439777032,2.3559061557573053,64.9209337234497
1,102,0.0707654356956482,0.0668986514210701,0.02059144712984562,1.0578006311245673,64.9209337234497
1,103,0.00579116540029645,0.011159440502524376,-0.0025784149765968323,0.5189476478204694,64.9209337234497
1,104,0.05158267542719841,0.10543262958526611,-0.027491796761751175,0.4892477369635641,64.9209337234497
1,105,0.01010480523109436,0.017208140343427658,-0.002801300026476383,0.58721076355973,64.9209337234497
1,106,0.006318285129964352,0.003018877934664488,0.004054126678965986,2.0929250087660893,64.9209337234497
1,107,0.020654337480664253,0.006830355152487755,0.015531571116298437,3.023903884429438,64.9209337234497
1,108,0.008470263332128525,0.02949538268148899,-0.013651273678988218,0.2871725186043172,64.9209337234497
1,109,0.014190146699547768,0.0686153769493103,-0.03727138601243496,0.20680709383588972,64.9209337234497
1,110,0.02092156372964382,0.009247953072190285,0.013985598925501108,2.262291294523888,64.9209337234497
1,111,0.014359241351485252,0.01230192743241787,0.00513279577717185,1.1672350880951177,64.9209337234497
1,112,0.0,0.00544775789603591,-0.004085818422026932,0.0,64.9209337234497
1,113,0.019536998122930527,0.038969505578279495,-0.009690131060779095,0.5013406722131615,64.9209337234497
1,114,0.04881243035197258,0.03711061552166939,0.02097946871072054,1.3153225745381405,64.9209337234497
1,115,0.010067510418593884,0.009416929446160793,0.0030048133339732885,1.0690863168385785,64.9209337234497
1,116,0.0011174895334988832,0.05269536003470421,-0.03840403049252927,0.02120660211338756,64.9209337234497
1,117,0.03398418799042702,0.06274403631687164,-0.013073839247226715,0.5416321611548468,64.9209337234497
1,118,0.004363371524959803,0.0074049727991223335,-0.0011903580743819475,0.5892488254498001,64.9209337234497
1,119,0.019944408908486366,0.01590426079928875,0.008016213309019804,1.2540292918312976,64.9209337234497
1,120,0.004041012842208147,0.006834678817540407,-0.0010849962709471583,0.5912513154599316,64.9209337234497
1,121,0.013690095394849777,0.006039196625351906,0.009160697925835848,2.266873599563448,64.9209337234497
1,122,0.03357267379760742,0.026262016966938972,0.013876161072403193,1.278373776035306,64.9209337234497
1,123,0.015790849924087524,0.02854618802666664,-0.0056187910959124565,0.5531684268590683,64.9209337234497
1,124,0.005620031151920557,0.043054111301898956,-0.02667055232450366,0.13053413441475784,64.9209337234497
1,125,0.09436216950416565,0.07707668840885162,0.03655465319752693,1.2242634115570625,64.9209337234497
1,126,0.017621930688619614,0.02394852414727211,-0.00033946242183446884,0.7358253301755565,64.9209337234497
1,127,0.0075651188381016254,0.005925146397203207,0.00312125904019922,1.2767817585732122,64.9209337234497
1,128,0.17180316150188446,0.029625725001096725,0.14958386775106192,5.7991209156813985,64.9209337234497
1,129,0.020923350006341934,0.014420376159250736,0.010108067886903882,1.450957296385681,64.9209337234497
1,130,0.02673117071390152,0.036433909088373184,-0.0005942611023783684,0.7336893400137044,64.9209337234497
1,131,0.01957033760845661,0.012389822863042355,0.010277970461174846,1.5795494272362431,64.9209337234497
1,132,0.0177952628582716,0.007999775931239128,0.011795430909842253,2.2244701612899704,64.9209337234497
1,133,0.014923184178769588,0.010755150578916073,0.006856821244582534,1.3875383768811946,64.9209337234497
1,134,0.0,0.0,0.0,0.0,64.9209337234497
1,135,0.01776062324643135,0.023657431825995445,1.754937693476677e-05,0.7507418123959145,64.9209337234497
1,136,3.836245923594106e-06,0.03506653010845184,-0.02629606133541529,0.00010939907403498938,64.9209337234497
1,137,0.02757236920297146,0.0030174877028912306,0.025309253425803035,9.137524957405871,64.9209337234497
1,138,0.027422068640589714,0.05562753975391388,-0.014298586174845695,0.49295850151574205,64.9209337234497
1,139,0.06431228667497635,0.05267513170838356,0.02480593789368868,1.2209231299087524,64.9209337234497
1,140,0.008148356340825558,0.0008757788455113769,0.007491522206692025,9.304125548686343,64.9209337234497
1,141,0.0005531015922315419,4.144884769630153e-06,0.0005499929286543193,133.44193856538897,64.9209337234497
1,142,0.002741167787462473,0.012642801739275455,-0.006740933516994119,0.21681648132866707,64.9209337234497
1,143,0.044467177242040634,0.047200463712215424,0.009066829457879066,0.9420919572362272,64.9209337234497
1,144,0.005012630484998226,0.003898611292243004,0.0020886720158159733,1.2857476952590832,64.9209337234497
1,145,0.017720146104693413,0.010414093732833862,0.009909575805068016,1.7015543126065074,64.9209337234497
1,146,0.0,0.04495367035269737,-0.03371525276452303,0.0,64.9209337234497
1,147,0.008679005317389965,0.0058500999584794044,0.004291430348530412,1.4835653027307079,64.9209337234497
1,148,0.021575339138507843,0.0272623710334301,0.0011285608634352684,0.7913962843239126,64.9209337234497
1,149,0.09593427926301956,0.21460068225860596,-0.0650162324309349,0.44703622678592553,64.9209337234497
1,150,0.03380066156387329,0.04076327010989189,0.0032282089814543724,0.8291940629866641,64.9209337234497
1,151,0.00991375558078289,0.0010220266412943602,0.00914723559981212,9.70009505674664,64.9209337234497
1,152,0.013609154149889946,0.009843575768172741,0.00622647232376039,1.3825417174630703,64.9209337234497
1,153,0.016960004344582558,0.031052326783537865,-0.006329240743070841,0.5461749923689322,64.9209337234497
1,154,0.0900823101401329,0.004308003932237625,0.08685130719095469,20.910452157464185,64.9209337234497
1,155,0.02219693548977375,0.01864181086421013,0.008215577341616154,1.190707042908492,64.9209337234497
1,156,0.11395584046840668,0.08453017473220825,0.05055820941925049,1.3481084219696797,64.9209337234497
1,157,0.047588881105184555,0.054165735840797424,0.006964579224586487,0.8785790567708344,64.9209337234497
1,158,0.036318376660346985,0.003561473684385419,0.03364727139705792,10.19756984570185,64.9209337234497
1,159,0.04754088073968887,0.024601861834526062,0.029089484363794327,1.932409874403813,64.9209337234497
1,160,0.029460784047842026,0.04036496579647064,-0.0008129402995109558,0.7298602504870227,64.9209337234497
1,161,0.0057356953620910645,0.004132905974984169,0.0026360158808529377,1.3878117226524183,64.9209337234497
1,162,0.0,0.002966336440294981,-0.0022247523302212358,0.0,64.9209337234497
1,163,0.00739723676815629,0.002341438550502062,0.005641157855279744,3.159270083518045,64.9209337234497
1,164,0.001529447385109961,0.008611057884991169,-0.004928846028633416,0.17761434255344286,64.9209337234497
1,165,0.013909704983234406,0.01681465655565262,0.0012987125664949417,0.827236936797922,64.9209337234497
1,166,0.019078683108091354,0.023437708616256714,0.001500401645898819,0.8140165670480306,64.9209337234497
1,167,0.00457507511600852,0.0067786406725645065,-0.0005089053884148598,0.6749251562854629,64.9209337234497
1,168,0.020660419017076492,0.010627987794578075,0.012689428171142936,1.9439633742967366,64.9209337234497
1,169,0.07247557491064072,0.1126648336648941,-0.012023050338029861,0.6432847992796578,64.9209337234497
1,170,0.006885278504341841,0.0027633802965283394,0.004812743281945586,2.4916145311234454,64.9209337234497
1,171,0.0,0.0,0.0,0.0,64.9209337234497
1,172,0.026148496195673943,0.024439046159386635,0.007819211576133966,1.069947494025285,64.9209337234497
1,173,0.19359350204467773,0.09059304744005203,0.1256487164646387,2.136957608922992,64.9209337234497
1,174,0.06249970570206642,0.007947094738483429,0.05653938464820385,7.864472206622892,64.9209337234497
1,175,0.03554145246744156,0.09703084826469421,-0.0372316837310791,0.36629023761722,64.9209337234497
1,176,0.043744590133428574,0.03659237548708916,0.016300308518111706,1.1954564181728915,64.9209337234497
1,177,0.03456703945994377,0.014605505391955376,0.02361291041597724,2.366712998279154,64.9209337234497
1,178,0.013457462191581726,0.013972750864923,0.002977899042889476,0.9631218877881828,64.9209337234497
1,179,0.02849114127457142,0.014745998196303844,0.017431642627343535,1.932127001058547,64.9209337234497
1,180,0.02006162330508232,0.013407113961875439,0.010006287833675742,1.4963416705961736,64.9209337234497
1,181,0.02601584419608116,0.010686767287552357,0.018000768730416894,2.434397932848157,64.9209337234497
1,182,0.016267213970422745,0.04356231167912483,-0.01640451978892088,0.37342402969502214,64.9209337234497
1,183,0.1625623255968094,0.10519462823867798,0.0836663544178009,1.545348163847525,64.9209337234497
1,184,0.0,0.0009137575980275869,-0.0006853181985206902,0.0,64.9209337234497
1,185,3.996923680915643e-07,3.6121619473306055e-07,1.2878022204176887e-07,1.1065153429003758,64.9209337234497
1,186,0.1791362464427948,0.10835009068250656,0.09787367843091488,1.6533096125046765,64.9209337234497
1,187,0.0037206518463790417,0.009837601333856583,-0.0036575491540133953,0.3782072193956499,64.9209337234497
1,188,0.0130770867690444,0.011524124071002007,0.004433993715792894,1.1347575475011877,64.9209337234497
1,189,0.006939389742910862,0.0,0.006939389742910862,6939389742.910862,64.9209337234497
1,190,0.009596697054803371,0.018616845831274986,-0.004365937318652868,0.515484585373002,64.9209337234497
1,191,0.0032106905709952116,0.0006830841884948313,0.002698377429624088,4.7002852948033365,64.9209337234497
1,192,0.017519818618893623,0.009622348472476006,0.01030305726453662,1.820742479571072,64.9209337234497
1,193,0.0,0.002095859032124281,-0.0015718942740932107,0.0,64.9209337234497
1,194,0.011615169234573841,0.012584750540554523,0.0021766063291579485,0.9229558580617748,64.9209337234497
1,195,0.017040276899933815,0.033112842589616776,-0.007794355042278767,0.5146123246079314,64.9209337234497
1,196,0.031815383583307266,0.018463047221302986,0.017968098167330027,1.7231924503163774,64.9209337234497
1,197,0.01016363687813282,0.007559625431895256,0.004493917804211378,1.3444630250999428,64.9209337234497
1,198,0.03182510286569595,0.035925835371017456,0.004880726337432861,0.8858556115993463,64.9209337234497
1,199,0.01016068086028099,0.00870138593018055,0.0036346414126455784,1.167708332976153,64.9209337234497
1,200,0.004755447153002024,0.008385645225644112,-0.00153378676623106,0.5670937685143552,64.9209337234497
1,201,0.07150468975305557,0.049113042652606964,0.03466990776360035,1.4559205842198848,64.9209337234497
1,202,0.014357233420014381,0.017621824517846107,0.0011408650316298008,0.8147415952678269,64.9209337234497
1,203,0.0,0.0011517852544784546,-0.0008638389408588409,0.0,64.9209337234497
1,204,0.007426287047564983,0.00609962735325098,0.002851566532626748,1.2174984824916264,64.9209337234497
1,205,0.14554600417613983,0.05873195454478264,0.10149703826755285,2.4781399717028667,64.9209337234497
1,206,0.07385723292827606,0.033382173627614975,0.04882060270756483,2.212475249513595,64.9209337234497
1,207,0.001981303794309497,0.006083756219595671,-0.002581513370387256,0.32567113514543555,64.9209337234497
1,208,0.17182780802249908,0.12756088376045227,0.07615714520215988,1.3470258511522155,64.9209337234497
1,209,0.021982183679938316,0.025452494621276855,0.0028928127139806747,0.8636553707666357,64.9209337234497
1,210,0.011128785088658333,0.006073315162211657,0.00657379871699959,1.832406978657974,64.9209337234497
1,211,0.001972292782738805,0.0024395366199314594,0.00014264031779021025,0.8084702503812988,64.9209337234497
1,212,0.016788465902209282,0.006083116866648197,0.012226128252223134,2.759846024247089,64.9209337234497
1,213,0.003244598163291812,0.0030189373064786196,0.0009803951834328473,1.0747484405370649,64.9209337234497
1,214,0.00454069534316659,0.005243189167231321,0.0006083034677430987,0.8660178371359996,64.9209337234497
1,215,0.01148642785847187,0.07323578000068665,-0.043440407142043114,0.156841749459176,64.9209337234497
1,216,0.02422863431274891,0.010092592798173428,0.01665918971411884,2.4006352772632624,64.9209337234497
1,217,0.00040946982335299253,0.0005818703793920577,-2.6932961191050708e-05,0.7037131243509877,64.9209337234497
1,218,0.010051215998828411,0.01468051690608263,-0.0009591716807335615,0.6846636302008678,64.9209337234497
1,219,0.09680073708295822,0.0893179252743721,0.029812293127179146,1.0837772684991975,64.9209337234497
1,220,0.20560215413570404,0.032641828060150146,0.18112078309059143,6.298732832932506,64.9209337234497
1,221,0.008925799280405045,0.018140001222491264,-0.004679201636463404,0.4920506437919174,64.9209337234497
1,222,0.14214642345905304,0.06756064295768738,0.0914759412407875,2.1039826922010505,64.9209337234497
1,223,0.003644515760242939,0.007111053913831711,-0.0016887746751308441,0.5125141510517136,64.9209337234497
1,224,0.0018963062902912498,0.003716380801051855,-0.0008909793104976416,0.5102561850616272,64.9209337234497
1,225,0.003220644546672702,0.0025866141077131033,0.0012806839658878744,1.2451198405760813,64.9209337234497
1,226,0.0,0.013783416710793972,-0.010337562533095479,0.0,64.9209337234497
1,227,0.0022124492097646,0.0441351942718029,-0.030888946494087577,0.05012891063964254,64.9209337234497
1,228,0.027356544509530067,0.012429767288267612,0.018034219043329358,2.200889515699209,64.9209337234497
1,229,0.012109067291021347,0.024347547441720963,-0.006151593290269375,0.4973423840536153,64.9209337234497
1,230,0.1269274353981018,0.11189460009336472,0.04300648532807827,1.1343481748990512,64.9209337234497
1,231,0.005824284628033638,0.010274406522512436,-0.001881520263850689,0.5668730952688187,64.9209337234497
1,232,0.009008379653096199,0.058229271322488785,-0.03466357383877039,0.15470534747121864,64.9209337234497
1,233,0.0,0.002589491894468665,-0.0019421189208514988,0.0,64.9209337234497
1,234,0.006919797509908676,0.0019196879584342241,0.005480031541083008,3.6046470343795347,64.9209337234497
1,235,0.0,0.0010079523781314492,-0.0007559642835985869,0.0,64.9209337234497
1,236,0.01594725251197815,0.0352705642580986,-0.010505670681595802,0.45214055536024783,64.9209337234497
1,237,0.009861605241894722,0.015157057903707027,-0.0015061881858855486,0.6506279321419098,64.9209337234497
1,238,0.015591251663863659,0.009975511580705643,0.008109617978334427,1.5629525900663452,64.9209337234497
1,239,0.007473500911146402,0.005522680934518576,0.0033314902102574706,1.353237856469549,64.9209337234497
1,240,0.01623688079416752,0.006680333986878395,0.011226630304008722,2.4305492545177643,64.9209337234497
1,241,0.0,0.002677156124264002,-0.0020078670931980014,0.0,64.9209337234497
1,242,0.10130774974822998,0.08033840358257294,0.04105394706130028,1.2610127315119404,64.9209337234497
1,243,0.0030206108931452036,0.0016705754678696394,0.001767679292242974,1.8081259718179856,64.9209337234497
1,244,0.003787325695157051,0.0038009181153029203,0.0009366371086798608,0.9964239110841224,64.9209337234497
1,245,0.0,7.554065746262495e-07,-5.665549309696871e-07,0.0,64.9209337234497
1,246,0.0,7.287749758688733e-05,-5.46581231901655e-05,0.0,64.9209337234497
1,247,0.015204805880784988,0.0005192440585233271,0.014815372836892493,29.28258032406418,64.9209337234497
1,248,0.03492436558008194,0.02491733245551586,0.016236366238445044,1.4016093272034522,64.9209337234497
1,249,0.05690501630306244,0.05319713428616524,0.01700716558843851,1.0697007849310372,64.9209337234497
1,250,0.029896285384893417,0.016838504001498222,0.01726740738376975,1.775471584676281,64.9209337234497
1,251,0.0,0.01806674152612686,-0.013550056144595146,0.0,64.9209337234497
1,252,0.03999563679099083,0.08642204850912094,-0.024820899590849876,0.46279436186133577,64.9209337234497
1,253,0.019420668482780457,0.017985153943300247,0.005931803025305271,1.079816638930419,64.9209337234497
1,254,0.010651804506778717,0.010327543132007122,0.0029061471577733755,1.0313977264094154,64.9209337234497
1,255,0.01163262128829956,0.009712607599794865,0.004348165588453412,1.1976826169058414,64.9209337234497
2,0,0.02961742877960205,0.02589578554034233,0.010195589624345303,1.1437161746770785,64.94063377380371
2,1,0.06718460470438004,0.0692642405629158,0.015236424282193184,0.9699753315332069,64.94063377380371
2,2,0.009334408678114414,0.007441207300871611,0.0037535032024607062,1.2544212651845656,64.94063377380371
2,3,0.06925670057535172,0.11154124140739441,-0.014399230480194092,0.6209066682499695,64.94063377380371
2,4,0.022943636402487755,0.004587536212056875,0.0195029842434451,5.001298155900422,64.94063377380371
2,5,0.04513735696673393,0.09145575761795044,-0.023454461246728897,0.4935430873012753,64.94063377380371
2,6,0.028681451454758644,0.037932388484478,0.00023216009140014648,0.7561203657328097,64.94063377380371
2,7,0.00041340358438901603,0.014101897366344929,-0.01016301944036968,0.029315458311752744,64.94063377380371
2,8,0.10571980476379395,0.06701144576072693,0.05546122044324875,1.5776380223119286,64.94063377380371
2,9,0.034144047647714615,0.01860816963016987,0.020187920425087214,1.8348955498837007,64.94063377380371
2,10,0.0044619012624025345,0.005783993750810623,0.0001239059492945671,0.7714222134153895,64.94063377380371
2,11,0.00983845628798008,0.00839149672538042,0.003544833743944764,1.1724316422660142,64.94063377380371
2,12,0.002846404444426298,0.005221423227339983,-0.001069662976078689,0.5451395759257843,64.94063377380371
2,13,0.005330265033990145,0.09332778304815292,-0.06466557225212455,0.05711337888721577,64.94063377380371
2,14,0.16948994994163513,0.0934131070971489,0.09943011961877346,1.814412936329722,64.94063377380371
2,15,0.0364382341504097,0.04531394690275192,0.0024527739733457565,0.8041284558108681,64.94063377380371
2,16,0.0024236065801233053,0.00014296828885562718,0.002316380363481585,16.952056869189118,64.94063377380371
2,17,0.0008184451144188643,0.0,0.0008184451144188643,818445114.4188643,64.94063377380371
2,18,0.0005678942543454468,0.011154299601912498,-0.007797830447088927,0.05091258748305129,64.94063377380371
2,19,0.014689509756863117,0.009752507321536541,0.0073751292657107115,1.5062290415222683,64.94063377380371
2,20,0.012052307836711407,0.02370561473071575,-0.005726903211325407,0.5084157476239847,64.94063377380371
2,21,0.0,0.008178169839084148,-0.006133627379313111,0.0,64.94063377380371
2,22,0.027138786390423775,0.03491218388080597,0.0009546484798192978,0.7773442784989111,64.94063377380371
2,23,0.078012615442276,0.042311642318964005,0.046278883703053,1.843762405919827,64.94063377380371
2,24,0.0010104543762281537,0.005611965898424387,-0.0031985200475901365,0.1800535488520689,64.94063377380371
2,25,0.09776376187801361,0.0033263075165450573,0.09526903124060482,29.391077452203525,64.94063377380371
2,26,0.0520356148481369,0.04888176545500755,0.015374290756881237,1.0645199567304446,64.94063377380371
2,27,0.06461802124977112,0.0417315848171711,0.033319332636892796,1.5484200164292499,64.94063377380371
2,28,0.00791181717067957,0.02766548842191696,-0.012837299145758152,0.2859814744541341,64.94063377380371
2,29,0.033916670829057693,0.0038423535879701376,0.03103490563808009,8.827056137264126,64.94063377380371
2,30,0.0018520480953156948,0.005594579502940178,-0.0023438865318894386,0.33104330611645166,64.94063377380371
2,31,0.001455941004678607,0.0017278139712288976,0.0001600805262569338,0.8426491671440927,64.94063377380371
2,32,0.13998454809188843,0.08263210207223892,0.07801047153770924,1.6940697934540812,64.94063377380371
2,33,0.28050917387008667,0.1632125824689865,0.1580997370183468,1.7186737053294898,64.94063377380371
2,34,0.014129585586488247,0.006766054313629866,0.009055044851265848,2.088305078476332,64.94063377380371
2,35,0.019455095753073692,0.030001336708664894,-0.0030459067784249783,0.6484742977070838,64.94063377380371
2,36,0.18266628682613373,0.032918430864810944,0.15797746367752552,5.549058142253396,64.94063377380371
2,37,0.007264879532158375,0.052095551043748856,-0.03180678375065327,0.13945297413051672,64.94063377380371
2,38,0.0012003564042970538,0.017640573903918266,-0.012030074023641646,0.06804520140710328,64.94063377380371
2,39,0.03094116784632206,0.0025081196799874306,0.029060078086331487,12.336400085238644,64.94063377380371
2,40,0.0156395323574543,0.02564479596912861,-0.0035940646193921566,0.6098520875608225,64.94063377380371
2,41,0.007986057549715042,0.004715277347713709,0.0044495995389297605,1.6936559525800907,64.94063377380371
2,42,0.044964615255594254,0.02440084144473076,0.026663984172046185,1.8427485525693375,64.94063377380371
2,43,0.016717812046408653,0.04658243805170059,-0.01821901649236679,0.3588865835552686,64.94063377380371
2,44,0.0027822437696158886,0.0008623963221907616,0.0021354465279728174,3.2261776804914066,64.94063377380371
2,45,0.035005487501621246,0.06434053927659988,-0.013249916955828667,0.5440658081926955,64.94063377380371
2,46,0.036272767931222916,0.06750380992889404,-0.014355089515447617,0.537344010195779,64.94063377380371
2,47,0.011482251808047295,0.005153025034815073,0.00761748303193599,2.2282546132111123,64.94063377380371
2,48,0.01394097600132227,0.007632514461874962,0.008216590154916048,1.8265246753389157,64.94063377380371
2,49,0.0012124829227104783,0.0,0.0012124829227104783,1212482922.7104783,64.94063377380371
2,50,0.0656011551618576,0.0431186705827713,0.03326215222477913,1.5214095025125405,64.94063377380371
2,51,0.016643358394503593,0.008874398656189442,0.009987559402361512,1.8754350618472906,64.94063377380371
2,52,0.04112398251891136,0.06488047540187836,-0.007536374032497406,0.6338421884788923,64.94063377380371
2,53,0.010927506722509861,0.02126358263194561,-0.0050201802514493465,0.5139071299104073,64.94063377380371
2,54,0.008856370113790035,0.033300139009952545,-0.016118734143674374,0.265955950240242,64.94063377380371
2,55,0.003002227284014225,0.018247514963150024,-0.010683408938348293,0.16452800778147328,64.94063377380371
2,56,0.007710878271609545,0.004042639862746,0.0046788983745500445,1.9073868886417382,64.94063377380371
2,57,0.07575246691703796,0.0137618537992239,0.06543107656762004,5.50452490025766,64.94063377380371
2,58,0.0334416925907135,0.017144015058875084,0.020583681296557188,1.9506336452644932,64.94063377380371
2,59,0.0,0.0,0.0,0.0,64.94063377380371
2,60,0.16146601736545563,0.24912479519844055,-0.025377579033374786,0.6481330661453896,64.94063377380371
2,61,0.10255079716444016,0.19767801463603973,-0.045707713812589645,0.5187769482242908,64.94063377380371
2,62,0.0,0.09897583723068237,-0.07423187792301178,0.0,64.94063377380371
2,63,0.023226860910654068,0.024199526757001877,0.00507721584290266,0.9598064103866749,64.94063377380371
2,64,0.02236901968717575,0.01714475452899933,0.009510453790426254,1.3047150746915144,64.94063377380371
2,65,0.05440407618880272,0.002028845716267824,0.05288244190160185,26.815285029197188,64.94063377380371
2,66,0.0,0.028238052502274513,-0.021178539376705885,0.0,64.94063377380371
2,67,0.02464582398533821,0.001538646873086691,0.023491838830523193,16.017855948895008,64.94063377380371
2,68,0.006483754608780146,0.03911967948079109,-0.022856005001813173,0.16574150644046348,64.94063377380371
2,69,0.0959998071193695,0.0642186850309372,0.04783579334616661,1.4948890197864833,64.94063377380371
2,70,0.06209747493267059,0.06429774314165115,0.013874167576432228,0.9657800087150953,64.94063377380371
2,71,0.017031392082571983,0.035375818610191345,-0.009500471875071526,0.48144163870130213,64.94063377380371
2,72,0.012701058760285378,0.014671598561108112,0.0016973598394542933,0.8656901772849764,64.94063377380371
2,73,0.02251751720905304,0.0013712785439565778,0.021489058301085606,16.420819309009218,64.94063377380371
2,74,0.028725439682602882,0.015860896557569504,0.016829767264425755,1.811085494223388,64.94063377380371
2,75,0.02246217429637909,0.037620775401592255,-0.005753407254815102,0.5970683500274515,64.94063377380371
2,76,0.013471998274326324,0.008939271792769432,0.00676754442974925,1.507057687150328,64.94063377380371
2,77,0.025020809844136238,0.02622069977223873,0.0053552850149571896,0.9542388288840743,64.94063377380371
2,78,0.036634158343076706,0.015573049895465374,0.024954370921477675,2.352407433780302,64.94063377380371
2,79,0.00917387567460537,0.06956809759140015,-0.04300219751894474,0.1318690030645247,64.94063377380371
2,80,0.011263014748692513,0.008727512322366238,0.004717380506917834,1.2905183437596477,64.94063377380371
2,81,0.005893163848668337,0.0012007816694676876,0.004992577596567571,4.907772989550242,64.94063377380371
2,82,0.02543729543685913,0.03980657830834389,-0.004417638294398785,0.6390224057737758,64.94063377380371
2,83,0.052485391497612,0.041688233613967896,0.021219216287136078,1.258997730207678,64.94063377380371
2,84,0.09744809567928314,0.0997968465089798,0.022600460797548294,0.9764646788667638,64.94063377380371
2,85,0.011685803532600403,0.013261161744594574,0.0017399322241544724,0.8812051128538936,64.94063377380371
2,86,0.18637514114379883,0.016443155705928802,0.17404277436435223,11.334511724246719,64.94063377380371
2,87,0.0008721121121197939,0.0007061552023515105,0.000342495710356161,1.235014778593472,64.94063377380371
2,88,0.02867262251675129,0.03975826874375343,-0.0011460790410637856,0.721173819233137,64.94063377380371
2,89,0.020315641537308693,0.012622608803212643,0.010848684934899211,1.609464560965289,64.94063377380371
2,90,0.0,0.005322406068444252,-0.003991804551333189,0.0,64.94063377380371
2,91,0.0011607802007347345,0.019879823550581932,-0.013749087462201715,0.058389864362873876,64.94063377380371
2,92,0.06324412673711777,0.04558864235877991,0.029052644968032837,1.387278134716164,64.94063377380371
2,93,0.13174889981746674,0.07189257442951202,0.07782946899533272,1.8325800802252394,64.94063377380371
2,94,0.08007608354091644,0.035470061004161835,0.05347353778779507,2.2575682497208915,64.94063377380371
2,95,0.09008090198040009,0.05223776772618294,0.05090257618576288,1.7244401110487104,64.94063377380371
2,96,0.028408020734786987,0.015766507014632225,0.01658314047381282,1.8017954583485687,64.94063377380371
2,97,0.07858871668577194,0.015402119606733322,0.06703712698072195,5.102461134395617,64.94063377380371
2,98,0.006372527219355106,0.0019543177913874388,0.004906788875814527,3.260742569185886,64.94063377380371
2,99,0.15729212760925293,0.0990152582526207,0.0830306839197874,1.5885645342292607,64.94063377380371
2,100,0.12039428949356079,0.05718470737338066,0.0775057589635253,2.105358145934986,64.94063377380371
2,101,0.006056681741029024,0.0026594982482492924,0.004062058054842055,2.2773776003570103,64.94063377380371
2,102,0.06248483806848526,0.05686071515083313,0.019839301705360413,1.0989105202358824,64.94063377380371
2,103,0.0580611526966095,0.037365105003118515,0.03003732394427061,1.553887047559743,64.94063377380371
2,104,0.14162711799144745,0.09029626101255417,0.07390492223203182,1.5684715668369493,64.94063377380371
2,105,0.034265436232089996,0.01551207434386015,0.022631380474194884,2.208952553366512,64.94063377380371
2,106,0.0033900600392371416,0.00833678524941206,-0.0028625288978219032,0.40663876271367094,64.94063377380371
2,107,0.03139132633805275,0.0,0.03139132633805275,31391326338.05275,64.94063377380371
2,108,0.05416759103536606,0.03994324430823326,0.024210157804191113,1.35611395549171,64.94063377380371
2,109,0.00268051796592772,0.00833177287131548,-0.0035683116875588894,0.3217224001430056,64.94063377380371
2,110,0.012284297496080399,0.01372910663485527,0.0019874675199389458,0.8947630622955777,64.94063377380371
2,111,0.025964505970478058,0.010523862205445766,0.018071609316393733,2.467203148533724,64.94063377380371
2,112,0.04395241290330887,0.025459740310907364,0.024857607670128345,1.7263496157010132,64.94063377380371
2,113,0.038429904729127884,0.018502693623304367,0.02455288451164961,2.0769897350863533,64.94063377380371
2,114,0.31382399797439575,0.13862411677837372,0.20985591039061546,2.263848493793185,64.94063377380371
2,115,0.06481015682220459,0.020674657076597214,0.04930416401475668,3.134763327824771,64.94063377380371
2,116,0.0,0.0022571496665477753,-0.0016928622499108315,0.0,64.94063377380371
2,117,0.04149380698800087,0.0525081641972065,0.002112683840095997,0.7902353400010538,64.94063377380371
2,118,0.035343922674655914,0.07772926241159439,-0.02295302413403988,0.45470549414256595,64.94063377380371
2,119,0.04412652552127838,0.017186230048537254,0.03123685298487544,2.5675511961662885,64.94063377380371
2,120,0.05840054899454117,0.11829882115125656,-0.030323566868901253,0.4936697460355645,64.94063377380371
2,121,0.17403320968151093,0.11702296882867813,0.08626598306000233,1.4871713768842143,64.94063377380371
2,122,0.007587915752083063,0.0018821171252056956,0.006176327908178791,4.031585307010157,64.94063377380371
2,123,0.018642541021108627,0.0028976884204894304,0.016469274705741554,6.43359061065863,64.94063377380371
2,124,0.09125828742980957,0.011794105172157288,0.0824127085506916,7.737618589115878,64.94063377380371
2,125,0.08943881094455719,0.017097994685173035,0.07661531493067741,5.230953254236615,64.94063377380371
2,126,0.0007401743205264211,0.00415143882855773,-0.0023734048008918762,0.17829344256657995,64.94063377380371
2,127,0.05952489376068115,0.011571817100048065,0.0508460309356451,5.1439539046369775,64.94063377380371
2,128,0.16421766579151154,0.15680325031280518,0.046615228056907654,1.0472848328262847,64.94063377380371
2,129,0.0,0.0002564208989497274,-0.00019231567421229556,0.0,64.94063377380371
2,130,0.05795876681804657,0.0833585262298584,-0.004560127854347229,0.6952950038671734,64.94063377380371
2,131,0.013471825048327446,0.008989453315734863,0.0067297350615262985,1.498625619785816,64.94063377380371
2,132,0.29522615671157837,0.1660839319229126,0.17066320776939392,1.777572058246003,64.94063377380371
2,133,0.02033444680273533,0.019218094646930695,0.005920875817537308,1.0580885969840323,64.94063377380371
2,134,0.050241269171237946,0.1312938779592514,-0.04822913929820061,0.3826626949540499,64.94063377380371
2,135,0.02120542898774147,0.008126994594931602,0.015110183041542768,2.6092584088042794,64.94063377380371
2,136,0.0016186496941372752,0.0007565864943899214,0.0010512098233448341,2.139411295337849,64.94063377380371
2,137,0.0881083533167839,0.08175885677337646,0.026789210736751556,1.077661268673676,64.94063377380371
2,138,0.04845395311713219,0.012248399667441845,0.0392676533665508,3.9559415457330642,64.94063377380371
2,139,0.029570942744612694,0.009671817533671856,0.022317079594358802,3.0574338937439407,64.94063377380371
2,140,0.028536329045891762,0.016137124970555305,0.016433485317975283,1.7683651267615743,64.94063377380371
2,141,0.022112205624580383,0.011417863890528679,0.013548807706683874,1.9366324414662377,64.94063377380371
2,142,0.009679915383458138,0.0046559167094528675,0.006187977851368487,2.079056818547899,64.94063377380371
2,143,0.12047603726387024,0.22893595695495605,-0.0512259304523468,0.5262434039011533,64.94063377380371
2,144,0.011949541978538036,0.008376269601285458,0.005667339777573943,1.4265947188803014,64.94063377380371
2,145,0.014458266086876392,0.013286227360367775,0.004493595566600561,1.0882145618640053,64.94063377380371
2,146,0.041668519377708435,0.14147226512432098,-0.0644356794655323,0.29453489940800076,64.94063377380371
2,147,0.006422068458050489,0.006828119046986103,0.0013009791728109121,0.9405325848770351,64.94063377380371
2,148,0.007009119261056185,0.010497989133000374,-0.0008643725886940956,0.6676630325664361,64.94063377380371
2,149,0.07523620873689651,0.05030694231390953,0.03750600200146437,1.495543264504841,64.94063377380371
2,150,0.12174730002880096,0.10067696869373322,0.04623957350850105,1.2092865091911533,64.94063377380371
2,151,0.05865577980875969,0.010257002897560596,0.05096302763558924,5.718608095254713,64.94063377380371
2,152,0.07071336358785629,0.07009714841842651,0.018140502274036407,1.0087908735565483,64.94063377380371
2,153,0.019468871876597404,0.015562393702566624,0.007797076599672437,1.2510203923279157,64.94063377380371
2,154,0.015588046051561832,0.00937814824283123,0.00855443486943841,1.6621667355082979,64.94063377380371
2,155,0.0024028532207012177,1.0055046004708856e-06,0.0024020990922508645,2389.6965064898136,64.94063377380371
2,156,0.044729072600603104,0.009463604539632797,0.037631369195878506,4.726430865591963,64.94063377380371
2,157,0.029665296897292137,0.00892644003033638,0.022970466874539852,3.3233065805799105,64.94063377380371
2,158,0.026089102029800415,0.017596013844013214,0.012892091646790504,1.482671146976517,64.94063377380371
2,159,0.0888640433549881,0.05353764817118645,0.04871080722659826,1.659842118375947,64.94063377380371
2,160,0.011630244553089142,0.008354735560715199,0.005364192882552743,1.3920541789956415,64.94063377380371
2,161,0.10712742805480957,0.03676372021436691,0.07955463789403439,2.9139441663477585,64.94063377380371
2,162,0.010521228425204754,0.07745156437158585,-0.04756744485348463,0.13584268452721873,64.94063377380371
2,163,0.01353555079549551,0.009761380031704903,0.006214515771716833,1.3866431539542032,64.94063377380371
2,164,0.01783672906458378,0.008073754608631134,0.011781413108110428,2.209223580229507,64.94063377380371
2,165,0.018171310424804688,0.0304265134036541,-0.004648574627935886,0.5972196085413181,64.94063377380371
2,166,0.0063977413810789585,0.002542734844610095,0.004490690247621387,2.516086721399339,64.94063377380371
2,167,0.03279536962509155,0.00824776291847229,0.026609547436237335,3.976274529868503,64.94063377380371
2,168,0.04787800833582878,0.1050761491060257,-0.03092910349369049,0.4556505804858004,64.94063377380371
2,169,0.030074063688516617,0.023644449189305305,0.012340726796537638,1.2719291300237852,64.94063377380371
2,170,0.009864910505712032,0.01794535480439663,-0.0035941055975854397,0.5497194462126433,64.94063377380371
2,171,0.01720046065747738,0.08537087589502335,-0.04682769626379013,0.20147925714650647,64.94063377380371
2,172,0.0292962659150362,0.04714296758174896,-0.00606095977127552,0.6214344878398489,64.94063377380371
2,173,0.05129632353782654,0.002548394724726677,0.04938502749428153,20.12887682586117,64.94063377380371
2,174,0.003939160145819187,0.0030805780552327633,0.0016287266043946147,1.2787081105928486,64.94063377380371
2,175,0.059143174439668655,0.11082093417644501,-0.0239725261926651,0.5336823306774277,64.94063377380371
2,176,0.004192703869193792,0.05132519081234932,-0.0343011892400682,0.0816890069525723,64.94063377380371
2,177,0.011223625391721725,0.01152175571769476,0.002582308603450656,0.9741245749127193,64.94063377380371
2,178,0.0016516776522621512,0.024285247549414635,-0.016562258009798825,0.06801156335068742,64.94063377380371
2,179,0.003089695470407605,0.0016782621387392282,0.001830998866353184,1.8410088610398423,64.94063377380371
2,180,0.011451574973762035,0.0011178855784237385,0.010613160789944232,10.243959833228402,64.94063377380371
2,181,0.02126246877014637,0.007722907233983278,0.015470288344658911,2.7531689975287406,64.94063377380371
2,182,0.0006722099496982992,0.0012122172629460692,-0.00023695299751125276,0.5545292660740437,64.94063377380371
2,183,0.018821991980075836,0.005058910697698593,0.015027808956801891,3.7205622121216333,64.94063377380371
2,184,0.051819682121276855,0.04207973927259445,0.020259877666831017,1.2314639542881944,64.94063377380371
2,185,0.0254159327596426,0.01734016276896,0.012410810682922602,1.4657263081562892,64.94063377380371
2,186,0.011319462209939957,0.004111730493605137,0.008235664339736104,2.752967935226261,64.94063377380371
2,187,0.008554864674806595,0.0455642007291317,-0.02561828587204218,0.18775408188273662,64.94063377380371
2,188,0.04168650507926941,0.018458042293787003,0.027842973358929157,2.258446720053442,64.94063377380371
2,189,0.0384896956384182,0.022019078955054283,0.021975386422127485,1.748015696534628,64.94063377380371
2,190,0.006078638602048159,0.018502481281757355,-0.007798222359269857,0.3285309958785313,64.94063377380371
2,191,0.0,0.028269020840525627,-0.02120176563039422,0.0,64.94063377380371
2,192,0.07624740153551102,0.049423810094594955,0.0391795439645648,1.5427260947311465,64.94063377380371
2,193,0.0026970088947564363,0.00811559148132801,-0.0033896847162395716,0.33232437840535334,64.94063377380371
2,194,0.007800362538546324,0.004103759303689003,0.0047225430607795715,1.9007846122050915,64.94063377380371
2,195,0.040437061339616776,0.036769188940525055,0.012860169634222984,1.0997539653084225,64.94063377380371
2,196,0.06799755245447159,0.07824282348155975,0.009315434843301773,0.8690580097691409,64.94063377380371
2,197,0.07567452639341354,0.04775962606072426,0.03985480684787035,1.5844874140264884,64.94063377380371
2,198,0.01266831997781992,0.09149772673845291,-0.055954975076019764,0.13845502428594725,64.94063377380371
2,199,0.0016149325529113412,0.10723406821489334,-0.07881061860825866,0.015059883298095272,64.94063377380371
2,200,0.005167069844901562,0.0036977010313421488,0.00239379407139495,1.3973736112539918,64.94063377380371
2,201,0.008054104633629322,0.006383263505995274,0.003266657004132867,1.2617534314231287,64.94063377380371
2,202,0.0005534485098905861,0.00041580776451155543,0.00024159268650691956,1.3310201391012877,64.94063377380371
2,203,0.013405194506049156,0.014918523840606213,0.0022163016255944967,0.8985603836127178,64.94063377380371
2,204,0.01615041308104992,0.00761520117521286,0.010439012199640274,2.120812399743027,64.94063377380371
2,205,0.002321689622476697,0.0015655222814530134,0.001147547911386937,1.4830128248566647,64.94063377380371
2,206,0.048057038336992264,0.0038699558936059475,0.0451545714167878,12.417980888096297,64.94063377380371
2,207,0.014408661983907223,0.010674528777599335,0.006402765400707722,1.3498171472256655,64.94063377380371
2,208,0.0,1.0249939805362374e-05,-7.68745485402178e-06,0.0,64.94063377380371
2,209,0.011936997063457966,0.053732238709926605,-0.028362181968986988,0.2221570764560484,64.94063377380371
2,210,0.007112808991223574,0.003938622307032347,0.004158842260949314,1.8059129398413891,64.94063377380371
2,211,0.0,0.0,0.0,0.0,64.94063377380371
2,212,0.11643822491168976,0.1157129555940628,0.029653508216142654,1.0062678315742364,64.94063377380371
2,213,0.081277996301651,0.20732353627681732,-0.07421465590596199,0.3920345840172097,64.94063377380371
2,214,0.0,0.0,0.0,0.0,64.94063377380371
2,215,0.0007999559165909886,0.005305696744471788,-0.0031793166417628527,0.15077301907119375,64.94063377380371
2,216,0.04847649857401848,0.058917686343193054,0.004288233816623688,0.8227834727049892,64.94063377380371
2,217,0.02819351851940155,0.001544125727377832,0.027035424223868176,18.258564054249657,64.94063377380371
2,218,0.008643058128654957,0.006734256632626057,0.0035923656541854143,1.283446503285561,64.94063377380371
2,219,0.011548672802746296,0.058622829616069794,-0.03241844940930605,0.1969995798255285,64.94063377380371
2,220,0.011048780754208565,0.023901326581835747,-0.006877214182168245,0.46226642341028146,64.94063377380371
2,221,0.16364166140556335,0.21935921907424927,-0.0008777529001235962,0.7459985593285118,64.94063377380371
2,222,0.05156426876783371,0.030949844047427177,0.028351885732263327,1.6660590821443615,64.94063377380371
2,223,0.11443586647510529,0.05706019699573517,0.07164071872830391,2.0055287660793213,64.94063377380371
2,224,0.06532538682222366,0.03262532874941826,0.04085639026015997,2.0022905308313925,64.94063377380371
2,225,0.18154053390026093,0.13179610669612885,0.08269345387816429,1.3774347243613665,64.94063377380371
2,226,0.007985915057361126,0.005768329370766878,0.0036596680292859674,1.3844415848457325,64.94063377380371
2,227,0.011750474572181702,0.024021537974476814,-0.006265678908675909,0.4891641236367782,64.94063377380371
2,228,0.16135592758655548,0.11116720736026764,0.07798052206635475,1.4514705497834999,64.94063377380371
2,229,0.14437277615070343,0.06675273925065994,0.09430822171270847,2.162799276392441,64.94063377380371
2,230,0.010813182219862938,0.01633858121931553,-0.0014407536946237087,0.6618189225890518,64.94063377380371
2,231,0.01519109308719635,0.01952233538031578,0.0005493415519595146,0.7781391309225879,64.94063377380371
2,232,0.0013075907481834292,0.11372368782758713,-0.08398517512250692,0.011497962941144926,64.94063377380371
2,233,3.491494862828404e-05,0.0,3.491494862828404e-05,34914948.62828404,64.94063377380371
2,234,0.043608248233795166,0.015625812113285065,0.03188888914883137,2.790782835148047,64.94063377380371
2,235,0.020251832902431488,0.007865159772336483,0.014352963073179126,2.574878767382045,64.94063377380371
2,236,0.008561965078115463,0.007456221152096987,0.002969799214042723,1.148298166365304,64.94063377380371
2,237,0.016835657879710197,0.03330313786864281,-0.008141695521771908,0.5055276756685622,64.94063377380371
2,238,0.0034226160496473312,0.00651447894051671,-0.0014632431557402015,0.5253860025296931,64.94063377380371
2,239,0.0012067813659086823,0.0,0.0012067813659086823,1206781365.9086823,64.94063377380371
2,240,0.015230567194521427,0.026363151147961617,-0.004541796166449785,0.577721802240675,64.94063377380371
2,241,0.00374332326464355,0.001749475602991879,0.0024312165623996407,2.1396830319337945,64.94063377380371
2,242,0.13546371459960938,0.20551413297653198,-0.018671885132789612,0.6591454934849618,64.94063377380371
2,243,0.04194182530045509,0.02585580386221409,0.022549972403794527,1.6221435435672964,64.94063377380371
2,244,0.020468495786190033,0.009790238924324512,0.013125816592946649,2.0907044191990005,64.94063377380371
2,245,0.018243152648210526,0.01638559065759182,0.005953959655016661,1.1133655800588849,64.94063377380371
2,246,0.020964955911040306,0.010852857492864132,0.012825312791392207,1.9317452498471706,64.94063377380371
2,247,0.005412744823843241,0.0011381135554984212,0.004559159657219425,4.75589170600548,64.94063377380371
2,248,0.01232715044170618,0.015826281160116196,0.0004574395716190338,0.778903794025404,64.94063377380371
2,249,0.02001327835023403,0.018016941845417023,0.006500571966171265,1.1108032939682277,64.94063377380371
2,250,0.041189126670360565,0.027495574206113815,0.020567446015775204,1.4980275138136185,64.94063377380371
2,251,0.014310797676444054,0.04642733186483383,-0.02050970122218132,0.30824079483610084,64.94063377380371
2,252,0.010745118372142315,0.05022808909416199,-0.026925948448479176,0.2139264814909571,64.94063377380371
2,253,0.004623871296644211,0.03463495150208473,-0.021352342329919338,0.13350303944362069,64.94063377380371
2,254,0.016096794977784157,0.021072300150990486,0.0002925698645412922,0.7638840972120292,64.94063377380371
2,255,0.0018684107344597578,0.0,0.0018684107344597578,1868410734.4597578,64.94063377380371
3,0,0.022334890440106392,0.019471144303679466,0.007731532212346792,1.1470764168050815,64.96033382415771
3,1,0.0,0.03467797115445137,-0.026008478365838528,0.0,64.96033382415771
3,2,0.017100855708122253,0.002559698885306716,0.015181081544142216,6.680807574517631,64.96033382415771
3,3,0.0,0.009291192516684532,-0.006968394387513399,0.0,64.96033382415771
3,4,0.04480094835162163,0.09547866880893707,-0.026808053255081177,0.4692246855766689,64.96033382415771
3,5,0.060792651027441025,0.03566400706768036,0.034044645726680756,1.7045939596851498,64.96033382415771
3,6,0.014159970916807652,0.013917761854827404,0.0037216495256870985,1.017402874362219,64.96033382415771
3,7,0.07998524606227875,0.04940449818968773,0.04293187242001295,1.618987116386807,64.96033382415771
3,8,0.021591439843177795,0.013023587875068188,0.011823748936876655,1.657871859017719,64.96033382415771
3,9,0.0031457829754799604,0.005699449218809605,-0.001128803938627243,0.5519450834909005,64.96033382415771
3,10,0.14694103598594666,0.08288076519966125,0.08478046208620071,1.7729208415268625,64.96033382415771
3,11,3.3782696391426725e-06,0.017218230292201042,-0.012910294449511639,0.0001962030697473392,64.96033382415771
3,12,0.0,0.003335012821480632,-0.002501259616110474,0.0,64.96033382415771
3,13,0.001971360994502902,0.01476017665117979,-0.00909877149388194,0.13355944450785218,64.96033382415771
3,14,0.014700901694595814,0.0023828058037906885,0.012913797341752797,6.169576079191723,64.96033382415771
3,15,0.0,0.01393572986125946,-0.010451797395944595,0.0,64.96033382415771
3,16,0.0202729981392622,0.18777787685394287,-0.12056040950119495,0.10796265501991457,64.96033382415771
3,17,0.07177113741636276,0.02046693116426468,0.05642093904316425,3.5066877802456626,64.96033382415771
3,18,0.0011634231777861714,0.0007450226112268865,0.0006046562193660066,1.5615944518900948,64.96033382415771
3,19,0.005591560620814562,0.011217808350920677,-0.002821795642375946,0.49845392659584814,64.96033382415771
3,20,0.010850614868104458,0.006435752846300602,0.006023800233379006,1.6859899883594218,64.96033382415771
3,21,0.003983702044934034,0.008379888720810413,-0.0023012144956737757,0.47538841829314704,64.96033382415771
3,22,0.0076994397677481174,0.04538944363594055,-0.026342642959207296,0.16963062665702888,64.96033382415771
3,23,0.0480353944003582,0.009965487755835056,0.04056127858348191,4.820174945015816,64.96033382415771
3,24,0.08142665028572083,0.0020635623950511217,0.07987897848943248,39.45926250717722,64.96033382415771
3,25,0.013235820457339287,0.010312424041330814,0.005501502426341176,1.2834829525054834,64.96033382415771
3,26,0.00060185109032318,0.001669206889346242,-0.0006500540766865015,0.3605611106711515,64.96033382415771
3,27,0.05334585905075073,0.010401478037238121,0.04554475052282214,5.128680640831968,64.96033382415771
3,28,0.018517043441534042,0.015477321110665798,0.006909052608534694,1.1963984792934934,64.96033382415771
3,29,0.2667636275291443,0.15368737280368805,0.15149809792637825,1.7357550113642581,64.96033382415771
3,30,0.0009544423664920032,0.002191525651142001,-0.0006892018718644977,0.4355150328991721,64.96033382415771
3,31,0.0652020052075386,0.03806895390152931,0.03665028978139162,1.7127343549938356,64.96033382415771
3,32,0.006360685918480158,0.0,0.006360685918480158,6360685918.480158,64.96033382415771
3,33,0.0838431864976883,0.0025665475986897945,0.08191827579867095,32.667692002993434,64.96033382415771
3,34,0.00017749112157616764,0.0421772375702858,-0.03145543705613818,0.004208220637403796,64.96033382415771
3,35,0.04443192109465599,0.05287909135222435,0.004772602580487728,0.8402550035865304,64.96033382415771
3,36,0.00044051287113688886,0.06506364792585373,-0.04835722307325341,0.006770491436817761,64.96033382415771
3,37,0.033174432814121246,0.027498504146933556,0.01255055470392108,1.2064086335624995,64.96033382415771
3,38,0.0,0.0009920068550854921,-0.0007440051413141191,0.0,64.96033382415771
3,39,0.1074277013540268,0.12364567816257477,0.014693442732095718,0.8688350692848907,64.96033382415771
3,40,0.11797170341014862,0.13356798887252808,0.017795711755752563,0.883233358569566,64.96033382415771
3,41,0.15926747024059296,0.034887511283159256,0.13310183677822351,4.565171443252494,64.96033382415771
3,42,0.1443738043308258,0.08468776196241379,0.08085798285901546,1.7047776559876167,64.96033382415771
3,43,0.07554657757282257,0.012540062889456749,0.06614153040573001,6.024417758727119,64.96033382415771
3,44,0.006618949584662914,0.008553937077522278,0.0002034967765212059,0.7737898378142337,64.96033382415771
3,45,0.0,0.0,0.0,0.0,64.96033382415771
3,46,1.751981585584872e-06,0.06283461302518845,-0.04712420778730575,2.7882428190568697e-05,64.96033382415771
3,47,0.012359729036688805,0.04929988831281662,-0.02461518719792366,0.2507050108919802,64.96033382415771
3,48,0.005296484101563692,0.013369156047701836,-0.004730382934212685,0.39617191109666106,64.96033382415771
3,49,0.0007644261932000518,0.058699529618024826,-0.04326022102031857,0.01302269708396943,64.96033382415771
3,50,0.024202199652791023,0.0057527837343513966,0.019887611852027476,4.2070414543947185,64.96033382415771
3,51,0.13997304439544678,0.0030764960683882236,0.1376656723441556,45.49755346291767,64.96033382415771
3,52,0.009291701018810272,0.005984570365399122,0.0048032732447609305,1.5526095358455996,64.96033382415771
3,53,0.011035878211259842,0.0038604203145951033,0.008140562975313514,2.858724519368458,64.96033382415771
3,54,0.044969893991947174,0.045692235231399536,0.010700717568397522,0.9841911599032441,64.96033382415771
3,55,0.015573551878333092,0.008442522957921028,0.00924165965989232,1.8446561477072279,64.96033382415771
3,56,0.13405375182628632,0.029420066624879837,0.11198870185762644,4.556541408657578,64.96033382415771
3,57,0.002749198814854026,0.0050466954708099365,-0.0010358227882534266,0.5447522701162824,64.96033382415771
3,58,0.012018395587801933,0.007145068608224392,0.006659594131633639,1.6820546092847872,64.96033382415771
3,59,0.0439906008541584,0.05572749674320221,0.0021949782967567444,0.7893877066842251,64.96033382415771
3,60,0.07213768362998962,0.03700143098831177,0.0443866103887558,1.9495917239208211,64.96033382415771
3,61,0.018978241831064224,0.013091682456433773,0.009159479988738894,1.4496411666544753,64.96033382415771
3,62,0.01628916896879673,0.004371086601167917,0.013010854017920792,3.726572006310245,64.96033382415771
3,63,0.06819594651460648,0.10471978783607483,-0.010343894362449646,0.651223115737277,64.96033382415771
3,64,0.022592637687921524,0.004213987849652767,0.01943214680068195,5.3613438122328265,64.96033382415771
3,65,0.0018273638561367989,0.011338557116687298,-0.0066765539813786745,0.16116370338570227,64.96033382415771
3,66,0.013514110818505287,0.021337497979402542,-0.0024890126660466194,0.6333503033447194,64.96033382415771
3,67,0.032676681876182556,0.026213109493255615,0.013016849756240845,1.2465778576686364,64.96033382415771
3,68,0.048825040459632874,0.029642323032021523,0.02659329818561673,1.6471394770660122,64.96033382415771
3,69,0.023107217624783516,0.057167842984199524,-0.019768664613366127,0.4041995712653679,64.96033382415771
3,70,0.12234135717153549,0.08111417293548584,0.06150572746992111,1.5082611674698505,64.96033382415771
3,71,0.013129686005413532,0.008422677405178547,0.006812677951529622,1.558849445638522,64.96033382415771
3,72,0.02726837806403637,0.009792039170861244,0.019924348685890436,2.784749691606194,64.96033382415771
3,73,0.016487644985318184,0.02658109925687313,-0.003448179457336664,0.6202770180933982,64.96033382415771
3,74,0.17178335785865784,0.1420259028673172,0.06526393070816994,1.2095213224444767,64.96033382415771
3,75,0.07584360986948013,0.054644662886857986,0.03486011270433664,1.3879417652393011,64.96033382415771
3,76,0.04638467729091644,0.14039307832717896,-0.05891013145446777,0.3303914825664618,64.96033382415771
3,77,0.024503640830516815,0.10884658247232437,-0.05713129602372646,0.22512090204138524,64.96033382415771
3,78,0.004367136396467686,0.001555882627144456,0.0032002244261093438,2.8068546543744937,64.96033382415771
3,79,0.005122686270624399,0.007092820480465889,-0.00019692908972501755,0.72223543285924,64.96033382415771
3,80,0.08679161965847015,0.10123081505298615,0.010868508368730545,0.8573636358868038,64.96033382415771
3,81,0.0037433451507240534,0.0050680371932685375,-5.768274422734976e-05,0.738618326431664,64.96033382415771
3,82,0.015403677709400654,0.006006905343383551,0.01089849870186299,2.564328356497755,64.96033382415771
3,83,0.01290383655577898,0.01239030435681343,0.003611108288168907,1.0414462940647387,64.96033382415771
3,84,0.027263397350907326,0.011800932697951794,0.01841269782744348,2.3102747932228245,64.96033382415771
3,85,0.016806650906801224,0.00038009273703210056,0.01652158135402715,44.21723759789861,64.96033382415771
3,86,0.015633126720786095,0.008233950473368168,0.009457663865759969,1.898618016886445,64.96033382415771
3,87,0.03821945562958717,0.0131941307336092,0.028323857579380274,2.8967012983534155,64.96033382415771
3,88,0.036770667880773544,0.04576287791132927,0.0024485094472765923,0.8035042715455385,64.96033382415771
3,89,0.0,0.007019245997071266,-0.00526443449780345,0.0,64.96033382415771
3,90,0.09083213657140732,0.048597924411296844,0.054383693262934685,1.8690538262663714,64.96033382415771
3,91,0.06782878935337067,0.04000783711671829,0.03782291151583195,1.6953875600371133,64.96033382415771
3,92,0.042060740292072296,0.054099634289741516,0.001486014574766159,0.7774681075666804,64.96033382415771
3,93,0.003145314287394285,0.004294359590858221,-7.545540574938059e-05,0.7324291830049727,64.96033382415771
3,94,0.0,0.0014233589172363281,-0.001067519187927246,0.0,64.96033382415771
3,95,0.059196338057518005,0.0,0.059196338057518005,59196338057.518005,64.96033382415771
3,96,0.002348941983655095,0.0015718971844762564,0.0011700190952979028,1.4943356380801764,64.96033382415771
3,97,0.15194115042686462,0.15993815660476685,0.03198753297328949,0.9499993850834849,64.96033382415771
3,98,0.00304435845464468,0.01950906775891781,-0.011587442364543676,0.15604838181450378,64.96033382415771
3,99,0.0029025301337242126,0.02673557959496975,-0.0171491545625031,0.10856432430444687,64.96033382415771
3,100,0.013945410028100014,0.014642219059169292,0.0029637457337230444,0.9524109679546604,64.96033382415771
3,101,0.03318289294838905,0.019783636555075645,0.01834516553208232,1.67728985792546,64.96033382415771
3,102,0.04005679860711098,0.02226783148944378,0.023355924990028143,1.7988639183075066,64.96033382415771
3,103,0.010310406796634197,0.0012409636983647943,0.009379684022860602,8.308387104241431,64.96033382415771
3,104,0.037988632917404175,0.016893921419978142,0.02531819185242057,2.248656896807365,64.96033382415771
3,105,0.0232704970985651,0.016071880236268044,0.011216586921364069,1.4479013503724756,64.96033382415771
3,106,0.03338859975337982,0.014397723600268364,0.02259030705317855,2.319019358757412,64.96033382415771
3,107,0.024637961760163307,0.010884319432079792,0.016474722186103463,2.2636198718390452,64.96033382415771
3,108,0.048586491495370865,0.013641835190355778,0.03835511510260403,3.5615803016120555,64.96033382415771
3,109,0.09506886452436447,0.04874206706881523,0.05851231422275305,1.9504479444458829,64.96033382415771
3,110,0.01529700681567192,0.07184168696403503,-0.038584258407354355,0.2129266093531029,64.96033382415771
3,111,0.006369052454829216,0.0043154433369636536,0.003132469952106476,1.4758744249518074,64.96033382415771
3,112,0.004520778078585863,0.012150240130722523,-0.004591902019456029,0.37207314666833324,64.96033382415771
3,113,0.05863179266452789,0.03517093136906624,0.032253594137728214,1.6670526022642964,64.96033382415771
3,114,0.3590688705444336,0.2617078423500061,0.16278798878192902,1.3720218214280548,64.96033382415771
3,115,0.0,0.010747434571385384,-0.008060575928539038,0.0,64.96033382415771
3,116,0.08241911232471466,0.022261014208197594,0.06572335166856647,3.7023970044752734,64.96033382415771
3,117,0.012881414964795113,0.002157435053959489,0.011263338674325496,5.9707081032096205,64.96033382415771
3,118,0.0294820424169302,0.08773498237133026,-0.0363191943615675,0.3360352007801645,64.96033382415771
3,119,0.0,0.0028065629303455353,-0.0021049221977591515,0.0,64.96033382415771
3,120,0.04697470739483833,0.05237909033894539,0.0076903896406292915,0.8968217487162896,64.96033382415771
3,121,1.8180038523496478e-06,0.024007681757211685,-0.018003943314056414,7.572592267172196e-05,64.96033382415771
3,122,0.007196846883744001,0.002084506442770362,0.00563346705166623,3.4525424017047732,64.96033382415771
3,123,0.018461667001247406,0.0029891999438405037,0.016219767043367028,6.1761231573395055,64.96033382415771
3,124,0.028516827151179314,0.11411310732364655,-0.057068003341555595,0.24989966376123865,64.96033382415771
3,125,0.006584102753549814,0.006437028292566538,0.0017563315341249108,1.0228481922520472,64.96033382415771
3,126,0.006731647066771984,0.006685176398605108,0.001717764767818153,1.006951300068854,64.96033382415771
3,127,0.0,0.005700601264834404,-0.004275450948625803,0.0,64.96033382415771
3,128,0.0,0.001388516160659492,-0.001041387120494619,0.0,64.96033382415771
3,129,0.0726914331316948,0.050393521785736084,0.03489629179239273,1.442475749945059,64.96033382415771
3,130,0.026426879689097404,0.004990589804947376,0.022683937335386872,5.295341976935073,64.96033382415771
3,131,0.02052903175354004,0.012817851267755032,0.010915643302723765,1.6015969699681167,64.96033382415771
3,132,0.06016561761498451,0.0051469043828547,0.05630543932784349,11.689670747278257,64.96033382415771
3,133,0.005048898980021477,0.01983010210096836,-0.009823677595704794,0.25460781563602325,64.96033382415771
3,134,0.0,0.09062661230564117,-0.06796995922923088,0.0,64.96033382415771
3,135,0.00880481954663992,0.016561398282647133,-0.0036162291653454304,0.531647110699214,64.96033382415771
3,136,0.041431352496147156,0.03463735803961754,0.015453333966434002,1.1961464395628163,64.96033382415771
3,137,0.009451258927583694,0.003184789791703224,0.007062666583806276,2.967624095391722,64.96033382415771
3,138,0.045999832451343536,0.010793673805892467,0.037904577096924186,4.2617400964970455,64.96033382415771
3,139,0.003989445045590401,0.0034669903106987476,0.00138920231256634,1.1506940276494924,64.96033382415771
3,140,0.005998891778290272,0.0051196967251598835,0.002159119234420359,1.1717279556107307,64.96033382415771
3,141,0.016319287940859795,0.09172220528125763,-0.05247236602008343,0.17792079781161269,64.96033382415771
3,142,0.012110636569559574,0.010391338728368282,0.004317132523283362,1.1654548932499107,64.96033382415771
3,143,0.05499089136719704,0.029723968356847763,0.032697915099561214,1.8500521432791213,64.96033382415771
3,144,0.020144348964095116,0.0187822338193655,0.00605767359957099,1.0725214666560416,64.96033382415771
3,145,0.039329830557107925,0.0044142077676951885,0.036019174731336534,8.909827678712452,64.96033382415771
3,146,0.018050380051136017,0.04265561327338219,-0.013941329903900623,0.4231654093220268,64.96033382415771
3,147,0.0682772770524025,0.03783427178859711,0.039901573210954666,1.8046409729280422,64.96033382415771
3,148,0.02989300712943077,0.06461562216281891,-0.01856870949268341,0.4626281714605104,64.96033382415771
3,149,0.0,0.007410840597003698,-0.005558130447752774,0.0,64.96033382415771
3,150,0.04716059938073158,0.057202842086553574,0.0042584678158164024,0.8244450390864928,64.96033382415771
3,151,0.17184127867221832,0.09991995245218277,0.09690131433308125,1.719789435976104,64.96033382415771
3,152,0.044866565614938736,0.03797999769449234,0.01638156734406948,1.1813209146209014,64.96033382415771
3,153,0.040479354560375214,0.020448893308639526,0.02514268457889557,1.9795376672679597,64.96033382415771
3,154,0.0210795346647501,0.029117286205291748,-0.0007584299892187119,0.7239525866320321,64.96033382415771
3,155,0.03564339131116867,0.03097219578921795,0.012414244469255209,1.150818997548312,64.96033382415771
3,156,0.05734507739543915,0.03230845183134079,0.033113738521933556,1.7749249544057903,64.96033382415771
3,157,0.042072195559740067,0.013845907524228096,0.031687764916568995,3.0386015133411757,64.96033382415771
3,158,0.010760847479104996,0.01918056607246399,-0.003624577075242996,0.5610286702639323,64.96033382415771
3,159,0.011044728569686413,0.06607238203287125,-0.03850955795496702,0.1671610471683079,64.96033382415771
3,160,0.05609745532274246,0.006755509413778782,0.051030823262408376,8.303956353020558,64.96033382415771
3,161,0.006436039227992296,0.0,0.006436039227992296,6436039227.992296,64.96033382415771
3,162,0.0031967787072062492,0.036093663424253464,-0.02387346886098385,0.08856897316135486,64.96033382415771
3,163,0.009228602983057499,0.015540318563580513,-0.002426635939627886,0.5938490221230939,64.96033382415771
3,164,2.24696350414888e-06,0.04901302978396416,-0.03675752537446897,4.584420742824975e-05,64.96033382415771
3,165,0.04926541447639465,0.028970468789339066,0.027537562884390354,1.7005390845737178,64.96033382415771
3,166,0.003069352125748992,0.03840550407767296,-0.025734775932505727,0.07991958963646152,64.96033382415771
3,167,0.0,0.014074012637138367,-0.010555509477853775,0.0,64.96033382415771
3,168,0.004488332662731409,0.005296563729643822,0.0005159098654985428,0.8474046364747189,64.96033382415771
3,169,0.028157442808151245,0.0243690125644207,0.00988068338483572,1.1554609663629243,64.96033382415771
3,170,0.06425804644823074,0.042895760387182236,0.03208622615784407,1.4980046015441146,64.96033382415771
3,171,0.03417215123772621,0.03442712873220444,0.008351804688572884,0.9925937043006348,64.96033382415771
3,172,0.02767879329621792,0.023898661136627197,0.00975479744374752,1.158173386233721,64.96033382415771
3,173,0.0934658944606781,0.06368699669837952,0.04570064693689346,1.4675820701965792,64.96033382415771
3,174,0.06635385751724243,0.04765283688902855,0.03061422985047102,1.3924429655756152,64.96033382415771
3,175,0.002727948594838381,0.0012969864765182137,0.0017552087374497205,2.1032976381205732,64.96033382415771
3,176,0.0075532239861786366,0.319577693939209,-0.2321300464682281,0.023635016239874986,64.96033382415771
3,177,0.1382700800895691,0.09267497807741165,0.06876384653151035,1.491989347681094,64.96033382415771
3,178,0.0011075664078816772,0.005450496915727854,-0.002980306278914213,0.20320466643738466,64.96033382415771
3,179,0.04257058724761009,0.04165307432413101,0.011330781504511833,1.0220274958654254,64.96033382415771
3,180,0.03382743522524834,0.04321722686290741,0.0014145150780677795,0.7827303526848712,64.96033382415771
3,181,0.06993254274129868,0.040275659412145615,0.039725798182189465,1.7363475548329153,64.96033382415771
3,182,0.07534953206777573,0.06618517637252808,0.02571064978837967,1.1384653814704206,64.96033382415771
3,183,0.007146150339394808,0.003140307031571865,0.004790920065715909,2.275621544413833,64.96033382415771
3,184,0.11615656316280365,0.06941545009613037,0.06409497559070587,1.6733531656176,64.96033382415771
3,185,0.023477064445614815,0.0342327356338501,-0.0021974872797727585,0.685807429941835,64.96033382415771
3,186,0.0306822769343853,0.021604429930448532,0.0144789544865489,1.4201845191815305,64.96033382415771
3,187,0.03762316331267357,0.0015168770914897323,0.03648550549405627,24.80304007420973,64.96033382415771
3,188,0.276081919670105,0.24336029589176178,0.09356169775128365,1.1344575279106424,64.96033382415771
3,189,0.018869873136281967,0.001671643927693367,0.017616140190511942,11.288213244689926,64.96033382415771
3,190,0.16190242767333984,0.1367911696434021,0.05930905044078827,1.1835736772645205,64.96033382415771
3,191,0.017708241939544678,0.023230815306305885,0.00028513045981526375,0.7622738033639135,64.96033382415771
3,192,0.08049837499856949,0.0777311697602272,0.022199997678399086,1.0355996860183954,64.96033382415771
3,193,0.00030397807131521404,0.04601908475160599,-0.03421033549238928,0.006605478421602034,64.96033382415771
3,194,0.03616170585155487,0.025163719430565834,0.017288916278630495,1.4370572661127734,64.96033382415771
3,195,0.06496398895978928,0.02897334098815918,0.04323398321866989,2.242198750364915,64.96033382415771
3,196,0.0041265483014285564,0.0018711002776399255,0.0027232230931986123,2.205412691418165,64.96033382415771
3,197,0.007598892319947481,0.013656772673130035,-0.0026436871849000454,0.5564193313653107,64.96033382415771
3,198,0.011378825642168522,0.09875352680683136,-0.062686319462955,0.11522449891142679,64.96033382415771
3,199,0.036794401705265045,0.022259922698140144,0.020099459681659937,1.652943822068454,64.96033382415771
3,200,0.02236778661608696,0.0163581445813179,0.010099178180098534,1.3673791977768124,64.96033382415771
3,201,0.03581392019987106,0.015175522305071354,0.024432278471067548,2.359979411419849,64.96033382415771
3,202,0.1455785036087036,0.08166204392910004,0.08433197066187859,1.7826948310688122,64.96033382415771
3,203,1.6224369119299809e-06,0.06533441692590714,-0.04899919025751842,2.4832806172359075e-05,64.96033382415771
3,204,0.002153366804122925,0.00641372287645936,-0.0026569253532215953,0.335743661718033,64.96033382415771
3,205,0.10842021554708481,0.0625394955277443,0.06151559390127659,1.7336279199318596,64.96033382415771
3,206,0.027089979499578476,0.10160030424594879,-0.04911024868488312,0.2666328580447339,64.96033382415771
3,207,0.061837371438741684,0.08069530874490738,0.0013158898800611496,0.7663068944125935,64.96033382415771
3,208,0.020553920418024063,0.014359095133841038,0.009784599067643285,1.4314217034576118,64.96033382415771
3,209,0.034177716821432114,0.010682500898838043,0.02616584114730358,3.199411555579675,64.96033382415771
3,210,0.005625438876450062,0.0019761002622544765,0.004143363679759204,2.8467375775687724,64.96033382415771
3,211,0.007704504299908876,0.005077748093754053,0.0038961932295933366,1.5173073094879577,64.96033382415771
3,212,0.0,0.00026852035080082715,-0.00020139026310062036,0.0,64.96033382415771
3,213,0.0637233778834343,0.04676125571131706,0.0286524360999465,1.3627388082875918,64.96033382415771
3,214,0.0,0.007095837965607643,-0.005321878474205732,0.0,64.96033382415771
3,215,0.06205105409026146,0.0069396416656672955,0.05684632284101099,8.941535755125084,64.96033382415771
3,216,0.027599133551120758,0.08231451362371445,-0.03413675166666508,0.33528878852336774,64.96033382415771
3,217,0.00710967555642128,0.030964145436882973,-0.01611343352124095,0.22960993936305998,64.96033382415771
3,218,0.03033292479813099,0.014632871374487877,0.01935827126726508,2.072930460452411,64.96033382415771
3,219,0.04217934235930443,0.007845215499401093,0.03629543073475361,5.376441521223729,64.96033382415771
3,220,0.013933449052274227,0.009967214427888393,0.006458038231357932,1.3979280923153745,64.96033382415771
3,221,0.01163090206682682,0.0028516033198684454,0.009492199576925486,4.078723706663616,64.96033382415771
3,222,0.019082896411418915,0.0052978117018938065,0.01510953763499856,3.602033722903992,64.96033382415771
3,223,0.07621804624795914,0.5625461935997009,-0.34569159895181656,0.13548762237658873,64.96033382415771
3,224,0.0049627432599663734,0.01560671441257,-0.006742292549461126,0.3179877025013849,64.96033382415771
3,225,0.047777000814676285,0.05329999700188637,0.007802003063261509,0.8963790525558379,64.96033382415771
3,226,0.0,0.005601313430815935,-0.004200985073111951,0.0,64.96033382415771
3,227,0.029588036239147186,0.012886795215308666,0.019922939827665687,2.2959964632403365,64.96033382415771
3,228,0.008516330271959305,0.013696235604584217,-0.001755846431478858,0.6218008011257512,64.96033382415771
3,229,0.22117877006530762,0.07165051251649857,0.1674408856779337,3.0869112068289963,64.96033382415771
3,230,0.044094834476709366,0.05090924724936485,0.005912899039685726,0.866145874439213,64.96033382415771
3,231,0.012722448445856571,0.0039147245697677135,0.009786405018530786,3.249896184487273,64.96033382415771
3,232,0.01519806869328022,0.014377409592270851,0.004415011499077082,1.0570797607653515,64.96033382415771
3,233,0.0049494290724396706,1.4813424513704376e-06,0.004948318065601143,3341.1759223431927,64.96033382415771
3,234,0.012022486887872219,0.028642412275075912,-0.009459322318434715,0.41974421609433427,64.96033382415771
3,235,0.058934785425662994,0.014620455913245678,0.047969443490728736,4.030981370987134,64.96033382415771
3,236,0.0023199706338346004,0.001779734157025814,0.00098517001606524,1.303548972959,64.96033382415771
3,237,0.44865739345550537,0.2633308470249176,0.25115925818681717,1.7037783401476985,64.96033382415771
3,238,0.013820024207234383,0.008758478797972202,0.007251165108755231,1.577902341769229,64.96033382415771
3,239,0.06119563803076744,0.051566753536462784,0.022520572878420353,1.1867265986855147,64.96033382415771
3,240,0.002770018996670842,0.0025035610888153315,0.0008923481800593436,1.106431557807589,64.96033382415771
3,241,0.13198222219944,0.07008533179759979,0.07941822335124016,1.8831646909899742,64.96033382415771
3,242,0.02549898624420166,0.015455086715519428,0.013907671207562089,1.6498766206822146,64.96033382415771
3,243,0.05702243372797966,0.03535411134362221,0.030506850220263004,1.6128939905217974,64.96033382415771
3,244,0.02502424828708172,0.013252540491521358,0.0150848429184407,1.8882604660746625,64.96033382415771
3,245,0.0025438114535063505,0.0,0.0025438114535063505,2543811453.5063505,64.96033382415771
3,246,0.014278722926974297,0.010892498306930065,0.006109349196776748,1.3108767633756673,64.96033382415771
3,247,0.002044337335973978,0.006031365133821964,-0.002479186514392495,0.3389510152802784,64.96033382415771
3,248,0.0,0.013676362112164497,-0.010257271584123373,0.0,64.96033382415771
3,249,0.03170545771718025,0.009043432772159576,0.02492288313806057,3.505909593454418,64.96033382415771
3,250,0.02215605601668358,0.022074123844504356,0.005600463133305311,1.0037116839496174,64.96033382415771
3,251,0.24612325429916382,0.1950288563966751,0.09985161200165749,1.261983784580597,64.96033382415771
3,252,0.022880466654896736,0.04484816640615463,-0.010755658149719238,0.5101761897504602,64.96033382415771
3,253,0.06136728450655937,0.03145190700888634,0.03777835424989462,1.9511466979496563,64.96033382415771
3,254,0.05109133943915367,0.026656871661543846,0.031098685692995787,1.9166292311390474,64.96033382415771
3,255,0.01634015142917633,0.030710307881236076,-0.006692579481750727,0.5320738395666834,64.96033382415771
4,0,0.015830662101507187,0.010804750956594944,0.007727098884060979,1.4651575185432106,64.97762298583984
4,1,0.021160593256354332,0.1426483541727066,-0.08582567237317562,0.1483409561850712,64.97762298583984
4,2,0.3402705192565918,0.20489396154880524,0.18660004809498787,1.6607152142640351,64.97762298583984
4,3,0.01315570343285799,0.008345838636159897,0.006896324455738068,1.5763189302848657,64.97762298583984
4,4,0.08916816860437393,0.0775701105594635,0.030990585684776306,1.1495171008538152,64.97762298583984
4,5,0.055254798382520676,0.016990268602967262,0.04251209693029523,3.2521438989857154,64.97762298583984
4,6,0.01976252719759941,0.012208363972604275,0.010606254218146205,1.6187694960871093,64.97762298583984
4,7,0.0,0.040074728429317474,-0.030056046321988106,0.0,64.97762298583984
4,8,0.00024027479230426252,0.014388113282620907,-0.010550810169661418,0.01669953437034623,64.97762298583984
4,9,0.001609683851711452,0.023977499455213547,-0.016373440739698708,0.06713309928964746,64.97762298583984
4,10,0.030885420739650726,0.0922534391283989,-0.038304658606648445,0.33478882772412877,64.97762298583984
4,11,0.009133048355579376,0.021720299497246742,-0.0071571762673556805,0.4204844576989647,64.97762298583984
4,12,0.1726338416337967,0.07360075414180756,0.11743327602744102,2.345544466824826,64.97762298583984
4,13,0.0026859710924327374,0.027641817927360535,-0.018045392353087664,0.09717056596617432,64.97762298583984
4,14,0.07016526907682419,0.03139200061559677,0.04662126861512661,2.2351321259763295,64.97762298583984
4,15,0.1835816204547882,0.09788031876087189,0.11017138138413429,1.8755723599696759,64.97762298583984
4,16,0.01709837280213833,0.01336334366351366,0.007075865054503083,1.2794980980353765,64.97762298583984
4,17,0.021156303584575653,0.0006266187410801649,0.02068633952876553,33.762640923161335,64.97762298583984
4,18,0.011560305021703243,0.014637942425906658,0.0005818482022732496,0.7897493161643899,64.97762298583984
4,19,0.05900947004556656,0.024460766464471817,0.040663895197212696,2.4124129605203826,64.97762298583984
4,20,0.03627953678369522,0.06233573704957962,-0.010472266003489494,0.5820022109349212,64.97762298583984
4,21,0.03665708377957344,0.02450481243431568,0.01827847445383668,1.495913664972364,64.97762298583984
4,22,0.09493377804756165,0.06852395832538605,0.04354080930352211,1.3854100137558187,64.97762298583984
4,23,0.003500636899843812,0.0057561397552490234,-0.0008164679165929556,0.6081570371955309,64.97762298583984
4,24,0.02254595048725605,0.00015424862795043737,0.022430264016293222,146.16629425277054,64.97762298583984
4,25,0.008191311731934547,0.004852610174566507,0.004551854101009667,1.688021793545011,64.97762298583984
4,26,0.04024103283882141,0.03718561679124832,0.01235182024538517,1.0821666093006697,64.97762298583984
4,27,0.08632782101631165,0.026305442675948143,0.06659873900935054,3.2817475104481715,64.97762298583984
4,28,0.07398265600204468,0.02652830444276333,0.05408642766997218,2.7888196231643305,64.97762298583984
4,29,0.08761267364025116,0.06267934292554855,0.040603166446089745,1.3977918329954573,64.97762298583984
4,30,0.0035407785326242447,0.024304473772644997,-0.014687576796859503,0.14568422939745987,64.97762298583984
4,31,0.049107976257801056,0.18722224235534668,-0.09130870550870895,0.2622977678278851,64.97762298583984
4,32,0.0,0.011331622488796711,-0.008498716866597533,0.0,64.97762298583984
4,33,0.03409167751669884,0.018970873206853867,0.019863522611558437,1.7970536803010744,64.97762298583984
4,34,0.0,0.005837893579155207,-0.004378420184366405,0.0,64.97762298583984
4,35,0.013255380094051361,0.0039831423200666904,0.010268023354001343,3.327870064783814,64.97762298583984
4,36,0.01093157660216093,0.0036759551148861647,0.008174610265996307,2.973805788574121,64.97762298583984
4,37,0.1979350596666336,0.12104176729917526,0.10715373419225216,1.6352624724634783,64.97762298583984
4,38,0.0,0.0026233464013785124,-0.0019675098010338843,0.0,64.97762298583984
4,39,0.016497211530804634,0.023941943421959877,-0.0014592460356652737,0.689050643858097,64.97762298583984
4,40,0.003843634156510234,0.0036352367606014013,0.0011172065860591829,1.057327048711135,64.97762298583984
4,41,0.00313588441349566,0.0035428605042397976,0.00047873903531581163,0.8851278250605038,64.97762298583984
4,42,0.08273949474096298,0.11273425817489624,-0.001811198890209198,0.7339339086426308,64.97762298583984
4,43,0.109248086810112,0.09196069836616516,0.04027756303548813,1.1879867024707083,64.97762298583984
4,44,0.10521778464317322,0.055483657866716385,0.06360504124313593,1.8963743323129933,64.97762298583984
4,45,0.06953965872526169,0.13328543305397034,-0.030424416065216064,0.5217348747824658,64.97762298583984
4,46,0.010270570404827595,0.0068480088375508785,0.005134563776664436,1.4997893032803051,64.97762298583984
4,47,0.042836494743824005,0.1407349854707718,-0.06271474435925484,0.304377014714767,64.97762298583984
4,48,0.08804767578840256,0.070889413356781,0.0348806157708168,1.2420426636065287,64.97762298583984
4,49,0.040254559367895126,0.012825566343963146,0.030635384609922767,3.138618466053461,64.97762298583984
4,50,0.0016598613001406193,0.008622201159596443,-0.004806789569556713,0.1925101571192985,64.97762298583984
4,51,0.09236570447683334,0.01604260876774788,0.08033374790102243,5.757523966848097,64.97762298583984
4,52,0.0028665356803685427,0.14220282435417175,-0.10378558258526027,0.02015807838815467,64.97762298583984
4,53,0.0017411477165296674,0.004412575624883175,-0.0015682840021327138,0.3945876205081873,64.97762298583984
4,54,0.012963435612618923,0.0062704551964998245,0.008260594215244055,2.067383499971062,64.97762298583984
4,55,0.1110633984208107,0.03541254997253418,0.08450398594141006,3.136272267990154,64.97762298583984
4,56,0.05919439345598221,0.056381870061159134,0.016907990910112858,1.0498834712421274,64.97762298583984
4,57,0.020939867943525314,0.009655699133872986,0.013698093593120575,2.1686537298886917,64.97762298583984
4,58,0.1174757331609726,0.027148326858878136,0.097114488016814,4.3271813311849865,64.97762298583984
4,59,0.008195729926228523,0.006222911179065704,0.003528546541929245,1.317025052917755,64.97762298583984
4,60,0.0,0.13186730444431305,-0.09890047833323479,0.0,64.97762298583984
4,61,0.0,0.06022054702043533,-0.0451654102653265,0.0,64.97762298583984
4,62,0.035610903054475784,0.05570901185274124,-0.006170855835080147,0.639230563772498,64.97762298583984
4,63,0.05885676294565201,0.01265311986207962,0.04936692304909229,4.651561321045366,64.97762298583984
4,64,0.11334667354822159,0.01061802078038454,0.10538315796293318,10.674934235101555,64.97762298583984
4,65,0.08677597343921661,0.058702509850263596,0.04274909105151892,1.4782327648184659,64.97762298583984
4,66,0.008369045332074165,0.00577545864507556,0.004037451348267496,1.4490702548378482,64.97762298583984
4,67,0.1611814796924591,0.12301769107580185,0.06891821138560772,1.310230083832666,64.97762298583984
4,68,0.016381725668907166,0.03520151600241661,-0.010019411332905293,0.46536989109551924,64.97762298583984
4,69,0.0018502826569601893,0.008466824889183044,-0.004499836009927094,0.21853323777907824,64.97762298583984
4,70,0.0,0.0034081616904586554,-0.0025561212678439915,0.0,64.97762298583984
4,71,0.015785211697220802,0.007123427931219339,0.010442640748806298,2.2159572396070892,64.97762298583984
4,72,0.047021906822919846,0.062242645770311356,0.0003399224951863289,0.7554612475132445,64.97762298583984
4,73,0.03717384859919548,0.009226434864103794,0.030254022451117635,4.029058801443919,64.97762298583984
4,74,0.00600696774199605,0.006887728814035654,0.0008411711314693093,0.8721260524780047,64.97762298583984
4,75,0.23525968194007874,0.1352943331003189,0.13378893211483955,1.7388731408572597,64.97762298583984
4,76,0.2580997049808502,0.14010030031204224,0.15302447974681854,1.8422494770114577,64.97762298583984
4,77,0.03308739885687828,0.03343202546238899,0.008013379760086536,0.989691722181532,64.97762298583984
4,78,0.0007822695188224316,0.0006019525462761521,0.00033080510911531746,1.2995534654055665,64.97762298583984
4,79,0.002690219087526202,0.005419585853815079,-0.0013744703028351068,0.49638831445691617,64.97762298583984
4,80,0.0,0.015490282326936722,-0.011617711745202541,0.0,64.97762298583984
4,81,0.006989762187004089,0.003662323812022805,0.0042430193279869854,1.908559303835803,64.97762298583984
4,82,0.0030079951975494623,0.012591899372637272,-0.006435929331928492,0.23888335733106947,64.97762298583984
4,83,0.008631373755633831,0.0035102323163300753,0.005998699518386275,2.4589180929765235,64.97762298583984
4,84,0.0790240466594696,0.03693573176860809,0.051322247833013535,2.1395013141310804,64.97762298583984
4,85,0.008054670877754688,0.008450551889836788,0.0017167569603770971,0.9531532356470863,64.97762298583984
4,86,0.00445718877017498,0.012453639879822731,-0.004883041139692068,0.3579024937952937,64.97762298583984
4,87,0.024914681911468506,0.011045671999454498,0.016630427911877632,2.255605807455023,64.97762298583984
4,88,0.007951718755066395,0.0006363083957694471,0.0074744874582393095,12.496642815712413,64.97762298583984
4,89,0.02146194875240326,0.021100161597132683,0.005636827554553747,1.0171461793118493,64.97762298583984
4,90,0.001989075681194663,0.001991093158721924,0.0004957558121532202,0.9989867483008467,64.97762298583984
4,91,0.07180991023778915,0.06409382820129395,0.023739539086818695,1.120387286138403,64.97762298583984
4,92,0.05252073332667351,0.3498622179031372,-0.2098759301006794,0.1501183341296495,64.97762298583984
4,93,0.02422635443508625,0.013678484596312046,0.013967490987852216,1.7711285385990025,64.97762298583984
4,94,0.05031559243798256,0.02922091633081436,0.028399905189871788,1.7219033060644067,64.97762298583984
4,95,2.077077169815311e-06,0.010160816833376884,-0.007618535547862848,0.00020442029451687174,64.97762298583984
4,96,0.033409807831048965,0.01863976940512657,0.019429980777204037,1.7923938383093805,64.97762298583984
4,97,0.0313207283616066,0.05125872790813446,-0.0071233175694942474,0.6110321039790211,64.97762298583984
4,98,0.10109911113977432,0.026587408035993576,0.08115855511277914,3.8025185079758645,64.97762298583984
4,99,0.001156909973360598,0.00911632552742958,-0.005680334172211587,0.12690529421670318,64.97762298583984
4,100,0.01278617326170206,0.0071677290834486485,0.007410376449115574,1.783852753230222,64.97762298583984
4,101,0.02769181877374649,0.010094661265611649,0.020120822824537754,2.7432142636957906,64.97762298583984
4,102,0.0,0.0009322261321358383,-0.0006991695991018787,0.0,64.97762298583984
4,103,0.02998672053217888,0.02607143670320511,0.010433143004775047,1.150175223268086,64.97762298583984
4,104,0.0045496271923184395,0.23980246484279633,-0.1753022214397788,0.01897239544756972,64.97762298583984
4,105,0.02308749035000801,0.0011917315423488617,0.022193691693246365,19.373063068491334,64.97762298583984
4,106,0.0050626490265131,0.0,0.0050626490265131,5062649026.5131,64.97762298583984
4,107,0.016256975010037422,0.005412631668150425,0.012197501258924603,3.0035250879336375,64.97762298583984
4,108,0.050405051559209824,0.011486913077533245,0.04178986675105989,4.388041522957707,64.97762298583984
4,109,0.1610421985387802,0.09713684022426605,0.08818956837058067,1.657890025713353,64.97762298583984
4,110,0.11221358180046082,0.014303688891232014,0.1014858151320368,7.845079870368355,64.97762298583984
4,111,1.0598874723655172e-05,0.0,1.0598874723655172e-05,10598874.723655172,64.97762298583984
4,112,0.0,0.001864281133748591,-0.0013982108503114432,0.0,64.97762298583984
4,113,0.06167583540081978,0.01023078616708517,0.0540027457755059,6.028455134094865,64.97762298583984
4,114,0.013043512590229511,0.008264667354524136,0.00684501207433641,1.5782259622961323,64.97762298583984
4,115,0.004438698757439852,0.024498026818037033,-0.013934821356087923,0.18118597021008273,64.97762298583984
4,116,0.016387350857257843,0.01583695225417614,0.004509636666625738,1.0347540734614398,64.97762298583984
4,117,0.008469021879136562,0.0040403264574706554,0.005438777036033571,2.096123163854996,64.97762298583984
4,118,0.002996905939653516,0.0007661913405172527,0.0024222624342655763,3.911432793953119,64.97762298583984
4,119,0.03140322118997574,0.012968308292329311,0.021676989970728755,2.421535676024069,64.97762298583984
4,120,0.030061721801757812,0.0018119390588253736,0.028702767507638782,16.590912171546776,64.97762298583984
4,121,0.04790498688817024,0.046028297394514084,0.01338376384228468,1.0407725160140089,64.97762298583984
4,122,0.0377420149743557,0.010754137299954891,0.02967641199938953,3.5095344162106312,64.97762298583984
4,123,0.012360703200101852,0.005385012365877628,0.008321943925693631,2.295389937473609,64.97762298583984
4,124,0.04219858720898628,0.08071192353963852,-0.018335355445742607,0.5228296558653971,64.97762298583984
4,125,0.01883312314748764,0.029601264744997025,-0.003367825411260128,0.6362269757421241,64.97762298583984
4,126,0.017545897513628006,0.0006218937924131751,0.017079477169318125,28.213655932036012,64.97762298583984
4,127,0.01854335516691208,0.01434212177991867,0.007786763831973076,1.2929296968864743,64.97762298583984
4,128,0.03585703670978546,0.019841378554701805,0.020976002793759108,1.8071847482331942,64.97762298583984
4,129,0.05231139436364174,0.03185715153813362,0.028418530710041523,1.642061258972948,64.97762298583984
4,130,0.007713685277849436,0.09514637291431427,-0.06364609440788627,0.08107177437772702,64.97762298583984
4,131,0.050883762538433075,0.02351112850010395,0.03325041616335511,2.164241607375157,64.97762298583984
4,132,0.0012392541393637657,0.0158169437199831,-0.01062345365062356,0.07834978496634241,64.97762298583984
4,133,0.03428538888692856,0.034138306975364685,0.008681658655405045,1.0043084125602861,64.97762298583984
4,134,0.026277869939804077,0.01640465296804905,0.01397438021376729,1.601854668268997,64.97762298583984
4,135,0.017153620719909668,0.014188221655786037,0.00651245447807014,1.2090042807940853,64.97762298583984
4,136,0.06830739974975586,0.11849584430456161,-0.020564483478665352,0.5764539689139954,64.97762298583984
4,137,0.003557870863005519,0.002155485562980175,0.0019412566907703876,1.6506122436912978,64.97762298583984
4,138,0.07274379581212997,0.01578732207417488,0.060903304256498814,4.607734957565574,64.97762298583984
4,139,0.010352278128266335,0.007935323752462864,0.004400785313919187,1.3045816969658919,64.97762298583984
4,140,0.03333256393671036,0.006113359704613686,0.028747544158250093,5.452413327830558,64.97762298583984
4,141,0.026532499119639397,0.021198291331529617,0.010633780620992184,1.2516338559289553,64.97762298583984
4,142,0.014224656857550144,0.0231136754155159,-0.0031105997040867805,0.6154216757489769,64.97762298583984
4,143,0.09009073674678802,0.02500951662659645,0.07133359927684069,3.6022582158736522,64.97762298583984
4,144,0.08866468816995621,0.060290925204753876,0.0434464942663908,1.470614157393864,64.97762298583984
4,145,0.019800880923867226,0.1266869604587555,-0.0752143394201994,0.15629770303122356,64.97762298583984
4,146,0.02495719864964485,0.034565459936857224,-0.000966896302998066,0.7220270956762508,64.97762298583984
4,147,0.01193226221948862,0.0019717314280569553,0.010453463648445904,6.051667100115969,64.97762298583984
4,148,0.006146724335849285,0.004933860152959824,0.0024463292211294174,1.2458245965719232,64.97762298583984
4,149,0.13683977723121643,0.024403154850006104,0.11853741109371185,5.607462562389745,64.97762298583984
4,150,0.011182625778019428,0.010402899235486984,0.00338045135140419,1.0749528111161206,64.97762298583984
4,151,0.01741044968366623,0.021515347063541412,0.00127393938601017,0.8092107290409319,64.97762298583984
4,152,0.027676360681653023,0.015303288586437702,0.016198894241824746,1.8085237381181085,64.97762298583984
4,153,2.0099726043554256e-06,0.0005509667098522186,-0.00041121505978480855,0.003648083567964498,64.97762298583984
4,154,0.0255688838660717,0.039934977889060974,-0.0043823495507240295,0.6402628777324374,64.97762298583984
4,155,0.021894870325922966,0.09184625744819641,-0.04698982276022434,0.2383860914314754,64.97762298583984
4,156,0.00468074157834053,0.1356821358203888,-0.09708086028695107,0.034497847118962165,64.97762298583984
4,157,0.006363251246511936,0.005839779507368803,0.001983416615985334,1.0896389559559503,64.97762298583984
4,158,0.07106644660234451,0.00961467158049345,0.06385544291697443,7.391458564131812,64.97762298583984
4,159,0.0017482507973909378,0.008346606977283955,-0.004511704435572028,0.2094564655960804,64.97762298583984
4,160,0.07554525136947632,0.043840765953063965,0.042664676904678345,1.723173619927902,64.97762298583984
4,161,0.06431533396244049,0.05078558623790741,0.026226144284009933,1.2664092063422474,64.97762298583984
4,162,0.055851783603429794,0.03508185222744942,0.02954039443284273,1.5920420404181832,64.97762298583984
4,163,0.024487575516104698,0.02537417784333229,0.00545694213360548,0.9650588746690909,64.97762298583984
4,164,0.0388982929289341,0.009732633829116821,0.03159881755709648,3.996687187446278,64.97762298583984
4,165,0.0,0.0026915150228887796,-0.0020186362671665847,0.0,64.97762298583984
4,166,0.03038179874420166,0.022531066089868546,0.013483499176800251,1.3484403543831813,64.97762298583984
4,167,0.0,0.010806121863424778,-0.008104591397568583,0.0,64.97762298583984
4,168,0.19906489551067352,0.1448848396539688,0.09040126577019691,1.3739525542129183,64.97762298583984
4,169,0.03028431162238121,0.01367467176169157,0.020028307801112533,2.2146280472344135,64.97762298583984
4,170,0.0848608985543251,0.01729523204267025,0.07188947452232242,4.9066065341044505,64.97762298583984
4,171,0.029336633160710335,0.05607195943593979,-0.012717336416244507,0.5231961475094017,64.97762298583984
4,172,0.06011207029223442,0.13143646717071533,-0.03846528008580208,0.4573469721588068,64.97762298583984
4,173,0.0010965261608362198,0.04192095249891281,-0.03034418821334839,0.026156995379303473,64.97762298583984
4,174,0.04228251054883003,0.0089012011885643,0.03560660965740681,4.750202770206084,64.97762298583984
4,175,0.06155126541852951,0.015458921901881695,0.04995707399211824,3.9816014211868,64.97762298583984
4,176,0.022406743839383125,0.01298366766422987,0.012668993091210723,1.7257638147492143,64.97762298583984
4,177,0.014685660600662231,0.05847987160086632,-0.029174243099987507,0.25112333865304787,64.97762298583984
4,178,0.0777122974395752,0.04464736953377724,0.04422677028924227,1.7405795290816104,64.97762298583984
4,179,0.0352894626557827,0.021026527509093285,0.019519567023962736,1.678330510772301,64.97762298583984
4,180,0.013977200724184513,0.003839421086013317,0.011097634909674525,3.6404448502566744,64.97762298583984
4,181,0.014493217691779137,0.012670835480093956,0.00499009108170867,1.143824944566942,64.97762298583984
4,182,0.12472202628850937,0.08494647592306137,0.06101216934621334,1.468242501313482,64.97762298583984
4,183,0.0010775525588542223,0.01616075076162815,-0.011043010512366891,0.06667713491046902,64.97762298583984
4,184,0.004125296138226986,0.18554995954036713,-0.13503717351704836,0.022232805377180795,64.97762298583984
4,185,0.029470320791006088,0.20259667932987213,-0.12247718870639801,0.14546300012586305,64.97762298583984
4,186,0.048803508281707764,0.02329198643565178,0.03133451845496893,2.0952918040906803,64.97762298583984
4,187,0.08190365880727768,0.04711727797985077,0.0465657003223896,1.7382935160338564,64.97762298583984
4,188,0.04865071550011635,0.006375967059284449,0.04386874020565301,7.63032729625581,64.97762298583984
4,189,0.006643403321504593,0.007209834177047014,0.0012360276887193322,0.9214363544910467,64.97762298583984
4,190,0.04726018011569977,0.012444312684237957,0.0379269456025213,3.797733254626595,64.97762298583984
4,191,0.14983519911766052,0.09427274763584137,0.0791306383907795,1.5893797823190376,64.97762298583984
4,192,1.3846181900589727e-05,0.010012808255851269,-0.007495760009987862,0.0013828470040975237,64.97762298583984
4,193,0.0,0.0,0.0,0.0,64.97762298583984
4,194,0.004311165772378445,0.009540441446006298,-0.002844165312126279,0.45188325889587094,64.97762298583984
4,195,0.008804958313703537,0.006248278543353081,0.004118749406188726,1.4091814651350762,64.97762298583984
4,196,0.0,0.048675742000341415,-0.03650680650025606,0.0,64.97762298583984
4,197,0.08508612960577011,0.011940532363951206,0.0761307303328067,7.125823791200603,64.97762298583984
4,198,0.013943537138402462,0.00800036359578371,0.00794326444156468,1.7428629298808385,64.97762298583984
4,199,0.0,0.00023600109852850437,-0.00017700082389637828,0.0,64.97762298583984
4,200,0.028001852333545685,0.09287428110837936,-0.04165385849773884,0.3015027626493012,64.97762298583984
4,201,0.00910748541355133,0.005337281618267298,0.005104524199850857,1.706390268160818,64.97762298583984
4,202,0.04480084031820297,0.05671196058392525,0.002266869880259037,0.7899716366023783,64.97762298583984
4,203,0.017816493287682533,0.03557737544178963,-0.008866538293659687,0.5007815519256734,64.97762298583984
4,204,0.010997769422829151,0.017792966216802597,-0.0023469552397727966,0.6180964594776462,64.97762298583984
4,205,0.018229015171527863,0.03641198202967644,-0.009079971350729465,0.5006323236172711,64.97762298583984
4,206,0.012301171198487282,0.0009774229256436229,0.011568104004254565,12.585310680943746,64.97762298583984
4,207,0.0,0.008306276984512806,-0.0062297077383846045,0.0,64.97762298583984
4,208,4.478325536183547e-06,0.0058192303404212,-0.004359944429779716,0.00076957351289343,64.97762298583984
4,209,0.0796106681227684,0.01245255209505558,0.07027125405147672,6.393120663834488,64.97762298583984
4,210,0.02206888236105442,0.09358219057321548,-0.04811776056885719,0.23582352823374722,64.97762298583984
4,211,0.04069790989160538,0.11056413501501083,-0.04222519136965275,0.36809323281651773,64.97762298583984
4,212,0.032517578452825546,0.041715797036886215,0.0012307306751608849,0.7795027486420345,64.97762298583984
4,213,0.041024304926395416,0.01045554131269455,0.033182648941874504,3.9236901940851445,64.97762298583984
4,214,0.039193637669086456,0.022128604352474213,0.022597184404730797,1.771175309704203,64.97762298583984
4,215,0.0009860032005235553,0.004334316123276949,-0.0022647338919341564,0.22748760640712157,64.97762298583984
4,216,0.11488974839448929,0.07099033147096634,0.061646999791264534,1.6183858563874796,64.97762298583984
4,217,0.016630258411169052,0.01197822391986847,0.0076465904712677,1.3883743133400441,64.97762298583984
4,218,0.0,0.0,0.0,0.0,64.97762298583984
4,219,0.002229224191978574,0.015310492366552353,-0.009253645082935691,0.14560107790543603,64.97762298583984
4,220,0.06849519908428192,0.052251677960157394,0.029306440614163876,1.310870803712745,64.97762298583984
4,221,0.0,0.02796979807317257,-0.020977348554879427,0.0,64.97762298583984
4,222,0.06329867243766785,0.007630040403455496,0.057576142135076225,8.295981290047315,64.97762298583984
4,223,0.013595152646303177,0.05708247795701027,-0.029216705821454525,0.2381668268904468,64.97762298583984
4,224,0.0821152925491333,0.017195019870996475,0.06921902764588594,4.775527633025008,64.97762298583984
4,225,6.776324426027713e-06,0.0008302361238747835,-0.0006159007684800599,0.008161924328515242,64.97762298583984
4,226,0.19113470613956451,0.13887207210063934,0.086980652064085,1.3763365322271173,64.97762298583984
4,227,0.034242432564496994,0.006411540787667036,0.029433776973746717,5.340749391320026,64.97762298583984
4,228,0.0444040410220623,0.020939592272043228,0.02869934681802988,2.1205781107412602,64.97762298583984
4,229,0.027776669710874557,0.026697775349020958,0.007753338199108839,1.040411395582919,64.97762298583984
4,230,0.01871620863676071,0.000705504382494837,0.018187080349889584,26.52883394437149,64.97762298583984
4,231,0.20937883853912354,0.09592687338590622,0.13743368349969387,2.182692202367801,64.97762298583984
4,232,0.004530062433332205,0.007806047331541777,-0.0013244730653241277,0.5803273078357241,64.97762298583984
4,233,0.05964648723602295,0.04887804388999939,0.022987954318523407,1.2203124856845287,64.97762298583984
4,234,0.05162442475557327,0.09955598413944244,-0.02304256334900856,0.5185466770410034,64.97762298583984
4,235,6.629060862906044e-06,0.0024028567131608725,-0.0017955134740077483,0.002758824870346483,64.97762298583984
4,236,0.09968592971563339,0.061343248933553696,0.05367849301546812,1.6250513536051376,64.97762298583984
4,237,0.00706198625266552,0.014558681286871433,-0.0038570247124880552,0.4850704616048384,64.97762298583984
4,238,0.005594979971647263,0.034791573882102966,-0.020498700439929962,0.16081422445693228,64.97762298583984
4,239,0.06395447254180908,0.054850272834300995,0.022816767916083336,1.1659827606299296,64.97762298583984
4,240,0.0,0.0002631147508509457,-0.00019733606313820928,0.0,64.97762298583984
4,241,0.20772071182727814,0.06298360973596573,0.16048300452530384,3.2980121764180925,64.97762298583984
4,242,0.006837912369519472,0.004836037755012512,0.003210884053260088,1.413949335076651,64.97762298583984
4,243,0.07777327299118042,0.12523624300956726,-0.016153909265995026,0.6210125050191582,64.97762298583984
4,244,0.0018940073205158114,0.038626816123723984,-0.027076104772277176,0.04903348270797573,64.97762298583984
4,245,0.0,0.027003036811947823,-0.020252277608960867,0.0,64.97762298583984
4,246,0.03217058628797531,0.010580702684819698,0.024235059274360538,3.0404961979595613,64.97762298583984
4,247,0.08008898049592972,0.049156613647937775,0.04322152025997639,1.629261548972879,64.97762298583984
4,248,0.03379402309656143,0.08181190490722656,-0.02756490558385849,0.4130697498667249,64.97762298583984
4,249,0.01810825802385807,0.06568896770477295,-0.03115846775472164,0.2756666553958749,64.97762298583984
4,250,0.0,0.0024197453167289495,-0.0018148089875467122,0.0,64.97762298583984
4,251,0.013218645006418228,0.00974573940038681,0.00590934045612812,1.3563511665966796,64.97762298583984
4,252,0.009195016697049141,0.0,0.009195016697049141,9195016697.04914,64.97762298583984
4,253,0.013838645070791245,0.0339338518679142,-0.011611743830144405,0.4078123852325889,64.97762298583984
4,254,0.05948738008737564,0.026230929419398308,0.03981418302282691,2.267833485195369,64.97762298583984
4,255,0.0888756737112999,0.044186562299728394,0.0557357519865036,2.0113733470918786,64.97762298583984
5,0,0.021637437865138054,0.0,0.021637437865138054,21637437865.138054,64.99732303619385
5,1,0.23474696278572083,0.02885015681385994,0.21310934517532587,8.13676557434894,64.99732303619385
5,2,0.048371847718954086,0.0025135225150734186,0.04648670583264902,19.244644680772446,64.99732303619385
5,3,0.07355063408613205,0.030614065006375313,0.050590085331350565,2.402511200927181,64.99732303619385
5,4,0.08329379558563232,0.06564153730869293,0.034062642604112625,1.2689190259615197,64.99732303619385
5,5,0.007706531789153814,0.002849382348358631,0.005569495027884841,2.704632388450248,64.99732303619385
5,6,0.0016165830893442035,0.01331240963190794,-0.008367724134586751,0.12143429581283699,64.99732303619385
5,7,0.07758798450231552,0.043811798095703125,0.04472913593053818,1.7709381461829135,64.99732303619385
5,8,0.0917985811829567,0.032349467277526855,0.06753648072481155,2.8377153908772828,64.99732303619385
5,9,0.0,0.01301151979714632,-0.00975863984785974,0.0,64.99732303619385
5,10,0.0,0.00960694719105959,-0.007205210393294692,0.0,64.99732303619385
5,11,0.1445823460817337,0.061539240181446075,0.09842791594564915,2.3494333965302268,64.99732303619385
5,12,0.04413343220949173,0.030426805838942528,0.021313327830284834,1.450478648388256,64.99732303619385
5,13,0.017072755843400955,0.007089091930538416,0.011755936895497143,2.408313505915555,64.99732303619385
5,14,0.028144847601652145,0.024484772235155106,0.009781268425285816,1.1494837415760168,64.99732303619385
5,15,0.04825633019208908,0.029676666483283043,0.0259988303296268,1.6260697682351202,64.99732303619385
5,16,0.12191669642925262,0.13853567838668823,0.01801493763923645,0.8800382533088129,64.99732303619385
5,17,0.0,0.0,0.0,0.0,64.99732303619385
5,18,0.07694211602210999,0.03661099821329117,0.04948386736214161,2.1016120776536353,64.99732303619385
5,19,0.0091287512332201,0.031898461282253265,-0.014795094728469849,0.28618155440659787,64.99732303619385
5,20,0.041135359555482864,0.042412396520376205,0.00932606216520071,0.9698900069169706,64.99732303619385
5,21,0.09175888448953629,0.11510058492422104,0.005433445796370506,0.7972060658870719,64.99732303619385
5,22,0.05628950148820877,0.03034435585141182,0.033531234599649906,1.8550237731849823,64.99732303619385
5,23,0.046068981289863586,0.05977450683712959,0.0012381011620163918,0.770712862836647,64.99732303619385
5,24,0.11949512362480164,0.03131082281470299,0.0960120065137744,3.816415950745073,64.99732303619385
5,25,0.057213664054870605,0.025084076449275017,0.03840060671791434,2.2808758444141692,64.99732303619385
5,26,0.0,0.0,0.0,0.0,64.99732303619385
5,27,0.007248042616993189,0.004850682336837053,0.003610030864365399,1.494231555930981,64.99732303619385
5,28,0.0,0.0,0.0,0.0,64.99732303619385
5,29,0.0,0.0,0.0,0.0,64.99732303619385
5,30,0.04191504791378975,0.02288941666483879,0.024747985415160656,1.8311977332452374,64.99732303619385
5,31,0.050528328865766525,0.019874926656484604,0.03562213387340307,2.542315236506209,64.99732303619385
5,32,0.032695088535547256,0.08414207398891449,-0.03041146695613861,0.38857003381526084,64.99732303619385
5,33,0.03170435503125191,0.006655664183199406,0.026712606893852353,4.763514827944335,64.99732303619385
5,34,0.011905059218406677,0.02469785325229168,-0.006618330720812082,0.4820280975967009,64.99732303619385
5,35,0.014825590886175632,0.05117293819785118,-0.023554112762212753,0.2897154513302592,64.99732303619385
5,36,0.031177885830402374,0.01133726630359888,0.022674936102703214,2.750035589951282,64.99732303619385
5,37,0.021775631234049797,0.01060106884688139,0.013824829598888755,2.0540977090627637,64.99732303619385
5,38,0.023843318223953247,0.022768214344978333,0.006767157465219498,1.0472195079349653,64.99732303619385
5,39,0.11257874965667725,0.08278646320104599,0.050488902255892754,1.3598690571177217,64.99732303619385
5,40,0.0,0.0,0.0,0.0,64.99732303619385
5,41,0.11199748516082764,0.06764055043458939,0.0612670723348856,1.6557743016517446,64.99732303619385
5,42,0.0,1.341467122983886e-05,-1.0061003422379144e-05,0.0,64.99732303619385
5,43,0.18689432740211487,0.825380802154541,-0.4321412742137909,0.22643406160408258,64.99732303619385
5,44,0.0033280046191066504,0.026150058954954147,-0.01628453959710896,0.12726566409323112,64.99732303619385
5,45,0.5069783926010132,0.053864702582359314,0.4665798656642437,9.41207076779881,64.99732303619385
5,46,0.049037884920835495,0.02903779409825802,0.02725953934714198,1.6887606804157527,64.99732303619385
5,47,0.11673206835985184,0.039289992302656174,0.0872645741328597,2.9710382088567937,64.99732303619385
5,48,0.0150787103921175,0.01859813928604126,0.0011301059275865555,0.8107644619386192,64.99732303619385
5,49,0.01106422208249569,0.007324867881834507,0.005570571171119809,1.5105012485514158,64.99732303619385
5,50,0.037681810557842255,0.01856687106192112,0.023756657261401415,2.029518621104368,64.99732303619385
5,51,0.008107669651508331,0.0,0.008107669651508331,8107669651.508331,64.99732303619385
5,52,0.015920445322990417,0.0023926938883960247,0.014125924906693399,6.6537743894222645,64.99732303619385
5,53,0.036082759499549866,0.019171664491295815,0.021704011131078005,1.882087990536754,64.99732303619385
5,54,0.03843334689736366,0.011636351235210896,0.02970608347095549,3.3028692686556083,64.99732303619385
5,55,0.09697380661964417,0.08869121223688126,0.030455397441983223,1.0933868663284014,64.99732303619385
5,56,0.0007187386509031057,0.0027896095998585224,-0.001373468548990786,0.2576484719158942,64.99732303619385
5,57,0.016083212569355965,0.006097735837101936,0.011509910691529512,2.6375712225609043,64.99732303619385
5,58,0.0015745698474347591,0.0,0.0015745698474347591,1574569847.4347591,64.99732303619385
5,59,0.029294731095433235,0.01622406579554081,0.017126681748777628,1.8056343867687759,64.99732303619385
5,60,0.011039743199944496,0.006324035115540028,0.0062967168632894754,1.7456802494772516,64.99732303619385
5,61,0.03656233847141266,0.028753716498613358,0.01499705109745264,1.2715691368767688,64.99732303619385
5,62,0.014653803780674934,0.007929788902401924,0.008706462103873491,1.8479437421579241,64.99732303619385
5,63,0.0,0.0007206654408946633,-0.0005404990806709975,0.0,64.99732303619385
5,64,0.012142552062869072,0.0572255477309227,-0.030776608735322952,0.21218760753067412,64.99732303619385
5,65,0.05379708483815193,0.03664573282003403,0.02631278522312641,1.4680313558165037,64.99732303619385
5,66,0.0586547888815403,0.006509019527584314,0.05377302423585206,9.011309402892124,64.99732303619385
5,67,0.026761818677186966,0.04688562825322151,-0.008402402512729168,0.5707893798944109,64.99732303619385
5,68,0.06280451267957687,0.040720656514167786,0.032264020293951035,1.5423256414390867,64.99732303619385
5,69,0.012761727906763554,0.004607103765010834,0.009306400083005428,2.7700109558881474,64.99732303619385
5,70,0.07304272055625916,0.026398872956633568,0.05324356583878398,2.7668878392453466,64.99732303619385
5,71,0.057338833808898926,0.04440869763493538,0.02403231058269739,1.2911622466158639,64.99732303619385
5,72,0.04446761682629585,0.004674462601542473,0.040961769875139,9.512883214021137,64.99732303619385
5,73,0.0063712140545248985,0.0,0.0063712140545248985,6371214054.524899,64.99732303619385
5,74,0.040907662361860275,0.007399845868349075,0.03535777796059847,5.528177624794055,64.99732303619385
5,75,0.07483813166618347,0.09967617690563202,8.09989869594574e-05,0.7508126213175825,64.99732303619385
5,76,0.000833562109619379,0.04395001009106636,-0.03212894545868039,0.018966141483772937,64.99732303619385
5,77,0.057829178869724274,0.0346146859228611,0.03186816442757845,1.6706544440971116,64.99732303619385
5,78,0.07678939402103424,0.058308109641075134,0.03305831179022789,1.3169590729729816,64.99732303619385
5,79,0.014099467545747757,0.005592347588390112,0.009905206854455173,2.521207296287785,64.99732303619385
5,80,0.1067277044057846,0.05783696845173836,0.06334997806698084,1.8453198233063937,64.99732303619385
5,81,0.003945209551602602,0.0018600395414978266,0.002550179895479232,2.1210353121335386,64.99732303619385
5,82,0.0013251610798761249,0.01680503413081169,-0.011278614518232644,0.07885500674869882,64.99732303619385
5,83,0.03382274508476257,0.06386187672615051,-0.014073662459850311,0.5296234125606745,64.99732303619385
5,84,0.021604863926768303,0.004172623157501221,0.018475396558642387,5.177765426228576,64.99732303619385
5,85,0.13836511969566345,0.06630318611860275,0.08863773010671139,2.086854762093482,64.99732303619385
5,86,0.009388869628310204,0.01458741445094347,-0.001551691209897399,0.6436280849660326,64.99732303619385
5,87,0.007518955040723085,0.03298560902476311,-0.017220251727849245,0.22794652767667484,64.99732303619385
5,88,0.11349321901798248,0.0015858840197324753,0.11230380600318313,71.5646399952773,64.99732303619385
5,89,0.02383929304778576,0.008603502064943314,0.017386666499078274,2.770882469146237,64.99732303619385
5,90,0.030611999332904816,0.008618458174169064,0.024148155702278018,3.551911340836125,64.99732303619385
5,91,0.03164166212081909,0.006412439048290253,0.026832332834601402,4.934419162131651,64.99732303619385
5,92,0.021343069151043892,0.012669921852648258,0.011840627761557698,1.684546234584567,64.99732303619385
5,93,0.006959288846701384,0.0058613489381968975,0.0025632771430537105,1.187318639257625,64.99732303619385
5,94,0.13112518191337585,0.08902528136968613,0.06435622088611126,1.4728982587248771,64.99732303619385
5,95,0.05411766469478607,0.011097569949924946,0.04579448723234236,4.876532874683574,64.99732303619385
5,96,0.05977410078048706,0.004288754891604185,0.05655753461178392,13.93740194469157,64.99732303619385
5,97,0.029784077778458595,0.07599658519029617,-0.027213361114263535,0.39191336957426526,64.99732303619385
5,98,0.023475512862205505,0.1788223385810852,-0.1106412410736084,0.13127841324717654,64.99732303619385
5,99,0.01282299030572176,0.0066634914837777615,0.007825371692888439,1.924365077229393,64.99732303619385
5,100,0.010493951849639416,0.006393626797944307,0.005698731751181185,1.6413144181909614,64.99732303619385
5,101,0.059115614742040634,0.040895748883485794,0.02844380307942629,1.4455197998456688,64.99732303619385
5,102,0.03200075030326843,0.009688294492661953,0.024734529433771968,3.3030323679986404,64.99732303619385
5,103,0.0965929701924324,0.01179629284888506,0.08774575055576861,8.188417447891148,64.99732303619385
5,104,0.07137062400579453,0.0,0.07137062400579453,71370624005.79453,64.99732303619385
5,105,0.05740624666213989,0.02778519131243229,0.036567353177815676,2.066073471100694,64.99732303619385
5,106,0.03938392549753189,0.025733204558491707,0.02008402207866311,1.5304710847994683,64.99732303619385
5,107,0.02185099385678768,0.018505915999412537,0.007971556857228279,1.1807572160330013,64.99732303619385
5,108,0.059199221432209015,0.03616613149642944,0.03207462280988693,1.6368690534794046,64.99732303619385
5,109,1.0209513447989593e-06,0.00013582385145127773,-0.00010084693724365934,0.007516730871443891,64.99732303619385
5,110,0.0,0.004186670761555433,-0.003140003071166575,0.0,64.99732303619385
5,111,0.05319279804825783,0.09386524558067322,-0.017206136137247086,0.5666932176933811,64.99732303619385
5,112,0.00676584942266345,0.044746190309524536,-0.026793793309479952,0.15120503836663135,64.99732303619385
5,113,0.0037325997836887836,0.01631065458059311,-0.008500391151756048,0.22884426648953105,64.99732303619385
5,114,0.010879255831241608,0.010660582222044468,0.0028838191647082567,1.0205123513539855,64.99732303619385
5,115,0.04713783785700798,0.08531707525253296,-0.01684996858239174,0.5525018024461171,64.99732303619385
5,116,0.006985345855355263,0.11362122744321823,-0.07823057472705841,0.061479232468111496,64.99732303619385
5,117,3.7169758115851437e-07,0.00013059377670288086,-9.757363494600213e-05,0.0028462120301334607,64.99732303619385
5,118,0.037618037313222885,0.04982504993677139,0.0002492498606443405,0.7550025009549541,64.99732303619385
5,119,0.09408912062644958,0.04338964447379112,0.06154688727110624,2.168469499239946,64.99732303619385
5,120,0.023924535140395164,0.020637741312384605,0.00844622915610671,1.1592613153300313,64.99732303619385
5,121,0.02300220914185047,0.00964178517460823,0.0157708702608943,2.3856794901468468,64.99732303619385
5,122,0.00013718342233914882,0.049782685935497284,-0.037199831029283814,0.002755645256146681,64.99732303619385
5,123,0.019634991884231567,0.009598600678145885,0.012436041375622153,2.045609827992006,64.99732303619385
5,124,0.06290557980537415,0.01377488300204277,0.05257441755384207,4.56668704855633,64.99732303619385
5,125,0.0008384606335312128,0.002039480721578002,-0.0006911499076522887,0.41111476281636933,64.99732303619385
5,126,0.007933511398732662,0.15814891457557678,-0.11067817453294992,0.05016481725450731,64.99732303619385
5,127,0.0,0.010358801111578941,-0.007769100833684206,0.0,64.99732303619385
5,128,0.004917205311357975,0.0019508048426359892,0.003454101679380983,2.520603394747108,64.99732303619385
5,129,0.017268748953938484,0.01882834918797016,0.003147487062960863,0.9171674468441818,64.99732303619385
5,130,0.02211562730371952,0.029150161892175674,0.00025300588458776474,0.7586793989263229,64.99732303619385
5,131,0.020380467176437378,0.05083837732672691,-0.017748315818607807,0.4008874446376558,64.99732303619385
5,132,0.03549443557858467,0.1497812122106552,-0.07684147357940674,0.23697521908440444,64.99732303619385
5,133,0.018579494208097458,0.0051872641779482365,0.01468904607463628,3.58175206952051,64.99732303619385
5,134,0.09025755524635315,0.043074220418930054,0.05795188993215561,2.0953961410429103,64.99732303619385
5,135,0.010055550374090672,0.01060757227241993,0.0020998711697757244,0.9479596381622122,64.99732303619385
5,136,0.04722970351576805,0.022860568016767502,0.030084277503192425,2.0659899386165983,64.99732303619385
5,137,0.03182627260684967,0.04007552191615105,0.0017696311697363853,0.7941574079220922,64.99732303619385
5,138,0.0006019868887960911,0.0004513707826845348,0.00026345880178269,1.3336859862352601,64.99732303619385
5,139,0.02275732159614563,0.05040942132472992,-0.01504974439740181,0.4514497686671492,64.99732303619385
5,140,0.03812588378787041,0.24385398626327515,-0.14476460590958595,0.1563471828857115,64.99732303619385
5,141,0.007127570919692516,0.0052118762396276,0.0032186637399718165,1.367563347750221,64.99732303619385
5,142,0.011282170191407204,0.007621752563863993,0.005565855768509209,1.4802593098361136,64.99732303619385
5,143,0.11668837815523148,0.05890299379825592,0.07251113280653954,1.9810262709720796,64.99732303619385
5,144,0.0007536374032497406,0.004515540320426226,-0.0026330178370699286,0.16689861004534345,64.99732303619385
5,145,0.026003776118159294,0.031052948907017708,0.0027140644378960133,0.8374011819355829,64.99732303619385
5,146,0.0010901816422119737,0.0009592927526682615,0.0003707120777107775,1.1364431119105227,64.99732303619385
5,147,0.019076379016041756,0.03457247465848923,-0.006852976977825165,0.5517793910886791,64.99732303619385
5,148,0.11263637244701385,0.04805818945169449,0.07659273035824299,2.3437498110053885,64.99732303619385
5,149,0.029189517721533775,0.01621042937040329,0.017031695693731308,1.8006628358053742,64.99732303619385
5,150,0.0006951788673177361,2.306453325218172e-06,0.0006934490273238225,301.40586774983194,64.99732303619385
5,151,0.015814417973160744,0.003165723755955696,0.013440125156193972,4.995514197476474,64.99732303619385
5,152,0.01793721877038479,0.04145396128296852,-0.013153252191841602,0.43270216439656983,64.99732303619385
5,153,0.005028176121413708,9.02890315046534e-06,0.005021404444050859,556.8977184406772,64.99732303619385
5,154,0.02532975561916828,0.032769761979579926,0.0007524341344833374,0.7729612328029495,64.99732303619385
5,155,0.1740012913942337,0.12667682766914368,0.07899367064237595,1.3735842189490184,64.99732303619385
5,156,0.00017227006901521236,0.013684878125786781,-0.010091388525324874,0.01258835244414862,64.99732303619385
5,157,0.0005387417040765285,0.0,0.0005387417040765285,538741704.0765285,64.99732303619385
5,158,0.024474145844578743,0.026657622307538986,0.004480929113924503,0.9180918523532074,64.99732303619385
5,159,0.06420545279979706,0.051432110369205475,0.025631370022892952,1.2483534573566937,64.99732303619385
5,160,0.0025267088785767555,0.08743119239807129,-0.06304668541997671,0.028899398592710884,64.99732303619385
5,161,0.0,0.0,0.0,0.0,64.99732303619385
5,162,0.008746461942791939,0.06540093570947647,-0.040304239839315414,0.13373603676729745,64.99732303619385
5,163,0.009008054621517658,0.01996324397623539,-0.005964378360658884,0.4512320057696925,64.99732303619385
5,164,0.0,0.0,0.0,0.0,64.99732303619385
5,165,0.016658611595630646,0.03370912745594978,-0.008623233996331692,0.4941869710779522,64.99732303619385
5,166,0.01025486271828413,0.007330241147428751,0.004757181857712567,1.398980266901898,64.99732303619385
5,167,0.013971381820738316,0.02509925700724125,-0.004853060934692621,0.5566452352016182,64.99732303619385
5,168,0.021206628531217575,0.015639247372746468,0.009477193001657724,1.3559877930454023,64.99732303619385
5,169,0.03389320522546768,0.38087454438209534,-0.2517627030611038,0.0889878458019942,64.99732303619385
5,170,0.019128771498799324,0.006138675846159458,0.01452476461417973,3.116107117408839,64.99732303619385
5,171,0.014742282219231129,0.011822743341326714,0.0058752247132360935,1.2469425912725471,64.99732303619385
5,172,0.01975513994693756,0.026359468698501587,-1.446157693862915e-05,0.7494513706686015,64.99732303619385
5,173,0.020575644448399544,0.011921094730496407,0.011634823400527239,1.7259861541102581,64.99732303619385
5,174,0.010775551199913025,0.005269923713058233,0.00682310841511935,2.044726220830823,64.99732303619385
5,175,0.05529964342713356,0.02096209116280079,0.03957807505503297,2.6380785674012297,64.99732303619385
5,176,0.01730678230524063,0.0023050480522215366,0.015577996266074479,7.508208898748406,64.99732303619385
5,177,0.08674509823322296,0.22523978352546692,-0.08218473941087723,0.38512334222266703,64.99732303619385
5,178,0.002775720553472638,0.024067094549536705,-0.01527460035867989,0.11533259852551411,64.99732303619385
5,179,0.014987143687903881,0.017502479255199432,0.0018602842465043068,0.8562868990457675,64.99732303619385
5,180,0.02824173867702484,0.017703097313642502,0.014964415691792965,1.5952992956586005,64.99732303619385
5,181,0.048514533787965775,0.0492582805454731,0.01157082337886095,0.9849010815997601,64.99732303619385
5,182,0.06096826121211052,0.19136586785316467,-0.08255613967776299,0.3185952745688848,64.99732303619385
5,183,0.14921453595161438,0.08640875667333603,0.08440796844661236,1.7268450755979003,64.99732303619385
5,184,0.06409964710474014,0.02101762406527996,0.04833642905578017,3.049804625993843,64.99732303619385
5,185,0.37963807582855225,0.20575308799743652,0.22532325983047485,1.8451148389638605,64.99732303619385
5,186,0.014391892589628696,0.01883944682776928,0.00026230746880173683,0.7639233105109633,64.99732303619385
5,187,0.035721614956855774,0.01184670440852642,0.02683658665046096,3.0153208624105248,64.99732303619385
5,188,0.07692776620388031,0.036755580455064774,0.04936108086258173,2.0929547363790038,64.99732303619385
5,189,0.0058469148352742195,0.08337068557739258,-0.056681099347770214,0.0701315431762454,64.99732303619385
5,190,0.005972797051072121,0.002620722632855177,0.004007255076430738,2.2790649319061753,64.99732303619385
5,191,0.10881787538528442,0.10469857603311539,0.030293943360447884,1.0393443684451524,64.99732303619385
5,192,0.02730424329638481,0.017960872501134872,0.013833588920533657,1.5202069550429338,64.99732303619385
5,193,0.07918122410774231,0.1126665323972702,-0.005318675190210342,0.7027927674905347,64.99732303619385
5,194,0.015710653737187386,0.012617861852049828,0.006247257348150015,1.2451122004787212,64.99732303619385
5,195,0.04006614536046982,0.03744792565703392,0.011980201117694378,1.0699162812473217,64.99732303619385
5,196,0.038458749651908875,0.036072876304388046,0.01140409242361784,1.0661403689110442,64.99732303619385
5,197,0.0171054657548666,0.0042825182899832726,0.013893577037379146,3.9942539862308815,64.99732303619385
5,198,0.021790340542793274,0.009961514733731747,0.014319204492494464,2.1874525233415785,64.99732303619385
5,199,0.0,0.007349767256528139,-0.005512325442396104,0.0,64.99732303619385
5,200,0.23138435184955597,0.014517702162265778,0.22049607522785664,15.938083675185807,64.99732303619385
5,201,0.06233793497085571,0.04524457827210426,0.028404501266777515,1.3777990059841632,64.99732303619385
5,202,0.00089872139506042,0.0006209923885762691,0.0004329771036282182,1.4472341531812616,64.99732303619385
5,203,0.005863070022314787,0.006310415454208851,0.0011302584316581488,0.9291099871206089,64.99732303619385
5,204,0.04785926267504692,0.092845119535923,-0.021774576976895332,0.5154741887753622,64.99732303619385
5,205,0.0,0.0014984048902988434,-0.0011238036677241325,0.0,64.99732303619385
5,206,0.025200458243489265,0.008867451921105385,0.018549869302660227,2.8419052581122943,64.99732303619385
5,207,0.0,0.0,0.0,0.0,64.99732303619385
5,208,0.12957479059696198,0.09220560640096664,0.06042058579623699,1.405281041502898,64.99732303619385
5,209,8.285626336146379e-07,0.0015580970793962479,-0.0011677442469135713,0.0005317785676126945,64.99732303619385
5,210,0.04503335431218147,0.02721220627427101,0.024624199606478214,1.6548953751355826,64.99732303619385
5,211,0.005418074782937765,0.020739326253533363,-0.010136419907212257,0.2612464222049374,64.99732303619385
5,212,0.010440870188176632,0.038320429623126984,-0.018299452029168606,0.27246224247973827,64.99732303619385
5,213,0.04773427173495293,0.10564178228378296,-0.03149706497788429,0.451850306787457,64.99732303619385
5,214,0.01355966366827488,0.01107858121395111,0.005250727757811546,1.2239530861565036,64.99732303619385
5,215,0.03835773468017578,0.02777891792356968,0.017523546237498522,1.38082177226383,64.99732303619385
5,216,0.013731486164033413,0.018474256619811058,-0.0001242063008248806,0.7432767902858423,64.99732303619385
5,217,0.005626761354506016,0.006645962595939636,0.0006422894075512886,0.8466435482343901,64.99732303619385
5,218,0.04747668281197548,0.020271003246307373,0.03227343037724495,2.3420983279790004,64.99732303619385
5,219,0.005193453282117844,0.01692119613289833,-0.007497443817555904,0.30691998609446813,64.99732303619385
5,220,0.022906258702278137,0.0,0.022906258702278137,22906258702.278137,64.99732303619385
5,221,0.0014363244408741593,0.0029670747462660074,-0.0007889816188253462,0.48408771710171833,64.99732303619385
5,222,0.03272829204797745,0.02248213067650795,0.015866694040596485,1.4557469003914376,64.99732303619385
5,223,0.0,0.1136467382311821,-0.08523505367338657,0.0,64.99732303619385
5,224,0.01538014318794012,0.012342069298028946,0.006123591214418411,1.2461559577493382,64.99732303619385
5,225,0.0799674466252327,0.0432719811797142,0.047513460740447044,1.848019074774261,64.99732303619385
5,226,0.03198105841875076,0.05188855901360512,-0.006935360841453075,0.6163412325585883,64.99732303619385
5,227,0.13348501920700073,0.08063245564699173,0.07301067747175694,1.655475058204126,64.99732303619385
5,228,0.005156724713742733,0.0,0.005156724713742733,5156724713.742733,64.99732303619385
5,229,0.05982516333460808,0.011100365780293941,0.05149988899938762,5.389476753588061,64.99732303619385
5,230,0.09957088530063629,0.05779918283224106,0.0562214981764555,1.7227040317838505,64.99732303619385
5,231,0.0,0.0,0.0,0.0,64.99732303619385
5,232,0.17513644695281982,0.0897633284330368,0.10781395062804222,1.951091275336565,64.99732303619385
5,233,0.032011184841394424,0.03392929583787918,0.006564212962985039,0.9434674092090407,64.99732303619385
5,234,0.03345653787255287,0.021638978272676468,0.01722730416804552,1.546123733265739,64.99732303619385
5,235,0.1400563269853592,0.14932352304458618,0.028063684701919556,0.9379388064839733,64.99732303619385
5,236,0.0052850558422505856,0.026808585971593857,-0.014821383636444807,0.1971404179113902,64.99732303619385
5,237,0.01675790175795555,0.02155485562980175,0.0005917600356042385,0.7774536765631879,64.99732303619385
5,238,0.013605154119431973,0.045591406524181366,-0.020588400773704052,0.2984148802673477,64.99732303619385
5,239,0.06882479786872864,0.08006016165018082,0.008779676631093025,0.859663488672378,64.99732303619385
5,240,0.023323317989706993,0.007016072515398264,0.018061263603158295,3.3242698012591427,64.99732303619385
5,241,0.15491746366024017,0.06609907746315002,0.10534315556287766,2.3437159731051063,64.99732303619385
5,242,0.0290310550481081,0.049219924956560135,-0.007883888669312,0.5898232285632317,64.99732303619385
5,243,0.00536336051300168,0.0,0.00536336051300168,5363360513.00168,64.99732303619385
5,244,0.0348704569041729,0.012063735164701939,0.025822655530646443,2.8905190992017213,64.99732303619385
5,245,0.06030620262026787,0.023524601012468338,0.042662751860916615,2.5635377444123826,64.99732303619385
5,246,0.01641876809298992,0.041724421083927155,-0.014874547719955444,0.39350499458268484,64.99732303619385
5,247,0.03618234023451805,0.046128373593091965,0.0015860600396990776,0.7843836106797448,64.99732303619385
5,248,0.057026442140340805,0.0646609514951706,0.00853072851896286,0.8819301420845636,64.99732303619385
5,249,0.03383853659033775,0.032634589821100235,0.009362594224512577,1.036891738943267,64.99732303619385
5,250,0.0058568972162902355,0.020327184349298477,-0.009388491045683622,0.2881312588776829,64.99732303619385
5,251,0.0,0.0005986830801703036,-0.0004490123101277277,0.0,64.99732303619385
5,252,0.03635171055793762,0.027696652337908745,0.015579221304506063,1.3124947417154131,64.99732303619385
5,253,0.013072623871266842,0.017070094123482704,0.00027005327865481377,0.7658202571078675,64.99732303619385
5,254,0.0672278180718422,0.018689287826418877,0.053210852202028036,3.5971310781148604,64.99732303619385
5,255,0.003506340319290757,0.013051705434918404,-0.0062824387568980455,0.26864997348478914,64.99732303619385
6,0,0.08336493372917175,0.29171454906463623,-0.13542097806930542,0.2857757146367579,65.01702308654785
6,1,0.12659573554992676,0.002658482640981674,0.1246018735691905,47.61954565765392,65.01702308654785
6,2,0.1369611918926239,0.07139872759580612,0.08341214619576931,1.9182581609304559,65.01702308654785
6,3,0.0167023204267025,0.012860503047704697,0.007056943140923977,1.2987299457453765,65.01702308654785
6,4,0.06552708894014359,0.028143422678112984,0.04441952193155885,2.3283269304971705,65.01702308654785
6,5,0.022815313190221786,0.04761014133691788,-0.012892292812466621,0.47921120477857343,65.01702308654785
6,6,0.039440687745809555,0.021220240741968155,0.02352550718933344,1.8586352635456878,65.01702308654785
6,7,0.09393499046564102,0.07667024433612823,0.036432307213544846,1.2251818326363697,65.01702308654785
6,8,0.02052024006843567,0.085448257625103,-0.04356595315039158,0.24014813921924935,65.01702308654785
6,9,0.010980539955198765,0.02398555725812912,-0.007008627988398075,0.4577979922071426,65.01702308654785
6,10,0.0,0.0022415355779230595,-0.0016811516834422946,0.0,65.01702308654785
6,11,0.08140616118907928,0.051660142838954926,0.04266105405986309,1.5758020925586413,65.01702308654785
6,12,0.0,0.01533498615026474,-0.011501239612698555,0.0,65.01702308654785
6,13,0.003143264912068844,0.004579166881740093,-0.0002911102492362261,0.6864272459508985,65.01702308654785
6,14,0.0032488727010786533,0.03948184847831726,-0.026362513657659292,0.08228775567031998,65.01702308654785
6,15,0.055377423763275146,0.11941910535097122,-0.03418690524995327,0.46372331797376876,65.01702308654785
6,16,0.010223368182778358,0.0249632578343153,-0.008499075192958117,0.40953661778533773,65.01702308654785
6,17,0.4427226781845093,0.2922685742378235,0.22352124750614166,1.5147802986945296,65.01702308654785
6,18,0.03738222271203995,0.019576476886868477,0.02269986504688859,1.9095480216466159,65.01702308654785
6,19,0.0,0.0016817119903862476,-0.0012612839927896857,0.0,65.01702308654785
6,20,0.006815480999648571,0.0037260674871504307,0.004020930384285748,1.8291351461891217,65.01702308654785
6,21,0.10008292645215988,0.03310627490282059,0.07525322027504444,3.0230802693120253,65.01702308654785
6,22,0.005292888265103102,0.004916055593639612,0.0016058465698733926,1.0766534599149735,65.01702308654785
6,23,0.02451784908771515,0.0,0.02451784908771515,24517849087.71515,65.01702308654785
6,24,0.03701106831431389,0.01887853629887104,0.02285216609016061,1.960483997616209,65.01702308654785
6,25,0.08374428004026413,0.01135795284062624,0.07522581540979445,7.373184341226192,65.01702308654785
6,26,0.026438256725668907,0.013789632357656956,0.01609603245742619,1.9172560977719835,65.01702308654785
6,27,0.1688603162765503,0.09895024448633194,0.09464763291180134,1.7065174234932643,65.01702308654785
6,28,0.16438134014606476,0.08342954516410828,0.10180918127298355,1.9703012862020486,65.01702308654785
6,29,0.005714251659810543,0.006057210266590118,0.0011713439598679543,0.943380105258254,65.01702308654785
6,30,0.08455701917409897,0.00988379493355751,0.07714417297393084,8.555116707091466,65.01702308654785
6,31,0.007760710082948208,0.014488564804196358,-0.0031057135201990604,0.5356438120195874,65.01702308654785
6,32,0.03110530786216259,0.01620454154908657,0.018951901700347662,1.919542602672176,65.01702308654785
6,33,0.0,0.007425400894135237,-0.0055690506706014276,0.0,65.01702308654785
6,34,0.010543931275606155,0.0077140978537499905,0.0047583578852936625,1.3668391915865679,65.01702308654785
6,35,0.01303678099066019,0.44332024455070496,-0.3194534024223685,0.029407141114981713,65.01702308654785
6,36,0.0,0.009836713783442974,-0.007377535337582231,0.0,65.01702308654785
6,37,0.19626514613628387,0.08500050753355026,0.13251476548612118,2.3089879322956715,65.01702308654785
6,38,0.18041005730628967,0.1642455756664276,0.057225875556468964,1.098416542261039,65.01702308654785
6,39,0.001075295964255929,0.08137412369251251,-0.059955296805128455,0.013214224810652628,65.01702308654785
6,40,0.007744171191006899,0.003300201380625367,0.0052690201555378735,2.3465753435909575,65.01702308654785
6,41,0.0,0.0,0.0,0.0,65.01702308654785
6,42,0.06455914676189423,0.06197754293680191,0.018075989559292793,1.0416538588288844,65.01702308654785
6,43,0.07837820798158646,0.144895538687706,-0.03029344603419304,0.5409290630401977,65.01702308654785
6,44,0.0007360120653174818,0.05838661268353462,-0.043053947447333485,0.012605836020907509,65.01702308654785
6,45,0.011848337016999722,0.015687067061662674,8.303672075271606e-05,0.7552933234537101,65.01702308654785
6,46,0.018605133518576622,0.01871902495622635,0.00456586480140686,0.9939157387251755,65.01702308654785
6,47,0.0064565641805529594,0.011054626666009426,-0.0018344058189541101,0.58405990315543,65.01702308654785
6,48,0.0,0.13089874386787415,-0.09817405790090561,0.0,65.01702308654785
6,49,0.0,0.0,0.0,0.0,65.01702308654785
6,50,0.023824546486139297,0.05531429499387741,-0.01766117475926876,0.43071228673068435,65.01702308654785
6,51,0.01637541875243187,0.008559846319258213,0.00995553401298821,1.9130505548536407,65.01702308654785
6,52,0.012424545362591743,0.03272894024848938,-0.012122159823775291,0.37961954367849066,65.01702308654785
6,53,0.014357254840433598,0.01993415132164955,-0.000593358650803566,0.7202340650499939,65.01702308654785
6,54,0.010225364938378334,4.600099418894388e-05,0.010190864192736626,222.28573308857352,65.01702308654785
6,55,0.02216409333050251,0.005552361253648996,0.017999822390265763,3.991831999754068,65.01702308654785
6,56,0.0005007159779779613,0.018026744946837425,-0.013019342732150108,0.027776283484724714,65.01702308654785
6,57,0.0027664692606776953,0.03585444763302803,-0.024124366464093328,0.07715832883316126,65.01702308654785
6,58,0.012956543825566769,0.0031907525844872,0.010563479387201369,4.060654494020701,65.01702308654785
6,59,0.0,0.002012320328503847,-0.0015092402463778853,0.0,65.01702308654785
6,60,0.01585148461163044,0.0060961442068219185,0.011279376456514001,2.600247643632103,65.01702308654785
6,61,0.04427235201001167,0.026268593966960907,0.024570906534790993,1.6853719717168518,65.01702308654785
6,62,0.0,0.0,0.0,0.0,65.01702308654785
6,63,0.02987794205546379,0.0009763045818544924,0.02914571361907292,30.603095161253353,65.01702308654785
6,64,0.10475605726242065,0.06985295563936234,0.0523663405328989,1.4996653513382712,65.01702308654785
6,65,0.03930229693651199,0.00783542264252901,0.033425729954615235,5.015976638984538,65.01702308654785
6,66,0.0,0.039213065057992935,-0.0294097987934947,0.0,65.01702308654785
6,67,0.12161204218864441,0.0749576985836029,0.06539376825094223,1.6224089651229605,65.01702308654785
6,68,0.04134600609540939,0.022997666150331497,0.02409775648266077,1.797834868257516,65.01702308654785
6,69,1.3821773791278247e-05,5.8584287216945086e-06,9.427952250007365e-06,2.359296679807298,65.01702308654785
6,70,0.005478392820805311,0.0010582245886325836,0.0046847243793308735,5.176966094416133,65.01702308654785
6,71,0.03275780752301216,0.006401744671165943,0.027956499019637704,5.117012502144825,65.01702308654785
6,72,0.005462386645376682,0.03285227715969086,-0.01917682122439146,0.16627117257833987,65.01702308654785
6,73,0.10169975459575653,0.08168798685073853,0.04043376445770264,1.244978099170675,65.01702308654785
6,74,0.01295106764882803,0.19923271238803864,-0.13647346664220095,0.06500472484427497,65.01702308654785
6,75,0.12837447226047516,0.009201067499816418,0.12147367163561285,13.952128081777945,65.01702308654785
6,76,0.007202688604593277,0.0694262683391571,-0.04486701264977455,0.10374586992495956,65.01702308654785
6,77,0.03249383345246315,0.015664219856262207,0.020745668560266495,2.074398453836719,65.01702308654785
6,78,0.001036552363075316,0.000743730110116303,0.0004787547804880887,1.3937211195059738,65.01702308654785
6,79,0.0023664284963160753,0.008078382350504398,-0.0036923582665622234,0.292933460357368,65.01702308654785
6,80,0.1518338918685913,0.04534691572189331,0.11782370507717133,3.3482738450486997,65.01702308654785
6,81,0.0,0.007893097586929798,-0.005919823190197349,0.0,65.01702308654785
6,82,0.0,0.025676971301436424,-0.019257728476077318,0.0,65.01702308654785
6,83,0.0,0.0,0.0,0.0,65.01702308654785
6,84,0.03000495582818985,0.8264556527137756,-0.5898367837071419,0.036305584854587576,65.01702308654785
6,85,0.019032932817935944,0.016584841534495354,0.006594301667064428,1.1476101702389567,65.01702308654785
6,86,0.061456099152565,0.006066535133868456,0.05690619780216366,10.130345870633054,65.01702308654785
6,87,0.08189273625612259,0.01390156615525484,0.07146656163968146,5.890900013397119,65.01702308654785
6,88,0.027469472959637642,0.0012695960467681289,0.026517275924561545,21.636388210192738,65.01702308654785
6,89,0.10884236544370651,0.015124686993658543,0.0974988501984626,7.1963383759376605,65.01702308654785
6,90,0.2439134567975998,0.0,0.2439134567975998,243913456797.5998,65.01702308654785
6,91,0.04105238988995552,0.20112068951129913,-0.10978812724351883,0.20411818390989078,65.01702308654785
6,92,1.1250872375967447e-06,0.00012349046301096678,-9.149276002062834e-05,0.009110721597878436,65.01702308654785
6,93,0.04218661040067673,0.02327542006969452,0.024730045348405838,1.8124961986741026,65.01702308654785
6,94,0.0002024103596340865,0.01660526543855667,-0.012251538719283417,0.012189528699246766,65.01702308654785
6,95,0.05437523126602173,0.08535454422235489,-0.009640676900744438,0.6370513926444641,65.01702308654785
6,96,0.05161313712596893,0.03508878871798515,0.025296545587480068,1.4709295763761463,65.01702308654785
6,97,0.07317101955413818,0.0410001240670681,0.04242092650383711,1.7846536130637118,65.01702308654785
6,98,0.007137881591916084,0.05698421224951744,-0.035600277595221996,0.12526068730293397,65.01702308654785
6,99,0.03227926045656204,0.0324355885386467,0.007952569052577019,0.9951803531206603,65.01702308654785
6,100,0.04350871592760086,0.00767144188284874,0.037755134515464306,5.671517373963689,65.01702308654785
6,101,0.019158674404025078,0.04268091917037964,-0.012852014973759651,0.4488814855906906,65.01702308654785
6,102,0.14184916019439697,0.0951385498046875,0.07049524784088135,1.490974588997961,65.01702308654785
6,103,0.014703772962093353,0.007531129289418459,0.009055425995029509,1.952399486860536,65.01702308654785
6,104,0.05007993057370186,0.021548373624682426,0.03391865035519004,2.324070087313416,65.01702308654785
6,105,0.009567280299961567,0.01043593231588602,0.0017403310630470514,0.9167633527558512,65.01702308654785
6,106,0.006826081778854132,0.04314350709319115,-0.02553154854103923,0.15821805501234268,65.01702308654785
6,107,0.1281314343214035,0.06834882497787476,0.07686981558799744,1.8746691601648797,65.01702308654785
6,108,0.023478824645280838,0.03530289977788925,-0.0029983501881361008,0.6650678780591537,65.01702308654785
6,109,0.012070872820913792,0.004279653076082468,0.00886113301385194,2.8205260107538357,65.01702308654785
6,110,0.011254502460360527,0.025170328095555305,-0.007623243611305952,0.44713372099034204,65.01702308654785
6,111,0.04470767453312874,0.022538283839821815,0.027803961653262377,1.9836325981552,65.01702308654785
6,112,1.5790061524967314e-06,0.14379048347473145,-0.10784128359989609,1.0981298027022988e-05,65.01702308654785
6,113,0.036517251282930374,0.017803890630602837,0.023164333309978247,2.051082655951073,65.01702308654785
6,114,0.0,0.06121031939983368,-0.04590773954987526,0.0,65.01702308654785
6,115,0.05995173379778862,0.034547578543424606,0.034041049890220165,1.7353382298761375,65.01702308654785
6,116,0.003183159977197647,0.018035583198070526,-0.010343527421355247,0.17649332112319457,65.01702308654785
6,117,0.023888498544692993,0.0035728178918361664,0.02120888512581587,6.686178602215261,65.01702308654785
6,118,0.10450287163257599,0.09677498042583466,0.0319216363132,1.0798542264917728,65.01702308654785
6,119,0.03302176296710968,0.009284928441047668,0.02605806663632393,3.556490841390606,65.01702308654785
6,120,2.221886006736895e-06,0.022178517654538155,-0.01663166635489688,0.0001001818985942044,65.01702308654785
6,121,0.11512972414493561,0.07915062457323074,0.05576675571501255,1.454564948340517,65.01702308654785
6,122,0.00458256620913744,0.027171827852725983,-0.015796304680407047,0.16865137795685864,65.01702308654785
6,123,0.05549180507659912,0.02654503658413887,0.03558302763849497,2.090477626527966,65.01702308654785
6,124,0.048297710716724396,0.047067753970623016,0.012996895238757133,1.0261316217859666,65.01702308654785
6,125,0.09732013195753098,0.0506364144384861,0.0593428211286664,1.9219396364218293,65.01702308654785
6,126,0.12474071234464645,0.09745094925165176,0.05165250040590763,1.2800358878110374,65.01702308654785
6,127,0.0021845861338078976,0.013091769069433212,-0.007634240668267012,0.16686714546024364,65.01702308654785
6,128,0.03086727298796177,0.017555229365825653,0.01770085096359253,1.7582950551641359,65.01702308654785
6,129,0.01470568310469389,0.011833613738417625,0.0058304728008806705,1.2427043360144023,65.01702308654785
6,130,0.14950302243232727,0.0945633128285408,0.07858053781092167,1.580983342893458,65.01702308654785
6,131,0.014235868118703365,0.010289535857737064,0.006518716225400567,1.3835286949911725,65.01702308654785
6,132,0.0,0.015614602714776993,-0.011710952036082745,0.0,65.01702308654785
6,133,0.00905496347695589,0.002152317436411977,0.007440725399646908,4.207076205192066,65.01702308654785
6,134,0.17124615609645844,0.10585940629243851,0.09185160137712955,1.6176753875018925,65.01702308654785
6,135,0.014158678241074085,0.0,0.014158678241074085,14158678241.074085,65.01702308654785
6,136,0.017788641154766083,0.005256130825728178,0.01384654303546995,3.3843604242703194,65.01702308654785
6,137,0.031234148889780045,0.05895014479756355,-0.01297845970839262,0.5298400707328056,65.01702308654785
6,138,0.00447761220857501,0.017630651593208313,-0.008745376486331224,0.2539674829741353,65.01702308654785
6,139,0.13881425559520721,0.10798642784357071,0.05782443471252918,1.2854787251135693,65.01702308654785
6,140,0.0,0.0023977397941052914,-0.0017983048455789685,0.0,65.01702308654785
6,141,0.004515917040407658,0.003753239754587412,0.0017009872244670987,1.2032050533635257,65.01702308654785
6,142,0.016518808901309967,0.0112004978582263,0.008118435507640243,1.4748280932621902,65.01702308654785
6,143,0.0020840491633862257,0.003257880685850978,-0.0003593613510020077,0.6396947475079693,65.01702308654785
6,144,0.13434071838855743,0.0642731711268425,0.08613584004342556,2.0901523299876885,65.01702308654785
6,145,0.028379518538713455,0.014897899702191353,0.01720609376206994,1.9049341923435112,65.01702308654785
6,146,1.9873200471920427e-06,0.005014814902096987,-0.003759123856525548,0.0003962898104104975,65.01702308654785
6,147,0.04159068316221237,0.1140088215470314,-0.04391593299806118,0.36480232492088693,65.01702308654785
6,148,0.08289442956447601,0.03954329341650009,0.053236959502100945,2.0962955383931337,65.01702308654785
6,149,0.015336430631577969,0.004677168559283018,0.011828554212115705,3.278998914388057,65.01702308654785
6,150,0.04937169700860977,0.05704814940690994,0.006585584953427315,0.8654390636861605,65.01702308654785
6,151,0.0035867681726813316,0.01572316512465477,-0.008205605670809746,0.22811998373209005,65.01702308654785
6,152,0.07695631682872772,0.01305901724845171,0.06716205389238894,5.8929638700001545,65.01702308654785
6,153,0.032877180725336075,0.1128692477941513,-0.051774755120277405,0.2912855482567363,65.01702308654785
6,154,0.003364359261468053,0.007342837285250425,-0.002142768702469766,0.45818246139920144,65.01702308654785
6,155,0.017864730209112167,0.057051196694374084,-0.024923667311668396,0.3131350654132853,65.01702308654785
6,156,0.026373697444796562,0.013687399215996265,0.016108148032799363,1.9268596631599042,65.01702308654785
6,157,0.0014818927738815546,0.1309569776058197,-0.09673584043048322,0.011315874884733013,65.01702308654785
6,158,0.007463413290679455,0.006264318712055683,0.0027651742566376925,1.19141659812498,65.01702308654785
6,159,0.012877404689788818,0.0,0.012877404689788818,12877404689.788818,65.01702308654785
6,160,0.007966765202581882,0.010644284076988697,-1.6447855159640312e-05,0.748454771049971,65.01702308654785
6,161,0.0003228181740269065,0.005275032948702574,-0.003633456537500024,0.06119737584674389,65.01702308654785
6,162,0.10224674642086029,0.10169918835163116,0.025972355157136917,1.0053840947710468,65.01702308654785
6,163,0.0,0.0,0.0,0.0,65.01702308654785
6,164,0.06981538236141205,0.04224757105112076,0.03812970407307148,1.652530089251307,65.01702308654785
6,165,0.06380053609609604,0.02993953600525856,0.04134588409215212,2.130979454149162,65.01702308654785
6,166,0.03185711428523064,0.02429276891052723,0.013637537602335215,1.3113825929539893,65.01702308654785
6,167,0.013308299705386162,0.010408748872578144,0.005501738050952554,1.2785686221298236,65.01702308654785
6,168,0.0043173120357096195,0.0021867856848984957,0.0026772227720357478,1.974273045387959,65.01702308654785
6,169,0.05584971606731415,0.006940090097486973,0.05064464849419892,8.047405044422995,65.01702308654785
6,170,0.23160797357559204,0.12649086117744446,0.1367398276925087,1.8310253516960067,65.01702308654785
6,171,0.027673056349158287,0.01880326122045517,0.01357061043381691,1.4717157850034215,65.01702308654785
6,172,0.007473217789083719,0.012247608974575996,-0.001712488941848278,0.6101776929673948,65.01702308654785
6,173,0.010684852488338947,0.0127369100227952,0.001132169971242547,0.8388889038532437,65.01702308654785
6,174,0.04212619364261627,0.021124329417943954,0.026282946579158306,1.9942026469648872,65.01702308654785
6,175,0.002512033097445965,0.024242455139756203,-0.015669808257371187,0.10362123319856152,65.01702308654785
6,176,0.0011238721199333668,0.019821902737021446,-0.013742554932832718,0.05669849836250119,65.01702308654785
6,177,0.002459675306454301,0.0006482002208940685,0.0019735251407837495,3.794622746760292,65.01702308654785
6,178,0.0,0.0,0.0,0.0,65.01702308654785
6,179,0.42782044410705566,0.24309231340885162,0.24550120905041695,1.759909386298669,65.01702308654785
6,180,0.001856864313594997,0.08961627632379532,-0.06535534292925149,0.020720168140720144,65.01702308654785
6,181,0.0,0.0,0.0,0.0,65.01702308654785
6,182,0.004381288308650255,0.011928907595574856,-0.004565392388030887,0.3672832799801596,65.01702308654785
6,183,0.021618394181132317,0.011005955748260021,0.0133639273699373,1.9642450572805379,65.01702308654785
6,184,0.008864282630383968,0.06937441974878311,-0.043166532181203365,0.12777451202266352,65.01702308654785
6,185,0.19335860013961792,0.041129566729068756,0.16251142509281635,4.701206832754172,65.01702308654785
6,186,0.13489024341106415,0.07396618276834488,0.07941560633480549,1.823674527475671,65.01702308654785
6,187,0.04847858101129532,0.07614465802907944,-0.00862991251051426,0.636664242318152,65.01702308654785
6,188,0.0260463934391737,0.034728020429611206,3.781169652938843e-07,0.7500108879288426,65.01702308654785
6,189,0.0,0.0178967397660017,-0.013422554824501276,0.0,65.01702308654785
6,190,0.077416330575943,0.0419635996222496,0.04594363085925579,1.8448448481776831,65.01702308654785
6,191,0.016516780480742455,0.0051818047650158405,0.012630426906980574,3.1874571170773365,65.01702308654785
6,192,0.03791125491261482,0.010642755776643753,0.029929188080132008,3.5621652610174017,65.01702308654785
6,193,0.0,0.0026719397865235806,-0.0020039548398926854,0.0,65.01702308654785
6,194,0.01972261629998684,0.009776759892702103,0.012390046380460262,2.017295762033755,65.01702308654785
6,195,0.04886993020772934,0.04782501608133316,0.01300116814672947,1.0218486936543274,65.01702308654785
6,196,0.018184328451752663,0.00909412745386362,0.011363732861354947,1.9995682424736108,65.01702308654785
6,197,0.004562551621347666,0.00895798671990633,-0.002155938418582082,0.5093277946817548,65.01702308654785
6,198,0.00320769427344203,0.03294005244970322,-0.021497345063835382,0.09737975609609423,65.01702308654785
6,199,0.0,0.002469770610332489,-0.0018523279577493668,0.0,65.01702308654785
6,200,0.0,0.016454298049211502,-0.012340723536908627,0.0,65.01702308654785
6,201,0.0,1.498622714279918e-05,-1.1239670357099385e-05,0.0,65.01702308654785
6,202,0.017298882827162743,0.022742973640561104,0.00024165259674191475,0.7606253737879867,65.01702308654785
6,203,0.03214586153626442,0.011252045631408691,0.0237068273127079,2.8568904345425277,65.01702308654785
6,204,0.1265096515417099,0.09484492242336273,0.05537595972418785,1.3338579262648378,65.01702308654785
6,205,0.0,0.04467044770717621,-0.033502835780382156,0.0,65.01702308654785
6,206,0.024737033993005753,0.01579676941037178,0.012889456935226917,1.565955250014478,65.01702308654785
6,207,0.07377757132053375,0.07051725685596466,0.020889628678560257,1.0462342780885852,65.01702308654785
6,208,0.16492731869220734,0.1077284887433052,0.08413095213472843,1.5309536095290837,65.01702308654785
6,209,0.03697916492819786,0.11034957319498062,-0.045783014968037605,0.33510927008773234,65.01702308654785
6,210,0.0009188844705931842,0.008019065484404564,-0.005095414642710239,0.11458747559371331,65.01702308654785
6,211,0.0864824503660202,0.11262089014053345,0.002016782760620117,0.7679077146108113,65.01702308654785
6,212,0.0,0.013876227661967278,-0.010407170746475458,0.0,65.01702308654785
6,213,0.004423527047038078,7.242755600600503e-06,0.004418094980337628,610.7518574725153,65.01702308654785
6,214,0.0,0.0009193545556627214,-0.000689515916747041,0.0,65.01702308654785
6,215,0.021224232390522957,0.03721954673528671,-0.006690427660942078,0.5702442466831728,65.01702308654785
6,216,0.0021882159635424614,0.11253535747528076,-0.08221330214291811,0.019444697316607137,65.01702308654785
6,217,0.024056317284703255,0.020336013287305832,0.00880430731922388,1.1829416584093586,65.01702308654785
6,218,0.016354572027921677,0.04856676235795021,-0.02007049974054098,0.3367441277441412,65.01702308654785
6,219,0.2523011565208435,0.011580766178667545,0.24361558188684285,21.78622317440541,65.01702308654785
6,220,0.0779179260134697,0.022293372079730034,0.06119789695367217,3.4951162045521356,65.01702308654785
6,221,0.0,0.07735013216733932,-0.058012599125504494,0.0,65.01702308654785
6,222,0.14951713383197784,0.010299098677933216,0.14179280982352793,14.517496966779706,65.01702308654785
6,223,0.0238698348402977,0.008359761908650398,0.0176000134088099,2.855324720760609,65.01702308654785
6,224,0.0036338085774332285,0.052091944962739944,-0.03543515014462173,0.06975759073620005,65.01702308654785
6,225,0.04728987440466881,0.0284844059497118,0.02592656994238496,1.660202234390887,65.01702308654785
6,226,0.12477205693721771,0.04614674672484398,0.09016199689358473,2.7038104696412,65.01702308654785
6,227,0.029918694868683815,0.0030634694267064333,0.02762109279865399,9.766278258922735,65.01702308654785
6,228,4.462713604880264e-06,0.008424215950071812,-0.0063136992489489785,0.0005297482437297293,65.01702308654785
6,229,0.03461253643035889,0.025788288563489914,0.015271320007741451,1.3421804375967714,65.01702308654785
6,230,0.018720950931310654,0.009786219336092472,0.0113812864292413,1.9129911446346888,65.01702308654785
6,231,0.0,0.012168804183602333,-0.00912660313770175,0.0,65.01702308654785
6,232,0.05536682531237602,0.05894161015748978,0.01116061769425869,0.9393504039590806,65.01702308654785
6,233,0.002856622450053692,0.01148206740617752,-0.005754928104579449,0.24878990418293462,65.01702308654785
6,234,0.029542356729507446,0.0359501913189888,0.0025797132402658463,0.8217579836099924,65.01702308654785
6,235,0.02974570542573929,0.03442814201116562,0.003924598917365074,0.8639939214619328,65.01702308654785
6,236,0.07219621539115906,0.0072769587859511375,0.0667384963016957,9.921207128535553,65.01702308654785
6,237,0.0,0.006137888878583908,-0.004603416658937931,0.0,65.01702308654785
6,238,2.1367070246469666e-07,0.13560013473033905,-0.10169988737705182,1.5757410778981654e-06,65.01702308654785
6,239,0.0,0.012333887629210949,-0.009250415721908212,0.0,65.01702308654785
6,240,0.10942655801773071,0.026908468455076218,0.08924520667642355,4.066621561771608,65.01702308654785
6,241,0.05688939988613129,0.07033870369195938,0.004135372117161751,0.8087922708166952,65.01702308654785
6,242,0.5168801546096802,0.016817623749375343,0.5042669367976487,30.734434441021683,65.01702308654785
6,243,0.005232872441411018,0.05309963598847389,-0.0345918545499444,0.09854817917110292,65.01702308654785
6,244,0.013797121122479439,0.007509970106184483,0.008164643542841077,1.8371739068948216,65.01702308654785
6,245,0.061785582453012466,0.04756297916173935,0.026113348081707954,1.299026754434572,65.01702308654785
6,246,0.010887040756642818,0.001058995141647756,0.010092794400407001,10.28053889786733,65.01702308654785
6,247,0.0042202710174024105,0.009164088405668736,-0.002652795286849141,0.4605227306985937,65.01702308654785
6,248,0.04096047207713127,0.003925682045519352,0.03801621054299176,10.433975954178017,65.01702308654785
6,249,0.006648730952292681,0.002922660671174526,0.004456735448911786,2.2748898001032303,65.01702308654785
6,250,0.00033800158416852355,0.001624419935978949,-0.0008803133678156883,0.20807524980094094,65.01702308654785
6,251,0.0,0.07571923732757568,-0.05678942799568176,0.0,65.01702308654785
6,252,0.021022850647568703,0.05037472024559975,-0.016758189536631107,0.4173293776055804,65.01702308654785
6,253,0.0,0.016144506633281708,-0.01210837997496128,0.0,65.01702308654785
6,254,0.04128310829401016,0.09193158149719238,-0.027665577828884125,0.44906339716152815,65.01702308654785
6,255,0.027267802506685257,0.030198125168681145,0.004619208630174398,0.9029634241685334,65.01702308654785
7,0,0.09311990439891815,0.07501360028982162,0.03685970418155193,1.2413736180892512,65.03672313690186
7,1,0.00572250597178936,0.05552813783288002,-0.035923597402870655,0.10305596756925318,65.03672313690186
7,2,0.013145551085472107,0.007848979905247688,0.007258816156536341,1.6748101336083705,65.03672313690186
7,3,0.03641446307301521,0.008308148942887783,0.030183351365849376,4.38298149430806,65.03672313690186
7,4,0.014377855695784092,0.04820995405316353,-0.021779609844088554,0.2982341713006131,65.03672313690186
7,5,0.07631988823413849,0.007844866253435612,0.07043623854406178,9.728641095823145,65.03672313690186
7,6,0.1049647107720375,0.045602213591337204,0.0707630505785346,2.301745957123347,65.03672313690186
7,7,0.0,0.0,0.0,0.0,65.03672313690186
7,8,0.08245182037353516,0.031521935015916824,0.05881036911159754,2.615696667393226,65.03672313690186
7,9,0.04830091819167137,0.010704808868467808,0.040272311540320516,4.512076654580444,65.03672313690186
7,10,0.07245191931724548,0.03526652604341507,0.04600202478468418,2.054410440824217,65.03672313690186
7,11,0.0,0.0,0.0,0.0,65.03672313690186
7,12,0.05502916872501373,0.012396585196256638,0.045731729827821255,4.439058647956671,65.03672313690186
7,13,0.0,0.0013272857759147882,-0.0009954643319360912,0.0,65.03672313690186
7,14,0.18653517961502075,0.10178391635417938,0.11019724234938622,1.832658697903686,65.03672313690186
7,15,0.0,0.07507763057947159,-0.05630822293460369,0.0,65.03672313690186
7,16,0.03387369215488434,0.12039849162101746,-0.056425176560878754,0.281346482821632,65.03672313690186
7,17,0.0,0.03046831488609314,-0.022851236164569855,0.0,65.03672313690186
7,18,0.014628326520323753,0.015467560850083828,0.0030276558827608824,0.9457422964848871,65.03672313690186
7,19,0.21367645263671875,0.0968264639377594,0.1410566046833992,2.206798058554161,65.03672313690186
7,20,0.05336276441812515,0.019028259441256523,0.03909156983718276,2.804395461395757,65.03672313690186
7,21,0.0,0.033226024359464645,-0.024919518269598484,0.0,65.03672313690186
7,22,0.0,0.4478152394294739,-0.3358614295721054,0.0,65.03672313690186
7,23,0.01563960872590542,0.04731997102499008,-0.019850369542837143,0.3305075718942326,65.03672313690186
7,24,0.0,0.032459963113069534,-0.02434497233480215,0.0,65.03672313690186
7,25,0.050949711352586746,0.01737971417605877,0.03791492572054267,2.9315620978301467,65.03672313690186
7,26,0.08121427893638611,0.0541633665561676,0.040591754019260406,1.499431887245546,65.03672313690186
7,27,0.026339691132307053,0.010944051668047905,0.018131652381271124,2.4067586602136823,65.03672313690186
7,28,0.00354944821447134,0.00748257152736187,-0.002062480431050062,0.47436208274355207,65.03672313690186
7,29,0.031132088974118233,0.11541108042001724,-0.0554262213408947,0.2697495670307306,65.03672313690186
7,30,0.0,0.007877694442868233,-0.0059082708321511745,0.0,65.03672313690186
7,31,0.0,0.0029318886809051037,-0.0021989165106788278,0.0,65.03672313690186
7,32,0.031109685078263283,0.02915194258093834,0.009245728142559528,1.0671565022064053,65.03672313690186
7,33,0.0476054921746254,0.025374267250299454,0.028574791736900806,1.8761326860458385,65.03672313690186
7,34,0.07138428092002869,0.04626846686005592,0.036682930774986744,1.54282788609347,65.03672313690186
7,35,0.023134224116802216,0.0034705293364822865,0.0205313271144405,6.6659065137265365,65.03672313690186
7,36,0.0019125607796013355,0.020176855847239494,-0.013220081105828285,0.09478983217140909,65.03672313690186
7,37,0.026381883770227432,0.0200155358761549,0.011370231863111258,1.3180703195830437,65.03672313690186
7,38,0.0,0.0,0.0,0.0,65.03672313690186
7,39,0.018340889364480972,0.009519083425402641,0.011201576795428991,1.9267495138880384,65.03672313690186
7,40,0.0,0.0,0.0,0.0,65.03672313690186
7,41,0.16932782530784607,0.05571725219488144,0.127539886161685,3.0390555642003214,65.03672313690186
7,42,0.05924072861671448,0.036943916231393814,0.03153279144316912,1.6035313702008123,65.03672313690186
7,43,0.0013360284501686692,0.0007141743553802371,0.0008003976836334914,1.8707314792710756,65.03672313690186
7,44,0.04318524897098541,0.02584020234644413,0.023805097211152315,1.6712426779915248,65.03672313690186
7,45,0.029843036085367203,0.007303589954972267,0.024365343619138002,4.086077704973573,65.03672313690186
7,46,0.0,0.005472166463732719,-0.0041041248477995396,0.0,65.03672313690186
7,47,0.03407186269760132,0.014840390533208847,0.022941569797694683,2.2958872018267757,65.03672313690186
7,48,0.0,2.5114095478784293e-06,-1.883557160908822e-06,0.0,65.03672313690186
7,49,0.0035935286432504654,0.029470987617969513,-0.01850971207022667,0.12193444921870987,65.03672313690186
7,50,0.01711122877895832,0.011925267055630684,0.008167278487235308,1.4348717473328314,65.03672313690186
7,51,0.0,0.02327321097254753,-0.01745490822941065,0.0,65.03672313690186
7,52,0.015256315469741821,0.0,0.015256315469741821,15256315469.741821,65.03672313690186
7,53,0.018673282116651535,0.025903163477778435,-0.000754090491682291,0.7208880927594002,65.03672313690186
7,54,0.001363850082270801,0.013593744486570358,-0.008831458282656968,0.10032924213912198,65.03672313690186
7,55,0.14152935147285461,0.11081252247095108,0.058419959619641304,1.2771963701907298,65.03672313690186
7,56,0.029099833220243454,0.0,0.029099833220243454,29099833220.243454,65.03672313690186
7,57,0.0,0.10612625628709793,-0.07959469221532345,0.0,65.03672313690186
7,58,0.019634900614619255,0.04807363823056221,-0.016420328058302402,0.40843383893770246,65.03672313690186
7,59,0.0021132498513907194,0.011919399723410606,-0.006826299941167235,0.1772949897017751,65.03672313690186
7,60,0.0456654317677021,0.08591414988040924,-0.018770180642604828,0.5315239902942174,65.03672313690186
7,61,0.03702333942055702,0.05571150407195091,-0.004760288633406162,0.6645546559302573,65.03672313690186
7,62,0.0,1.294542926189024e-05,-9.70907194641768e-06,0.0,65.03672313690186
7,63,0.012896986678242683,0.008783006109297276,0.006309732096269727,1.4684023347225206,65.03672313690186
7,64,0.09469225257635117,0.0708022490143776,0.04159056581556797,1.3374187104675852,65.03672313690186
7,65,0.0132991848513484,0.003323192009702325,0.010806790844071656,4.001930917177953,65.03672313690186
7,66,0.11595486849546432,0.06624576449394226,0.06627054512500763,1.7503740711501223,65.03672313690186
7,67,0.014473405666649342,0.020247068256139755,-0.0007118955254554749,0.7148395749367596,65.03672313690186
7,68,0.05751320719718933,0.043729718774557114,0.024715918116271496,1.3151972801923564,65.03672313690186
7,69,0.03726917877793312,0.007415706757456064,0.03170739870984107,5.02570826919975,65.03672313690186
7,70,0.06838642060756683,0.03379960358142853,0.04303671792149544,2.0232906117017015,65.03672313690186
7,71,0.1713041216135025,0.06058095395565033,0.12586840614676476,2.8276894044303416,65.03672313690186
7,72,0.03797429800033569,0.03169582039117813,0.014202432706952095,1.1980853478620468,65.03672313690186
7,73,0.11545329540967941,0.0723806768655777,0.06116778776049614,1.5950844950303416,65.03672313690186
7,74,0.0013978640781715512,0.015085193328559399,-0.009916030918247998,0.09266464457120613,65.03672313690186
7,75,0.012078829109668732,0.0,0.012078829109668732,12078829109.668732,65.03672313690186
7,76,0.2015007585287094,0.06310169398784637,0.15417448803782463,3.1932701927831912,65.03672313690186
7,77,0.039508625864982605,0.14998936653137207,-0.07298339903354645,0.26340951214335245,65.03672313690186
7,78,0.0,0.0068571195006370544,-0.005142839625477791,0.0,65.03672313690186
7,79,0.26030802726745605,0.0828927606344223,0.19813845679163933,3.1402986855792983,65.03672313690186
7,80,0.017399514093995094,0.006347829941660166,0.01263864163774997,2.741017678665716,65.03672313690186
7,81,0.1918773055076599,0.1505759209394455,0.07894536480307579,1.274289436911693,65.03672313690186
7,82,0.017531508579850197,0.10013077408075333,-0.0575665719807148,0.17508611853471065,65.03672313690186
7,83,0.15916898846626282,0.09919434040784836,0.08477323316037655,1.6046176405853148,65.03672313690186
7,84,0.1858510822057724,0.11224878579378128,0.10166449286043644,1.6557068380726578,65.03672313690186
7,85,0.00590160395950079,0.019442599266767502,-0.008680345490574837,0.3035398651292802,65.03672313690186
7,86,0.12975645065307617,0.006094141397625208,0.12518584460485727,21.29199868620512,65.03672313690186
7,87,0.0027467377949506044,0.0,0.0027467377949506044,2746737794.9506044,65.03672313690186
7,88,0.026636330410838127,0.012740910984575748,0.017080647172406316,2.0906142771889447,65.03672313690186
7,89,5.934103910476551e-07,0.0493503138422966,-0.0370121419713314,1.2024450197660898e-05,65.03672313690186
7,90,0.054708998650312424,0.03239740431308746,0.030410945415496826,1.6886846279386383,65.03672313690186
7,91,0.051347766071558,0.017972836270928383,0.03786813886836171,2.856965105265975,65.03672313690186
7,92,0.023425038903951645,0.30485108494758606,-0.2052132748067379,0.07684092352140502,65.03672313690186
7,93,0.009873642586171627,0.007139150984585285,0.004519279347732663,1.3830275625361579,65.03672313690186
7,94,0.1750294417142868,0.17704880237579346,0.04224283993244171,0.9885943274656607,65.03672313690186
7,95,0.012222470715641975,0.002484280848875642,0.010359260078985244,4.919923090118337,65.03672313690186
7,96,0.0,0.013826332986354828,-0.010369749739766121,0.0,65.03672313690186
7,97,0.1496240347623825,0.06761143356561661,0.09891545958817005,2.2129989983862717,65.03672313690186
7,98,0.22138169407844543,0.11846840381622314,0.13253039121627808,1.8686982093554683,65.03672313690186
7,99,0.14545899629592896,0.07995615154504776,0.08549188263714314,1.8192345864990422,65.03672313690186
7,100,0.008573908358812332,0.03699028864502907,-0.01916880812495947,0.23178809013518598,65.03672313690186
7,101,0.066887766122818,0.01236316841095686,0.05761538981460035,5.41024467952151,65.03672313690186
7,102,0.0,0.32082685828208923,-0.24062014371156693,0.0,65.03672313690186
7,103,0.004733148496598005,0.0028246918227523565,0.002614629629533738,1.6756335883432518,65.03672313690186
7,104,0.1654089242219925,0.07037362456321716,0.11262870579957962,2.3504391772666753,65.03672313690186
7,105,0.002557228086516261,0.011803959496319294,-0.006295741535723209,0.21664155041340266,65.03672313690186
7,106,0.029133638367056847,0.024736834689974785,0.010581012349575758,1.1777431806053276,65.03672313690186
7,107,0.02242664061486721,0.004024353809654713,0.019408375257626176,5.572730845755004,65.03672313690186
7,108,0.0,0.0,0.0,0.0,65.03672313690186
7,109,0.06888691335916519,0.04289655014872551,0.03671450074762106,1.6058846951263748,65.03672313690186
7,110,0.08292914181947708,0.009827409870922565,0.07555858441628516,8.438555316229362,65.03672313690186
7,111,0.1246405616402626,0.013225788250565529,0.11472122045233846,9.424055433936724,65.03672313690186
7,112,0.006870552431792021,0.012899124994874,-0.0028037913143634796,0.5326370923601159,65.03672313690186
7,113,0.06082632392644882,0.034870896488428116,0.034673151560127735,1.74432922723652,65.03672313690186
7,114,0.047803327441215515,0.02047174982726574,0.03244951507076621,2.335087515343341,65.03672313690186
7,115,0.014905763790011406,0.010635477490723133,0.006929155671969056,1.4015133595658065,65.03672313690186
7,116,0.01897847093641758,0.009658578783273697,0.011734536848962307,1.9649341130103664,65.03672313690186
7,117,0.08332978934049606,0.11360356211662292,-0.0018728822469711304,0.7335138774453042,65.03672313690186
7,118,0.005009801592677832,0.033375486731529236,-0.020021813455969095,0.1501042256799526,65.03672313690186
7,119,0.08743206411600113,0.04510553181171417,0.0536029152572155,1.9383889426031802,65.03672313690186
7,120,0.0029087208677083254,0.00568888895213604,-0.0013579458463937044,0.5112985842525318,65.03672313690186
7,121,0.03752831369638443,0.008469916880130768,0.031175876036286354,4.430777092983025,65.03672313690186
7,122,0.0,0.04023808240890503,-0.030178561806678772,0.0,65.03672313690186
7,123,0.04877517372369766,0.028938081115484238,0.027071612887084484,1.685501313212971,65.03672313690186
7,124,0.0860927477478981,0.02099861204624176,0.07034378871321678,4.099925630999344,65.03672313690186
7,125,0.104373998939991,0.016344886273145676,0.09211533423513174,6.385728061325803,65.03672313690186
7,126,0.038324642926454544,0.0,0.038324642926454544,38324642926.454544,65.03672313690186
7,127,0.2121725082397461,0.12451738119125366,0.11878447234630585,1.7039589670790918,65.03672313690186
7,128,0.008103895001113415,0.028556302189826965,-0.01331333164125681,0.2837865682664123,65.03672313690186
7,129,0.22639411687850952,0.15036249160766602,0.11362224817276001,1.5056555292241611,65.03672313690186
7,130,0.07830663025379181,0.14799432456493378,-0.032689113169908524,0.5291191434770526,65.03672313690186
7,131,0.06607969105243683,0.11093184351921082,-0.017119191586971283,0.595678291782807,65.03672313690186
7,132,0.005840709432959557,0.02293865941464901,-0.0113632851280272,0.25462296323101424,65.03672313690186
7,133,0.005223759450018406,0.005845219828188419,0.0008398445788770914,0.8936805804861747,65.03672313690186
7,134,0.0,0.005938815884292126,-0.004454111913219094,0.0,65.03672313690186
7,135,0.058557216078042984,0.04840456694364548,0.022253790870308876,1.209745686703651,65.03672313690186
7,136,0.13290968537330627,0.0007008088286966085,0.13238407875178382,189.6518419022275,65.03672313690186
7,137,0.027513492852449417,0.06559676676988602,-0.021684082224965096,0.4194336734392342,65.03672313690186
7,138,0.012477545998990536,0.040063366293907166,-0.01756997872143984,0.31144527165149066,65.03672313690186
7,139,0.10999506711959839,0.07227025926113129,0.055792372673749924,1.5219962989289346,65.03672313690186
7,140,0.021485399454832077,0.0019996908959001303,0.01998563128290698,10.744360284951137,65.03672313690186
7,141,0.01108182780444622,0.011554166674613953,0.002416202798485756,0.9591196072872443,65.03672313690186
7,142,0.2305736094713211,0.12800876796245575,0.1345670334994793,1.801232940052558,65.03672313690186
7,143,0.143684521317482,0.08819754421710968,0.07753636315464973,1.6291215655863933,65.03672313690186
7,144,0.0,0.0,0.0,0.0,65.03672313690186
7,145,0.03692198917269707,0.06928525120019913,-0.015041949227452278,0.5328982508193324,65.03672313690186
7,146,0.019656337797641754,0.02018759958446026,0.00451563810929656,0.9736837564283207,65.03672313690186
7,147,0.08356431871652603,0.011662394739687443,0.07481752266176045,7.165279565181336,65.03672313690186
7,148,0.002720051445066929,0.02659185789525509,-0.017223841976374388,0.10228888314907819,65.03672313690186
7,149,0.15761050581932068,0.09795388579368591,0.08414509147405624,1.609027600494346,65.03672313690186
7,150,0.053901977837085724,0.0760263204574585,-0.003117762506008148,0.7089910114292362,65.03672313690186
7,151,0.03970174863934517,0.0391862653195858,0.010312049649655819,1.0131546937311366,65.03672313690186
7,152,0.06475473940372467,0.013493373990058899,0.054634708911180496,4.7990027880819905,65.03672313690186
7,153,0.040366075932979584,0.01691409759223461,0.027680502738803625,2.3865344107465374,65.03672313690186
7,154,0.003607342950999737,0.0,0.003607342950999737,3607342950.999737,65.03672313690186
7,155,0.09634281694889069,0.06468890607357025,0.047826137393713,1.4893251841023765,65.03672313690186
7,156,0.05359828099608421,0.052319519221782684,0.0143586415797472,1.024441389987863,65.03672313690186
7,157,0.001958259614184499,0.006793007720261812,-0.0031364961760118604,0.28827578217749306,65.03672313690186
7,158,0.0,0.0013185322750359774,-0.000988899206276983,0.0,65.03672313690186
7,159,0.0035128090530633926,0.052994560450315475,-0.036233111284673214,0.0662862192486813,65.03672313690186
7,160,0.030876053497195244,0.03513273969292641,0.004526498727500439,0.8788399016468664,65.03672313690186
7,161,0.03997949883341789,0.04865094646811485,0.0034912889823317528,0.8217619950887931,65.03672313690186
7,162,0.07785426825284958,0.062403056770563126,0.031051975674927235,1.2476034393290734,65.03672313690186
7,163,0.07958414405584335,0.04284222051501274,0.0474524786695838,1.8576101587941252,65.03672313690186
7,164,0.020175980404019356,0.0051698931492865086,0.016298560542054474,3.9025913722996823,65.03672313690186
7,165,0.0,0.0017320486949756742,-0.0012990365212317556,0.0,65.03672313690186
7,166,0.0,0.006160862278193235,-0.0046206467086449265,0.0,65.03672313690186
7,167,0.0036996330600231886,0.007922527380287647,-0.002242262475192547,0.4669763677638294,65.03672313690186
7,168,0.04241912439465523,0.024511799216270447,0.024035274982452393,1.7305593938109487,65.03672313690186
7,169,0.026521604508161545,0.09713465720415115,-0.04632938839495182,0.27303956457217077,65.03672313690186
7,170,0.01729031652212143,0.052728235721588135,-0.02225586026906967,0.327913807188403,65.03672313690186
7,171,0.010931095108389854,0.011115672998130322,0.0025943403597921133,0.9833948074259733,65.03672313690186
7,172,0.011702514253556728,0.050181739032268524,-0.025933790020644665,0.2332026446074023,65.03672313690186
7,173,0.0,0.0,0.0,0.0,65.03672313690186
7,174,0.12247541546821594,0.06231040135025978,0.0757426144555211,1.9655693561944896,65.03672313690186
7,175,0.0,0.0,0.0,0.0,65.03672313690186
7,176,0.11828617006540298,0.10783541947603226,0.03740960545837879,1.0969138956295952,65.03672313690186
7,177,6.834513328612957e-07,0.0,6.834513328612957e-07,683451.3328612957,65.03672313690186
7,178,0.12338385730981827,0.10296433418989182,0.046160606667399406,1.1983164683128962,65.03672313690186
7,179,0.025945061817765236,0.018430516123771667,0.012122174724936485,1.4077230199155188,65.03672313690186
7,180,0.016897182911634445,0.037233415991067886,-0.01102787908166647,0.45381769202251493,65.03672313690186
7,181,0.008331078104674816,0.0002028823219006881,0.0081789163632493,41.06359778201534,65.03672313690186
7,182,0.0,0.0016507972031831741,-0.0012380979023873806,0.0,65.03672313690186
7,183,0.0,0.011194578371942043,-0.008395933778956532,0.0,65.03672313690186
7,184,0.011765015311539173,0.007173884194344282,0.0063846021657809615,1.6399784260769708,65.03672313690186
7,185,0.0,0.0,0.0,0.0,65.03672313690186
7,186,0.013685787096619606,0.005632816813886166,0.009461174486204982,2.4296524361401914,65.03672313690186
7,187,0.0023867518175393343,0.0062675271183252335,-0.002313893521204591,0.38081236380773625,65.03672313690186
7,188,0.033568982034921646,0.0,0.033568982034921646,33568982034.921646,65.03672313690186
7,189,0.08566321432590485,0.0528775155544281,0.04600507766008377,1.6200309985462462,65.03672313690186
7,190,0.0857379212975502,0.05249457061290741,0.046366993337869644,1.6332721707192253,65.03672313690186
7,191,0.08371403813362122,0.05193952098488808,0.04475939739495516,1.6117599189327574,65.03672313690186
7,192,0.050704825669527054,0.05248895287513733,0.011338111013174057,0.9660094723013349,65.03672313690186
7,193,0.0,0.0,0.0,0.0,65.03672313690186
7,194,0.10215914994478226,0.06627292186021805,0.05245445854961872,1.5414915636089421,65.03672313690186
7,195,0.1538262665271759,0.06988479197025299,0.10141267254948616,2.2011407945587376,65.03672313690186
7,196,0.01658797636628151,0.008961140178143978,0.009867121232673526,1.851101091453531,65.03672313690186
7,197,0.0,0.0,0.0,0.0,65.03672313690186
7,198,0.016529055312275887,0.01915086805820465,0.0021659042686223984,0.8630969239188812,65.03672313690186
7,199,0.07427986711263657,0.6251769661903381,-0.39460285753011703,0.11881414564128853,65.03672313690186
7,200,0.011717677116394043,0.00891723483800888,0.0050297509878873825,1.314048281551865,65.03672313690186
7,201,0.12526488304138184,0.05554282292723656,0.08360776584595442,2.255284777355102,65.03672313690186
7,202,0.05512797459959984,0.049128856509923935,0.018281332217156887,1.1221098660690787,65.03672313690186
7,203,0.004550276789814234,0.0023719309829175472,0.0027713285526260734,1.9183849870281091,65.03672313690186
7,204,0.3887704014778137,0.18292264640331268,0.2515784166753292,2.1253267931545072,65.03672313690186
7,205,0.02713526412844658,0.02621198445558548,0.007476275786757469,1.0352235700959733,65.03672313690186
7,206,0.020343832671642303,0.00798782892525196,0.014352960977703333,2.5468538271747905,65.03672313690186
7,207,0.0,0.14400193095207214,-0.10800144821405411,0.0,65.03672313690186
7,208,0.05064086243510246,0.037083618342876434,0.022828148677945137,1.365585794932676,65.03672313690186
7,209,0.01227384340018034,0.0,0.01227384340018034,12273843400.18034,65.03672313690186
7,210,0.06446584314107895,0.04350981488823891,0.03183348197489977,1.4816391038478771,65.03672313690186
7,211,0.0023264556657522917,0.001716444967314601,0.001039121940266341,1.3553919343168153,65.03672313690186
7,212,0.006982381455600262,0.01071769930422306,-0.0010558930225670338,0.6514813727044511,65.03672313690186
7,213,0.15739960968494415,0.0949191302061081,0.08621026203036308,1.6582495998594513,65.03672313690186
7,214,0.006063507404178381,0.006743202917277813,0.0010061052162200212,0.899202868082602,65.03672313690186
7,215,0.09212591499090195,0.009130241349339485,0.08527823397889733,10.090194930879507,65.03672313690186
7,216,0.006250814069062471,0.07038398087024689,-0.046537171583622694,0.08881018083499792,65.03672313690186
7,217,0.1446271687746048,0.13026776909828186,0.0469263419508934,1.1102298732419307,65.03672313690186
7,218,0.0027025509625673294,0.019683590158820152,-0.012060141656547785,0.1372996968857851,65.03672313690186
7,219,0.01143690012395382,0.09926118701696396,-0.06300899013876915,0.11522026350424368,65.03672313690186
7,220,0.06774634122848511,0.024679940193891525,0.049236386083066463,2.74499616666445,65.03672313690186
7,221,0.06612173467874527,0.036952704191207886,0.038407206535339355,1.7893611881505598,65.03672313690186
7,222,0.01405070535838604,0.01040197815746069,0.006249221740290523,1.3507724342756453,65.03672313690186
7,223,0.008060900494456291,0.008380954153835773,0.001775184879079461,0.9618117872420513,65.03672313690186
7,224,0.25380533933639526,0.015569920651614666,0.24212789884768426,16.301004032013072,65.03672313690186
7,225,0.003623730968683958,0.018331389874219894,-0.010124811436980963,0.19767900815761194,65.03672313690186
7,226,0.1125224381685257,0.14425724744796753,0.004329502582550049,0.7800123748259625,65.03672313690186
7,227,0.0,0.0022006789222359657,-0.0016505091916769743,0.0,65.03672313690186
7,228,0.01800057664513588,0.02548522874712944,-0.0011133449152112007,0.7063141093625492,65.03672313690186
7,229,0.03272121027112007,0.013304006308317184,0.022743205539882183,2.459500507618104,65.03672313690186
7,230,0.0,0.0,0.0,0.0,65.03672313690186
7,231,0.06927699595689774,0.022987376898527145,0.05203646328300238,3.01369731134146,65.03672313690186
7,232,0.03693143278360367,0.22861872613430023,-0.1345326118171215,0.16154159113697034,65.03672313690186
7,233,0.009167727082967758,0.005648321937769651,0.00493148562964052,1.6230886239045932,65.03672313690186
7,234,0.009663661941885948,0.023508910089731216,-0.007968020625412464,0.4110638011115628,65.03672313690186
7,235,0.01989086903631687,0.008505966514348984,0.013511394150555134,2.338460773437548,65.03672313690186
7,236,0.03466767445206642,0.02645285427570343,0.014828033745288849,1.3105457010209156,65.03672313690186
7,237,0.021680809557437897,0.01900206133723259,0.0074292635545134544,1.14097145417669,65.03672313690186
7,238,0.05913320183753967,0.03148637339472771,0.03551842179149389,1.8780569325765313,65.03672313690186
7,239,0.021440081298351288,0.005732000805437565,0.017141080694273114,3.7404184022919362,65.03672313690186
7,240,0.011096997186541557,0.03078087791800499,-0.011988661251962185,0.3605159416096432,65.03672313690186
7,241,0.18640689551830292,0.10689215362071991,0.10623778030276299,1.7438781912653505,65.03672313690186
7,242,0.019143138080835342,0.06387102603912354,-0.02876013144850731,0.2997155246701328,65.03672313690186
7,243,0.077968068420887,0.04726265370845795,0.04252107813954353,1.6496760613609907,65.03672313690186
7,244,0.07700391858816147,0.021067066118121147,0.06120361899957061,3.6551799929212847,65.03672313690186
7,245,0.06049875542521477,0.021707914769649506,0.04421781934797764,2.7869445805551516,65.03672313690186
7,246,0.10154636949300766,0.06464049965143204,0.05306599475443363,1.5709403553347543,65.03672313690186
7,247,0.17647327482700348,0.14887593686580658,0.06481632217764854,1.1853713806341124,65.03672313690186
7,248,0.0,0.021768786013126373,-0.01632658950984478,0.0,65.03672313690186
7,249,0.0,0.00014271687541622669,-0.00010703765656217001,0.0,65.03672313690186
7,250,0.0,0.019171470776200294,-0.014378603082150221,0.0,65.03672313690186
7,251,0.0038226046599447727,0.004997121170163155,7.476378232240677e-05,0.7649613705594823,65.03672313690186
7,252,0.027260039001703262,0.03912581875920296,-0.0020843250676989555,0.6967276306414567,65.03672313690186
7,253,0.02105873078107834,0.00846597645431757,0.014709248440340161,2.4874544468938518,65.03672313690186
7,254,0.05521475151181221,0.07500169426202774,-0.0010365191847085953,0.7361800563888121,65.03672313690186
7,255,0.04410868138074875,0.15554048120975494,-0.07254667952656746,0.2835832899409779,65.03672313690186
8,0,0.006625346839427948,0.0032777469605207443,0.00416703661903739,2.0213112595958447,65.05401229858398
8,1,0.03601778671145439,0.02201308310031891,0.01950797438621521,1.6361990978581458,65.05401229858398
8,2,0.0,0.00408359756693244,-0.00306269817519933,0.0,65.05401229858398
8,3,0.0,0.194482684135437,-0.14586201310157776,0.0,65.05401229858398
8,4,0.014120661653578281,0.07992736995220184,-0.0458248658105731,0.17666866383625596,65.05401229858398
8,5,0.0,0.0,0.0,0.0,65.05401229858398
8,6,0.19853948056697845,0.1172337681055069,0.11061415448784828,1.6935349240553736,65.05401229858398
8,7,0.019695576280355453,0.014070410281419754,0.009142768569290638,1.3997869205679134,65.05401229858398
8,8,0.011112947016954422,0.01519894041121006,-0.0002862582914531231,0.7311659046986487,65.05401229858398
8,9,0.0,0.008091920055449009,-0.006068940041586757,0.0,65.05401229858398
8,10,1.3238370684121037e-06,0.0010766217019408941,-0.0008061424393872585,0.0012296213839976637,65.05401229858398
8,11,0.0,0.0,0.0,0.0,65.05401229858398
8,12,0.0,0.0,0.0,0.0,65.05401229858398
8,13,0.04606497287750244,0.08284389972686768,-0.016067951917648315,0.5560454424383736,65.05401229858398
8,14,0.11471869051456451,0.083564393222332,0.052045395597815514,1.3728178484820723,65.05401229858398
8,15,0.03149937093257904,0.07624121755361557,-0.025681542232632637,0.413154090961551,65.05401229858398
8,16,0.0,0.007907274179160595,-0.005930455634370446,0.0,65.05401229858398
8,17,0.10503410547971725,0.013901284895837307,0.09460814180783927,7.555712026563361,65.05401229858398
8,18,0.0013016334269195795,0.0,0.0013016334269195795,1301633426.9195795,65.05401229858398
8,19,5.009167125535896e-06,0.07284479588270187,-0.05462858774490087,6.876492774491576e-05,65.05401229858398
8,20,0.11864569783210754,0.021665723994374275,0.10239640483632684,5.476193542271605,65.05401229858398
8,21,0.03902628645300865,0.04962949827313423,0.001804162748157978,0.7863526291852172,65.05401229858398
8,22,0.02280084416270256,0.01430212426930666,0.012074250960722566,1.5942278036305773,65.05401229858398
8,23,0.008884944021701813,0.004516032990068197,0.005497919279150665,1.9674223016692836,65.05401229858398
8,24,0.1416049301624298,0.07354100048542023,0.08644917979836464,1.9255235749556872,65.05401229858398
8,25,0.1224706619977951,0.11524693667888641,0.036035459488630295,1.0626804106557168,65.05401229858398
8,26,0.034866951406002045,0.040631093084812164,0.0043936315923929214,0.8581347130475582,65.05401229858398
8,27,0.09335650503635406,0.017257684841752052,0.08041324140504003,5.409561356983656,65.05401229858398
8,28,0.10106441378593445,0.09451142698526382,0.03018084354698658,1.0693353915883952,65.05401229858398
8,29,0.055920641869306564,0.03376046568155289,0.0306002926081419,1.6563942688209383,65.05401229858398
8,30,0.0,0.0,0.0,0.0,65.05401229858398
8,31,0.21291570365428925,0.11678411811590195,0.12532761506736279,1.82315632542739,65.05401229858398
8,32,0.0,0.0933750569820404,-0.0700312927365303,0.0,65.05401229858398
8,33,0.15463735163211823,0.5293903350830078,-0.24240539968013763,0.2921045991660939,65.05401229858398
8,34,0.0037805046886205673,0.05895119532942772,-0.04043289180845022,0.06412939835113497,65.05401229858398
8,35,0.17201532423496246,0.1273939609527588,0.07646985352039337,1.350262782844159,65.05401229858398
8,36,0.11541088670492172,0.090662382543087,0.04741409979760647,1.2729743413570682,65.05401229858398
8,37,0.06692226231098175,0.0250040665268898,0.0481692124158144,2.6764551372608114,65.05401229858398
8,38,0.1064416691660881,0.10655394941568375,0.026526207104325294,0.9989462591371759,65.05401229858398
8,39,0.0,0.0,0.0,0.0,65.05401229858398
8,40,0.003114900551736355,0.11883765459060669,-0.08601334039121866,0.0262113937071622,65.05401229858398
8,41,0.0010250565828755498,0.020632896572351456,-0.014449615846388042,0.04968069215252443,65.05401229858398
8,42,0.020458320155739784,0.04157044738531113,-0.01071951538324356,0.49213615541882705,65.05401229858398
8,43,0.18621289730072021,0.11817999184131622,0.09757790341973305,1.575671942414568,65.05401229858398
8,44,0.0023830628488212824,0.003439901629462838,-0.00019686337327584624,0.6927706384733571,65.05401229858398
8,45,0.029733838513493538,0.02555101178586483,0.010570579674094915,1.1637049351125501,65.05401229858398
8,46,0.05782673880457878,0.0319349505007267,0.033875525929033756,1.8107665080442863,65.05401229858398
8,47,0.026662489399313927,0.02149541862308979,0.010540925431996584,1.2403800952000736,65.05401229858398
8,48,0.05083857476711273,0.028703557327389717,0.029310906771570444,1.7711593788004116,65.05401229858398
8,49,0.008941831067204475,0.020201053470373154,-0.00620895903557539,0.44264181963955074,65.05401229858398
8,50,0.01178155466914177,0.010621292516589165,0.003815585281699896,1.1092392615711484,65.05401229858398
8,51,0.00798284076154232,0.009523725137114525,0.0008400469087064266,0.838205706881912,65.05401229858398
8,52,0.15399739146232605,0.07566504925489426,0.09724860452115536,2.0352513211419043,65.05401229858398
8,53,0.03674005717039108,0.06255219876766205,-0.010174091905355453,0.5873503712678032,65.05401229858398
8,54,0.005694049876183271,0.0,0.005694049876183271,5694049876.183271,65.05401229858398
8,55,0.09319762885570526,0.09960291534662247,0.01849544234573841,0.9356917769970665,65.05401229858398
8,56,0.0011886837892234325,0.029363734647631645,-0.0208341171965003,0.04048135577600397,65.05401229858398
8,57,0.06750044971704483,0.01247935276478529,0.05814093514345586,5.408970399659763,65.05401229858398
8,58,0.012375902384519577,0.015121630392968655,0.001034679589793086,0.818423811592153,65.05401229858398
8,59,0.01960892230272293,0.011120717041194439,0.011268384521827102,1.7632785933067427,65.05401229858398
8,60,0.0,0.0,0.0,0.0,65.05401229858398
8,61,0.056734152138233185,0.05436074361205101,0.015963594429194927,1.0436603395655604,65.05401229858398
8,62,0.007118022069334984,0.07632098346948624,-0.050122715532779694,0.09326428651286396,65.05401229858398
8,63,0.004012247547507286,0.002155553549528122,0.0023955823853611946,1.8613536863996092,65.05401229858398
8,64,0.06857328116893768,0.08873173594474792,0.0020244792103767395,0.7728157286460003,65.05401229858398
8,65,0.41345855593681335,0.24104729294776917,0.23267308622598648,1.715259071690498,65.05401229858398
8,66,0.14305990934371948,0.09442498534917831,0.07224117033183575,1.5150641412670265,65.05401229858398
8,67,0.015983540564775467,0.017627054825425148,0.002763249445706606,0.9067618341331845,65.05401229858398
8,68,0.034778159111738205,0.019761983305215836,0.01995667163282633,1.759851659261308,65.05401229858398
8,69,0.08559361100196838,0.008088362403213978,0.0795273391995579,10.58231650913351,65.05401229858398
8,70,0.09146574139595032,0.0676511600613594,0.04072737134993076,1.352020295167727,65.05401229858398
8,71,0.09065914154052734,0.0240026842802763,0.07265712833032012,3.777041787415733,65.05401229858398
8,72,0.0018510870868340135,0.026723623275756836,-0.018191630369983613,0.06926781850139374,65.05401229858398
8,73,0.0,0.009919136762619019,-0.007439352571964264,0.0,65.05401229858398
8,74,0.0,1.0055235179606825e-05,-7.541426384705119e-06,0.0,65.05401229858398
8,75,0.01815265789628029,0.010248974896967411,0.01046592672355473,1.7711681487170337,65.05401229858398
8,76,0.004560429602861404,0.003913158550858498,0.0016255606897175312,1.1654088487407428,65.05401229858398
8,77,0.03433608263731003,0.004496365785598755,0.030963808298110962,7.636407771726979,65.05401229858398
8,78,0.0008028374286368489,0.00880302581936121,-0.0057994319358840585,0.09120016742196793,65.05401229858398
8,79,0.1072373166680336,0.025116516277194023,0.08839992946013808,4.26959358058491,65.05401229858398
8,80,0.11244533956050873,0.093167245388031,0.042569905519485474,1.2069192245727531,65.05401229858398
8,81,0.0020282401237636805,0.010525459423661232,-0.0058658544439822435,0.19269848867703562,65.05401229858398
8,82,0.004448768217116594,0.04605742543935776,-0.030094300862401724,0.09659176939617574,65.05401229858398
8,83,0.00979658029973507,0.0,0.00979658029973507,9796580299.73507,65.05401229858398
8,84,0.0,0.0035124800633639097,-0.0026343600475229323,0.0,65.05401229858398
8,85,0.10306449234485626,0.17754699289798737,-0.030095752328634262,0.5804913429510643,65.05401229858398
8,86,0.11808254569768906,0.0020475126802921295,0.11654691118746996,57.67121580080782,65.05401229858398
8,87,0.005544010549783707,0.0,0.005544010549783707,5544010549.783707,65.05401229858398
8,88,0.005348928272724152,0.0,0.005348928272724152,5348928272.724152,65.05401229858398
8,89,0.0074489233084023,0.01167528610676527,-0.0013075412716716528,0.6380077746829688,65.05401229858398
8,90,0.04850481450557709,0.02546490728855133,0.02940613403916359,1.9047709050752921,65.05401229858398
8,91,0.0,0.09792230278253555,-0.07344172708690166,0.0,65.05401229858398
8,92,8.57669135712058e-07,0.010408677160739899,-0.007805650201419212,8.239943677614182e-05,65.05401229858398
8,93,0.01700274646282196,0.011363796889781952,0.008479898795485497,1.4962205525350591,65.05401229858398
8,94,0.0815405324101448,0.031854089349508286,0.05764996539801359,2.5598136400293514,65.05401229858398
8,95,0.0077752056531608105,0.012006411328911781,-0.0012296028435230255,0.6475878128371552,65.05401229858398
8,96,0.0,0.0,0.0,0.0,65.05401229858398
8,97,0.16038461029529572,0.005698405671864748,0.15611080604139715,28.145523415265355,65.05401229858398
8,98,0.05334015563130379,0.08231398463249207,-0.008395332843065262,0.6480084261356562,65.05401229858398
8,99,0.08809855580329895,0.04108010232448578,0.057288479059934616,2.144555412868173,65.05401229858398
8,100,0.0,0.0,0.0,0.0,65.05401229858398
8,101,0.0,0.0,0.0,0.0,65.05401229858398
8,102,0.016410348936915398,0.018291862681508064,0.0026914519257843494,0.8971393029649245,65.05401229858398
8,103,0.009661952033638954,0.0037919252645224333,0.006818008085247129,2.5480333490453897,65.05401229858398
8,104,0.08468307554721832,0.40203630924224854,-0.21684415638446808,0.21063539187944733,65.05401229858398
8,105,0.0,0.024906566366553307,-0.01867992477491498,0.0,65.05401229858398
8,106,0.006757856346666813,0.1025381088256836,-0.07014572527259588,0.06590580247671009,65.05401229858398
8,107,0.0,0.030656708404421806,-0.022992531303316355,0.0,65.05401229858398
8,108,0.004993916023522615,0.0303061343729496,-0.017735684756189585,0.16478234940498587,65.05401229858398
8,109,0.05949538201093674,0.023156048730015755,0.04212834546342492,2.56932357942602,65.05401229858398
8,110,0.009568850509822369,0.014722722582519054,-0.0014731914270669222,0.6499375679695245,65.05401229858398
8,111,0.0015206767711788416,0.0065127587877213955,-0.003363892319612205,0.23349195333509126,65.05401229858398
8,112,0.03206781670451164,0.024481819942593575,0.013706451747566462,1.3098624521541415,65.05401229858398
8,113,0.09257175028324127,0.307311475276947,-0.137911856174469,0.301231023669113,65.05401229858398
8,114,0.06630705296993256,0.024401040747761726,0.04800627240911126,2.7173862644894533,65.05401229858398
8,115,0.024069031700491905,0.023526323959231377,0.006424288731068373,1.0230681062276417,65.05401229858398
8,116,0.0,0.0007778545841574669,-0.0005833909381181002,0.0,65.05401229858398
8,117,0.06252118945121765,0.06345285475254059,0.01493154838681221,0.9853172043095357,65.05401229858398
8,118,0.17095816135406494,0.09314119815826416,0.10110226273536682,1.8354730745651333,65.05401229858398
8,119,0.20908910036087036,0.210219606757164,0.05142439529299736,0.9946222599560174,65.05401229858398
8,120,0.0,0.007538164034485817,-0.005653623025864363,0.0,65.05401229858398
8,121,0.17166706919670105,0.2033105492591858,0.019184157252311707,0.8443588875312655,65.05401229858398
8,122,0.0015193463768810034,0.003459211438894272,-0.0010750622022897005,0.43921755095937154,65.05401229858398
8,123,0.001684208051301539,0.005957834888249636,-0.002784168114885688,0.28268793657584185,65.05401229858398
8,124,0.0,0.0,0.0,0.0,65.05401229858398
8,125,0.13241681456565857,0.10728214681148529,0.0519552044570446,1.2342856523658619,65.05401229858398
8,126,0.0,0.05242908373475075,-0.03932181280106306,0.0,65.05401229858398
8,127,0.057684268802404404,0.03028310276567936,0.034971941728144884,1.9048335055638579,65.05401229858398
8,128,0.02673286199569702,0.036805931478738785,-0.0008715866133570671,0.7263193980136907,65.05401229858398
8,129,0.09823020547628403,0.11045211553573608,0.015391118824481964,0.8893465281216176,65.05401229858398
8,130,0.054295968264341354,0.029895201325416565,0.03187456727027893,1.8162101559879218,65.05401229858398
8,131,0.0,0.002724345773458481,-0.0020432593300938606,0.0,65.05401229858398
8,132,0.008014648221433163,0.016074389219284058,-0.0040411436930298805,0.4985973719809886,65.05401229858398
8,133,0.004355501849204302,0.007688460871577263,-0.0014108438044786453,0.5664985387048326,65.05401229858398
8,134,0.10125119239091873,0.02489163912832737,0.0825824630446732,4.0676787842237525,65.05401229858398
8,135,0.0026535724755376577,0.19257982075214386,-0.14178129308857024,0.013779078540835843,65.05401229858398
8,136,0.005880503449589014,0.03517964482307434,-0.02050423016771674,0.16715641897455524,65.05401229858398
8,137,0.02137642726302147,0.02754455804824829,0.0007180087268352509,0.7760671717731499,65.05401229858398
8,138,0.0,0.0,0.0,0.0,65.05401229858398
8,139,0.04130122438073158,0.025900883600115776,0.02187556168064475,1.5945874672380822,65.05401229858398
8,140,0.02277221344411373,0.014289559796452522,0.01205504359677434,1.5936259595745879,65.05401229858398
8,141,0.011945360340178013,0.00841913279145956,0.0056310107465833426,1.4188350076716514,65.05401229858398
8,142,0.06506597250699997,0.035087451338768005,0.038750384002923965,1.8543943781192909,65.05401229858398
8,143,0.00709921307861805,0.0019855040591210127,0.00561008503427729,3.5755218139344254,65.05401229858398
8,144,0.024328405037522316,0.01290618535131216,0.014648766024038196,1.8850190333864878,65.05401229858398
8,145,0.1177864670753479,0.055104829370975494,0.07645784504711628,2.137498081706251,65.05401229858398
8,146,0.03568669781088829,0.0,0.03568669781088829,35686697810.88829,65.05401229858398
8,147,0.0,3.788359390455298e-05,-2.8412695428414736e-05,0.0,65.05401229858398
8,148,0.028304066509008408,0.008942831307649612,0.0215969430282712,3.1650006057513775,65.05401229858398
8,149,0.02453608438372612,0.0,0.02453608438372612,24536084383.72612,65.05401229858398
8,150,0.0353781059384346,0.021518878638744354,0.019238946959376335,1.6440496984398114,65.05401229858398
8,151,0.0,0.003185512963682413,-0.00238913472276181,0.0,65.05401229858398
8,152,0.036498237401247025,0.1124088242650032,-0.04780838079750538,0.3246919237841856,65.05401229858398
8,153,0.022057563066482544,0.010408738628029823,0.014251009095460176,2.1191389132362604,65.05401229858398
8,154,0.28433552384376526,0.1758069396018982,0.1524803191423416,1.617316839062239,65.05401229858398
8,155,0.04299946501851082,0.07735217362642288,-0.015014665201306343,0.5558921359550089,65.05401229858398
8,156,0.07491198182106018,0.04352232813835144,0.0422702357172966,1.7212310329816034,65.05401229858398
8,157,0.08111730217933655,0.04964601621031761,0.04388279002159834,1.6339136222745814,65.05401229858398
8,158,0.09816893935203552,0.038903769105672836,0.0689911125227809,2.5233786238772797,65.05401229858398
8,159,0.10030557960271835,0.005104105919599533,0.0964775001630187,19.65193927459412,65.05401229858398
8,160,0.02934911847114563,0.04031435772776604,-0.0008866498246788979,0.7280065992519525,65.05401229858398
8,161,0.22897450625896454,0.009773927740752697,0.22164406045340002,23.427071726837216,65.05401229858398
8,162,0.0,0.2555207908153534,-0.19164059311151505,0.0,65.05401229858398
8,163,0.0,0.0025988277047872543,-0.0019491207785904408,0.0,65.05401229858398
8,164,0.014281011186540127,0.030513649806380272,-0.008604226168245077,0.46802041960532725,65.05401229858398
8,165,0.17900513112545013,0.22305341064929962,0.011715073138475418,0.8025213808816946,65.05401229858398
8,166,0.07102028280496597,0.0027321798261255026,0.06897114793537185,25.994000138594707,65.05401229858398
8,167,0.09392698854207993,0.06251703947782516,0.04703920893371105,1.502422208810663,65.05401229858398
8,168,0.0036079990677535534,0.0,0.0036079990677535534,3607999067.7535534,65.05401229858398
8,169,0.04948984086513519,0.03914010897278786,0.0201347591355443,1.264427774032989,65.05401229858398
8,170,0.24960356950759888,0.09106699377298355,0.1813033241778612,2.740878546261036,65.05401229858398
8,171,0.0,0.003373195417225361,-0.0025298965629190207,0.0,65.05401229858398
8,172,0.04558846727013588,0.041263021528720856,0.014641201123595238,1.1048261998288105,65.05401229858398
8,173,0.017761001363396645,0.015479032881557941,0.0061517267022281885,1.1474231948567062,65.05401229858398
8,174,0.0,0.008961740881204605,-0.006721305660903454,0.0,65.05401229858398
8,175,0.48139575123786926,0.04868531972169876,0.4448817614465952,9.887903663358836,65.05401229858398
8,176,0.0761113315820694,0.06459622830152512,0.02766416035592556,1.1782627806938712,65.05401229858398
8,177,0.009443801827728748,0.01339578628540039,-0.0006030378863215446,0.7049830167353627,65.05401229858398
8,178,0.0,0.0,0.0,0.0,65.05401229858398
8,179,0.013767017051577568,0.007629220373928547,0.008045101771131158,1.8045116506031595,65.05401229858398
8,180,0.007223465014249086,0.009680377319455147,-3.681797534227371e-05,0.7461966383258145,65.05401229858398
8,181,0.20735123753547668,0.008055290207266808,0.20130976988002658,25.741001525020263,65.05401229858398
8,182,0.0,0.0,0.0,0.0,65.05401229858398
8,183,0.1317315697669983,0.10846332460641861,0.050384076312184334,1.2145263870879741,65.05401229858398
8,184,0.027444783598184586,0.01967981830239296,0.012684919871389866,1.3945648874945602,65.05401229858398
8,185,0.12602071464061737,0.09986238181591034,0.051123928278684616,1.2619438105498648,65.05401229858398
8,186,0.04897136613726616,0.02437221072614193,0.030692208092659712,2.009311616640897,65.05401229858398
8,187,0.0,0.0023382771760225296,-0.0017537078820168972,0.0,65.05401229858398
8,188,0.02588067576289177,0.006602045148611069,0.020929141901433468,3.9200997836884555,65.05401229858398
8,189,0.01939219981431961,0.027809936553239822,-0.0014652526006102562,0.6973119042000523,65.05401229858398
8,190,0.1295720636844635,0.0577164925634861,0.08628469426184893,2.2449746671576385,65.05401229858398
8,191,0.17503854632377625,0.026783091947436333,0.154951227363199,6.535412216810743,65.05401229858398
8,192,0.10786382108926773,0.1296233981847763,0.010646272450685501,0.8321323356657975,65.05401229858398
8,193,0.0,0.014110764488577843,-0.010583073366433382,0.0,65.05401229858398
8,194,0.010298343375325203,0.0020025477278977633,0.00879643257940188,5.1426206859966275,65.05401229858398
8,195,0.019545193761587143,0.07948806881904602,-0.04007085785269737,0.24588839623007747,65.05401229858398
8,196,0.0001603356358828023,0.03598667308688164,-0.026829669179278426,0.004455417023164463,65.05401229858398
8,197,0.0524895153939724,0.02823951281607151,0.031309880781918764,1.8587259537367493,65.05401229858398
8,198,0.007109161000698805,0.015517220832407475,-0.004528754623606801,0.45814653777390896,65.05401229858398
8,199,0.03219589218497276,0.015217848122119904,0.020782506093382835,2.1156665465768945,65.05401229858398
8,200,0.060137148946523666,0.027027316391468048,0.03986666165292263,2.2250506884687464,65.05401229858398
8,201,0.3798416554927826,0.20284725725650787,0.2277062125504017,1.8725501178977548,65.05401229858398
8,202,0.0060620419681072235,0.03179039806127548,-0.017780756577849388,0.19068782832577458,65.05401229858398
8,203,0.07323058694601059,0.08634086698293686,0.008474936708807945,0.8481567246670646,65.05401229858398
8,204,0.010785778053104877,0.0456148125231266,-0.023425331339240074,0.23645341186922691,65.05401229858398
8,205,0.027901045978069305,0.023455826565623283,0.010309176053851843,1.1895145071447364,65.05401229858398
8,206,0.023336339741945267,0.006441946607083082,0.018504879786632955,3.622560254172832,65.05401229858398
8,207,0.0033850481268018484,0.001985452137887478,0.00189595902338624,1.7049255736270812,65.05401229858398
8,208,0.0176418237388134,0.007563156541436911,0.011969456332735717,2.3326006330590983,65.05401229858398
8,209,0.0,0.0067068468779325485,-0.005030135158449411,0.0,65.05401229858398
8,210,0.00894788559526205,0.022468624636530876,-0.007903582882136106,0.398239132995964,65.05401229858398
8,211,0.006061548832803965,0.0646669864654541,-0.04243869101628661,0.09373482767669068,65.05401229858398
8,212,0.0010344486217945814,0.01573478803038597,-0.010766642400994897,0.06574277452808266,65.05401229858398
8,213,0.03973517566919327,0.156334787607193,-0.07751591503620148,0.2541672028159066,65.05401229858398
8,214,0.0,0.0,0.0,0.0,65.05401229858398
8,215,1.6886793900994235e-06,0.009370916523039341,-0.007026498712889406,0.00018020429333325411,65.05401229858398
8,216,0.018722398206591606,0.012977260164916515,0.00898945308290422,1.442708088396357,65.05401229858398
8,217,0.07106375694274902,0.0058921887539327145,0.06664461537729949,12.060672170975034,65.05401229858398
8,218,0.022007392719388008,0.018326926976442337,0.008262197487056255,1.200822851887595,65.05401229858398
8,219,0.025607828050851822,0.00890251062810421,0.018930945079773664,2.8764726174136044,65.05401229858398
8,220,0.07121174037456512,0.03307505324482918,0.04640545044094324,2.1530347916687043,65.05401229858398
8,221,0.0,0.0,0.0,0.0,65.05401229858398
8,222,0.008156496100127697,0.027873551473021507,-0.012748667504638433,0.29262493183653515,65.05401229858398
8,223,0.068584144115448,0.04611178860068321,0.03400030266493559,1.4873451278995602,65.05401229858398
8,224,0.0,0.003876414615660906,-0.0029073109617456794,0.0,65.05401229858398
8,225,0.08369870483875275,0.04099298641085625,0.05295396503061056,2.041781098791692,65.05401229858398
8,226,0.0,0.0,0.0,0.0,65.05401229858398
8,227,0.0,0.3090578615665436,-0.23179339617490768,0.0,65.05401229858398
8,228,0.10915607213973999,0.0869104266166687,0.043973252177238464,1.2559606066592335,65.05401229858398
8,229,0.026533564552664757,0.017958063632249832,0.013065016828477383,1.4775292645437095,65.05401229858398
8,230,0.06145364046096802,0.11865423619747162,-0.027537036687135696,0.5179220096126631,65.05401229858398
8,231,0.0011562915751710534,0.0,0.0011562915751710534,1156291575.1710534,65.05401229858398
8,232,0.2428363412618637,0.1341225951910019,0.1422443948686123,1.810555044168611,65.05401229858398
8,233,0.01931409351527691,0.05257367715239525,-0.020116164349019527,0.3673719351782033,65.05401229858398
8,234,0.0,0.0,0.0,0.0,65.05401229858398
8,235,0.0011210243683308363,0.2187848538160324,-0.16296761599369347,0.0051238664321266855,65.05401229858398
8,236,0.0,0.005408024415373802,-0.004056018311530352,0.0,65.05401229858398
8,237,0.024884942919015884,0.016279838979244232,0.01267506368458271,1.5285742659502988,65.05401229858398
8,238,0.12001180648803711,0.04770829528570175,0.0842305850237608,2.515533321130619,65.05401229858398
8,239,0.0,0.08166895806789398,-0.061251718550920486,0.0,65.05401229858398
8,240,0.33729153871536255,0.15507805347442627,0.22098299860954285,2.1749791872955764,65.05401229858398
8,241,0.0,0.007340566720813513,-0.005505425040610135,0.0,65.05401229858398
8,242,0.0,0.0026811088901013136,-0.002010831667575985,0.0,65.05401229858398
8,243,0.04779389873147011,0.019569890573620796,0.03311648080125451,2.4422159413324267,65.05401229858398
8,244,0.012861721217632294,0.3320312201976776,-0.23616169393062592,0.03873648149693942,65.05401229858398
8,245,0.0,0.005218107718974352,-0.003913580789230764,0.0,65.05401229858398
8,246,0.045329343527555466,0.013977878727018833,0.03484593448229134,3.242934382932671,65.05401229858398
8,247,0.20255957543849945,0.0,0.20255957543849945,202559575438.49945,65.05401229858398
8,248,0.0,0.013702533207833767,-0.010276899905875325,0.0,65.05401229858398
8,249,0.0016878844471648335,4.153546797169838e-06,0.0016847692870669562,406.37174039863737,65.05401229858398
8,250,0.10947208106517792,0.036528874188661575,0.08207542542368174,2.9968643571326044,65.05401229858398
8,251,0.017520355060696602,0.08652342855930328,-0.04737221635878086,0.20249261214245146,65.05401229858398
8,252,0.004393049515783787,0.004279152490198612,0.0011836851481348276,1.0266167248817233,65.05401229858398
8,253,0.03928093612194061,0.057590849697589874,-0.003912201151251793,0.6820690496410998,65.05401229858398
8,254,2.699488049984211e-06,0.010822804644703865,-0.008114403995477915,0.00024942592408851974,65.05401229858398
8,255,0.002909656846895814,0.14684580266475677,-0.10722469515167177,0.019814368501349898,65.05401229858398
9,0,0.017850534990429878,0.05444810166954994,-0.02298554126173258,0.3278449467061022,65.07371234893799
9,1,0.0691373199224472,0.04495755583047867,0.0354191530495882,1.5378353792542743,65.07371234893799
9,2,0.0,0.005851114168763161,-0.0043883356265723705,0.0,65.07371234893799
9,3,0.0,0.022760557010769844,-0.017070417758077383,0.0,65.07371234893799
9,4,0.0059943730011582375,0.003259335644543171,0.0035498712677508593,1.839139521992762,65.07371234893799
9,5,0.05358218401670456,0.08545127511024475,-0.010506272315979004,0.6270495548129456,65.07371234893799
9,6,0.06886200606822968,0.03799135610461235,0.04036848898977041,1.8125703614474793,65.07371234893799
9,7,0.0,0.00031286769080907106,-0.0002346507681068033,0.0,65.07371234893799
9,8,0.006227411329746246,0.002226365962997079,0.004557636857498437,2.797119355241103,65.07371234893799
9,9,0.0,0.001976646250113845,-0.0014824846875853837,0.0,65.07371234893799
9,10,0.12132517248392105,0.013421356678009033,0.11125915497541428,9.039710022286592,65.07371234893799
9,11,0.01890328712761402,0.0007447497919201851,0.018344724783673882,25.38206429503484,65.07371234893799
9,12,0.009278551675379276,0.005679619964212179,0.005018836702220142,1.6336571341411303,65.07371234893799
9,13,0.02936684526503086,0.044736385345458984,-0.004185443744063377,0.6564420669573684,65.07371234893799
9,14,0.014244779013097286,0.04045164957642555,-0.016093958169221878,0.35214334055357605,65.07371234893799
9,15,0.10886409878730774,0.08587227016687393,0.04445989616215229,1.2677445067480628,65.07371234893799
9,16,0.07429596036672592,0.03394772484898567,0.04883516672998667,2.188540195109932,65.07371234893799
9,17,0.04390646144747734,0.07316911965608597,-0.010970378294587135,0.6000681934298122,65.07371234893799
9,18,0.016888480633497238,0.025645969435572624,-0.00234599644318223,0.6585237760368418,65.07371234893799
9,19,0.0928446352481842,0.0535973459482193,0.05264662578701973,1.7322618052048635,65.07371234893799
9,20,0.049681197851896286,0.03425555303692818,0.023989533074200153,1.4503107801788704,65.07371234893799
9,21,0.10375286638736725,0.07867148518562317,0.04474925249814987,1.3188115889924594,65.07371234893799
9,22,0.01978158764541149,0.01014742348343134,0.012171020032837987,1.9494197394798143,65.07371234893799
9,23,0.04939991608262062,0.02547846920788288,0.03029106417670846,1.9388887015785747,65.07371234893799
9,24,0.037382908165454865,0.009223375469446182,0.030465376563370228,4.053061515845073,65.07371234893799
9,25,3.4457766560080927e-06,0.016403723508119583,-0.01229934685443368,0.00021006063983536587,65.07371234893799
9,26,0.08640116453170776,0.050515059381723404,0.04851486999541521,1.7104040970653145,65.07371234893799
9,27,0.0013261802960187197,0.0014726357767358422,0.000221703463466838,0.9005487412900589,65.07371234893799
9,28,0.009145934134721756,0.04539508745074272,-0.024900381453335285,0.20147409440381292,65.07371234893799
9,29,4.2543192080302106e-07,0.015218944288790226,-0.011413782784671866,2.7954101986458162e-05,65.07371234893799
9,30,0.039711181074380875,0.023356623947620392,0.02219371311366558,1.7002106623687154,65.07371234893799
9,31,0.050979387015104294,0.08280676603317261,-0.011125687509775162,0.615642772404204,65.07371234893799
9,32,0.0,0.0,0.0,0.0,65.07371234893799
9,33,0.07650583237409592,0.00581701286137104,0.07214307272806764,13.152082380459408,65.07371234893799
9,34,0.0003819201956503093,0.0,0.0003819201956503093,381920195.6503093,65.07371234893799
9,35,0.03388591110706329,0.017825795337557793,0.02051656460389495,1.900948062259356,65.07371234893799
9,36,0.13262949883937836,0.015264306217432022,0.12118126917630434,8.688865182698247,65.07371234893799
9,37,0.19318480789661407,0.08413014560937881,0.13008719868957996,2.2962614232392533,65.07371234893799
9,38,8.543051080778241e-06,0.033975061029195786,-0.02547275272081606,0.0002514506470845039,65.07371234893799
9,39,0.0016577609349042177,0.0011377535993233323,0.0008044457354117185,1.4570474085365295,65.07371234893799
9,40,0.05359959229826927,0.006863707210868597,0.048451811890117824,7.809131515048578,65.07371234893799
9,41,0.018036389723420143,0.0,0.018036389723420143,18036389723.420143,65.07371234893799
9,42,0.009548529051244259,0.018879245966672897,-0.004610905423760414,0.5057685602271559,65.07371234893799
9,43,0.09421762079000473,0.05640508607029915,0.05191380623728037,1.6703745593244632,65.07371234893799
9,44,0.05489581078290939,0.04437160864472389,0.021617104299366474,1.2371832452867295,65.07371234893799
9,45,0.09521385282278061,0.044074904173612595,0.06215767469257116,2.160273620688309,65.07371234893799
9,46,0.06678896397352219,0.014412449672818184,0.05597962671890855,4.634116023652229,65.07371234893799
9,47,0.0,0.0021664449013769627,-0.001624833676032722,0.0,65.07371234893799
9,48,0.0,0.0,0.0,0.0,65.07371234893799
9,49,0.004024030175060034,0.007681728806346655,-0.0017372664296999574,0.5238443423323575,65.07371234893799
9,50,0.0385625995695591,0.0420503169298172,0.0070248618721961975,0.9170584762298883,65.07371234893799
9,51,0.3411892056465149,0.1882632076740265,0.19999179989099503,1.812298907790119,65.07371234893799
9,52,0.13393791019916534,0.012547477148473263,0.1245273023378104,10.674489270122958,65.07371234893799
9,53,0.7292578220367432,0.00871554110199213,0.7227211662102491,83.673269785439,65.07371234893799
9,54,0.0017686209175735712,0.0,0.0017686209175735712,1768620917.5735712,65.07371234893799
9,55,0.021651336923241615,0.07679956406354904,-0.035948336124420166,0.28192004976804225,65.07371234893799
9,56,0.05768902972340584,0.06449339538812637,0.009318983182311058,0.8944951552842609,65.07371234893799
9,57,0.17043457925319672,0.09908190369606018,0.09612315148115158,1.7201383188427133,65.07371234893799
9,58,0.002965538529679179,0.00641803489997983,-0.0018479876453056931,0.4620633224083022,65.07371234893799
9,59,0.0,0.0,0.0,0.0,65.07371234893799
9,60,0.0251537524163723,0.09393240511417389,-0.04529555141925812,0.2677856740230422,65.07371234893799
9,61,0.004691234789788723,0.0,0.004691234789788723,4691234789.788723,65.07371234893799
9,62,0.13917258381843567,0.12001237273216248,0.04916330426931381,1.1596519646176342,65.07371234893799
9,63,0.3040744662284851,0.16739040613174438,0.17853166162967682,1.816558506867754,65.07371234893799
9,64,0.020245281979441643,0.02015269175171852,0.005130763165652752,1.0045944347216362,65.07371234893799
9,65,0.05838816612958908,0.052561189979314804,0.018967273645102978,1.1108608110177223,65.07371234893799
9,66,0.009698683395981789,0.005696664098650217,0.005426185321994126,1.7025197951512185,65.07371234893799
9,67,0.2044886350631714,0.13089407980442047,0.10631807520985603,1.5622451020485593,65.07371234893799
9,68,0.0,0.019294220954179764,-0.014470665715634823,0.0,65.07371234893799
9,69,0.03129858896136284,0.016526423394680023,0.01890377141535282,1.8938513320156274,65.07371234893799
9,70,0.026577603071928024,0.004088917747139931,0.023510914761573076,6.499911396852702,65.07371234893799
9,71,0.3017989993095398,0.2116645723581314,0.14305057004094124,1.4258361517272586,65.07371234893799
9,72,0.04746031016111374,0.059768907725811005,0.0026336293667554855,0.794063535141769,65.07371234893799
9,73,0.1276400089263916,0.08492428809404373,0.0639467928558588,1.5029859159200982,65.07371234893799
9,74,0.09177819639444351,0.06232563406229019,0.04503397084772587,1.4725593694120296,65.07371234893799
9,75,0.15591968595981598,0.010095343925058842,0.14834817801602185,15.444712641968012,65.07371234893799
9,76,0.0,0.23645268380641937,-0.17733951285481453,0.0,65.07371234893799
9,77,1.20583972602617e-05,0.0038887762930244207,-0.002904523822508054,0.003100820502015222,65.07371234893799
9,78,0.09075410664081573,0.10955702513456345,0.00858633778989315,0.8283732287228373,65.07371234893799
9,79,0.0043362840078771114,0.1233995109796524,-0.08821334922686219,0.03514020415005526,65.07371234893799
9,80,0.012466277927160263,0.0048023248091340065,0.008864534320309758,2.595883956215031,65.07371234893799
9,81,0.022491082549095154,0.014319324865937233,0.011751588899642229,1.5706803748147506,65.07371234893799
9,82,0.004783726762980223,0.0,0.004783726762980223,4783726762.980223,65.07371234893799
9,83,0.09631727635860443,0.11787377297878265,0.00791194662451744,0.8171221971076167,65.07371234893799
9,84,0.07729656249284744,0.06327272206544876,0.029842020943760872,1.2216411744016782,65.07371234893799
9,85,0.032366130501031876,0.11085118353366852,-0.05077225714921951,0.29197821321329803,65.07371234893799
9,86,0.21530336141586304,0.19996052980422974,0.06533296406269073,1.0767293006553738,65.07371234893799
9,87,0.12478456646203995,0.058444514870643616,0.08095118030905724,2.135094571938752,65.07371234893799
9,88,0.008273502811789513,0.01875712350010872,-0.0057943398132920265,0.4410859059119845,65.07371234893799
9,89,0.0028921617195010185,0.008024157956242561,-0.0031259567476809025,0.3604318029271307,65.07371234893799
9,90,0.07929297536611557,0.16990533471107483,-0.04813602566719055,0.46668914487286184,65.07371234893799
9,91,0.03472364693880081,0.052254609763622284,-0.004467310383915901,0.6645087791337716,65.07371234893799
9,92,0.01607498712837696,0.014380392618477345,0.005289692664518952,1.117840628815961,65.07371234893799
9,93,0.06503560394048691,0.10854055732488632,-0.016369814053177834,0.5991825133643042,65.07371234893799
9,94,0.0027529802173376083,0.004024661611765623,-0.000265515991486609,0.6840277474770966,65.07371234893799
9,95,0.3037714958190918,0.0033191691618412733,0.30128211894771084,91.5203416625676,65.07371234893799
9,96,0.00025898063904605806,0.09107798337936401,-0.06804950689547695,0.002843504318321271,65.07371234893799
9,97,0.04684456065297127,0.022355975583195686,0.030077578965574503,2.0953932641654665,65.07371234893799
9,98,0.0005166275659576058,0.017805954441428185,-0.012837838265113533,0.029014314712980573,65.07371234893799
9,99,0.0,0.16910992562770844,-0.12683244422078133,0.0,65.07371234893799
9,100,0.028597824275493622,0.017343483865261078,0.015590211376547813,1.6489088637563778,65.07371234893799
9,101,0.18222546577453613,0.14126814901828766,0.07627435401082039,1.2899260522600637,65.07371234893799
9,102,0.11371482163667679,0.002726963721215725,0.111669598845765,41.700159305486,65.07371234893799
9,103,0.1022435799241066,0.07365818321704865,0.046999942511320114,1.3880817508278374,65.07371234893799
9,104,0.017031727358698845,0.00816818606108427,0.010905587812885642,2.0851297006759015,65.07371234893799
9,105,0.0,0.0,0.0,0.0,65.07371234893799
9,106,0.07755919545888901,0.026709675788879395,0.05752693861722946,2.903786480563612,65.07371234893799
9,107,0.018059510737657547,0.016655728220939636,0.00556771457195282,1.0842822659575335,65.07371234893799
9,108,0.0018353626364842057,0.011758312582969666,-0.006983371800743043,0.15609064849886634,65.07371234893799
9,109,0.053467683494091034,0.09326167404651642,-0.01647857204079628,0.573308210903972,65.07371234893799
9,110,0.10723181068897247,0.07271905988454819,0.05269251577556133,1.4746039189415203,65.07371234893799
9,111,0.006912104785442352,0.07711777091026306,-0.050926223397254944,0.08963050544336776,65.07371234893799
9,112,0.0472603403031826,0.007705394644290209,0.041481294319964945,6.133409446078103,65.07371234893799
9,113,0.08815066516399384,0.04619012773036957,0.05350806936621666,1.908430859439412,65.07371234893799
9,114,0.0433095321059227,0.04669436439871788,0.008288758806884289,0.9275109033539896,65.07371234893799
9,115,0.0230716560035944,0.04839375987648964,-0.013223663903772831,0.4767485738244154,65.07371234893799
9,116,0.13366791605949402,0.07688483595848083,0.07600428909063339,1.7385471971344062,65.07371234893799
9,117,0.03677226975560188,0.012039577588438988,0.027742586564272642,3.054282385111102,65.07371234893799
9,118,0.18759413063526154,0.12474063783884048,0.09403865225613117,1.5038734279691688,65.07371234893799
9,119,0.09931408613920212,0.060083623975515366,0.054251368157565594,1.6529310245670368,65.07371234893799
9,120,0.015377752482891083,0.0030391798354685307,0.013098367606289685,5.059836307929622,65.07371234893799
9,121,0.014969212003052235,0.002824255032464862,0.012851020728703588,5.300233805262146,65.07371234893799
9,122,0.0,0.0,0.0,0.0,65.07371234893799
9,123,0.11586003750562668,0.05738889053463936,0.07281836960464716,2.01885829163531,65.07371234893799
9,124,0.011527007445693016,0.014195249415934086,0.0008805703837424517,0.8120327517417189,65.07371234893799
9,125,0.07765336334705353,0.05243279039859772,0.03832877054810524,1.4810076434087573,65.07371234893799
9,126,0.07226717472076416,0.11118417978286743,-0.011120960116386414,0.6499771357871721,65.07371234893799
9,127,0.0,0.013349521905183792,-0.010012141428887844,0.0,65.07371234893799
9,128,0.128847137093544,0.09671549499034882,0.056310515850782394,1.3322284821586174,65.07371234893799
9,129,0.00635727122426033,0.002115409355610609,0.004770714207552373,3.005220339218976,65.07371234893799
9,130,0.015863612294197083,0.026519116014242172,-0.004025724716484547,0.5981953653764057,65.07371234893799
9,131,0.041420478373765945,0.022845998406410217,0.024285979568958282,1.8130299072563623,65.07371234893799
9,132,0.009370025247335434,0.03257857635617256,-0.015063907019793987,0.28761309716569344,65.07371234893799
9,133,0.00742664048448205,0.005238402634859085,0.003497838508337736,1.4177299838778237,65.07371234893799
9,134,0.10509126633405685,0.07181094586849213,0.05123305693268776,1.4634435608890008,65.07371234893799
9,135,0.0,0.007987363263964653,-0.00599052244797349,0.0,65.07371234893799
9,136,0.0046285283751785755,0.012710224837064743,-0.004904140252619982,0.36415786771269376,65.07371234893799
9,137,0.048236969858407974,0.0003978253807872534,0.047938600822817534,121.25161456943903,65.07371234893799
9,138,0.08574352413415909,0.10585755109786987,0.006350360810756683,0.8099896818326687,65.07371234893799
9,139,0.01644824631512165,0.009486759081482887,0.009333177004009485,1.733810901290095,65.07371234893799
9,140,0.003336895490065217,0.0023663206957280636,0.0015621549682691693,1.4101619846706228,65.07371234893799
9,141,0.2682832181453705,0.012385735288262367,0.2589939166791737,21.66066138826289,65.07371234893799
9,142,0.0038354818243533373,0.02495979331433773,-0.01488436316139996,0.1536664096491714,65.07371234893799
9,143,0.021225232630968094,0.05271928012371063,-0.01831422746181488,0.4026085443647661,65.07371234893799
9,144,0.08215595781803131,0.05324992164969444,0.04221851658076048,1.5428371586526062,65.07371234893799
9,145,0.1320631355047226,0.11466000974178314,0.04606812819838524,1.151780257135682,65.07371234893799
9,146,0.3260117471218109,0.14838208258152008,0.21472518518567085,2.197109930307827,65.07371234893799
9,147,0.039035435765981674,0.030549563467502594,0.01612326316535473,1.2777739297724577,65.07371234893799
9,148,0.0,0.00027091510128229856,-0.00020318632596172392,0.0,65.07371234893799
9,149,0.0,0.0,0.0,0.0,65.07371234893799
9,150,0.061349622905254364,0.03532376512885094,0.03485679905861616,1.7367803992505273,65.07371234893799
9,151,0.09347625821828842,0.03169712796807289,0.06970341224223375,2.9490450462733993,65.07371234893799
9,152,0.019572900608181953,0.012434283271431923,0.010247188154608011,1.5741076650213586,65.07371234893799
9,153,0.006619945168495178,0.0029463355895131826,0.004410193476360291,2.2468401732004124,65.07371234893799
9,154,0.08536244183778763,0.012157849036157131,0.07624405506066978,7.021179616303899,65.07371234893799
9,155,0.014625053852796555,0.011408518999814987,0.006068664602935314,1.2819414905433202,65.07371234893799
9,156,0.0,0.00895953644067049,-0.006719652330502868,0.0,65.07371234893799
9,157,0.0,0.0,0.0,0.0,65.07371234893799
9,158,0.1828768104314804,0.10358299314975739,0.10518956556916237,1.7655100018718008,65.07371234893799
9,159,0.07361126691102982,0.07591819763183594,0.016672618687152863,0.9696129413798367,65.07371234893799
9,160,0.389446884393692,0.31665194034576416,0.1519579291343689,1.2298894614926739,65.07371234893799
9,161,0.0012215336319059134,3.208553835065686e-06,0.001219127216529614,380.71147126924694,65.07371234893799
9,162,0.08994488418102264,0.18576788902282715,-0.04938103258609772,0.4841788570331767,65.07371234893799
9,163,0.01972506195306778,0.02520894631743431,0.0008183522149920464,0.782462769522565,65.07371234893799
9,164,0.04032796621322632,0.01155158132314682,0.0316642802208662,3.491120832861805,65.07371234893799
9,165,0.008462785743176937,0.02016453817486763,-0.006660617887973785,0.41968656407439914,65.07371234893799
9,166,0.13029643893241882,0.11098434031009674,0.04705818369984627,1.174007419129482,65.07371234893799
9,167,0.2915201485157013,0.26250776648521423,0.09463932365179062,1.1105200901970673,65.07371234893799
9,168,0.0,0.0018824286526069045,-0.0014118214894551784,0.0,65.07371234893799
9,169,0.00355487666092813,0.004331611096858978,0.00030616833828389645,0.8206823236474827,65.07371234893799
9,170,0.01668510213494301,0.012054843828082085,0.007643969263881445,1.3840994019922939,65.07371234893799
9,171,0.004160722251981497,0.0,0.004160722251981497,4160722251.981497,65.07371234893799
9,172,0.10569601505994797,0.005062995944172144,0.10189876810181886,20.876180072933924,65.07371234893799
9,173,0.12083467841148376,0.01685575768351555,0.1081928601488471,7.168747953851277,65.07371234893799
9,174,0.00016102564404718578,0.02433997206389904,-0.018093953403877094,0.0066156872989761055,65.07371234893799
9,175,0.09412240236997604,0.01785118877887726,0.0807340107858181,5.272612571106495,65.07371234893799
9,176,0.33336031436920166,0.025170134380459785,0.3144827135838568,13.24428027745269,65.07371234893799
9,177,0.00843233335763216,0.02028070203959942,-0.006778193172067404,0.4157811371988844,65.07371234893799
9,178,0.011824718676507473,0.011281969957053661,0.003363241208717227,1.0481076195444368,65.07371234893799
9,179,0.027938490733504295,0.034582994878292084,0.0020012445747852325,0.807867879315263,65.07371234893799
9,180,0.2993369698524475,0.01716209016740322,0.2864654022268951,17.441754874563635,65.07371234893799
9,181,0.022243095561861992,0.015086837112903595,0.010927967727184296,1.4743378876519715,65.07371234893799
9,182,0.0,0.04862357676029205,-0.03646768257021904,0.0,65.07371234893799
9,183,0.023177633062005043,0.018397964537143707,0.009379159659147263,1.259793332786997,65.07371234893799
9,184,0.0,0.0057410625740885735,-0.00430579693056643,0.0,65.07371234893799
9,185,0.04427869990468025,0.0618688128888607,-0.002122909761965275,0.7156869161770649,65.07371234893799
9,186,0.007131908554583788,0.008080446161329746,0.0010715739335864782,0.8826132135911073,65.07371234893799
9,187,0.053242530673742294,0.026072049513459206,0.03368849353864789,2.04213062130826,65.07371234893799
9,188,0.05323523283004761,0.09676577895879745,-0.019339101389050484,0.5501452414511626,65.07371234893799
9,189,0.28884440660476685,0.11632218956947327,0.2016027644276619,2.4831410728369394,65.07371234893799
9,190,0.010734903626143932,0.007777445483952761,0.004901819513179362,1.3802608641761678,65.07371234893799
9,191,0.07652205973863602,0.006984763778746128,0.07128348690457642,10.95556874242887,65.07371234893799
9,192,5.605233468486404e-07,0.004506112076342106,-0.0033790235339097308,0.00012439178991288218,65.07371234893799
9,193,0.0191067885607481,0.015319816768169403,0.007616925984621048,1.2471943267102152,65.07371234893799
9,194,0.0,0.001044203178025782,-0.0007831523835193366,0.0,65.07371234893799
9,195,0.07807828485965729,0.05133132264018059,0.03957979287952185,1.5210651283124923,65.07371234893799
9,196,0.0,0.0,0.0,0.0,65.07371234893799
9,197,0.16064868867397308,0.2169172763824463,-0.0020392686128616333,0.740598864933161,65.07371234893799
9,198,0.15853595733642578,0.0965622067451477,0.086114302277565,1.6418013079713558,65.07371234893799
9,199,0.1646965742111206,0.026898695155978203,0.14452255284413695,6.122846229155995,65.07371234893799
9,200,0.18103541433811188,0.13495291769504547,0.07982072606682777,1.3414709176266795,65.07371234893799
9,201,0.0,0.0,0.0,0.0,65.07371234893799
9,202,0.09458407014608383,0.009168541990220547,0.08770766365341842,10.316151710561396,65.07371234893799
9,203,0.016130920499563217,0.02841413952410221,-0.005179684143513441,0.5677075135536835,65.07371234893799
9,204,0.0011564663145691156,0.003072374500334263,-0.0011478145606815815,0.3764079913001779,65.07371234893799
9,205,0.0,0.05842520296573639,-0.04381890222430229,0.0,65.07371234893799
9,206,0.025230124592781067,0.024583593010902405,0.006792429834604263,1.02629931192587,65.07371234893799
9,207,0.0011662909528240561,0.0014286512741819024,9.480249718762934e-05,0.8163580385812197,65.07371234893799
9,208,0.1274479329586029,0.07038421183824539,0.07465977407991886,1.810746041309501,65.07371234893799
9,209,0.038876548409461975,0.011973216198384762,0.029896636260673404,3.2469595271702874,65.07371234893799
9,210,0.01653086394071579,0.6456459760665894,-0.4677036181092262,0.025603604070143324,65.07371234893799
9,211,0.10700923204421997,0.06876234710216522,0.055437471717596054,1.5562184327953834,65.07371234893799
9,212,0.1279778778553009,0.17633101344108582,-0.004270382225513458,0.7257820128013611,65.07371234893799
9,213,0.0036786291748285294,0.10041727870702744,-0.07163432985544205,0.03663342825216848,65.07371234893799
9,214,0.06859027594327927,0.08324405550956726,0.006157234311103821,0.8239660540634304,65.07371234893799
9,215,0.037903618067502975,0.04086793214082718,0.007252668961882591,0.927466012617499,65.07371234893799
9,216,0.04091979190707207,0.050731025636196136,0.002871522679924965,0.8066028903044601,65.07371234893799
9,217,0.08372487127780914,0.08600814640522003,0.01921876147389412,0.9734528039050291,65.07371234893799
9,218,0.12214282900094986,0.07448187470436096,0.06628142297267914,1.6399000358695108,65.07371234893799
9,219,0.005157558713108301,0.0038547825533896685,0.00226647179806605,1.3379635920669726,65.07371234893799
9,220,0.028161389753222466,0.03231197968125343,0.003927404992282391,0.8715464057031895,65.07371234893799
9,221,0.02299199253320694,0.0,0.02299199253320694,22991992533.20694,65.07371234893799
9,222,0.0013461639173328876,0.00589220505207777,-0.00307298987172544,0.22846521891320196,65.07371234893799
9,223,0.10197173804044724,0.11440718173980713,0.01616635173559189,0.8913053926235788,65.07371234893799
9,224,0.06556671112775803,0.024326376616954803,0.047321928665041924,2.6952929389148967,65.07371234893799
9,225,0.0025574476458132267,0.0057081179693341255,-0.0017236408311873674,0.4480369290026299,65.07371234893799
9,226,0.009863515384495258,0.014756723307073116,-0.001204027095809579,0.6684082352549852,65.07371234893799
9,227,0.00903759803622961,0.03961570933461189,-0.02067418396472931,0.2281316727075592,65.07371234893799
9,228,0.013841248117387295,0.021947486326098442,-0.002619366627186537,0.6306530010362773,65.07371234893799
9,229,0.15114837884902954,0.16583824157714844,0.026769697666168213,0.9114205349180783,65.07371234893799
9,230,0.006976655218750238,0.0024757750798016787,0.005119823908898979,2.8179681073820055,65.07371234893799
9,231,0.0524137020111084,0.019077608361840248,0.03810549573972821,2.7473937515774183,65.07371234893799
9,232,0.055054306983947754,0.021588392555713654,0.038863012567162514,2.550180928909722,65.07371234893799
9,233,0.0,0.0021604227367788553,-0.0016203170525841415,0.0,65.07371234893799
9,234,0.07955995202064514,0.025209620594978333,0.06065273657441139,3.1559361124751426,65.07371234893799
9,235,0.19628843665122986,0.1167142242193222,0.1087527684867382,1.6817867570339575,65.07371234893799
9,236,0.0,0.02110310085117817,-0.015827325638383627,0.0,65.07371234893799
9,237,0.04457814246416092,0.09062539041042328,-0.02339090034365654,0.49189462535591866,65.07371234893799
9,238,0.035214100033044815,0.022271139547228813,0.018510745372623205,1.5811539394644643,65.07371234893799
9,239,0.01056252233684063,0.009040663950145245,0.003782024374231696,1.168334803054216,65.07371234893799
9,240,0.0,1.4146669400361134e-06,-1.061000205027085e-06,0.0,65.07371234893799
9,241,0.04238225519657135,0.023912817239761353,0.024447642266750336,1.7723656217439463,65.07371234893799
9,242,0.09749633818864822,0.09077858924865723,0.029412396252155304,1.074001468788152,65.07371234893799
9,243,1.2005135431536473e-05,0.006839149631559849,-0.00511735708823835,0.0017553549895124943,65.07371234893799
9,244,0.05013800039887428,0.028768660500645638,0.028561505023390055,1.7427992657498346,65.07371234893799
9,245,0.12694449722766876,0.06121454015374184,0.08103359211236238,2.073763797077798,65.07371234893799
9,246,0.04088487848639488,0.020186394453048706,0.025745082646608353,2.0253680556705245,65.07371234893799
9,247,0.0,0.005381259601563215,-0.0040359447011724114,0.0,65.07371234893799
9,248,0.08302883803844452,0.07848664373159409,0.024163855239748955,1.0578721944248985,65.07371234893799
9,249,0.056731000542640686,0.535895049571991,-0.34519028663635254,0.1058621470525708,65.07371234893799
9,250,0.03046930395066738,0.015926789492368698,0.018524211831390858,1.91308511758466,65.07371234893799
9,251,0.014655495062470436,0.21452653408050537,-0.1462394054979086,0.06831553553604866,65.07371234893799
9,252,0.02771717682480812,0.02805624157190323,0.006674995645880699,0.9879148193383616,65.07371234893799
9,253,0.004997793585062027,0.004392978735268116,0.00170305953361094,1.1376776181046822,65.07371234893799
9,254,0.0068513257429003716,0.008458389900624752,0.0005075333174318075,0.8100035376217779,65.07371234893799
9,255,0.0,2.9832492600689875e-06,-2.2374369450517406e-06,0.0,65.07371234893799
10,0,0.007804127410054207,0.03304307535290718,-0.01697817910462618,0.2361804198449527,65.09341239929199
10,1,0.012476217932999134,0.003103354712948203,0.010148701898287982,4.020235868276375,65.09341239929199
10,2,0.28278636932373047,0.004413151182234287,0.27947650593705475,64.07810600236076,65.09341239929199
10,3,0.2639356255531311,0.16485007107257843,0.14029807224869728,1.6010646755215971,65.09341239929199
10,4,0.08842583000659943,0.05433887988328934,0.04767167009413242,1.6273031427017957,65.09341239929199
10,5,0.17026245594024658,0.0779329240322113,0.1118127629160881,2.184730754715283,65.09341239929199
10,6,0.01311295572668314,0.13525865972042084,-0.08833103906363249,0.09694725464299753,65.09341239929199
10,7,9.524141205474734e-06,0.0,9.524141205474734e-06,9524141.205474734,65.09341239929199
10,8,0.006870248820632696,0.03185030817985535,-0.017017482314258814,0.21570431223526687,65.09341239929199
10,9,0.13339857757091522,0.007179871201515198,0.12801367416977882,18.579522363045182,65.09341239929199
10,10,0.29049381613731384,0.16350029408931732,0.16786859557032585,1.7767173921830715,65.09341239929199
10,11,0.021154869347810745,0.0,0.021154869347810745,21154869347.810745,65.09341239929199
10,12,0.029726184904575348,0.016430195420980453,0.017403538338840008,1.8092411040228658,65.09341239929199
10,13,0.0476602241396904,0.17138294875621796,-0.08087698742747307,0.2780919833933196,65.09341239929199
10,14,0.005388573277741671,0.0012051875237375498,0.004484682634938508,4.471149233738646,65.09341239929199
10,15,0.25419676303863525,0.18401959538459778,0.11618206650018692,1.3813570370372081,65.09341239929199
10,16,0.10158468782901764,0.049527283757925034,0.06443922501057386,2.0510853840376746,65.09341239929199
10,17,0.004863303154706955,0.0028200268279761076,0.0027482830337248743,1.7245591796276343,65.09341239929199
10,18,0.02724631130695343,0.011794396676123142,0.018400513799861073,2.3101064050017417,65.09341239929199
10,19,0.0073473211377859116,0.08439844846725464,-0.05595151521265507,0.08705516832515599,65.09341239929199
10,20,0.003998812288045883,0.011395880952477455,-0.004548098426312208,0.35089979479170014,65.09341239929199
10,21,0.1504228413105011,0.09578964859247208,0.07858060486614704,1.5703454759385367,65.09341239929199
10,22,0.0,0.0028002976905554533,-0.00210022326791659,0.0,65.09341239929199
10,23,0.1640191525220871,0.16967058181762695,0.03676621615886688,0.9666917550705338,65.09341239929199
10,24,0.06959078460931778,0.03275064751505852,0.04502779897302389,2.124867441939753,65.09341239929199
10,25,0.016970066353678703,0.006625455338507891,0.012000974849797785,2.5613434072199426,65.09341239929199
10,26,0.36078140139579773,0.20497632026672363,0.207049161195755,1.7601125872714174,65.09341239929199
10,27,0.009598961099982262,0.09767932444810867,-0.06366053223609924,0.09827014216282136,65.09341239929199
10,28,0.2004043310880661,0.19276125729084015,0.05583338811993599,1.0396504666114226,65.09341239929199
10,29,1.3705520132134552e-06,0.0015488838544115424,-0.0011602923387954434,0.0008848642901305831,65.09341239929199
10,30,0.05874454602599144,0.08551601320505142,-0.005392463877797127,0.6869420570910626,65.09341239929199
10,31,0.21642251312732697,0.1847250908613205,0.0778786949813366,1.171592403159954,65.09341239929199
10,32,0.005890653468668461,0.00678729172796011,0.0008001846726983786,0.8678945452623082,65.09341239929199
10,33,0.02881917729973793,0.04383830726146698,-0.004059553146362305,0.6573971282055416,65.09341239929199
10,34,0.0394534170627594,0.05698246508836746,-0.003283431753516197,0.6923782079431509,65.09341239929199
10,35,0.3102691173553467,0.03185086324810982,0.2863809699192643,9.741309518950581,65.09341239929199
10,36,0.27291494607925415,0.23550884425640106,0.09628331288695335,1.1588309854765786,65.09341239929199
10,37,0.0014587459154427052,0.0009177749161608517,0.0007704147283220664,1.5894375496285669,65.09341239929199
10,38,0.06036423146724701,0.10248081386089325,-0.016496378928422928,0.5890295870268553,65.09341239929199
10,39,0.01038429420441389,0.029096558690071106,-0.011438124813139439,0.35689080329628575,65.09341239929199
10,40,0.054115865379571915,0.03514309972524643,0.027758540585637093,1.539871718804468,65.09341239929199
10,41,0.12146390974521637,0.06248793751001358,0.07459795661270618,1.943797708538679,65.09341239929199
10,42,0.08280406147241592,0.04328485578298569,0.05034041963517666,1.913003057828169,65.09341239929199
10,43,0.01591072976589203,0.03530346229672432,-0.01056686695665121,0.45068468445707216,65.09341239929199
10,44,0.07623196393251419,0.018846340477466583,0.06209720857441425,4.044921294912143,65.09341239929199
10,45,0.398247629404068,0.22858156263828278,0.2268114574253559,1.7422561330221098,65.09341239929199
10,46,0.0,0.008118725381791592,-0.006089044036343694,0.0,65.09341239929199
10,47,0.019927268847823143,0.025188427418470383,0.001035948283970356,0.7911279460193525,65.09341239929199
10,48,0.03197060897946358,0.022995321080088615,0.014724118169397116,1.3903093097385038,65.09341239929199
10,49,0.09676716476678848,0.06917798519134521,0.04488367587327957,1.3988144421629687,65.09341239929199
10,50,0.0,0.010824387893080711,-0.008118290919810534,0.0,65.09341239929199
10,51,0.13389140367507935,0.05132566764950752,0.0953971529379487,2.608663653180075,65.09341239929199
10,52,0.0,0.052552636712789536,-0.03941447753459215,0.0,65.09341239929199
10,53,0.019226398319005966,0.02707340195775032,-0.0010786531493067741,0.7101581969011418,65.09341239929199
10,54,0.12510912120342255,0.06624867022037506,0.07542261853814125,1.8884774711003363,65.09341239929199
10,55,0.02399744838476181,0.01146351732313633,0.015399810392409563,2.0933756809731863,65.09341239929199
10,56,0.014348947443068027,0.14293919503688812,-0.09285544883459806,0.10038497445899726,65.09341239929199
10,57,0.07011054456233978,0.04449929669499397,0.0367360720410943,1.5755427561319515,65.09341239929199
10,58,0.00852047186344862,0.009287810884416103,0.0015546137001365423,0.9173821440343521,65.09341239929199
10,59,0.0371122732758522,0.03631797432899475,0.00987379252910614,1.021870684158765,65.09341239929199
10,60,0.09952723979949951,0.2530785799026489,-0.09028169512748718,0.39326615408301696,65.09341239929199
10,61,0.0,0.00952902901917696,-0.00714677176438272,0.0,65.09341239929199
10,62,0.030917184427380562,0.02646585740149021,0.011067791376262903,1.1681913023710133,65.09341239929199
10,63,0.041205186396837234,0.1881101280450821,-0.09987740963697433,0.21904820769003483,65.09341239929199
10,64,0.0,0.007951038889586926,-0.005963279167190194,0.0,65.09341239929199
10,65,0.09349808096885681,0.0707736611366272,0.040417835116386414,1.3210858314513285,65.09341239929199
10,66,0.8452520966529846,0.005473513621836901,0.8411469614366069,154.42586881055274,65.09341239929199
10,67,0.0012967748334631324,0.05040040239691734,-0.036503526964224875,0.025729453967945265,65.09341239929199
10,68,0.035706888884305954,0.12409181147813797,-0.057361969724297523,0.2877457300259406,65.09341239929199
10,69,0.0,0.0,0.0,0.0,65.09341239929199
10,70,0.15171320736408234,0.0600891076028347,0.10664637666195631,2.5248038024515522,65.09341239929199
10,71,0.09705261886119843,0.07601270079612732,0.040043093264102936,1.2767947703927163,65.09341239929199
10,72,0.317145437002182,0.20995253324508667,0.159681037068367,1.5105578013219485,65.09341239929199
10,73,0.017803210765123367,0.008481140248477459,0.011442355578765273,2.099152972528695,65.09341239929199
10,74,0.005769744981080294,0.0032260222360491753,0.003350228304043412,1.7885013050492322,65.09341239929199
10,75,0.0915529802441597,0.0504813976585865,0.05369193200021982,1.8135983647190805,65.09341239929199
10,76,0.005318932235240936,0.013814110308885574,-0.0050416504964232445,0.38503617793138895,65.09341239929199
10,77,0.05942166969180107,0.03592722862958908,0.03247624821960926,1.6539452653803752,65.09341239929199
10,78,0.0,0.0072151548229157925,-0.005411366117186844,0.0,65.09341239929199
10,79,0.10819485038518906,0.026211494579911232,0.08853622945025563,4.1277634913647,65.09341239929199
10,80,0.015531105920672417,0.0020015472546219826,0.01402994547970593,7.759549956688938,65.09341239929199
10,81,0.2350761741399765,0.14067009091377258,0.12957360595464706,1.6711169560727837,65.09341239929199
10,82,0.03115096315741539,0.001482271240092814,0.03003925972734578,21.015696920928683,65.09341239929199
10,83,0.20051749050617218,0.20716069638729095,0.045146968215703964,0.9679321126162508,65.09341239929199
10,84,0.03518486022949219,0.020917968824505806,0.019496383611112833,1.6820399974298845,65.09341239929199
10,85,0.0003771803167182952,0.0035883632954210043,-0.002314092154847458,0.10511207633142688,65.09341239929199
10,86,0.03770926594734192,0.013502328656613827,0.02758251945488155,2.7927972206540863,65.09341239929199
10,87,0.03538752719759941,0.16962003707885742,-0.09182750061154366,0.20862822462972871,65.09341239929199
10,88,0.017904292792081833,0.025216830894351006,-0.0010083303786814213,0.7100135963311188,65.09341239929199
10,89,0.07842980325222015,0.02185867726802826,0.06203579530119896,3.588039765029515,65.09341239929199
10,90,0.004381731152534485,0.0001571416505612433,0.004263874914613552,27.883957620407084,65.09341239929199
10,91,0.052270691841840744,0.0062955087050795555,0.04754906031303108,8.302854349381342,65.09341239929199
10,92,0.0,0.07008689641952515,-0.05256517231464386,0.0,65.09341239929199
10,93,0.023091305047273636,0.012615944258868694,0.013629346853122115,1.8303271298310229,65.09341239929199
10,94,0.0,0.0004585235728882253,-0.000343892679666169,0.0,65.09341239929199
10,95,0.1297277957201004,0.06712048500776291,0.07938743196427822,1.9327601059969068,65.09341239929199
10,96,0.1165602058172226,0.08337315171957016,0.054030342027544975,1.3980544505248012,65.09341239929199
10,97,0.00021749151346739382,0.004525220952928066,-0.003176424201228656,0.04806207601390221,65.09341239929199
10,98,0.04040909186005592,0.020689520984888077,0.024891951121389866,1.9531187738767943,65.09341239929199
10,99,0.00561378663405776,0.0848478227853775,-0.05802208045497537,0.06616300159158668,65.09341239929199
10,100,0.24023883044719696,0.24623940885066986,0.055559273809194565,0.9756311208167027,65.09341239929199
10,101,0.0008685436914674938,0.0002689906395971775,0.0006668007117696106,3.228899301251775,65.09341239929199
10,102,0.23691517114639282,0.13603314757347107,0.13489031046628952,1.741598833598216,65.09341239929199
10,103,0.0060582333244383335,0.0032548082526773214,0.0036171271349303424,1.8613180415754658,65.09341239929199
10,104,0.005448008421808481,0.003084201365709305,0.0031348573975265026,1.7664243588677369,65.09341239929199
10,105,0.0,0.025255488231778145,-0.01894161617383361,0.0,65.09341239929199
10,106,0.0,0.0006134361610747874,-0.00046007712080609053,0.0,65.09341239929199
10,107,0.023959709331393242,0.050649963319301605,-0.014027763158082962,0.4730449493097593,65.09341239929199
10,108,0.03991452977061272,0.021551284939050674,0.02375106606632471,1.8520719243257737,65.09341239929199
10,109,0.006821899674832821,0.01575782522559166,-0.004996469244360924,0.43292139471890595,65.09341239929199
10,110,0.045907486230134964,0.037845805287361145,0.017523132264614105,1.2130138566308446,65.09341239929199
10,111,0.03018638677895069,0.024197621271014214,0.012038170825690031,1.247493976354725,65.09341239929199
10,112,0.015302497893571854,0.032588083297014236,-0.009138564579188824,0.4695734251576654,65.09341239929199
10,113,0.041132353246212006,0.011666795238852501,0.03238225681707263,3.5255914242591975,65.09341239929199
10,114,0.01824299804866314,0.0,0.01824299804866314,18242998048.66314,65.09341239929199
10,115,0.2219238132238388,0.12020091712474823,0.13177312538027763,1.846273876526858,65.09341239929199
10,116,0.12921705842018127,0.016401786357164383,0.11691571865230799,7.878230797455815,65.09341239929199
10,117,0.23089304566383362,0.08172127604484558,0.16960208863019943,2.8253724958271915,65.09341239929199
10,118,0.0,0.0021399373654276133,-0.00160495302407071,0.0,65.09341239929199
10,119,0.36856648325920105,0.579257607460022,-0.06587672233581543,0.6362738762718827,65.09341239929199
10,120,0.0,0.001299069612286985,-0.0009743022092152387,0.0,65.09341239929199
10,121,0.018266167491674423,0.004026275128126144,0.015246461145579815,4.536741008963011,65.09341239929199
10,122,0.00042730916175059974,0.030222512781620026,-0.02223957542446442,0.01413877015535026,65.09341239929199
10,123,0.10931852459907532,0.030046118423342705,0.08678393578156829,3.638357642580143,65.09341239929199
10,124,0.021196061745285988,0.013471674174070358,0.01109230611473322,1.573379928124285,65.09341239929199
10,125,0.035667140036821365,0.003806750290095806,0.03281207731924951,9.369445671350896,65.09341239929199
10,126,0.03021131083369255,0.009779158048331738,0.022876942297443748,3.0893570470268705,65.09341239929199
10,127,0.0511392205953598,0.1426265686750412,-0.0558307059109211,0.35855325603125376,65.09341239929199
10,128,0.0,0.004077234771102667,-0.003057926078327,0.0,65.09341239929199
10,129,0.08726055175065994,0.047177936881780624,0.051877099089324474,1.8496050806009068,65.09341239929199
10,130,0.0033637811429798603,0.021573686972260475,-0.012816484086215496,0.15592055021235368,65.09341239929199
10,131,0.014537596143782139,0.0057092346251010895,0.010255670174956322,2.546330129317185,65.09341239929199
10,132,0.0035416455939412117,0.05856362730264664,-0.040381074883043766,0.06047517472881467,65.09341239929199
10,133,0.0,0.03686758130788803,-0.027650685980916023,0.0,65.09341239929199
10,134,0.0,0.002693790942430496,-0.002020343206822872,0.0,65.09341239929199
10,135,0.02229931205511093,0.05305183306336403,-0.01748956274241209,0.42033066092281407,65.09341239929199
10,136,0.0006957416771911085,0.005173480603843927,-0.003184368775691837,0.13448232057537546,65.09341239929199
10,137,0.12616685032844543,0.07872743904590607,0.06712127104401588,1.602577854123704,65.09341239929199
10,138,0.022380804643034935,0.060131754726171494,-0.022718011401593685,0.37219610078868715,65.09341239929199
10,139,0.04427244886755943,0.09197389334440231,-0.024707971140742302,0.4813588645344931,65.09341239929199
10,140,0.0,0.008560292422771454,-0.00642021931707859,0.0,65.09341239929199
10,141,0.15042434632778168,0.07972832769155502,0.09062810055911541,1.886711419658037,65.09341239929199
10,142,0.024014467373490334,0.1088843122124672,-0.05764876678586006,0.2205502967811385,65.09341239929199
10,143,0.0,0.005798976868391037,-0.004349232651293278,0.0,65.09341239929199
10,144,0.058420147746801376,0.07720868289470673,0.0005136355757713318,0.756652562325343,65.09341239929199
10,145,0.007749651558697224,0.018958229571580887,-0.0064690206199884415,0.4087750667343682,65.09341239929199
10,146,0.004792744759470224,0.05044999346137047,-0.03304475033655763,0.09499990843497387,65.09341239929199
10,147,0.04153301194310188,0.020395921543240547,0.026236070785671473,2.0363390716625935,65.09341239929199
10,148,0.021842127665877342,0.008973360992968082,0.01511210692115128,2.434107764143188,65.09341239929199
10,149,0.004504881799221039,0.027635198086500168,-0.016221516765654087,0.16301246638281444,65.09341239929199
10,150,0.007135317660868168,0.03159743919968605,-0.01656276173889637,0.22581949174897833,65.09341239929199
10,151,0.07830046117305756,0.040277570486068726,0.04809228330850601,1.944021454774593,65.09341239929199
10,152,0.24116647243499756,0.12107355147600174,0.15036130882799625,1.9919005389117357,65.09341239929199
10,153,0.010599130764603615,0.00462906202301383,0.007127334247343242,2.289692967953187,65.09341239929199
10,154,0.012435325421392918,0.021730905398726463,-0.00386285362765193,0.5722414778700131,65.09341239929199
10,155,0.08913525193929672,0.04100913926959038,0.05837839748710394,2.173546032048029,65.09341239929199
10,156,0.0,0.004490808118134737,-0.0033681060886010528,0.0,65.09341239929199
10,157,0.0,0.0,0.0,0.0,65.09341239929199
10,158,0.0,0.0,0.0,0.0,65.09341239929199
10,159,0.010026482865214348,0.03375106677412987,-0.015286817215383053,0.2970715839003512,65.09341239929199
10,160,0.08809257298707962,0.10760770738124847,0.007386792451143265,0.8186455703786495,65.09341239929199
10,161,0.0118571687489748,0.021015945822000504,-0.0039047906175255775,0.564198673180721,65.09341239929199
10,162,0.08819819241762161,0.016254490241408348,0.07600732473656535,5.426081722791309,65.09341239929199
10,163,0.12230110168457031,0.03148893639445305,0.09868439938873053,3.8839387951582385,65.09341239929199
10,164,0.1992509961128235,0.11297306418418884,0.11452119797468185,1.763703565534925,65.09341239929199
10,165,0.0030687886755913496,0.020508375018835068,-0.012312492588534951,0.149635876690538,65.09341239929199
10,166,0.032808996737003326,0.04537905380129814,-0.0012252936139702797,0.722998696269462,65.09341239929199
10,167,0.004753684159368277,0.07812969386577606,-0.05384358623996377,0.060843501671388696,65.09341239929199
10,168,0.17238833010196686,0.11636017262935638,0.08511820062994957,1.4815063110089755,65.09341239929199
10,169,0.121946781873703,0.06849944591522217,0.07057219743728638,1.7802593910445534,65.09341239929199
10,170,0.03695428743958473,0.023623395711183548,0.01923674065619707,1.5643088694706961,65.09341239929199
10,171,0.0008534447406418622,0.010052327066659927,-0.006685800559353083,0.08490021612881472,65.09341239929199
10,172,0.032392796128988266,0.05901384353637695,-0.011867586523294449,0.5489016506520541,65.09341239929199
10,173,0.019232556223869324,0.003539240686222911,0.01657812570920214,5.434091073065811,65.09341239929199
10,174,0.0019178465008735657,0.003236311487853527,-0.0005093871150165796,0.5926025685348874,65.09341239929199
10,175,0.003326192731037736,0.0014373307349160314,0.0022481946798507124,2.3141456923746264,65.09341239929199
10,176,0.014845252968370914,0.010343238711357117,0.007087823934853077,1.435261563733922,65.09341239929199
10,177,0.014326171949505806,0.0010136992204934359,0.013565897534135729,14.132566786822352,65.09341239929199
10,178,0.0,0.01672659069299698,-0.012544943019747734,0.0,65.09341239929199
10,179,0.09546878933906555,0.048065461218357086,0.05941969342529774,1.9862243473202759,65.09341239929199
10,180,0.008282800205051899,0.013185936026275158,-0.0016066518146544695,0.6281541323967366,65.09341239929199
10,181,0.1069057509303093,0.06896816939115524,0.05517962388694286,1.5500737785635534,65.09341239929199
10,182,0.048708606511354446,0.024376768618822098,0.030426030047237873,1.9981568218088919,65.09341239929199
10,183,0.11734606325626373,0.11863717436790466,0.028368182480335236,0.9891171454520132,65.09341239929199
10,184,0.009641796350479126,0.03425307944417,-0.016048013232648373,0.28148699348077766,65.09341239929199
10,185,0.025365415960550308,0.025667980313301086,0.006114430725574493,0.9882123817282888,65.09341239929199
10,186,0.0,0.006022595334798098,-0.004516946501098573,0.0,65.09341239929199
10,187,0.021076543256640434,0.02107798121869564,0.005268057342618704,0.9999317789004452,65.09341239929199
10,188,0.024019069969654083,0.0038001968059688807,0.021168922365177423,6.320480540799205,65.09341239929199
10,189,0.023839859291911125,0.013183713890612125,0.013952073873952031,1.808280996379841,65.09341239929199
10,190,0.017787747085094452,0.027582721784710884,-0.002899294253438711,0.6448873038450224,65.09341239929199
10,191,0.0,0.0,0.0,0.0,65.09341239929199
10,192,0.011007946915924549,0.010122432373464108,0.0034161226358264685,1.0874804107058627,65.09341239929199
10,193,0.0035207350738346577,0.00678071565926075,-0.0015648016706109047,0.5192276523949197,65.09341239929199
10,194,0.009280629456043243,0.01809859834611416,-0.0042933193035423756,0.5127816683949479,65.09341239929199
10,195,0.010660577565431595,0.02269863337278366,-0.006363397464156151,0.4696572427899685,65.09341239929199
10,196,0.002041465602815151,0.005721415858715773,-0.0022495962912216783,0.35681126016184506,65.09341239929199
10,197,0.02519412152469158,0.013170897029340267,0.015315948752686381,1.9128629938154407,65.09341239929199
10,198,0.0003349856997374445,0.004039411898702383,-0.0026945732242893428,0.08292932438064206,65.09341239929199
10,199,0.0,0.08770614117383957,-0.06577960588037968,0.0,65.09341239929199
10,200,0.03442369028925896,0.007617095019668341,0.0287108690245077,4.519267541740414,65.09341239929199
10,201,0.01626686565577984,0.027355317026376724,-0.004249622114002705,0.5946509645455852,65.09341239929199
10,202,0.24604712426662445,0.1604815423488617,0.12568596750497818,1.5331802066696456,65.09341239929199
10,203,0.1681986004114151,0.03263438493013382,0.14372281171381474,5.154030044272428,65.09341239929199
10,204,0.10829842835664749,0.06263355165719986,0.0613232646137476,1.7290801094539123,65.09341239929199
10,205,0.0726495236158371,0.3779366910457611,-0.21080299466848373,0.19222670181776125,65.09341239929199
10,206,0.028773270547389984,0.009745532646775246,0.02146412106230855,2.952457457926476,65.09341239929199
10,207,0.0006294911727309227,0.05754782259464264,-0.04253137577325106,0.010938574985782103,65.09341239929199
10,208,0.02726416289806366,0.008024616166949272,0.021245700772851706,3.3975659804088973,65.09341239929199
10,209,0.12115207314491272,0.05436589941382408,0.08037764858454466,2.228457074176131,65.09341239929199
10,210,0.01698227785527706,0.2240203320980072,-0.15103297121822834,0.07580685956563815,65.09341239929199
10,211,0.030627792701125145,0.014849703758955002,0.019490514881908894,2.06251876779648,65.09341239929199
10,212,0.10147132724523544,0.10006099939346313,0.026425577700138092,1.0140946808377604,65.09341239929199
10,213,0.04727083817124367,0.04698893427848816,0.012029137462377548,1.0059993676400225,65.09341239929199
10,214,0.005348727572709322,0.0,0.005348727572709322,5348727572.709322,65.09341239929199
10,215,0.2399851530790329,0.1305679827928543,0.14205916598439217,1.8380091960058123,65.09341239929199
10,216,0.02908303029835224,0.14377948641777039,-0.07875158451497555,0.20227524122353144,65.09341239929199
10,217,0.0,0.04339472949504852,-0.03254604712128639,0.0,65.09341239929199
10,218,0.31546515226364136,0.1902906596660614,0.1727471575140953,1.6578068141420563,65.09341239929199
10,219,0.012823614291846752,0.018832001835107803,-0.0013003870844841003,0.6809480162251904,65.09341239929199
10,220,0.09648791700601578,0.04404710978269577,0.06345258466899395,2.1905618207379227,65.09341239929199
10,221,0.05056740716099739,0.04732636734843254,0.015072631649672985,1.0684827505909074,65.09341239929199
10,222,0.0,0.007071892265230417,-0.005303919198922813,0.0,65.09341239929199
10,223,0.0,0.0,0.0,0.0,65.09341239929199
10,224,0.019438015297055244,0.06229967996478081,-0.02728674467653036,0.3120082688664198,65.09341239929199
10,225,0.0,0.01276482455432415,-0.009573618415743113,0.0,65.09341239929199
10,226,0.04076063260436058,0.023832080885767937,0.022886571940034628,1.7103262110440272,65.09341239929199
10,227,0.06137390807271004,0.03922773897647858,0.031953103840351105,1.5645537997473171,65.09341239929199
10,228,0.13720998167991638,0.081186443567276,0.07632014900445938,1.6900602569753633,65.09341239929199
10,229,0.08236365020275116,0.05439607426524162,0.04156659450381994,1.5141469547898294,65.09341239929199
10,230,0.09048053622245789,0.012803856283426285,0.08087764400988817,7.066662903153019,65.09341239929199
10,231,0.001564197358675301,0.01467912644147873,-0.009445147472433746,0.10655929457415106,65.09341239929199
10,232,0.05506310611963272,0.012442332692444324,0.04573135660029948,4.425464860672358,65.09341239929199
10,233,0.02081327699124813,0.03354760631918907,-0.004347427748143673,0.6204101953683243,65.09341239929199
10,234,0.028770793229341507,0.015900908038020134,0.016845112200826406,1.8093805183162646,65.09341239929199
10,235,0.015376473776996136,0.01505991443991661,0.004081537947058678,1.0210199956527946,65.09341239929199
10,236,0.04122772440314293,0.038711994886398315,0.012193728238344193,1.0649857885924536,65.09341239929199
10,237,0.0073869251646101475,0.05493997037410736,-0.03381805261597037,0.1344544803023242,65.09341239929199
10,238,0.004869616124778986,0.013547193259000778,-0.005290778819471598,0.35945572129371883,65.09341239929199
10,239,0.0,0.0019129998981952667,-0.00143474992364645,0.0,65.09341239929199
10,240,0.03249086067080498,0.023531347513198853,0.014842350035905838,1.3807479852651847,65.09341239929199
10,241,0.0073756626807153225,0.0074171340093016624,0.0018128121737390757,0.9944087123774843,65.09341239929199
10,242,0.1164177879691124,0.0040507749654352665,0.11337970674503595,28.73963351056292,65.09341239929199
10,243,0.02313019335269928,0.05744967609643936,-0.01995706371963024,0.402616601588294,65.09341239929199
10,244,0.01600053906440735,0.009779819287359715,0.008665674598887563,1.636077169999629,65.09341239929199
10,245,0.007257524412125349,0.027888746932148933,-0.013659035786986351,0.26023128358983244,65.09341239929199
10,246,0.12628990411758423,0.11529727280139923,0.039816949516534805,1.0953416420700997,65.09341239929199
10,247,0.050638433545827866,0.002257359679788351,0.0489454137859866,22.432594139425362,65.09341239929199
10,248,0.021780649200081825,0.01186441257596016,0.012882339768111706,1.8357966784110566,65.09341239929199
10,249,0.0,0.006232567131519318,-0.004674425348639488,0.0,65.09341239929199
10,250,0.024869954213500023,0.035543423146009445,-0.001787613146007061,0.6997062188027473,65.09341239929199
10,251,0.0,0.006542131770402193,-0.004906598827801645,0.0,65.09341239929199
10,252,0.01975974254310131,0.021715590730309486,0.003473049495369196,0.9099334569154393,65.09341239929199
10,253,0.0,0.028742102906107903,-0.021556577179580927,0.0,65.09341239929199
10,254,0.0,0.0,0.0,0.0,65.09341239929199
10,255,0.005827492102980614,0.03182857856154442,-0.0180439418181777,0.1830899262915358,65.09341239929199
11,0,0.036627281457185745,0.032230835407972336,0.012454154901206493,1.1364049672441794,65.113112449646
11,1,0.0,0.014194084331393242,-0.010645563248544931,0.0,65.113112449646
11,2,0.018367482349276543,0.017245303839445114,0.005433504469692707,1.0650715417492154,65.113112449646
11,3,0.0945526659488678,0.048571210354566574,0.05812425818294287,1.9466812800564985,65.113112449646
11,4,0.006394753232598305,0.0034822120796889067,0.0037830941728316247,1.836405447003444,65.113112449646
11,5,0.04865044355392456,0.04652494937181473,0.013756731525063515,1.0456850401722693,65.113112449646
11,6,0.04358338937163353,0.05343120917677879,0.0035099824890494347,0.8156916162353889,65.113112449646
11,7,0.291736364364624,0.05514606460928917,0.25037681590765715,5.290248115188111,65.113112449646
11,8,0.03679326921701431,0.004108902532607317,0.033711592317558825,8.954524697550443,65.113112449646
11,9,0.05114901438355446,0.03264303505420685,0.026666738092899323,1.5669196904347211,65.113112449646
11,10,0.021032636985182762,0.03461981564760208,-0.004932224750518799,0.6075317442088125,65.113112449646
11,11,0.009684734977781773,0.0037823528982698917,0.006847970304079354,2.5605053879692767,65.113112449646
11,12,0.042039062827825546,0.013653290458023548,0.031799094984307885,3.0790425907947823,65.113112449646
11,13,0.0033827549777925014,0.0027560186572372913,0.001315740984864533,1.2274064138433887,65.113112449646
11,14,0.07817619293928146,0.1343899965286255,-0.022616304457187653,0.5817113993454712,65.113112449646
11,15,0.0,0.012431436218321323,-0.009323577163740993,0.0,65.113112449646
11,16,0.09550836682319641,0.06564290076494217,0.046276191249489784,1.4549687126676991,65.113112449646
11,17,0.0798843502998352,0.015930213034152985,0.06793669052422047,5.014644193618472,65.113112449646
11,18,0.002260807901620865,0.01096329465508461,-0.005961663089692593,0.20621610314615782,65.113112449646
11,19,0.01378098875284195,0.0047863139770925045,0.010191253270022571,2.8792487947759127,65.113112449646
11,20,0.0,0.006061749532818794,-0.004546312149614096,0.0,65.113112449646
11,21,0.013975067064166069,0.029651455581188202,-0.008263524621725082,0.4713113332810876,65.113112449646
11,22,0.016658727079629898,0.009819085709750652,0.009294412797316909,1.6965660113742267,65.113112449646
11,23,0.0037100024055689573,0.0008781533106230199,0.0030513874226016924,4.224777560437663,65.113112449646
11,24,0.03229712322354317,0.08904016762971878,-0.03448300249874592,0.36272531917831524,65.113112449646
11,25,0.04735017195343971,0.3105459213256836,-0.18555926904082298,0.15247397792621134,65.113112449646
11,26,0.017542138695716858,0.07115895301103592,-0.03582707606256008,0.2465204721709404,65.113112449646
11,27,0.014834647066891193,0.02119484543800354,-0.0010614870116114616,0.6999176809089594,65.113112449646
11,28,0.0038534924387931824,0.03421603515744209,-0.021808533929288387,0.11262241288182724,65.113112449646
11,29,0.3613376021385193,0.3268454074859619,0.11620354652404785,1.1055306082369638,65.113112449646
11,30,0.042901795357465744,0.007063409313559532,0.037604238372296095,6.0738084750424886,65.113112449646
11,31,0.10710465162992477,0.10382740944623947,0.02923409454524517,1.0315643258377802,65.113112449646
11,32,0.08374801278114319,0.10312395542860031,0.006405046209692955,0.8121101681201075,65.113112449646
11,33,0.02408134564757347,0.010863144882023335,0.01593398698605597,2.2167931945018267,65.113112449646
11,34,0.004696792922914028,0.0037054906133562326,0.0019176749628968537,1.2675225528077658,65.113112449646
11,35,0.011951180174946785,0.006147667299956083,0.0073404296999797225,1.9440186968296316,65.113112449646
11,36,0.036150529980659485,0.0058962455950677395,0.03172834578435868,6.131109939648478,65.113112449646
11,37,0.05611133575439453,0.08245673030614853,-0.0057312119752168655,0.6804943095048968,65.113112449646
11,38,0.0038988576270639896,0.05896911397576332,-0.0403279778547585,0.06611694434819435,65.113112449646
11,39,0.0,0.028749141842126846,-0.021561856381595135,0.0,65.113112449646
11,40,0.007332625333219767,0.019650038331747055,-0.007404903415590525,0.3731608666126543,65.113112449646
11,41,0.07551740109920502,0.049569085240364075,0.03834058716893196,1.5234778033827376,65.113112449646
11,42,0.0,0.0,0.0,0.0,65.113112449646
11,43,1.362929651804734e-05,0.035159628838300705,-0.02635609233220748,0.00038764051180235426,65.113112449646
11,44,0.2705192565917969,0.16794665157794952,0.14455926790833473,1.6107451625174516,65.113112449646
11,45,0.023791378363966942,0.014673377387225628,0.012786345323547721,1.6213975647527392,65.113112449646
11,46,0.02281402051448822,0.016676219180226326,0.010306856129318476,1.3680571277314273,65.113112449646
11,47,0.0,0.0062164259143173695,-0.004662319435738027,0.0,65.113112449646
11,48,0.03503761813044548,0.017452578991651535,0.02194818388670683,2.0075897175539605,65.113112449646
11,49,0.18310289084911346,0.12073353677988052,0.09255273826420307,1.516586821948463,65.113112449646
11,50,0.09250913560390472,0.05038146674633026,0.05472303554415703,1.8361739261750816,65.113112449646
11,51,0.2446622997522354,0.12541154026985168,0.15060364454984665,1.9508754874060035,65.113112449646
11,52,0.09657438099384308,0.0270416010171175,0.07629318023100495,3.5713263030964617,65.113112449646
11,53,0.049794845283031464,0.01778670772910118,0.03645481448620558,2.799553803808312,65.113112449646
11,54,0.1348153054714203,0.2792888879776001,-0.07465136051177979,0.48270916342991144,65.113112449646
11,55,0.018954314291477203,0.011767260730266571,0.010128868743777275,1.6107669171563475,65.113112449646
11,56,0.10033366084098816,0.05052504315972328,0.0624398784711957,1.9858203885510912,65.113112449646
11,57,0.3105008602142334,0.18726985156536102,0.17004847154021263,1.658039762498579,65.113112449646
11,58,0.07438992708921432,0.04869180545210838,0.03787107300013304,1.5277709749508874,65.113112449646
11,59,0.0,0.008114009164273739,-0.006085506873205304,0.0,65.113112449646
11,60,0.04531807452440262,0.07291693985462189,-0.009369630366563797,0.6215026935323122,65.113112449646
11,61,0.0215673316270113,0.0,0.0215673316270113,21567331627.0113,65.113112449646
11,62,0.002906336449086666,0.0,0.002906336449086666,2906336449.086666,65.113112449646
11,63,0.3156324326992035,0.21511314809322357,0.1542975716292858,1.4672856377935142,65.113112449646
11,64,0.007591658271849155,0.026105284690856934,-0.011987305246293545,0.29080925036673644,65.113112449646
11,65,0.07973504811525345,0.015281361527740955,0.06827402696944773,5.217797377889985,65.113112449646
11,66,0.048965439200401306,0.05136767774820328,0.010439680889248848,0.9532344335180847,65.113112449646
11,67,0.06297793984413147,0.05100718140602112,0.02472255378961563,1.2346877068463655,65.113112449646
11,68,0.15704956650733948,0.17373767495155334,0.02674631029367447,0.903946519085332,65.113112449646
11,69,0.01888040453195572,0.009061050601303577,0.012084616580978036,2.0836882344698284,65.113112449646
11,70,0.001577285467647016,0.0,0.001577285467647016,1577285467.647016,65.113112449646
11,71,0.18308736383914948,0.12590372562408447,0.08865956962108612,1.4541854335934916,65.113112449646
11,72,0.07557916641235352,0.06026507541537285,0.03038035985082388,1.2541122016387642,65.113112449646
11,73,0.008403853513300419,0.007200892083346844,0.003003184450790286,1.167057277745982,65.113112449646
11,74,0.028036244213581085,0.03104398213326931,0.004753257613629103,0.903113656370521,65.113112449646
11,75,0.04835433512926102,0.0832931250333786,-0.014115508645772934,0.5805321280634281,65.113112449646
11,76,0.0865701213479042,0.05469781905412674,0.04554675705730915,1.5826978633399484,65.113112449646
11,77,0.20350579917430878,0.10597709566354752,0.12402297742664814,1.9202809616378975,65.113112449646
11,78,0.34849080443382263,0.09165891259908676,0.27974661998450756,3.8020394803755586,65.113112449646
11,79,0.06900389492511749,0.09130404144525528,0.000525863841176033,0.755759480435875,65.113112449646
11,80,0.03066963143646717,0.006891025695949793,0.025501362164504826,4.450662758381907,65.113112449646
11,81,8.789004823483992e-06,0.03080548718571663,-0.023095326384463988,0.00028530647057170463,65.113112449646
11,82,0.09314635396003723,0.01740352436900139,0.08009371068328619,5.352154654409795,65.113112449646
11,83,0.011046596802771091,0.009569709189236164,0.0038693149108439684,1.1543294141102818,65.113112449646
11,84,0.264714777469635,0.13841816782951355,0.16090115159749985,1.9124279826746848,65.113112449646
11,85,0.02956998720765114,0.04478795453906059,-0.004020978696644306,0.6602218724054982,65.113112449646
11,86,0.15485550463199615,0.125803142786026,0.060503147542476654,1.230935103856295,65.113112449646
11,87,0.03984465077519417,0.03907640278339386,0.010537348687648773,1.019660151294866,65.113112449646
11,88,0.16853760182857513,0.015323271974921227,0.15704514784738421,10.998799870772556,65.113112449646
11,89,0.5947925448417664,0.02021785080432892,0.5796291567385197,29.419177664769094,65.113112449646
11,90,0.0010350723750889301,0.017543867230415344,-0.012122828047722578,0.058999099881208245,65.113112449646
11,91,0.08756761252880096,0.08613823354244232,0.022963937371969223,1.0165940132106117,65.113112449646
11,92,0.014626598916947842,0.020408108830451965,-0.0006794827058911324,0.7167052585688907,65.113112449646
11,93,0.002282404340803623,0.006107602268457413,-0.0022982973605394363,0.3736989149109062,65.113112449646
11,94,0.018631711602211,0.0020143829751759768,0.017120924370829016,9.249339287795555,65.113112449646
11,95,0.01363755390048027,0.0052580395713448524,0.009694024221971631,2.59365752441428,65.113112449646
11,96,0.0012635418679565191,0.01960916444659233,-0.013443331466987729,0.0644362931084328,65.113112449646
11,97,0.10142423212528229,0.011713976040482521,0.0926387500949204,8.658395045893062,65.113112449646
11,98,0.0811953991651535,0.10261595994234085,0.004233429208397865,0.7912550758184724,65.113112449646
11,99,0.014712757430970669,0.01223298255354166,0.0055380205158144236,1.2027122057415474,65.113112449646
11,100,0.057555098086595535,0.01421237364411354,0.04689581785351038,4.049647126072004,65.113112449646
11,101,0.027703603729605675,0.004145548213273287,0.02459444256965071,6.682735864516318,65.113112449646
11,102,0.03879635035991669,0.18756158649921417,-0.10187483951449394,0.2068459276967802,65.113112449646
11,103,0.10682795196771622,0.09192558377981186,0.03788376413285732,1.162113391876169,65.113112449646
11,104,0.0,0.03622610867023468,-0.02716958150267601,0.0,65.113112449646
11,105,0.0855376198887825,0.07012901455163956,0.032940858975052834,1.219717978848499,65.113112449646
11,106,0.011635804548859596,0.005869599524885416,0.007233604905195534,1.9823847432085855,65.113112449646
11,107,0.023710180073976517,0.0,0.023710180073976517,23710180073.976517,65.113112449646
11,108,3.4221272926515667e-06,0.007863608188927174,-0.005894284014402729,0.00043518537673775676,65.113112449646
11,109,0.061268217861652374,0.0645797997713089,0.0128333680331707,0.9487210873627313,65.113112449646
11,110,0.5125993490219116,0.2869010865688324,0.2974235340952873,1.7866762205417572,65.113112449646
11,111,0.2735612094402313,0.014064004644751549,0.26301320595666766,19.451160343783634,65.113112449646
11,112,0.0,0.06283136457204819,-0.04712352342903614,0.0,65.113112449646
11,113,0.03270786255598068,0.0,0.03270786255598068,32707862555.980682,65.113112449646
11,114,0.006618439219892025,0.007853332906961441,0.0007284395396709442,0.8427554641396237,65.113112449646
11,115,0.0004106822598259896,0.04633204638957977,-0.03433835253235884,0.008863892096712773,65.113112449646
11,116,0.0,0.0,0.0,0.0,65.113112449646
11,117,0.017161283642053604,0.06660831719636917,-0.032794954255223274,0.2576447561526359,65.113112449646
11,118,0.07650411128997803,0.05593113601207733,0.03455575928092003,1.3678268803996847,65.113112449646
11,119,0.12424631416797638,0.01837264746427536,0.11046682856976986,6.762569978159337,65.113112449646
11,120,0.03228701278567314,0.03886495903134346,0.0031382935121655464,0.8307486638234677,65.113112449646
11,121,0.10312522947788239,0.049117330461740494,0.06628723163157701,2.099569103335355,65.113112449646
11,122,0.07372155040502548,0.03644471988081932,0.04638801049441099,2.022832131625244,65.113112449646
11,123,0.0016821190947666764,0.017444318160414696,-0.011401119525544345,0.09642790731066674,65.113112449646
11,124,0.008119178004562855,0.02199012041091919,-0.008373412303626537,0.36921935180318793,65.113112449646
11,125,0.0,0.0017507983138784766,-0.0013130987354088575,0.0,65.113112449646
11,126,0.12588104605674744,0.18653973937034607,-0.014023758471012115,0.6748216035949052,65.113112449646
11,127,0.0176609568297863,0.009688927792012691,0.010394260985776782,1.8227978582442064,65.113112449646
11,128,0.04806665703654289,0.03236910328269005,0.023789829574525356,1.4849548538702473,65.113112449646
11,129,0.2016335278749466,0.21052297949790955,0.043741293251514435,0.9577744356216039,65.113112449646
11,130,0.1366952359676361,0.11708062142133713,0.04888476990163326,1.1675308373581694,65.113112449646
11,131,0.07310722768306732,0.043346863240003586,0.04059708025306463,1.6865632762536824,65.113112449646
11,132,0.15645352005958557,0.1320245862007141,0.05743508040904999,1.185033216620332,65.113112449646
11,133,0.016641780734062195,0.08602046221494675,-0.047873565927147865,0.1934630471094712,65.113112449646
11,134,0.10724423825740814,0.044532593339681625,0.07384479325264692,2.4082190192017827,65.113112449646
11,135,0.0038704697508364916,0.04752055183053017,-0.03176994412206113,0.08144833344019402,65.113112449646
11,136,0.09164150059223175,6.424794719350757e-06,0.09163668199619224,14263.722084768848,65.113112449646
11,137,0.24634672701358795,0.12505586445331573,0.15255482867360115,1.969893439932048,65.113112449646
11,138,0.02836390770971775,0.049439121037721634,-0.008715433068573475,0.5737138345866346,65.113112449646
11,139,0.0058376360684633255,0.0562131442129612,-0.03632222209125757,0.1038482395904387,65.113112449646
11,140,0.2045266330242157,0.05968374386429787,0.1597638251259923,3.4268398692585094,65.113112449646
11,141,0.02952306531369686,0.00348177389241755,0.0269117348943837,8.479317215144711,65.113112449646
11,142,0.007176303770393133,0.012989385053515434,-0.0025657350197434425,0.5524744812995186,65.113112449646
11,143,0.0,0.029435310512781143,-0.022076482884585857,0.0,65.113112449646
11,144,0.03415922820568085,0.002129392931237817,0.032562183507252485,16.041768378456254,65.113112449646
11,145,0.002820465015247464,0.034679386764764786,-0.023189075058326125,0.08132972576181205,65.113112449646
11,146,0.019250769168138504,0.09118938446044922,-0.04914126917719841,0.211107567858152,65.113112449646
11,147,0.019520046189427376,0.035748351365327835,-0.0072912173345685005,0.5460404590241815,65.113112449646
11,148,0.020831715315580368,0.010377331636846066,0.013048716587945819,2.0074250339660753,65.113112449646
11,149,3.0480425721179927e-06,0.07611723989248276,-0.05708488187678995,4.004405015714409e-05,65.113112449646
11,150,0.009040347300469875,0.006352915428578854,0.004275660729035735,1.4230233977896942,65.113112449646
11,151,0.0407644547522068,0.008890223689377308,0.03409678698517382,4.585312605388079,65.113112449646
11,152,0.011666572652757168,0.03353847190737724,-0.013487281277775764,0.34785641649472676,65.113112449646
11,153,0.013198303058743477,0.005968719720840454,0.008721763268113136,2.2112452374751115,65.113112449646
11,154,0.0010602024849504232,0.018751734867691994,-0.013003598665818572,0.05653890119364601,65.113112449646
11,155,0.0,9.691238665254787e-05,-7.26842899894109e-05,0.0,65.113112449646
11,156,0.007306942716240883,0.005842851009219885,0.0029248044593259692,1.2505783056011723,65.113112449646
11,157,0.06131849065423012,0.006192829925566912,0.056673868210054934,9.901529895270826,65.113112449646
11,158,0.02991577610373497,0.1405952274799347,-0.07553064450621605,0.21277945659849426,65.113112449646
11,159,0.028849922120571136,0.009028046391904354,0.02207888732664287,3.1955885985749806,65.113112449646
11,160,0.007986082695424557,0.06358978897333145,-0.03970625903457403,0.12558750114186107,65.113112449646
11,161,0.03632759675383568,0.21772195398807526,-0.12696386873722076,0.16685316335007036,65.113112449646
11,162,0.0243026502430439,0.030115218833088875,0.0017162361182272434,0.8069889970560186,65.113112449646
11,163,0.015255124308168888,5.047017111792229e-06,0.015251339045335044,3022.601458973503,65.113112449646
11,164,0.04180121421813965,0.029603777453303337,0.019598381128162146,1.4120229853323412,65.113112449646
11,165,0.012259989976882935,0.8826605677604675,-0.6497354358434677,0.013889812714728757,65.113112449646
11,166,0.0,0.00026849284768104553,-0.00020136963576078415,0.0,65.113112449646
11,167,0.062441758811473846,0.049025196582078934,0.025672861374914646,1.2736666686416847,65.113112449646
11,168,0.08183090388774872,0.0513368658721447,0.043328254483640194,1.5939988251319417,65.113112449646
11,169,0.02988157421350479,0.018642010167241096,0.01590006658807397,1.6029158842758087,65.113112449646
11,170,0.011053918860852718,0.0039941295981407166,0.008058321662247181,2.767541359506917,65.113112449646
11,171,0.12541444599628448,0.0645020380616188,0.07703791745007038,1.9443485781725485,65.113112449646
11,172,0.0,0.0,0.0,0.0,65.113112449646
11,173,0.02171926200389862,0.007411991711705923,0.01616026822011918,2.930286871026396,65.113112449646
11,174,0.22445504367351532,0.09565433114767075,0.15271429531276226,2.3465225356566033,65.113112449646
11,175,0.0013288126792758703,0.003995117731392384,-0.0016675256192684174,0.33260914152838783,65.113112449646
11,176,0.013170956633985043,0.026933608576655388,-0.007029249798506498,0.4890156696237098,65.113112449646
11,177,1.3935236930847168,0.8505501747131348,0.7556110620498657,1.6383791744597225,65.113112449646
11,178,0.024414919316768646,0.03391633555293083,-0.0010223323479294777,0.7198572286191163,65.113112449646
11,179,0.00478665204718709,0.027701113373041153,-0.015989182982593775,0.1727963776240375,65.113112449646
11,180,0.39910298585891724,0.2507703900337219,0.2110251933336258,1.5915076170023783,65.113112449646
11,181,0.04116850346326828,0.02977701462805271,0.018835742492228746,1.382559802455857,65.113112449646
11,182,0.0,0.0,0.0,0.0,65.113112449646
11,183,0.0928591713309288,0.1464771330356598,-0.01699867844581604,0.6339499511346138,65.113112449646
11,184,4.385348972846259e-07,0.004109211266040802,-0.003081469914633317,0.0001067199685745122,65.113112449646
11,185,0.06500045955181122,0.03615540638566017,0.03788390476256609,1.7978074663764163,65.113112449646
11,186,0.0905538946390152,0.02026849053800106,0.0753525267355144,4.467717734814513,65.113112449646
11,187,0.10689861327409744,0.0721978023648262,0.05275026150047779,1.48063527934607,65.113112449646
11,188,0.016011469066143036,0.11630726605653763,-0.07121898047626019,0.13766525178420155,65.113112449646
11,189,0.029415728524327278,0.023267781361937523,0.011964892502874136,1.264225757733078,65.113112449646
11,190,0.2887372374534607,0.2914913594722748,0.07011871784925461,0.9905516169508737,65.113112449646
11,191,0.19548150897026062,0.1038433387875557,0.11759900487959385,1.8824655606297216,65.113112449646
11,192,0.0016093559097498655,0.0015190488193184137,0.00047006929526105523,1.0594497610764888,65.113112449646
11,193,1.1269871720287483e-06,0.048209045082330704,-0.036155656824576,2.3377089715855584e-05,65.113112449646
11,194,0.003989444114267826,0.06991402804851532,-0.048446076922118664,0.05706214082590658,65.113112449646
11,195,0.0005153098609298468,0.013799360021948814,-0.009834210155531764,0.037343026058662764,65.113112449646
11,196,0.0,0.08993230760097504,-0.06744923070073128,0.0,65.113112449646
11,197,0.021624615415930748,0.0418086014688015,-0.009731835685670376,0.517228863336897,65.113112449646
11,198,0.03744586557149887,0.04364381730556488,0.004713002592325211,0.8579878636295704,65.113112449646
11,199,0.007313046604394913,0.015398213639855385,-0.004235613625496626,0.47492824654617966,65.113112449646
11,200,0.016829172149300575,0.0098120654001832,0.009470123099163175,1.7151508333068395,65.113112449646
11,201,0.045425549149513245,0.020041368901729584,0.030394522473216057,2.266589142188107,65.113112449646
11,202,0.0,0.03542663902044296,-0.026569979265332222,0.0,65.113112449646
11,203,0.22279179096221924,0.1453760862350464,0.11375972628593445,1.5325202151918809,65.113112449646
11,204,0.028381118550896645,0.0036403327248990536,0.025650869007222354,7.796297945234485,65.113112449646
11,205,0.00045391242019832134,0.0029328607488423586,-0.0017457331414334476,0.1547678048549421,65.113112449646
11,206,0.005841019097715616,5.549433808482718e-06,0.005836857022359254,1052.5430605630668,65.113112449646
11,207,0.026504207402467728,0.019169867038726807,0.012126807123422623,1.3825973517469659,65.113112449646
11,208,0.0,0.0,0.0,0.0,65.113112449646
11,209,0.03890035301446915,0.08703092485666275,-0.026372840628027916,0.44697161472304076,65.113112449646
11,210,0.0,0.006495587062090635,-0.0048716902965679765,0.0,65.113112449646
11,211,0.021139534190297127,0.03200418874621391,-0.002863607369363308,0.6605239819471257,65.113112449646
11,212,0.010606082156300545,0.004361997824162245,0.007334583788178861,2.431473508565092,65.113112449646
11,213,0.010721093975007534,0.04136427491903305,-0.020302112214267254,0.25918728167564764,65.113112449646
11,214,0.0,0.004145248793065548,-0.003108936594799161,0.0,65.113112449646
11,215,0.022628407925367355,0.0,0.022628407925367355,22628407925.367355,65.113112449646
11,216,0.12915834784507751,0.08142831176519394,0.06808711402118206,1.5861602069797465,65.113112449646
11,217,0.0,0.05374496430158615,-0.04030872322618961,0.0,65.113112449646
11,218,0.009211977012455463,0.017144562676548958,-0.003646444994956255,0.5373118688246669,65.113112449646
11,219,0.21927572786808014,0.12203431874513626,0.12774998880922794,1.7968365794234635,65.113112449646
11,220,0.04497504606842995,0.011978738941252232,0.03599099186249077,3.7545726879305192,65.113112449646
11,221,1.3182716429582797e-06,0.0016312716761603951,-0.001222135485477338,0.0008081251341609974,65.113112449646
11,222,0.011595250107347965,0.04962126910686493,-0.02562070172280073,0.23367500097876634,65.113112449646
11,223,0.15094980597496033,0.008814206346869469,0.14433915121480823,17.125739972203764,65.113112449646
11,224,0.01673263870179653,0.035798512399196625,-0.010116245597600937,0.4674115648924179,65.113112449646
11,225,0.1657440960407257,0.09410234540700912,0.09516733698546886,1.7613173754818983,65.113112449646
11,226,0.05815568193793297,0.05145743489265442,0.019562605768442154,1.1301706363350918,65.113112449646
11,227,0.04483596235513687,0.02643631584942341,0.025008725468069315,1.6959988906479484,65.113112449646
11,228,0.015124001540243626,0.10706309974193573,-0.06517332326620817,0.1412625038557371,65.113112449646
11,229,0.026389960199594498,0.009274933487176895,0.019433760084211826,2.845299131603991,65.113112449646
11,230,0.13477285206317902,0.04233323037624359,0.10302292928099632,3.1836184213247933,65.113112449646
11,231,0.07174091041088104,0.036092065274715424,0.044671861454844475,1.987719734596401,65.113112449646
11,232,0.010492649860680103,0.004418991040438414,0.007178406580351293,2.3744447006764395,65.113112449646
11,233,0.012262626551091671,0.004542705602943897,0.008855597348883748,2.699410355900121,65.113112449646
11,234,0.0013391862157732248,0.018768509849905968,-0.012737196171656251,0.07135282589888624,65.113112449646
11,235,0.03343399241566658,0.06662455946207047,-0.01653442718088627,0.5018268441114242,65.113112449646
11,236,0.04102982208132744,0.0044359080493450165,0.037702891044318676,9.249475330791903,65.113112449646
11,237,0.0090282391756773,0.004285077098757029,0.005814431351609528,2.1069023883349067,65.113112449646
11,238,0.10767211765050888,0.027093304321169853,0.08735213940963149,3.9741227710790215,65.113112449646
11,239,0.07689335197210312,0.21422402560710907,-0.08377466723322868,0.3589389740661864,65.113112449646
11,240,0.01497663650661707,0.006710856221616268,0.009943494340404868,2.231702782745409,65.113112449646
11,241,0.11504355072975159,0.050385769456624985,0.07725422363728285,2.2832548151617402,65.113112449646
11,242,0.04349300637841225,0.0064877611584961414,0.03862718550954014,6.703854428233921,65.113112449646
11,243,0.025726620107889175,0.014330965466797352,0.014978396007791162,1.7951770357481238,65.113112449646
11,244,0.053360842168331146,0.039371006190776825,0.023832587525248528,1.3553334631177472,65.113112449646
11,245,0.0,0.010005167685449123,-0.0075038757640868425,0.0,65.113112449646
11,246,0.004218717571347952,0.00549633614718914,9.646546095609665e-05,0.7675508661779863,65.113112449646
11,247,0.05306512862443924,0.023982511833310127,0.035078244749456644,2.2126593323941415,65.113112449646
11,248,0.0016976313199847937,0.08618079870939255,-0.06293796771205962,0.019698486732405696,65.113112449646
11,249,0.02080889232456684,0.0,0.02080889232456684,20808892324.56684,65.113112449646
11,250,0.0905609279870987,0.04291846975684166,0.05837207566946745,2.1100688933708374,65.113112449646
11,251,0.0055312286131083965,0.03272455558180809,-0.01901218807324767,0.16902379618607374,65.113112449646
11,252,0.0,0.011950415559113026,-0.00896281166933477,0.0,65.113112449646
11,253,0.30338054895401,0.17090502381324768,0.17520178109407425,1.775141199381866,65.113112449646
11,254,0.0017109639011323452,0.006101024802774191,-0.002864804700948298,0.2804387715443995,65.113112449646
11,255,0.11851174384355545,0.07997763156890869,0.05852852016687393,1.481811120400133,65.113112449646
12,0,0.005225631408393383,0.0006919511943124235,0.004706668012659065,7.552023096128845,65.13040161132812
12,1,0.002631937153637409,0.0013190517202019691,0.0016426483634859324,1.9953252107802792,65.13040161132812
12,2,0.016345595940947533,0.3134899437427521,-0.21877186186611652,0.05214073455035128,65.13040161132812
12,3,0.0,0.012238611467182636,-0.009178958600386977,0.0,65.13040161132812
12,4,0.010060698725283146,0.017394844442605972,-0.0029854346066713333,0.5783724458071412,65.13040161132812
12,5,0.06949326395988464,0.05513967573642731,0.028138507157564163,1.2603132504951333,65.13040161132812
12,6,0.06270362436771393,0.02796250768005848,0.04173174360767007,2.242417778938644,65.13040161132812
12,7,0.005945911630988121,0.005078343208879232,0.0021371542243286967,1.1708369019685694,65.13040161132812
12,8,0.0024913542438298464,2.097274546031258e-06,0.002489781287920323,1187.9002969086805,65.13040161132812
12,9,0.007757087238132954,0.0007523320382460952,0.007192838209448382,10.310722970015018,65.13040161132812
12,10,0.013944023288786411,0.037696484476327896,-0.01432834006845951,0.36990248512889523,65.13040161132812
12,11,0.0,0.02508494257926941,-0.018813706934452057,0.0,65.13040161132812
12,12,0.03533681109547615,0.05635232850909233,-0.006927435286343098,0.6270692273017177,65.13040161132812
12,13,0.8410643935203552,0.12221412360668182,0.7494038008153439,6.881891950722868,65.13040161132812
12,14,0.03441198915243149,0.11902861297130585,-0.0548594705760479,0.2891068650899768,65.13040161132812
12,15,0.0,0.0005877071525901556,-0.0004407803644426167,0.0,65.13040161132812
12,16,0.23038935661315918,0.1523708552122116,0.11611121520400047,1.5120303439314347,65.13040161132812
12,17,0.011285524815320969,0.0026537105441093445,0.00929524190723896,4.252733907290539,65.13040161132812
12,18,0.008917334489524364,0.009038470685482025,0.0021384814754128456,0.9865977109226196,65.13040161132812
12,19,0.0881330817937851,0.03755956515669823,0.059963407926261425,2.346488342549975,65.13040161132812
12,20,0.06669875234365463,0.04255405440926552,0.034783211536705494,1.5673888955587878,65.13040161132812
12,21,0.07053078711032867,0.17827214300632477,-0.0631733201444149,0.3956354925706521,65.13040161132812
12,22,0.07410762459039688,0.03950793668627739,0.04447667207568884,1.8757654993980366,65.13040161132812
12,23,0.1860307902097702,0.329486221075058,-0.061083875596523285,0.5646087098945094,65.13040161132812
12,24,0.003576441900804639,0.04036198928952217,-0.02669505006633699,0.0886091583608953,65.13040161132812
12,25,0.0776103213429451,0.03294937312602997,0.05289829149842262,2.3554415145846157,65.13040161132812
12,26,0.0895681232213974,0.11041299253702164,0.006758378818631172,0.8112099958757468,65.13040161132812
12,27,0.64841228723526,0.48182159662246704,0.28704608976840973,1.3457518130761166,65.13040161132812
12,28,0.022113576531410217,0.01360105350613594,0.011912786401808262,1.6258723281845842,65.13040161132812
12,29,0.01971582882106304,0.002843472408130765,0.017583224514964968,6.9337155365928345,65.13040161132812
12,30,0.0,0.0,0.0,0.0,65.13040161132812
12,31,0.012504283338785172,0.005977957509458065,0.008020815206691623,2.0917317188872127,65.13040161132812
12,32,0.0,0.009189040400087833,-0.006891780300065875,0.0,65.13040161132812
12,33,0.02151060663163662,0.06069816276431084,-0.024013015441596508,0.3543864534221123,65.13040161132812
12,34,0.008621271699666977,0.006235478445887566,0.003944662865251303,1.3826159088033216,65.13040161132812
12,35,0.7704468965530396,0.4298141598701477,0.44808627665042877,1.7925116677961677,65.13040161132812
12,36,0.03441091254353523,0.004665279760956764,0.03091195272281766,7.375959063407211,65.13040161132812
12,37,0.11969669163227081,0.09323696047067642,0.049768971279263496,1.2837901517460164,65.13040161132812
12,38,0.043944377452135086,0.07044613361358643,-0.008890222758054733,0.6238011257304269,65.13040161132812
12,39,0.04124633967876434,0.03977726772427559,0.011413388885557652,1.0369324500525023,65.13040161132812
12,40,0.0015963882906362414,0.06674851477146149,-0.048464997787959874,0.023916461603350387,65.13040161132812
12,41,0.019310148432850838,0.017560170963406563,0.006140020210295916,1.0996560609797807,65.13040161132812
12,42,0.026432538405060768,0.017689676955342293,0.013165280688554049,1.4942352237576557,65.13040161132812
12,43,0.07335653901100159,0.09098458290100098,0.0051181018352508545,0.8062524075096715,65.13040161132812
12,44,0.04360416159033775,0.09515756368637085,-0.027764011174440384,0.45823116839765016,65.13040161132812
12,45,0.038960572332143784,0.03219437226653099,0.01481479313224554,1.2101671686090527,65.13040161132812
12,46,0.0,0.0,0.0,0.0,65.13040161132812
12,47,0.008894328027963638,0.014061395078897476,-0.0016517182812094688,0.6325352482755564,65.13040161132812
12,48,0.08112402260303497,0.054767925292253494,0.04004807863384485,1.4812323484714531,65.13040161132812
12,49,0.13434182107448578,0.044629186391830444,0.10086993128061295,3.010178583404949,65.13040161132812
12,50,0.024656064808368683,0.015463532879948616,0.01305841514840722,1.5944651845210256,65.13040161132812
12,51,0.08821476995944977,0.2012939304113388,-0.06275567784905434,0.43823859854466046,65.13040161132812
12,52,0.0006407588953152299,0.002140606055036187,-0.0009646956459619105,0.29933527166681895,65.13040161132812
12,53,0.0,0.0,0.0,0.0,65.13040161132812
12,54,0.0,0.0018421477871015668,-0.001381610840326175,0.0,65.13040161132812
12,55,0.019193800166249275,0.02027082070708275,0.003990684635937214,0.9468684293870735,65.13040161132812
12,56,0.015953373163938522,0.014124658890068531,0.005359878996387124,1.1294696237957538,65.13040161132812
12,57,0.09189710021018982,0.05452926829457283,0.0510001489892602,1.6852802739267794,65.13040161132812
12,58,0.0023618414998054504,0.008256436325609684,-0.0038304857444018126,0.28606064485636096,65.13040161132812
12,59,0.054012686014175415,0.06639950722455978,0.004213055595755577,0.81345010333727,65.13040161132812
12,60,0.0,0.0012673629680648446,-0.0009505222260486335,0.0,65.13040161132812
12,61,0.0,0.0,0.0,0.0,65.13040161132812
12,62,0.15691277384757996,0.06995245069265366,0.10444843582808971,2.2431347621365845,65.13040161132812
12,63,0.06995288282632828,0.02879113145172596,0.04835953423753381,2.4296677239374387,65.13040161132812
12,64,0.007398796267807484,0.010959837585687637,-0.0008210819214582443,0.6750826560417673,65.13040161132812
12,65,0.0,0.0,0.0,0.0,65.13040161132812
12,66,0.015149322338402271,0.015652138739824295,0.00341021828353405,0.9678755465468394,65.13040161132812
12,67,0.19353783130645752,0.08147189766168594,0.13243390806019306,2.37551642785777,65.13040161132812
12,68,3.6282046494306996e-05,0.00011519421241246164,-5.011361281503923e-05,0.31496414116216387,65.13040161132812
12,69,0.0,0.0,0.0,0.0,65.13040161132812
12,70,0.0041990336030721664,0.5996838212013245,-0.4455638322979212,0.007002079186751104,65.13040161132812
12,71,0.013860193081200123,0.0,0.013860193081200123,13860193081.200123,65.13040161132812
12,72,0.0,0.012514219619333744,-0.009385664714500308,0.0,65.13040161132812
12,73,0.06332920491695404,0.15840929746627808,-0.05547776818275452,0.3997821209328681,65.13040161132812
12,74,0.04317260533571243,0.022046849131584167,0.026637468487024307,1.9582211079725416,65.13040161132812
12,75,0.029920784756541252,0.033004775643348694,0.005167203024029732,0.9065592530899236,65.13040161132812
12,76,0.07866957038640976,0.04784451797604561,0.04278618190437555,1.6442755348513096,65.13040161132812
12,77,0.00014710788673255593,0.0,0.00014710788673255593,147107886.73255593,65.13040161132812
12,78,0.029793737456202507,0.0535438098013401,-0.01036411989480257,0.5564366369555643,65.13040161132812
12,79,0.016397813335061073,0.019242895767092705,0.0019656415097415447,0.8521489453916204,65.13040161132812
12,80,0.2954922020435333,0.15380975604057312,0.18013488501310349,1.921153830864051,65.13040161132812
12,81,0.04005289822816849,0.021701164543628693,0.023777024820446968,1.845656630352682,65.13040161132812
12,82,0.0,0.005238888785243034,-0.003929166588932276,0.0,65.13040161132812
12,83,0.0982246845960617,0.04515111446380615,0.06436134874820709,2.175465340343364,65.13040161132812
12,84,0.014244945719838142,0.03305050730705261,-0.010542934760451317,0.43100535755974384,65.13040161132812
12,85,0.0,0.057915180921554565,-0.043436385691165924,0.0,65.13040161132812
12,86,0.14776256680488586,0.10383003950119019,0.06989003717899323,1.4231196242756794,65.13040161132812
12,87,0.010916691273450851,0.006779684219509363,0.005831928108818829,1.6102064518619528,65.13040161132812
12,88,0.14557260274887085,0.1357669234275818,0.04374741017818451,1.0722243612262983,65.13040161132812
12,89,0.007574730087071657,0.09676191955804825,-0.06499670958146453,0.0782821395192479,65.13040161132812
12,90,0.0020208575297147036,0.014168028719723225,-0.008605164010077715,0.14263505315731365,65.13040161132812
12,91,0.0,0.0,0.0,0.0,65.13040161132812
12,92,0.007104237098246813,0.03064536303281784,-0.015879785176366568,0.23182094760656383,65.13040161132812
12,93,0.014844018965959549,0.004817535635083914,0.011230867239646614,3.081247361156207,65.13040161132812
12,94,0.18487390875816345,0.21703112125396729,0.02210056781768799,0.8518313304061786,65.13040161132812
12,95,0.0002884891873691231,0.0,0.0002884891873691231,288489187.3691231,65.13040161132812
12,96,0.20366953313350677,0.12328431010246277,0.1112063005566597,1.6520312516863098,65.13040161132812
12,97,0.0,0.04923398047685623,-0.036925485357642174,0.0,65.13040161132812
12,98,0.24997809529304504,0.009082082659006119,0.24316653329879045,27.524314042400118,65.13040161132812
12,99,0.04031430557370186,0.013897184282541275,0.029891417361795902,2.9008973869222507,65.13040161132812
12,100,0.005963234230875969,0.04700527340173721,-0.02929072082042694,0.12686309001510282,65.13040161132812
12,101,0.041303977370262146,0.02082391083240509,0.025686044245958328,1.9834880057209787,65.13040161132812
12,102,0.19973941147327423,0.14535975456237793,0.09071959555149078,1.3741039400708837,65.13040161132812
12,103,0.12176374346017838,0.08818385004997253,0.055625855922698975,1.3807941407615543,65.13040161132812
12,104,0.01266110222786665,0.00320813013240695,0.010255004628561437,3.9465675335373294,65.13040161132812
12,105,0.0010328612988814712,0.0886806771159172,-0.06547764653805643,0.011646971273344471,65.13040161132812
12,106,0.02349388599395752,0.03825335577130318,-0.005196130834519863,0.6141653593426162,65.13040161132812
12,107,0.0,0.0,0.0,0.0,65.13040161132812
12,108,0.04982617124915123,0.025645023211836815,0.03059240384027362,1.9429177675382394,65.13040161132812
12,109,0.014677120372653008,0.03163539618253708,-0.009049426764249802,0.4639461534637242,65.13040161132812
12,110,0.007749076467007399,2.5258083041990176e-05,0.007730132904725906,306.7958937077328,65.13040161132812
12,111,0.0,0.010603356175124645,-0.007952517131343484,0.0,65.13040161132812
12,112,0.0,0.011538784950971603,-0.008654088713228703,0.0,65.13040161132812
12,113,0.0,0.0,0.0,0.0,65.13040161132812
12,114,0.02585858292877674,0.012148084118962288,0.016747519839555025,2.128614082140305,65.13040161132812
12,115,0.2972089350223541,0.1532038152217865,0.18230607360601425,1.93995779145681,65.13040161132812
12,116,0.004877988249063492,0.00451552914455533,0.0014913413906469941,1.0802694638489783,65.13040161132812
12,117,0.0382305346429348,0.024158908054232597,0.02011135360226035,1.5824612004620142,65.13040161132812
12,118,0.0742112398147583,0.010795451700687408,0.06611465103924274,6.874306130530743,65.13040161132812
12,119,0.06979864835739136,0.048286356031894684,0.033583881333470345,1.4455149257865225,65.13040161132812
12,120,0.35325920581817627,0.3043326735496521,0.1250097006559372,1.1607666100938092,65.13040161132812
12,121,0.0,0.037877365946769714,-0.028408024460077286,0.0,65.13040161132812
12,122,0.49523189663887024,0.34426364302635193,0.2370341643691063,1.438525114891449,65.13040161132812
12,123,0.06007073447108269,0.05884699150919914,0.01593549083918333,1.020795335997278,65.13040161132812
12,124,0.00021766973077319562,0.0025170668959617615,-0.0016701304411981255,0.08647753106440476,65.13040161132812
12,125,0.08076579868793488,0.1665150672197342,-0.04412050172686577,0.48503597924187153,65.13040161132812
12,126,0.012348625808954239,0.0,0.012348625808954239,12348625808.954239,65.13040161132812
12,127,0.025012444704771042,0.001831665402278304,0.023638695653062314,13.655575226787553,65.13040161132812
12,128,1.1063116289733443e-05,0.033530618995428085,-0.02513690113028133,0.00032994071153031695,65.13040161132812
12,129,0.015051397494971752,0.07323303073644638,-0.03987337555736303,0.20552744224028807,65.13040161132812
12,130,0.0,0.10913369804620743,-0.08185027353465557,0.0,65.13040161132812
12,131,0.30067092180252075,0.004517856054008007,0.29728252976201475,66.55168251082932,65.13040161132812
12,132,0.0,0.05460349842905998,-0.04095262382179499,0.0,65.13040161132812
12,133,0.009218957275152206,0.008738545700907707,0.002665047999471426,1.0549761470194772,65.13040161132812
12,134,0.009854765608906746,0.008987495675683022,0.0031141438521444798,1.096497396318504,65.13040161132812
12,135,0.0021891389042139053,0.003809114685282111,-0.000667697109747678,0.5747106833243227,65.13040161132812
12,136,0.07727199792861938,0.20299218595027924,-0.07497214153409004,0.38066488897836526,65.13040161132812
12,137,0.22855587303638458,0.02948085591197014,0.20644523110240698,7.752687836170698,65.13040161132812
12,138,0.4225051999092102,0.26881131529808044,0.22089671343564987,1.5717537762096414,65.13040161132812
12,139,0.04869730398058891,0.04299972578883171,0.01644750963896513,1.1325026633566238,65.13040161132812
12,140,0.06889372318983078,0.040121741592884064,0.03880241699516773,1.7171169658381071,65.13040161132812
12,141,0.2815101146697998,0.19461692869663239,0.13554741814732552,1.4464831839329324,65.13040161132812
12,142,0.010974176228046417,0.014100574888288975,0.00039874506182968616,0.7782786385810821,65.13040161132812
12,143,0.025068404152989388,0.014634489081799984,0.0140925373416394,1.7129674982950007,65.13040161132812
12,144,0.0,0.0,0.0,0.0,65.13040161132812
12,145,0.0,0.0028431962709873915,-0.0021323972032405436,0.0,65.13040161132812
12,146,0.0,0.1630195528268814,-0.12226466462016106,0.0,65.13040161132812
12,147,0.004715803544968367,0.02988859824836254,-0.01770064514130354,0.1577793480184018,65.13040161132812
12,148,0.0,0.04299881309270859,-0.03224910981953144,0.0,65.13040161132812
12,149,0.04192128777503967,0.02640395611524582,0.02211832068860531,1.5876896473572897,65.13040161132812
12,150,0.03154613822698593,0.020337171852588654,0.01629325933754444,1.5511565941465637,65.13040161132812
12,151,0.012446606531739235,0.006017783656716347,0.007933268789201975,2.0683040866348663,65.13040161132812
12,152,0.0,0.0,0.0,0.0,65.13040161132812
12,153,0.0,0.009575054980814457,-0.007181291235610843,0.0,65.13040161132812
12,154,0.0838923305273056,0.11785923689603806,-0.0045020971447229385,0.711801066560392,65.13040161132812
12,155,0.0,0.004533377010375261,-0.003400032757781446,0.0,65.13040161132812
12,156,0.2500435411930084,0.0718192607164383,0.1961790956556797,3.481566625654444,65.13040161132812
12,157,0.0,0.04618072509765625,-0.03463554382324219,0.0,65.13040161132812
12,158,0.0020914936903864145,0.015241522341966629,-0.009339648066088557,0.1372234113708174,65.13040161132812
12,159,0.005209294613450766,0.03901030123233795,-0.024048431310802698,0.13353638523044617,65.13040161132812
12,160,0.3271849751472473,0.19659380614757538,0.17973962053656578,1.664268989736014,65.13040161132812
12,161,0.0,0.0,0.0,0.0,65.13040161132812
12,162,0.1936812400817871,0.1450480967760086,0.08489516749978065,1.335289772050889,65.13040161132812
12,163,0.00650718854740262,0.010435089468955994,-0.001319128554314375,0.6235872309612369,65.13040161132812
12,164,0.08746366202831268,0.12404975295066833,-0.005573652684688568,0.705069215755632,65.13040161132812
12,165,0.03469162434339523,0.045374222099781036,0.0006609577685594559,0.7645668121062528,65.13040161132812
12,166,0.09381450712680817,0.08318477123975754,0.03142592869699001,1.1277846380713785,65.13040161132812
12,167,0.0,0.06818323582410812,-0.05113742686808109,0.0,65.13040161132812
12,168,0.005507912021130323,0.051231734454631805,-0.03291588881984353,0.10750977064616733,65.13040161132812
12,169,0.09709876030683517,0.026534507051110268,0.07719788001850247,3.6593391434084697,65.13040161132812
12,170,0.0594806931912899,0.04306256026029587,0.027183772996068,1.3812623501801045,65.13040161132812
12,171,0.0,0.2885236144065857,-0.21639271080493927,0.0,65.13040161132812
12,172,0.029908638447523117,0.001702694920822978,0.028631617256905884,17.565471103597144,65.13040161132812
12,173,0.07251496613025665,0.017609991133213043,0.05930747278034687,4.1178309277721965,65.13040161132812
12,174,0.03965308517217636,0.04027973860502243,0.009443281218409538,0.9844424652310834,65.13040161132812
12,175,0.19596917927265167,0.18671999871730804,0.05592918023467064,1.0495350290158112,65.13040161132812
12,176,0.137481689453125,0.012523110024631023,0.12808935693465173,10.978238566277986,65.13040161132812
12,177,0.08040551841259003,0.05353190377354622,0.04025659058243036,1.5020111885283238,65.13040161132812
12,178,0.027535533532500267,0.01413422729820013,0.01693486305885017,1.9481456573192741,65.13040161132812
12,179,0.022335950285196304,0.021923726424574852,0.005893155466765165,1.0188026365417777,65.13040161132812
12,180,0.08857004344463348,0.023782331496477127,0.07073329482227564,3.7241951426851974,65.13040161132812
12,181,0.0,0.024423906579613686,-0.018317929934710264,0.0,65.13040161132812
12,182,0.06757684797048569,0.07404583692550659,0.012042470276355743,0.9126353455570819,65.13040161132812
12,183,0.0,0.002385494764894247,-0.0017891210736706853,0.0,65.13040161132812
12,184,0.0,0.005697641056030989,-0.0042732307920232415,0.0,65.13040161132812
12,185,0.0,0.006480456795543432,-0.004860342596657574,0.0,65.13040161132812
12,186,0.005060033407062292,0.03411933034658432,-0.020529464352875948,0.14830400701051705,65.13040161132812
12,187,0.05323200672864914,0.06414373964071274,0.005124201998114586,0.8298862371602717,65.13040161132812
12,188,0.006497522816061974,0.09444478154182434,-0.06433606334030628,0.06879705484961902,65.13040161132812
12,189,0.0,0.0,0.0,0.0,65.13040161132812
12,190,0.14115656912326813,0.08390830457210541,0.07822534069418907,1.6822717350972687,65.13040161132812
12,191,0.06460904330015182,0.053065136075019836,0.024810191243886948,1.2175422146773442,65.13040161132812
12,192,0.13439178466796875,0.1006302684545517,0.05891908332705498,1.3355006076261187,65.13040161132812
12,193,0.003734976751729846,0.030527625232934952,-0.019160742172971368,0.12234743852849686,65.13040161132812
12,194,0.019823521375656128,0.009823549538850784,0.01245585922151804,2.017959119077974,65.13040161132812
12,195,0.04166668653488159,0.03223014995455742,0.017494074068963528,1.2927859967246922,65.13040161132812
12,196,0.005672828759998083,0.0075692832469940186,-4.133675247430801e-06,0.749453888054919,65.13040161132812
12,197,0.1791245937347412,0.09455220401287079,0.10821044072508812,1.8944518068395704,65.13040161132812
12,198,0.007920262403786182,0.004595932550728321,0.004473312990739942,1.7233199823195253,65.13040161132812
12,199,0.0,0.0898938849568367,-0.06742041371762753,0.0,65.13040161132812
12,200,0.10735810548067093,0.056955743581056595,0.06464129779487848,1.8849390549348066,65.13040161132812
12,201,0.07375382632017136,0.04592891409993172,0.03930714074522257,1.6058256060244016,65.13040161132812
12,202,0.1577252894639969,0.10662034153938293,0.07776003330945969,1.4793170532497095,65.13040161132812
12,203,0.05633410066366196,0.03090224228799343,0.03315741894766688,1.822977767659491,65.13040161132812
12,204,0.2155372053384781,0.11736324429512024,0.1275147721171379,1.836496653029242,65.13040161132812
12,205,0.08284503221511841,0.15484343469142914,-0.033287543803453445,0.5350245063969057,65.13040161132812
12,206,0.1014743223786354,0.18539631366729736,-0.037572912871837616,0.5473373249491283,65.13040161132812
12,207,0.0,0.001966050360351801,-0.0014745377702638507,0.0,65.13040161132812
12,208,0.0,0.017218265682458878,-0.012913699261844158,0.0,65.13040161132812
12,209,0.11082529276609421,0.02511163428425789,0.09199156705290079,4.413304666162475,65.13040161132812
12,210,0.04388115555047989,0.021334443241357803,0.027880323119461536,2.0568221561722044,65.13040161132812
12,211,0.0,0.0,0.0,0.0,65.13040161132812
12,212,0.0,0.14719365537166595,-0.11039524152874947,0.0,65.13040161132812
12,213,0.0,0.014202671125531197,-0.010652003344148397,0.0,65.13040161132812
12,214,0.07755956798791885,0.08687345683574677,0.01240447536110878,0.892787864234174,65.13040161132812
12,215,0.05402372032403946,0.13403169810771942,-0.04650005325675011,0.4030667453024304,65.13040161132812
12,216,0.026104845106601715,0.01820460334420204,0.012451392598450184,1.433969453307635,65.13040161132812
12,217,0.44073864817619324,0.27157503366470337,0.2370573729276657,1.6228982547737532,65.13040161132812
12,218,0.07211015373468399,0.038898974657058716,0.042935922741889954,1.8537803211670234,65.13040161132812
12,219,0.07612006366252899,0.05808928236365318,0.032553101889789104,1.3103977285291337,65.13040161132812
12,220,0.1024436354637146,0.014465897344052792,0.091594212455675,7.081733889031738,65.13040161132812
12,221,0.044058483093976974,0.040477633476257324,0.013700257986783981,1.0884648955263547,65.13040161132812
12,222,0.0,0.0,0.0,0.0,65.13040161132812
12,223,0.0,0.01767297089099884,-0.01325472816824913,0.0,65.13040161132812
12,224,0.20738179981708527,0.09970329701900482,0.13260432705283165,2.0799893886706218,65.13040161132812
12,225,0.0,0.14308521151542664,-0.10731390863656998,0.0,65.13040161132812
12,226,0.07392535358667374,0.034169889986515045,0.04829793609678745,2.1634647818206174,65.13040161132812
12,227,8.99722090252908e-06,0.015466475859284401,-0.011590859673560772,0.0005817240452062255,65.13040161132812
12,228,0.0025771926157176495,0.12934806942939758,-0.09443385945633054,0.019924476855871755,65.13040161132812
12,229,0.010110140778124332,0.0,0.010110140778124332,10110140778.124332,65.13040161132812
12,230,0.0,0.0,0.0,0.0,65.13040161132812
12,231,0.01759740710258484,0.023152241483330727,0.0002332259900867939,0.7600735814065623,65.13040161132812
12,232,0.03340061008930206,0.003974022809416056,0.03042009298224002,8.404735373374775,65.13040161132812
12,233,0.0,0.030047426000237465,-0.0225355695001781,0.0,65.13040161132812
12,234,0.191745325922966,0.0925566703081131,0.12232782319188118,2.071653239929557,65.13040161132812
12,235,0.0,0.008636516518890858,-0.006477387389168143,0.0,65.13040161132812
12,236,0.0,0.04220886528491974,-0.031656648963689804,0.0,65.13040161132812
12,237,0.046162914484739304,0.05588306114077568,0.004250618629157543,0.8260627378236081,65.13040161132812
12,238,0.1508730947971344,0.2023468166589737,-0.000887017697095871,0.7456163496293771,65.13040161132812
12,239,0.16335800290107727,0.11486396193504333,0.07721003144979477,1.4221867341824372,65.13040161132812
12,240,0.0017622652230784297,0.0022870334796607494,4.699011333286762e-05,0.7705463159941549,65.13040161132812
12,241,0.027068069204688072,0.016521256417036057,0.01467712689191103,1.6383783726725645,65.13040161132812
12,242,0.0,0.10501044988632202,-0.07875783741474152,0.0,65.13040161132812
12,243,0.03044833429157734,0.0,0.03044833429157734,30448334291.57734,65.13040161132812
12,244,0.036082006990909576,0.027417663484811783,0.01551875937730074,1.3160131974623388,65.13040161132812
12,245,0.001827369094826281,0.001261875149793923,0.0008809627324808389,1.4481377921393976,65.13040161132812
12,246,0.04791049659252167,0.08871584385633469,-0.018626386299729347,0.5400444217108195,65.13040161132812
12,247,0.012963713146746159,0.027674740180373192,-0.007792341988533735,0.4684312503671322,65.13040161132812
12,248,0.016821926459670067,0.022476589307188988,-3.5515520721673965e-05,0.7484198883120254,65.13040161132812
12,249,0.04214062914252281,0.16039183735847473,-0.07815324887633324,0.26273549724401524,65.13040161132812
12,250,0.0017000430962070823,0.05893200263381004,-0.04249895887915045,0.028847536486107776,65.13040161132812
12,251,0.20796455442905426,0.15775656700134277,0.08964712917804718,1.3182624240673662,65.13040161132812
12,252,0.07822184264659882,0.15584027767181396,-0.03865836560726166,0.5019359809588203,65.13040161132812
12,253,0.0,0.009162011556327343,-0.006871508667245507,0.0,65.13040161132812
12,254,0.03134043514728546,0.014111779630184174,0.02075660042464733,2.2208705043855312,65.13040161132812
12,255,0.0,0.007589081767946482,-0.005691811325959861,0.0,65.13040161132812
13,0,0.009009376168251038,0.013090169057250023,-0.0008082506246864796,0.6882551423255238,65.15010166168213
13,1,0.15863212943077087,0.07401962578296661,0.10311741009354591,2.14310904372516,65.15010166168213
13,2,0.005427755415439606,0.003079518908634782,0.0031181162339635193,1.7625335562830868,65.15010166168213
13,3,0.0294038075953722,0.012106985785067081,0.02032356825657189,2.4286645838149563,65.15010166168213
13,4,0.011858269572257996,0.05467149242758751,-0.029145349748432636,0.21690041821608208,65.15010166168213
13,5,0.02682856284081936,0.23770923912525177,-0.15145336650311947,0.11286293683591411,65.15010166168213
13,6,0.06144678592681885,0.0386306494474411,0.03247379884123802,1.5906226481858556,65.15010166168213
13,7,0.00012315645290073007,0.0026560835540294647,-0.0018689062126213685,0.046367687743680136,65.15010166168213
13,8,0.07867603003978729,0.03994064778089523,0.04872054420411587,1.969823585972246,65.15010166168213
13,9,0.06348861753940582,0.07987960427999496,0.0035789143294095993,0.7948038565147361,65.15010166168213
13,10,0.06261804699897766,0.04653036594390869,0.027720272541046143,1.34574585278604,65.15010166168213
13,11,0.025208355858922005,0.027540193870663643,0.0045532104559242725,0.915329644242596,65.15010166168213
13,12,0.011752210557460785,0.005373170133680105,0.007722332957200706,2.1872023894438732,65.15010166168213
13,13,0.09449698776006699,0.01482202298939228,0.08338047051802278,6.375444689386899,65.15010166168213
13,14,0.036484088748693466,0.007303677499294281,0.031006330624222755,4.995303906453077,65.15010166168213
13,15,0.0,0.017319686710834503,-0.012989765033125877,0.0,65.15010166168213
13,16,0.2865299880504608,0.1786767542362213,0.15252242237329483,1.603622078729097,65.15010166168213
13,17,0.23685266077518463,0.18833284080028534,0.09560303017497063,1.257628036445825,65.15010166168213
13,18,0.008708927780389786,0.007367490325123072,0.003183310036547482,1.1820752243827657,65.15010166168213
13,19,0.0,0.00974833220243454,-0.007311249151825905,0.0,65.15010166168213
13,20,0.013472186401486397,0.014893819577991962,0.002301821717992425,0.9045487848187171,65.15010166168213
13,21,1.1586515029193833e-05,0.005678269080817699,-0.004247115295584081,0.002040501227089579,65.15010166168213
13,22,0.002062602201476693,0.0014774086885154247,0.0009545456850901246,1.3960945377634175,65.15010166168213
13,23,0.671923816204071,0.003984368406236172,0.6689355398993939,168.63998193133023,65.15010166168213
13,24,0.07090743631124496,0.021589230746030807,0.05471551325172186,3.2843892004348954,65.15010166168213
13,25,0.07833646982908249,0.05845193937420845,0.03449751529842615,1.3401859829873801,65.15010166168213
13,26,0.24122753739356995,0.042804524302482605,0.209124144166708,5.635561691639767,65.15010166168213
13,27,0.07380934804677963,0.03297758102416992,0.04907616227865219,2.2381674383710903,65.15010166168213
13,28,0.0008957416284829378,0.055462632328271866,-0.04070123261772096,0.01615036270123419,65.15010166168213
13,29,0.0493948794901371,0.026884574443101883,0.029231448657810688,1.83729445272933,65.15010166168213
13,30,0.0,0.0,0.0,0.0,65.15010166168213
13,31,0.05366627126932144,0.04658869281411171,0.01872475165873766,1.1519162274480905,65.15010166168213
13,32,0.08939375728368759,0.0,0.08939375728368759,89393757283.68759,65.15010166168213
13,33,0.0,0.0,0.0,0.0,65.15010166168213
13,34,0.0,0.0,0.0,0.0,65.15010166168213
13,35,0.12431757152080536,0.04057198390364647,0.09388858359307051,3.0641235541495915,65.15010166168213
13,36,0.22597023844718933,0.16980037093162537,0.0986199602484703,1.3307994394008211,65.15010166168213
13,37,0.2409937083721161,0.20401296019554138,0.08798398822546005,1.1812666613922385,65.15010166168213
13,38,0.012256305664777756,0.6214942932128906,-0.4538644142448902,0.019720705079040335,65.15010166168213
13,39,0.0,0.005535721778869629,-0.004151791334152222,0.0,65.15010166168213
13,40,0.27050942182540894,0.14423735439777374,0.16233140602707863,1.8754463637590728,65.15010166168213
13,41,0.0,0.0,0.0,0.0,65.15010166168213
13,42,0.010841671377420425,0.07726626843214035,-0.04710802994668484,0.14031571081761096,65.15010166168213
13,43,0.07104982435703278,0.050503458827733994,0.03317223023623228,1.4068308588125633,65.15010166168213
13,44,0.021554671227931976,0.013637393712997437,0.011326625943183899,1.5805564963493162,65.15010166168213
13,45,0.04757038503885269,0.03235676884651184,0.02330280840396881,1.4701834185928224,65.15010166168213
13,46,0.0,0.02292362041771412,-0.01719271531328559,0.0,65.15010166168213
13,47,1.546560633869376e-05,0.05867910385131836,-0.043993862282150076,0.0002635624152955214,65.15010166168213
13,48,0.011393120512366295,0.061024121940135956,-0.03437497094273567,0.18669863899649605,65.15010166168213
13,49,0.05170835927128792,0.012637466192245483,0.042230259627103806,4.091671422149891,65.15010166168213
13,50,0.0,0.07990578562021255,-0.059929339215159416,0.0,65.15010166168213
13,51,0.005439481697976589,0.02769365906715393,-0.015330762602388859,0.19641614293691048,65.15010166168213
13,52,0.042124006897211075,0.09171085059642792,-0.026659131050109863,0.45931322872707564,65.15010166168213
13,53,0.04606025293469429,0.31515032052993774,-0.19030248746275902,0.146153279670146,65.15010166168213
13,54,0.022440681234002113,0.029281172901391983,0.00047980155795812607,0.766386008812131,65.15010166168213
13,55,0.08909506350755692,0.008102219551801682,0.08301839884370565,10.996377341656776,65.15010166168213
13,56,0.0,0.0,0.0,0.0,65.15010166168213
13,57,0.06530331075191498,0.05200089514255524,0.02630263939499855,1.2558112811642317,65.15010166168213
13,58,0.019434919580817223,0.03172755241394043,-0.0043607447296381,0.6125565352991227,65.15010166168213
13,59,0.024151071906089783,0.01540060993283987,0.01260061445645988,1.5681893126208242,65.15010166168213
13,60,0.03531600907444954,0.02740735188126564,0.014760495163500309,1.2885596983669672,65.15010166168213
13,61,0.022948971018195152,0.022194286808371544,0.006303255911916494,1.0340035350225782,65.15010166168213
13,62,0.0,0.0,0.0,0.0,65.15010166168213
13,63,0.04735049232840538,0.02150689624249935,0.031220320146530867,2.2016422914913854,65.15010166168213
13,64,0.01762154884636402,0.0077976337634027,0.011773323523811996,2.259858487687493,65.15010166168213
13,65,0.028632724657654762,0.026417022570967674,0.008819957729429007,1.083874027803507,65.15010166168213
13,66,0.0,0.004245665390044451,-0.003184249042533338,0.0,65.15010166168213
13,67,0.0,0.02353667840361595,-0.017652508802711964,0.0,65.15010166168213
13,68,0.01431200560182333,0.00857799407094717,0.007878510048612952,1.6684559912005816,65.15010166168213
13,69,0.01644601859152317,0.028806131333112717,-0.005158579908311367,0.5709207668593634,65.15010166168213
13,70,0.18604972958564758,0.1428990364074707,0.07887545228004456,1.3019662991556673,65.15010166168213
13,71,0.4196849763393402,0.3117874264717102,0.18584440648555756,1.346061260671376,65.15010166168213
13,72,0.06515052169561386,0.03138118237257004,0.04161463491618633,2.076101560484386,65.15010166168213
13,73,0.5332921743392944,0.32305681705474854,0.29099956154823303,1.6507689860860189,65.15010166168213
13,74,0.0,0.21456892788410187,-0.1609266959130764,0.0,65.15010166168213
13,75,0.008712568320333958,0.010531150735914707,0.0008142052683979273,0.8273139885647922,65.15010166168213
13,76,0.005148870404809713,0.01549220085144043,-0.006470280233770609,0.3323524174422662,65.15010166168213
13,77,0.02945571206510067,0.1061883494257927,-0.05018555000424385,0.27739118485317193,65.15010166168213
13,78,0.004056175239384174,0.0028137331828475,0.0019458753522485495,1.4415635649709184,65.15010166168213
13,79,0.03412305563688278,0.2972297668457031,-0.18879926949739456,0.1148036281792793,65.15010166168213
13,80,0.29563993215560913,0.18652763962745667,0.15574420243501663,1.5849658138841654,65.15010166168213
13,81,0.0,0.0,0.0,0.0,65.15010166168213
13,82,0.8608969449996948,0.4976550340652466,0.4876556694507599,1.7299070361359883,65.15010166168213
13,83,0.018340473994612694,0.017923254519701004,0.004898033104836941,1.023278109086149,65.15010166168213
13,84,0.015969131141901016,0.011765597388148308,0.007144933100789785,1.3572732955004672,65.15010166168213
13,85,0.1986052542924881,0.13215267658233643,0.09949074685573578,1.5028470056544498,65.15010166168213
13,86,0.0,0.0,0.0,0.0,65.15010166168213
13,87,0.0,0.02750893123447895,-0.020631698425859213,0.0,65.15010166168213
13,88,0.06472985446453094,0.0510551854968071,0.02643846534192562,1.2678409417846732,65.15010166168213
13,89,0.10951042920351028,0.009128416888415813,0.10266411653719842,11.996650736940495,65.15010166168213
13,90,0.24763426184654236,0.14965291321277618,0.13539457693696022,1.6547239644630356,65.15010166168213
13,91,0.022007519379258156,0.05413152649998665,-0.01859112549573183,0.40655641549027866,65.15010166168213
13,92,0.0,0.0,0.0,0.0,65.15010166168213
13,93,0.02653953805565834,0.0553458109498024,-0.014969820156693459,0.4795220740238078,65.15010166168213
13,94,0.02941613458096981,0.013410857878625393,0.019357991172000766,2.1934565890568885,65.15010166168213
13,95,0.048089299350976944,0.02898566983640194,0.02635004697367549,1.6590715212288953,65.15010166168213
13,96,0.10842287540435791,0.08050809800624847,0.048041801899671555,1.3467325410494253,65.15010166168213
13,97,0.21083924174308777,0.1297105997800827,0.11355629190802574,1.625458845298139,65.15010166168213
13,98,0.0,0.016383180394768715,-0.012287385296076536,0.0,65.15010166168213
13,99,0.3474937677383423,0.2149798721075058,0.18625886365771294,1.6164014069324284,65.15010166168213
13,100,0.0,0.01408522017300129,-0.010563915129750967,0.0,65.15010166168213
13,101,0.0,0.0,0.0,0.0,65.15010166168213
13,102,0.0052742850966751575,0.0,0.0052742850966751575,5274285096.675158,65.15010166168213
13,103,0.10741060227155685,0.03143896907567978,0.08383137546479702,3.4164797837226133,65.15010166168213
13,104,0.14146435260772705,0.047981493175029755,0.10547823272645473,2.94831075991605,65.15010166168213
13,105,0.0,0.011049386113882065,-0.008287039585411549,0.0,65.15010166168213
13,106,0.05908628925681114,0.08016157150268555,-0.0010348893702030182,0.7370899565522435,65.15010166168213
13,107,0.20882678031921387,0.099359430372715,0.13430720753967762,2.101730852660543,65.15010166168213
13,108,0.00842833612114191,0.0031698010861873627,0.0060509853065013885,2.6589479558228577,65.15010166168213
13,109,0.0,0.0,0.0,0.0,65.15010166168213
13,110,0.015870964154601097,0.07274230569601059,-0.038685765117406845,0.21818065845627063,65.15010166168213
13,111,0.12434226274490356,0.10806821286678314,0.04329110309481621,1.1505905339346272,65.15010166168213
13,112,0.015315750613808632,0.03424357622861862,-0.010366931557655334,0.4472590862329804,65.15010166168213
13,113,0.0,0.0,0.0,0.0,65.15010166168213
13,114,0.028202902525663376,0.0443180687725544,-0.005035649053752422,0.6363748084278594,65.15010166168213
13,115,0.0,0.0,0.0,0.0,65.15010166168213
13,116,0.0,0.166705921292305,-0.12502944096922874,0.0,65.15010166168213
13,117,0.0018915953114628792,0.09513097256422043,-0.06945663411170244,0.019884116186934055,65.15010166168213
13,118,0.4691747725009918,0.037810347974300385,0.44081701152026653,12.408634081005557,65.15010166168213
13,119,0.021510591730475426,0.012410628609359264,0.012202620273455977,1.7332395002554777,65.15010166168213
13,120,0.07435360550880432,0.17263656854629517,-0.05512382090091705,0.4306944127450874,65.15010166168213
13,121,0.0,0.025494959205389023,-0.019121219404041767,0.0,65.15010166168213
13,122,0.06523282080888748,0.0,0.06523282080888748,65232820808.88748,65.15010166168213
13,123,0.02941967360675335,0.08245060592889786,-0.032418280839920044,0.35681573561468904,65.15010166168213
13,124,0.04905914142727852,0.0806959867477417,-0.011462848633527756,0.6079502017867512,65.15010166168213
13,125,0.0,0.003660475369542837,-0.002745356527157128,0.0,65.15010166168213
13,126,0.0,0.0,0.0,0.0,65.15010166168213
13,127,0.030724892392754555,0.01639905385673046,0.01842560200020671,1.873577138004882,65.15010166168213
13,128,0.03702107444405556,0.10122259706258774,-0.038895873352885246,0.36573922738614406,65.15010166168213
13,129,0.002903812797740102,0.004013603087514639,-0.00010638951789587736,0.7234927654031553,65.15010166168213
13,130,0.019308961927890778,0.060587357729673386,-0.02613155636936426,0.31869622064926734,65.15010166168213
13,131,0.0072821201756596565,0.0,0.0072821201756596565,7282120175.659657,65.15010166168213
13,132,0.20967376232147217,0.09208870679140091,0.14060723222792149,2.2768672687971145,65.15010166168213
13,133,1.1737779459508602e-05,0.19273048639297485,-0.14453612701527163,6.09025571362619e-05,65.15010166168213
13,134,0.02145674079656601,0.01014504674822092,0.013847955735400319,2.114996739489028,65.15010166168213
13,135,0.012754065915942192,0.04575112834572792,-0.02155928034335375,0.2787705216641799,65.15010166168213
13,136,0.03487236425280571,0.010167345404624939,0.027246855199337006,3.429839634789339,65.15010166168213
13,137,0.0,0.013564030639827251,-0.010173022979870439,0.0,65.15010166168213
13,138,0.0,0.008335637860000134,-0.0062517283950001,0.0,65.15010166168213
13,139,0.07205546647310257,0.02518644370138645,0.05316563369706273,2.8608829148148143,65.15010166168213
13,140,0.0873764157295227,0.13218124210834503,-0.011759515851736069,0.6610349118768442,65.15010166168213
13,141,0.011154471896588802,0.0063910819590091705,0.0063611604273319244,1.7453182366280897,65.15010166168213
13,142,0.28106436133384705,0.1771550178527832,0.14819809794425964,1.5865447377043902,65.15010166168213
13,143,0.0007295015384443104,0.0025509155821055174,-0.0011836851481348276,0.28597635424540624,65.15010166168213
13,144,0.021843424066901207,0.049361396580934525,-0.015177623368799686,0.4425203819070133,65.15010166168213
13,145,0.2616449296474457,0.15527164936065674,0.14519119262695312,1.6850785750206443,65.15010166168213
13,146,0.14392510056495667,0.0814628154039383,0.08282798901200294,1.7667582423898387,65.15010166168213
13,147,0.0,0.0187789686024189,-0.014084226451814175,0.0,65.15010166168213
13,148,0.02132371813058853,0.012332884594798088,0.012074054684489965,1.7290130273215798,65.15010166168213
13,149,0.07451166957616806,0.060480277985334396,0.029151461087167263,1.2319994559714835,65.15010166168213
13,150,0.2610696852207184,0.2464536875486374,0.07622941955924034,1.059305250476876,65.15010166168213
13,151,0.02147928811609745,0.020361673086881638,0.006208033300936222,1.0548881726659765,65.15010166168213
13,152,0.11516975611448288,0.04521298035979271,0.08126002084463835,2.547271938178942,65.15010166168213
13,153,0.036773089319467545,0.02668750286102295,0.016757462173700333,1.3779142061206733,65.15010166168213
13,154,0.15661004185676575,0.18702194094657898,0.016343586146831512,0.837388602980345,65.15010166168213
13,155,0.01728113181889057,0.03197478875517845,-0.006699959747493267,0.5404611724151378,65.15010166168213
13,156,0.007228771690279245,7.84311632742174e-05,0.007169948317823582,92.16708380109503,65.15010166168213
13,157,0.0,0.014371522702276707,-0.01077864202670753,0.0,65.15010166168213
13,158,0.058598533272743225,0.052325211465358734,0.019354624673724174,1.1198909976774347,65.15010166168213
13,159,0.01627153344452381,0.0,0.01627153344452381,16271533444.523811,65.15010166168213
13,160,0.008773010224103928,0.008249983191490173,0.0025855228304862976,1.06339734511094,65.15010166168213
13,161,0.2644069790840149,0.19864867627620697,0.11542047187685966,1.3310281449600228,65.15010166168213
13,162,0.008258266374468803,0.0,0.008258266374468803,8258266374.468803,65.15010166168213
13,163,0.11278036236763,0.15700098872184753,-0.004970379173755646,0.7183417332913755,65.15010166168213
13,164,0.009540756233036518,0.04001237079501152,-0.020468521863222122,0.23844516191446352,65.15010166168213
13,165,0.005441224668174982,0.044979531317949295,-0.02829342382028699,0.12097112861384272,65.15010166168213
13,166,0.11731433123350143,0.08685615658760071,0.0521722137928009,1.3506737557956616,65.15010166168213
13,167,0.016236992552876472,0.038029756397008896,-0.0122853247448802,0.4269549450421035,65.15010166168213
13,168,0.05373357608914375,0.02166033163666725,0.037488327361643314,2.4807365366327647,65.15010166168213
13,169,0.008543199859559536,0.015192007645964622,-0.002850805874913931,0.5623483122236629,65.15010166168213
13,170,0.09772920608520508,0.06618035584688187,0.04809393920004368,1.4767101934271776,65.15010166168213
13,171,0.30570748448371887,0.19138707220554352,0.16216718032956123,1.5973256759672962,65.15010166168213
13,172,0.02637055329978466,0.018230285495519638,0.012697839178144932,1.4465244279810698,65.15010166168213
13,173,0.034033022820949554,0.15659570693969727,-0.0834137573838234,0.21733049702210447,65.15010166168213
13,174,0.06594344228506088,0.0596761628985405,0.02118632011115551,1.1050214873243576,65.15010166168213
13,175,0.0,0.0,0.0,0.0,65.15010166168213
13,176,0.0,0.0060042995028197765,-0.004503224627114832,0.0,65.15010166168213
13,177,0.0,0.08741877228021622,-0.06556407921016216,0.0,65.15010166168213
13,178,0.05057459697127342,0.06116123124957085,0.004703673534095287,0.8269061288853858,65.15010166168213
13,179,0.0,0.05148772522807121,-0.03861579392105341,0.0,65.15010166168213
13,180,0.0,0.02504667453467846,-0.018785005901008844,0.0,65.15010166168213
13,181,0.019137082621455193,0.01654834859073162,0.006725821178406477,1.1564345841141535,65.15010166168213
13,182,0.0005718359025195241,0.0,0.0005718359025195241,571835902.5195241,65.15010166168213
13,183,0.0132294325158,0.0062542203813791275,0.008538767229765654,2.115280835493596,65.15010166168213
13,184,0.010234447196125984,0.012483238242566586,0.000872018514201045,0.8198551526804715,65.15010166168213
13,185,0.11915942281484604,0.09262216836214066,0.04969279654324055,1.2865108312694824,65.15010166168213
13,186,7.057454695313936e-06,0.0056690615601837635,-0.004244738715442509,0.001244907048396959,65.15010166168213
13,187,0.011834199540317059,0.04869823530316353,-0.024689476937055588,0.24301084970332132,65.15010166168213
13,188,0.09637061506509781,0.02369273267686367,0.07860106555745006,4.067517933680049,65.15010166168213
13,189,0.006868615280836821,0.12012020498514175,-0.0832215384580195,0.057181181813910915,65.15010166168213
13,190,0.0362156517803669,0.007824407890439034,0.030347345862537622,4.628548547423217,65.15010166168213
13,191,0.06172061711549759,0.04672173038125038,0.026679319329559803,1.3210259254213175,65.15010166168213
13,192,0.03013680689036846,0.019053539261221886,0.015846652444452047,1.5816907544375105,65.15010166168213
13,193,0.00018767398432828486,0.0021497809793800116,-0.0014246617502067238,0.08729911839442835,65.15010166168213
13,194,0.09457141906023026,0.056273557245731354,0.05236625112593174,1.6805658587670576,65.15010166168213
13,195,0.47441160678863525,0.28806427121162415,0.25836340337991714,1.6468949960075598,65.15010166168213
13,196,0.06662816554307938,0.04007900506258011,0.036568911746144295,1.6624206473534584,65.15010166168213
13,197,0.9602461457252502,0.6359434723854065,0.4832885414361954,1.5099551885042288,65.15010166168213
13,198,0.14454711973667145,0.19354631006717682,-0.0006126128137111664,0.7468347998251923,65.15010166168213
13,199,0.0005754583398811519,0.0031761331483721733,-0.001806641521397978,0.1811820578097939,65.15010166168213
13,200,0.048816751688718796,0.06809794902801514,-0.0022567100822925568,0.7168608215780328,65.15010166168213
13,201,0.0,0.04174443334341049,-0.03130832500755787,0.0,65.15010166168213
13,202,0.26603463292121887,0.0996905043721199,0.19126675464212894,2.6686055466778362,65.15010166168213
13,203,0.1699284464120865,0.11202266067266464,0.085911450907588,1.5169113587393561,65.15010166168213
13,204,0.2269706130027771,0.14136086404323578,0.12094996497035027,1.6056113871216267,65.15010166168213
13,205,0.04822927713394165,0.04499262943863869,0.014484805054962635,1.0719372869426356,65.15010166168213
13,206,0.01981683261692524,0.0,0.01981683261692524,19816832616.92524,65.15010166168213
13,207,0.004448161460459232,0.014865082688629627,-0.006700650556012988,0.29923556789646494,65.15010166168213
13,208,0.0019078727345913649,0.0561789870262146,-0.040226367535069585,0.03396061117419473,65.15010166168213
13,209,0.0005019768723286688,0.0041428860276937485,-0.0026051876484416425,0.12116598642877512,65.15010166168213
13,210,0.0,0.01681279018521309,-0.012609592638909817,0.0,65.15010166168213
13,211,0.33442506194114685,0.4485245645046234,-0.0019683614373207092,0.7456114746129004,65.15010166168213
13,212,0.0019999807700514793,0.04641056805849075,-0.032807945273816586,0.043093218929960764,65.15010166168213
13,213,0.12372324615716934,0.09017597138881683,0.05609126761555672,1.372020109684572,65.15010166168213
13,214,0.00983604695647955,0.080106221139431,-0.0502436188980937,0.12278755403074587,65.15010166168213
13,215,0.00781677383929491,5.23206836078316e-05,0.007777533326589037,149.40121479459503,65.15010166168213
13,216,0.006566124502569437,0.0034900407772511244,0.003948593919631094,1.8813890495169951,65.15010166168213
13,217,0.2985413670539856,0.2280396968126297,0.12751159444451332,1.3091640237444049,65.15010166168213
13,218,0.0022398948203772306,0.012519381940364838,-0.007149641634896398,0.17891416931505819,65.15010166168213
13,219,0.003938406705856323,0.14174972474575043,-0.1023738868534565,0.027784228243777312,65.15010166168213
13,220,0.15408436954021454,0.07870344817638397,0.09505678340792656,1.957784228118379,65.15010166168213
13,221,0.004723628517240286,0.04865824431180954,-0.03177005471661687,0.0970776604037225,65.15010166168213
13,222,0.0,0.03730541095137596,-0.02797905821353197,0.0,65.15010166168213
13,223,0.038267504423856735,0.021075185388326645,0.02246111538261175,1.8157612242517687,65.15010166168213
13,224,0.008486956357955933,0.018270954489707947,-0.0052162595093250275,0.46450536354146915,65.15010166168213
13,225,0.0316769964993,0.023072753101587296,0.014372431673109531,1.3729179330466577,65.15010166168213
13,226,0.06897345185279846,0.07726854085922241,0.011022046208381653,0.8926459731855214,65.15010166168213
13,227,0.031573109328746796,0.048401717096567154,-0.00472817849367857,0.6523138273194398,65.15010166168213
13,228,0.04272986948490143,0.011809542775154114,0.03387271240353584,3.6182492662782666,65.15010166168213
13,229,0.0,0.0023535671643912792,-0.0017651753732934594,0.0,65.15010166168213
13,230,0.03701554238796234,0.019835228100419044,0.022139121312648058,1.8661515863946223,65.15010166168213
13,231,0.17633004486560822,0.10057058185338974,0.10090210847556591,1.7532964572175407,65.15010166168213
13,232,0.0,0.0,0.0,0.0,65.15010166168213
13,233,0.2079867273569107,0.12953618168830872,0.11083459109067917,1.6056265102499692,65.15010166168213
13,234,0.06382684409618378,0.020130928605794907,0.0487286476418376,3.1705861832245503,65.15010166168213
13,235,0.02171478047966957,0.022338569164276123,0.004960853606462479,0.972075709908216,65.15010166168213
13,236,0.0848047062754631,0.027844874188303947,0.06392105063423514,3.045612836995297,65.15010166168213
13,237,0.0,0.011969334445893764,-0.008977000834420323,0.0,65.15010166168213
13,238,0.0,0.005310259759426117,-0.003982694819569588,0.0,65.15010166168213
13,239,0.0,0.0018774686614051461,-0.0014081014960538596,0.0,65.15010166168213
13,240,0.0,0.0,0.0,0.0,65.15010166168213
13,241,0.1873946636915207,0.12362394481897354,0.09467670507729053,1.5158443937734942,65.15010166168213
13,242,0.0,0.009872395545244217,-0.007404296658933163,0.0,65.15010166168213
13,243,0.0,0.009281258098781109,-0.006960943574085832,0.0,65.15010166168213
13,244,0.0,0.0040076118893921375,-0.003005708917044103,0.0,65.15010166168213
13,245,0.03369893878698349,0.019900117069482803,0.018773850984871387,1.693404047203724,65.15010166168213
13,246,0.06826891750097275,0.04224180430173874,0.036587564274668694,1.6161458684790733,65.15010166168213
13,247,0.03769047185778618,0.023646697402000427,0.019955448806285858,1.5939000366708207,65.15010166168213
13,248,0.27525418996810913,0.14321069419384003,0.1678461693227291,1.9220225941620126,65.15010166168213
13,249,0.12373887002468109,0.005081869196146727,0.11992746812757105,24.349085980834705,65.15010166168213
13,250,0.026253726333379745,0.01615947112441063,0.014134122990071774,1.6246649490957652,65.15010166168213
13,251,0.0,0.0032619526609778404,-0.0024464644957333803,0.0,65.15010166168213
13,252,0.048013608902692795,0.0752614215016365,-0.008432457223534584,0.6379577736385276,65.15010166168213
13,253,0.0037210641894489527,0.012207762338221073,-0.005434757564216852,0.3048113229968383,65.15010166168213
13,254,0.04815736785531044,0.011504549533128738,0.039528955705463886,4.185941197649639,65.15010166168213
13,255,0.03678997978568077,0.04865282028913498,0.00030036456882953644,0.7561736311746853,65.15010166168213
14,0,0.030956577509641647,0.0,0.030956577509641647,30956577509.641647,65.16980171203613
14,1,0.3281232714653015,0.2822122275829315,0.11646410077810287,1.162682688395264,65.16980171203613
14,2,0.06415865570306778,0.08357629925012589,0.0014764312654733658,0.7676656693099925,65.16980171203613
14,3,0.011312603019177914,0.022241180762648582,-0.005368282552808523,0.5086332033984209,65.16980171203613
14,4,0.0,0.008230505511164665,-0.006172879133373499,0.0,65.16980171203613
14,5,0.532189130783081,0.39068320393562317,0.23917672783136368,1.3622012039949716,65.16980171203613
14,6,0.0,0.24347789585590363,-0.18260842189192772,0.0,65.16980171203613
14,7,0.0,0.17474135756492615,-0.1310560181736946,0.0,65.16980171203613
14,8,0.011924516409635544,0.05340326949954033,-0.028127935715019703,0.22329187933923958,65.16980171203613
14,9,0.5117387175559998,0.33684587478637695,0.25910431146621704,1.519207316637077,65.16980171203613
14,10,0.0,0.00033541637822054327,-0.00025156228366540745,0.0,65.16980171203613
14,11,0.0,0.033429645001888275,-0.025072233751416206,0.0,65.16980171203613
14,12,0.004310963675379753,0.05506470054388046,-0.036987561732530594,0.07828906055461254,65.16980171203613
14,13,0.5774908065795898,0.3857195973396301,0.28820110857486725,1.4971777699684936,65.16980171203613
14,14,0.0,0.05608638375997543,-0.042064787819981575,0.0,65.16980171203613
14,15,0.023909298703074455,0.011648871004581451,0.015172645449638367,2.052499224312685,65.16980171203613
14,16,0.0,0.015247057192027569,-0.011435292894020677,0.0,65.16980171203613
14,17,0.01404377818107605,0.02100532315671444,-0.0017102141864597797,0.6685818673500539,65.16980171203613
14,18,0.012474405579268932,0.0,0.012474405579268932,12474405579.268932,65.16980171203613
14,19,0.0,0.005983449053019285,-0.004487586789764464,0.0,65.16980171203613
14,20,0.18503451347351074,0.22801296412944794,0.01402479037642479,0.8115087410891737,65.16980171203613
14,21,0.11521109938621521,0.28294098377227783,-0.09699463844299316,0.40719127306963243,65.16980171203613
14,22,0.0,0.0835358127951622,-0.06265185959637165,0.0,65.16980171203613
14,23,0.04512611776590347,0.013105403631925583,0.035297065041959286,3.4433214748556162,65.16980171203613
14,24,0.06917702406644821,0.035155121237039566,0.04281068313866854,1.9677651969407883,65.16980171203613
14,25,0.010789992287755013,0.008799538016319275,0.004190338775515556,1.2261998603242714,65.16980171203613
14,26,0.021979158744215965,0.014310481958091259,0.011246297275647521,1.5358783028445033,65.16980171203613
14,27,0.0,0.0,0.0,0.0,65.16980171203613
14,28,0.052803002297878265,0.03390814736485481,0.027371891774237156,1.557236428406301,65.16980171203613
14,29,0.0013036630116403103,0.010577239096164703,-0.006629266310483217,0.1232517294602677,65.16980171203613
14,30,0.4891120493412018,0.27267584204673767,0.28460516780614853,1.793749111282005,65.16980171203613
14,31,0.036274541169404984,0.02009616605937481,0.021202416624873877,1.8050478414850657,65.16980171203613
14,32,0.06252317875623703,0.09865464270114899,-0.01146780326962471,0.6337580983897789,65.16980171203613
14,33,0.0,0.009272880852222443,-0.006954660639166832,0.0,65.16980171203613
14,34,0.0,0.00175422930624336,-0.00131567197968252,0.0,65.16980171203613
14,35,0.013286430388689041,0.06456510722637177,-0.03513740003108978,0.20578344804570206,65.16980171203613
14,36,0.04169543832540512,0.06543462723493576,-0.0073805321007966995,0.637207547237414,65.16980171203613
14,37,0.0,0.0,0.0,0.0,65.16980171203613
14,38,0.056276585906744,0.04127832502126694,0.0253178421407938,1.363344706365544,65.16980171203613
14,39,0.0,0.004639731254428625,-0.003479798440821469,0.0,65.16980171203613
14,40,0.03208087012171745,0.05136875435709953,-0.006445695646107197,0.6245210833433247,65.16980171203613
14,41,0.06524906307458878,0.0112612908706069,0.0568030949216336,5.7941015660204,65.16980171203613
14,42,0.01344833429902792,0.0038488139398396015,0.010561723844148219,3.494150277395385,65.16980171203613
14,43,0.03597131744027138,0.13572826981544495,-0.06582488492131233,0.2650245043933586,65.16980171203613
14,44,0.08508532494306564,0.03620395436882973,0.05793235916644335,2.350166616439303,65.16980171203613
14,45,0.1746474802494049,0.026159491389989853,0.15502786170691252,6.676256722237305,65.16980171203613
14,46,0.0018867568578571081,0.0015407030005007982,0.0007312296074815094,1.2246077641305424,65.16980171203613
14,47,0.23383428156375885,0.11140645295381546,0.15027944184839725,2.0989294189143424,65.16980171203613
14,48,0.06160668656229973,0.43238168954849243,-0.2626795805990696,0.14248218195014,65.16980171203613
14,49,0.30750295519828796,0.5329688787460327,-0.09222370386123657,0.576962309546484,65.16980171203613
14,50,0.5562077760696411,0.025560468435287476,0.5370374247431755,21.76046880580673,65.16980171203613
14,51,0.042944688349962234,0.06344732642173767,-0.004640806466341019,0.6768557600651256,65.16980171203613
14,52,0.2560538947582245,0.1396995633840561,0.15127922222018242,1.832889728169437,65.16980171203613
14,53,0.0,0.011574791744351387,-0.00868109380826354,0.0,65.16980171203613
14,54,0.10983698070049286,0.1163710355758667,0.022558704018592834,0.9438515362178942,65.16980171203613
14,55,0.002094737021252513,0.00219285162165761,0.0004500983050093055,0.9552570723931664,65.16980171203613
14,56,0.04771025851368904,0.012148091569542885,0.03859918983653188,3.927387132097237,65.16980171203613
14,57,0.04978815093636513,0.015279581770300865,0.03832846460863948,3.2584760290939747,65.16980171203613
14,58,0.0033509833738207817,0.10083727538585663,-0.07227697316557169,0.03323159378280422,65.16980171203613
14,59,0.07535094022750854,0.06706061214208603,0.025055481120944023,1.12362440215627,65.16980171203613
14,60,0.0,0.010435836389660835,-0.007826877292245626,0.0,65.16980171203613
14,61,0.31373435258865356,0.28240764141082764,0.10192862153053284,1.1109272788095101,65.16980171203613
14,62,0.0,0.0,0.0,0.0,65.16980171203613
14,63,0.591495931148529,0.3466750681400299,0.3314896300435066,1.7061969132083774,65.16980171203613
14,64,0.031596094369888306,0.07417720556259155,-0.02403680980205536,0.42595422852376413,65.16980171203613
14,65,0.0,0.5746340155601501,-0.4309755116701126,0.0,65.16980171203613
14,66,0.0,0.04551294445991516,-0.03413470834493637,0.0,65.16980171203613
14,67,0.1122945174574852,0.06739898771047592,0.06174527667462826,1.6661157870530594,65.16980171203613
14,68,0.05273514613509178,0.047648217529058456,0.01699898298829794,1.1067601028689957,65.16980171203613
14,69,0.09056081622838974,0.01570148952305317,0.07878469908609986,5.76765765373147,65.16980171203613
14,70,0.0,0.0,0.0,0.0,65.16980171203613
14,71,0.0,0.0,0.0,0.0,65.16980171203613
14,72,0.0019963255617767572,0.0034295781515538692,-0.0005758580518886447,0.582090704155604,65.16980171203613
14,73,0.0,0.0,0.0,0.0,65.16980171203613
14,74,0.010157053358852863,0.00499657541513443,0.006409621797502041,2.032802972622958,65.16980171203613
14,75,0.0,0.0385398343205452,-0.028904875740408897,0.0,65.16980171203613
14,76,0.03888016939163208,0.08162745833396912,-0.022340424358844757,0.47631238537505527,65.16980171203613
14,77,0.050281964242458344,0.025525052100419998,0.031138175167143345,1.9699064292864297,65.16980171203613
14,78,0.05061568692326546,0.02318933792412281,0.03322368348017335,2.182713757792522,65.16980171203613
14,79,0.06950589269399643,0.03321531042456627,0.04459440987557173,2.0925859732593923,65.16980171203613
14,80,0.05173671618103981,0.15550220012664795,-0.06488993391394615,0.33270729377829,65.16980171203613
14,81,0.10597355663776398,0.13861629366874695,0.002011336386203766,0.7645101007407237,65.16980171203613
14,82,0.004498471971601248,0.020635319873690605,-0.010978017933666706,0.21799865468131957,65.16980171203613
14,83,0.07553494721651077,0.26632076501846313,-0.12420562654733658,0.2836239495293976,65.16980171203613
14,84,0.0,0.0,0.0,0.0,65.16980171203613
14,85,0.0,1.4329259101941716e-05,-1.0746944326456287e-05,0.0,65.16980171203613
14,86,0.0,0.05530749633908272,-0.04148062225431204,0.0,65.16980171203613
14,87,0.0,0.0,0.0,0.0,65.16980171203613
14,88,0.541801393032074,0.33337312936782837,0.2917715460062027,1.625210148333972,65.16980171203613
14,89,0.038734231144189835,0.12274295091629028,-0.05332298204302788,0.315571940015445,65.16980171203613
14,90,6.276465683185961e-06,0.00015077336865942925,-0.00010680356081138598,0.04162847654969443,65.16980171203613
14,91,0.001652403618209064,0.0077020772732794285,-0.004124154336750507,0.21453999477870148,65.16980171203613
14,92,0.0,0.0,0.0,0.0,65.16980171203613
14,93,0.005565205123275518,0.021056855097413063,-0.010227436199784279,0.26429422139562225,65.16980171203613
14,94,0.05157627910375595,0.06844931840896606,0.0002392902970314026,0.7534958755154902,65.16980171203613
14,95,0.04594710096716881,0.05314319580793381,0.0060897041112184525,0.8645904761234687,65.16980171203613
14,96,0.0011839051730930805,0.003779967548325658,-0.0016510704881511629,0.3132051155582772,65.16980171203613
14,97,0.023209141567349434,0.025858450680971146,0.0038153035566210747,0.8975457134998098,65.16980171203613
14,98,0.0019089500419795513,0.010331162251532078,-0.005839421646669507,0.18477592310697513,65.16980171203613
14,99,0.012596282176673412,0.022372759878635406,-0.0041832877323031425,0.5630186997241704,65.16980171203613
14,100,0.0,0.0,0.0,0.0,65.16980171203613
14,101,0.4105697274208069,0.2393418401479721,0.2310633473098278,1.7154114264570641,65.16980171203613
14,102,0.037282172590494156,0.00910514872521162,0.03045331104658544,4.094625328103361,65.16980171203613
14,103,0.009216607548296452,0.009490013122558594,0.0020990977063775063,0.9711901794336381,65.16980171203613
14,104,0.0,0.0,0.0,0.0,65.16980171203613
14,105,0.050588060170412064,0.037615593522787094,0.022376365028321743,1.344869386107693,65.16980171203613
14,106,1.5091168279468548e-05,0.012298869900405407,-0.009209061257024587,0.001227036987987332,65.16980171203613
14,107,0.0,0.07651342451572418,-0.05738506838679314,0.0,65.16980171203613
14,108,0.0,0.0,0.0,0.0,65.16980171203613
14,109,0.0026107332669198513,0.023985832929611206,-0.015378641430288553,0.10884480328335736,65.16980171203613
14,110,0.10190291702747345,0.009616696275770664,0.09469039482064545,10.596457878535908,65.16980171203613
14,111,0.0,6.862842565169558e-05,-5.1471319238771684e-05,0.0,65.16980171203613
14,112,0.2555638253688812,0.3853175640106201,-0.03342434763908386,0.663255063455073,65.16980171203613
14,113,0.1036180704832077,0.12723444402217865,0.008192237466573715,0.8143869474867301,65.16980171203613
14,114,0.3489099442958832,0.00861105602234602,0.34245165227912366,40.51883338697712,65.16980171203613
14,115,0.05666200816631317,0.05186957120895386,0.01775982975959778,1.0923939960282463,65.16980171203613
14,116,0.0,0.028600430116057396,-0.021450322587043047,0.0,65.16980171203613
14,117,0.01864112913608551,0.015114880166947842,0.007304969010874629,1.2332965216366931,65.16980171203613
14,118,0.007803707383573055,0.029376855120062828,-0.014228933956474066,0.2656413476328138,65.16980171203613
14,119,0.009185918606817722,0.0041727107018232346,0.006056385580450296,2.201427144374657,65.16980171203613
14,120,0.0,0.019800348207354546,-0.01485026115551591,0.0,65.16980171203613
14,121,0.10670720040798187,0.21872560679912567,-0.05733700469136238,0.48785874671497564,65.16980171203613
14,122,0.00380160054191947,0.005493000615388155,-0.0003181499196216464,0.6920808511430968,65.16980171203613
14,123,3.8410658476095705e-07,0.0442093126475811,-0.033156600379101064,8.688363644425152e-06,65.16980171203613
14,124,0.0,0.0,0.0,0.0,65.16980171203613
14,125,0.0,0.005159991327673197,-0.0038699934957548976,0.0,65.16980171203613
14,126,0.0014318418689072132,0.0018816008232533932,2.064125146716833e-05,0.7609700476589442,65.16980171203613
14,127,0.01978933997452259,0.06881746649742126,-0.03182375989854336,0.2875627508748317,65.16980171203613
14,128,0.4163239002227783,0.3231714963912964,0.17394527792930603,1.2882444920742784,65.16980171203613
14,129,0.0017667028587311506,0.0031026892829686403,-0.0005603141034953296,0.5694101784086373,65.16980171203613
14,130,0.16360291838645935,0.10523724555969238,0.08467498421669006,1.554610418723914,65.16980171203613
14,131,0.014635855332016945,0.022567639127373695,-0.0022898740135133266,0.6485328504573468,65.16980171203613
14,132,0.0,0.0,0.0,0.0,65.16980171203613
14,133,0.12418269366025925,0.03783933073282242,0.09580319561064243,3.281841704173151,65.16980171203613
14,134,0.0,0.2344220131635666,-0.17581650987267494,0.0,65.16980171203613
14,135,0.13177262246608734,0.11393945664167404,0.04631802998483181,1.1565144011467419,65.16980171203613
14,136,0.1580287367105484,0.13306958973407745,0.05822654440999031,1.1875646195735707,65.16980171203613
14,137,0.0,0.0,0.0,0.0,65.16980171203613
14,138,0.001599858864210546,0.0,0.001599858864210546,1599858864.210546,65.16980171203613
14,139,0.0,0.0031964166555553675,-0.0023973124916665256,0.0,65.16980171203613
14,140,0.06740931421518326,0.07179989665746689,0.013559391722083092,0.9388497386818191,65.16980171203613
14,141,0.03480928763747215,0.01873083971440792,0.020761157851666212,1.8583944001633927,65.16980171203613
14,142,0.006920611951500177,0.02037440985441208,-0.008360195439308882,0.33967177457470493,65.16980171203613
14,143,0.03722931817173958,0.04683200642466545,0.00210531335324049,0.794954583695494,65.16980171203613
14,144,0.15156163275241852,0.1935635805130005,0.006388947367668152,0.7830069703709372,65.16980171203613
14,145,0.01573140174150467,0.03270672634243965,-0.00879864301532507,0.4809836844053361,65.16980171203613
14,146,0.0,0.01682390086352825,-0.012617925647646189,0.0,65.16980171203613
14,147,0.22477249801158905,0.04299701377749443,0.19252473767846823,5.227630438930906,65.16980171203613
14,148,0.03252541646361351,0.04199634864926338,0.0010281549766659737,0.774482008768863,65.16980171203613
14,149,0.9143736362457275,0.5497578382492065,0.5020552575588226,1.6632298307124391,65.16980171203613
14,150,0.09525413066148758,0.03494179993867874,0.06904778070747852,2.726079676087899,65.16980171203613
14,151,0.0,0.0,0.0,0.0,65.16980171203613
14,152,0.0,0.02320333570241928,-0.01740250177681446,0.0,65.16980171203613
14,153,0.04841740056872368,0.07253344357013702,-0.005982682108879089,0.6675182948020165,65.16980171203613
14,154,0.05086394026875496,0.00839983019977808,0.0445640676189214,6.055353388458187,65.16980171203613
14,155,0.36544400453567505,0.17552535235881805,0.2337999902665615,2.0820012586360366,65.16980171203613
14,156,0.02950618602335453,0.022656556218862534,0.01251376885920763,1.3023244016885085,65.16980171203613
14,157,0.0,0.0,0.0,0.0,65.16980171203613
14,158,0.2295161634683609,0.11014097183942795,0.14691043458878994,2.0838400064317892,65.16980171203613
14,159,0.0,0.0,0.0,0.0,65.16980171203613
14,160,0.03557780385017395,0.008045987226068974,0.02954331343062222,4.421807150088452,65.16980171203613
14,161,0.341650128364563,0.08804426342248917,0.2756169307976961,3.880435988444135,65.16980171203613
14,162,0.03858693316578865,0.02839055098593235,0.017294019926339388,1.3591470339391973,65.16980171203613
14,163,0.0,0.0,0.0,0.0,65.16980171203613
14,164,0.13412083685398102,0.13562318682670593,0.03240344673395157,0.9889226170770232,65.16980171203613
14,165,0.003646331373602152,0.014821019023656845,-0.007469432894140482,0.24602433662192646,65.16980171203613
14,166,0.11965920031070709,0.07783938199281693,0.0612796638160944,1.5372578410272073,65.16980171203613
14,167,0.0,0.0,0.0,0.0,65.16980171203613
14,168,0.0,0.04071882367134094,-0.030539117753505707,0.0,65.16980171203613
14,169,0.1972983479499817,0.1219262182712555,0.10585368424654007,1.6181781961729,65.16980171203613
14,170,0.0,0.0,0.0,0.0,65.16980171203613
14,171,0.044791191816329956,0.03700624778866768,0.017036505974829197,1.2103683699819974,65.16980171203613
14,172,0.0,0.0,0.0,0.0,65.16980171203613
14,173,0.0,0.010854831896722317,-0.008141123922541738,0.0,65.16980171203613
14,174,0.0,0.025168877094984055,-0.01887665782123804,0.0,65.16980171203613
14,175,0.0,0.0,0.0,0.0,65.16980171203613
14,176,0.0,0.0,0.0,0.0,65.16980171203613
14,177,0.05994362756609917,0.008919409476220608,0.05325407045893371,6.720582536230672,65.16980171203613
14,178,5.104251386001124e-07,0.006878156214952469,-0.0051581067360757515,7.420958794397345e-05,65.16980171203613
14,179,0.0,0.0,0.0,0.0,65.16980171203613
14,180,0.0,0.0038721743039786816,-0.002904130727984011,0.0,65.16980171203613
14,181,0.0,0.0,0.0,0.0,65.16980171203613
14,182,0.0,0.0,0.0,0.0,65.16980171203613
14,183,0.0,0.20888274908065796,-0.15666206181049347,0.0,65.16980171203613
14,184,0.19113685190677643,0.09125135838985443,0.1226983331143856,2.094619250357734,65.16980171203613
14,185,0.01823749579489231,0.013090071268379688,0.008419942343607545,1.3932312070411323,65.16980171203613
14,186,0.0,0.007223945576697588,-0.005417959182523191,0.0,65.16980171203613
14,187,0.005181504879146814,0.0011474384227767587,0.004320926062064245,4.5157149802357575,65.16980171203613
14,188,0.6008011102676392,0.018313677981495857,0.5870658517815173,32.80614144476509,65.16980171203613
14,189,0.04101701080799103,0.19521191716194153,-0.10539192706346512,0.21011530138170056,65.16980171203613
14,190,0.04286348819732666,0.05675896257162094,0.0002942662686109543,0.7551844898941634,65.16980171203613
14,191,0.03526006639003754,0.00658760592341423,0.030319361947476864,5.352485682144513,65.16980171203613
14,192,0.051818493753671646,0.02901882492005825,0.03005437506362796,1.7856854608908797,65.16980171203613
14,193,0.11250720173120499,0.05750282481312752,0.06938008312135935,1.9565508667595715,65.16980171203613
14,194,0.0,0.00787015538662672,-0.00590261653997004,0.0,65.16980171203613
14,195,0.3144424557685852,0.13958844542503357,0.20975112169981003,2.252639570624095,65.16980171203613
14,196,0.41129425168037415,0.21850429475307465,0.24741603061556816,1.8823165564927842,65.16980171203613
14,197,0.36205095052719116,0.5227854251861572,-0.030038118362426758,0.6925421656458324,65.16980171203613
14,198,0.02313636615872383,0.06047173961997032,-0.02221743855625391,0.3825979921156531,65.16980171203613
14,199,0.07820447534322739,0.036024581640958786,0.0511860391125083,2.1708642204505315,65.16980171203613
14,200,0.020128635689616203,0.015673553571105003,0.00837347051128745,1.284241993815629,65.16980171203613
14,201,0.0,0.015358011238276958,-0.011518508428707719,0.0,65.16980171203613
14,202,0.19440056383609772,0.10972321778535843,0.1121081504970789,1.7717358983639557,65.16980171203613
14,203,0.031382206827402115,0.14157360792160034,-0.07479799911379814,0.22166706978718145,65.16980171203613
14,204,0.10358186811208725,0.12165043503046036,0.012344041839241982,0.8514714154971961,65.16980171203613
14,205,2.3319329557125457e-05,0.0,2.3319329557125457e-05,23319329.557125457,65.16980171203613
14,206,0.0722084566950798,0.09579573571681976,0.0003616549074649811,0.753775271456553,65.16980171203613
14,207,0.13167166709899902,0.06918343156576157,0.07978409342467785,1.9032254416570347,65.16980171203613
14,208,0.03915303200483322,0.02433483675122261,0.020901904441416264,1.6089293058954752,65.16980171203613
14,209,0.00241641653701663,0.0,0.00241641653701663,2416416537.01663,65.16980171203613
14,210,0.0,0.0,0.0,0.0,65.16980171203613
14,211,0.1025867611169815,0.019733013585209846,0.08778700092807412,5.198737672216113,65.16980171203613
14,212,0.0019124235259369016,0.0,0.0019124235259369016,1912423525.9369016,65.16980171203613
14,213,0.016253851354122162,0.0,0.016253851354122162,16253851354.122162,65.16980171203613
14,214,0.0,0.0,0.0,0.0,65.16980171203613
14,215,0.012457619421184063,0.032679006457328796,-0.012051635421812534,0.38121169433561614,65.16980171203613
14,216,0.00787318218499422,0.0,0.00787318218499422,7873182184.994221,65.16980171203613
14,217,0.05656231939792633,0.07549449801445007,-5.8554112911224365e-05,0.749224392304069,65.16980171203613
14,218,0.06261835992336273,0.054234832525253296,0.02194223552942276,1.1545782849619983,65.16980171203613
14,219,0.11133230477571487,0.061396174132823944,0.06528517417609692,1.813342709808696,65.16980171203613
14,220,0.42301440238952637,0.25327521562576294,0.23305799067020416,1.670176852254262,65.16980171203613
14,221,0.50979083776474,0.2699800729751587,0.30730578303337097,1.8882535742175255,65.16980171203613
14,222,8.040354373406444e-07,0.00575451273471117,-0.004315080515596037,0.00013972259238405837,65.16980171203613
14,223,0.0,0.07668154686689377,-0.057511160150170326,0.0,65.16980171203613
14,224,0.18443775177001953,0.14848802983760834,0.07307172939181328,1.242105184980129,65.16980171203613
14,225,0.0046809641644358635,0.0032691641245037317,0.0022290910710580647,1.431853521185509,65.16980171203613
14,226,0.009340382181107998,0.007150338497012854,0.003977628308348358,1.3062853155418834,65.16980171203613
14,227,0.5516639947891235,0.3355669677257538,0.2999887689948082,1.6439758612901785,65.16980171203613
14,228,0.11746987700462341,0.2620047330856323,-0.07903367280960083,0.4483502096345023,65.16980171203613
14,229,0.07749588042497635,0.055123116821050644,0.036153542809188366,1.405868987327945,65.16980171203613
14,230,0.02179884910583496,0.014799568802118301,0.010699172504246235,1.4729381237946537,65.16980171203613
14,231,0.02619023434817791,0.0750037357211113,-0.030062567442655563,0.3491857318309141,65.16980171203613
14,232,0.0,0.015465879812836647,-0.011599409859627485,0.0,65.16980171203613
14,233,0.0,0.0,0.0,0.0,65.16980171203613
14,234,0.048495933413505554,0.04821504279971123,0.012334651313722134,1.0058257878968466,65.16980171203613
14,235,0.13626205921173096,0.11389683932065964,0.05083942972123623,1.196363832598629,65.16980171203613
14,236,0.04551808536052704,0.06290663778781891,-0.001661892980337143,0.7235815958457958,65.16980171203613
14,237,2.357298399147112e-06,0.01577933132648468,-0.011832141196464363,0.00014939152681591353,65.16980171203613
14,238,0.1802787035703659,0.0931309312582016,0.1104305051267147,1.935755405136184,65.16980171203613
14,239,0.0,0.0068420954048633575,-0.005131571553647518,0.0,65.16980171203613
14,240,0.2165517956018448,0.12979643046855927,0.11920447275042534,1.6683956162618199,65.16980171203613
14,241,0.03194631263613701,0.005353577435016632,0.027931129559874535,5.967283189221391,65.16980171203613
14,242,0.014319390058517456,0.011981775052845478,0.0053330587688833475,1.1950975539239266,65.16980171203613
14,243,0.19036351144313812,0.12515942752361298,0.09649394080042839,1.5209682179610686,65.16980171203613
14,244,0.0,0.0,0.0,0.0,65.16980171203613
14,245,0.0,0.007426571566611528,-0.005569928674958646,0.0,65.16980171203613
14,246,0.2445133775472641,0.5298916101455688,-0.15290533006191254,0.4614403641522675,65.16980171203613
14,247,0.04266119748353958,0.029749631881713867,0.02034897357225418,1.434007575345093,65.16980171203613
14,248,0.012501858174800873,8.363756933249533e-06,0.012495585357100936,1494.7656633031681,65.16980171203613
14,249,0.23242487013339996,0.03538011014461517,0.20588978752493858,6.569365363103752,65.16980171203613
14,250,0.0,0.003171852556988597,-0.0023788894177414477,0.0,65.16980171203613
14,251,0.08444046229124069,0.015558002516627312,0.07277196040377021,5.427461667753886,65.16980171203613
14,252,0.0,0.0031959651969373226,-0.002396973897702992,0.0,65.16980171203613
14,253,0.05156540125608444,0.029109785333275795,0.029733062256127596,1.771411251025885,65.16980171203613
14,254,0.0093539422377944,0.06581306457519531,-0.040005856193602085,0.14212895719154423,65.16980171203613
14,255,0.02450617589056492,0.0,0.02450617589056492,24506175890.56492,65.16980171203613
15,0,0.002030362142249942,0.0,0.002030362142249942,2030362142.2499418,65.18950176239014
15,1,0.1575850397348404,0.17714057862758636,0.02472960576415062,0.8896044088534428,65.18950176239014
15,2,0.016702480614185333,0.015733683481812477,0.004902218002825975,1.061574718496859,65.18950176239014
15,3,0.8510240912437439,0.07554738223552704,0.7943635545670986,11.264772730037429,65.18950176239014
15,4,0.005866867955774069,0.26176223158836365,-0.19045480573549867,0.022412965843665512,65.18950176239014
15,5,0.29460272192955017,0.17493170499801636,0.1634039431810379,1.6841013579053992,65.18950176239014
15,6,0.43723565340042114,0.2969868779182434,0.2144954949617386,1.4722389637676658,65.18950176239014
15,7,0.0,0.0,0.0,0.0,65.18950176239014
15,8,0.0,0.039335913956165314,-0.029501935467123985,0.0,65.18950176239014
15,9,0.0,0.0,0.0,0.0,65.18950176239014
15,10,0.009864180348813534,0.007502369116991758,0.004237403511069715,1.3148087215754038,65.18950176239014
15,11,0.048300307244062424,0.0521622933447361,0.00917858723551035,0.9259621106749256,65.18950176239014
15,12,1.0269474983215332,0.657342255115509,0.5339408069849014,1.562272150205093,65.18950176239014
15,13,0.0,0.040912870317697525,-0.030684652738273144,0.0,65.18950176239014
15,14,0.0,0.0,0.0,0.0,65.18950176239014
15,15,0.0,0.1451680213212967,-0.10887601599097252,0.0,65.18950176239014
15,16,0.0,0.24102051556110382,-0.18076538667082787,0.0,65.18950176239014
15,17,0.33841729164123535,0.2703630030155182,0.1356450393795967,1.2517145018564515,65.18950176239014
15,18,0.05742029473185539,0.590735137462616,-0.3856310583651066,0.09720142089125683,65.18950176239014
15,19,0.12766078114509583,0.09559059888124466,0.05596783198416233,1.3354951495006062,65.18950176239014
15,20,0.03611200675368309,0.2783326804637909,-0.17263750359416008,0.1297440411718065,65.18950176239014
15,21,0.0,0.002758239395916462,-0.0020686795469373465,0.0,65.18950176239014
15,22,0.16803289949893951,0.10575022548437119,0.08872023038566113,1.5889602005830628,65.18950176239014
15,23,0.0018794953357428312,0.08934687077999115,-0.06513065774925053,0.021035939136020643,65.18950176239014
15,24,0.0,0.0,0.0,0.0,65.18950176239014
15,25,0.01711895316839218,0.23095132410526276,-0.15609453991055489,0.0741236415709641,65.18950176239014
15,26,0.09997671097517014,0.03333944454789162,0.07497212756425142,2.9987515487415015,65.18950176239014
15,27,0.17252317070960999,0.14167073369026184,0.0662701204419136,1.2177756563722173,65.18950176239014
15,28,0.15737135708332062,0.003180219093337655,0.15498619276331738,49.48443878081186,65.18950176239014
15,29,0.4418611526489258,0.2479594200849533,0.2558915875852108,1.7819897808107386,65.18950176239014
15,30,0.0,0.0,0.0,0.0,65.18950176239014
15,31,0.015496092848479748,0.022633230313658714,-0.001478829886764288,0.6846611214150681,65.18950176239014
15,32,0.0,0.4354189932346344,-0.3265642449259758,0.0,65.18950176239014
15,33,0.0,0.004067079164087772,-0.0030503093730658293,0.0,65.18950176239014
15,34,0.0019609788432717323,0.0015712663298472762,0.0007825290958862752,1.2480244785836598,65.18950176239014
15,35,0.0,0.0,0.0,0.0,65.18950176239014
15,36,0.0,0.0,0.0,0.0,65.18950176239014
15,37,0.05738883465528488,0.10103824734687805,-0.018389850854873657,0.5679911930547766,65.18950176239014
15,38,0.025783522054553032,0.015751399099826813,0.013969972729682922,1.6369036102449859,65.18950176239014
15,39,0.00873285811394453,0.00485716387629509,0.005089985206723213,1.7979335955219569,65.18950176239014
15,40,0.009035496041178703,0.004419868811964989,0.005720594432204962,2.044290548777036,65.18950176239014
15,41,0.0,0.1542392522096634,-0.11567943915724754,0.0,65.18950176239014
15,42,4.811291091755265e-06,0.02721276693046093,-0.020404763906753942,0.00017680271557365552,65.18950176239014
15,43,0.0,0.0,0.0,0.0,65.18950176239014
15,44,0.12677671015262604,0.1492859125137329,0.014812275767326355,0.8492208542458053,65.18950176239014
15,45,0.0,0.0,0.0,0.0,65.18950176239014
15,46,0.041134048253297806,0.02095135673880577,0.025420530699193478,1.9633119116885955,65.18950176239014
15,47,0.014269648119807243,0.0,0.014269648119807243,14269648119.807243,65.18950176239014
15,48,0.02928916923701763,0.01676054112613201,0.016718763392418623,1.7475073754990071,65.18950176239014
15,49,0.0,5.6321923693758436e-06,-4.224144277031883e-06,0.0,65.18950176239014
15,50,0.041344054043293,0.0096456129103899,0.034109844360500574,4.286306575134525,65.18950176239014
15,51,0.0,0.0,0.0,0.0,65.18950176239014
15,52,0.005368439015001059,0.01264591608196497,-0.004115998046472669,0.42451958243126114,65.18950176239014
15,53,0.023288194090127945,0.05940990895032883,-0.021269237622618675,0.3919917485348554,65.18950176239014
15,54,5.627446626021992e-06,0.2043965458869934,-0.15329178196861903,2.7532004523724968e-05,65.18950176239014
15,55,0.0,0.009943036362528801,-0.007457277271896601,0.0,65.18950176239014
15,56,0.006592000834643841,0.010942429304122925,-0.0016148211434483528,0.6024257183510118,65.18950176239014
15,57,0.3426485061645508,0.23295417428016663,0.1679328754544258,1.4708837359187534,65.18950176239014
15,58,0.04605763405561447,0.0361902229487896,0.018914966844022274,1.2726540568571503,65.18950176239014
15,59,0.016720540821552277,0.013970362022519112,0.006242769304662943,1.1968580909645175,65.18950176239014
15,60,0.2710088789463043,0.2401731163263321,0.09087904170155525,1.1283897344153462,65.18950176239014
15,61,0.39517250657081604,0.024428240954875946,0.3768513258546591,16.176871158451615,65.18950176239014
15,62,0.04287088289856911,2.7566691187530523e-06,0.04286881539673004,15551.691371023115,65.18950176239014
15,63,0.10718986392021179,0.19200672209262848,-0.03681517764925957,0.5582609960287883,65.18950176239014
15,64,0.5537371635437012,0.3284505307674408,0.3073992654681206,1.6859073488119543,65.18950176239014
15,65,5.2339519243105315e-06,0.0,5.2339519243105315e-06,5233951.9243105315,65.18950176239014
15,66,0.028031522408127785,0.014836094342172146,0.016904451651498675,1.8894138686188948,65.18950176239014
15,67,0.0,0.0,0.0,0.0,65.18950176239014
15,68,0.5933759808540344,0.04221724718809128,0.561713045462966,14.055297783777807,65.18950176239014
15,69,0.0,0.009763004258275032,-0.007322253193706274,0.0,65.18950176239014
15,70,0.0,0.008591263554990292,-0.006443447666242719,0.0,65.18950176239014
15,71,0.12534189224243164,0.1452062577009201,0.016437198966741562,0.8631989710783257,65.18950176239014
15,72,0.006542104762047529,0.021833468228578568,-0.009832996409386396,0.2996365347574377,65.18950176239014
15,73,0.9435096383094788,0.5301142334938049,0.5459239631891251,1.7798232507158762,65.18950176239014
15,74,0.0,0.23254889249801636,-0.17441166937351227,0.0,65.18950176239014
15,75,0.019021958112716675,0.06564480066299438,-0.030211642384529114,0.28977097836097254,65.18950176239014
15,76,0.03450926020741463,0.02350449003279209,0.01688089268282056,1.4681986359968298,65.18950176239014
15,77,0.04459019750356674,0.016626058146357536,0.03212065389379859,2.6819464426481447,65.18950176239014
15,78,0.4193468391895294,0.16857552528381348,0.2929151952266693,2.487590286199792,65.18950176239014
15,79,0.5389066338539124,0.010052456520497799,0.531367291463539,53.60944687514213,65.18950176239014
15,80,0.015428868122398853,0.0400041826069355,-0.014574268832802773,0.38568137421056264,65.18950176239014
15,81,0.0,0.04732777923345566,-0.03549583442509174,0.0,65.18950176239014
15,82,0.11890342831611633,0.1823032945394516,-0.017824042588472366,0.6522286315003081,65.18950176239014
15,83,0.05388576537370682,0.04556270316243172,0.01971373800188303,1.182672704479815,65.18950176239014
15,84,0.11648441106081009,0.03418333828449249,0.09084690734744072,3.4076370800287346,65.18950176239014
15,85,0.0,0.14541225135326385,-0.10905918851494789,0.0,65.18950176239014
15,86,0.0037058284506201744,0.02517380192875862,-0.015174522995948792,0.14720972465583024,65.18950176239014
15,87,0.0,0.034447818994522095,-0.02583586424589157,0.0,65.18950176239014
15,88,0.014540932141244411,0.0,0.014540932141244411,14540932141.244411,65.18950176239014
15,89,0.027709627524018288,0.049278125166893005,-0.009248966351151466,0.5623109123898326,65.18950176239014
15,90,0.0,0.0026834465097635984,-0.002012584882322699,0.0,65.18950176239014
15,91,0.055163174867630005,0.006333060562610626,0.050413379445672035,8.710350124329173,65.18950176239014
15,92,0.1332787424325943,0.09117918461561203,0.06489435397088528,1.461723341714465,65.18950176239014
15,93,0.07280157506465912,0.032738011330366135,0.04824806656688452,2.223762901410822,65.18950176239014
15,94,0.04824976250529289,0.03205326199531555,0.02420981600880623,1.5052996013584856,65.18950176239014
15,95,0.15718406438827515,0.02713879570364952,0.136829967610538,5.791858492871362,65.18950176239014
15,96,0.04305696114897728,0.22159579396247864,-0.1231398843228817,0.19430405414677468,65.18950176239014
15,97,0.0,0.03967464715242386,-0.029755985364317894,0.0,65.18950176239014
15,98,0.0,0.003155913669615984,-0.002366935252211988,0.0,65.18950176239014
15,99,0.0,0.056759852916002274,-0.042569889687001705,0.0,65.18950176239014
15,100,0.1270086169242859,0.07530475407838821,0.07053005136549473,1.6865949364948476,65.18950176239014
15,101,0.07460863888263702,0.04574638232588768,0.040298852138221264,1.630918885552736,65.18950176239014
15,102,0.07075666636228561,0.041313137859106064,0.039771812967956066,1.7126916527590035,65.18950176239014
15,103,0.02771260216832161,0.03977004066109657,-0.00211492832750082,0.6968210669880838,65.18950176239014
15,104,0.0,0.0,0.0,0.0,65.18950176239014
15,105,0.26145556569099426,0.002801690949127078,0.25935429747914895,93.32063041397741,65.18950176239014
15,106,0.0,0.11407241970300674,-0.08555431477725506,0.0,65.18950176239014
15,107,0.013736415654420853,0.05536802485585213,-0.027789602987468243,0.2480929325171853,65.18950176239014
15,108,0.0,0.016339175403118134,-0.0122543815523386,0.0,65.18950176239014
15,109,0.10802893340587616,0.20455598831176758,-0.045388057827949524,0.528114255157855,65.18950176239014
15,110,0.012543285265564919,0.04279152676463127,-0.019550359807908535,0.2931254436015886,65.18950176239014
15,111,0.0,0.0,0.0,0.0,65.18950176239014
15,112,0.04869126155972481,0.0259605310857296,0.02922086324542761,1.8755880377429803,65.18950176239014
15,113,1.0624819993972778,0.7592994570732117,0.4930074065923691,1.399292452402523,65.18950176239014
15,114,0.14276841282844543,0.09286557883024216,0.07311922870576382,1.5373663161879176,65.18950176239014
15,115,0.006186354905366898,0.005039483308792114,0.002406742423772812,1.2275772187490572,65.18950176239014
15,116,0.22680918872356415,0.2406529039144516,0.04631951078772545,0.9424743480479623,65.18950176239014
15,117,0.1133466586470604,0.248261958360672,-0.0728498101234436,0.45656072076066995,65.18950176239014
15,118,0.5217523574829102,0.012460537254810333,0.5124069545418024,41.87238052192474,65.18950176239014
15,119,0.0,0.0,0.0,0.0,65.18950176239014
15,120,0.00997877772897482,0.00855565257370472,0.0035620382986962795,1.1663374174960832,65.18950176239014
15,121,1.042929943650961e-05,0.00030250250711105764,-0.00021644758089678362,0.034476737074459904,65.18950176239014
15,122,0.0,0.037652093917131424,-0.028239070437848568,0.0,65.18950176239014
15,123,0.0,0.03406655415892601,-0.025549915619194508,0.0,65.18950176239014
15,124,0.09340071678161621,0.15123894810676575,-0.0200284942984581,0.6175705263108764,65.18950176239014
15,125,0.0,0.028263714164495468,-0.0211977856233716,0.0,65.18950176239014
15,126,0.030862456187605858,0.02180168591439724,0.014511191751807928,1.4155995232373078,65.18950176239014
15,127,0.18590545654296875,0.12374432384967804,0.09309721365571022,1.5023352244204784,65.18950176239014
15,128,0.014469138346612453,0.00310654379427433,0.012139230500906706,4.657632179086896,65.18950176239014
15,129,0.060615841299295425,0.12920360267162323,-0.036286860704422,0.46914977636408606,65.18950176239014
15,130,0.1027720645070076,0.3767518699169159,-0.17979183793067932,0.2727844842001683,65.18950176239014
15,131,0.026033999398350716,0.07729211449623108,-0.031935086473822594,0.3368260729790664,65.18950176239014
15,132,0.0,0.0,0.0,0.0,65.18950176239014
15,133,0.014584376476705074,0.007977615110576153,0.00860116514377296,1.8281624611773994,65.18950176239014
15,134,0.0,0.0,0.0,0.0,65.18950176239014
15,135,0.0050021447241306305,0.04209192097187042,-0.026566796004772186,0.11883859440282309,65.18950176239014
15,136,0.0,0.07189222425222397,-0.053919168189167976,0.0,65.18950176239014
15,137,0.0,0.19670024514198303,-0.14752518385648727,0.0,65.18950176239014
15,138,0.09528669714927673,0.05259188264608383,0.05584278516471386,1.8118137696019576,65.18950176239014
15,139,0.0,0.0,0.0,0.0,65.18950176239014
15,140,0.15468448400497437,0.09230894595384598,0.08545277453958988,1.6757258183907777,65.18950176239014
15,141,0.13308735191822052,0.11049255728721619,0.05021793395280838,1.2044915529565177,65.18950176239014
15,142,0.03443418815732002,0.03176681324839592,0.010609078221023083,1.0839673431194685,65.18950176239014
15,143,0.21722853183746338,0.16167768836021423,0.0959702655673027,1.3435900404027272,65.18950176239014
15,144,0.0,0.014520566910505295,-0.010890425182878971,0.0,65.18950176239014
15,145,0.13177284598350525,0.19302798807621002,-0.012998145073652267,0.6826618631635787,65.18950176239014
15,146,0.022058306261897087,0.11043425649404526,-0.060767386108636856,0.19974152008608628,65.18950176239014
15,147,0.004652468487620354,0.010501635260879993,-0.0032237579580396414,0.4430232408193039,65.18950176239014
15,148,0.0773504450917244,0.035231076180934906,0.050927137956023216,2.195517522436247,65.18950176239014
15,149,0.02158600464463234,0.0070634097792208195,0.016288447310216725,3.056031763168851,65.18950176239014
15,150,0.6645184755325317,0.48133596777915955,0.3035164996981621,1.3805709940962425,65.18950176239014
15,151,0.2272266149520874,0.18081669509410858,0.09161409363150597,1.2566683338204332,65.18950176239014
15,152,0.0,0.05199417099356651,-0.038995628245174885,0.0,65.18950176239014
15,153,0.022821685299277306,0.19537784159183502,-0.12371169589459896,0.1168079507544024,65.18950176239014
15,154,0.23305098712444305,0.03703460842370987,0.20527503080666065,6.292789286492066,65.18950176239014
15,155,0.058241646736860275,0.14329686760902405,-0.04923100396990776,0.4064404736003182,65.18950176239014
15,156,0.2075914740562439,0.12898796796798706,0.1108504980802536,1.609386342966157,65.18950176239014
15,157,0.056027986109256744,0.013785064220428467,0.045689187943935394,4.064397902634572,65.18950176239014
15,158,0.010581000708043575,0.0,0.010581000708043575,10581000708.043575,65.18950176239014
15,159,0.06832033395767212,0.030055398121476173,0.04577878536656499,2.2731468629783507,65.18950176239014
15,160,0.060094695538282394,0.021966082975268364,0.04362013330683112,2.735794797971367,65.18950176239014
15,161,1.41632222039334e-06,2.794880492729135e-05,-1.954528147507517e-05,0.050675589650516516,65.18950176239014
15,162,0.5347120761871338,0.05892539396882057,0.49051803071051836,9.074391194753721,65.18950176239014
15,163,0.0,0.0,0.0,0.0,65.18950176239014
15,164,0.0908423587679863,0.04956777021288872,0.05366653110831976,1.8326900398382775,65.18950176239014
15,165,0.0,0.0033816066570580006,-0.0025362049927935004,0.0,65.18950176239014
15,166,2.6106697987415828e-05,0.0569496750831604,-0.042686149614382884,0.0004584169786541411,65.18950176239014
15,167,0.041462868452072144,0.017656447365880013,0.028220532927662134,2.348313202000548,65.18950176239014
15,168,0.008398645557463169,0.005555658135563135,0.004231901955790818,1.5117282869134159,65.18950176239014
15,169,0.0,3.7287358281901106e-05,-2.796551871142583e-05,0.0,65.18950176239014
15,170,0.016338441520929337,0.0028353233356028795,0.014211949019227177,5.762461483671599,65.18950176239014
15,171,0.08602265268564224,0.035944972187280655,0.05906392354518175,2.3931762204475624,65.18950176239014
15,172,0.0,0.008662466891109943,-0.0064968501683324575,0.0,65.18950176239014
15,173,0.25852251052856445,0.34200140833854675,0.0020214542746543884,0.7559106606716001,65.18950176239014
15,174,0.0,0.0,0.0,0.0,65.18950176239014
15,175,0.0,0.0,0.0,0.0,65.18950176239014
15,176,0.05100888013839722,0.0604100376367569,0.005701351910829544,0.8443775593100465,65.18950176239014
15,177,0.0709475576877594,0.01466417033225298,0.059949429938569665,4.838156955042746,65.18950176239014
15,178,0.08867297321557999,0.07038664817810059,0.03588298708200455,1.2597982076082013,65.18950176239014
15,179,0.02468653954565525,0.10372643917798996,-0.05310828983783722,0.2379965970205171,65.18950176239014
15,180,0.14815160632133484,0.06519415229558945,0.09925599209964275,2.2724677153150927,65.18950176239014
15,181,0.01650336943566799,0.01092714723199606,0.008308009011670947,1.5103090572289302,65.18950176239014
15,182,0.0,0.017433438450098038,-0.013075078837573528,0.0,65.18950176239014
15,183,0.09638715535402298,0.065024234354496,0.04761897958815098,1.4823266480472768,65.18950176239014
15,184,0.08921117335557938,0.1302357167005539,-0.008465614169836044,0.6849977534197803,65.18950176239014
15,185,0.0009909728541970253,0.06374981254339218,-0.04682138655334711,0.015544717931632524,65.18950176239014
15,186,0.021372046321630478,0.09507729113101959,-0.049935922026634216,0.22478602479275853,65.18950176239014
15,187,0.15400008857250214,0.11188505589962006,0.0700862966477871,1.3764133854416627,65.18950176239014
15,188,0.0,0.0,0.0,0.0,65.18950176239014
15,189,0.0,0.0,0.0,0.0,65.18950176239014
15,190,0.0,0.0,0.0,0.0,65.18950176239014
15,191,0.0,0.0006067203939892352,-0.00045504029549192637,0.0,65.18950176239014
15,192,0.002938275458291173,0.001294463174417615,0.0019674280774779618,2.269879525420441,65.18950176239014
15,193,0.020160255953669548,0.5149296522140503,-0.36603698320686817,0.03915147606463729,65.18950176239014
15,194,0.011412817984819412,0.010405699722468853,0.0036085431929677725,1.096785251171444,65.18950176239014
15,195,0.0,0.023909060284495354,-0.017931795213371515,0.0,65.18950176239014
15,196,0.3196454346179962,0.2396472543478012,0.1399099938571453,1.3338163856146645,65.18950176239014
15,197,0.06263959407806396,0.013328990899026394,0.05264285090379417,4.699500100787069,65.18950176239014
15,198,0.0,0.02326039969921112,-0.01744529977440834,0.0,65.18950176239014
15,199,0.0,0.024127092212438583,-0.018095319159328938,0.0,65.18950176239014
15,200,0.0,0.15209335088729858,-0.11407001316547394,0.0,65.18950176239014
15,201,0.005822981707751751,0.02275993488729,-0.01124696945771575,0.2558435134516874,65.18950176239014
15,202,0.0,0.009610221721231937,-0.007207666290923953,0.0,65.18950176239014
15,203,0.05689067021012306,0.16923226416110992,-0.07003352791070938,0.3361691725380847,65.18950176239014
15,204,0.0,0.0,0.0,0.0,65.18950176239014
15,205,0.007943459786474705,0.0,0.007943459786474705,7943459786.474705,65.18950176239014
15,206,0.012673626653850079,0.04202651605010033,-0.018846260383725166,0.30156262866139394,65.18950176239014
15,207,0.013533424586057663,0.014449819922447205,0.0026960596442222595,0.9365808472185497,65.18950176239014
15,208,0.5063133835792542,0.31193533539772034,0.2723618820309639,1.6231357147534342,65.18950176239014
15,209,0.00042675971053540707,0.012874936684966087,-0.009229442803189158,0.03314654828559917,65.18950176239014
15,210,0.18965911865234375,0.05101301893591881,0.15139935445040464,3.717857178514971,65.18950176239014
15,211,0.032969437539577484,0.05069701001048088,-0.005053319968283176,0.6503231163358787,65.18950176239014
15,212,0.004238801542669535,0.002897365251556039,0.0020657776040025055,1.4629848752862928,65.18950176239014
15,213,0.0,0.0,0.0,0.0,65.18950176239014
15,214,0.11542227864265442,0.08768302947282791,0.049660006538033485,1.3163582432687988,65.18950176239014
15,215,0.007353654596954584,0.0,0.007353654596954584,7353654596.954584,65.18950176239014
15,216,0.0,0.0,0.0,0.0,65.18950176239014
15,217,0.01796981878578663,0.02774094045162201,-0.0028358865529298782,0.6477725157327232,65.18950176239014
15,218,0.018170656636357307,0.04019411653280258,-0.011974930763244629,0.45207254701259797,65.18950176239014
15,219,0.0,0.08603191375732422,-0.06452393531799316,0.0,65.18950176239014
15,220,0.30310317873954773,0.29005151987075806,0.08556453883647919,1.0449977261748544,65.18950176239014
15,221,0.030094804242253304,0.008593284524977207,0.023649840848520398,3.502130547554632,65.18950176239014
15,222,0.02853013202548027,0.04352421686053276,-0.0041130306199193,0.6555001808819575,65.18950176239014
15,223,0.0,0.06292547285556793,-0.04719410464167595,0.0,65.18950176239014
15,224,0.0,0.007456138730049133,-0.00559210404753685,0.0,65.18950176239014
15,225,0.0,0.0,0.0,0.0,65.18950176239014
15,226,0.0027514887042343616,0.002462160773575306,0.0009048681240528822,1.117509763231835,65.18950176239014
15,227,0.007882735691964626,0.003103508148342371,0.005555104580707848,2.539943609825857,65.18950176239014
15,228,0.375406414270401,0.004539952613413334,0.372001449810341,82.68950056407408,65.18950176239014
15,229,0.0008709867252036929,0.08730798214673996,-0.06460999988485128,0.009976026289667709,65.18950176239014
15,230,0.0,0.02551034279167652,-0.01913275709375739,0.0,65.18950176239014
15,231,0.0,0.020797980949282646,-0.015598485711961985,0.0,65.18950176239014
15,232,0.0,0.0028204768896102905,-0.002115357667207718,0.0,65.18950176239014
15,233,0.5668684840202332,0.38064640760421753,0.28138367831707,1.4892258870551418,65.18950176239014
15,234,0.15587007999420166,0.6866821646690369,-0.359141543507576,0.22699013898096515,65.18950176239014
15,235,0.03941908851265907,0.0020525020081549883,0.03787971200654283,19.205383642419843,65.18950176239014
15,236,0.2469034343957901,0.11590981483459473,0.15997107326984406,2.1301339730892965,65.18950176239014
15,237,0.029473653063178062,0.023553645238280296,0.01180841913446784,1.251341470237694,65.18950176239014
15,238,0.04068388417363167,0.012985563836991787,0.030944711295887828,3.133008676496824,65.18950176239014
15,239,0.0014760760823264718,0.0011852533789351583,0.0005871360481251031,1.2453675368613786,65.18950176239014
15,240,0.0,0.0,0.0,0.0,65.18950176239014
15,241,0.0,0.4206489026546478,-0.31548667699098587,0.0,65.18950176239014
15,242,0.0,0.0,0.0,0.0,65.18950176239014
15,243,0.0,0.06170879676938057,-0.04628159757703543,0.0,65.18950176239014
15,244,2.7183122634887695,1.6389613151550293,1.4890912771224976,1.6585579161336006,65.18950176239014
15,245,0.0,0.0021486454643309116,-0.0016114840982481837,0.0,65.18950176239014
15,246,1.9159549538017018e-06,0.030741984024643898,-0.023054572063529122,6.232372485144351e-05,65.18950176239014
15,247,0.0,0.08555132150650024,-0.06416349112987518,0.0,65.18950176239014
15,248,0.03980017080903053,0.012274178676307201,0.030594536801800132,3.2425934032241237,65.18950176239014
15,249,0.01122771855443716,0.0,0.01122771855443716,11227718554.43716,65.18950176239014
15,250,0.012775560840964317,0.011855543591082096,0.0038839031476527452,1.0776022829941487,65.18950176239014
15,251,0.03306850790977478,0.12882189452648163,-0.06354791298508644,0.2566994378639592,65.18950176239014
15,252,0.19066986441612244,0.12954069674015045,0.0935143418610096,1.471891607910068,65.18950176239014
15,253,0.15804173052310944,0.093416728079319,0.08797918446362019,1.6917926132804215,65.18950176239014
15,254,0.07942359894514084,0.2233538180589676,-0.08809176459908485,0.35559543881992933,65.18950176239014
15,255,0.0,0.020304465666413307,-0.01522834924980998,0.0,65.18950176239014
16,0,0.0,0.0,0.0,0.0,65.20679092407227
16,1,0.0,0.00935494527220726,-0.007016208954155445,0.0,65.20679092407227
16,2,0.02499546855688095,0.022328749299049377,0.008248906582593918,1.119429853459176,65.20679092407227
16,3,0.012296353466808796,0.9287118911743164,-0.6842375649139285,0.013240223995891066,65.20679092407227
16,4,0.0034395954571664333,0.002406871411949396,0.0016344418982043862,1.4290732104178057,65.20679092407227
16,5,0.9838457107543945,0.059792447835206985,0.9390013748779893,16.4543474361428,65.20679092407227
16,6,1.1228259801864624,0.565237283706665,0.6988980174064636,1.9864683603694773,65.20679092407227
16,7,0.0922616496682167,0.056502100080251694,0.049885074608027935,1.632888857857349,65.20679092407227
16,8,0.013864747248589993,0.013992603868246078,0.0033702943474054337,0.9908625569728949,65.20679092407227
16,9,0.0,0.01597222313284874,-0.011979167349636555,0.0,65.20679092407227
16,10,0.2746961712837219,0.0684489756822586,0.22335943952202797,4.013152403548789,65.20679092407227
16,11,0.02260078303515911,0.10966760665178299,-0.05964992195367813,0.20608440108221857,65.20679092407227
16,12,0.08209657669067383,0.0,0.08209657669067383,82096576690.67383,65.20679092407227
16,13,0.07113129645586014,0.04636136814951897,0.03636027034372091,1.534279493757,65.20679092407227
16,14,0.016969768330454826,0.03679715842008591,-0.010628100484609604,0.46117061910765983,65.20679092407227
16,15,0.0,0.05309867858886719,-0.03982400894165039,0.0,65.20679092407227
16,16,0.06795570999383926,0.056419868022203445,0.02564080897718668,1.2044641785743198,65.20679092407227
16,17,1.8657938241958618,1.2190580368041992,0.9515002965927124,1.5305209168593574,65.20679092407227
16,18,0.0037666477728635073,0.01754065230488777,-0.009388841455802321,0.21473818117922433,65.20679092407227
16,19,0.0,0.0,0.0,0.0,65.20679092407227
16,20,0.0,0.3218400776386261,-0.24138005822896957,0.0,65.20679092407227
16,21,0.0,0.0,0.0,0.0,65.20679092407227
16,22,0.07785025238990784,0.023864896968007088,0.05995157966390252,3.262123967725927,65.20679092407227
16,23,0.17713481187820435,0.09946034848690033,0.1025395505130291,1.780959091448924,65.20679092407227
16,24,0.0,0.0019985029939562082,-0.0014988772454671562,0.0,65.20679092407227
16,25,0.0,0.0,0.0,0.0,65.20679092407227
16,26,0.08507658541202545,0.04094301536679268,0.05436932388693094,2.077926714673534,65.20679092407227
16,27,0.4541599750518799,0.16879317164421082,0.32756509631872177,2.6906300214945085,65.20679092407227
16,28,0.0,0.0,0.0,0.0,65.20679092407227
16,29,0.11700734496116638,0.0020993712823837996,0.11543281649937853,55.734469594426436,65.20679092407227
16,30,0.08505933731794357,0.09275273978710175,0.015494782477617264,0.9170547146344772,65.20679092407227
16,31,0.030019374564290047,0.013952908106148243,0.019554693484678864,2.1514779810605043,65.20679092407227
16,32,0.0,0.0,0.0,0.0,65.20679092407227
16,33,0.0011738849570974708,0.2442285120487213,-0.18199749907944351,0.004806502513754353,65.20679092407227
16,34,0.004067619796842337,0.014130155555903912,-0.006529996870085597,0.28786801252551825,65.20679092407227
16,35,0.3076780140399933,0.4213533103466034,-0.008336968719959259,0.7302138288320756,65.20679092407227
16,36,0.23885421454906464,0.1432035267353058,0.1314515694975853,1.6679352805946568,65.20679092407227
16,37,0.03274724259972572,0.044792983680963516,-0.0008474951609969139,0.7310797340993347,65.20679092407227
16,38,0.0,0.0,0.0,0.0,65.20679092407227
16,39,0.2580397427082062,0.2220204770565033,0.0915243849158287,1.1622339800728105,65.20679092407227
16,40,6.8930949055356905e-06,0.033339161425828934,-0.024997477974466165,0.00020675669724519913,65.20679092407227
16,41,0.05192559212446213,0.16613300144672394,-0.07267415896058083,0.3125543490575004,65.20679092407227
16,42,0.0,0.0,0.0,0.0,65.20679092407227
16,43,0.11808644980192184,0.07195861637592316,0.06411748751997948,1.6410328011780906,65.20679092407227
16,44,0.12642571330070496,0.10739766061306,0.04587746784090996,1.1771738097259252,65.20679092407227
16,45,0.4614740014076233,0.18438106775283813,0.3231882005929947,2.502827470463095,65.20679092407227
16,46,0.18621951341629028,0.08951722085475922,0.11908159777522087,2.080264686906995,65.20679092407227
16,47,0.0,0.065785251557827,-0.04933893866837025,0.0,65.20679092407227
16,48,0.0,0.0,0.0,0.0,65.20679092407227
16,49,0.0,0.004934011027216911,-0.0037005082704126835,0.0,65.20679092407227
16,50,0.0,0.004494544584304094,-0.0033709084382280707,0.0,65.20679092407227
16,51,0.07280269265174866,0.020735427737236023,0.05725112184882164,3.5110292187269843,65.20679092407227
16,52,0.0,0.04245318844914436,-0.03183989133685827,0.0,65.20679092407227
16,53,0.14930211007595062,0.08493073284626007,0.08560406044125557,1.7579279616538386,65.20679092407227
16,54,0.0,0.0,0.0,0.0,65.20679092407227
16,55,0.0,0.0044000158086419106,-0.003300011856481433,0.0,65.20679092407227
16,56,0.0,0.000200887763639912,-0.000150665822729934,0.0,65.20679092407227
16,57,0.0,0.0,0.0,0.0,65.20679092407227
16,58,0.038945674896240234,0.06554108113050461,-0.010210135951638222,0.5942177672977023,65.20679092407227
16,59,0.025802401825785637,1.2919299602508545,-0.9431450683623552,0.019971981933723095,65.20679092407227
16,60,0.030434228479862213,0.12695194780826569,-0.06477973237633705,0.23973029957434766,65.20679092407227
16,61,0.009460465051233768,0.20467962324619293,-0.14404925238341093,0.046220844562569384,65.20679092407227
16,62,0.015298795886337757,0.077581487596035,-0.042887319810688496,0.19719647508953467,65.20679092407227
16,63,0.0,0.0,0.0,0.0,65.20679092407227
16,64,0.5388883948326111,0.4534260034561157,0.1988188922405243,1.188481451711841,65.20679092407227
16,65,0.28894320130348206,0.12358828634023666,0.19625198654830456,2.337949735023333,65.20679092407227
16,66,0.0,0.13863174617290497,-0.10397380962967873,0.0,65.20679092407227
16,67,0.0,0.060058820992708206,-0.045044115744531155,0.0,65.20679092407227
16,68,0.0,0.0,0.0,0.0,65.20679092407227
16,69,0.0050693354569375515,0.013519936241209507,-0.005070616723969579,0.3749526156130076,65.20679092407227
16,70,0.0012807518942281604,0.0,0.0012807518942281604,1280751894.2281604,65.20679092407227
16,71,0.0,0.006457481533288956,-0.004843111149966717,0.0,65.20679092407227
16,72,0.14538757503032684,0.04093223810195923,0.11468839645385742,3.5519087586812397,65.20679092407227
16,73,0.03516005724668503,0.0001051948856911622,0.035081161082416656,334.23732229409734,65.20679092407227
16,74,0.08240117877721786,0.319148987531662,-0.15696056187152863,0.258190318616583,65.20679092407227
16,75,0.9466474652290344,0.47024592757225037,0.5939630195498466,2.0130901932831198,65.20679092407227
16,76,0.0,0.24371229112148285,-0.18278421834111214,0.0,65.20679092407227
16,77,0.029036786407232285,0.005820846650749445,0.0246711514191702,4.988412879508744,65.20679092407227
16,78,0.0,0.035202380269765854,-0.02640178520232439,0.0,65.20679092407227
16,79,0.00446084700524807,0.2333298921585083,-0.17053657211363316,0.019118197689812322,65.20679092407227
16,80,0.1335303634405136,0.0813373550772667,0.07252734713256359,1.6416855860634305,65.20679092407227
16,81,0.0446416400372982,0.023661404848098755,0.026895586401224136,1.8866859479393325,65.20679092407227
16,82,0.05795784667134285,0.0019262724090367556,0.05651314236456528,30.088084306952695,65.20679092407227
16,83,0.0,0.0,0.0,0.0,65.20679092407227
16,84,0.3354443609714508,0.2267618030309677,0.16537300869822502,1.4792807099181584,65.20679092407227
16,85,0.016469614580273628,0.0,0.016469614580273628,16469614580.273628,65.20679092407227
16,86,0.0,0.005301246885210276,-0.003975935163907707,0.0,65.20679092407227
16,87,0.29149606823921204,0.14205384254455566,0.1849556863307953,2.0520111460253623,65.20679092407227
16,88,0.0,0.009467175230383873,-0.007100381422787905,0.0,65.20679092407227
16,89,0.0953918993473053,0.08911687135696411,0.028554245829582214,1.0704134682212494,65.20679092407227
16,90,0.4751158356666565,0.12798991799354553,0.37912339717149734,3.7121348549258717,65.20679092407227
16,91,0.0,0.0655970349907875,-0.04919777624309063,0.0,65.20679092407227
16,92,0.0011374251917004585,0.06229466572403908,-0.04558357410132885,0.0182587895522373,65.20679092407227
16,93,0.5422629714012146,0.16109777987003326,0.42143963649868965,3.366048693131109,65.20679092407227
16,94,0.0,0.02745821326971054,-0.020593659952282906,0.0,65.20679092407227
16,95,0.001454785349778831,0.00012451407383196056,0.0013613997944048606,11.683702037236785,65.20679092407227
16,96,0.07551582157611847,0.04623357951641083,0.04084063693881035,1.6333544225724599,65.20679092407227
16,97,0.2579353153705597,0.11412005126476288,0.17234527692198753,2.260210300553403,65.20679092407227
16,98,0.03611201420426369,0.05853936821222305,-0.007792511954903603,0.616884249121544,65.20679092407227
16,99,9.607132597011514e-06,0.003128134412690997,-0.0023364936769212363,0.0030712019774353995,65.20679092407227
16,100,0.1545519232749939,0.08730169385671616,0.08907565288245678,1.7703198694733437,65.20679092407227
16,101,0.0,0.0049347965978085995,-0.0037010974483564496,0.0,65.20679092407227
16,102,0.0,0.0,0.0,0.0,65.20679092407227
16,103,0.3073429465293884,0.07586333900690079,0.25044544227421284,4.051271016391464,65.20679092407227
16,104,0.0664949119091034,0.08874873071908951,-6.663613021373749e-05,0.7492491596170101,65.20679092407227
16,105,0.23041653633117676,0.1365380734205246,0.1280129812657833,1.6875625278513169,65.20679092407227
16,106,0.05594880133867264,0.003930551931262016,0.053000887390226126,14.234337137093704,65.20679092407227
16,107,0.0002982747682835907,0.07260727882385254,-0.054157184349605814,0.004108056011892502,65.20679092407227
16,108,0.038409918546676636,0.04510001093149185,0.004584910348057747,0.851660958667409,65.20679092407227
16,109,0.06257845461368561,0.06470542401075363,0.014049386605620384,0.9671284219127956,65.20679092407227
16,110,0.06434552371501923,0.0277619156986475,0.0435240869410336,2.3177623767453572,65.20679092407227
16,111,1.4499552249908447,0.9717829823493958,0.7211179882287979,1.4920566127675146,65.20679092407227
16,112,0.0016196792712435126,0.0,0.0016196792712435126,1619679271.2435126,65.20679092407227
16,113,0.13171891868114471,0.3854532837867737,-0.15737104415893555,0.3417247283166686,65.20679092407227
16,114,0.00429607555270195,0.025701548904180527,-0.014980086125433445,0.16715239881266505,65.20679092407227
16,115,0.04341800883412361,0.01188485324382782,0.03450436890125275,3.653222125651298,65.20679092407227
16,116,0.009187612682580948,0.15990117192268372,-0.11073826625943184,0.0574580697067432,65.20679092407227
16,117,0.20456786453723907,0.21852083504199982,0.04067723825573921,0.9361481000060469,65.20679092407227
16,118,0.8246265649795532,0.46882766485214233,0.47300581634044647,1.758911913267454,65.20679092407227
16,119,0.0,0.0,0.0,0.0,65.20679092407227
16,120,0.3933994770050049,0.2644452154636383,0.19506556540727615,1.487640743712417,65.20679092407227
16,121,0.1058880016207695,0.059781864285469055,0.06105160340666771,1.7712395370168483,65.20679092407227
16,122,0.0,0.03508954122662544,-0.026317155919969082,0.0,65.20679092407227
16,123,0.23031675815582275,0.11987058818340302,0.1404138170182705,1.9213783935181394,65.20679092407227
16,124,0.27392834424972534,0.1222236230969429,0.18226062692701817,2.241206219441025,65.20679092407227
16,125,0.017455032095313072,0.010020826011896133,0.009939412586390972,1.741875577207868,65.20679092407227
16,126,0.0,0.0,0.0,0.0,65.20679092407227
16,127,0.6321021318435669,0.4032340347766876,0.3296766057610512,1.5675812985182653,65.20679092407227
16,128,0.0,0.0,0.0,0.0,65.20679092407227
16,129,0.5980980396270752,0.31231287121772766,0.36386338621377945,1.9150604881993434,65.20679092407227
16,130,0.037985555827617645,0.09522631764411926,-0.0334341824054718,0.3988976657606224,65.20679092407227
16,131,0.0,0.0,0.0,0.0,65.20679092407227
16,132,0.10089477151632309,0.062093526124954224,0.05432462692260742,1.6248839099854322,65.20679092407227
16,133,0.10376580059528351,0.057670388370752335,0.06051300931721926,1.7992908236787473,65.20679092407227
16,134,0.31622007489204407,0.1980266124010086,0.1677001155912876,1.5968564581112665,65.20679092407227
16,135,0.0,0.012755664996802807,-0.009566748747602105,0.0,65.20679092407227
16,136,0.0,0.33780986070632935,-0.253357395529747,0.0,65.20679092407227
16,137,0.07929690182209015,0.05590667575597763,0.037366895005106926,1.4183798401247854,65.20679092407227
16,138,0.0,0.008607108145952225,-0.0064553311094641685,0.0,65.20679092407227
16,139,0.0,0.0001680768036749214,-0.00012605760275619105,0.0,65.20679092407227
16,140,0.0,0.0005917316884733737,-0.00044379876635503024,0.0,65.20679092407227
16,141,0.028013136237859726,0.04919614642858505,-0.008883973583579063,0.5694172871437241,65.20679092407227
16,142,0.011728688143193722,0.015565856359899044,5.4295873269438744e-05,0.7534881391206865,65.20679092407227
16,143,0.0,0.040833692997694016,-0.03062526974827051,0.0,65.20679092407227
16,144,0.0,0.0,0.0,0.0,65.20679092407227
16,145,0.08147133141756058,0.03649517893791199,0.05409994721412659,2.2323861339036757,65.20679092407227
16,146,0.06610020995140076,0.05186953768134117,0.02719805669039488,1.2743551013739685,65.20679092407227
16,147,0.08698810636997223,0.06990057975053787,0.034562671557068825,1.2444547195341167,65.20679092407227
16,148,0.0,0.005086392629891634,-0.0038147944724187255,0.0,65.20679092407227
16,149,0.11456272006034851,0.07065944373607635,0.061568137258291245,1.6213362857289981,65.20679092407227
16,150,0.1924930214881897,0.4414072632789612,-0.1385624259710312,0.43608938388968377,65.20679092407227
16,151,0.0,0.0,0.0,0.0,65.20679092407227
16,152,0.01798819750547409,0.019830061122775078,0.003115651663392782,0.9071176025729593,65.20679092407227
16,153,0.0,0.0,0.0,0.0,65.20679092407227
16,154,0.0,0.0,0.0,0.0,65.20679092407227
16,155,0.024823660030961037,0.03216380998492241,0.0007008025422692299,0.7717885425211118,65.20679092407227
16,156,0.0,0.0,0.0,0.0,65.20679092407227
16,157,0.0,0.0,0.0,0.0,65.20679092407227
16,158,0.5517960786819458,0.4066126048564911,0.24683662503957748,1.357056008815414,65.20679092407227
16,159,0.026889817789196968,0.5722652077674866,-0.40230908803641796,0.04698838479811167,65.20679092407227
16,160,0.258528470993042,0.167072594165802,0.1332240253686905,1.5474020277373093,65.20679092407227
16,161,0.2770550549030304,0.03347543627023697,0.25194847770035267,8.276368757621954,65.20679092407227
16,162,0.0,0.032222628593444824,-0.024166971445083618,0.0,65.20679092407227
16,163,0.0,0.04001164436340332,-0.03000873327255249,0.0,65.20679092407227
16,164,0.26224908232688904,0.017377274110913277,0.24921612674370408,15.091497126531477,65.20679092407227
16,165,0.0,0.025416353717446327,-0.019062265288084745,0.0,65.20679092407227
16,166,0.14529086649417877,0.018023228272795677,0.13177344528958201,8.0613120073178,65.20679092407227
16,167,0.0,0.12023034691810608,-0.09017276018857956,0.0,65.20679092407227
16,168,0.0005091643542982638,0.01574903167784214,-0.011302609404083341,0.03232988317512212,65.20679092407227
16,169,0.8907480239868164,0.5237706899642944,0.4979200065135956,1.70064503618146,65.20679092407227
16,170,0.005393829196691513,0.06335947662591934,-0.04212577827274799,0.08513058320307926,65.20679092407227
16,171,0.08267836272716522,0.05324804037809372,0.04274233244359493,1.5527024494900747,65.20679092407227
16,172,0.007176349870860577,0.016619212925434113,-0.005288059823215008,0.4318104535170887,65.20679092407227
16,173,0.0014335347805172205,0.0004698766570072621,0.001081127287761774,3.050874641436359,65.20679092407227
16,174,0.05365012213587761,0.041004639118909836,0.022896642796695232,1.308391520749362,65.20679092407227
16,175,0.20510806143283844,0.10146154463291168,0.12901190295815468,2.021534978329955,65.20679092407227
16,176,0.14302800595760345,0.07419747114181519,0.08737990260124207,1.927666856493038,65.20679092407227
16,177,0.0034417659044265747,0.0021490438375622034,0.0018299830262549222,1.6015335949262228,65.20679092407227
16,178,0.0,0.0,0.0,0.0,65.20679092407227
16,179,0.0,0.011451070196926594,-0.008588302647694945,0.0,65.20679092407227
16,180,0.049985677003860474,0.025554852560162544,0.030819537583738565,1.9560150810585042,65.20679092407227
16,181,0.0,0.012515847571194172,-0.009386885678395629,0.0,65.20679092407227
16,182,0.3395097255706787,0.09139016270637512,0.27096710354089737,3.7149482560586415,65.20679092407227
16,183,0.0,0.0,0.0,0.0,65.20679092407227
16,184,0.0,0.007920317351818085,-0.0059402380138635635,0.0,65.20679092407227
16,185,0.0,0.12311194837093353,-0.09233396127820015,0.0,65.20679092407227
16,186,0.011795063503086567,0.0,0.011795063503086567,11795063503.086567,65.20679092407227
16,187,0.0,0.0,0.0,0.0,65.20679092407227
16,188,0.0,0.0,0.0,0.0,65.20679092407227
16,189,0.16827359795570374,0.27996981143951416,-0.041703760623931885,0.6010419376642586,65.20679092407227
16,190,0.0018152390839532018,0.0,0.0018152390839532018,1815239083.9532018,65.20679092407227
16,191,0.02483113296329975,0.005760195665061474,0.020510986214503646,4.310814146401732,65.20679092407227
16,192,0.025803688913583755,0.013427244499325752,0.01573325553908944,1.9217411966362676,65.20679092407227
16,193,0.1959870457649231,0.01167150866240263,0.18723341426812112,16.791920514908515,65.20679092407227
16,194,0.11432955414056778,0.09127981215715408,0.04586969502270222,1.2525174125301335,65.20679092407227
16,195,0.11939658969640732,0.0735810399055481,0.06421080976724625,1.622654284963184,65.20679092407227
16,196,2.105721950531006,1.194867730140686,1.2095711529254913,1.762305481529166,65.20679092407227
16,197,0.0,0.006917350459843874,-0.0051880128448829055,0.0,65.20679092407227
16,198,0.24250496923923492,0.17992334067821503,0.10756246373057365,1.3478238472216706,65.20679092407227
16,199,0.0,0.0,0.0,0.0,65.20679092407227
16,200,0.09932877868413925,0.020980987697839737,0.08359303791075945,4.734227964379017,65.20679092407227
16,201,0.1551414132118225,0.14298342168331146,0.04790384694933891,1.085030777584511,65.20679092407227
16,202,0.0032612192444503307,0.6374872922897339,-0.4748542499728501,0.005115740005940404,65.20679092407227
16,203,0.40751904249191284,0.061375848948955536,0.3614871557801962,6.6397296243379795,65.20679092407227
16,204,0.0,0.0,0.0,0.0,65.20679092407227
16,205,0.03381415456533432,0.10601793229579926,-0.04569929465651512,0.3189475009819182,65.20679092407227
16,206,0.01487856823951006,0.06316466629505157,-0.03249493148177862,0.2355520754241698,65.20679092407227
16,207,0.017808983102440834,0.009740211069583893,0.010503824800252914,1.8283980679048308,65.20679092407227
16,208,0.0,0.006882017478346825,-0.0051615131087601185,0.0,65.20679092407227
16,209,0.9310588240623474,0.5753451585769653,0.4995499551296234,1.6182613344024153,65.20679092407227
16,210,0.10632051527500153,0.036214325577020645,0.07915977109223604,2.93586898493921,65.20679092407227
16,211,0.00272530154325068,0.006032357923686504,-0.0017989668995141983,0.45178047743118804,65.20679092407227
16,212,0.0,0.0,0.0,0.0,65.20679092407227
16,213,0.0,0.017751481384038925,-0.013313611038029194,0.0,65.20679092407227
16,214,4.0434138099954e-06,0.0,4.0434138099954e-06,4043413.8099954,65.20679092407227
16,215,0.09371060132980347,0.0186774842441082,0.07970248814672232,5.017303192443978,65.20679092407227
16,216,0.1637403517961502,0.15143170952796936,0.05016656965017319,1.0812818022425228,65.20679092407227
16,217,0.20169709622859955,0.08069680631160736,0.14117449149489403,2.4994433540189327,65.20679092407227
16,218,0.36674821376800537,0.05933181568980217,0.32224935200065374,6.1813077772514555,65.20679092407227
16,219,0.0,0.012708994559943676,-0.009531745919957757,0.0,65.20679092407227
16,220,0.0,0.00985434465110302,-0.007390758488327265,0.0,65.20679092407227
16,221,0.19645188748836517,0.11153676360845566,0.11279931478202343,1.7613195966151445,65.20679092407227
16,222,0.07653937488794327,0.32380959391593933,-0.16631782054901123,0.2363715477422712,65.20679092407227
16,223,0.0,0.012399209663271904,-0.009299407247453928,0.0,65.20679092407227
16,224,0.27154862880706787,0.023925993591547012,0.2536041336134076,11.34952359477584,65.20679092407227
16,225,0.0,0.0,0.0,0.0,65.20679092407227
16,226,0.05865641310811043,0.009953582659363747,0.05119122611358762,5.892995025970565,65.20679092407227
16,227,0.021133797243237495,0.08334094285964966,-0.04137190990149975,0.25358241121142927,65.20679092407227
16,228,0.14643244445323944,0.07671665400266647,0.08889495395123959,1.9087438882076513,65.20679092407227
16,229,0.1759536862373352,0.1277332305908203,0.08015376329421997,1.3775090900159443,65.20679092407227
16,230,0.0,0.08364207297563553,-0.06273155473172665,0.0,65.20679092407227
16,231,0.004476757720112801,0.0032737297005951405,0.0020214604446664453,1.3674793364679676,65.20679092407227
16,232,0.059710606932640076,0.033981453627347946,0.034224516712129116,1.7571528159357022,65.20679092407227
16,233,0.40703925490379333,0.05723367631435394,0.3641139976680279,7.111883791302043,65.20679092407227
16,234,0.11444924771785736,0.11236891895532608,0.0301725585013628,1.0185133823556658,65.20679092407227
16,235,0.0,0.005824151448905468,-0.004368113586679101,0.0,65.20679092407227
16,236,0.09431540966033936,0.06645229458808899,0.044476188719272614,1.4192950031830096,65.20679092407227
16,237,0.0,0.011469166725873947,-0.00860187504440546,0.0,65.20679092407227
16,238,0.0,0.0,0.0,0.0,65.20679092407227
16,239,0.25150883197784424,0.18255528807640076,0.11459236592054367,1.377713210209546,65.20679092407227
16,240,0.0,0.0,0.0,0.0,65.20679092407227
16,241,0.005704651121050119,0.02121136337518692,-0.01020387141034007,0.2689431612611231,65.20679092407227
16,242,0.034660786390304565,0.42640069127082825,-0.2851397320628166,0.08128689071052302,65.20679092407227
16,243,0.0,0.0,0.0,0.0,65.20679092407227
16,244,0.0847652480006218,0.06301857531070709,0.037501316517591476,1.3450835342016176,65.20679092407227
16,245,0.39151710271835327,0.15362957119941711,0.27629492431879044,2.5484488413210533,65.20679092407227
16,246,0.0,0.2528174817562103,-0.18961311131715775,0.0,65.20679092407227
16,247,0.0,0.14897005259990692,-0.11172753944993019,0.0,65.20679092407227
16,248,0.0,0.0,0.0,0.0,65.20679092407227
16,249,0.03403573855757713,0.021655132994055748,0.017794388812035322,1.571716902655278,65.20679092407227
16,250,0.0,7.146202278818237e-06,-5.3596517091136775e-06,0.0,65.20679092407227
16,251,0.061291445046663284,0.06461990624666214,0.01282651536166668,0.9484917048897873,65.20679092407227
16,252,0.049309272319078445,0.05278044193983078,0.00972394086420536,0.9342337901292364,65.20679092407227
16,253,0.09560030698776245,0.03980137035250664,0.06574927922338247,2.401935062503187,65.20679092407227
16,254,0.038049425929784775,0.0,0.038049425929784775,38049425929.784775,65.20679092407227
16,255,0.013666580431163311,0.3783572316169739,-0.2701013432815671,0.03612083842753775,65.20679092407227
17,0,0.0,0.0644482970237732,-0.048336222767829895,0.0,65.22649097442627
17,1,0.036896903067827225,0.06559526175260544,-0.012299543246626854,0.5624934192110177,65.22649097442627
17,2,0.022112663835287094,0.04595204070210457,-0.012351366691291332,0.48121179161893324,65.22649097442627
17,3,0.035474762320518494,0.015822121873497963,0.02360817091539502,2.2420989170672856,65.22649097442627
17,4,0.24424177408218384,0.10445883125066757,0.16589765064418316,2.338162998337058,65.22649097442627
17,5,0.0,0.0,0.0,0.0,65.22649097442627
17,6,0.030492350459098816,0.09652609378099442,-0.041902219876646996,0.31589748703564274,65.22649097442627
17,7,0.19426797330379486,0.040012385696172714,0.16425868403166533,4.855195957923646,65.22649097442627
17,8,0.0,0.012728090398013592,-0.009546067798510194,0.0,65.22649097442627
17,9,0.26858872175216675,0.24259117245674133,0.08664534240961075,1.1071660977233377,65.22649097442627
17,10,0.0,0.0,0.0,0.0,65.22649097442627
17,11,0.0,0.00570298358798027,-0.004277237690985203,0.0,65.22649097442627
17,12,0.0,0.0027033945079892874,-0.0020275458809919655,0.0,65.22649097442627
17,13,0.10378370434045792,0.01254035159945488,0.09437844064086676,8.275980422805159,65.22649097442627
17,14,2.9283406734466553,1.7319480180740356,1.6293796598911285,1.690778616266638,65.22649097442627
17,15,0.7748673558235168,0.30459097027778625,0.5464241281151772,2.5439603646631275,65.22649097442627
17,16,0.03906603902578354,0.18869100511074066,-0.10245221480727196,0.20703710281605142,65.22649097442627
17,17,0.6387205123901367,0.2487347275018692,0.4521694667637348,2.567878312781109,65.22649097442627
17,18,0.04144405946135521,0.018599078059196472,0.027494750916957855,2.228285688528231,65.22649097442627
17,19,0.042655449360609055,0.008112367242574692,0.036571173928678036,5.258076721612155,65.22649097442627
17,20,1.0211206674575806,0.9262679815292358,0.3264196813106537,1.1024030710536317,65.22649097442627
17,21,0.0,0.0,0.0,0.0,65.22649097442627
17,22,5.1265087677165866e-05,0.03919101879000664,-0.029341999004827812,0.0013080825469362364,65.22649097442627
17,23,0.16586126387119293,0.015914609655737877,0.15392530662938952,10.421949859195644,65.22649097442627
17,24,0.06988789886236191,0.04747506603598595,0.03428159933537245,1.4720969278466092,65.22649097442627
17,25,0.0,0.02978111431002617,-0.022335835732519627,0.0,65.22649097442627
17,26,0.0,0.0,0.0,0.0,65.22649097442627
17,27,0.546772837638855,0.32554036378860474,0.30261756479740143,1.6795853861987813,65.22649097442627
17,28,0.11863762140274048,0.028403691947460175,0.09733485244214535,4.176838053940804,65.22649097442627
17,29,0.2549559772014618,0.09372223168611526,0.18466430343687534,2.72033617437337,65.22649097442627
17,30,0.10254783183336258,0.12481819093227386,0.00893418863415718,0.8215776167448483,65.22649097442627
17,31,0.6151777505874634,0.3414337635040283,0.35910242795944214,1.8017484394990235,65.22649097442627
17,32,0.5556639432907104,0.32521873712539673,0.3117498904466629,1.7085852684888536,65.22649097442627
17,33,1.5577788352966309,0.988530158996582,0.8163812160491943,1.5758536258279614,65.22649097442627
17,34,0.056587692350149155,0.08004197478294373,-0.0034437887370586395,0.7069752152279548,65.22649097442627
17,35,0.3418613374233246,0.06670034676790237,0.2918360773473978,5.125330736401961,65.22649097442627
17,36,0.6060143113136292,0.35268744826316833,0.3414987251162529,1.718275811334559,65.22649097442627
17,37,3.006554106832482e-05,0.013945475220680237,-0.010429040874441853,0.002155935211270795,65.22649097442627
17,38,0.21445642411708832,0.09407835453748703,0.14389765821397305,2.279551180174555,65.22649097442627
17,39,0.0,0.09535738825798035,-0.07151804119348526,0.0,65.22649097442627
17,40,0.042433977127075195,0.0700812041759491,-0.010126926004886627,0.6054972602915469,65.22649097442627
17,41,0.2945324182510376,0.19400866329669952,0.14902592077851295,1.5181405471522056,65.22649097442627
17,42,0.05908406898379326,0.14542807638645172,-0.04998698830604553,0.40627690643710757,65.22649097442627
17,43,0.0,0.0,0.0,0.0,65.22649097442627
17,44,0.11504849791526794,0.0755758285522461,0.058366626501083374,1.52229224763592,65.22649097442627
17,45,0.042890969663858414,0.023895854130387306,0.024969079066067934,1.7949125998187672,65.22649097442627
17,46,0.06930869072675705,0.047748446464538574,0.03349735587835312,1.4515381307071242,65.22649097442627
17,47,0.6459859013557434,0.22183014452457428,0.4796132929623127,2.912074473635251,65.22649097442627
17,48,0.08229826390743256,0.008553477935492992,0.07588315545581281,9.62161409878794,65.22649097442627
17,49,0.0,0.0,0.0,0.0,65.22649097442627
17,50,0.0,0.011904234066605568,-0.008928175549954176,0.0,65.22649097442627
17,51,0.09162816405296326,0.3474230170249939,-0.16893909871578217,0.2637365964906917,65.22649097442627
17,52,0.0,0.0,0.0,0.0,65.22649097442627
17,53,0.05107976496219635,0.03165089711546898,0.027341592125594616,1.6138488831527593,65.22649097442627
17,54,0.0,0.0,0.0,0.0,65.22649097442627
17,55,0.028716647997498512,0.009387681260704994,0.021675887051969767,3.058971347338116,65.22649097442627
17,56,0.03750431910157204,0.0480215884745121,0.0014881277456879616,0.780988723867325,65.22649097442627
17,57,0.034481462091207504,0.024126749485731125,0.01638639997690916,1.4291797620798903,65.22649097442627
17,58,0.0018913948442786932,0.00304133677855134,-0.0003896077396348119,0.6218958903188988,65.22649097442627
17,59,0.08909140527248383,0.10484497994184494,0.01045767031610012,0.8497441205201336,65.22649097442627
17,60,0.020886387676000595,0.01087756548076868,0.012728213565424085,1.9201344005703462,65.22649097442627
17,61,0.03174548223614693,0.0030064822640269995,0.029490620538126677,10.559011974035988,65.22649097442627
17,62,0.06820366531610489,0.036046408116817474,0.04116885922849178,1.8921071162813674,65.22649097442627
17,63,0.6269880533218384,0.42427316308021545,0.3087831810116768,1.4777933366523557,65.22649097442627
17,64,0.3691447377204895,0.06729311496019363,0.3186749015003443,5.48562416724752,65.22649097442627
17,65,0.0,0.0,0.0,0.0,65.22649097442627
17,66,0.0035994185600429773,0.056959014385938644,-0.039119842229411006,0.0631931327952958,65.22649097442627
17,67,0.0,0.03907044604420662,-0.029302834533154964,0.0,65.22649097442627
17,68,0.03847678750753403,0.047122981399297714,0.0031345514580607414,0.8165185301134392,65.22649097442627
17,69,0.04010796919465065,0.1629408448934555,-0.08209766447544098,0.24615049234972655,65.22649097442627
17,70,0.0,0.0,0.0,0.0,65.22649097442627
17,71,0.0,0.01264619268476963,-0.009484644513577223,0.0,65.22649097442627
17,72,0.02522212453186512,0.05182316154241562,-0.013645246624946594,0.4866959826589297,65.22649097442627
17,73,0.0003231400332879275,4.89490557811223e-05,0.0002864282414520858,6.601557916281438,65.22649097442627
17,74,0.0,0.37796008586883545,-0.2834700644016266,0.0,65.22649097442627
17,75,0.013375412672758102,0.0067284018732607365,0.00832911126781255,1.9879033569509679,65.22649097442627
17,76,0.060619376599788666,0.03127804771065712,0.037160840816795826,1.93808057199159,65.22649097442627
17,77,0.037569981068372726,0.09816894680261612,-0.03605672903358936,0.3827073865173504,65.22649097442627
17,78,0.0,0.08171248435974121,-0.06128436326980591,0.0,65.22649097442627
17,79,0.0,0.250017911195755,-0.18751343339681625,0.0,65.22649097442627
17,80,1.046204602062062e-06,0.0026180073618888855,-0.001962459316814602,0.000399618662992456,65.22649097442627
17,81,0.0,0.01549519319087267,-0.011621394893154502,0.0,65.22649097442627
17,82,0.03343925625085831,0.018383489921689034,0.019651638809591532,1.8189830326823495,65.22649097442627
17,83,0.015211171470582485,0.010634493082761765,0.007235301658511162,1.430361687272996,65.22649097442627
17,84,0.29554983973503113,0.09087831526994705,0.22739110328257084,3.2521491937198754,65.22649097442627
17,85,0.0,0.009519961662590504,-0.007139971246942878,0.0,65.22649097442627
17,86,0.0,0.0,0.0,0.0,65.22649097442627
17,87,0.4640266001224518,0.2425767034292221,0.2820940725505352,1.912906695328764,65.22649097442627
17,88,0.820173442363739,0.6112315654754639,0.3617497682571411,1.3418375108366696,65.22649097442627
17,89,0.0,0.01778266951441765,-0.013337002135813236,0.0,65.22649097442627
17,90,0.0,0.011392788961529732,-0.008544591721147299,0.0,65.22649097442627
17,91,0.21606960892677307,0.0984324961900711,0.14224523678421974,2.1951044348946716,65.22649097442627
17,92,0.0,0.010126794688403606,-0.007595096016302705,0.0,65.22649097442627
17,93,0.0,0.02160603739321232,-0.01620452804490924,0.0,65.22649097442627
17,94,0.013232617639005184,0.0,0.013232617639005184,13232617639.005184,65.22649097442627
17,95,0.008314698003232479,0.6449881792068481,-0.47542643640190363,0.012891240911491277,65.22649097442627
17,96,0.2419975847005844,0.1478034406900406,0.13114500418305397,1.6372933104205711,65.22649097442627
17,97,0.0,0.01505714189261198,-0.011292856419458985,0.0,65.22649097442627
17,98,0.005412738304585218,0.003171962220221758,0.0030337666394189,1.7064321473855295,65.22649097442627
17,99,0.06838206201791763,0.0509205125272274,0.030191677622497082,1.3429177874046447,65.22649097442627
17,100,0.0,0.15032948553562164,-0.11274711415171623,0.0,65.22649097442627
17,101,0.007228533737361431,0.004468048457056284,0.003877497394569218,1.6178279634205284,65.22649097442627
17,102,0.0028445934876799583,0.006061599589884281,-0.0017016062047332525,0.46928099506239107,65.22649097442627
17,103,0.6962460875511169,0.5977306365966797,0.24794811010360718,1.164815796483502,65.22649097442627
17,104,0.05059118568897247,0.17767561972141266,-0.08266552910208702,0.28473904167613107,65.22649097442627
17,105,0.06210758537054062,0.02616950124502182,0.042480459436774254,2.3732812019098746,65.22649097442627
17,106,0.0,0.01340277586132288,-0.01005208189599216,0.0,65.22649097442627
17,107,0.0,0.03383336216211319,-0.025375021621584892,0.0,65.22649097442627
17,108,0.03467521071434021,0.0028676725924015045,0.03252445627003908,12.091760682208854,65.22649097442627
17,109,0.0,0.0,0.0,0.0,65.22649097442627
17,110,0.004186396021395922,0.05147627368569374,-0.034420809242874384,0.08132671076535355,65.22649097442627
17,111,0.3327704071998596,0.04642863944172859,0.2979489276185632,7.1673521170126895,65.22649097442627
17,112,0.05350920930504799,0.017917277291417122,0.04007125133648515,2.9864587365455324,65.22649097442627
17,113,0.05419294908642769,0.2766415476799011,-0.15328821167349815,0.19589591491491315,65.22649097442627
17,114,0.0,0.0,0.0,0.0,65.22649097442627
17,115,0.29791760444641113,0.1972707211971283,0.1499645635485649,1.5101967622818107,65.22649097442627
17,116,0.0,0.0014273924753069878,-0.0010705443564802408,0.0,65.22649097442627
17,117,0.17825976014137268,0.03894849866628647,0.14904838614165783,4.576806969227191,65.22649097442627
17,118,0.0,0.007810493465512991,-0.005857870099134743,0.0,65.22649097442627
17,119,0.0,0.0,0.0,0.0,65.22649097442627
17,120,0.13015228509902954,0.10913103073835373,0.048304012045264244,1.1926239880376694,65.22649097442627
17,121,0.19436310231685638,0.13597479462623596,0.09238200634717941,1.429405375089459,65.22649097442627
17,122,0.0,0.00975528359413147,-0.007316462695598602,0.0,65.22649097442627
17,123,0.23610295355319977,0.1736985296010971,0.10582905635237694,1.3592685792680954,65.22649097442627
17,124,0.0,0.0,0.0,0.0,65.22649097442627
17,125,0.0,0.1014862060546875,-0.07611465454101562,0.0,65.22649097442627
17,126,0.0,0.09254641830921173,-0.0694098137319088,0.0,65.22649097442627
17,127,0.46874555945396423,0.3255643844604492,0.22457227110862732,1.4397937299848271,65.22649097442627
17,128,0.0,0.0,0.0,0.0,65.22649097442627
17,129,0.058025240898132324,0.006742144003510475,0.05296863289549947,8.60634849378975,65.22649097442627
17,130,0.0,0.005631907843053341,-0.004223930882290006,0.0,65.22649097442627
17,131,0.30494895577430725,0.16979090869426727,0.1776057742536068,1.796026407524653,65.22649097442627
17,132,0.10205008089542389,0.17099012434482574,-0.02619251236319542,0.5968185664864987,65.22649097442627
17,133,0.22899942100048065,0.11087478697299957,0.14584333077073097,2.0653876976934495,65.22649097442627
17,134,0.019231004640460014,0.00974193774163723,0.011924551334232092,1.9740430649943783,65.22649097442627
17,135,0.0,0.0,0.0,0.0,65.22649097442627
17,136,0.22183546423912048,0.12263796478509903,0.1298569906502962,1.8088645276039794,65.22649097442627
17,137,0.03183911368250847,0.017025839537382126,0.019069734029471874,1.8700466200642916,65.22649097442627
17,138,0.836515486240387,0.47733327746391296,0.47851552814245224,1.7524767824340013,65.22649097442627
17,139,0.10975170880556107,0.237546905875206,-0.06840847060084343,0.46202120966693005,65.22649097442627
17,140,0.007539419457316399,0.013016248121857643,-0.0022227666340768337,0.5792313872748426,65.22649097442627
17,141,0.0646468922495842,0.04652857407927513,0.02975046169012785,1.3894019648667886,65.22649097442627
17,142,0.04622489586472511,0.02523183450102806,0.027301019988954067,1.8320069379422133,65.22649097442627
17,143,0.2213839590549469,0.1401146650314331,0.11629796028137207,1.5800199001560753,65.22649097442627
17,144,0.0,0.0022205195855349302,-0.0016653896891511977,0.0,65.22649097442627
17,145,0.0,0.0028995329048484564,-0.0021746496786363423,0.0,65.22649097442627
17,146,9.106412107939832e-06,0.0,9.106412107939832e-06,9106412.107939832,65.22649097442627
17,147,0.06204197183251381,0.5605830550193787,-0.3583953194320202,0.11067400499691954,65.22649097442627
17,148,0.07372754067182541,0.07065926492214203,0.020733091980218887,1.0434235446975115,65.22649097442627
17,149,0.0,0.0,0.0,0.0,65.22649097442627
17,150,0.07151966542005539,0.06256894022226334,0.024592960253357887,1.1430538085646549,65.22649097442627
17,151,0.053805042058229446,0.07065588235855103,0.0008131302893161774,0.7615083169498662,65.22649097442627
17,152,0.30854013562202454,0.18224294483661652,0.17185792699456215,1.6930155287873683,65.22649097442627
17,153,0.18047325313091278,0.3613373637199402,-0.09052976965904236,0.49945915161514204,65.22649097442627
17,154,0.01483463030308485,0.05772580951452255,-0.028459726832807064,0.2569843615462127,65.22649097442627
17,155,0.0,0.0,0.0,0.0,65.22649097442627
17,156,0.07259054481983185,0.06839153915643692,0.021296890452504158,1.0613965662145552,65.22649097442627
17,157,0.0,0.022544478997588158,-0.016908359248191118,0.0,65.22649097442627
17,158,0.060247328132390976,0.028910936787724495,0.038564125541597605,2.083894014665341,65.22649097442627
17,159,0.4077884554862976,0.3022952079772949,0.18106704950332642,1.3489742633154054,65.22649097442627
17,160,0.22410281002521515,0.14140810072422028,0.11804673448204994,1.5847947103163813,65.22649097442627
17,161,0.0,0.0,0.0,0.0,65.22649097442627
17,162,0.0,0.0,0.0,0.0,65.22649097442627
17,163,0.018925104290246964,0.024141380563378334,0.000819068867713213,0.7839280044394721,65.22649097442627
17,164,0.01069696992635727,0.006015622057020664,0.006185253383591771,1.7781984677868743,65.22649097442627
17,165,0.017570536583662033,0.012543957680463791,0.00816256832331419,1.4007171444484399,65.22649097442627
17,166,0.0016934233717620373,0.3450738787651062,-0.2571119857020676,0.004907422659220906,65.22649097442627
17,167,0.0019668887834995985,0.08741024881601334,-0.0635907978285104,0.02250180968615167,65.22649097442627
17,168,0.0,0.0,0.0,0.0,65.22649097442627
17,169,0.015469337813556194,0.0,0.015469337813556194,15469337813.556194,65.22649097442627
17,170,0.0685592070221901,0.1835697889328003,-0.06911813467741013,0.3734776153548567,65.22649097442627
17,171,0.0,0.0,0.0,0.0,65.22649097442627
17,172,0.7251991033554077,0.4737488329410553,0.36988747864961624,1.5307670498137302,65.22649097442627
17,173,0.1498163938522339,0.25092384219169617,-0.03837648779153824,0.5970592214078361,65.22649097442627
17,174,0.5877830386161804,0.34571734070777893,0.3284950330853462,1.7001838479120717,65.22649097442627
17,175,0.0,0.0,0.0,0.0,65.22649097442627
17,176,0.08611743152141571,0.09818018227815628,0.0124822948127985,0.8771366025432455,65.22649097442627
17,177,0.0,0.0,0.0,0.0,65.22649097442627
17,178,0.06568334251642227,0.40464848279953003,-0.23780301958322525,0.16232197897255093,65.22649097442627
17,179,0.7889755368232727,0.4908582866191864,0.4208318218588829,1.6073387336613547,65.22649097442627
17,180,0.0,0.0,0.0,0.0,65.22649097442627
17,181,0.1587466299533844,0.2803460955619812,-0.0515129417181015,0.5662523304795631,65.22649097442627
17,182,0.04034724831581116,0.016433894634246826,0.028021827340126038,2.4551239503066933,65.22649097442627
17,183,0.041401468217372894,0.0,0.041401468217372894,41401468217.372894,65.22649097442627
17,184,0.0,0.0,0.0,0.0,65.22649097442627
17,185,0.26379722356796265,0.19740420579910278,0.11574406921863556,1.3363303101813917,65.22649097442627
17,186,0.008631969802081585,0.0,0.008631969802081585,8631969802.081585,65.22649097442627
17,187,0.0,0.0,0.0,0.0,65.22649097442627
17,188,0.14011827111244202,0.018567189574241638,0.1261928789317608,7.54655251106405,65.22649097442627
17,189,0.03520068898797035,0.0068944841623306274,0.03002982586622238,5.1056305524916015,65.22649097442627
17,190,0.0,0.0,0.0,0.0,65.22649097442627
17,191,0.013119122013449669,0.004865256603807211,0.00947017956059426,2.696491280745,65.22649097442627
17,192,0.004127349704504013,0.0,0.004127349704504013,4127349704.504013,65.22649097442627
17,193,0.029340757057070732,0.0,0.029340757057070732,29340757057.070732,65.22649097442627
17,194,0.07251368463039398,0.08804398775100708,0.006480693817138672,0.8236074544311055,65.22649097442627
17,195,0.0,0.0,0.0,0.0,65.22649097442627
17,196,0.07031853497028351,0.026548461988568306,0.05040718847885728,2.648685825864933,65.22649097442627
17,197,0.0012427528854459524,0.0,0.0012427528854459524,1242752885.4459524,65.22649097442627
17,198,0.15362030267715454,0.047952085733413696,0.11765623837709427,3.203620871216997,65.22649097442627
17,199,0.24886061251163483,0.13489754498004913,0.14768745377659798,1.8448120204603842,65.22649097442627
17,200,0.04705100879073143,0.027141980826854706,0.0266945231705904,1.7335141856133398,65.22649097442627
17,201,8.291603990073781e-06,0.01564936898648739,-0.011728735135875468,0.0005298363145953948,65.22649097442627
17,202,0.046020179986953735,0.018842604011297226,0.031888226978480816,2.4423471382681314,65.22649097442627
17,203,0.0,0.012131460011005402,-0.009098595008254051,0.0,65.22649097442627
17,204,0.29932132363319397,0.4362398684024811,-0.02785857766866684,0.6861393130541424,65.22649097442627
17,205,0.22837112843990326,0.1785592883825302,0.0944516621530056,1.2789652697841258,65.22649097442627
17,206,0.0019098870689049363,0.04337036982178688,-0.030617890297435224,0.04403667934372738,65.22649097442627
17,207,0.0,0.0,0.0,0.0,65.22649097442627
17,208,0.024573253467679024,0.07979664951562881,-0.03527423366904259,0.30794843663903715,65.22649097442627
17,209,0.003874237881973386,0.03438999131321907,-0.021918255602940917,0.11265597151725719,65.22649097442627
17,210,0.0,0.018138818442821503,-0.013604113832116127,0.0,65.22649097442627
17,211,0.0,0.14017987251281738,-0.10513490438461304,0.0,65.22649097442627
17,212,0.06834715604782104,0.002161850919947028,0.06672576785786077,31.61511063763853,65.22649097442627
17,213,0.5080133676528931,0.4531790316104889,0.1681290939450264,1.1209992789084156,65.22649097442627
17,214,0.0,0.0,0.0,0.0,65.22649097442627
17,215,0.13003255426883698,0.11880753934383392,0.04092689976096153,1.0944806616305967,65.22649097442627
17,216,0.058459460735321045,0.06160601228475571,0.012254951521754265,0.9489246027507904,65.22649097442627
17,217,0.10741841793060303,0.09689119458198547,0.03475002199411392,1.1086499489755097,65.22649097442627
17,218,0.11582338809967041,0.6335833072662354,-0.3593640923500061,0.1828068807545429,65.22649097442627
17,219,0.02064213715493679,0.010193413123488426,0.01299707731232047,2.0250466554079503,65.22649097442627
17,220,0.13642564415931702,0.16662563383579254,0.01145641878247261,0.818755440071988,65.22649097442627
17,221,0.029996506869792938,0.015786070376634598,0.01815695408731699,1.9001883402402295,65.22649097442627
17,222,0.0,0.0,0.0,0.0,65.22649097442627
17,223,0.19933104515075684,0.14037711918354034,0.09404820576310158,1.4199681992954665,65.22649097442627
17,224,0.0,0.0,0.0,0.0,65.22649097442627
17,225,0.14556367695331573,0.044322237372398376,0.11232199892401695,3.284213198151435,65.22649097442627
17,226,0.0034318454563617706,0.014258241280913353,-0.007261835504323244,0.24069205931555407,65.22649097442627
17,227,0.0,0.0,0.0,0.0,65.22649097442627
17,228,0.5320350527763367,0.21013952791690826,0.37443040683865547,2.5318180641586765,65.22649097442627
17,229,0.0014050450408831239,0.29212725162506104,-0.21769039367791265,0.00480970204957687,65.22649097442627
17,230,0.009900807403028011,0.011438415385782719,0.0013219958636909723,0.865575087828036,65.22649097442627
17,231,0.0009114844724535942,0.0014243223704397678,-0.00015675730537623167,0.6399425373991883,65.22649097442627
17,232,0.11290203779935837,0.0,0.11290203779935837,112902037799.35837,65.22649097442627
17,233,0.07198784500360489,0.3291625678539276,-0.17488408088684082,0.21869997391481105,65.22649097442627
17,234,0.0,0.0,0.0,0.0,65.22649097442627
17,235,0.0,0.03956222906708717,-0.02967167180031538,0.0,65.22649097442627
17,236,0.0017660502344369888,0.008218083530664444,-0.004397512413561344,0.21489806323242652,65.22649097442627
17,237,0.0,0.010983249172568321,-0.008237436879426241,0.0,65.22649097442627
17,238,0.0,0.02244454063475132,-0.01683340547606349,0.0,65.22649097442627
17,239,0.1447056382894516,0.054830096662044525,0.1035830657929182,2.639164384092417,65.22649097442627
17,240,0.02071460708975792,0.007713838946074247,0.014929227880202234,2.6853823669231107,65.22649097442627
17,241,0.05732833594083786,0.01885344833135605,0.043188249692320824,3.0407347733014816,65.22649097442627
17,242,0.1025688573718071,0.0627322569489479,0.05551966466009617,1.635025780335682,65.22649097442627
17,243,0.09517629444599152,0.34936463832855225,-0.16684718430042267,0.2724268114285014,65.22649097442627
17,244,0.0,0.0,0.0,0.0,65.22649097442627
17,245,0.0,0.02921600639820099,-0.02191200479865074,0.0,65.22649097442627
17,246,0.9139751195907593,0.6762630939483643,0.4067777991294861,1.351508204082469,65.22649097442627
17,247,0.0007609316962771118,0.07699397206306458,-0.05698454735102132,0.009883003511547129,65.22649097442627
17,248,0.06785415858030319,0.003972334321588278,0.06487490783911198,17.081683733027546,65.22649097442627
17,249,0.2774988114833832,0.2560456395149231,0.08546458184719086,1.0837865155915922,65.22649097442627
17,250,0.0194716714322567,0.0008315150626003742,0.018848035135306418,23.41710004380002,65.22649097442627
17,251,0.0796368345618248,0.05830562487244606,0.03590761590749025,1.3658516607047555,65.22649097442627
17,252,0.016724837943911552,0.015582357533276081,0.005038069793954492,1.0733188419738404,65.22649097442627
17,253,0.0,0.0,0.0,0.0,65.22649097442627
17,254,0.08168748766183853,0.14764730632305145,-0.029047992080450058,0.5532609411955915,65.22649097442627
17,255,0.12405882775783539,0.0033979795407503843,0.1215103431022726,36.50958642733016,65.22649097442627
18,0,0.010553010739386082,0.01425406988710165,-0.00013754167594015598,0.7403507084103069,65.24619102478027
18,1,0.7828913331031799,0.2647961676120758,0.5842942073941231,2.9565810568948745,65.24619102478027
18,2,0.14939817786216736,0.10134094953536987,0.07339246571063995,1.4742133219163336,65.24619102478027
18,3,0.584945797920227,0.579403817653656,0.15039293467998505,1.0095649702275076,65.24619102478027
18,4,0.0,0.0007120044901967049,-0.0005340033676475286,0.0,65.24619102478027
18,5,0.13312841951847076,0.22456933557987213,-0.035298582166433334,0.5928165534004015,65.24619102478027
18,6,0.0,0.0,0.0,0.0,65.24619102478027
18,7,0.04380623623728752,0.0135860750451684,0.03361667995341122,3.2243481718174327,65.24619102478027
18,8,0.0,0.0,0.0,0.0,65.24619102478027
18,9,0.04148242622613907,0.025193702429533005,0.022587149403989315,1.6465395009137391,65.24619102478027
18,10,0.0,0.0,0.0,0.0,65.24619102478027
18,11,0.014674410223960876,0.008230109699070454,0.008501827949658036,1.7830151430223653,65.24619102478027
18,12,1.71303827301017e-06,0.029309436678886414,-0.0219803644708918,5.844664609967553e-05,65.24619102478027
18,13,0.09104795753955841,0.06524066627025604,0.04211745783686638,1.3955706270840558,65.24619102478027
18,14,0.09819386154413223,0.12795241177082062,0.0022295527160167694,0.7674248588548902,65.24619102478027
18,15,0.0010416158474981785,0.05932430177927017,-0.04345161048695445,0.017557995901177126,65.24619102478027
18,16,0.13828888535499573,0.0,0.13828888535499573,138288885354.99573,65.24619102478027
18,17,0.30535170435905457,0.1887132078409195,0.16381679847836494,1.6180727774753334,65.24619102478027
18,18,0.010649613104760647,0.03788980841636658,-0.017767743207514286,0.28106801141489696,65.24619102478027
18,19,0.24609233438968658,0.10789809376001358,0.1651687640696764,2.280784820302416,65.24619102478027
18,20,0.2966442108154297,0.2501068115234375,0.10906410217285156,1.186070099440075,65.24619102478027
18,21,0.0,0.0,0.0,0.0,65.24619102478027
18,22,0.0,0.020839326083660126,-0.015629494562745094,0.0,65.24619102478027
18,23,0.09491273760795593,0.018268048763275146,0.08121170103549957,5.195559680876621,65.24619102478027
18,24,0.0,0.0,0.0,0.0,65.24619102478027
18,25,0.008199197240173817,0.0071514444425702095,0.0028356139082461596,1.146509254860482,65.24619102478027
18,26,0.0,0.0224587544798851,-0.016844065859913826,0.0,65.24619102478027
18,27,0.0,0.017702562734484673,-0.013276922050863504,0.0,65.24619102478027
18,28,0.14758580923080444,0.07030203193426132,0.09485928528010845,2.099310719307673,65.24619102478027
18,29,0.0,0.0,0.0,0.0,65.24619102478027
18,30,0.0,0.0,0.0,0.0,65.24619102478027
18,31,0.0,0.0,0.0,0.0,65.24619102478027
18,32,0.0,0.003138734959065914,-0.0023540512192994356,0.0,65.24619102478027
18,33,9.30860114749521e-05,0.0,9.30860114749521e-05,93086011.4749521,65.24619102478027
18,34,0.0,0.0,0.0,0.0,65.24619102478027
18,35,0.09708813577890396,0.06073516979813576,0.05153675843030214,1.5985488490440591,65.24619102478027
18,36,0.0,0.0,0.0,0.0,65.24619102478027
18,37,1.3624429811898153e-05,0.1331140547990799,-0.09982191666949802,0.00010235154982214526,65.24619102478027
18,38,0.1279378980398178,0.08325184881687164,0.06549901142716408,1.536757439702089,65.24619102478027
18,39,0.0833158865571022,0.04838548228144646,0.04702677484601736,1.7219191093467303,65.24619102478027
18,40,0.0,0.0,0.0,0.0,65.24619102478027
18,41,0.006301828660070896,0.008375152014195919,2.046464942395687e-05,0.7524434957881153,65.24619102478027
18,42,0.0,0.0,0.0,0.0,65.24619102478027
18,43,3.6392836570739746,2.0221846103668213,2.1226451992988586,1.7996792372047645,65.24619102478027
18,44,0.0,0.0,0.0,0.0,65.24619102478027
18,45,0.17713801562786102,0.05781738832592964,0.1337749743834138,3.063749864076018,65.24619102478027
18,46,0.0,0.0,0.0,0.0,65.24619102478027
18,47,0.1213405504822731,0.1280517578125,0.025301732122898102,0.9475898851697031,65.24619102478027
18,48,0.028479397296905518,0.04746444150805473,-0.007118933834135532,0.6000154303189797,65.24619102478027
18,49,0.0808655321598053,0.07041444629430771,0.028054697439074516,1.1484224674673615,65.24619102478027
18,50,0.0,0.03758642077445984,-0.02818981558084488,0.0,65.24619102478027
18,51,0.0,0.8472803831100464,-0.6354602873325348,0.0,65.24619102478027
18,52,0.0,0.0,0.0,0.0,65.24619102478027
18,53,0.11864854395389557,0.09718413650989532,0.045760441571474075,1.220863282976166,65.24619102478027
18,54,0.2226940542459488,0.17323671281337738,0.09276651963591576,1.2854899554955468,65.24619102478027
18,55,0.07567483186721802,0.02467670664191246,0.05716730188578367,3.0666503825766,65.24619102478027
18,56,0.0,0.02594514936208725,-0.019458862021565437,0.0,65.24619102478027
18,57,0.027499981224536896,0.0245343167334795,0.009099243674427271,1.120878218136378,65.24619102478027
18,58,0.0,0.0,0.0,0.0,65.24619102478027
18,59,0.002641730010509491,0.0020239586010575294,0.0011237610597163439,1.3052292709069955,65.24619102478027
18,60,0.005997797008603811,0.0050525241531431675,0.0022084038937464356,1.1870892301792364,65.24619102478027
18,61,0.0,0.0,0.0,0.0,65.24619102478027
18,62,0.0,0.008613170124590397,-0.006459877593442798,0.0,65.24619102478027
18,63,0.2901456356048584,0.2303551584482193,0.11737926676869392,1.2595577957018906,65.24619102478027
18,64,0.3766583800315857,0.031079189851880074,0.35334898764267564,12.119311404659449,65.24619102478027
18,65,0.15847326815128326,0.011670410633087158,0.1497204601764679,13.579065306272216,65.24619102478027
18,66,0.0,0.03840784355998039,-0.028805882669985294,0.0,65.24619102478027
18,67,0.36135968565940857,0.316826730966568,0.12373963743448257,1.1405593352424521,65.24619102478027
18,68,0.0,0.015903638675808907,-0.01192772900685668,0.0,65.24619102478027
18,69,0.004324989393353462,0.015711136162281036,-0.007458362728357315,0.2752817713757407,65.24619102478027
18,70,0.5222750306129456,0.3521279990673065,0.25817903131246567,1.4831965421518032,65.24619102478027
18,71,0.2806854844093323,0.23591342568397522,0.10375041514635086,1.1897817328300044,65.24619102478027
18,72,0.1432628035545349,0.11480208486318588,0.0571612399071455,1.2479111657599151,65.24619102478027
18,73,0.1456805020570755,0.1812412440776825,0.00974956899881363,0.8037933241830487,65.24619102478027
18,74,0.3073025047779083,0.13704636693000793,0.20451772958040237,2.242325073328,65.24619102478027
18,75,0.0,0.0,0.0,0.0,65.24619102478027
18,76,0.27943095564842224,0.3755871653556824,-0.0022594183683395386,0.7439843035718651,65.24619102478027
18,77,0.0,0.007889458909630775,-0.005917094182223082,0.0,65.24619102478027
18,78,0.0,0.06122950464487076,-0.04592212848365307,0.0,65.24619102478027
18,79,0.015239506959915161,0.0032687056809663773,0.012787977699190378,4.662245072718639,65.24619102478027
18,80,0.3511905074119568,0.18615156412124634,0.21157683432102203,1.8865837043481881,65.24619102478027
18,81,0.0,0.04182327538728714,-0.031367456540465355,0.0,65.24619102478027
18,82,0.007484428584575653,0.021228933706879616,-0.008437271695584059,0.35255791400383113,65.24619102478027
18,83,0.008244814351201057,0.12564383447170258,-0.08598806150257587,0.0656205247619399,65.24619102478027
18,84,0.7860614061355591,0.3468608558177948,0.525915764272213,2.2662153798819236,65.24619102478027
18,85,0.0,0.0,0.0,0.0,65.24619102478027
18,86,0.28704920411109924,0.1781420111656189,0.15344269573688507,1.611350417744065,65.24619102478027
18,87,0.0,0.0,0.0,0.0,65.24619102478027
18,88,0.024610167369246483,0.03658289089798927,-0.002827000804245472,0.6727234169983658,65.24619102478027
18,89,0.02212984673678875,0.02097472921013832,0.006398799829185009,1.0550718683432168,65.24619102478027
18,90,0.0,0.023335827514529228,-0.01750187063589692,0.0,65.24619102478027
18,91,0.1543515920639038,0.08090870827436447,0.09367006085813046,1.9077253283859634,65.24619102478027
18,92,2.3393774881697027e-06,0.013291345909237862,-0.009966170054440227,0.00017600756943416553,65.24619102478027
18,93,0.2966472804546356,0.1407272219657898,0.19110186398029327,2.1079594715842638,65.24619102478027
18,94,0.09944646060466766,0.24128641188144684,-0.08151834830641747,0.41215110220594325,65.24619102478027
18,95,0.0,0.0,0.0,0.0,65.24619102478027
18,96,0.0,0.023499121889472008,-0.017624341417104006,0.0,65.24619102478027
18,97,0.927690863609314,1.0498820543289185,0.14027932286262512,0.8836143639024362,65.24619102478027
18,98,0.03882156312465668,0.22774772346019745,-0.1319892294704914,0.17045862208704318,65.24619102478027
18,99,0.09048393368721008,0.131099134683609,-0.007840417325496674,0.690194743885162,65.24619102478027
18,100,0.1752856969833374,0.06187324598431587,0.1288807624951005,2.83298046178048,65.24619102478027
18,101,0.003724329173564911,0.035963691771030426,-0.02324843965470791,0.10355803283970377,65.24619102478027
18,102,0.0023247203789651394,0.0036243696231395006,-0.0003935568383894861,0.6414137132928531,65.24619102478027
18,103,0.0008721229969523847,0.48693063855171204,-0.36432585591683164,0.0017910620690137046,65.24619102478027
18,104,0.02981533668935299,0.018195737153291702,0.016168533824384212,1.6385891066974803,65.24619102478027
18,105,0.0,0.0,0.0,0.0,65.24619102478027
18,106,0.04236016422510147,0.09280627965927124,-0.02724454551935196,0.45643640042641553,65.24619102478027
18,107,0.4642939269542694,0.3546030521392822,0.19834163784980774,1.3093342658838512,65.24619102478027
18,108,0.0,0.00865042582154274,-0.006487819366157055,0.0,65.24619102478027
18,109,0.0,0.0,0.0,0.0,65.24619102478027
18,110,1.3220158815383911,0.7114056944847107,0.7884616106748581,1.8583150117938017,65.24619102478027
18,111,0.1430637389421463,0.1699506938457489,0.015600718557834625,0.8417955567227774,65.24619102478027
18,112,0.044545337557792664,0.04196752980351448,0.013069690205156803,1.061423861859053,65.24619102478027
18,113,0.2099987268447876,0.13265493512153625,0.1105075255036354,1.5830449628640442,65.24619102478027
18,114,0.05886547267436981,0.03220776841044426,0.03470964636653662,1.8276793325877672,65.24619102478027
18,115,0.4521770775318146,0.14219152927398682,0.34553343057632446,3.1800563636764956,65.24619102478027
18,116,0.0,0.0,0.0,0.0,65.24619102478027
18,117,0.05897969752550125,0.04296211153268814,0.026758113875985146,1.3728305108852283,65.24619102478027
18,118,0.06038344278931618,0.11471433192491531,-0.025652306154370308,0.526380982877649,65.24619102478027
18,119,0.04027941823005676,0.4751286804676056,-0.31606709212064743,0.0847758089247114,65.24619102478027
18,120,0.0,0.0,0.0,0.0,65.24619102478027
18,121,0.029761867597699165,0.02773432806134224,0.008961121551692486,1.073105774576523,65.24619102478027
18,122,0.16999481618404388,0.28964462876319885,-0.047238655388355255,0.5869082292647572,65.24619102478027
18,123,0.021503958851099014,0.06465674936771393,-0.026988603174686432,0.33258645170158113,65.24619102478027
18,124,0.3335186541080475,0.19887205958366394,0.18436460942029953,1.677051340467773,65.24619102478027
18,125,0.0,0.07910040020942688,-0.05932530015707016,0.0,65.24619102478027
18,126,0.0,0.11947720497846603,-0.08960790373384953,0.0,65.24619102478027
18,127,0.009057411924004555,0.0,0.009057411924004555,9057411924.004555,65.24619102478027
18,128,0.0,0.13000011444091797,-0.09750008583068848,0.0,65.24619102478027
18,129,0.10904382914304733,0.08786533027887344,0.04314483143389225,1.2410336226554315,65.24619102478027
18,130,0.05226339027285576,0.042908597737550735,0.020081941969692707,1.218016738540498,65.24619102478027
18,131,0.0,0.0,0.0,0.0,65.24619102478027
18,132,0.10513795167207718,0.03130130469799042,0.08166197314858437,3.358899978232162,65.24619102478027
18,133,0.0047629051841795444,0.0,0.0047629051841795444,4762905184.179544,65.24619102478027
18,134,0.19216999411582947,0.1174895390868187,0.10405283980071545,1.6356349306314848,65.24619102478027
18,135,0.0,0.035960327833890915,-0.026970245875418186,0.0,65.24619102478027
18,136,0.0,0.0,0.0,0.0,65.24619102478027
18,137,0.0,0.0,0.0,0.0,65.24619102478027
18,138,0.22128567099571228,0.3635486364364624,-0.05137580633163452,0.6086824397532236,65.24619102478027
18,139,0.0,0.07888849079608917,-0.05916636809706688,0.0,65.24619102478027
18,140,0.01669824868440628,0.06546010076999664,-0.0323968268930912,0.2550904824119177,65.24619102478027
18,141,0.014888349920511246,0.007429028861224651,0.009316578274592757,2.004077544538287,65.24619102478027
18,142,0.022319259122014046,0.11816852539777756,-0.06630713492631912,0.1888765138322098,65.24619102478027
18,143,0.7113602757453918,0.38454243540763855,0.42295344918966293,1.8498875813002447,65.24619102478027
18,144,0.2408323585987091,0.19890232384204865,0.09165561571717262,1.2108071637652003,65.24619102478027
18,145,0.5208412408828735,0.5361021757125854,0.11876460909843445,0.971533533117267,65.24619102478027
18,146,0.20242567360401154,0.24254153668880463,0.020519521087408066,0.8346020907045758,65.24619102478027
18,147,0.0,0.0,0.0,0.0,65.24619102478027
18,148,0.06659939140081406,0.07169536501169205,0.012827867642045021,0.9289218541397221,65.24619102478027
18,149,0.0,0.07055976241827011,-0.05291982181370258,0.0,65.24619102478027
18,150,0.015701595693826675,0.0035957982763648033,0.013004746986553073,4.366650874902153,65.24619102478027
18,151,0.0,0.015226784162223339,-0.011420088121667504,0.0,65.24619102478027
18,152,0.06704060733318329,0.05298683047294617,0.027300484478473663,1.2652315062730053,65.24619102478027
18,153,0.0,0.007773389108479023,-0.005830041831359267,0.0,65.24619102478027
18,154,0.10303598642349243,0.05925855413079262,0.05859207082539797,1.738752960363117,65.24619102478027
18,155,0.14944544434547424,0.09098216146230698,0.08120882324874401,1.6425796215640078,65.24619102478027
18,156,0.6185716390609741,0.38218066096305847,0.33193614333868027,1.6185320248821975,65.24619102478027
18,157,0.4063061475753784,0.16302454471588135,0.2840377390384674,2.492300458688568,65.24619102478027
18,158,0.0,0.01604394242167473,-0.012032956816256046,0.0,65.24619102478027
18,159,0.0,0.0,0.0,0.0,65.24619102478027
18,160,0.005301985424011946,0.09900923818349838,-0.06895494321361184,0.05355041126699694,65.24619102478027
18,161,0.19087353348731995,0.07425110787153244,0.13518520258367062,2.5706489634470406,65.24619102478027
18,162,0.0038636846002191305,0.002708734478801489,0.0018321337411180139,1.426379967852103,65.24619102478027
18,163,0.004569320939481258,0.0027481482829898596,0.0025082097272388637,1.6626908257102326,65.24619102478027
18,164,1.45199453830719,1.0716744661331177,0.6482386887073517,1.3548839542151374,65.24619102478027
18,165,0.015135499648749828,0.006242865696549416,0.010453350376337767,2.4244474223898713,65.24619102478027
18,166,0.15219980478286743,0.29078078269958496,-0.06588578224182129,0.5234176872671348,65.24619102478027
18,167,0.07153141498565674,0.1079426258802414,-0.009425554424524307,0.6626799598553001,65.24619102478027
18,168,0.24305881559848785,0.035463038831949234,0.21646153647452593,6.853863165630869,65.24619102478027
18,169,0.03528086468577385,0.10425947606563568,-0.04291374236345291,0.33839480128621285,65.24619102478027
18,170,0.8884924650192261,0.4187818765640259,0.5744060575962067,2.121611547058595,65.24619102478027
18,171,0.0,0.0,0.0,0.0,65.24619102478027
18,172,0.0,0.019253049045801163,-0.014439786784350872,0.0,65.24619102478027
18,173,0.0,0.0,0.0,0.0,65.24619102478027
18,174,0.04933682829141617,0.007919703610241413,0.04339705058373511,6.229630641907648,65.24619102478027
18,175,0.042614929378032684,0.0,0.042614929378032684,42614929378.032684,65.24619102478027
18,176,0.001748537877574563,0.014624333009123802,-0.009219711879268289,0.1195635983100306,65.24619102478027
18,177,0.0017602656735107303,0.004203321412205696,-0.0013922253856435418,0.41877969835484213,65.24619102478027
18,178,0.003514199983328581,0.017062997445464134,-0.00928304810076952,0.2059544341112709,65.24619102478027
18,179,0.40067851543426514,0.2294299453496933,0.22860605642199516,1.7464089738669955,65.24619102478027
18,180,1.9339288473129272,1.3040266036987305,0.9559088945388794,1.483044012925859,65.24619102478027
18,181,0.033036332577466965,0.020774874836206436,0.017455176450312138,1.5902060944454435,65.24619102478027
18,182,0.0,0.010313939303159714,-0.007735454477369785,0.0,65.24619102478027
18,183,0.4174731373786926,0.259220689535141,0.22305762022733688,1.6104931212309264,65.24619102478027
18,184,0.0,0.0,0.0,0.0,65.24619102478027
18,185,0.0,0.016337132081389427,-0.01225284906104207,0.0,65.24619102478027
18,186,0.0992276519536972,0.12695233523845673,0.00401340052485466,0.7816134438687922,65.24619102478027
18,187,0.03539220243692398,0.20494519174098969,-0.11831669136881828,0.1726910601614897,65.24619102478027
18,188,0.09148549288511276,0.05507010594010353,0.050182913430035114,1.6612550733596703,65.24619102478027
18,189,0.0067608896642923355,0.0044455621391534805,0.003426718059927225,1.520817716892586,65.24619102478027
18,190,2.0516140466497745e-06,0.013771715573966503,-0.010326735066428228,0.0001489730190463046,65.24619102478027
18,191,0.32257190346717834,0.07734213769435883,0.2645653001964092,4.170713573210885,65.24619102478027
18,192,0.0,0.005230195354670286,-0.003922646516002715,0.0,65.24619102478027
18,193,0.37936216592788696,0.2503575086593628,0.19159403443336487,1.515281758305612,65.24619102478027
18,194,0.10089834034442902,0.0004861840570811182,0.10053370230161818,207.53115752634253,65.24619102478027
18,195,0.12234877049922943,0.04174771159887314,0.09103798680007458,2.930670108864152,65.24619102478027
18,196,0.652709424495697,0.4987083673477173,0.27867814898490906,1.3087998261703435,65.24619102478027
18,197,0.5262641906738281,0.12297428399324417,0.434033477678895,4.2794653774805465,65.24619102478027
18,198,0.09412109106779099,0.08235147595405579,0.032357484102249146,1.1429192977568319,65.24619102478027
18,199,0.022139575332403183,0.06870383769273758,-0.02938830293715,0.3222465596622883,65.24619102478027
18,200,0.0,0.01346935797482729,-0.010102018481120467,0.0,65.24619102478027
18,201,0.0,0.0,0.0,0.0,65.24619102478027
18,202,0.010944250971078873,0.12348361313343048,-0.08166845887899399,0.0886291767245619,65.24619102478027
18,203,0.5197036266326904,0.45210716128349304,0.18062325567007065,1.1495142548862693,65.24619102478027
18,204,0.0991697609424591,0.03904956206679344,0.06988258939236403,2.539587019447024,65.24619102478027
18,205,0.01982882060110569,0.021225368604063988,0.003909794148057699,0.9342038279785113,65.24619102478027
18,206,0.0,0.07812844216823578,-0.058596331626176834,0.0,65.24619102478027
18,207,0.0,0.043965894728899,-0.03297442104667425,0.0,65.24619102478027
18,208,0.004970192443579435,0.0019615227356553078,0.0034990503918379545,2.5338439115186415,65.24619102478027
18,209,0.0,0.0,0.0,0.0,65.24619102478027
18,210,0.2102500945329666,0.026867657899856567,0.1900993511080742,7.825397186044402,65.24619102478027
18,211,0.0030095980037003756,0.03485848754644394,-0.02313426765613258,0.08633759567463103,65.24619102478027
18,212,0.0,0.04912753403186798,-0.036845650523900986,0.0,65.24619102478027
18,213,0.0,0.16961438953876495,-0.12721079215407372,0.0,65.24619102478027
18,214,0.0,0.009286918677389622,-0.006965189008042216,0.0,65.24619102478027
18,215,0.47651684284210205,0.21724696457386017,0.3135816194117069,2.1934338358863523,65.24619102478027
18,216,0.420809805393219,0.25876864790916443,0.22673331946134567,1.6262008894497517,65.24619102478027
18,217,0.08565101772546768,0.17309920489788055,-0.044173385947942734,0.49480884545658355,65.24619102478027
18,218,0.009253432042896748,0.04510669782757759,-0.024576591327786446,0.20514541051227622,65.24619102478027
18,219,0.14445145428180695,0.0782097652554512,0.08579413034021854,1.8469746560183127,65.24619102478027
18,220,0.0,0.0,0.0,0.0,65.24619102478027
18,221,0.10872206091880798,0.053287673741579056,0.06875630561262369,2.040285365880676,65.24619102478027
18,222,0.13775849342346191,0.3668825626373291,-0.1374034285545349,0.3754838944451648,65.24619102478027
18,223,0.0,0.0,0.0,0.0,65.24619102478027
18,224,0.010897023603320122,0.04596402123570442,-0.023575992323458195,0.23707724672745428,65.24619102478027
18,225,0.0033733153250068426,0.0018741779495030642,0.0019676818628795445,1.7998906262350287,65.24619102478027
18,226,0.0,0.004053396172821522,-0.0030400471296161413,0.0,65.24619102478027
18,227,0.07469337433576584,0.09334048628807068,0.00468800961971283,0.8002248253179687,65.24619102478027
18,228,0.0,0.03324656933546066,-0.024934927001595497,0.0,65.24619102478027
18,229,0.0,0.0,0.0,0.0,65.24619102478027
18,230,0.3454166650772095,0.25341492891311646,0.15535546839237213,1.3630478147334124,65.24619102478027
18,231,0.012966510839760303,0.0036871719639748335,0.010201131866779178,3.516654759509923,65.24619102478027
18,232,0.0089280866086483,0.009584777057170868,0.0017395038157701492,0.9314861007682229,65.24619102478027
18,233,0.0,0.012171938084065914,-0.009128953563049436,0.0,65.24619102478027
18,234,0.00417318195104599,0.026487380266189575,-0.01569235324859619,0.15755359378501432,65.24619102478027
18,235,0.0,0.0,0.0,0.0,65.24619102478027
18,236,0.0,0.0074785626493394375,-0.005608921987004578,0.0,65.24619102478027
18,237,0.0,0.0,0.0,0.0,65.24619102478027
18,238,0.012001304887235165,0.004639484919607639,0.008521691197529435,2.586775276265654,65.24619102478027
18,239,0.0,0.0,0.0,0.0,65.24619102478027
18,240,0.6021125912666321,0.5667567253112793,0.1770450472831726,1.0623827903142604,65.24619102478027
18,241,0.3935645818710327,0.25739601254463196,0.20051757246255875,1.5290236160952975,65.24619102478027
18,242,0.0,0.09181378036737442,-0.06886033527553082,0.0,65.24619102478027
18,243,0.012664257548749447,0.008489284664392471,0.006297294050455093,1.4917932485379743,65.24619102478027
18,244,0.06183218955993652,0.051717136055231094,0.023044337518513203,1.1955841772194717,65.24619102478027
18,245,0.4877738058567047,0.17014580965042114,0.36016444861888885,2.8667988171792778,65.24619102478027
18,246,0.0,0.0,0.0,0.0,65.24619102478027
18,247,0.04778796806931496,0.22675767540931702,-0.1222802884876728,0.21074465498397282,65.24619102478027
18,248,0.2266046702861786,0.1542796641588211,0.11089492216706276,1.4687915709450514,65.24619102478027
18,249,0.17128923535346985,0.09405957162380219,0.10074455663561821,1.8210718207045637,65.24619102478027
18,250,0.12954048812389374,0.15510456264019012,0.013212066143751144,0.8351816730470087,65.24619102478027
18,251,0.028410060331225395,0.012907009571790695,0.018729803152382374,2.2011342109110017,65.24619102478027
18,252,0.018670571967959404,0.03198900446295738,-0.005321181379258633,0.5836559243034866,65.24619102478027
18,253,0.0,0.0,0.0,0.0,65.24619102478027
18,254,0.0,0.02008441463112831,-0.015063310973346233,0.0,65.24619102478027
18,255,0.028504017740488052,0.02451625093817711,0.01011682953685522,1.1626581001803367,65.24619102478027
19,0,4.796695793629624e-05,9.277783647121396e-06,4.100862020095519e-05,5.170087446595225,65.26589107513428
19,1,0.0,0.0,0.0,0.0,65.26589107513428
19,2,0.1431659609079361,0.07361757755279541,0.08795277774333954,1.9447252363515872,65.26589107513428
19,3,0.0,0.0,0.0,0.0,65.26589107513428
19,4,0.15129882097244263,0.13351643085479736,0.051161497831344604,1.1331850320044197,65.26589107513428
19,5,1.6959065198898315,1.137022852897644,0.8431393802165985,1.4915324837723443,65.26589107513428
19,6,0.25767770409584045,0.1456059068441391,0.14847327396273613,1.7696926565616369,65.26589107513428
19,7,0.22360458970069885,0.5286898612976074,-0.1729128062725067,0.42294094528588955,65.26589107513428
19,8,0.0,0.016004249453544617,-0.012003187090158463,0.0,65.26589107513428
19,9,0.31088128685951233,0.14369149506092072,0.2031126655638218,2.163532968499944,65.26589107513428
19,10,0.48547646403312683,0.2682814300060272,0.2842653915286064,1.8095790827580223,65.26589107513428
19,11,0.001026143436320126,0.0049050659872591496,-0.002652656054124236,0.20920074037257003,65.26589107513428
19,12,0.0,0.014983421191573143,-0.011237565893679857,0.0,65.26589107513428
19,13,0.09458599239587784,0.06833989173173904,0.043331073597073555,1.3840524179608156,65.26589107513428
19,14,0.00020397162006702274,0.012826753780245781,-0.009416093715117313,0.015902045330070433,65.26589107513428
19,15,0.0494963675737381,0.02639942802488804,0.02969679655507207,1.8749030291565612,65.26589107513428
19,16,0.0,0.0,0.0,0.0,65.26589107513428
19,17,0.0,0.0,0.0,0.0,65.26589107513428
19,18,0.2683476507663727,0.09753261506557465,0.1951981894671917,2.751363229451006,65.26589107513428
19,19,0.34901461005210876,0.2180069535970688,0.18550939485430717,1.6009333844257732,65.26589107513428
19,20,0.0,0.010905645787715912,-0.008179234340786934,0.0,65.26589107513428
19,21,0.0,0.13331951200962067,-0.0999896340072155,0.0,65.26589107513428
19,22,0.06675952672958374,0.12492773681879044,-0.026936275884509087,0.5343851447968281,65.26589107513428
19,23,0.0,0.0,0.0,0.0,65.26589107513428
19,24,0.06370215117931366,0.04085865616798401,0.03305815905332565,1.559085813195938,65.26589107513428
19,25,1.4863182306289673,0.9348264336585999,0.7851984053850174,1.5899403109627763,65.26589107513428
19,26,0.057226572185754776,0.008269114419817924,0.05102473637089133,6.92052005492679,65.26589107513428
19,27,0.015256264247000217,0.0,0.015256264247000217,15256264247.000217,65.26589107513428
19,28,0.0008558255503885448,0.22233080863952637,-0.16589228092925623,0.003849334042464078,65.26589107513428
19,29,0.03407193720340729,0.025185836479067802,0.015182559844106436,1.3528213458533327,65.26589107513428
19,30,0.0,0.24171143770217896,-0.18128357827663422,0.0,65.26589107513428
19,31,0.0,0.00357102626003325,-0.0026782696950249374,0.0,65.26589107513428
19,32,1.3474959814629983e-05,0.0,1.3474959814629983e-05,13474959.814629983,65.26589107513428
19,33,0.4806872010231018,0.1528761386871338,0.36603009700775146,3.1442918767310064,65.26589107513428
19,34,0.0986853614449501,0.04688356816768646,0.06352268531918526,2.104902960668042,65.26589107513428
19,35,0.09621421247720718,0.06926711648702621,0.04426387511193752,1.3890315831732238,65.26589107513428
19,36,0.0014251219108700752,0.0076544638723134995,-0.004315725993365049,0.18618180638863763,65.26589107513428
19,37,0.030815696343779564,0.05095124989748001,-0.007397741079330444,0.6048074660617672,65.26589107513428
19,38,0.14774785935878754,0.4692769944667816,-0.20420988649129868,0.3148414712431236,65.26589107513428
19,39,0.06581742316484451,0.07294777780771255,0.011106589809060097,0.9022539841780289,65.26589107513428
19,40,0.08091048151254654,0.07930424064397812,0.02143230102956295,1.0202541611205773,65.26589107513428
19,41,0.015100226737558842,0.03405212610960007,-0.010438867844641209,0.44344446183812003,65.26589107513428
19,42,0.14463356137275696,0.14710494875907898,0.03430484980344772,0.9831998351642627,65.26589107513428
19,43,0.0,0.0,0.0,0.0,65.26589107513428
19,44,0.11578724533319473,0.05339736491441727,0.07573922164738178,2.1684074769720296,65.26589107513428
19,45,0.0,0.026708947494626045,-0.020031710620969534,0.0,65.26589107513428
19,46,0.22626443207263947,0.16913186013698578,0.09941553696990013,1.3377989923840619,65.26589107513428
19,47,0.01994526945054531,0.015249759890139103,0.008507949532940984,1.3079071141398457,65.26589107513428
19,48,0.028431255370378494,0.0,0.028431255370378494,28431255370.378494,65.26589107513428
19,49,0.007092292886227369,0.012580358423292637,-0.0023429759312421083,0.5637592067752355,65.26589107513428
19,50,0.0,0.0,0.0,0.0,65.26589107513428
19,51,0.08110525459051132,0.06640075147151947,0.03130469098687172,1.2214508539722992,65.26589107513428
19,52,0.013905071653425694,0.007060721982270479,0.008609530166722834,1.969355497408348,65.26589107513428
19,53,0.04039556533098221,0.03384961187839508,0.015008356422185898,1.1933834123389693,65.26589107513428
19,54,0.047206904739141464,0.02809314616024494,0.026137045118957758,1.6803708800783708,65.26589107513428
19,55,0.0,0.0,0.0,0.0,65.26589107513428
19,56,0.011830183677375317,0.0007234106305986643,0.011287625704426318,16.35334505829947,65.26589107513428
19,57,0.0,0.0,0.0,0.0,65.26589107513428
19,58,0.3041222393512726,0.36585748195648193,0.029729127883911133,0.8312587670042951,65.26589107513428
19,59,0.008311722427606583,0.12212182581424713,-0.08327964693307877,0.06806090862235413,65.26589107513428
19,60,0.015964647755026817,0.005040251649916172,0.012184459017589688,3.16743068813338,65.26589107513428
19,61,0.10786827653646469,0.03943837061524391,0.07828949857503176,2.7351098651128303,65.26589107513428
19,62,0.12263268977403641,0.09046029299497604,0.054787470027804375,1.3556521398785595,65.26589107513428
19,63,0.2020246833562851,0.1814679205417633,0.06592374294996262,1.1132804230744329,65.26589107513428
19,64,0.20199063420295715,0.05634469911456108,0.15973210986703634,3.584909270500871,65.26589107513428
19,65,0.0,0.04812134429812431,-0.036091008223593235,0.0,65.26589107513428
19,66,0.0,0.00010406442743260413,-7.80483205744531e-05,0.0,65.26589107513428
19,67,0.02092105522751808,0.011227572336792946,0.012500375974923372,1.8633641002780328,65.26589107513428
19,68,0.0,0.0,0.0,0.0,65.26589107513428
19,69,0.01128563191741705,0.03215102106332779,-0.012827633880078793,0.3510193935936513,65.26589107513428
19,70,0.004969013389199972,0.006881345994770527,-0.000191996106877923,0.7220990475197833,65.26589107513428
19,71,0.011710272170603275,0.02652067504823208,-0.008180234115570784,0.441552567906538,65.26589107513428
19,72,0.0774475559592247,0.059698477387428284,0.03267369791865349,1.2973120814340373,65.26589107513428
19,73,0.0,0.012172095477581024,-0.009129071608185768,0.0,65.26589107513428
19,74,0.0,0.021837443113327026,-0.01637808233499527,0.0,65.26589107513428
19,75,0.3689417839050293,0.44635841250419617,0.03417297452688217,0.8265594947215975,65.26589107513428
19,76,0.14636200666427612,0.09924855828285217,0.071925587952137,1.4747015895755267,65.26589107513428
19,77,0.004312381148338318,0.030980201438069344,-0.01892276993021369,0.1391979699299161,65.26589107513428
19,78,7.422262115142075e-06,0.03682262822985649,-0.027609548910277226,0.00020156796165142813,65.26589107513428
19,79,0.3591563403606415,0.2048082798719406,0.20555013045668602,1.7536221708587936,65.26589107513428
19,80,0.0,0.12670864164829254,-0.0950314812362194,0.0,65.26589107513428
19,81,0.0,0.02624298818409443,-0.019682241138070822,0.0,65.26589107513428
19,82,0.0034055549185723066,0.00013570688315667212,0.0033037747562048025,25.094931180061806,65.26589107513428
19,83,0.024488775059580803,0.01665503904223442,0.011997495777904987,1.4703523057502883,65.26589107513428
19,84,0.23176626861095428,0.12048213183879852,0.1414046697318554,1.9236567702763339,65.26589107513428
19,85,0.16845586895942688,0.10168461501598358,0.0921924076974392,1.6566505063847763,65.26589107513428
19,86,0.14850452542304993,0.09618616849184036,0.07636489905416965,1.543928069388728,65.26589107513428
19,87,0.003709381213411689,0.03282777965068817,-0.02091145352460444,0.11299519043838024,65.26589107513428
19,88,0.043888453394174576,0.11001867055892944,-0.03862554952502251,0.3989182306131179,65.26589107513428
19,89,0.0,0.0,0.0,0.0,65.26589107513428
19,90,0.0,0.0,0.0,0.0,65.26589107513428
19,91,0.21246643364429474,0.012632597237825394,0.2029919857159257,16.81890347863654,65.26589107513428
19,92,0.0,0.0,0.0,0.0,65.26589107513428
19,93,0.010063784196972847,0.015133289620280266,-0.0012861830182373524,0.6650096871747742,65.26589107513428
19,94,0.10486193001270294,0.13353556394577026,0.004710257053375244,0.7852734276428625,65.26589107513428
19,95,0.22054749727249146,0.28394386172294617,0.00758960098028183,0.7767292306776843,65.26589107513428
19,96,0.0,0.0464748814702034,-0.03485616110265255,0.0,65.26589107513428
19,97,0.1627461314201355,0.06839726120233536,0.11144818551838398,2.37942468100169,65.26589107513428
19,98,0.25890052318573,0.20145760476589203,0.10780731961131096,1.285136510410245,65.26589107513428
19,99,0.0418451689183712,0.031915485858917236,0.017908554524183273,1.3111242956487368,65.26589107513428
19,100,0.02422555722296238,0.1173345223069191,-0.06377533450722694,0.20646572506075953,65.26589107513428
19,101,0.0,0.033864278346300125,-0.025398208759725094,0.0,65.26589107513428
19,102,1.4641799680248369e-05,0.0,1.4641799680248369e-05,14641799.680248369,65.26589107513428
19,103,0.009633206762373447,0.03192038834095001,-0.014307084493339062,0.30178852021400426,65.26589107513428
19,104,0.01665051467716694,0.015784481540322304,0.004812153521925211,1.0548661122367207,65.26589107513428
19,105,0.07160523533821106,0.03503389284014702,0.045329815708100796,2.043884636597144,65.26589107513428
19,106,0.11024965345859528,0.08966250717639923,0.04300277307629585,1.229607078022745,65.26589107513428
19,107,0.0,0.0,0.0,0.0,65.26589107513428
19,108,0.0,0.0,0.0,0.0,65.26589107513428
19,109,0.4505871832370758,0.25706934928894043,0.2577851712703705,1.752784548144916,65.26589107513428
19,110,0.19367294013500214,0.14171622693538666,0.08738576993346214,1.3666250105708622,65.26589107513428
19,111,0.07321715354919434,0.014361138455569744,0.06244629970751703,5.098283382658979,65.26589107513428
19,112,0.0,0.0,0.0,0.0,65.26589107513428
19,113,0.0,0.043304044753313065,-0.0324780335649848,0.0,65.26589107513428
19,114,0.0,0.0,0.0,0.0,65.26589107513428
19,115,0.0,0.13054469227790833,-0.09790851920843124,0.0,65.26589107513428
19,116,0.012002520263195038,0.01708291284739971,-0.0008096643723547459,0.7026038457088661,65.26589107513428
19,117,0.17413806915283203,0.2240925133228302,0.006068684160709381,0.777081155322622,65.26589107513428
19,118,0.0,0.0,0.0,0.0,65.26589107513428
19,119,0.07947929948568344,0.04209600016474724,0.04790729936212301,1.8880487260724197,65.26589107513428
19,120,0.20692379772663116,0.18037767708301544,0.07164053991436958,1.1471696557565225,65.26589107513428
19,121,0.018231311812996864,0.0020421172957867384,0.01669972384115681,8.927651629846995,65.26589107513428
19,122,0.584725022315979,0.24083353579044342,0.40409987047314644,2.4279219270456505,65.26589107513428
19,123,0.3786925673484802,0.3201167583465576,0.138604998588562,1.1829826382826407,65.26589107513428
19,124,0.028044844046235085,0.18995554745197296,-0.11442181654274464,0.1476389840795679,65.26589107513428
19,125,0.0,0.0,0.0,0.0,65.26589107513428
19,126,0.01820993237197399,0.08128587156534195,-0.04275447130203247,0.22402333912495292,65.26589107513428
19,127,0.056743644177913666,0.03208794817328453,0.03267768304795027,1.7683787031103584,65.26589107513428
19,128,0.007725224364548922,0.0023816018365323544,0.005939022987149656,3.24370944076582,65.26589107513428
19,129,0.06709577888250351,0.002527746371924877,0.06519996910355985,26.543714828820583,65.26589107513428
19,130,0.21699784696102142,0.09939026087522507,0.14245515130460262,2.183290848096858,65.26589107513428
19,131,0.16823218762874603,0.07711941003799438,0.11039263010025024,2.1814506561147406,65.26589107513428
19,132,0.001873557805083692,0.018500979989767075,-0.012002177187241614,0.1012680304512892,65.26589107513428
19,133,0.0,0.00395225640386343,-0.0029641923028975725,0.0,65.26589107513428
19,134,0.022088972851634026,0.010586296208202839,0.014149250695481896,2.0865628936805796,65.26589107513428
19,135,0.04660544916987419,0.02210712432861328,0.03002510592341423,2.1081642494516815,65.26589107513428
19,136,0.36656028032302856,0.3124808967113495,0.13219960778951645,1.1730646070836812,65.26589107513428
19,137,0.6095762252807617,0.45309433341026306,0.2697554752230644,1.3453627210284789,65.26589107513428
19,138,0.3280056416988373,0.16752782464027405,0.20235977321863174,1.9579173931327112,65.26589107513428
19,139,0.02554621547460556,0.0,0.02554621547460556,25546215474.60556,65.26589107513428
19,140,0.11201979219913483,0.018497852608561516,0.09814640274271369,6.05582683371755,65.26589107513428
19,141,0.0,0.0,0.0,0.0,65.26589107513428
19,142,0.13722091913223267,0.06676597893238068,0.08714643493294716,2.0552521107966104,65.26589107513428
19,143,0.0,0.0,0.0,0.0,65.26589107513428
19,144,0.0,0.00780669366940856,-0.00585502025205642,0.0,65.26589107513428
19,145,0.0,0.0,0.0,0.0,65.26589107513428
19,146,1.834879549278412e-05,0.04544797167181969,-0.03406762995837198,0.00040373188983828026,65.26589107513428
19,147,0.20020265877246857,0.05155465751886368,0.1615366656333208,3.883308868754133,65.26589107513428
19,148,0.017619118094444275,0.017072726041078568,0.004814573563635349,1.0320037966414406,65.26589107513428
19,149,0.038463376462459564,0.09801610559225082,-0.035048702731728554,0.39241894206729294,65.26589107513428
19,150,0.5818430185317993,0.1361580640077591,0.47972447052598,4.273290919400625,65.26589107513428
19,151,0.06742469221353531,0.12622903287410736,-0.027247082442045212,0.5341456769319161,65.26589107513428
19,152,0.05005317181348801,0.03149690479040146,0.026430493220686913,1.5891457317784554,65.26589107513428
19,153,0.026718975976109505,0.018678579479455948,0.012710041366517544,1.430460812293917,65.26589107513428
19,154,0.06717878580093384,0.034887686371803284,0.041013021022081375,1.925572968154836,65.26589107513428
19,155,0.04738197475671768,0.003295110771432519,0.04491064167814329,14.379478575689681,65.26589107513428
19,156,0.0027251599822193384,0.04598831385374069,-0.03176607540808618,0.05925766251894048,65.26589107513428
19,157,0.6716914176940918,0.06785142421722412,0.6208028495311737,9.89944463853543,65.26589107513428
19,158,0.052997563034296036,0.04265516996383667,0.021006185561418533,1.242465170763245,65.26589107513428
19,159,0.13466955721378326,0.0695469081401825,0.08250937610864639,1.9363845325862603,65.26589107513428
19,160,0.0,0.0,0.0,0.0,65.26589107513428
19,161,0.0,0.0,0.0,0.0,65.26589107513428
19,162,0.04983573406934738,0.2902449369430542,-0.16784796863794327,0.17170233732260903,65.26589107513428
19,163,0.27373892068862915,0.28256547451019287,0.0618148148059845,0.9687628014787275,65.26589107513428
19,164,0.00289174891076982,0.00233246898278594,0.001142397173680365,1.239780220389506,65.26589107513428
19,165,0.07878518104553223,0.04069197177886963,0.048266202211380005,1.9361357437219928,65.26589107513428
19,166,0.039984479546546936,0.033569563180208206,0.014807307161390781,1.191093233197914,65.26589107513428
19,167,2.2149980068206787,1.5177699327468872,1.0766705572605133,1.4593766545437332,65.26589107513428
19,168,0.0392477884888649,0.03523283824324608,0.01282315980643034,1.1139547775511531,65.26589107513428
19,169,0.30838021636009216,0.1648845225572586,0.1847168244421482,1.8702799485084007,65.26589107513428
19,170,1.3923298120498657,0.9695889353752136,0.6651381105184555,1.436000104012762,65.26589107513428
19,171,0.03974148631095886,0.09123390913009644,-0.028683945536613464,0.435599950604476,65.26589107513428
19,172,0.10329248011112213,0.04072899743914604,0.0727457320317626,2.536091890376562,65.26589107513428
19,173,0.02173050306737423,0.056516166776418686,-0.020656622014939785,0.38450065364406066,65.26589107513428
19,174,0.0035096227657049894,0.060487810522317886,-0.041856235126033425,0.05802198385659933,65.26589107513428
19,175,0.0,0.025328578427433968,-0.018996433820575476,0.0,65.26589107513428
19,176,0.0,0.2635635435581207,-0.19767265766859055,0.0,65.26589107513428
19,177,9.688484396974673e-07,0.0,9.688484396974673e-07,968848.4396974673,65.26589107513428
19,178,0.0,0.0,0.0,0.0,65.26589107513428
19,179,0.7559216022491455,0.5525013208389282,0.34154561161994934,1.3681806246181856,65.26589107513428
19,180,0.05916563421487808,0.0955362543463707,-0.01248655654489994,0.6193003338790245,65.26589107513428
19,181,0.26151108741760254,0.08952945470809937,0.19436399638652802,2.9209502980589885,65.26589107513428
19,182,0.253654420375824,0.06053158640861511,0.20825573056936264,4.190447259375517,65.26589107513428
19,183,0.05561976879835129,0.017809834331274033,0.04226239304989576,3.122980694860261,65.26589107513428
19,184,0.29466524720191956,0.4549383521080017,-0.046538516879081726,0.6477036852046247,65.26589107513428
19,185,0.5291559100151062,0.26832422614097595,0.32791274040937424,1.9720765345098539,65.26589107513428
19,186,0.7013278007507324,0.38779252767562866,0.4104834049940109,1.8085129307482524,65.26589107513428
19,187,0.07987001538276672,0.3052610158920288,-0.14907574653625488,0.2616449897773884,65.26589107513428
19,188,0.01767048053443432,0.009539189748466015,0.010516088223084807,1.8524089570000928,65.26589107513428
19,189,0.18682220578193665,0.11349218338727951,0.10170306824147701,1.6461239902556146,65.26589107513428
19,190,0.15994180738925934,0.2331583946943283,-0.014926988631486893,0.6859791928069233,65.26589107513428
19,191,0.466603547334671,0.1496860384941101,0.35433901846408844,3.117214885407725,65.26589107513428
19,192,0.048836056143045425,0.05109386146068573,0.010515660047531128,0.9558106345058028,65.26589107513428
19,193,0.18373122811317444,0.27892032265663147,-0.025459013879299164,0.6587229871331408,65.26589107513428
19,194,0.3228467106819153,0.25894710421562195,0.12863638252019882,1.2467670247118818,65.26589107513428
19,195,0.012072614394128323,0.8173636794090271,-0.600950145162642,0.014770187002733389,65.26589107513428
19,196,0.2521167993545532,0.20602436363697052,0.09759852662682533,1.2237232281788628,65.26589107513428
19,197,1.7535721063613892,1.0989881753921509,0.929330974817276,1.5956241801546844,65.26589107513428
19,198,0.039582230150699615,0.021272435784339905,0.023627903312444687,1.860728623187481,65.26589107513428
19,199,0.0032791264820843935,0.04997183382511139,-0.03419974888674915,0.06561949464362017,65.26589107513428
19,200,0.0413161925971508,0.10824417322874069,-0.039866937324404716,0.3816943800703255,65.26589107513428
19,201,4.992424692318309e-06,0.0,4.992424692318309e-06,4992424.692318309,65.26589107513428
19,202,0.03878694027662277,0.05542388930916786,-0.0027809767052531242,0.6998235013706817,65.26589107513428
19,203,0.19837389886379242,0.0970204621553421,0.12560855224728584,2.0446604196146367,65.26589107513428
19,204,0.3747469186782837,0.1786527931690216,0.2407573238015175,2.0976269781667605,65.26589107513428
19,205,0.0,0.0,0.0,0.0,65.26589107513428
19,206,2.1786446571350098,1.3242316246032715,1.1854709386825562,1.6452141881040394,65.26589107513428
19,207,0.07999615371227264,0.0862935408949852,0.015275998041033745,0.9270236553242939,65.26589107513428
19,208,0.0,0.018986491486430168,-0.014239868614822626,0.0,65.26589107513428
19,209,0.033887434750795364,0.04281207174062729,0.0017783809453248978,0.7915392405045826,65.26589107513428
19,210,0.0023095139767974615,0.3436720371246338,-0.2554445138666779,0.006720110242641558,65.26589107513428
19,211,0.0,0.036834653466939926,-0.027625990100204945,0.0,65.26589107513428
19,212,0.0,0.029734399169683456,-0.022300799377262592,0.0,65.26589107513428
19,213,0.007477453909814358,0.026303265243768692,-0.012249995023012161,0.28427854261559815,65.26589107513428
19,214,0.01937578059732914,0.21526814997196198,-0.14207533188164234,0.09000765138624905,65.26589107513428
19,215,0.0011602751910686493,0.0007211874471977353,0.0006193846056703478,1.6088399679836425,65.26589107513428
19,216,0.06298118084669113,0.06009621173143387,0.01790902204811573,1.0480058398206862,65.26589107513428
19,217,0.07653000205755234,0.004339383449405432,0.07327546447049826,17.636146455414554,65.26589107513428
19,218,0.46773484349250793,0.5076188445091248,0.08702071011066437,0.9214292348502021,65.26589107513428
19,219,0.0,0.0,0.0,0.0,65.26589107513428
19,220,0.0,0.0,0.0,0.0,65.26589107513428
19,221,0.0,0.15137726068496704,-0.11353294551372528,0.0,65.26589107513428
19,222,0.0,0.0004978856886737049,-0.00037341426650527865,0.0,65.26589107513428
19,223,0.7406513690948486,0.34836068749427795,0.47938085347414017,2.1261049127562313,65.26589107513428
19,224,0.0882384181022644,0.09077391773462296,0.020157979801297188,0.972067971763176,65.26589107513428
19,225,0.5047482848167419,0.34161168336868286,0.2485395222902298,1.477549830374265,65.26589107513428
19,226,0.14771732687950134,0.08788216859102249,0.08180570043623447,1.6808566430040324,65.26589107513428
19,227,0.07464775443077087,0.11911116540431976,-0.014685619622468948,0.6267066078713469,65.26589107513428
19,228,0.1285991668701172,0.0664341077208519,0.07877358607947826,1.9357401082067605,65.26589107513428
19,229,0.0,0.015932371839880943,-0.011949278879910707,0.0,65.26589107513428
19,230,0.058610700070858,0.14278852939605713,-0.048480696976184845,0.41047204784830543,65.26589107513428
19,231,0.0,0.029862144961953163,-0.022396608721464872,0.0,65.26589107513428
19,232,0.0,0.0,0.0,0.0,65.26589107513428
19,233,0.07563256472349167,0.015883726999163628,0.06371976947411895,4.761638419164,65.26589107513428
19,234,0.12117306143045425,0.30117419362068176,-0.10470758378505707,0.4023354722837412,65.26589107513428
19,235,0.6878706812858582,0.39019250869750977,0.39522629976272583,1.762900788588321,65.26589107513428
19,236,0.015173103660345078,0.0805622786283493,-0.0452486053109169,0.18834005093318484,65.26589107513428
19,237,0.028795385733246803,0.03193757310509682,0.0048422059044241905,0.9016147105977137,65.26589107513428
19,238,1.9023780822753906,1.0252647399902344,1.1334295272827148,1.8554993730611034,65.26589107513428
19,239,0.0,0.022537345066666603,-0.016903008799999952,0.0,65.26589107513428
19,240,0.1510704606771469,0.08741587400436401,0.0855085551738739,1.728181092919999,65.26589107513428
19,241,0.1740647405385971,0.0788019672036171,0.11496326513588428,2.2088882640026077,65.26589107513428
19,242,0.0217253677546978,0.01676640473306179,0.009150564204901457,1.2957678225768718,65.26589107513428
19,243,0.09414312988519669,0.015121090225875378,0.08280231221579015,6.225948557457317,65.26589107513428
19,244,0.0,2.583256718935445e-05,-1.9374425392015837e-05,0.0,65.26589107513428
19,245,0.015379901975393295,0.0005956332315690815,0.014933177051716484,25.821094483020698,65.26589107513428
19,246,0.0,0.027232028543949127,-0.020424021407961845,0.0,65.26589107513428
19,247,0.27610254287719727,0.2763366401195526,0.0688500627875328,0.9991528548539448,65.26589107513428
19,248,0.007086269557476044,0.03594273701310158,-0.01987078320235014,0.1971544224552475,65.26589107513428
19,249,0.3688890039920807,0.3668752610683441,0.0937325581908226,1.00548890354958,65.26589107513428
19,250,0.006952839437872171,0.04888065904378891,-0.02970765484496951,0.1422411148651115,65.26589107513428
19,251,0.0,0.0047614118084311485,-0.0035710588563233614,0.0,65.26589107513428
19,252,0.0,0.01363595575094223,-0.010226966813206673,0.0,65.26589107513428
19,253,0.0,0.014610293321311474,-0.010957719990983605,0.0,65.26589107513428
19,254,0.0030787962023168802,0.12337527424097061,-0.08945265947841108,0.02495472631151822,65.26589107513428
19,255,0.0,0.11650065332651138,-0.08737548999488354,0.0,65.26589107513428
20,0,0.00691809318959713,0.005894383881241083,0.0024973052786663175,1.1736753709646113,65.2831802368164
20,1,0.016773775219917297,0.022133059799671173,0.00017398037016391754,0.7578606560042206,65.2831802368164
20,2,0.0,0.0,0.0,0.0,65.2831802368164
20,3,0.8142390847206116,0.04049236699938774,0.7838698094710708,20.1084585821524,65.2831802368164
20,4,0.39344123005867004,0.23464170098304749,0.21745995432138443,1.6767745392598343,65.2831802368164
20,5,0.04726261645555496,0.4372118413448334,-0.28064626455307007,0.10810003752430475,65.2831802368164
20,6,0.14275580644607544,0.13504138588905334,0.04147476702928543,1.0571263431960254,65.2831802368164
20,7,0.1225673109292984,0.21217048168182373,-0.0365605503320694,0.57768314403191,65.2831802368164
20,8,0.01661803387105465,0.038847971707582474,-0.012517944909632206,0.4277709527723765,65.2831802368164
20,9,0.0,0.0,0.0,0.0,65.2831802368164
20,10,0.0,0.0,0.0,0.0,65.2831802368164
20,11,0.33108171820640564,0.16760487854480743,0.20537805929780006,1.9753704133135896,65.2831802368164
20,12,0.0,0.0,0.0,0.0,65.2831802368164
20,13,0.14703786373138428,0.06854649633169174,0.09562799148261547,2.145082120867756,65.2831802368164
20,14,0.06296945363283157,0.03972015529870987,0.03317933715879917,1.585327478145372,65.2831802368164
20,15,0.05089530348777771,0.025871172547340393,0.031491924077272415,1.9672592493703032,65.2831802368164
20,16,0.0,0.31965452432632446,-0.23974089324474335,0.0,65.2831802368164
20,17,0.0,0.11742205917835236,-0.08806654438376427,0.0,65.2831802368164
20,18,0.004070332273840904,0.006554743740707636,-0.0008457255316898227,0.6209750425392686,65.2831802368164
20,19,0.04250943660736084,0.024449961259961128,0.024171965662389994,1.73863001882277,65.2831802368164
20,20,0.0,0.032594986259937286,-0.024446239694952965,0.0,65.2831802368164
20,21,0.015015787445008755,0.011018318124115467,0.006752048851922154,1.362802133184133,65.2831802368164
20,22,0.01972784288227558,1.7806556570576504e-05,0.01971448796484765,1107.897627269282,65.2831802368164
20,23,0.1883031725883484,0.28192049264907837,-0.023137196898460388,0.6679300636086486,65.2831802368164
20,24,0.01022288203239441,0.012542808428406715,0.0008157757110893726,0.8150393183417184,65.2831802368164
20,25,0.26394888758659363,0.15022963285446167,0.15127666294574738,1.7569695310414761,65.2831802368164
20,26,0.31545713543891907,0.06346579641103745,0.267857788130641,4.970506213943718,65.2831802368164
20,27,0.9290527701377869,0.48618370294570923,0.5644149929285049,1.9109089105761752,65.2831802368164
20,28,0.7609336376190186,0.5262231826782227,0.36626625061035156,1.4460283443705135,65.2831802368164
20,29,0.034729376435279846,0.17399336397647858,-0.09576564654707909,0.19960172986698022,65.2831802368164
20,30,0.0,0.0,0.0,0.0,65.2831802368164
20,31,0.0,0.0,0.0,0.0,65.2831802368164
20,32,0.0,0.034627240151166916,-0.025970430113375187,0.0,65.2831802368164
20,33,0.010130926966667175,0.01503370888531208,-0.001144354697316885,0.6738807464797459,65.2831802368164
20,34,0.6783539056777954,0.37057197093963623,0.40042492747306824,1.8305591325644657,65.2831802368164
20,35,0.17912591993808746,0.2110765427350998,0.02081851288676262,0.848630158596264,65.2831802368164
20,36,0.006106388755142689,0.018279502168297768,-0.007603237871080637,0.33405662247186213,65.2831802368164
20,37,0.0,0.01893446408212185,-0.014200848061591387,0.0,65.2831802368164
20,38,0.0,0.0,0.0,0.0,65.2831802368164
20,39,0.23718516528606415,0.20513881742954254,0.08333105221390724,1.1562178638685587,65.2831802368164
20,40,0.09833099693059921,0.052901823073625565,0.05865462962538004,1.8587449584088873,65.2831802368164
20,41,0.03462434932589531,0.02892306260764599,0.012932052370160818,1.1971190532065243,65.2831802368164
20,42,0.044110801070928574,0.20851963758468628,-0.11227892711758614,0.21154267090456777,65.2831802368164
20,43,0.14702607691287994,0.04335122928023338,0.1145126549527049,3.3915088303280734,65.2831802368164
20,44,0.0,0.0,0.0,0.0,65.2831802368164
20,45,0.0,0.0,0.0,0.0,65.2831802368164
20,46,5.9800422604894266e-05,0.00021407306485343724,-0.00010075437603518367,0.27934585028943326,65.2831802368164
20,47,1.8333677053451538,1.0099467039108276,1.075907677412033,1.8153113409291486,65.2831802368164
20,48,0.019776830449700356,0.011807017959654331,0.010921566979959607,1.675006383119311,65.2831802368164
20,49,0.007851758040487766,0.0,0.007851758040487766,7851758040.487766,65.2831802368164
20,50,0.20026133954524994,0.13957960903644562,0.09557663276791573,1.4347463854231384,65.2831802368164
20,51,0.0,0.0,0.0,0.0,65.2831802368164
20,52,0.2716830372810364,0.22339926660060883,0.10413358733057976,1.2161321807986627,65.2831802368164
20,53,0.6578193306922913,0.3581591248512268,0.38919998705387115,1.836667796649608,65.2831802368164
20,54,0.03410761430859566,0.026876147836446762,0.013950503431260586,1.269066330297277,65.2831802368164
20,55,0.13413070142269135,0.050504159182310104,0.09625258203595877,2.655834758793825,65.2831802368164
20,56,0.012800193391740322,0.3512011468410492,-0.2506006667390466,0.036446900890950505,65.2831802368164
20,57,0.0,0.0,0.0,0.0,65.2831802368164
20,58,0.015927443280816078,0.01736222393810749,0.0029057753272354603,0.9173619310911176,65.2831802368164
20,59,1.1659808158874512,0.6376466751098633,0.6877458095550537,1.8285688005582874,65.2831802368164
20,60,0.11403258144855499,0.13706141710281372,0.011236518621444702,0.8319816317248776,65.2831802368164
20,61,0.03360026702284813,0.02457491308450699,0.015169082209467888,1.3672588344844983,65.2831802368164
20,62,0.0,0.0025430312380194664,-0.0019072734285145998,0.0,65.2831802368164
20,63,0.08901496976613998,0.09471311420202255,0.01798013411462307,0.9398378515495932,65.2831802368164
20,64,0.0,0.0,0.0,0.0,65.2831802368164
20,65,0.08583355695009232,0.05437462404370308,0.045052588917315006,1.5785590881424,65.2831802368164
20,66,0.15518280863761902,0.004025812726467848,0.15216344909276813,38.54695166986214,65.2831802368164
20,67,1.136798620223999,0.6468836069107056,0.6516359150409698,1.757346465543009,65.2831802368164
20,68,0.0,0.0,0.0,0.0,65.2831802368164
20,69,0.2681339979171753,0.09531568735837936,0.19664723239839077,2.8131150846785564,65.2831802368164
20,70,0.6029071807861328,0.7465006113052368,0.0430317223072052,0.8076445908479,65.2831802368164
20,71,0.0,0.0,0.0,0.0,65.2831802368164
20,72,0.11976463347673416,0.14886148273944855,0.00811852142214775,0.8045374214467084,65.2831802368164
20,73,0.5038661956787109,0.38588443398475647,0.21445287019014359,1.3057437701602377,65.2831802368164
20,74,0.0034644606057554483,0.09999476373195648,-0.07153161219321191,0.034646420236639094,65.2831802368164
20,75,0.0,0.0006436231778934598,-0.00048271738342009485,0.0,65.2831802368164
20,76,0.2181365191936493,0.1797051876783371,0.08335762843489647,1.2138576632683995,65.2831802368164
20,77,0.0,0.0,0.0,0.0,65.2831802368164
20,78,0.274702787399292,0.0845222994685173,0.21131106279790401,3.250062872441877,65.2831802368164
20,79,0.2301112860441208,0.20198284089565277,0.07862415537238121,1.1392615581729555,65.2831802368164
20,80,0.10923967510461807,0.11234515905380249,0.024980805814266205,0.9723576522894987,65.2831802368164
20,81,0.01798900030553341,0.011762089096009731,0.00916743348352611,1.5294052066062602,65.2831802368164
20,82,0.12435971945524216,0.12711739540100098,0.029021672904491425,0.9783060694562075,65.2831802368164
20,83,0.0,0.0,0.0,0.0,65.2831802368164
20,84,0.22688651084899902,0.16115882992744446,0.10601738840341568,1.4078441184373085,65.2831802368164
20,85,0.0,0.1826280802488327,-0.13697106018662453,0.0,65.2831802368164
20,86,0.0,0.011714352294802666,-0.008785764221102,0.0,65.2831802368164
20,87,0.04718773439526558,0.3584572970867157,-0.2216552384197712,0.13164115998932666,65.2831802368164
20,88,0.1028735339641571,0.04439300298690796,0.06957878172397614,2.317336675605803,65.2831802368164
20,89,0.00789595302194357,0.007609114516526461,0.0021891171345487237,1.0376966996299528,65.2831802368164
20,90,0.08551040291786194,0.10216487944126129,0.00888674333691597,0.8369843275368257,65.2831802368164
20,91,1.7743980884552002,0.8744947910308838,1.1185269951820374,2.029055068883202,65.2831802368164
20,92,0.12706822156906128,0.21507048606872559,-0.03423464298248291,0.5908212879003115,65.2831802368164
20,93,0.0,0.0,0.0,0.0,65.2831802368164
20,94,0.008383926935493946,0.00745303463190794,0.002794150961562991,1.1249011105457323,65.2831802368164
20,95,0.046512097120285034,0.07009485363960266,-0.006059043109416962,0.6635593728288028,65.2831802368164
20,96,0.033939871937036514,0.09095846116542816,-0.03427897393703461,0.3731359513100841,65.2831802368164
20,97,0.22594714164733887,0.10954295098781586,0.14378992840647697,2.0626351545925368,65.2831802368164
20,98,0.005997141357511282,0.0035170582123100758,0.003359347698278725,1.7051584005108287,65.2831802368164
20,99,0.0,0.05452427640557289,-0.04089320730417967,0.0,65.2831802368164
20,100,0.0,0.0,0.0,0.0,65.2831802368164
20,101,0.0,0.009506379254162312,-0.007129784440621734,0.0,65.2831802368164
20,102,0.0,0.11475969105958939,-0.08606976829469204,0.0,65.2831802368164
20,103,0.08078580349683762,0.264661967754364,-0.1177106723189354,0.3052414526423784,65.2831802368164
20,104,0.17430730164051056,0.040743451565504074,0.1437497129663825,4.278167286735514,65.2831802368164
20,105,0.0,0.16359268128871918,-0.12269451096653938,0.0,65.2831802368164
20,106,0.13638561964035034,0.010826620273292065,0.1282656544353813,12.597247911631257,65.2831802368164
20,107,0.09059806168079376,0.11266763508319855,0.006097335368394852,0.8041178960851375,65.2831802368164
20,108,0.04985567182302475,0.02470811828970909,0.03132458310574293,2.0177850549538534,65.2831802368164
20,109,0.0,0.12771819531917572,-0.09578864648938179,0.0,65.2831802368164
20,110,0.2841769754886627,0.6175050139427185,-0.17895178496837616,0.46020189159883257,65.2831802368164
20,111,0.1454659402370453,0.08070257306098938,0.08493901044130325,1.8024944523802204,65.2831802368164
20,112,0.17164015769958496,0.09463676810264587,0.10066258162260056,1.8136730695579675,65.2831802368164
20,113,0.0,0.0,0.0,0.0,65.2831802368164
20,114,0.002151292283087969,0.019273387268185616,-0.012303748168051243,0.11161983376567468,65.2831802368164
20,115,0.08836953341960907,0.08391459286212921,0.02543358877301216,1.0530889849366984,65.2831802368164
20,116,0.0,0.0,0.0,0.0,65.2831802368164
20,117,0.0,0.0021400556433945894,-0.001605041732545942,0.0,65.2831802368164
20,118,0.06635310500860214,0.003314550034701824,0.06386719248257577,20.018736870433912,65.2831802368164
20,119,0.0,0.013978308066725731,-0.010483731050044298,0.0,65.2831802368164
20,120,0.10271942615509033,0.08323939144611359,0.04028988257050514,1.2340242326297333,65.2831802368164
20,121,0.05053015425801277,0.08552000671625137,-0.013609850779175758,0.5908576974868228,65.2831802368164
20,122,0.05571073293685913,0.06674724072217941,0.005650302395224571,0.8346522243205236,65.2831802368164
20,123,0.05416744574904442,0.3890223801136017,-0.23759933933615685,0.13923992170601418,65.2831802368164
20,124,1.4179577827453613,0.8507736921310425,0.7798775136470795,1.6666685816200466,65.2831802368164
20,125,0.0,0.05816078186035156,-0.04362058639526367,0.0,65.2831802368164
20,126,0.2157249003648758,0.09889096021652222,0.14155668020248413,2.181442063969888,65.2831802368164
20,127,0.008148635737597942,0.00029749239911325276,0.007925516438263003,27.391071955101467,65.2831802368164
20,128,0.016057685017585754,0.009565633721649647,0.00888345972634852,1.6786849134275477,65.2831802368164
20,129,0.04166615381836891,0.014113081619143486,0.031081342604011297,2.952307294737044,65.2831802368164
20,130,0.0,0.009364821948111057,-0.007023616461083293,0.0,65.2831802368164
20,131,0.010210713371634483,0.014250807464122772,-0.0004773922264575958,0.7165006892854345,65.2831802368164
20,132,0.02290760912001133,0.050389304757118225,-0.01488436944782734,0.45461252601070434,65.2831802368164
20,133,0.3381592035293579,0.42164650559425354,0.021924324333667755,0.8019969311780882,65.2831802368164
20,134,0.38473600149154663,0.05096207931637764,0.3465144420042634,7.54945651050692,65.2831802368164
20,135,0.011172888800501823,0.09477981925010681,-0.059911975637078285,0.11788257129822864,65.2831802368164
20,136,0.0,0.0,0.0,0.0,65.2831802368164
20,137,0.022897934541106224,0.04339246824383736,-0.009646416641771793,0.5276937557897624,65.2831802368164
20,138,0.05137430503964424,0.02890707552433014,0.029693998396396637,1.777222500236212,65.2831802368164
20,139,0.0,0.0,0.0,0.0,65.2831802368164
20,140,0.0,0.0,0.0,0.0,65.2831802368164
20,141,0.0,0.0,0.0,0.0,65.2831802368164
20,142,0.07922713458538055,0.03320822864770889,0.054320963099598885,2.38576816076159,65.2831802368164
20,143,0.346077024936676,0.2166849672794342,0.18356329947710037,1.597143674894541,65.2831802368164
20,144,0.5589131116867065,0.23953087627887726,0.3792649544775486,2.333365620195246,65.2831802368164
20,145,0.09232046455144882,0.09201602637767792,0.023308444768190384,1.003308534227701,65.2831802368164
20,146,0.0,0.002312564058229327,-0.0017344230436719954,0.0,65.2831802368164
20,147,0.017237981781363487,0.09707674384117126,-0.05556957609951496,0.17757066315892547,65.2831802368164
20,148,0.028577683493494987,0.015805616974830627,0.016723470762372017,1.8080713671092334,65.2831802368164
20,149,0.0,0.0,0.0,0.0,65.2831802368164
20,150,0.20351091027259827,0.08523447066545486,0.13958505727350712,2.3876596954416547,65.2831802368164
20,151,0.0,0.0,0.0,0.0,65.2831802368164
20,152,0.0,0.0005707262898795307,-0.000428044717409648,0.0,65.2831802368164
20,153,0.0,0.016965562477707863,-0.012724171858280897,0.0,65.2831802368164
20,154,0.031267788261175156,0.015070869587361813,0.019964636070653796,2.0747169284326565,65.2831802368164
20,155,0.5287842750549316,0.33571353554725647,0.2769991233944893,1.5751056155402547,65.2831802368164
20,156,0.011099805124104023,0.044557616114616394,-0.022318406961858273,0.24911128762595097,65.2831802368164
20,157,0.0,0.0,0.0,0.0,65.2831802368164
20,158,0.0,0.029215294867753983,-0.021911471150815487,0.0,65.2831802368164
20,159,0.0,0.02366052195429802,-0.017745391465723515,0.0,65.2831802368164
20,160,0.17512862384319305,0.04136747866868973,0.14410301484167576,4.233485565836797,65.2831802368164
20,161,0.0,0.07121331989765167,-0.053409989923238754,0.0,65.2831802368164
20,162,0.0907808169722557,0.10750848054885864,0.010149456560611725,0.8444061018065897,65.2831802368164
20,163,0.12864477932453156,0.03684521093964577,0.10101087111979723,3.491492545171377,65.2831802368164
20,164,0.0,0.0,0.0,0.0,65.2831802368164
20,165,0.0,0.2288496494293213,-0.17163723707199097,0.0,65.2831802368164
20,166,0.008561639115214348,0.07400666922330856,-0.046943362802267075,0.11568739959455104,65.2831802368164
20,167,0.0,0.0,0.0,0.0,65.2831802368164
20,168,0.0,0.02182556688785553,-0.016369175165891647,0.0,65.2831802368164
20,169,0.0,0.0,0.0,0.0,65.2831802368164
20,170,0.21189764142036438,0.164922833442688,0.08820551633834839,1.2848290136411928,65.2831802368164
20,171,1.1566609146029805e-06,0.021655045449733734,-0.016240127426385698,5.341299870436382e-05,65.2831802368164
20,172,0.012251576408743858,0.07027420401573181,-0.040454076603055,0.17433959701381804,65.2831802368164
20,173,1.0167839527130127,0.4920926094055176,0.6477144956588745,2.0662451198754903,65.2831802368164
20,174,0.0,0.0,0.0,0.0,65.2831802368164
20,175,0.2888852059841156,0.6337561011314392,-0.1864318698644638,0.45583025625775525,65.2831802368164
20,176,1.385172724723816,0.4231918156147003,1.0677788630127907,3.2731557502087627,65.2831802368164
20,177,0.12170737981796265,0.16699576377868652,-0.003539443016052246,0.728805192798353,65.2831802368164
20,178,0.0,0.0,0.0,0.0,65.2831802368164
20,179,0.0807155892252922,0.08465211093425751,0.017226506024599075,0.953497654500595,65.2831802368164
20,180,0.0,0.05846741795539856,-0.04385056346654892,0.0,65.2831802368164
20,181,0.004025101196020842,0.0024652970023453236,0.002176128444261849,1.6327043721543153,65.2831802368164
20,182,0.0,0.0,0.0,0.0,65.2831802368164
20,183,0.03870054706931114,0.02745615504682064,0.01810843078419566,1.4095399374714355,65.2831802368164
20,184,0.0823560431599617,0.03726162761449814,0.0544098224490881,2.2102105686254983,65.2831802368164
20,185,0.20150934159755707,0.11076876521110535,0.11843276768922806,1.81918920204353,65.2831802368164
20,186,1.9044594764709473,1.2206165790557861,0.9889970421791077,1.5602438219728187,65.2831802368164
20,187,0.24979473650455475,0.4096601605415344,-0.05745038390159607,0.6097608714836671,65.2831802368164
20,188,0.2111518681049347,0.2082093209028244,0.05499487742781639,1.0141326391553311,65.2831802368164
20,189,0.3529343008995056,0.11547558009624481,0.266327615827322,3.056354430973986,65.2831802368164
20,190,0.05358436703681946,0.030101150274276733,0.031008504331111908,1.780143501055188,65.2831802368164
20,191,0.20391809940338135,0.3078633248806,-0.026979394257068634,0.6623656763331763,65.2831802368164
20,192,0.0,0.0,0.0,0.0,65.2831802368164
20,193,0.011018858291208744,0.0,0.011018858291208744,11018858291.208744,65.2831802368164
20,194,0.05694647878408432,0.40136149525642395,-0.24407464265823364,0.14188326348435634,65.2831802368164
20,195,0.19098350405693054,0.08759095519781113,0.1252902876585722,2.1804021159883726,65.2831802368164
20,196,0.08779802918434143,0.0372566357254982,0.05985555239021778,2.3565742711947677,65.2831802368164
20,197,0.02327979914844036,0.1592985838651657,-0.09619413875043392,0.14613939799991457,65.2831802368164
20,198,0.09844114631414413,0.09021035581827164,0.030783379450440407,1.0912399737272087,65.2831802368164
20,199,0.02371748350560665,0.014586977660655975,0.01277725026011467,1.6259354100439571,65.2831802368164
20,200,0.0,0.0,0.0,0.0,65.2831802368164
20,201,0.03657456114888191,0.09585495293140411,-0.03531665354967117,0.38156151591534243,65.2831802368164
20,202,0.05766094848513603,0.03227250650525093,0.033456568606197834,1.7866894991242022,65.2831802368164
20,203,0.11797020584344864,0.008013584651052952,0.11196001735515893,14.721277800843666,65.2831802368164
20,204,0.03113386780023575,0.03166503831744194,0.007385089062154293,0.9832253315829138,65.2831802368164
20,205,0.2583528459072113,0.1973322182893753,0.11035368219017982,1.309227900773121,65.2831802368164
20,206,0.0,0.013333499431610107,-0.01000012457370758,0.0,65.2831802368164
20,207,0.07160192728042603,0.0991126149892807,-0.0027325339615345,0.7224300084045561,65.2831802368164
20,208,0.03851393982768059,0.06275203078985214,-0.008550083264708519,0.6137481025282622,65.2831802368164
20,209,0.0,0.03535225987434387,-0.026514194905757904,0.0,65.2831802368164
20,210,0.123214490711689,0.07136613875627518,0.06968988664448261,1.7265119404982283,65.2831802368164
20,211,0.21069326996803284,0.06383068114519119,0.16282025910913944,3.3008150028272882,65.2831802368164
20,212,0.0,6.732877955073491e-05,-5.049658466305118e-05,0.0,65.2831802368164
20,213,0.05683933570981026,0.08832664787769318,-0.009405650198459625,0.6435128817282045,65.2831802368164
20,214,0.05260292440652847,0.0,0.05260292440652847,52602924406.52847,65.2831802368164
20,215,0.05788150429725647,0.0327448844909668,0.03332284092903137,1.767650281724352,65.2831802368164
20,216,0.2954759895801544,0.06266885995864868,0.2484743446111679,4.714877369245362,65.2831802368164
20,217,0.0520070381462574,0.07353872805833817,-0.0031470078974962234,0.7072061146378964,65.2831802368164
20,218,0.0,0.0,0.0,0.0,65.2831802368164
20,219,2.550956964492798,1.4367365837097168,1.4734045267105103,1.775521688119293,65.2831802368164
20,220,0.015596247278153896,0.07474017888307571,-0.04045888688415289,0.2086728652649353,65.2831802368164
20,221,0.0,0.08820444345474243,-0.06615333259105682,0.0,65.2831802368164
20,222,0.0,0.33487817645072937,-0.251158632338047,0.0,65.2831802368164
20,223,0.05693197622895241,0.0214394424110651,0.04085239442065358,2.6554783997980187,65.2831802368164
20,224,0.0,0.0,0.0,0.0,65.2831802368164
20,225,0.03173862025141716,0.00540628656744957,0.027683905325829983,5.870687735393067,65.2831802368164
20,226,1.8725383281707764,1.2548969984054565,0.931365579366684,1.4921848809493032,65.2831802368164
20,227,1.0219606161117554,0.5090076923370361,0.6402048468589783,2.0077508287105865,65.2831802368164
20,228,0.01148135680705309,0.006258293054997921,0.006787637015804648,1.8345828014636365,65.2831802368164
20,229,0.0,0.009078774601221085,-0.0068090809509158134,0.0,65.2831802368164
20,230,0.05623721331357956,0.019472435116767883,0.04163288697600365,2.8880421464219013,65.2831802368164
20,231,0.10081926733255386,0.05716715380549431,0.05794390197843313,1.7635873157830815,65.2831802368164
20,232,0.0,0.0,0.0,0.0,65.2831802368164
20,233,0.0,0.0,0.0,0.0,65.2831802368164
20,234,0.01633138582110405,0.007746749557554722,0.010521323652938008,2.108159776905312,65.2831802368164
20,235,0.0291509497910738,0.104552261531353,-0.04926324635744095,0.27881701805228987,65.2831802368164
20,236,0.01819573901593685,0.020564697682857513,0.0027722157537937164,0.884804595509313,65.2831802368164
20,237,0.10977678745985031,0.1651022732257843,-0.014049917459487915,0.6649017322072909,65.2831802368164
20,238,0.0810077115893364,0.04646344110369682,0.04616013076156378,1.7434720645593256,65.2831802368164
20,239,0.2800871729850769,0.056583527475595474,0.2376495273783803,4.949977236766102,65.2831802368164
20,240,0.016287637874484062,0.0015890522627159953,0.015095848677447066,10.249906970583496,65.2831802368164
20,241,0.005506814457476139,0.1549224555492401,-0.11068502720445395,0.03554561821214048,65.2831802368164
20,242,0.04605324938893318,0.31126245856285095,-0.18739359453320503,0.14795632470880207,65.2831802368164
20,243,0.17766109108924866,0.0890885591506958,0.1108446717262268,1.994207705017832,65.2831802368164
20,244,0.0,0.075066938996315,-0.05630020424723625,0.0,65.2831802368164
20,245,0.05365173518657684,0.028058024123311043,0.03260821709409356,1.9121708267436401,65.2831802368164
20,246,0.03977476805448532,0.036661338061094284,0.012278764508664608,1.0849240687046866,65.2831802368164
20,247,0.03880860283970833,0.5146819353103638,-0.3472028486430645,0.07540307941103576,65.2831802368164
20,248,0.17415395379066467,0.041318997740745544,0.14316470548510551,4.214863944163701,65.2831802368164
20,249,0.007042727433145046,0.09913080185651779,-0.0673053739592433,0.07104479436439609,65.2831802368164
20,250,0.267917662858963,0.42978692054748535,-0.054422527551651,0.6233732346183358,65.2831802368164
20,251,0.007087021600455046,0.0026649623177945614,0.005088299862109125,2.6593327607201247,65.2831802368164
20,252,0.02783898077905178,0.12028408795595169,-0.06237408518791199,0.2314435870271971,65.2831802368164
20,253,0.04183298721909523,0.04418965429067612,0.008690746501088142,0.9466692575364908,65.2831802368164
20,254,0.16342486441135406,0.01795615814626217,0.14995774580165744,9.10132685795441,65.2831802368164
20,255,0.0,0.0,0.0,0.0,65.2831802368164
21,0,0.5544742941856384,0.24446138739585876,0.37112825363874435,2.2681467207968695,65.30288028717041
21,1,0.03436395898461342,0.033105216920375824,0.00953504629433155,1.0380224683688701,65.30288028717041
21,2,0.04366013780236244,0.07866372913122177,-0.015337659046053886,0.5550224771187288,65.30288028717041
21,3,0.10760264843702316,0.06709665805101395,0.0572801548987627,1.60369609397846,65.30288028717041
21,4,0.004365622065961361,0.004367505665868521,0.0010899928165599704,0.9995687238779222,65.30288028717041
21,5,0.0,0.04522832855582237,-0.03392124641686678,0.0,65.30288028717041
21,6,0.052529171109199524,0.16462600231170654,-0.07094033062458038,0.3190818605278438,65.30288028717041
21,7,0.0,0.1522013247013092,-0.1141509935259819,0.0,65.30288028717041
21,8,0.054544031620025635,0.030320866033434868,0.031803382094949484,1.7988942518357145,65.30288028717041
21,9,0.6781072616577148,0.26023775339126587,0.48292894661426544,2.6057220861247563,65.30288028717041
21,10,0.0,0.0,0.0,0.0,65.30288028717041
21,11,0.08482174575328827,0.03628178685903549,0.05761040560901165,2.337860207395676,65.30288028717041
21,12,0.0,0.0626240223646164,-0.046968016773462296,0.0,65.30288028717041
21,13,0.0,0.0,0.0,0.0,65.30288028717041
21,14,0.00741040613502264,0.021237334236502647,-0.008517594542354345,0.348932971160605,65.30288028717041
21,15,0.0,0.0,0.0,0.0,65.30288028717041
21,16,0.0,0.09326186031103134,-0.0699463952332735,0.0,65.30288028717041
21,17,0.056012265384197235,0.0174094345420599,0.04295518947765231,3.2173512152654022,65.30288028717041
21,18,0.1371162086725235,0.32409772276878357,-0.10595708340406418,0.4230705711249977,65.30288028717041
21,19,0.4203158915042877,0.18430164456367493,0.2820896580815315,2.280586765772407,65.30288028717041
21,20,0.04836830496788025,0.05720923840999603,0.0054613761603832245,0.845463185865161,65.30288028717041
21,21,1.8590564727783203,0.8531370162963867,1.2192037105560303,2.179083121778753,65.30288028717041
21,22,0.0,0.17005446553230286,-0.12754084914922714,0.0,65.30288028717041
21,23,0.11187276989221573,0.06222867593169212,0.06520126294344664,1.7977687652107484,65.30288028717041
21,24,0.009601364843547344,0.0067746322602033615,0.004520390648394823,1.4172525494161474,65.30288028717041
21,25,0.0,0.0,0.0,0.0,65.30288028717041
21,26,0.19784224033355713,0.1563938856124878,0.08054682612419128,1.2650254168024502,65.30288028717041
21,27,0.21990951895713806,0.1102713793516159,0.13720598444342613,1.9942574423951944,65.30288028717041
21,28,0.1023380234837532,0.11248459666967392,0.017974575981497765,0.909795887728279,65.30288028717041
21,29,0.246896892786026,0.4215933382511139,-0.06929811090230942,0.5856280694795539,65.30288028717041
21,30,0.04877004399895668,0.09197908639907837,-0.020214270800352097,0.5302297066403034,65.30288028717041
21,31,0.0,0.0,0.0,0.0,65.30288028717041
21,32,0.32501569390296936,0.29069826006889343,0.10699199885129929,1.1180517345539835,65.30288028717041
21,33,0.022730546072125435,0.036590367555618286,-0.00471222959458828,0.6212166641112093,65.30288028717041
21,34,8.102709216473158e-06,0.3275235593318939,-0.24563456678970397,2.4739317174547407e-05,65.30288028717041
21,35,0.006194602232426405,0.0,0.006194602232426405,6194602232.426405,65.30288028717041
21,36,2.947441577911377,1.656673789024353,1.7049362361431122,1.7791321365960662,65.30288028717041
21,37,0.0,0.0,0.0,0.0,65.30288028717041
21,38,1.2920506833324907e-06,0.002815303159877658,-0.002110185319224911,0.00045893838407431043,65.30288028717041
21,39,0.0,0.0,0.0,0.0,65.30288028717041
21,40,0.0,0.0,0.0,0.0,65.30288028717041
21,41,0.0038678909186273813,0.11219804733991623,-0.08028064458630979,0.03447378105320059,65.30288028717041
21,42,0.32456210255622864,0.49358129501342773,-0.04562386870384216,0.6575656448787053,65.30288028717041
21,43,0.06861106306314468,0.1715359091758728,-0.06004086881875992,0.3999807585034511,65.30288028717041
21,44,0.0,0.14398445188999176,-0.10798833891749382,0.0,65.30288028717041
21,45,0.036891743540763855,0.14422501623630524,-0.07127701863646507,0.2557929581374624,65.30288028717041
21,46,0.338561475276947,0.14465206861495972,0.23007242381572723,2.3405228733769587,65.30288028717041
21,47,0.0425516739487648,0.08785415440797806,-0.023338941857218742,0.48434447107280254,65.30288028717041
21,48,0.00039430096512660384,0.0,0.00039430096512660384,394300965.12660384,65.30288028717041
21,49,0.0,7.929089406388812e-06,-5.946817054791609e-06,0.0,65.30288028717041
21,50,0.08874495327472687,0.00844285637140274,0.08241281099617481,10.51124753996864,65.30288028717041
21,51,0.048492610454559326,0.02281637117266655,0.031380332075059414,2.1253428113286894,65.30288028717041
21,52,0.14401456713676453,0.02107829600572586,0.12820584513247013,6.832362876525266,65.30288028717041
21,53,0.027356620877981186,0.03431675210595131,0.001619056798517704,0.7971797795059907,65.30288028717041
21,54,0.0009027043706737459,0.0,0.0009027043706737459,902704370.6737459,65.30288028717041
21,55,0.02450929582118988,0.23084433376789093,-0.14862395450472832,0.10617239514194567,65.30288028717041
21,56,0.046105559915304184,0.022128934040665627,0.029508859384804964,2.083496648708609,65.30288028717041
21,57,0.014696081168949604,0.012872057966887951,0.005042037693783641,1.1417040853616462,65.30288028717041
21,58,0.22013457119464874,0.21487025916576385,0.05898187682032585,1.0244999566170727,65.30288028717041
21,59,0.0,0.0,0.0,0.0,65.30288028717041
21,60,2.0370776653289795,0.15635885298252106,1.9198085255920887,13.028220829578935,65.30288028717041
21,61,0.020474491640925407,0.012354536913335323,0.011208588955923915,1.6572447662662506,65.30288028717041
21,62,0.0,0.0,0.0,0.0,65.30288028717041
21,63,0.01668878085911274,0.10282459110021591,-0.060429662466049194,0.16230340116485414,65.30288028717041
21,64,0.04670630022883415,0.007127023302018642,0.04136103275232017,6.553409220515913,65.30288028717041
21,65,0.0,0.0009975063148885965,-0.0007481297361664474,0.0,65.30288028717041
21,66,0.31695207953453064,0.19125966727733612,0.17350732907652855,1.6571820083388362,65.30288028717041
21,67,0.005215013865381479,0.012174742296338081,-0.003916042856872082,0.4283469611115879,65.30288028717041
21,68,0.09572258591651917,0.11102073639631271,0.01245703361928463,0.8622045666672065,65.30288028717041
21,69,0.0,0.0,0.0,0.0,65.30288028717041
21,70,0.4290933310985565,0.22887186706066132,0.25743943080306053,1.8748190269403129,65.30288028717041
21,71,0.2772381007671356,0.1413857638835907,0.1711987778544426,1.960862912573273,65.30288028717041
21,72,0.03248455375432968,0.09874380379915237,-0.0415732990950346,0.32897814854363094,65.30288028717041
21,73,0.014609212055802345,0.006355233956128359,0.009842786588706076,2.298768566877998,65.30288028717041
21,74,0.31920239329338074,0.1348426789045334,0.2180703841149807,2.3672207930324793,65.30288028717041
21,75,0.0,0.0,0.0,0.0,65.30288028717041
21,76,0.0,0.22766000032424927,-0.17074500024318695,0.0,65.30288028717041
21,77,0.0014334314037114382,0.0011368418345227838,0.0005808000278193504,1.260889033919363,65.30288028717041
21,78,0.42807045578956604,0.6405277252197266,-0.05232533812522888,0.6683090191639285,65.30288028717041
21,79,0.014541374519467354,0.08853134512901306,-0.05185713432729244,0.1642511417635478,65.30288028717041
21,80,0.0,0.012696369551122189,-0.009522277163341641,0.0,65.30288028717041
21,81,0.0,0.14446404576301575,-0.10834803432226181,0.0,65.30288028717041
21,82,3.4699134826660156,1.9522310495376587,2.0057401955127716,1.7774092280142804,65.30288028717041
21,83,0.13251107931137085,0.0804002583026886,0.0722108855843544,1.6481424575882426,65.30288028717041
21,84,0.0,0.16696351766586304,-0.12522263824939728,0.0,65.30288028717041
21,85,0.0,0.05483921989798546,-0.041129414923489094,0.0,65.30288028717041
21,86,0.08638685196638107,0.04215216264128685,0.054772729985415936,2.049404978327688,65.30288028717041
21,87,0.08076311647891998,0.027749622240662575,0.05995089979842305,2.9104221951412477,65.30288028717041
21,88,0.08567848056554794,0.15622317790985107,-0.03148890286684036,0.5484364209671913,65.30288028717041
21,89,0.09373923391103745,0.027058716863393784,0.07344519626349211,3.4642896919619903,65.30288028717041
21,90,0.16074761748313904,0.07335833460092545,0.10572886653244495,2.1912659053047787,65.30288028717041
21,91,0.0,0.06117205694317818,-0.04587904270738363,0.0,65.30288028717041
21,92,0.0,0.021704792976379395,-0.016278594732284546,0.0,65.30288028717041
21,93,0.1262020617723465,0.1018710806965828,0.0497987512499094,1.2388409046821962,65.30288028717041
21,94,0.71071857213974,0.6050394773483276,0.25693896412849426,1.1746647925411273,65.30288028717041
21,95,0.0,0.00019747256010305136,-0.00014810442007728852,0.0,65.30288028717041
21,96,0.034156329929828644,0.031259696930646896,0.010711557231843472,1.0926635022890845,65.30288028717041
21,97,0.34023424983024597,0.15145879983901978,0.22664014995098114,2.246381525468461,65.30288028717041
21,98,0.005883107893168926,0.0037849685177206993,0.0030443815048784018,1.5543346963312095,65.30288028717041
21,99,0.08297455310821533,0.09290020167827606,0.013299401849508286,0.893157943775757,65.30288028717041
21,100,0.011823010630905628,0.010889070108532906,0.003656208049505949,1.0857686204587018,65.30288028717041
21,101,0.10773351788520813,0.03187892213463783,0.08382432628422976,3.3794592372610843,65.30288028717041
21,102,0.03592393547296524,0.017875654622912407,0.022517194505780935,2.009657057532847,65.30288028717041
21,103,0.0056822593323886395,0.016900314018130302,-0.006992976181209087,0.3362221155155229,65.30288028717041
21,104,0.0,0.0,0.0,0.0,65.30288028717041
21,105,0.23177188634872437,0.32349395751953125,-0.010848581790924072,0.7164643448835191,65.30288028717041
21,106,0.07518251240253448,0.024000169709324837,0.05718238512054086,3.1325825321223078,65.30288028717041
21,107,0.009450335055589676,0.03898216784000397,-0.0197862908244133,0.24242712960794352,65.30288028717041
21,108,0.22751377522945404,0.32235732674598694,-0.014254219830036163,0.7057813064941625,65.30288028717041
21,109,0.08294154703617096,0.04644027352333069,0.04811134189367294,1.785983172401359,65.30288028717041
21,110,0.0,0.07716750353574753,-0.057875627651810646,0.0,65.30288028717041
21,111,0.13615815341472626,0.115396648645401,0.04961066693067551,1.1799142783768597,65.30288028717041
21,112,0.0,0.0,0.0,0.0,65.30288028717041
21,113,0.09624931961297989,0.025090765208005905,0.07743124570697546,3.836045605274439,65.30288028717041
21,114,0.20858530700206757,0.35082459449768066,-0.05453313887119293,0.5945572524643851,65.30288028717041
21,115,0.18227413296699524,0.1988580971956253,0.03313056007027626,0.9166040283829513,65.30288028717041
21,116,0.005569406319409609,0.0,0.005569406319409609,5569406319.409609,65.30288028717041
21,117,0.0,0.011156643740832806,-0.008367482805624604,0.0,65.30288028717041
21,118,0.04357163980603218,0.49740517139434814,-0.3294822387397289,0.08759788259499321,65.30288028717041
21,119,0.0,0.0,0.0,0.0,65.30288028717041
21,120,0.24435220658779144,0.11482681334018707,0.15823209658265114,2.12800651239657,65.30288028717041
21,121,0.5823552012443542,0.2387557327747345,0.4032884016633034,2.4391255216115204,65.30288028717041
21,122,0.0,0.021340884268283844,-0.016005663201212883,0.0,65.30288028717041
21,123,0.0,0.0,0.0,0.0,65.30288028717041
21,124,0.052283044904470444,0.07877524942159653,-0.006798392161726952,0.6636988811548358,65.30288028717041
21,125,0.0,0.0,0.0,0.0,65.30288028717041
21,126,0.12161938101053238,0.13527856767177582,0.020160455256700516,0.8990291891965951,65.30288028717041
21,127,0.0,0.0,0.0,0.0,65.30288028717041
21,128,0.015540479682385921,0.025440696626901627,-0.0035400427877902985,0.6108511850002637,65.30288028717041
21,129,0.0,0.0,0.0,0.0,65.30288028717041
21,130,0.006484692916274071,0.004344542510807514,0.003226286033168435,1.4926066205245077,65.30288028717041
21,131,0.0,0.16212409734725952,-0.12159307301044464,0.0,65.30288028717041
21,132,0.10052213817834854,0.05678802356123924,0.05793112050741911,1.7701291905004766,65.30288028717041
21,133,0.06027211993932724,0.0,0.06027211993932724,60272119939.32724,65.30288028717041
21,134,0.05994848161935806,0.03534334897994995,0.0334409698843956,1.6961743396662912,65.30288028717041
21,135,0.1786915510892868,0.07135417312383652,0.12517592124640942,2.5042901243724027,65.30288028717041
21,136,0.06933664530515671,0.03799913078546524,0.04083729721605778,1.8246902987016076,65.30288028717041
21,137,0.04506918042898178,0.03649710491299629,0.017696351744234562,1.2348700132568098,65.30288028717041
21,138,0.0,0.03975798934698105,-0.029818492010235786,0.0,65.30288028717041
21,139,0.008881260640919209,0.058307450264692307,-0.03484932705760002,0.15231776729130753,65.30288028717041
21,140,0.4481388330459595,0.2763148546218872,0.24090269207954407,1.6218412638639228,65.30288028717041
21,141,0.141326904296875,0.08996766060590744,0.07385115884244442,1.5708633896169615,65.30288028717041
21,142,0.25249555706977844,0.022039227187633514,0.2359661366790533,11.456642962508242,65.30288028717041
21,143,0.0,0.01381691638380289,-0.010362687287852168,0.0,65.30288028717041
21,144,0.5596669316291809,0.45022690296173096,0.2219967544078827,1.243077497027114,65.30288028717041
21,145,0.0,0.0,0.0,0.0,65.30288028717041
21,146,0.07045285403728485,0.05988110974431038,0.025542021729052067,1.1765455639840143,65.30288028717041
21,147,0.18022972345352173,0.08112276345491409,0.11938765086233616,2.2216911231268273,65.30288028717041
21,148,0.10868515819311142,0.052176859229803085,0.0695525137707591,2.0830145738045527,65.30288028717041
21,149,0.006764155346900225,0.041318804025650024,-0.024224947672337294,0.16370646504040737,65.30288028717041
21,150,0.12437235563993454,0.07707622647285461,0.06656518578529358,1.6136279801155478,65.30288028717041
21,151,0.0,0.02626458741724491,-0.019698440562933683,0.0,65.30288028717041
21,152,0.28614678978919983,0.14612680673599243,0.1765516847372055,1.9582087378684976,65.30288028717041
21,153,0.002272997749969363,0.0009281125385314226,0.0015769133460707963,2.4490540243287033,65.30288028717041
21,154,0.8921120166778564,0.5005826950073242,0.5166749954223633,1.7821471368742012,65.30288028717041
21,155,0.0,0.2825223505496979,-0.2118917629122734,0.0,65.30288028717041
21,156,0.0,0.0,0.0,0.0,65.30288028717041
21,157,0.05338471755385399,0.06717059761285782,0.0030067693442106247,0.7947631768998926,65.30288028717041
21,158,0.25847128033638,0.39434346556663513,-0.037286318838596344,0.6554470985447298,65.30288028717041
21,159,0.032363567501306534,0.3383788764476776,-0.22142058983445168,0.09564299001452345,65.30288028717041
21,160,0.0,0.08679816126823425,-0.06509862095117569,0.0,65.30288028717041
21,161,0.36229395866394043,0.13371960818767548,0.2620042525231838,2.7093555206410076,65.30288028717041
21,162,0.20921820402145386,0.5479607582092285,-0.20175236463546753,0.38181238507810444,65.30288028717041
21,163,0.7269891500473022,0.36827361583709717,0.45078393816947937,1.9740462492618693,65.30288028717041
21,164,0.8573092222213745,0.4603182077407837,0.5120705664157867,1.8624273552574389,65.30288028717041
21,165,0.14679700136184692,0.03742743283510208,0.11872642673552036,3.9221766025119464,65.30288028717041
21,166,0.3291562795639038,0.3155723512172699,0.09247701615095139,1.043045369130702,65.30288028717041
21,167,0.12045672535896301,0.05397174507379532,0.07997791655361652,2.2318478898918546,65.30288028717041
21,168,0.49299922585487366,0.13630089163780212,0.39077355712652206,3.6169919354696773,65.30288028717041
21,169,0.050049468874931335,0.08062942326068878,-0.01042259857058525,0.6207345513621257,65.30288028717041
21,170,0.0,0.0,0.0,0.0,65.30288028717041
21,171,0.056050628423690796,0.06689327955245972,0.005880668759346008,0.8379112042024535,65.30288028717041
21,172,0.08231576532125473,0.08202838897705078,0.020794473588466644,1.003503376657572,65.30288028717041
21,173,0.06147431954741478,0.04609030485153198,0.026906590908765793,1.3337798425092793,65.30288028717041
21,174,0.28051304817199707,0.20153649151325226,0.12936067953705788,1.3918722414206548,65.30288028717041
21,175,0.01627940870821476,0.02601638250052929,-0.003232878167182207,0.6257368297555522,65.30288028717041
21,176,0.26629894971847534,0.08502539247274399,0.20252990536391735,3.131993184279731,65.30288028717041
21,177,0.12272247672080994,0.11446042358875275,0.03687715902924538,1.072182618864577,65.30288028717041
21,178,0.014020589180290699,0.0,0.014020589180290699,14020589180.290699,65.30288028717041
21,179,0.0,0.0,0.0,0.0,65.30288028717041
21,180,0.0,0.01579154282808304,-0.011843657121062279,0.0,65.30288028717041
21,181,0.2755031883716583,0.202659472823143,0.12350858375430107,1.3594389866528724,65.30288028717041
21,182,0.05932959169149399,0.07084968686103821,0.006192326545715332,0.8374009020960574,65.30288028717041
21,183,0.43471139669418335,0.07509719580411911,0.378388499841094,5.788650189046747,65.30288028717041
21,184,0.1625441610813141,0.4347255527973175,-0.16350000351667404,0.3739006369306368,65.30288028717041
21,185,0.16242627799510956,0.08690758049488068,0.09724559262394905,1.8689540897161252,65.30288028717041
21,186,1.784455418586731,1.1009012460708618,0.9587794840335846,1.6209041682474847,65.30288028717041
21,187,0.0,0.07118602097034454,-0.05338951572775841,0.0,65.30288028717041
21,188,0.01857016421854496,0.020004255697131157,0.0035669724456965923,0.928310680425857,65.30288028717041
21,189,0.009639876894652843,0.10197854787111282,-0.06684403400868177,0.09452847776124272,65.30288028717041
21,190,0.08909066021442413,0.06958519667387009,0.03690176270902157,1.2803105325790969,65.30288028717041
21,191,0.0,0.0,0.0,0.0,65.30288028717041
21,192,0.023839572444558144,0.01337235327810049,0.013810307485982776,1.7827507206092708,65.30288028717041
21,193,0.001476528006605804,0.0,0.001476528006605804,1476528006.605804,65.30288028717041
21,194,0.0,0.0,0.0,0.0,65.30288028717041
21,195,0.0,0.0,0.0,0.0,65.30288028717041
21,196,0.004644487518817186,0.0019472365966066718,0.0031840600713621825,2.3851685637614235,65.30288028717041
21,197,3.1528263662039535e-06,0.002680745907127857,-0.002007406603979689,0.0011761004116969001,65.30288028717041
21,198,0.03277423977851868,0.0162698682397604,0.020571838598698378,2.0144133494830885,65.30288028717041
21,199,0.0,0.0,0.0,0.0,65.30288028717041
21,200,0.0027458027470856905,0.01810014247894287,-0.010829304112121463,0.1517006150713106,65.30288028717041
21,201,0.11739755421876907,0.282388836145401,-0.09439407289028168,0.4157301535741511,65.30288028717041
21,202,0.008628795854747295,0.020553123205900192,-0.006786046549677849,0.41982893635602764,65.30288028717041
21,203,0.0,0.0,0.0,0.0,65.30288028717041
21,204,0.12077721208333969,0.07450782507658005,0.06489634327590466,1.6210003708681926,65.30288028717041
21,205,0.02954402193427086,0.06203579530119896,-0.01698282454162836,0.4762415278203683,65.30288028717041
21,206,0.0,0.07425595819950104,-0.05569196864962578,0.0,65.30288028717041
21,207,0.003753246273845434,0.011997894383966923,-0.005245174514129758,0.3128254136449278,65.30288028717041
21,208,0.01254113670438528,0.024659454822540283,-0.005953454412519932,0.50857315354812,65.30288028717041
21,209,0.4922848641872406,0.5729967951774597,0.06253726780414581,0.8591406938566185,65.30288028717041
21,210,0.03741349279880524,0.03325483947992325,0.0124723631888628,1.1250540788286654,65.30288028717041
21,211,0.3244801461696625,0.14269192516803741,0.21746120229363441,2.273990947877905,65.30288028717041
21,212,0.2314607799053192,1.0800458192825317,-0.5785735845565796,0.2143064449421812,65.30288028717041
21,213,0.46880456805229187,0.4124337434768677,0.1594792604446411,1.1366784979790316,65.30288028717041
21,214,0.0,0.005072278436273336,-0.0038042088272050023,0.0,65.30288028717041
21,215,0.2037319839000702,0.2685597538948059,0.0023121684789657593,0.7586095122023118,65.30288028717041
21,216,0.0,0.0,0.0,0.0,65.30288028717041
21,217,0.03923700377345085,0.004644719883799553,0.03575346386060119,8.447657715992523,65.30288028717041
21,218,0.4160315990447998,0.262999951839447,0.21878163516521454,1.5818694875548565,65.30288028717041
21,219,0.0,0.009667813777923584,-0.007250860333442688,0.0,65.30288028717041
21,220,0.24360595643520355,0.010498728603124619,0.2357319099828601,23.203376867890313,65.30288028717041
21,221,0.39504340291023254,0.2624945044517517,0.19817252457141876,1.504958756122604,65.30288028717041
21,222,0.3321969509124756,0.19444318115711212,0.1863645650446415,1.708452561482979,65.30288028717041
21,223,0.0,0.01735009253025055,-0.013012569397687912,0.0,65.30288028717041
21,224,0.03362813964486122,0.01692921109497547,0.020931231323629618,1.9863973255585157,65.30288028717041
21,225,0.11356696486473083,0.15664520859718323,-0.003916941583156586,0.7249948203398031,65.30288028717041
21,226,0.0,0.0,0.0,0.0,65.30288028717041
21,227,0.0,0.0,0.0,0.0,65.30288028717041
21,228,0.010674539022147655,0.030918078497052193,-0.012514019850641489,0.3452523423413955,65.30288028717041
21,229,0.0,0.16325220465660095,-0.12243915349245071,0.0,65.30288028717041
21,230,0.12828421592712402,0.018690668046474457,0.11426621489226818,6.863543646555652,65.30288028717041
21,231,0.023055413737893105,0.03180968388915062,-0.0008018491789698601,0.7247922933629611,65.30288028717041
21,232,0.01052259374409914,0.00278993952088058,0.008430139103438705,3.771620732841659,65.30288028717041
21,233,0.01852365769445896,0.05028562247753143,-0.019190559163689613,0.36836886532263396,65.30288028717041
21,234,0.1055213138461113,0.1351722627878189,0.004142116755247116,0.7806432449160697,65.30288028717041
21,235,0.0,0.011095820926129818,-0.008321865694597363,0.0,65.30288028717041
21,236,0.028782427310943604,0.026398170739412308,0.008983799256384373,1.0903190071000373,65.30288028717041
21,237,0.06944966316223145,0.2063341587781906,-0.08530095592141151,0.33658829722204797,65.30288028717041
21,238,0.13145238161087036,0.04522112384438515,0.0975365387275815,2.9068800249263416,65.30288028717041
21,239,0.04770265147089958,0.025620970875024796,0.028486923314630985,1.8618596345050316,65.30288028717041
21,240,0.09272358566522598,0.11053111404180527,0.009825250133872032,0.838891261236334,65.30288028717041
21,241,0.11102408915758133,0.14550259709358215,0.0018971413373947144,0.7630385393424387,65.30288028717041
21,242,0.013081341050565243,0.009560567326843739,0.005910915555432439,1.3682599161733604,65.30288028717041
21,243,0.08140558004379272,0.14690189063549042,-0.02877083793282509,0.5541493012178537,65.30288028717041
21,244,0.023433636873960495,0.22884449362754822,-0.14819973334670067,0.10239982838301145,65.30288028717041
21,245,0.05033396556973457,0.5177215337753296,-0.3379571847617626,0.09722208230859541,65.30288028717041
21,246,0.040693119168281555,0.039625998586416245,0.010973620228469372,1.026929809188561,65.30288028717041
21,247,0.0,0.002299638232216239,-0.0017247286741621792,0.0,65.30288028717041
21,248,0.03434498980641365,0.10955387353897095,-0.04782041534781456,0.31349863493309355,65.30288028717041
21,249,0.0,0.03174334391951561,-0.023807507939636707,0.0,65.30288028717041
21,250,0.10997872799634933,0.07375405728816986,0.05466318503022194,1.4911549552474417,65.30288028717041
21,251,0.2684960961341858,0.16041696071624756,0.14818337559700012,1.6737388299447933,65.30288028717041
21,252,0.0012428421759977937,0.030830180272459984,-0.021879793028347194,0.040312517311735886,65.30288028717041
21,253,0.17229294776916504,0.02380302920937538,0.1544406758621335,7.238278214357068,65.30288028717041
21,254,0.0,0.005577580071985722,-0.004183185053989291,0.0,65.30288028717041
21,255,0.0,0.0,0.0,0.0,65.30288028717041
22,0,0.0,0.0,0.0,0.0,65.32258033752441
22,1,0.0,0.0,0.0,0.0,65.32258033752441
22,2,0.006038797553628683,0.019136879593133926,-0.008313862141221762,0.31555810987491245,65.32258033752441
22,3,0.04684274271130562,0.060897063463926315,0.0011699451133608818,0.7692118477647893,65.32258033752441
22,4,0.05115053057670593,0.024048827588558197,0.033113909885287285,2.1269448743902624,65.32258033752441
22,5,0.0,0.39852482080459595,-0.29889361560344696,0.0,65.32258033752441
22,6,0.11340878158807755,0.17221829295158386,-0.01575493812561035,0.658517626924231,65.32258033752441
22,7,0.012356869876384735,0.025226639583706856,-0.006563109811395407,0.48983416260784257,65.32258033752441
22,8,0.0,0.0,0.0,0.0,65.32258033752441
22,9,0.041067562997341156,0.04596748203039169,0.006591951474547386,0.8934046674406849,65.32258033752441
22,10,0.0,0.3023756742477417,-0.22678175568580627,0.0,65.32258033752441
22,11,0.023308390751481056,0.003554039401933551,0.020642861200030893,6.558281467628638,65.32258033752441
22,12,0.048534851521253586,0.022752908989787102,0.03147016977891326,2.133127308728122,65.32258033752441
22,13,0.4589898884296417,0.12230799347162247,0.3672588933259249,3.7527382748894693,65.32258033752441
22,14,0.0,0.1968277394771576,-0.1476208046078682,0.0,65.32258033752441
22,15,0.29824382066726685,0.20388489961624146,0.14533014595508575,1.4628048532636202,65.32258033752441
22,16,0.10120361298322678,0.020908810198307037,0.0855220053344965,4.840237776254762,65.32258033752441
22,17,0.07370812445878983,0.37979772686958313,-0.21114017069339752,0.19407205268478614,65.32258033752441
22,18,0.0,0.03775870054960251,-0.02831902541220188,0.0,65.32258033752441
22,19,0.0,0.0,0.0,0.0,65.32258033752441
22,20,0.007070215418934822,0.00711107300594449,0.0017369106644764543,0.9942543708987703,65.32258033752441
22,21,0.0,0.006807548925280571,-0.005105661693960428,0.0,65.32258033752441
22,22,0.1610925793647766,0.2986149787902832,-0.06286865472793579,0.5394658366329714,65.32258033752441
22,23,0.7389719486236572,0.47533538937568665,0.38247040659189224,1.5546327185793605,65.32258033752441
22,24,0.08174192905426025,0.16039709746837616,-0.038555894047021866,0.5096222459378783,65.32258033752441
22,25,0.12585128843784332,0.018551642075181007,0.11193755688145757,6.7838355182276535,65.32258033752441
22,26,0.9091234803199768,0.02952878549695015,0.8869768911972642,30.787703083253696,65.32258033752441
22,27,0.27177223563194275,0.15849116444587708,0.15290386229753494,1.7147469171572345,65.32258033752441
22,28,0.0032759748864918947,0.37537866830825806,-0.27825802634470165,0.008727120540032825,65.32258033752441
22,29,0.07790229469537735,0.016918901354074478,0.06521311867982149,4.604453507970372,65.32258033752441
22,30,0.11722227931022644,0.3526233434677124,-0.14724522829055786,0.3324291527529781,65.32258033752441
22,31,0.0,0.21836943924427032,-0.16377707943320274,0.0,65.32258033752441
22,32,0.0,0.3921472132205963,-0.29411040991544724,0.0,65.32258033752441
22,33,0.03782908245921135,0.023189732804894447,0.020436782855540514,1.6312858270447956,65.32258033752441
22,34,0.0,0.006792938336730003,-0.0050947037525475025,0.0,65.32258033752441
22,35,0.0858156830072403,0.015281454659998417,0.07435459201224148,5.615675006795034,65.32258033752441
22,36,0.27528461813926697,0.21012206375598907,0.11769307032227516,1.3101176202877955,65.32258033752441
22,37,0.24945414066314697,0.1324906349182129,0.1500861644744873,1.8828058361653517,65.32258033752441
22,38,0.06823727488517761,0.044403571635484695,0.03493459615856409,1.5367519406729364,65.32258033752441
22,39,0.006544710602611303,0.06606519222259521,-0.04300418356433511,0.09906442988103281,65.32258033752441
22,40,0.2589006721973419,0.2159295678138733,0.09695349633693695,1.199005188670177,65.32258033752441
22,41,0.06416913866996765,0.04134530574083328,0.03316015936434269,1.5520296081651939,65.32258033752441
22,42,0.04687650129199028,0.19922184944152832,-0.10253988578915596,0.2352979927812248,65.32258033752441
22,43,0.005611578933894634,0.008242150768637657,-0.0005700341425836086,0.6808391511796297,65.32258033752441
22,44,0.9964397549629211,0.35778287053108215,0.7281026020646095,2.7850404170581196,65.32258033752441
22,45,0.05385931208729744,0.019984252750873566,0.038871122524142265,2.695087615034694,65.32258033752441
22,46,0.05049161985516548,0.044204194098711014,0.01733847428113222,1.1422359548343304,65.32258033752441
22,47,0.3383532464504242,0.23910698294639587,0.1590230092406273,1.4150705357060305,65.32258033752441
22,48,0.46426457166671753,0.40027785301208496,0.1640561819076538,1.1598557556256825,65.32258033752441
22,49,0.05000081658363342,0.1102653294801712,-0.03269818052649498,0.45345909560966313,65.32258033752441
22,50,0.043996915221214294,0.36673957109451294,-0.2310577630996704,0.11996773375119596,65.32258033752441
22,51,0.05364793539047241,0.04292074590921402,0.021457375958561897,1.2499301736903319,65.32258033752441
22,52,0.31259244680404663,0.059122223407030106,0.26825077924877405,5.28722413984163,65.32258033752441
22,53,0.0,0.008158499374985695,-0.006118874531239271,0.0,65.32258033752441
22,54,0.0,0.03961873799562454,-0.029714053496718407,0.0,65.32258033752441
22,55,0.24013809859752655,0.21164783835411072,0.08140221983194351,1.1346116287500834,65.32258033752441
22,56,0.0,0.0,0.0,0.0,65.32258033752441
22,57,0.02177584357559681,0.0,0.02177584357559681,21775843575.59681,65.32258033752441
22,58,0.0,0.03051416203379631,-0.022885621525347233,0.0,65.32258033752441
22,59,0.0,0.0,0.0,0.0,65.32258033752441
22,60,0.576935887336731,0.3449183404445648,0.31824713200330734,1.6726738467761568,65.32258033752441
22,61,0.029895884916186333,0.013570933602750301,0.019717684714123607,2.2029350219445964,65.32258033752441
22,62,0.09720999002456665,0.026522405445575714,0.07731818594038486,3.6652026235093,65.32258033752441
22,63,0.0,0.0,0.0,0.0,65.32258033752441
22,64,0.4207924008369446,0.18557046353816986,0.2816145531833172,2.267561296187227,65.32258033752441
22,65,0.03833668306469917,0.032370928674936295,0.014058486558496952,1.1842935817036866,65.32258033752441
22,66,0.0,0.0,0.0,0.0,65.32258033752441
22,67,0.4348694086074829,0.0318496935069561,0.41098213847726583,13.653801990240563,65.32258033752441
22,68,0.10640506446361542,0.12193869799375534,0.014951040968298912,0.8726111252081103,65.32258033752441
22,69,0.05596210062503815,0.029967624694108963,0.033486382104456425,1.867418629083798,65.32258033752441
22,70,0.005986104253679514,0.13925161957740784,-0.09845261042937636,0.04298768137708404,65.32258033752441
22,71,0.0,0.017674123868346214,-0.01325559290125966,0.0,65.32258033752441
22,72,0.03022703155875206,0.034427396953105927,0.004406483843922615,0.8779935235605166,65.32258033752441
22,73,0.020787039771676064,0.0,0.020787039771676064,20787039771.676064,65.32258033752441
22,74,0.03588677570223808,0.40376701951026917,-0.2669384889304638,0.08887990838299878,65.32258033752441
22,75,0.0,0.0,0.0,0.0,65.32258033752441
22,76,0.052424173802137375,0.03797103464603424,0.023945897817611694,1.3806359054857098,65.32258033752441
22,77,0.0,0.0008292398997582495,-0.0006219299248186871,0.0,65.32258033752441
22,78,0.0,0.0,0.0,0.0,65.32258033752441
22,79,0.03667990863323212,0.14184343814849854,-0.06970266997814178,0.2585943284494602,65.32258033752441
22,80,0.017116164788603783,0.02946465089917183,-0.004982323385775089,0.5809050596456912,65.32258033752441
22,81,0.17748679220676422,0.5765581130981445,-0.2549317926168442,0.30783851302122556,65.32258033752441
22,82,0.01847449317574501,0.008623717352747917,0.012006705161184072,2.142288808632612,65.32258033752441
22,83,0.0,0.0,0.0,0.0,65.32258033752441
22,84,0.04428986459970474,0.019716432318091393,0.029502540361136198,2.24634274005135,65.32258033752441
22,85,0.04782431200146675,0.059833887964487076,0.0029488960281014442,0.7992847135230858,65.32258033752441
22,86,0.21589191257953644,0.18141667544841766,0.07982940599322319,1.1900334522430993,65.32258033752441
22,87,0.0,0.0001484854001319036,-0.00011136405009892769,0.0,65.32258033752441
22,88,0.13052456080913544,0.07714515179395676,0.07266569696366787,1.6919347200982275,65.32258033752441
22,89,0.002824571216478944,0.07253728806972504,-0.051578394835814834,0.038939575652799985,65.32258033752441
22,90,0.0,0.0,0.0,0.0,65.32258033752441
22,91,0.3956804573535919,0.4619907736778259,0.04918737709522247,0.8564683104010803,65.32258033752441
22,92,0.6767297983169556,0.12219482660293579,0.5850836783647537,5.538121515654728,65.32258033752441
22,93,0.05470024794340134,0.0,0.05470024794340134,54700247943.40134,65.32258033752441
22,94,2.974800509036868e-06,0.027171451598405838,-0.02037561389829534,0.00010948257578928608,65.32258033752441
22,95,0.0,0.0,0.0,0.0,65.32258033752441
22,96,0.0005463073612190783,0.065899558365345,-0.04887836141278967,0.008290000339335782,65.32258033752441
22,97,0.0,0.002964220242574811,-0.0022231651819311082,0.0,65.32258033752441
22,98,0.2623029947280884,0.026218347251415253,0.24263923428952694,10.00455872381219,65.32258033752441
22,99,0.03820069879293442,0.12167556583881378,-0.05305597558617592,0.31395538232569836,65.32258033752441
22,100,0.0,0.021880852058529854,-0.01641063904389739,0.0,65.32258033752441
22,101,0.007980676367878914,0.023475971072912216,-0.009626301936805248,0.3399508519904201,65.32258033752441
22,102,0.016429314389824867,0.012721868231892586,0.006887913215905428,1.2914230904661175,65.32258033752441
22,103,0.0,0.06687881797552109,-0.050159113481640816,0.0,65.32258033752441
22,104,0.02021874114871025,0.09378080815076828,-0.05011686496436596,0.21559572312481737,65.32258033752441
22,105,5.981096546747722e-05,0.041238341480493546,-0.030868945144902682,0.0014503727191433845,65.32258033752441
22,106,0.12956374883651733,0.06614071130752563,0.07995821535587311,1.958910726438111,65.32258033752441
22,107,0.0730411633849144,0.04671787843108177,0.03800275456160307,1.5634520623855233,65.32258033752441
22,108,0.09807142615318298,0.19785910844802856,-0.05032290518283844,0.49566293370035897,65.32258033752441
22,109,1.8298285007476807,0.8085897564888,1.2233861833810806,2.2629874866226594,65.32258033752441
22,110,0.0592510960996151,0.3155946433544159,-0.17744488641619682,0.18774430221519253,65.32258033752441
22,111,0.2547623813152313,0.13096407055854797,0.15653932839632034,1.945284536642388,65.32258033752441
22,112,0.08692043274641037,0.03383254632353783,0.061546023003757,2.5691365915124558,65.32258033752441
22,113,0.10732865333557129,0.061522286385297775,0.06118693854659796,1.7445491648612639,65.32258033752441
22,114,0.09930256754159927,0.039941564202308655,0.06934639438986778,2.4861962600196144,65.32258033752441
22,115,5.2878713177051395e-05,0.08256202191114426,-0.06186863772018114,0.00064047260413899,65.32258033752441
22,116,0.31692254543304443,0.13503016531467438,0.21564992144703865,2.347049969850373,65.32258033752441
22,117,0.0,0.0,0.0,0.0,65.32258033752441
22,118,0.0005379422218538821,0.0002866328868549317,0.0003229675567126833,1.8767637792008744,65.32258033752441
22,119,0.04868362471461296,0.04761221259832382,0.012974465265870094,1.0225028843819024,65.32258033752441
22,120,0.003847315674647689,0.15884846448898315,-0.11528903269208968,0.024220036920094352,65.32258033752441
22,121,0.4238393306732178,0.09715094417333603,0.35097612254321575,4.362688744564787,65.32258033752441
22,122,2.6982481479644775,1.4103083610534668,1.6405168771743774,1.913232752833598,65.32258033752441
22,123,0.0,0.0,0.0,0.0,65.32258033752441
22,124,0.11118656396865845,0.07112197577953339,0.05784508213400841,1.5633222045427346,65.32258033752441
22,125,0.06331174820661545,0.032302066683769226,0.03908519819378853,1.959990635412428,65.32258033752441
22,126,0.06074187904596329,0.04393331706523895,0.027791891247034073,1.382592599470279,65.32258033752441
22,127,0.0,0.0,0.0,0.0,65.32258033752441
22,128,0.5904065370559692,0.586870014667511,0.150254026055336,1.0060260744271554,65.32258033752441
22,129,0.018521346151828766,0.11397263407707214,-0.06695812940597534,0.16250695881207325,65.32258033752441
22,130,0.02925204299390316,0.30710774660110474,-0.2010787669569254,0.09525009810906114,65.32258033752441
22,131,0.013072244822978973,0.00647161528468132,0.008218533359467983,2.0199354018929063,65.32258033752441
22,132,0.0971635952591896,0.09777937084436417,0.02382906712591648,0.9937023977465717,65.32258033752441
22,133,0.026198765262961388,0.028368966653943062,0.004922040272504091,0.9235008656332735,65.32258033752441
22,134,0.027960743755102158,0.007454065140336752,0.022370194899849594,3.751073169463596,65.32258033752441
22,135,0.0,0.009413923136889935,-0.007060442352667451,0.0,65.32258033752441
22,136,0.014156902208924294,0.00731200585141778,0.008672897820360959,1.936117461427248,65.32258033752441
22,137,2.333261728286743,1.2260133028030396,1.4137517511844635,1.9031292098954338,65.32258033752441
22,138,0.10902003198862076,0.06520620733499527,0.060115376487374306,1.671927205133418,65.32258033752441
22,139,0.0,0.01447373442351818,-0.010855300817638636,0.0,65.32258033752441
22,140,0.16638703644275665,0.1333361566066742,0.06638491898775101,1.2478763500910766,65.32258033752441
22,141,0.0,0.02553539164364338,-0.019151543732732534,0.0,65.32258033752441
22,142,0.0,0.0,0.0,0.0,65.32258033752441
22,143,0.4533238410949707,0.15584374964237213,0.3364410288631916,2.9088355621084743,65.32258033752441
22,144,2.433690071105957,1.0345267057418823,1.6577950417995453,2.352467130713992,65.32258033752441
22,145,0.156077578663826,0.1371678113937378,0.053201720118522644,1.1378586351769526,65.32258033752441
22,146,0.1606917381286621,0.033373989164829254,0.13566124625504017,4.814879555758655,65.32258033752441
22,147,0.007052101194858551,0.0,0.007052101194858551,7052101194.858551,65.32258033752441
22,148,0.0,0.3424914479255676,-0.2568685859441757,0.0,65.32258033752441
22,149,0.0008384729735553265,0.00590658001601696,-0.0035914620384573936,0.14195574615761933,65.32258033752441
22,150,0.0,0.0,0.0,0.0,65.32258033752441
22,151,0.03799530118703842,0.060253869742155075,-0.007195101119577885,0.6305869041938961,65.32258033752441
22,152,0.0,0.07563943415880203,-0.056729575619101524,0.0,65.32258033752441
22,153,0.01486173365265131,0.009323623031377792,0.007869016379117966,1.5939869727724438,65.32258033752441
22,154,0.04025835916399956,0.06829775124788284,-0.010964954271912575,0.5894536559087378,65.32258033752441
22,155,0.35978567600250244,0.2559511065483093,0.16782234609127045,1.4056812680088542,65.32258033752441
22,156,0.3154333233833313,0.108552947640419,0.23401861265301704,2.905801548800835,65.32258033752441
22,157,0.014104748144745827,0.009959974326193333,0.006634767400100827,1.4161430221999847,65.32258033752441
22,158,0.10457815229892731,0.09509390592575073,0.03325772285461426,1.0997355853642412,65.32258033752441
22,159,0.11332932114601135,0.07947646826505661,0.053721969947218895,1.4259481280248691,65.32258033752441
22,160,0.38817888498306274,0.33730340003967285,0.1352013349533081,1.1508300388797006,65.32258033752441
22,161,0.3675355017185211,0.14754018187522888,0.25688036531209946,2.491087492537089,65.32258033752441
22,162,0.14748987555503845,0.02005218155682087,0.1324507393874228,7.355303218741983,65.32258033752441
22,163,0.6026592254638672,0.4409908354282379,0.27191609889268875,1.366602607233934,65.32258033752441
22,164,0.7368221282958984,0.34664762020111084,0.4768364131450653,2.1255652292270137,65.32258033752441
22,165,0.07431997358798981,0.04788054898381233,0.03840956185013056,1.5521955191358403,65.32258033752441
22,166,0.0,0.006683999206870794,-0.005012999405153096,0.0,65.32258033752441
22,167,0.0,0.0,0.0,0.0,65.32258033752441
22,168,1.6049398183822632,0.9213657379150391,0.9139155149459839,1.741913935298206,65.32258033752441
22,169,0.0,0.006395753938704729,-0.004796815454028547,0.0,65.32258033752441
22,170,0.011764416471123695,0.0,0.011764416471123695,11764416471.123695,65.32258033752441
22,171,0.006673245225101709,0.013517878949642181,-0.0034651639871299267,0.49366067335472696,65.32258033752441
22,172,0.32837021350860596,0.10396403819322586,0.25039718486368656,3.158498065409348,65.32258033752441
22,173,0.004871902987360954,0.0030928240157663822,0.0025522849755361676,1.575227999055258,65.32258033752441
22,174,0.0,0.0,0.0,0.0,65.32258033752441
22,175,1.0743242455646396e-05,0.2678459882736206,-0.2008737479627598,4.0109775490202326e-05,65.32258033752441
22,176,0.0,0.1070796549320221,-0.08030974119901657,0.0,65.32258033752441
22,177,0.0,0.0,0.0,0.0,65.32258033752441
22,178,0.0,0.0,0.0,0.0,65.32258033752441
22,179,0.24550417065620422,0.02482922561466694,0.22688225144520402,9.88770952652241,65.32258033752441
22,180,0.06642235815525055,0.03661787137389183,0.038958954624831676,1.8139328055206148,65.32258033752441
22,181,0.0,0.0,0.0,0.0,65.32258033752441
22,182,0.0,0.0,0.0,0.0,65.32258033752441
22,183,0.0,0.011005767621099949,-0.008254325715824962,0.0,65.32258033752441
22,184,0.5166603326797485,0.0018917601555585861,0.5152415125630796,273.11090726196295,65.32258033752441
22,185,0.013330258429050446,0.07506947964429855,-0.04297185130417347,0.17757227693645392,65.32258033752441
22,186,0.22511878609657288,0.049898598343133926,0.18769483733922243,4.511525244537011,65.32258033752441
22,187,0.0,0.017305994406342506,-0.01297949580475688,0.0,65.32258033752441
22,188,0.2645412087440491,0.062485698610544205,0.21767693478614092,4.233628088062622,65.32258033752441
22,189,0.0,0.0,0.0,0.0,65.32258033752441
22,190,0.0,0.06973536312580109,-0.052301522344350815,0.0,65.32258033752441
22,191,0.0,0.008090236224234104,-0.006067677168175578,0.0,65.32258033752441
22,192,0.014891588129103184,0.052104346454143524,-0.02418667171150446,0.285803184230001,65.32258033752441
22,193,0.12528516352176666,0.041778095066547394,0.09395159222185612,2.998824224015095,65.32258033752441
22,194,0.05043143033981323,0.03690890222787857,0.022749753668904305,1.3663757872580198,65.32258033752441
22,195,0.019762210547924042,0.016614504158496857,0.007301332429051399,1.1894553312099871,65.32258033752441
22,196,0.014161265455186367,0.1085786297917366,-0.06727270688861609,0.1304240574984092,65.32258033752441
22,197,0.029017481952905655,0.024447830393910408,0.010681609157472849,1.1869144003447671,65.32258033752441
22,198,0.0,0.013114038854837418,-0.009835529141128063,0.0,65.32258033752441
22,199,0.13651669025421143,0.02868903987109661,0.11499991035088897,4.758496306005333,65.32258033752441
22,200,1.0099717378616333,0.7405733466148376,0.45454172790050507,1.3637700336865384,65.32258033752441
22,201,0.19386808574199677,0.06937625259160995,0.1418358962982893,2.794444474832413,65.32258033752441
22,202,0.00453344639390707,0.07572313398122787,-0.052258904092013836,0.059868710597359376,65.32258033752441
22,203,0.10905160754919052,0.06014451012015343,0.06394322495907545,1.8131597934627783,65.32258033752441
22,204,2.1627492904663086,1.276451587677002,1.2054105997085571,1.6943449413546299,65.32258033752441
22,205,0.013820689171552658,0.00970217864960432,0.006544055184349418,1.4244933709494008,65.32258033752441
22,206,0.0,0.024915996938943863,-0.018686997704207897,0.0,65.32258033752441
22,207,0.0,0.0,0.0,0.0,65.32258033752441
22,208,0.30833473801612854,0.12790226936340332,0.21240803599357605,2.4107057642398773,65.32258033752441
22,209,0.12065393477678299,0.1236368790268898,0.02792627550661564,0.9758733456023754,65.32258033752441
22,210,2.0166704654693604,1.0303001403808594,1.2439453601837158,1.9573621185006567,65.32258033752441
22,211,0.0,0.028868047520518303,-0.021651035640388727,0.0,65.32258033752441
22,212,0.011641733348369598,0.04547178000211716,-0.02246210165321827,0.25602106070119846,65.32258033752441
22,213,0.013240735977888107,0.008004053495824337,0.0072376958560198545,1.6542538081662572,65.32258033752441
22,214,0.1981375813484192,0.14350207149982452,0.0905110277235508,1.380729764220029,65.32258033752441
22,215,0.0,0.005672034807503223,-0.0042540261056274176,0.0,65.32258033752441
22,216,0.7103604674339294,1.152929425239563,-0.1543366014957428,0.6161352567488769,65.32258033752441
22,217,0.0,0.0,0.0,0.0,65.32258033752441
22,218,0.28672176599502563,0.24221809208393097,0.10505819693207741,1.1837338967003752,65.32258033752441
22,219,0.09402232617139816,0.03145756945014,0.07042914908379316,2.9888617528901573,65.32258033752441
22,220,0.18227466940879822,0.13859611749649048,0.07832758128643036,1.3151498952494005,65.32258033752441
22,221,0.0,0.15867631137371063,-0.11900723353028297,0.0,65.32258033752441
22,222,0.002980633405968547,0.008783821947872639,-0.003607233054935932,0.33933217491403006,65.32258033752441
22,223,0.04196014627814293,0.017458075657486916,0.028866589535027742,2.4034806068528405,65.32258033752441
22,224,4.290631113690324e-05,0.7892892360687256,-0.5919240207404073,5.4360694630216534e-05,65.32258033752441
22,225,0.012682272121310234,0.0,0.012682272121310234,12682272121.310234,65.32258033752441
22,226,0.16877901554107666,0.2598891258239746,-0.026137828826904297,0.6494270008616786,65.32258033752441
22,227,0.3120307922363281,0.0,0.3120307922363281,312030792236.3281,65.32258033752441
22,228,0.01044874731451273,0.2068624049425125,-0.14469805639237165,0.05051061509879452,65.32258033752441
22,229,0.19690170884132385,0.1339559406042099,0.09643475338816643,1.4698990425637444,65.32258033752441
22,230,1.0652645826339722,0.03618370369076729,1.0381268048658967,29.44045174890007,65.32258033752441
22,231,0.0,0.007863728329539299,-0.005897796247154474,0.0,65.32258033752441
22,232,0.1176830604672432,0.10400421917438507,0.03967989608645439,1.1315219843994129,65.32258033752441
22,233,0.039548471570014954,0.020972222089767456,0.02381930500268936,1.8857549476087836,65.32258033752441
22,234,0.02401135116815567,0.028448862954974174,0.0026747039519250393,0.844017956194392,65.32258033752441
22,235,0.038707900792360306,0.34482645988464355,-0.21991194412112236,0.11225327895428093,65.32258033752441
22,236,0.12469043582677841,0.02679556980729103,0.10459375847131014,4.653397435429679,65.32258033752441
22,237,0.006317086052149534,0.0,0.006317086052149534,6317086052.149534,65.32258033752441
22,238,0.17652690410614014,0.11711856722831726,0.08868797868490219,1.5072495188615294,65.32258033752441
22,239,0.02853601984679699,0.3028324842453003,-0.19858834333717823,0.09423037927327513,65.32258033752441
22,240,0.0,0.0071307080797851086,-0.005348031059838831,0.0,65.32258033752441
22,241,0.024040130898356438,0.24295400083065033,-0.1581753697246313,0.09894931063520342,65.32258033752441
22,242,0.2613312005996704,0.11896693706512451,0.17210599780082703,2.196670831782587,65.32258033752441
22,243,0.17081589996814728,0.2036861926317215,0.018051255494356155,0.8386228725682718,65.32258033752441
22,244,0.0,0.06185948848724365,-0.04639461636543274,0.0,65.32258033752441
22,245,0.0,0.0,0.0,0.0,65.32258033752441
22,246,0.05369335785508156,0.021372830495238304,0.03766373498365283,2.5122249420605187,65.32258033752441
22,247,0.11015408486127853,0.5830704569816589,-0.32714875787496567,0.1889207102539833,65.32258033752441
22,248,0.06973443180322647,0.17779263854026794,-0.06361004710197449,0.39222339223589514,65.32258033752441
22,249,0.019947247579693794,0.05080857872962952,-0.018159186467528343,0.3925960551946864,65.32258033752441
22,250,0.0,0.0,0.0,0.0,65.32258033752441
22,251,0.2832561433315277,0.04354006424546242,0.2506010951474309,6.5056436694289435,65.32258033752441
22,252,0.09271738678216934,0.057603396475315094,0.04951483942568302,1.6095819422782152,65.32258033752441
22,253,0.1308993697166443,0.08621345460414886,0.06623927876353264,1.5183171851325705,65.32258033752441
22,254,0.057801682502031326,0.05776071920990944,0.014481143094599247,1.0007091894228726,65.32258033752441
22,255,0.0,0.0,0.0,0.0,65.32258033752441
23,0,0.04439694806933403,0.015991441905498505,0.03240336664021015,2.7762942409397287,65.34228038787842
23,1,0.01191829051822424,0.0564940944314003,-0.030452280305325985,0.21096524580078768,65.34228038787842
23,2,0.3130406439304352,0.29902708530426025,0.08877032995223999,1.0468638438249473,65.34228038787842
23,3,0.0,0.04317548871040344,-0.03238161653280258,0.0,65.34228038787842
23,4,0.0,0.039915863424539566,-0.029936897568404675,0.0,65.34228038787842
23,5,0.002681514946743846,0.01288506481796503,-0.006982283666729927,0.20811031876200012,65.34228038787842
23,6,0.0072608040645718575,0.0038115722127258778,0.004402124905027449,1.9049367708225304,65.34228038787842
23,7,0.0,0.011587540619075298,-0.008690655464306474,0.0,65.34228038787842
23,8,0.09094294160604477,0.5286524295806885,-0.3055463805794716,0.1720278514145977,65.34228038787842
23,9,0.0,0.37631016969680786,-0.2822326272726059,0.0,65.34228038787842
23,10,0.0,0.03920181468129158,-0.029401361010968685,0.0,65.34228038787842
23,11,0.3265498876571655,0.09648582339286804,0.2541855201125145,3.384433859512658,65.34228038787842
23,12,0.0,0.0,0.0,0.0,65.34228038787842
23,13,0.21252886950969696,0.3496079742908478,-0.04967711120843887,0.6079062410981533,65.34228038787842
23,14,0.0,0.12081190943717957,-0.09060893207788467,0.0,65.34228038787842
23,15,0.0,0.008659089915454388,-0.006494317436590791,0.0,65.34228038787842
23,16,0.06821582466363907,0.0011032760376110673,0.06738836763543077,61.83024218446466,65.34228038787842
23,17,0.0129889827221632,0.007194086443632841,0.0075934178894385695,1.8055082910288978,65.34228038787842
23,18,0.11035239696502686,0.041879404336214066,0.0789428437128663,2.635003976572027,65.34228038787842
23,19,0.0653933435678482,0.061923541128635406,0.01895068772137165,1.0560336565854471,65.34228038787842
23,20,0.11471384763717651,0.5619918704032898,-0.30678005516529083,0.20412011930822566,65.34228038787842
23,21,0.514961838722229,0.25981947779655457,0.3200972303748131,1.9819985902807318,65.34228038787842
23,22,0.032270703464746475,0.037914376705884933,0.003834920935332775,0.8511468806207854,65.34228038787842
23,23,0.3669649362564087,0.04553522169589996,0.3328135199844837,8.05892499434985,65.34228038787842
23,24,0.965787947177887,0.1940588653087616,0.8202437981963158,4.976778286507407,65.34228038787842
23,25,0.23506145179271698,0.18635311722755432,0.09529661387205124,1.2613765483966866,65.34228038787842
23,26,0.003882760414853692,0.04470474272966385,-0.029645796632394195,0.08685343383467078,65.34228038787842
23,27,0.03294973820447922,0.03117329254746437,0.00956976879388094,1.0569861413661406,65.34228038787842
23,28,4.110464572906494,2.027817726135254,2.5896012783050537,2.027038485721523,65.34228038787842
23,29,0.018900340422987938,0.01856331340968609,0.0049778553657233715,1.018155541785328,65.34228038787842
23,30,0.01898973062634468,0.010913918726146221,0.010804291581735015,1.7399552902214188,65.34228038787842
23,31,0.0,0.0523802787065506,-0.03928520902991295,0.0,65.34228038787842
23,32,0.0,0.031609803438186646,-0.023707352578639984,0.0,65.34228038787842
23,33,0.01657365821301937,0.07755713164806366,-0.041594190523028374,0.21369612130594393,65.34228038787842
23,34,0.03711238130927086,0.05339072272181511,-0.002930660732090473,0.6951091765875622,65.34228038787842
23,35,0.11535561084747314,0.06691873073577881,0.06516656279563904,1.7238164797419449,65.34228038787842
23,36,0.004209555685520172,0.07575824111700058,-0.05260912515223026,0.0555656470292571,65.34228038787842
23,37,0.4687625765800476,0.32030296325683594,0.22853535413742065,1.4634974706827966,65.34228038787842
23,38,0.002916487166658044,0.013904811814427376,-0.007512121694162488,0.20974661184714516,65.34228038787842
23,39,0.01617320626974106,0.011060847900807858,0.007877570344135165,1.4622031161912643,65.34228038787842
23,40,0.05236680060625076,0.3076258599758148,-0.17835259437561035,0.17022886375741478,65.34228038787842
23,41,0.4744536578655243,0.22292017936706543,0.3072635233402252,2.1283567024327112,65.34228038787842
23,42,0.0,0.0,0.0,0.0,65.34228038787842
23,43,0.022047506645321846,0.16280169785022736,-0.10005376674234867,0.1354255326346133,65.34228038787842
23,44,0.2309630811214447,0.2825942635536194,0.019017383456230164,0.8172957165381545,65.34228038787842
23,45,0.07739365845918655,0.3785398006439209,-0.20651119202375412,0.20445316008337946,65.34228038787842
23,46,0.09577517211437225,0.06314369291067123,0.04841740243136883,1.5167812919708017,65.34228038787842
23,47,0.025056537240743637,0.14747926592826843,-0.08555291220545769,0.16989871140775029,65.34228038787842
23,48,0.10269831866025925,0.10108134895563126,0.026887306943535805,1.0159967167070727,65.34228038787842
23,49,0.0058998847380280495,0.0,0.0058998847380280495,5899884738.028049,65.34228038787842
23,50,0.0,0.0,0.0,0.0,65.34228038787842
23,51,0.11825483292341232,0.06904564797878265,0.06647059693932533,1.7127050926951786,65.34228038787842
23,52,0.0,0.0,0.0,0.0,65.34228038787842
23,53,0.456895112991333,0.20578862726688385,0.3025536425411701,2.22021556320784,65.34228038787842
23,54,2.076016664505005,0.9848093390464783,1.3374096602201462,2.1080391728544714,65.34228038787842
23,55,0.030929312109947205,0.018377482891082764,0.017146199941635132,1.6830004572210442,65.34228038787842
23,56,0.09502303600311279,0.02008269540965557,0.07996101444587111,4.731587770469049,65.34228038787842
23,57,0.6735427975654602,0.012074349448084831,0.6644870354793966,55.78294718118424,65.34228038787842
23,58,0.20722970366477966,0.13956639170646667,0.10255490988492966,1.4848109285445763,65.34228038787842
23,59,0.09575634449720383,0.02818414382636547,0.07461823662742972,3.397525398810552,65.34228038787842
23,60,0.0016771676018834114,0.4666411280632019,-0.348303678445518,0.003594127266151863,65.34228038787842
23,61,0.15464383363723755,0.09160791337490082,0.08593789860606194,1.6881056225205922,65.34228038787842
23,62,0.03526663780212402,0.035277023911476135,0.008808869868516922,0.9997055842812058,65.34228038787842
23,63,0.19703085720539093,0.08421608805656433,0.13386879116296768,2.33958690969728,65.34228038787842
23,64,0.03406043350696564,0.17015677690505981,-0.09355714917182922,0.20017089020068668,65.34228038787842
23,65,0.0,0.0556827075779438,-0.04176203068345785,0.0,65.34228038787842
23,66,0.24911947548389435,0.19533604383468628,0.10261744260787964,1.2753379795766207,65.34228038787842
23,67,0.12623368203639984,0.21144290268421173,-0.03234849497675896,0.5970107316599405,65.34228038787842
23,68,0.0,0.03059295564889908,-0.02294471673667431,0.0,65.34228038787842
23,69,0.0,0.0,0.0,0.0,65.34228038787842
23,70,0.2414557933807373,0.23763222992420197,0.06323162093758583,1.0160902561775347,65.34228038787842
23,71,0.10050158202648163,0.09499289095401764,0.0292569138109684,1.0579905613576128,65.34228038787842
23,72,0.010908347554504871,0.024343153461813927,-0.007349017541855574,0.4481074143154143,65.34228038787842
23,73,0.0,0.0,0.0,0.0,65.34228038787842
23,74,0.038319241255521774,0.2504299283027649,-0.1495032049715519,0.15301382512493295,65.34228038787842
23,75,0.011741888709366322,0.062359824776649475,-0.035027979873120785,0.18829252248917092,65.34228038787842
23,76,0.5502762198448181,0.28748899698257446,0.33465947210788727,1.9140774972902976,65.34228038787842
23,77,0.008693553507328033,0.10858599096536636,-0.07274593971669674,0.08006146492709904,65.34228038787842
23,78,0.22207961976528168,0.0839461088180542,0.15912003815174103,2.6455022500682452,65.34228038787842
23,79,0.07660176604986191,0.0790928527712822,0.01728212647140026,0.9685042752270875,65.34228038787842
23,80,0.05425429344177246,0.3525174558162689,-0.21013379842042923,0.15390526780011637,65.34228038787842
23,81,0.06367796659469604,0.033457785844802856,0.0385846272110939,1.903233133482567,65.34228038787842
23,82,0.010280878283083439,0.0,0.010280878283083439,10280878283.083439,65.34228038787842
23,83,0.06796324253082275,0.13784052431583405,-0.03541715070605278,0.49305705174630277,65.34228038787842
23,84,0.04982984438538551,0.05794847756624222,0.00636848621070385,0.8598991117163344,65.34228038787842
23,85,0.06032387539744377,0.03841942176222801,0.03150930907577276,1.5701401173919007,65.34228038787842
23,86,0.0,0.12064047157764435,-0.09048035368323326,0.0,65.34228038787842
23,87,0.03373609110713005,0.014048934914171696,0.02319938992150128,2.401327311346417,65.34228038787842
23,88,0.0,0.03369096294045448,-0.025268222205340862,0.0,65.34228038787842
23,89,0.5499603152275085,0.782909095287323,-0.037221506237983704,0.702457435399922,65.34228038787842
23,90,0.09416703134775162,0.07507864385843277,0.03785804845392704,1.2542452354901001,65.34228038787842
23,91,0.5639952421188354,0.28306281566619873,0.3516981303691864,1.992473793456267,65.34228038787842
23,92,0.006025779992341995,0.05195203796029091,-0.032938248477876186,0.11598736505450971,65.34228038787842
23,93,0.41953903436660767,0.14209115505218506,0.31297066807746887,2.9526048557320346,65.34228038787842
23,94,0.2162306308746338,0.12978273630142212,0.1188935786485672,1.6660970251911562,65.34228038787842
23,95,0.04210371896624565,0.05252166464924812,0.002712470479309559,0.8016447926131516,65.34228038787842
23,96,0.22448909282684326,0.11033982038497925,0.14173422753810883,2.034524725901845,65.34228038787842
23,97,0.0,0.0,0.0,0.0,65.34228038787842
23,98,0.1433456391096115,0.08770019561052322,0.0775704924017191,1.634496230140413,65.34228038787842
23,99,0.25789675116539,0.1539849042892456,0.1424080729484558,1.674818400895203,65.34228038787842
23,100,0.0681799128651619,0.04625554382801056,0.033488254994153976,1.473983596802959,65.34228038787842
23,101,0.0002478255773894489,0.0005100021371617913,-0.0001346760254818946,0.48593046743429447,65.34228038787842
23,102,0.0026091665495187044,0.0018788828747346997,0.0012000043934676796,1.3886797219855664,65.34228038787842
23,103,0.05368610844016075,0.07172126322984695,-0.00010483898222446442,0.7485382440541095,65.34228038787842
23,104,0.23717720806598663,0.1170848160982132,0.14936359599232674,2.025687155412293,65.34228038787842
23,105,0.00081383012002334,0.0014738282188773155,-0.00029154104413464665,0.5521879070079719,65.34228038787842
23,106,0.0056950366124510765,0.07365746051073074,-0.04954805877059698,0.0773178517543933,65.34228038787842
23,107,0.07531064748764038,0.07508169114589691,0.018999379128217697,1.0030494297244252,65.34228038787842
23,108,0.013857006095349789,0.007195190526545048,0.008460613200441003,1.9258706273727693,65.34228038787842
23,109,0.0,0.0,0.0,0.0,65.34228038787842
23,110,0.16884128749370575,0.10321289300918579,0.0914316177368164,1.6358546163127436,65.34228038787842
23,111,0.0,0.005480539985001087,-0.004110404988750815,0.0,65.34228038787842
23,112,0.01461603119969368,0.007392575033009052,0.00907159992493689,1.977123144838381,65.34228038787842
23,113,0.00717747351154685,0.045246049761772156,-0.026757063809782267,0.15863204742024528,65.34228038787842
23,114,0.04283824563026428,0.016675587743520737,0.03033155482262373,2.56891968586475,65.34228038787842
23,115,0.03815203905105591,0.01870286837220192,0.02412488777190447,2.039903093459258,65.34228038787842
23,116,0.0,0.0838538408279419,-0.06289038062095642,0.0,65.34228038787842
23,117,0.04781913012266159,0.01649927720427513,0.03544467221945524,2.898256058597095,65.34228038787842
23,118,0.12638132274150848,0.19370809197425842,-0.018899746239185333,0.6524318186854614,65.34228038787842
23,119,0.2741302251815796,0.15849782526493073,0.15525685623288155,1.729551965281786,65.34228038787842
23,120,0.35871484875679016,0.04743058234453201,0.32314191199839115,7.562944223276679,65.34228038787842
23,121,0.0929642841219902,0.08979357779026031,0.025619100779294968,1.0353110590837655,65.34228038787842
23,122,0.06905325502157211,0.03660142421722412,0.04160218685865402,1.8866275424110406,65.34228038787842
23,123,0.13528068363666534,0.2389121800661087,-0.043903451412916183,0.5662360269730324,65.34228038787842
23,124,0.3551512658596039,1.0011732578277588,-0.3957286775112152,0.3547350701614017,65.34228038787842
23,125,0.08311722427606583,0.02984008565545082,0.06073716003447771,2.7854217723432564,65.34228038787842
23,126,0.0,0.010930544696748257,-0.008197908522561193,0.0,65.34228038787842
23,127,0.2022789567708969,0.1672688126564026,0.07682734727859497,1.2093046728633243,65.34228038787842
23,128,0.0,0.05738816037774086,-0.043041120283305645,0.0,65.34228038787842
23,129,0.10749661177396774,0.11081132292747498,0.02438811957836151,0.9700868912408277,65.34228038787842
23,130,0.05889054387807846,0.10909216105937958,-0.022928576916456223,0.539823790322424,65.34228038787842
23,131,0.0,0.0,0.0,0.0,65.34228038787842
23,132,0.14734633266925812,0.12304171919822693,0.05506504327058792,1.1975314846721021,65.34228038787842
23,133,0.29168400168418884,0.14363598823547363,0.18395701050758362,2.0307167114969675,65.34228038787842
23,134,0.16507567465305328,0.03595418110489845,0.13811003882437944,4.591278943799163,65.34228038787842
23,135,0.0076447464525699615,0.00674139941111207,0.002588696894235909,1.1339999286846696,65.34228038787842
23,136,0.005048949737101793,0.028428731486201286,-0.01627259887754917,0.17760024710827665,65.34228038787842
23,137,0.031076742336153984,0.1385740339756012,-0.07285378314554691,0.2242609343493704,65.34228038787842
23,138,1.7168821096420288,0.9628313779830933,0.9947585761547089,1.783159698468399,65.34228038787842
23,139,0.07002764195203781,0.02553236298263073,0.050878369715064764,2.7427011748553722,65.34228038787842
23,140,0.03817622736096382,0.027296656742691994,0.017703734803944826,1.3985678802876107,65.34228038787842
23,141,0.09301409125328064,0.043915439397096634,0.060077511705458164,2.1180271113787836,65.34228038787842
23,142,0.055520035326480865,0.08275779336690903,-0.006548309698700905,0.6708738001224892,65.34228038787842
23,143,0.07504560053348541,0.1282508820295334,-0.021142560988664627,0.5851468570455437,65.34228038787842
23,144,0.0,0.01622370444238186,-0.012167778331786394,0.0,65.34228038787842
23,145,0.20398831367492676,0.13555876910686493,0.10231923684477806,1.5047961486918786,65.34228038787842
23,146,0.09199762344360352,0.04408043622970581,0.05893729627132416,2.0870397688922884,65.34228038787842
23,147,0.0,0.0,0.0,0.0,65.34228038787842
23,148,0.02690763585269451,0.09027121216058731,-0.04079577326774597,0.29807549060634403,65.34228038787842
23,149,0.08854435384273529,0.019562967121601105,0.07387212850153446,4.526120873578526,65.34228038787842
23,150,0.0,0.002666468033567071,-0.0019998510251753032,0.0,65.34228038787842
23,151,0.0,0.0,0.0,0.0,65.34228038787842
23,152,0.049982234835624695,0.0020937335211783648,0.04841193469474092,23.872300035403796,65.34228038787842
23,153,0.030482016503810883,0.0032675215043127537,0.028031375375576317,9.328788335210442,65.34228038787842
23,154,0.037367165088653564,0.02935187518596649,0.015353258699178696,1.273075905734507,65.34228038787842
23,155,0.0,0.0,0.0,0.0,65.34228038787842
23,156,0.02172514982521534,0.0342043898999691,-0.003928142599761486,0.6351567704647119,65.34228038787842
23,157,0.0,0.014119611121714115,-0.010589708341285586,0.0,65.34228038787842
23,158,0.2561386525630951,0.02933451347053051,0.2341377674601972,8.731648227664682,65.34228038787842
23,159,0.05208606645464897,0.19527968764305115,-0.09437369927763939,0.26672546993002977,65.34228038787842
23,160,0.5030301809310913,0.06340746581554413,0.4554745815694332,7.9332957791831795,65.34228038787842
23,161,0.0971032902598381,0.07087884843349457,0.04394415393471718,1.3699896711722097,65.34228038787842
23,162,0.0,0.041601888835430145,-0.03120141662657261,0.0,65.34228038787842
23,163,0.0,0.0,0.0,0.0,65.34228038787842
23,164,0.012382891960442066,0.005111292004585266,0.008549422957003117,2.4226539878588227,65.34228038787842
23,165,0.0,0.010753360576927662,-0.008065020432695746,0.0,65.34228038787842
23,166,0.13375233113765717,0.06317545473575592,0.08637074008584023,2.117156602908299,65.34228038787842
23,167,0.10335198789834976,0.245469868183136,-0.08075041323900223,0.42103737074898995,65.34228038787842
23,168,0.14465782046318054,0.07781799882650375,0.08629432134330273,1.8589249613555099,65.34228038787842
23,169,0.1366414725780487,0.08603011071681976,0.07211888954043388,1.5882982299794437,65.34228038787842
23,170,0.138281911611557,0.026529261842370033,0.11838496522977948,5.212429672109978,65.34228038787842
23,171,0.012879797257483006,0.012856750749051571,0.0032372341956943274,1.001792560801674,65.34228038787842
23,172,0.04113471880555153,0.0890173465013504,-0.025628291070461273,0.46209778680007507,65.34228038787842
23,173,0.055828727781772614,0.07352468371391296,0.0006852149963378906,0.7593195231991036,65.34228038787842
23,174,0.09627494215965271,0.14091378450393677,-0.009410396218299866,0.6832187674036944,65.34228038787842
23,175,0.1727837175130844,0.04930022731423378,0.13580854702740908,3.504724560563927,65.34228038787842
23,176,1.433255672454834,0.09772851318120956,1.3599592875689268,14.665685845262024,65.34228038787842
23,177,0.0,0.008435788564383984,-0.006326841423287988,0.0,65.34228038787842
23,178,0.0034816472325474024,0.01015409454703331,-0.00413392367772758,0.3428811122525684,65.34228038787842
23,179,0.9655376076698303,0.5058423280715942,0.5861558616161346,1.9087718723516245,65.34228038787842
23,180,0.03470384702086449,0.2853567898273468,-0.17931374534964561,0.12161563438437964,65.34228038787842
23,181,0.3726201355457306,0.24623903632164001,0.18794085830450058,1.5132455889629823,65.34228038787842
23,182,0.9045751690864563,0.44444748759269714,0.5712395533919334,2.0352801947063686,65.34228038787842
23,183,0.03550322726368904,0.1991594433784485,-0.11386635527014732,0.17826534690622992,65.34228038787842
23,184,0.08162503689527512,0.029050447046756744,0.05983720161020756,2.8097687020475006,65.34228038787842
23,185,0.3794928789138794,0.301833838224411,0.15311750024557114,1.2572907038689023,65.34228038787842
23,186,0.004098502453416586,0.00728949997574091,-0.0013686225283890963,0.5622474060626859,65.34228038787842
23,187,0.14702749252319336,0.20601798593997955,-0.0074859969317913055,0.7136633816297675,65.34228038787842
23,188,0.30026113986968994,0.25948214530944824,0.10564953088760376,1.157155300648733,65.34228038787842
23,189,0.5005658268928528,0.3422180712223053,0.2439022734761238,1.4627100933142188,65.34228038787842
23,190,0.45494064688682556,0.03351372852921486,0.4298053504899144,13.574754789717481,65.34228038787842
23,191,1.0302482843399048,0.7450509667396545,0.4714600592851639,1.3827890041494635,65.34228038787842
23,192,0.0,0.0,0.0,0.0,65.34228038787842
23,193,0.005033484194427729,0.32060477137565613,-0.23542009433731437,0.01569996657508955,65.34228038787842
23,194,0.031901925802230835,0.0,0.031901925802230835,31901925802.230835,65.34228038787842
23,195,0.11836262792348862,0.0656856968998909,0.06909835524857044,1.8019543600500834,65.34228038787842
23,196,0.2576078772544861,0.988957405090332,-0.48411017656326294,0.2604842998578847,65.34228038787842
23,197,0.0,0.012428738176822662,-0.009321553632616997,0.0,65.34228038787842
23,198,0.37541043758392334,0.06396528333425522,0.3274364750832319,5.86897169854341,65.34228038787842
23,199,0.37146618962287903,0.15501853823661804,0.2552022859454155,2.3962694645815983,65.34228038787842
23,200,0.21046112477779388,0.11255019158124924,0.12604848109185696,1.8699312886019697,65.34228038787842
23,201,0.2704840302467346,0.1168762743473053,0.18282682448625565,2.3142766293239276,65.34228038787842
23,202,0.5516549348831177,0.1441291868686676,0.443558044731617,3.8275032758074556,65.34228038787842
23,203,0.065456822514534,0.03576091304421425,0.03863613773137331,1.8304013220180866,65.34228038787842
23,204,0.0,0.0,0.0,0.0,65.34228038787842
23,205,0.07533931732177734,0.06162744015455246,0.029118737205863,1.2224962959943662,65.34228038787842
23,206,0.022033458575606346,0.046028170734643936,-0.012487669475376606,0.47869507354859464,65.34228038787842
23,207,0.0,0.0038023050874471664,-0.002851728815585375,0.0,65.34228038787842
23,208,0.0,0.0,0.0,0.0,65.34228038787842
23,209,7.554615149274468e-05,0.10820363461971283,-0.08107717981329188,0.0006981849709351935,65.34228038787842
23,210,0.001066000433638692,0.05091255530714989,-0.03711841604672372,0.02093786939560762,65.34228038787842
23,211,0.041621625423431396,0.1109861433506012,-0.0416179820895195,0.37501641345960796,65.34228038787842
23,212,0.010997018776834011,0.06509069353342056,-0.03782100137323141,0.16894917198905993,65.34228038787842
23,213,0.003407208016142249,0.01598052680492401,-0.00857818708755076,0.21320999348276748,65.34228038787842
23,214,0.16912232339382172,0.0656309574842453,0.11989910528063774,2.576868140798382,65.34228038787842
23,215,0.014986122027039528,0.07158368080854416,-0.03870163857936859,0.2093510959140487,65.34228038787842
23,216,0.03834858164191246,0.7887436151504517,-0.5532091297209263,0.04861983147026668,65.34228038787842
23,217,0.0,0.0,0.0,0.0,65.34228038787842
23,218,0.033075444400310516,0.01004354003816843,0.025542789371684194,3.2932058090395233,65.34228038787842
23,219,0.0042757298797369,0.02891540713608265,-0.017410825472325087,0.1478702983314898,65.34228038787842
23,220,1.8491269656806253e-05,0.0,1.8491269656806253e-05,18491269.656806253,65.34228038787842
23,221,0.9135631322860718,0.09064454585313797,0.8455797228962183,10.078522912521903,65.34228038787842
23,222,0.01557344850152731,0.029712622985243797,-0.0067110187374055386,0.5241357691220135,65.34228038787842
23,223,0.00548142846673727,0.000219321038457565,0.005316937687894097,24.992716067250978,65.34228038787842
23,224,0.07081455737352371,0.1641698032617569,-0.05231279507279396,0.4313494684536087,65.34228038787842
23,225,0.09495055675506592,0.0715857595205307,0.04126123711466789,1.3263888989891603,65.34228038787842
23,226,0.34289613366127014,0.5647692680358887,-0.08068081736564636,0.6071437542151699,65.34228038787842
23,227,0.03383040428161621,0.09331110864877701,-0.036152927204966545,0.3625549494711427,65.34228038787842
23,228,0.0,0.0,0.0,0.0,65.34228038787842
23,229,0.0875706598162651,0.05462555214762688,0.04660149570554495,1.6031080029726779,65.34228038787842
23,230,0.0,0.05339032784104347,-0.040042745880782604,0.0,65.34228038787842
23,231,0.010493823327124119,0.4645519554615021,-0.33792014326900244,0.02258912744576998,65.34228038787842
23,232,0.0,0.01804666966199875,-0.013535002246499062,0.0,65.34228038787842
23,233,0.11530846357345581,0.08816307038068771,0.049186160787940025,1.307899816490584,65.34228038787842
23,234,2.162853479385376,1.1499567031860352,1.3003859519958496,1.8808129674718699,65.34228038787842
23,235,0.04175405204296112,0.11814876645803452,-0.046857522800564766,0.3534023527654723,65.34228038787842
23,236,0.6530964374542236,0.5137407779693604,0.26779085397720337,1.2712567611129038,65.34228038787842
23,237,3.099992682109587e-06,0.16335555911064148,-0.122513569340299,1.8976964720196455e-05,65.34228038787842
23,238,0.34594184160232544,0.12244303524494171,0.25410956516861916,2.825328863397246,65.34228038787842
23,239,0.021620888262987137,0.06568153202533722,-0.027640260756015778,0.3291775876104338,65.34228038787842
23,240,0.10903096199035645,0.06646254658699036,0.05918405205011368,1.6404872757321958,65.34228038787842
23,241,0.09746257215738297,0.08529853820800781,0.033488668501377106,1.1426054209577368,65.34228038787842
23,242,0.06965363770723343,0.037242550402879715,0.04172172490507364,1.8702703480795266,65.34228038787842
23,243,0.0,0.0,0.0,0.0,65.34228038787842
23,244,0.4181266129016876,0.24627597630023956,0.23341963067650795,1.6977969966110051,65.34228038787842
23,245,0.0,0.0,0.0,0.0,65.34228038787842
23,246,0.08395319432020187,0.09519901871681213,0.012553930282592773,0.8818703748308057,65.34228038787842
23,247,0.08647558093070984,0.13682441413402557,-0.01614272966980934,0.6320186457759736,65.34228038787842
23,248,0.026025522500276566,0.0938873216509819,-0.04438996873795986,0.277199541347521,65.34228038787842
23,249,0.021569984033703804,0.18450644612312317,-0.11680985055863857,0.11690639805176785,65.34228038787842
23,250,0.05869065225124359,0.05269378051161766,0.019170316867530346,1.113806063643317,65.34228038787842
23,251,0.008900588378310204,0.002512022154405713,0.007016571762505919,3.543196607226055,65.34228038787842
23,252,0.0,0.018593493849039078,-0.013945120386779308,0.0,65.34228038787842
23,253,0.004425548482686281,0.020991813391447067,-0.01131831156089902,0.2108225906904551,65.34228038787842
23,254,0.0,0.0,0.0,0.0,65.34228038787842
23,255,0.14423203468322754,0.038161177188158035,0.11561115179210901,3.779548884676579,65.34228038787842
24,0,0.015341285616159439,0.01735486462712288,0.00232513714581728,0.8839761038123851,65.35956954956055
24,1,0.06338686496019363,0.03152171149849892,0.03974558133631945,2.010895409698844,65.35956954956055
24,2,0.0,0.0012986367801204324,-0.0009739775850903243,0.0,65.35956954956055
24,3,0.01657327078282833,0.02079695835709572,0.0009755520150065422,0.7969083986926764,65.35956954956055
24,4,0.10849256813526154,0.11430571228265762,0.022763283923268318,0.9491438876303018,65.35956954956055
24,5,0.030493825674057007,0.01584567129611969,0.01860957220196724,1.9244262424905882,65.35956954956055
24,6,0.040340159088373184,0.027863357216119766,0.01944264117628336,1.447785303616875,65.35956954956055
24,7,0.013341565616428852,0.01797495409846306,-0.00013964995741844177,0.7422308587050794,65.35956954956055
24,8,0.007268651854246855,0.04649288207292557,-0.02760100970044732,0.156339025029453,65.35956954956055
24,9,0.0,0.4060855209827423,-0.30456414073705673,0.0,65.35956954956055
24,10,0.27423039078712463,0.16570289433002472,0.1499532200396061,1.6549523283479557,65.35956954956055
24,11,0.21860811114311218,0.2823871374130249,0.006817758083343506,0.77414330250672,65.35956954956055
24,12,0.325558066368103,0.2956441044807434,0.10382498800754547,1.101182338605392,65.35956954956055
24,13,0.5692688226699829,0.3678380250930786,0.29339030385017395,1.5476073266878436,65.35956954956055
24,14,0.25946539640426636,0.09975267201662064,0.18465089239180088,2.601087180486088,65.35956954956055
24,15,0.0,0.0,0.0,0.0,65.35956954956055
24,16,0.047663889825344086,0.03039613366127014,0.02486678957939148,1.5680905458218826,65.35956954956055
24,17,0.0,0.016377007588744164,-0.012282755691558123,0.0,65.35956954956055
24,18,0.004350235220044851,0.0651140958070755,-0.044485336635261774,0.06680942376697077,65.35956954956055
24,19,0.0,0.0,0.0,0.0,65.35956954956055
24,20,0.006678411271423101,0.06930051743984222,-0.04529697680845857,0.09636885146094425,65.35956954956055
24,21,0.05492084100842476,0.0787564069032669,-0.004146464169025421,0.697350770143492,65.35956954956055
24,22,0.1629849374294281,0.12269362807273865,0.07096471637487411,1.3283895829657466,65.35956954956055
24,23,0.0,0.0001249737397301942,-9.373030479764566e-05,0.0,65.35956954956055
24,24,0.5772233605384827,0.017879419028759003,0.5638137962669134,32.284234715777735,65.35956954956055
24,25,0.0,0.008381267078220844,-0.006285950308665633,0.0,65.35956954956055
24,26,0.04715041071176529,0.014562996104359627,0.03622816363349557,3.2376861444337335,65.35956954956055
24,27,0.2703249156475067,0.16248604655265808,0.14846038073301315,1.6636807983277309,65.35956954956055
24,28,0.12015918642282486,0.18471059203147888,-0.018373757600784302,0.6505267786792458,65.35956954956055
24,29,0.10071929544210434,0.03704771026968956,0.07293351273983717,2.718637527291094,65.35956954956055
24,30,0.0,0.0,0.0,0.0,65.35956954956055
24,31,0.0,0.8615598678588867,-0.646169900894165,0.0,65.35956954956055
24,32,0.18216682970523834,0.06830017268657684,0.1309417001903057,2.667150353169938,65.35956954956055
24,33,0.04186687991023064,0.0282435342669487,0.02068422921001911,1.4823527223270343,65.35956954956055
24,34,0.0,0.00388164771720767,-0.0029112357879057527,0.0,65.35956954956055
24,35,0.2929401397705078,0.1871774047613144,0.15255708619952202,1.5650400759776284,65.35956954956055
24,36,0.0,0.0056031509302556515,-0.004202363197691739,0.0,65.35956954956055
24,37,0.050396665930747986,0.02306361123919487,0.03309895750135183,2.185115999653928,65.35956954956055
24,38,0.006396484095603228,0.04056612029671669,-0.02402810612693429,0.1576804498103128,65.35956954956055
24,39,0.09002029895782471,0.14566074311733246,-0.019225258380174637,0.6180134539386062,65.35956954956055
24,40,0.49397334456443787,0.31301236152648926,0.2592140734195709,1.5781272731653966,65.35956954956055
24,41,0.06502630561590195,0.06665574759244919,0.015034494921565056,0.9755543664818578,65.35956954956055
24,42,0.08368702232837677,0.06360464543104172,0.03598353825509548,1.3157375811141347,65.35956954956055
24,43,0.05300390347838402,0.02876291237771511,0.031431719195097685,1.8427863903520258,65.35956954956055
24,44,0.1442805528640747,0.049697376787662506,0.10700752027332783,2.903182465296428,65.35956954956055
24,45,0.0,0.3871874213218689,-0.2903905659914017,0.0,65.35956954956055
24,46,0.015241194516420364,0.005110159050673246,0.01140857522841543,2.9825284031873447,65.35956954956055
24,47,0.08059222251176834,0.131081685423851,-0.01771904155611992,0.6148244299007871,65.35956954956055
24,48,0.07744427770376205,0.060124438256025314,0.03235094901174307,1.2880665491242738,65.35956954956055
24,49,0.0,0.0,0.0,0.0,65.35956954956055
24,50,0.06256352365016937,0.1744023859500885,-0.068238265812397,0.358730892980532,65.35956954956055
24,51,0.0,0.01480399165302515,-0.011102993739768863,0.0,65.35956954956055
24,52,0.016694046556949615,0.15617239475250244,-0.10043524950742722,0.10689498988152783,65.35956954956055
24,53,0.01373335812240839,0.0,0.01373335812240839,13733358122.40839,65.35956954956055
24,54,0.0,0.004770039115101099,-0.0035775293363258243,0.0,65.35956954956055
24,55,0.22944828867912292,0.033599235117435455,0.20424886234104633,6.828973572473609,65.35956954956055
24,56,0.009927082806825638,0.022940315306186676,-0.007278153672814369,0.43273523811225517,65.35956954956055
24,57,0.0959153026342392,0.025690468028187752,0.07664745161309838,3.733497674128272,65.35956954956055
24,58,0.03446708619594574,0.07170926034450531,-0.019314859062433243,0.48065042129675395,65.35956954956055
24,59,0.004084261134266853,0.011785696260631084,-0.00475501106120646,0.34654389894327814,65.35956954956055
24,60,0.0,0.03050200268626213,-0.022876502014696598,0.0,65.35956954956055
24,61,0.2618046700954437,0.07487530261278152,0.20564819313585758,3.4965423972424254,65.35956954956055
24,62,0.07463797926902771,0.0442921407520771,0.04141887370496988,1.6851291899645289,65.35956954956055
24,63,0.01883728988468647,0.5989024043083191,-0.43033951334655285,0.03145302097494578,65.35956954956055
24,64,0.019966324791312218,0.015207397751510143,0.00856077647767961,1.3129350015203332,65.35956954956055
24,65,0.0,0.18440937995910645,-0.13830703496932983,0.0,65.35956954956055
24,66,0.0,0.0,0.0,0.0,65.35956954956055
24,67,0.18354542553424835,0.48411768674850464,-0.17954283952713013,0.3791338977235501,65.35956954956055
24,68,0.13296456634998322,0.016199572011828423,0.1208148873411119,8.207906125216686,65.35956954956055
24,69,0.012957623228430748,0.061634864658117294,-0.03326852526515722,0.2102320383129778,65.35956954956055
24,70,0.007261871825903654,0.00946793146431446,0.00016092322766780853,0.7669966615735809,65.35956954956055
24,71,0.0,0.0,0.0,0.0,65.35956954956055
24,72,0.0,0.0,0.0,0.0,65.35956954956055
24,73,0.0,0.0,0.0,0.0,65.35956954956055
24,74,0.6254579424858093,0.10301810503005981,0.5481943637132645,6.071340006664213,65.35956954956055
24,75,0.08920362591743469,0.07647445052862167,0.03184778802096844,1.1664500404992446,65.35956954956055
24,76,0.009305713698267937,0.03362158685922623,-0.015910476446151733,0.2767779443889497,65.35956954956055
24,77,0.22345346212387085,0.015148134902119637,0.21209236094728112,14.751219444042079,65.35956954956055
24,78,2.8773252964019775,1.503152847290039,1.7499606609344482,1.9141934245658734,65.35956954956055
24,79,0.0,0.0,0.0,0.0,65.35956954956055
24,80,0.0,0.4394509494304657,-0.3295882120728493,0.0,65.35956954956055
24,81,0.0,0.10481996089220047,-0.07861497066915035,0.0,65.35956954956055
24,82,0.07925069332122803,0.06407197564840317,0.03119671158492565,1.2369010400878164,65.35956954956055
24,83,0.2524665594100952,0.45717179775238037,-0.09041228890419006,0.5522356380047033,65.35956954956055
24,84,0.07472477108240128,0.026302913203835487,0.05499758617952466,2.840931363780039,65.35956954956055
24,85,0.08583957701921463,0.06651603430509567,0.035952551290392876,1.2905095427697213,65.35956954956055
24,86,0.0005569574423134327,0.04235108569264412,-0.031206356827169657,0.01315096019833604,65.35956954956055
24,87,0.05192674696445465,0.07599017024040222,-0.005065880715847015,0.6833350524087003,65.35956954956055
24,88,0.0653548613190651,0.05868586525321007,0.021340462379157543,1.11363888111672,65.35956954956055
24,89,0.10650243610143661,0.17715701460838318,-0.02636532485485077,0.6011753829576877,65.35956954956055
24,90,0.038804177194833755,0.025455748662352562,0.019712365698069334,1.5243777626818849,65.35956954956055
24,91,0.0,0.0,0.0,0.0,65.35956954956055
24,92,0.04370119795203209,0.029469721019268036,0.021598907187581062,1.4829186174506452,65.35956954956055
24,93,0.8833493590354919,0.9183498024940491,0.19458700716495514,0.9618876779148152,65.35956954956055
24,94,0.3348329961299896,0.2584335207939148,0.14100785553455353,1.2956252544177627,65.35956954956055
24,95,0.0,0.0,0.0,0.0,65.35956954956055
24,96,0.10398973524570465,0.001761946827173233,0.10266827512532473,59.019791961327265,65.35956954956055
24,97,0.2543253004550934,0.08990287035703659,0.18689814768731594,2.8288896610558414,65.35956954956055
24,98,0.0,0.0005667433142662048,-0.0004250574856996536,0.0,65.35956954956055
24,99,0.12030887603759766,0.08863125741481781,0.0538354329764843,1.357409107637532,65.35956954956055
24,100,0.06503141671419144,0.06830067187547684,0.013805912807583809,0.9521343630674978,65.35956954956055
24,101,0.009973165579140186,0.021065808832645416,-0.005826191045343876,0.4734290364968788,65.35956954956055
24,102,0.32632631063461304,0.013248651288449764,0.3163898221682757,24.630907969815382,65.35956954956055
24,103,0.7646740674972534,0.8708712458610535,0.11152063310146332,0.8780563959719693,65.35956954956055
24,104,0.18351402878761292,0.06847228854894638,0.13215981237590313,2.6801211508178313,65.35956954956055
24,105,0.005563796032220125,0.7584108114242554,-0.5632443125359714,0.0073361243647941604,65.35956954956055
24,106,0.017300674691796303,0.019675377756357193,0.002544141374528408,0.8793058463808696,65.35956954956055
24,107,0.0887591764330864,0.0488569401204586,0.05211647134274244,1.8167158281388607,65.35956954956055
24,108,0.33558690547943115,0.40771183371543884,0.02980303019285202,0.8230982711991378,65.35956954956055
24,109,0.20546267926692963,0.03316658362746239,0.18058774154633284,6.1948701611404084,65.35956954956055
24,110,0.168154776096344,0.11001837253570557,0.08564099669456482,1.5284245005555077,65.35956954956055
24,111,0.07891799509525299,0.21341222524642944,-0.08114117383956909,0.3697913510051063,65.35956954956055
24,112,0.0,1.5634530427632853e-05,-1.172589782072464e-05,0.0,65.35956954956055
24,113,0.00613893149420619,0.004707755986601114,0.0026081145042553544,1.304003756858763,65.35956954956055
24,114,0.0,0.0,0.0,0.0,65.35956954956055
24,115,0.00902653019875288,0.026514150202274323,-0.010859082452952862,0.3404419952949563,65.35956954956055
24,116,0.0,0.11430556327104568,-0.08572917245328426,0.0,65.35956954956055
24,117,0.002418238203972578,0.04036913067102432,-0.027858609799295664,0.059903152822867435,65.35956954956055
24,118,0.03729056194424629,0.02486606501042843,0.01864101318642497,1.4996567380929622,65.35956954956055
24,119,0.02831304632127285,0.023735489696264267,0.01051142904907465,1.1928570542421204,65.35956954956055
24,120,0.06469404697418213,0.050539907068014145,0.02678911667317152,1.2800586848297915,65.35956954956055
24,121,0.0,0.0,0.0,0.0,65.35956954956055
24,122,0.296936959028244,0.33739426732063293,0.04389125853776932,0.8800889279638484,65.35956954956055
24,123,0.0,0.0066831219010055065,-0.00501234142575413,0.0,65.35956954956055
24,124,0.05684744194149971,0.043734919279813766,0.024046252481639385,1.2998181516351472,65.35956954956055
24,125,0.0774446502327919,0.05184091255068779,0.03856396581977606,1.493890566752196,65.35956954956055
24,126,0.0,0.024980023503303528,-0.018735017627477646,0.0,65.35956954956055
24,127,0.115677610039711,0.08034900575876236,0.05541585572063923,1.439689376936145,65.35956954956055
24,128,0.022501233965158463,0.041376784443855286,-0.008531354367733002,0.5438130165756809,65.35956954956055
24,129,0.1556112915277481,0.15379753708839417,0.040263138711452484,1.0117931305837473,65.35956954956055
24,130,0.009590818546712399,0.005633780732750893,0.005365482997149229,1.702376964949249,65.35956954956055
24,131,0.11979306489229202,0.10364352911710739,0.04206041805446148,1.1558180806037717,65.35956954956055
24,132,0.13534124195575714,0.15708351135253906,0.017528608441352844,0.8615878317817341,65.35956954956055
24,133,0.016325686126947403,0.11199206113815308,-0.0676683597266674,0.1457753876559367,65.35956954956055
24,134,0.05669612064957619,0.008705005049705505,0.05016736686229706,6.513048564513032,65.35956954956055
24,135,0.04524833709001541,0.021057775244116783,0.029455005656927824,2.1487710151388537,65.35956954956055
24,136,0.0,0.0,0.0,0.0,65.35956954956055
24,137,0.004438002593815327,0.576392650604248,-0.4278564853593707,0.0076996169003111835,65.35956954956055
24,138,0.007324849721044302,0.004750501364469528,0.003761973697692156,1.5419108758261204,65.35956954956055
24,139,2.002025576075539e-05,0.0752219557762146,-0.056396446576400194,0.00026614909907487014,65.35956954956055
24,140,0.0,0.0,0.0,0.0,65.35956954956055
24,141,0.13961666822433472,0.02675952948629856,0.1195470211096108,5.217456020316199,65.35956954956055
24,142,0.044837724417448044,0.0254808496683836,0.025727087166160345,1.759663629714931,65.35956954956055
24,143,0.0,0.45759832859039307,-0.3431987464427948,0.0,65.35956954956055
24,144,0.04093107953667641,0.013344351202249527,0.03092281613498926,3.067296334849846,65.35956954956055
24,145,0.0015724399127066135,0.040382545441389084,-0.0287144691683352,0.03893860318810022,65.35956954956055
24,146,1.6719329357147217,0.9636785387992859,0.9491740316152573,1.7349488116609553,65.35956954956055
24,147,0.9380318522453308,0.005798161029815674,0.933683231472969,161.7809245483081,65.35956954956055
24,148,0.0,0.0,0.0,0.0,65.35956954956055
24,149,0.05690838024020195,0.18819379806518555,-0.08423696830868721,0.30239243176434505,65.35956954956055
24,150,0.0,0.0,0.0,0.0,65.35956954956055
24,151,0.0835840031504631,0.05527122691273689,0.042130582965910435,1.5122516328597995,65.35956954956055
24,152,0.08835411816835403,0.019271530210971832,0.07390047051012516,4.58469655478976,65.35956954956055
24,153,4.50364875793457,2.212557077407837,2.8442309498786926,2.0354949501275104,65.35956954956055
24,154,0.17500388622283936,0.11384546011686325,0.08961979113519192,1.5372056649572086,65.35956954956055
24,155,0.0,0.040185485035181046,-0.030139113776385784,0.0,65.35956954956055
24,156,0.0,0.0032850380521267653,-0.002463778539095074,0.0,65.35956954956055
24,157,3.0698367936565774e-06,0.03848171606659889,-0.028858217213155513,7.97739058274831e-05,65.35956954956055
24,158,0.20687627792358398,0.14435237646102905,0.0986119955778122,1.4331338561509683,65.35956954956055
24,159,0.02829105406999588,0.004403206519782543,0.024988649180158973,6.425102691973657,65.35956954956055
24,160,1.1126186847686768,0.6116137504577637,0.653908371925354,1.8191525025951685,65.35956954956055
24,161,0.0925128236413002,0.017623823136091232,0.07929495628923178,5.249305041344691,65.35956954956055
24,162,0.03368565812706947,0.09080121666193008,-0.03441525436937809,0.3709824533752284,65.35956954956055
24,163,0.0035178845282644033,1.5233404155878816e-05,0.0035064594751474942,230.93225002991502,65.35956954956055
24,164,0.01970186084508896,0.03575143218040466,-0.007111713290214539,0.55107892587689,65.35956954956055
24,165,0.02693823352456093,0.020921731367707253,0.011246934998780489,1.2875719054902213,65.35956954956055
24,166,0.2338990420103073,0.1790633499622345,0.09960152953863144,1.3062362681047335,65.35956954956055
24,167,0.21316631138324738,0.09938930720090866,0.13862433098256588,2.144761014886657,65.35956954956055
24,168,1.4947186708450317,0.755750298500061,0.927905946969986,1.977794350607105,65.35956954956055
24,169,0.0,0.3865876793861389,-0.2899407595396042,0.0,65.35956954956055
24,170,0.005142212845385075,0.14343200623989105,-0.10243179183453321,0.03585122303001769,65.35956954956055
24,171,0.247793048620224,0.48477816581726074,-0.11579057574272156,0.5111472960049103,65.35956954956055
24,172,0.0,0.0,0.0,0.0,65.35956954956055
24,173,0.1845131367444992,0.16723518073558807,0.05908675119280815,1.1033153187733005,65.35956954956055
24,174,0.0,0.0,0.0,0.0,65.35956954956055
24,175,0.17053993046283722,0.06557630002498627,0.12135770544409752,2.6006336190858046,65.35956954956055
24,176,0.03957733139395714,0.005106644239276648,0.03574734821449965,7.750164204078777,65.35956954956055
24,177,0.006470785476267338,0.05417109280824661,-0.03415753412991762,0.11945089420759888,65.35956954956055
24,178,0.0726788192987442,0.06156568229198456,0.026504557579755783,1.1805086306503256,65.35956954956055
24,179,0.0032551572658121586,0.13932736217975616,-0.10124036436900496,0.02336337396231678,65.35956954956055
24,180,0.0,0.22861753404140472,-0.17146315053105354,0.0,65.35956954956055
24,181,0.043551135808229446,0.027954548597335815,0.022585224360227585,1.5579266341944125,65.35956954956055
24,182,0.0,0.0,0.0,0.0,65.35956954956055
24,183,0.012867226265370846,0.1013258695602417,-0.06312717590481043,0.1269885599905348,65.35956954956055
24,184,2.359670877456665,1.4234458208084106,1.292086511850357,1.6577173805708256,65.35956954956055
24,185,0.34951913356781006,0.2462398260831833,0.1648392640054226,1.4194256840009225,65.35956954956055
24,186,0.0,0.5662679672241211,-0.4247009754180908,0.0,65.35956954956055
24,187,0.11437343060970306,0.06676104664802551,0.06430264562368393,1.7131761161712182,65.35956954956055
24,188,0.0,0.0,0.0,0.0,65.35956954956055
24,189,0.038864973932504654,0.013573771342635155,0.028684645425528288,2.8632406535070105,65.35956954956055
24,190,0.0,0.0,0.0,0.0,65.35956954956055
24,191,0.09794367849826813,0.011938461102545261,0.08898983267135918,8.204045533907435,65.35956954956055
24,192,0.0361102819442749,0.037499215453863144,0.007985870353877544,0.9629609981504796,65.35956954956055
24,193,0.7869402766227722,0.3953131437301636,0.49045541882514954,1.9906757189888389,65.35956954956055
24,194,0.007417324930429459,0.029459457844495773,-0.014677268452942371,0.251780768313207,65.35956954956055
24,195,0.029862402006983757,0.0026173631194978952,0.027899379667360336,11.409346213032565,65.35956954956055
24,196,1.7274149656295776,0.07760847359895706,1.6692086104303598,22.25807164477634,65.35956954956055
24,197,0.0,0.026442941278219223,-0.019832205958664417,0.0,65.35956954956055
24,198,0.09681563824415207,0.08735466003417969,0.0312996432185173,1.1083053635050748,65.35956954956055
24,199,0.01825176551938057,0.008173424750566483,0.012121696956455708,2.233062158660299,65.35956954956055
24,200,0.023942654952406883,0.008547873236238956,0.017531750025227666,2.801007255009386,65.35956954956055
24,201,0.02706815116107464,0.013092699460685253,0.0172486265655607,2.067423241500917,65.35956954956055
24,202,0.11236849427223206,0.05111141502857208,0.074034933000803,2.1985009455758133,65.35956954956055
24,203,0.0,0.0,0.0,0.0,65.35956954956055
24,204,0.0,0.0,0.0,0.0,65.35956954956055
24,205,1.151628851890564,0.6687357425689697,0.6500770449638367,1.7220985489198213,65.35956954956055
24,206,3.3876755237579346,1.5678906440734863,2.21175754070282,2.160658038595321,65.35956954956055
24,207,0.09083367139101028,0.12498046457767487,-0.002901677042245865,0.7267829552180192,65.35956954956055
24,208,0.36186641454696655,0.09408552944660187,0.29130226746201515,3.846143149446773,65.35956954956055
24,209,0.07245481759309769,0.056861765682697296,0.029808493331074715,1.2742273603696945,65.35956954956055
24,210,0.0,0.0,0.0,0.0,65.35956954956055
24,211,0.0,0.014016053639352322,-0.010512040229514241,0.0,65.35956954956055
24,212,0.40865805745124817,0.25546982884407043,0.21705568581819534,1.599633347306459,65.35956954956055
24,213,0.10109525918960571,0.1494676023721695,-0.011005442589521408,0.6763690430867113,65.35956954956055
24,214,0.03268694132566452,0.039947573095560074,0.002726261503994465,0.8182459857237041,65.35956954956055
24,215,6.810685590608045e-05,0.13915976881980896,-0.10430171975895064,0.0004894148393834945,65.35956954956055
24,216,0.017266932874917984,0.025821546092629433,-0.0020992266945540905,0.6687025173592529,65.35956954956055
24,217,0.6489011645317078,0.7029193043708801,0.12171168625354767,0.9231517195441911,65.35956954956055
24,218,0.05464811250567436,0.10439381748437881,-0.02364725060760975,0.5234803537415256,65.35956954956055
24,219,0.09349438548088074,0.044242605566978455,0.060312431305646896,2.1132205999311515,65.35956954956055
24,220,0.0481254868209362,0.030896039679646492,0.024953457061201334,1.557658758804688,65.35956954956055
24,221,0.05895138904452324,0.024522917345166206,0.040559201035648584,2.4039305035515857,65.35956954956055
24,222,0.0,0.0,0.0,0.0,65.35956954956055
24,223,0.014489728026092052,0.01719493232667446,0.0015935287810862064,0.8426743269452416,65.35956954956055
24,224,0.09475115686655045,0.041425883769989014,0.06368174403905869,2.2872452737605973,65.35956954956055
24,225,0.029300490394234657,0.05906270071864128,-0.014996535144746304,0.4960912731254565,65.35956954956055
24,226,0.011095003224909306,0.0,0.011095003224909306,11095003224.909306,65.35956954956055
24,227,0.0,0.0,0.0,0.0,65.35956954956055
24,228,0.07854241877794266,0.06706941872835159,0.028240354731678963,1.1710615697280544,65.35956954956055
24,229,0.014828079380095005,0.0259256474673748,-0.004616156220436096,0.5719463476537249,65.35956954956055
24,230,0.1258862316608429,0.03757542371749878,0.09770466387271881,3.350227867127624,65.35956954956055
24,231,0.0,0.0312222670763731,-0.023416700307279825,0.0,65.35956954956055
24,232,0.14682309329509735,0.2036636620759964,-0.005924653261899948,0.7209096202914681,65.35956954956055
24,233,0.3404448330402374,0.48735809326171875,-0.025073736906051636,0.6985517174056958,65.35956954956055
24,234,0.14094097912311554,0.06034485623240471,0.09568233694881201,2.3355922595618974,65.35956954956055
24,235,0.03866838663816452,0.009320689365267754,0.031677869614213705,4.148661662098535,65.35956954956055
24,236,0.018427345901727676,0.08239544183015823,-0.043369235470891,0.2236452101256806,65.35956954956055
24,237,0.15428154170513153,0.072323739528656,0.10003873705863953,2.1332074739010016,65.35956954956055
24,238,0.044171206653118134,0.034624941647052765,0.01820250041782856,1.2757048691113746,65.35956954956055
24,239,0.08248712122440338,0.0015000799903646111,0.08136206123162992,54.988481747140355,65.35956954956055
24,240,0.05689448118209839,0.20971688628196716,-0.10039318352937698,0.2712918458332044,65.35956954956055
24,241,0.11332494765520096,0.2691122889518738,-0.08850926905870438,0.421106550340576,65.35956954956055
24,242,0.0,0.08549689501523972,-0.06412267126142979,0.0,65.35956954956055
24,243,0.08447345346212387,0.15246497094631195,-0.029875274747610092,0.5540515499216916,65.35956954956055
24,244,0.0,0.049494560807943344,-0.03712092060595751,0.0,65.35956954956055
24,245,0.07083918154239655,0.028679247945547104,0.04932974558323622,2.4700501796430605,65.35956954956055
24,246,0.28869763016700745,0.2881237864494324,0.07260479032993317,1.0019916568626444,65.35956954956055
24,247,0.04994206503033638,0.028834296390414238,0.0283163427375257,1.7320368894178129,65.35956954956055
24,248,0.026675796136260033,0.06544265151023865,-0.022406192496418953,0.40762095545103216,65.35956954956055
24,249,0.027537714689970016,0.1377497762441635,-0.07577461749315262,0.19991113917280778,65.35956954956055
24,250,0.007972228340804577,0.004317103419452906,0.004734400776214898,1.8466614218772208,65.35956954956055
24,251,2.2398390769958496,0.6225818395614624,1.7729026973247528,3.597662081775405,65.35956954956055
24,252,0.18227587640285492,0.5632356405258179,-0.24015085399150848,0.3236227668979979,65.35956954956055
24,253,0.06767606735229492,0.0286415908485651,0.046194874215871096,2.362859930083895,65.35956954956055
24,254,0.07990870624780655,0.06763003766536713,0.029186177998781204,1.1815564356479085,65.35956954956055
24,255,0.0035271048545837402,0.05442572757601738,-0.037292190827429295,0.06480583745238067,65.35956954956055
25,0,0.029761306941509247,0.051098521798849106,-0.008562584407627583,0.5824298999897318,65.37926959991455
25,1,0.022694841027259827,0.17599600553512573,-0.10930216312408447,0.12895088702795235,65.37926959991455
25,2,0.12377813458442688,0.017383335158228874,0.11074063321575522,7.120505556076369,65.37926959991455
25,3,0.6541838645935059,0.35309821367263794,0.3893602043390274,1.8526966131812714,65.37926959991455
25,4,0.03187328577041626,0.043241869658231735,-0.0005581164732575417,0.7370931465636017,65.37926959991455
25,5,0.5145292282104492,0.005945205222815275,0.5100703242933378,86.54524256780076,65.37926959991455
25,6,0.0,0.11678148806095123,-0.08758611604571342,0.0,65.37926959991455
25,7,0.0337129570543766,0.0567282997071743,-0.008833267726004124,0.5942881635410396,65.37926959991455
25,8,0.0,0.025634054094552994,-0.019225540570914745,0.0,65.37926959991455
25,9,0.3135024905204773,0.3371654748916626,0.06062838435173035,0.9298178902222464,65.37926959991455
25,10,0.009218095801770687,0.06101933494210243,-0.03654640540480614,0.15106844101736136,65.37926959991455
25,11,0.01739288493990898,0.055624160915613174,-0.0243252357468009,0.3126857943256503,65.37926959991455
25,12,0.3537626266479492,0.3074839115142822,0.12314969301223755,1.1505077612178318,65.37926959991455
25,13,0.0,0.0741688460111618,-0.05562663450837135,0.0,65.37926959991455
25,14,0.0020786758977919817,0.7899159789085388,-0.5903583082836121,0.0026315151905922283,65.37926959991455
25,15,0.0071326978504657745,0.005739754065871239,0.0028278823010623455,1.2426835309258877,65.37926959991455
25,16,0.062358904629945755,0.3208790719509125,-0.1783003993332386,0.19433771186950757,65.37926959991455
25,17,0.026156168431043625,0.023814179003238678,0.008295534178614616,1.098344327822013,65.37926959991455
25,18,0.7672758102416992,0.37450653314590454,0.4863959103822708,2.048764820721369,65.37926959991455
25,19,0.0,0.0,0.0,0.0,65.37926959991455
25,20,0.0,0.0,0.0,0.0,65.37926959991455
25,21,0.10740695148706436,0.02069305069744587,0.09188716346397996,5.190484141380423,65.37926959991455
25,22,0.016319427639245987,0.01558490190654993,0.004630751209333539,1.0471305970389344,65.37926959991455
25,23,0.011443587951362133,0.08722777664661407,-0.05397724453359842,0.13119201693736104,65.37926959991455
25,24,0.0,0.0,0.0,0.0,65.37926959991455
25,25,0.06986090540885925,0.023733116686344147,0.05206106789410114,2.9436043453202707,65.37926959991455
25,26,0.024782678112387657,0.024260323494672775,0.006587435491383076,1.0215312304804203,65.37926959991455
25,27,0.04336787387728691,0.003446241607889533,0.04078319267136976,12.584107209842767,65.37926959991455
25,28,0.0,0.0,0.0,0.0,65.37926959991455
25,29,0.0011521275155246258,0.06357952207326889,-0.04653251403942704,0.01812104712235483,65.37926959991455
25,30,0.010281126014888287,0.02269929274916649,-0.00674334354698658,0.45292715187405475,65.37926959991455
25,31,0.0,0.0,0.0,0.0,65.37926959991455
25,32,0.007774911820888519,0.012847859412431717,-0.0018609827384352684,0.6051523114239781,65.37926959991455
25,33,0.0,0.0,0.0,0.0,65.37926959991455
25,34,0.0,0.005101244896650314,-0.0038259336724877357,0.0,65.37926959991455
25,35,0.015837498009204865,0.01255400013178587,0.006421997910365462,1.261549931630465,65.37926959991455
25,36,0.07120788842439651,0.04556382820010185,0.037035017274320126,1.5628161907316322,65.37926959991455
25,37,0.2503064274787903,0.012558002956211567,0.2408879252616316,19.932024887368666,65.37926959991455
25,38,0.36878252029418945,0.2912334203720093,0.1503574550151825,1.266278162107412,65.37926959991455
25,39,0.731351912021637,0.4172137677669525,0.4184415861964226,1.7529429000732377,65.37926959991455
25,40,0.010309756733477116,0.00925647746771574,0.0033673986326903105,1.1137883464115976,65.37926959991455
25,41,0.04449918493628502,0.07884880155324936,-0.014637416228652,0.5643609548798125,65.37926959991455
25,42,0.1447787582874298,0.05933065339922905,0.10028076823800802,2.440201649403559,65.37926959991455
25,43,0.0,0.0,0.0,0.0,65.37926959991455
25,44,0.004880132153630257,0.037669889628887177,-0.023372285068035126,0.12954994563505104,65.37926959991455
25,45,0.16205812990665436,0.28590959310531616,-0.052374064922332764,0.5668159929365947,65.37926959991455
25,46,0.8245447874069214,0.658932089805603,0.3303457200527191,1.2513350012274038,65.37926959991455
25,47,0.016101185232400894,0.0034468520898371935,0.013516046165022999,4.671272456164528,65.37926959991455
25,48,0.053175635635852814,0.019269274547696114,0.03872367972508073,2.759607555617657,65.37926959991455
25,49,0.3382524847984314,0.23719093203544617,0.16035928577184677,1.4260767976848978,65.37926959991455
25,50,0.0,0.009290115907788277,-0.0069675869308412075,0.0,65.37926959991455
25,51,0.7000007033348083,0.23044627904891968,0.5271659940481186,3.037587355373063,65.37926959991455
25,52,0.04657701402902603,0.11095855385065079,-0.03664190135896206,0.419769476189267,65.37926959991455
25,53,0.08146755397319794,0.0450873039662838,0.04765207599848509,1.8068845729235072,65.37926959991455
25,54,0.046205051243305206,0.038674499839544296,0.017199176363646984,1.1947161937144506,65.37926959991455
25,55,0.1139945462346077,0.04150977358222008,0.08286221604794264,2.7462097813197635,65.37926959991455
25,56,0.025402521714568138,0.03712232783436775,-0.002439224161207676,0.6842922627919432,65.37926959991455
25,57,0.029240110889077187,0.023316463455557823,0.01175276329740882,1.2540542841566018,65.37926959991455
25,58,1.43728506565094,0.3839399516582489,1.1493301019072533,3.743515253985725,65.37926959991455
25,59,0.032165225595235825,0.026080504059791565,0.012604847550392151,1.2333053655811737,65.37926959991455
25,60,0.0,0.0,0.0,0.0,65.37926959991455
25,61,0.004012928809970617,0.0540718249976635,-0.036540939938277006,0.07421478394838357,65.37926959991455
25,62,0.16519001126289368,0.15666383504867554,0.047692134976387024,1.054423385017446,65.37926959991455
25,63,0.8086430430412292,0.6546744108200073,0.31763723492622375,1.2351835197394299,65.37926959991455
25,64,0.0,0.014864173717796803,-0.011148130288347602,0.0,65.37926959991455
25,65,0.8985608816146851,0.13188321888446808,0.799648467451334,6.813307175911639,65.37926959991455
25,66,0.24201273918151855,0.3974286913871765,-0.05605877935886383,0.6089463202472715,65.37926959991455
25,67,0.13834813237190247,0.024645967409014702,0.11986365681514144,5.613418620187161,65.37926959991455
25,68,0.0007535996264778078,0.041902218014001846,-0.030673063884023577,0.017984719238680964,65.37926959991455
25,69,0.014061045832931995,0.054716698825359344,-0.026976478286087513,0.2569790600407749,65.37926959991455
25,70,0.0067768339067697525,0.019000336527824402,-0.007473418489098549,0.3566691514378694,65.37926959991455
25,71,0.010818964801728725,0.04156472161412239,-0.020354576408863068,0.2602920068107106,65.37926959991455
25,72,0.09393481910228729,0.13808609545230865,-0.009629752486944199,0.6802626925898536,65.37926959991455
25,73,0.049268100410699844,0.06196179613471031,0.0027967533096671104,0.7951367372048349,65.37926959991455
25,74,0.096501424908638,0.030498357489705086,0.07362765679135919,3.1641515428510707,65.37926959991455
25,75,0.0,0.0,0.0,0.0,65.37926959991455
25,76,0.0,0.04896249994635582,-0.036721874959766865,0.0,65.37926959991455
25,77,0.004466223996132612,0.07465118169784546,-0.05152216227725148,0.059827907536012734,65.37926959991455
25,78,0.0,0.3450036346912384,-0.2587527260184288,0.0,65.37926959991455
25,79,0.012748115696012974,0.006988961715251207,0.007506394409574568,1.824035702809788,65.37926959991455
25,80,0.0,2.9681120850000298e-06,-2.2260840637500223e-06,0.0,65.37926959991455
25,81,0.22281113266944885,0.06614585965871811,0.17320173792541027,3.368481924880593,65.37926959991455
25,82,0.22390346229076385,0.10477428138256073,0.1453227512538433,2.1370078547338496,65.37926959991455
25,83,0.09573133289813995,0.05846807360649109,0.05188027769327164,1.6373266124826558,65.37926959991455
25,84,2.540769577026367,1.4531389474868774,1.450915366411209,1.7484698083543473,65.37926959991455
25,85,0.1090429276227951,0.0898190513253212,0.04167863912880421,1.2140289394354848,65.37926959991455
25,86,0.08376304805278778,0.2784445285797119,-0.12507034838199615,0.30082490210795304,65.37926959991455
25,87,0.28747478127479553,0.15457861125469208,0.17154082283377647,1.859731944410322,65.37926959991455
25,88,0.5437954664230347,0.7781080603599548,-0.03978557884693146,0.6988688257139691,65.37926959991455
25,89,0.0019165677949786186,0.004754882771521807,-0.0016495942836627364,0.4030736164631341,65.37926959991455
25,90,0.1001066192984581,0.03427930921316147,0.074397137388587,2.920321954944823,65.37926959991455
25,91,0.01133114192634821,0.009966154582798481,0.0038565259892493486,1.1369622888218818,65.37926959991455
25,92,0.0014508396852761507,0.039910510182380676,-0.028482042951509356,0.036352321195841336,65.37926959991455
25,93,0.17051935195922852,0.13748978078365326,0.06740201637148857,1.2402329175744968,65.37926959991455
25,94,0.01499539241194725,0.02115722745656967,-0.0008725281804800034,0.7087598052259051,65.37926959991455
25,95,0.0483066663146019,0.02446448802947998,0.029958300292491913,1.9745627316793741,65.37926959991455
25,96,0.22957229614257812,0.10158464312553406,0.15338381379842758,2.25991143028009,65.37926959991455
25,97,0.06755676120519638,0.015622288919985294,0.05584004451520741,4.324383036755128,65.37926959991455
25,98,0.0006526509532704949,0.016150282695889473,-0.01146006106864661,0.040411116357498486,65.37926959991455
25,99,0.0410202257335186,0.06410348415374756,-0.0070573873817920685,0.6399063369862183,65.37926959991455
25,100,0.0,0.017346888780593872,-0.013010166585445404,0.0,65.37926959991455
25,101,0.11558470875024796,0.27945730090141296,-0.09400826692581177,0.4136041834548827,65.37926959991455
25,102,0.01789017952978611,0.04562051221728325,-0.016325204633176327,0.392152096938015,65.37926959991455
25,103,0.022861216217279434,0.0,0.022861216217279434,22861216217.279434,65.37926959991455
25,104,0.04195845499634743,0.01708156242966652,0.029147283174097538,2.456359315294217,65.37926959991455
25,105,0.2596540153026581,0.13690416514873505,0.1569758914411068,1.8966115093625446,65.37926959991455
25,106,0.2142823189496994,0.3476957082748413,-0.04648946225643158,0.6162926773306631,65.37926959991455
25,107,0.09241786599159241,0.07564845681190491,0.03568152338266373,1.221675495908157,65.37926959991455
25,108,0.18117080628871918,0.17396603524684906,0.05069627985358238,1.041414814280302,65.37926959991455
25,109,0.025221263989806175,0.08160620182752609,-0.035983387380838394,0.3090606280488584,65.37926959991455
25,110,0.17355863749980927,0.005864981561899185,0.16915990132838488,29.59235858433211,65.37926959991455
25,111,0.004523522220551968,0.005241722799837589,0.0005922301206737757,0.862983868553511,65.37926959991455
25,112,0.0,0.12660682201385498,-0.09495511651039124,0.0,65.37926959991455
25,113,0.018166953697800636,0.009979569353163242,0.010682276682928205,1.820414594365418,65.37926959991455
25,114,0.08730140328407288,0.028509195894002914,0.06591950636357069,3.062219068036747,65.37926959991455
25,115,0.021898092702031136,0.07054110616445541,-0.031007736921310425,0.3104302426257503,65.37926959991455
25,116,0.0431729219853878,0.09873215109109879,-0.030876191332936287,0.43727318313074603,65.37926959991455
25,117,0.06000614911317825,0.03874381259083748,0.030948289670050144,1.548793087178527,65.37926959991455
25,118,0.03466561809182167,0.11460500210523605,-0.05128813348710537,0.30247910173839954,65.37926959991455
25,119,0.04658123850822449,0.02420802228152752,0.028425221797078848,1.9242066933260036,65.37926959991455
25,120,0.4424184560775757,0.30488085746765137,0.21375781297683716,1.451119167503215,65.37926959991455
25,121,0.010835003107786179,0.028798166662454605,-0.010763621889054775,0.376239336149686,65.37926959991455
25,122,0.03777340054512024,0.0571700744330883,-0.005104155279695988,0.6607198069799507,65.37926959991455
25,123,0.0766979232430458,0.11873476952314377,-0.01235315389931202,0.6459600970333285,65.37926959991455
25,124,1.4676729440689087,0.9994544386863708,0.7180821150541306,1.4684740867192212,65.37926959991455
25,125,0.5212941765785217,0.04273676499724388,0.4892416028305888,12.19779214921725,65.37926959991455
25,126,0.17038337886333466,0.0747084766626358,0.1143520213663578,2.280643194352113,65.37926959991455
25,127,0.07529174536466599,0.06117789074778557,0.02940832730382681,1.2307018833623418,65.37926959991455
25,128,0.19594009220600128,0.047585804015398026,0.16025073919445276,4.1176165088748,65.37926959991455
25,129,0.019470445811748505,4.5342949306359515e-05,0.019436438599768735,429.4040348101853,65.37926959991455
25,130,0.0365496426820755,0.028936905786395073,0.014846963342279196,1.2630805432554761,65.37926959991455
25,131,0.075311578810215,0.033675067126750946,0.05005527846515179,2.2364195600415666,65.37926959991455
25,132,0.07566965371370316,0.025449957698583603,0.05658218543976545,2.9732722783637957,65.37926959991455
25,133,0.0,0.00741867208853364,-0.00556400406640023,0.0,65.37926959991455
25,134,0.0016148824943229556,0.008906385861337185,-0.005064906901679933,0.1813173737679476,65.37926959991455
25,135,0.21752463281154633,0.005352690815925598,0.21351011469960213,40.63837054135792,65.37926959991455
25,136,0.5328291654586792,0.06368623673915863,0.4850644879043102,8.366472769189281,65.37926959991455
25,137,0.0,0.002464764053002,-0.0018485730397514999,0.0,65.37926959991455
25,138,0.10583610832691193,0.014484052546322346,0.09497306891717017,7.307078456193378,65.37926959991455
25,139,0.013389824889600277,0.004436978604644537,0.010062090936116874,3.017779908284053,65.37926959991455
25,140,0.06980714946985245,0.08400971442461014,0.006799863651394844,0.830941397041244,65.37926959991455
25,141,0.09698262810707092,0.06998670101165771,0.04449260234832764,1.3857293843516176,65.37926959991455
25,142,0.04185762256383896,0.12151439487934113,-0.049278173595666885,0.34446637046629264,65.37926959991455
25,143,0.030345017090439796,0.04453837871551514,-0.003058766946196556,0.6813228942073649,65.37926959991455
25,144,0.0,0.2868103086948395,-0.2151077315211296,0.0,65.37926959991455
25,145,0.059274133294820786,0.017010686919093132,0.046516118105500937,3.4845232043396086,65.37926959991455
25,146,0.74560546875,0.7967900633811951,0.1480129212141037,0.9357615048373873,65.37926959991455
25,147,0.0,0.0,0.0,0.0,65.37926959991455
25,148,0.1524893194437027,0.14315234124660492,0.04512506350874901,1.0652240690911787,65.37926959991455
25,149,0.09316375851631165,0.01209961250424385,0.08408904913812876,7.699730753851448,65.37926959991455
25,150,0.7337296009063721,0.14002041518688202,0.6287142895162106,5.24016158587903,65.37926959991455
25,151,0.0031988925766199827,0.4874173402786255,-0.36236411263234913,0.006562943728642925,65.37926959991455
25,152,0.04085342586040497,0.06870290637016296,-0.010673753917217255,0.5946389755288808,65.37926959991455
25,153,2.5114080905914307,1.18998384475708,1.6189202070236206,2.1104556180777325,65.37926959991455
25,154,0.07452689111232758,0.2960415482521057,-0.1475042700767517,0.2517447012154171,65.37926959991455
25,155,0.018212730064988136,0.03186235576868057,-0.005684036761522293,0.571606512608177,65.37926959991455
25,156,1.491018295288086,0.689956784248352,0.9735507071018219,2.161031428816603,65.37926959991455
25,157,0.05876525118947029,0.0503847636282444,0.02097667846828699,1.1663297980693845,65.37926959991455
25,158,0.0027571762911975384,0.02021080255508423,-0.012400925625115633,0.1364209206213596,65.37926959991455
25,159,0.10539834201335907,0.03657211363315582,0.0779692567884922,2.8819319295487564,65.37926959991455
25,160,0.1337297111749649,0.059061139822006226,0.08943385630846024,2.2642588946932727,65.37926959991455
25,161,0.22618617117404938,0.12614227831363678,0.1315794624388218,1.7931035826852044,65.37926959991455
25,162,0.19289234280586243,0.038160230964422226,0.16427216958254576,5.054800191871117,65.37926959991455
25,163,0.05999961495399475,0.2765013575553894,-0.1473764032125473,0.21699573370723324,65.37926959991455
25,164,0.08690010756254196,0.030687503516674042,0.06388447992503643,2.8317750745834718,65.37926959991455
25,165,0.022628698498010635,0.015326295047998428,0.011133977212011814,1.4764624082771667,65.37926959991455
25,166,0.4968009889125824,0.2838730216026306,0.28389622271060944,1.7500817305783332,65.37926959991455
25,167,0.17708797752857208,0.1886058896780014,0.03563356027007103,0.9389313230353925,65.37926959991455
25,168,4.74584436416626,2.423426628112793,2.928274393081665,1.9583198059765714,65.37926959991455
25,169,0.0,0.0036847912706434727,-0.0027635934529826045,0.0,65.37926959991455
25,170,0.11020317673683167,0.0807570368051529,0.049635399132966995,1.364626304966594,65.37926959991455
25,171,0.009032023139297962,0.05641316995024681,-0.033277854323387146,0.1601048681913033,65.37926959991455
25,172,0.0589156337082386,0.03309175744652748,0.03409681562334299,1.7803718585106638,65.37926959991455
25,173,0.07466768473386765,0.22173547744750977,-0.09163392335176468,0.33674216500247045,65.37926959991455
25,174,0.06345871090888977,0.005748658441007137,0.05914721707813442,11.038873077791212,65.37926959991455
25,175,0.011634254828095436,0.009271868504583836,0.004680353449657559,1.2547907491449959,65.37926959991455
25,176,0.03905218094587326,0.042381588369607925,0.0072659896686673164,0.9214421272836569,65.37926959991455
25,177,0.013139169663190842,0.008948618546128273,0.006427705753594637,1.4682902834658618,65.37926959991455
25,178,0.0440395250916481,0.0065195318311452866,0.03914987621828914,6.755013431256867,65.37926959991455
25,179,0.01932004652917385,0.02298590913414955,0.0020806146785616875,0.84051696261298,65.37926959991455
25,180,0.0,0.0,0.0,0.0,65.37926959991455
25,181,1.1527023161761463e-05,0.00045863993000239134,-0.00033245292434003204,0.025133056200685153,65.37926959991455
25,182,0.07180822640657425,0.2209101915359497,-0.09387441724538803,0.325056195492744,65.37926959991455
25,183,0.0,0.16101054847240448,-0.12075791135430336,0.0,65.37926959991455
25,184,0.06787674129009247,0.05756913870573044,0.02469988726079464,1.1790473648715012,65.37926959991455
25,185,0.14098438620567322,0.11840250343084335,0.0521825086325407,1.190721328682284,65.37926959991455
25,186,0.03427620977163315,0.01968499831855297,0.01951246103271842,1.7412350875126483,65.37926959991455
25,187,0.009939352981746197,0.38116705417633057,-0.27593593765050173,0.02607610724174001,65.37926959991455
25,188,0.10341323167085648,0.00562208192422986,0.09919667022768408,18.394116814053433,65.37926959991455
25,189,0.032224807888269424,0.049089714884757996,-0.004592478275299072,0.6564472407970442,65.37926959991455
25,190,0.0824292004108429,0.08136152476072311,0.02140805684030056,1.0131226111143639,65.37926959991455
25,191,0.284965842962265,0.08308963477611542,0.22264861688017845,3.4296196357906052,65.37926959991455
25,192,0.05976376682519913,0.045971017330884933,0.025285503827035427,1.3000314174850274,65.37926959991455
25,193,0.031219307333230972,0.005347998347133398,0.027208308572880924,5.83756861931855,65.37926959991455
25,194,0.22410425543785095,0.2383514642715454,0.045340657234191895,0.9402260486287454,65.37926959991455
25,195,0.06349225342273712,0.0402839370071888,0.033279300667345524,1.576118377154413,65.37926959991455
25,196,0.8162189722061157,0.5672213435173035,0.3908029645681381,1.4389778902594794,65.37926959991455
25,197,0.08003819733858109,0.057430416345596313,0.03696538507938385,1.3936551818734055,65.37926959991455
25,198,0.1593918651342392,0.27803412079811096,-0.049133725464344025,0.5732816701638042,65.37926959991455
25,199,0.2299986481666565,0.22628353536128998,0.06028599664568901,1.016417954573754,65.37926959991455
25,200,0.01746254786849022,0.033477187156677246,-0.0076453424990177155,0.5216253022167537,65.37926959991455
25,201,1.2973880767822266,0.3868500888347626,1.0072505101561546,3.353723093839158,65.37926959991455
25,202,0.8966579437255859,0.005375220440328121,0.8926265283953398,166.81324115221545,65.37926959991455
25,203,0.039135612547397614,0.03325977921485901,0.014190778136253357,1.1766648327219464,65.37926959991455
25,204,0.0946354791522026,0.0644153580069542,0.04632396064698696,1.4691446586467274,65.37926959991455
25,205,0.206308513879776,0.3246220648288727,-0.03715803474187851,0.6355344760310664,65.37926959991455
25,206,0.0,0.0,0.0,0.0,65.37926959991455
25,207,0.0,0.0,0.0,0.0,65.37926959991455
25,208,0.04636343941092491,0.01678355038166046,0.033775776624679565,2.762433356104691,65.37926959991455
25,209,0.11127579212188721,0.16098923981189728,-0.009466137737035751,0.6912001836347115,65.37926959991455
25,210,0.0308921467512846,0.08348812907934189,-0.03172395005822182,0.3700184336572762,65.37926959991455
25,211,0.0013595569180324674,0.7914003729820251,-0.5921907228184864,0.0017179129103867996,65.37926959991455
25,212,0.024523606523871422,0.03024362400174141,0.0018408885225653648,0.8108686486000652,65.37926959991455
25,213,0.08330792188644409,0.08114714920520782,0.022447559982538223,1.026627832294458,65.37926959991455
25,214,0.0,0.023421848192811012,-0.01756638614460826,0.0,65.37926959991455
25,215,0.014720453880727291,0.14336161315441132,-0.0928007559850812,0.10268058203816084,65.37926959991455
25,216,0.0,0.02228262647986412,-0.01671196985989809,0.0,65.37926959991455
25,217,0.19563792645931244,0.14692990481853485,0.0854404978454113,1.3315051602299934,65.37926959991455
25,218,0.0,0.0,0.0,0.0,65.37926959991455
25,219,1.5919016732368618e-05,0.00040719943353906274,-0.00028948055842192844,0.03909390677417923,65.37926959991455
25,220,0.008610706776380539,0.05013740807771683,-0.02899234928190708,0.17174216032192052,65.37926959991455
25,221,0.057732827961444855,0.033789295703172684,0.03239085618406534,1.7086129425987224,65.37926959991455
25,222,0.0016538378549739718,0.0,0.0016538378549739718,1653837854.9739718,65.37926959991455
25,223,0.030795156955718994,0.022048091515898705,0.014259088318794966,1.396726647842337,65.37926959991455
25,224,0.0,0.4932989776134491,-0.3699742332100868,0.0,65.37926959991455
25,225,0.3617706894874573,0.005010220222175121,0.35801302432082593,72.20654449759749,65.37926959991455
25,226,0.5629127621650696,0.623464822769165,0.0953141450881958,0.9028781442134107,65.37926959991455
25,227,0.004779656417667866,0.009236342273652554,-0.0021476002875715494,0.5174836829926448,65.37926959991455
25,228,0.9695430994033813,0.5578414797782898,0.551161989569664,1.7380261858386392,65.37926959991455
25,229,0.14792580902576447,0.06715550273656845,0.09755918197333813,2.2027354869761266,65.37926959991455
25,230,0.26151418685913086,0.009654718451201916,0.2542731480207294,27.08667147093122,65.37926959991455
25,231,0.06128827482461929,0.18161170184612274,-0.07492050155997276,0.33746875449804764,65.37926959991455
25,232,0.011099171824753284,0.02628994546830654,-0.008618287276476622,0.4221831436551113,65.37926959991455
25,233,0.04871702939271927,0.02131352759897709,0.03273188369348645,2.2857328128437846,65.37926959991455
25,234,8.991009963210672e-06,0.04153674840927124,-0.03114357029699022,0.00021645916705861763,65.37926959991455
25,235,0.017590168863534927,0.009246296249330044,0.010655446676537395,1.9024016089585114,65.37926959991455
25,236,0.34126874804496765,0.4010385572910309,0.04048983007669449,0.8509624370019373,65.37926959991455
25,237,0.007581530604511499,0.08810010552406311,-0.05849354853853583,0.08605586292237381,65.37926959991455
25,238,0.04329148307442665,0.056773606687784195,0.0007112780585885048,0.7625283225661093,65.37926959991455
25,239,0.0,0.000766483077313751,-0.0005748623079853132,0.0,65.37926959991455
25,240,0.0,0.002166222548112273,-0.001624666911084205,0.0,65.37926959991455
25,241,0.10414575785398483,0.01530263852328062,0.09266877896152437,6.80573861094198,65.37926959991455
25,242,0.054722994565963745,0.010509815998375416,0.04684063256718218,5.206846111217918,65.37926959991455
25,243,0.02508263848721981,0.03404238075017929,-0.0004491470754146576,0.7368062378055302,65.37926959991455
25,244,0.0771835595369339,1.1241215361224022e-05,0.07717512862541298,6866.121695084038,65.37926959991455
25,245,0.0,0.00034023335319943726,-0.00025517501489957795,0.0,65.37926959991455
25,246,0.010348857380449772,0.056545667350292206,-0.03206039313226938,0.18301768933342116,65.37926959991455
25,247,0.2839568257331848,0.8201265335083008,-0.33113807439804077,0.34623538457918285,65.37926959991455
25,248,0.08389942348003387,0.05044246092438698,0.04606757778674364,1.663269831425066,65.37926959991455
25,249,0.0,0.00034001804306171834,-0.00025501353229628876,0.0,65.37926959991455
25,250,0.07838421314954758,0.03243788704276085,0.05405579786747694,2.416440165902363,65.37926959991455
25,251,0.0,0.08026497811079025,-0.06019873358309269,0.0,65.37926959991455
25,252,0.041687507182359695,0.05159349739551544,0.002992384135723114,0.8079992496336412,65.37926959991455
25,253,2.34737626669812e-06,0.2041010558605194,-0.15307344451912286,1.1501049109176546e-05,65.37926959991455
25,254,0.21465946733951569,0.1464841663837433,0.10479634255170822,1.4654107173311055,65.37926959991455
25,255,0.0,0.0,0.0,0.0,65.37926959991455
26,0,0.0,0.0,0.0,0.0,65.39896965026855
26,1,1.1447242498397827,0.5927260518074036,0.70017971098423,1.9312872217228112,65.39896965026855
26,2,0.26511892676353455,0.1331237554550171,0.16527611017227173,1.9915222933380021,65.39896965026855
26,3,0.05447585880756378,0.05550003424286842,0.012850833125412464,0.9815463999210453,65.39896965026855
26,4,0.0563681423664093,0.09706186503171921,-0.016428256407380104,0.5807444803106534,65.39896965026855
26,5,0.05650734901428223,0.037564024329185486,0.028334330767393112,1.5042943353881915,65.39896965026855
26,6,0.0,0.13947737216949463,-0.10460802912712097,0.0,65.39896965026855
26,7,0.0,0.02119704894721508,-0.01589778671041131,0.0,65.39896965026855
26,8,0.0,0.027072865515947342,-0.020304649136960506,0.0,65.39896965026855
26,9,0.0541662871837616,0.03595459461212158,0.02720034122467041,1.506519201971302,65.39896965026855
26,10,0.19918011128902435,0.11832867562770844,0.11043360456824303,1.6832784634048592,65.39896965026855
26,11,0.22661423683166504,0.21447978913784027,0.06575439497828484,1.05657618249974,65.39896965026855
26,12,0.1540021300315857,0.10950917750597,0.07187024690210819,1.4062942808769048,65.39896965026855
26,13,0.10127891600131989,0.11945321410894394,0.01168900541961193,0.8478542562120048,65.39896965026855
26,14,1.9679707288742065,0.03444349393248558,1.9421381084248424,57.13621076521994,65.39896965026855
26,15,0.11227963864803314,0.16394169628620148,-0.010676633566617966,0.6848754233415757,65.39896965026855
26,16,2.1188352548051625e-05,0.13849277794361115,-0.10384839510516031,0.0001529924726943213,65.39896965026855
26,17,0.1758267879486084,0.013763674534857273,0.16550403204746544,12.774698173118127,65.39896965026855
26,18,0.0,0.39254704117774963,-0.2944102808833122,0.0,65.39896965026855
26,19,0.020943153649568558,0.22423624992370605,-0.14723403379321098,0.09339771627736747,65.39896965026855
26,20,0.014108391478657722,0.08085821568965912,-0.046535270288586617,0.17448309189300534,65.39896965026855
26,21,0.0,0.10165141522884369,-0.07623856142163277,0.0,65.39896965026855
26,22,0.0,0.06837451457977295,-0.05128088593482971,0.0,65.39896965026855
26,23,0.0,0.019849851727485657,-0.014887388795614243,0.0,65.39896965026855
26,24,0.03492576256394386,0.011243913322687149,0.0264928275719285,3.1061927959162587,65.39896965026855
26,25,0.05109747499227524,0.027229774743318558,0.03067514393478632,1.876529478193228,65.39896965026855
26,26,0.03285607323050499,0.008432348258793354,0.026531812036409974,3.8964321940031175,65.39896965026855
26,27,0.28582826256752014,0.10534331947565079,0.20682077296078205,2.7133022197090875,65.39896965026855
26,28,0.165012925863266,0.1295815259218216,0.0678267814218998,1.2734294081514925,65.39896965026855
26,29,0.0134623097255826,0.0057509285397827625,0.009149113320745528,2.340893236651178,65.39896965026855
26,30,0.06394140422344208,0.15341387689113617,-0.05111900344491005,0.4167902247095852,65.39896965026855
26,31,0.009408221580088139,0.03423779830336571,-0.016270127147436142,0.2747904960608546,65.39896965026855
26,32,0.0,0.0,0.0,0.0,65.39896965026855
26,33,0.1926771104335785,0.5697106719017029,-0.23460589349269867,0.3382016871653135,65.39896965026855
26,34,0.02535475231707096,0.06117173656821251,-0.02052405010908842,0.4144847561812052,65.39896965026855
26,35,0.0932551920413971,0.09719432145357132,0.020359450951218605,0.9594716095115147,65.39896965026855
26,36,0.0010141796665266156,0.10737836360931396,-0.07951959304045886,0.00944491639123099,65.39896965026855
26,37,0.020625360310077667,0.01094851829111576,0.012413971591740847,1.8838494634411294,65.39896965026855
26,38,0.003472954034805298,0.010121545754373074,-0.004118205280974507,0.343124866373465,65.39896965026855
26,39,0.0,0.05962492898106575,-0.04471869673579931,0.0,65.39896965026855
26,40,0.0,0.0,0.0,0.0,65.39896965026855
26,41,2.026850938796997,1.2134062051773071,1.1167962849140167,1.6703812211831865,65.39896965026855
26,42,0.11485171318054199,0.09816590696573257,0.04122728295624256,1.169975572267305,65.39896965026855
26,43,0.042024120688438416,0.042106758803129196,0.010444051586091518,0.9980374144665185,65.39896965026855
26,44,0.05149558559060097,0.07117056846618652,-0.0018823407590389252,0.723551696995974,65.39896965026855
26,45,0.020829474553465843,0.008773756213486195,0.014249157393351197,2.37406579853161,65.39896965026855
26,46,0.011379864066839218,0.016546299681067467,-0.001029860693961382,0.687758851555945,65.39896965026855
26,47,0.004708581138402224,0.010245950892567635,-0.0029758820310235023,0.459555309928164,65.39896965026855
26,48,0.0031434791162610054,0.10553927719593048,-0.07601097878068686,0.029784921782204803,65.39896965026855
26,49,0.03558032214641571,0.08625678718090057,-0.02911226823925972,0.41249301427588525,65.39896965026855
26,50,0.03940428048372269,0.16614863276481628,-0.08520719408988953,0.23716283322813952,65.39896965026855
26,51,0.016572197899222374,0.022448178380727768,-0.000263935886323452,0.7382424363088504,65.39896965026855
26,52,0.6344365477561951,0.17665995657444,0.5019415803253651,3.591286673306004,65.39896965026855
26,53,0.03162625432014465,0.012683901004493237,0.022113328566774726,2.493416994223443,65.39896965026855
26,54,0.0,0.0,0.0,0.0,65.39896965026855
26,55,0.03691868856549263,0.008846434764564037,0.030283862492069602,4.173284441004832,65.39896965026855
26,56,0.028126314282417297,0.02834119088947773,0.006870421115309,0.9924182223361465,65.39896965026855
26,57,0.008217241615056992,0.0019085227977484465,0.006785849516745657,4.3055506701023525,65.39896965026855
26,58,0.007202595006674528,0.4213096797466278,-0.3087796648032963,0.01709572638110051,65.39896965026855
26,59,0.007199958432465792,0.07616674900054932,-0.049925103317946196,0.09452889255282954,65.39896965026855
26,60,0.038915686309337616,0.032750971615314484,0.014352457597851753,1.1882299788001482,65.39896965026855
26,61,0.12171406298875809,0.0631202757358551,0.07437385618686676,1.928287884802297,65.39896965026855
26,62,0.036301810294389725,0.009305938147008419,0.02932235668413341,3.900929677053435,65.39896965026855
26,63,0.10875104367733002,0.051813073456287384,0.06989123858511448,2.0989112673846693,65.39896965026855
26,64,0.011010237038135529,0.02475780062377453,-0.007558113429695368,0.4447178974015104,65.39896965026855
26,65,0.0,0.002698318101465702,-0.0020237385760992765,0.0,65.39896965026855
26,66,0.09677895158529282,0.042733337730169296,0.06472894828766584,2.264717822748097,65.39896965026855
26,67,0.12072868645191193,0.07907544076442719,0.06142210587859154,1.5267532533906036,65.39896965026855
26,68,0.013143686577677727,0.2965012788772583,-0.209232272580266,0.044329274488810716,65.39896965026855
26,69,0.0,0.7743985056877136,-0.5807988792657852,0.0,65.39896965026855
26,70,3.3590402603149414,1.6315964460372925,2.135342925786972,2.058744531143767,65.39896965026855
26,71,0.07690468430519104,0.008582118898630142,0.07046809513121843,8.96103691927472,65.39896965026855
26,72,0.0,0.0,0.0,0.0,65.39896965026855
26,73,0.026304146274924278,0.03762100264430046,-0.0019116057083010674,0.6991878053577113,65.39896965026855
26,74,0.10614002496004105,0.064191073179245,0.0579967200756073,1.6535013312833344,65.39896965026855
26,75,0.0436728410422802,0.03761688247323036,0.015460179187357426,1.1609904428469984,65.39896965026855
26,76,0.0,0.032075099647045135,-0.02405632473528385,0.0,65.39896965026855
26,77,0.14268043637275696,0.02486342564225197,0.12403286714106798,5.738567099320081,65.39896965026855
26,78,0.016110122203826904,0.05137844383716583,-0.02242371067404747,0.31355800215692214,65.39896965026855
26,79,0.010836971923708916,0.007680871058255434,0.00507631863001734,1.4109040289968657,65.39896965026855
26,80,0.9072356224060059,0.4712173342704773,0.5538226217031479,1.9253018860365823,65.39896965026855
26,81,0.04356200620532036,0.06818211823701859,-0.007574582472443581,0.6389066126289698,65.39896965026855
26,82,3.9182928048830945e-06,0.04366335645318031,-0.03274359904708035,8.973869906210471e-05,65.39896965026855
26,83,0.018126511946320534,0.017047155648469925,0.00534114520996809,1.0633159172735172,65.39896965026855
26,84,0.0,1.0955511331558228,-0.8216633498668671,0.0,65.39896965026855
26,85,4.627528142009396e-06,0.014570540748536587,-0.01092327803326043,0.0003175948114455926,65.39896965026855
26,86,0.2811916172504425,0.7235240936279297,-0.26145145297050476,0.38864167721089865,65.39896965026855
26,87,0.019638877362012863,0.2264913022518158,-0.15022959932684898,0.08670919000717922,65.39896965026855
26,88,0.5069625377655029,0.2634645998477936,0.30936408787965775,1.924215010504093,65.39896965026855
26,89,0.0,0.0030940475407987833,-0.0023205356555990875,0.0,65.39896965026855
26,90,0.35342782735824585,0.36743202805519104,0.07785380631685257,0.9618862820096795,65.39896965026855
26,91,0.06884660571813583,0.01933497004210949,0.05434537818655372,3.5607298881060894,65.39896965026855
26,92,0.006958962418138981,0.0025999469216912985,0.005009002226870507,2.6765786475885087,65.39896965026855
26,93,0.46485409140586853,0.16470764577388763,0.3413233570754528,2.8222981951985564,65.39896965026855
26,94,0.03503996878862381,0.08791898190975189,-0.03089926764369011,0.39854839111073304,65.39896965026855
26,95,0.30950838327407837,1.1148911714553833,-0.5266599953174591,0.27761309013665186,65.39896965026855
26,96,0.08493345230817795,0.3066747486591339,-0.14507260918617249,0.27694961088010456,65.39896965026855
26,97,0.0798533633351326,0.04875166714191437,0.04328961297869682,1.6379616947466502,65.39896965026855
26,98,0.14348846673965454,0.04905455932021141,0.10669754724949598,2.9250791103857594,65.39896965026855
26,99,0.19291996955871582,0.1198124811053276,0.10306060872972012,1.610182576784375,65.39896965026855
26,100,0.14763210713863373,0.23653480410575867,-0.029768995940685272,0.6241453882279446,65.39896965026855
26,101,0.09138239920139313,0.12182086706161499,1.6748905181884766e-05,0.7501374879758759,65.39896965026855
26,102,0.25178253650665283,0.09210281074047089,0.18270542845129967,2.7337117562394146,65.39896965026855
26,103,0.13820238411426544,0.14868222177028656,0.026690717786550522,0.929515193328615,65.39896965026855
26,104,0.0,5.4907937737880275e-05,-4.1180953303410206e-05,0.0,65.39896965026855
26,105,0.02072421833872795,0.013496849685907364,0.010601581074297428,1.535485599934591,65.39896965026855
26,106,0.11395014822483063,0.029334915801882744,0.09194896137341857,3.8844545861499538,65.39896965026855
26,107,0.08775416761636734,0.11037255823612213,0.004974748939275742,0.795072335170832,65.39896965026855
26,108,0.0,0.032888274639844894,-0.02466620597988367,0.0,65.39896965026855
26,109,0.00837823748588562,0.038521867245435715,-0.020513162948191166,0.21749302629302913,65.39896965026855
26,110,0.0412997305393219,0.015213970094919205,0.029889252968132496,2.7145925934480175,65.39896965026855
26,111,0.06139342114329338,0.20095179975032806,-0.08932042866945267,0.3055131689254136,65.39896965026855
26,112,0.01394345611333847,0.004199577029794455,0.01079377334099263,3.3202048708940377,65.39896965026855
26,113,0.051205262541770935,0.02500182017683983,0.032453897409141064,2.0480613882326986,65.39896965026855
26,114,0.5110045075416565,0.054101090878248215,0.47042868938297033,9.445364210533224,65.39896965026855
26,115,0.17551487684249878,0.028845665976405144,0.15388062736019492,6.084618638376381,65.39896965026855
26,116,0.010656457394361496,0.025355283170938492,-0.008360004983842373,0.42028548141617056,65.39896965026855
26,117,0.31610429286956787,0.01582569070160389,0.30423502484336495,19.974123013636145,65.39896965026855
26,118,0.05987297371029854,0.0746188759803772,0.00390881672501564,0.8023837524065783,65.39896965026855
26,119,1.6028708219528198,1.0130285024642944,0.843099445104599,1.5822563906662959,65.39896965026855
26,120,0.20986193418502808,0.7638502717018127,-0.3630257695913315,0.27474223936216385,65.39896965026855
26,121,0.13299822807312012,0.10032027959823608,0.057758018374443054,1.325736218084991,65.39896965026855
26,122,0.0,0.0,0.0,0.0,65.39896965026855
26,123,0.8704159259796143,0.014824909158051014,0.859297244111076,58.713069782839206,65.39896965026855
26,124,0.011164749972522259,0.007638140115886927,0.005436144885607064,1.4617105475505037,65.39896965026855
26,125,0.02276955358684063,0.08053857833147049,-0.03763438016176224,0.28271611019561166,65.39896965026855
26,126,0.04403284564614296,0.06351778656244278,-0.003605494275689125,0.6932364622334897,65.39896965026855
26,127,0.030074041336774826,0.04425719007849693,-0.0031188512220978737,0.6795289371682739,65.39896965026855
26,128,0.00813510362058878,0.05720590054988861,-0.03476932179182768,0.14220742165140887,65.39896965026855
26,129,0.01346508413553238,0.007254875265061855,0.008023927686735988,1.8560049127959155,65.39896965026855
26,130,0.018026970326900482,0.010393657721579075,0.010231727035716176,1.7344202405029057,65.39896965026855
26,131,0.023203954100608826,0.04632667079567909,-0.011541048996150494,0.500876788717401,65.39896965026855
26,132,0.4013863801956177,0.2781463861465454,0.19277659058570862,1.443076021065751,65.39896965026855
26,133,0.006433818489313126,0.004861504305154085,0.0027876902604475617,1.3234213289019774,65.39896965026855
26,134,3.863426923751831,2.0362985134124756,2.3362030386924744,1.897279253656928,65.39896965026855
26,135,0.2244742214679718,0.14914102852344513,0.11261845007538795,1.5051138086470892,65.39896965026855
26,136,0.012020600028336048,0.048213109374046326,-0.024139232002198696,0.24932223173636575,65.39896965026855
26,137,0.0,0.0,0.0,0.0,65.39896965026855
26,138,0.06415953487157822,0.09624537080526352,-0.008024493232369423,0.6666246317521881,65.39896965026855
26,139,0.0,0.0,0.0,0.0,65.39896965026855
26,140,0.020609410479664803,0.03459739312529564,-0.005338634364306927,0.595692583092357,65.39896965026855
26,141,0.12685897946357727,0.05483272671699524,0.08573443442583084,2.3135632141004607,65.39896965026855
26,142,0.008224408142268658,0.004622400272637606,0.0047576079377904534,1.7792505311956563,65.39896965026855
26,143,0.0021165001671761274,0.0024141448084264994,0.0003058915608562529,0.8767080412541285,65.39896965026855
26,144,0.0023187045007944107,0.005870405584573746,-0.0020840996876358986,0.3949819934916458,65.39896965026855
26,145,0.06570879369974136,0.025030581280589104,0.046935857739299536,2.625140541505225,65.39896965026855
26,146,0.15625756978988647,0.513134777545929,-0.22859351336956024,0.30451564896241295,65.39896965026855
26,147,0.1577867865562439,0.14473560452461243,0.049235083162784576,1.0901725741458588,65.39896965026855
26,148,0.029631242156028748,0.04299720749258995,-0.0026166634634137154,0.6891434091492149,65.39896965026855
26,149,0.0,0.0,0.0,0.0,65.39896965026855
26,150,0.0,0.15938794612884521,-0.11954095959663391,0.0,65.39896965026855
26,151,0.011576117016375065,0.26007309556007385,-0.18347870465368032,0.0445110133033988,65.39896965026855
26,152,0.10866183787584305,0.11091522127389908,0.02547542192041874,0.9796837316541873,65.39896965026855
26,153,0.011736653745174408,0.020251184701919556,-0.003451734781265259,0.5795539331327302,65.39896965026855
26,154,0.38060274720191956,0.1510828137397766,0.2672906368970871,2.519166394762454,65.39896965026855
26,155,0.27945804595947266,0.20394077897071838,0.12650246173143387,1.3702901762389887,65.39896965026855
26,156,0.26785558462142944,0.5077502727508545,-0.11295711994171143,0.527534102876464,65.39896965026855
26,157,0.03721768409013748,0.017204109579324722,0.02431460190564394,2.1633019666824866,65.39896965026855
26,158,0.16338542103767395,0.044998135417699814,0.1296368194743991,3.6309375825776127,65.39896965026855
26,159,0.024279354140162468,0.039827536791563034,-0.005591298453509808,0.609612245583215,65.39896965026855
26,160,0.038321588188409805,0.12167677283287048,-0.05293599143624306,0.3149457969330893,65.39896965026855
26,161,0.24528540670871735,0.11828036606311798,0.15657513216137886,2.073762661300455,65.39896965026855
26,162,0.0,0.007036472205072641,-0.005277354153804481,0.0,65.39896965026855
26,163,0.35194796323776245,0.4556597173213959,0.010203175246715546,0.7723920940519445,65.39896965026855
26,164,0.2645718455314636,0.5389631986618042,-0.13965055346488953,0.4908903728267165,65.39896965026855
26,165,0.0,0.5949168801307678,-0.44618766009807587,0.0,65.39896965026855
26,166,0.08478289842605591,0.04124560207128525,0.05384869687259197,2.055562148843629,65.39896965026855
26,167,0.028253598138689995,0.0300827044993639,0.00569156976416707,0.9391974095396982,65.39896965026855
26,168,0.0,0.0,0.0,0.0,65.39896965026855
26,169,0.021256225183606148,0.035952892154455185,-0.005708443932235241,0.5912243468953,65.39896965026855
26,170,0.04303513094782829,0.19211380183696747,-0.10105022042989731,0.22400853315122546,65.39896965026855
26,171,0.4794272780418396,0.307993620634079,0.24843206256628036,1.556614312508378,65.39896965026855
26,172,2.9735350608825684,1.5614240169525146,1.8024670481681824,1.9043738463074336,65.39896965026855
26,173,0.25954219698905945,0.0458882637321949,0.22512599918991327,5.655960279911624,65.39896965026855
26,174,0.21330922842025757,0.05262785032391548,0.17383834067732096,4.05316248152494,65.39896965026855
26,175,1.0949175357818604,0.07887855172157288,1.0357586219906807,13.881055266238173,65.39896965026855
26,176,0.0345102958381176,0.016623765230178833,0.022042471915483475,2.075961453870363,65.39896965026855
26,177,0.046787992119789124,0.0510014072060585,0.008536936715245247,0.917386297398354,65.39896965026855
26,178,1.3516090575649287e-06,0.021927036345005035,-0.01644392564969621,6.16412102500657e-05,65.39896965026855
26,179,0.017627699300646782,0.027196234092116356,-0.002769476268440485,0.6481669204747923,65.39896965026855
26,180,0.0,0.03373955190181732,-0.02530466392636299,0.0,65.39896965026855
26,181,0.0058646416291594505,0.03383864462375641,-0.019514341838657856,0.17331195425211768,65.39896965026855
26,182,0.08665146678686142,0.06780291348695755,0.03579928167164326,1.2779903153018866,65.39896965026855
26,183,0.21291938424110413,0.1394895762205124,0.10830220207571983,1.5264178873336287,65.39896965026855
26,184,0.046817999333143234,0.036965854465961456,0.019093608483672142,1.2665201442857819,65.39896965026855
26,185,0.7076213955879211,0.12961745262145996,0.6104083061218262,5.459306453499189,65.39896965026855
26,186,0.05865951254963875,0.03331182897090912,0.03367564082145691,1.7609214011966916,65.39896965026855
26,187,0.027309345081448555,0.04113343730568886,-0.0035407328978180885,0.6639208116217334,65.39896965026855
26,188,0.035036951303482056,0.08868984878063202,-0.03148043528199196,0.3950502992709841,65.39896965026855
26,189,0.036522869020700455,0.055559705942869186,-0.005146910436451435,0.6573625327966773,65.39896965026855
26,190,0.1747971773147583,0.10976150631904602,0.09247604757547379,1.5925180254458173,65.39896965026855
26,191,0.02303735539317131,0.0040861014276742935,0.01997277932241559,5.637979329515962,65.39896965026855
26,192,0.08548625558614731,0.09927327930927277,0.011031296104192734,0.861120496674287,65.39896965026855
26,193,0.06786428391933441,0.04820732772350311,0.03170878812670708,1.4077586774186601,65.39896965026855
26,194,0.010159320197999477,0.030700666829943657,-0.012866179924458265,0.3309152942489102,65.39896965026855
26,195,0.07957875728607178,0.02946856990456581,0.05747732985764742,2.7004621378332145,65.39896965026855
26,196,0.08688464015722275,0.1558949500322342,-0.030036572366952896,0.5573281247320737,65.39896965026855
26,197,0.06686416268348694,0.1078854650259018,-0.014049936085939407,0.6197698889912002,65.39896965026855
26,198,0.2634786367416382,0.14817355573177338,0.15234846994280815,1.7781758387226267,65.39896965026855
26,199,0.057215359061956406,0.048509880900382996,0.02083294838666916,1.179457834132205,65.39896965026855
26,200,0.03270852565765381,0.0,0.03270852565765381,32708525657.65381,65.39896965026855
26,201,0.2814999520778656,0.2861838638782501,0.06686205416917801,0.9836332079038502,65.39896965026855
26,202,0.0922146812081337,0.1391463279724121,-0.012145064771175385,0.6627173174541404,65.39896965026855
26,203,0.20183604955673218,0.13933368027210236,0.09733578935265541,1.448580480764747,65.39896965026855
26,204,0.08716011792421341,0.0618322491645813,0.040785931050777435,1.4096223103708603,65.39896965026855
26,205,0.4176259934902191,0.0008397966739721596,0.41699614598474,497.294173621328,65.39896965026855
26,206,0.0,0.04180143028497696,-0.03135107271373272,0.0,65.39896965026855
26,207,0.011446790769696236,0.007751755882054567,0.00563297385815531,1.4766706978891142,65.39896965026855
26,208,0.17163459956645966,0.07229392975568771,0.11741415224969387,2.3741218681030714,65.39896965026855
26,209,0.11638887971639633,0.27929648756980896,-0.09308348596096039,0.4167216019388311,65.39896965026855
26,210,0.015594993717968464,0.04522254317998886,-0.018321913667023182,0.3448499934104647,65.39896965026855
26,211,0.0,0.0,0.0,0.0,65.39896965026855
26,212,0.046630438417196274,0.014688334427773952,0.03561418759636581,3.1746580011038428,65.39896965026855
26,213,0.13204839825630188,0.19631363451480865,-0.015186827629804611,0.6726399752212235,65.39896965026855
26,214,0.4939969778060913,0.2643550634384155,0.29573068022727966,1.8686874061684269,65.39896965026855
26,215,0.028417931869626045,0.1908719539642334,-0.114736033603549,0.1488847956929401,65.39896965026855
26,216,0.06088539958000183,0.038199085742235184,0.03223608527332544,1.5938967751547366,65.39896965026855
26,217,0.0,0.010208899155259132,-0.007656674366444349,0.0,65.39896965026855
26,218,0.006963057443499565,0.0271651279181242,-0.013410788495093584,0.25632338136709404,65.39896965026855
26,219,0.7775844931602478,0.22373336553573608,0.6097844690084457,3.475496340453394,65.39896965026855
26,220,0.03662845864892006,0.07919903844594955,-0.022770820185542107,0.4624861534582286,65.39896965026855
26,221,0.0006138060125522316,0.0013065707171335816,-0.0003661220252979547,0.46978399564092865,65.39896965026855
26,222,2.6583900451660156,1.2425689697265625,1.7264633178710938,2.1394305748266644,65.39896965026855
26,223,0.0769105851650238,0.051449377089738846,0.03832355234771967,1.4948788404061768,65.39896965026855
26,224,0.0029386980459094048,0.29471129179000854,-0.218094770796597,0.009971447066213371,65.39896965026855
26,225,0.0285243671387434,0.024353357031941414,0.01025934936478734,1.171270437178747,65.39896965026855
26,226,0.03503657132387161,0.01675175316631794,0.022472756449133158,2.091516689263706,65.39896965026855
26,227,1.5104924440383911,0.8967589735984802,0.837923213839531,1.6843906651699958,65.39896965026855
26,228,0.27619338035583496,0.008874697610735893,0.26953735714778304,31.121441252330335,65.39896965026855
26,229,0.03229007124900818,0.014352322556078434,0.021525829331949353,2.249815047048466,65.39896965026855
26,230,0.07951628416776657,0.05120202526450157,0.04111476521939039,1.5529909950914056,65.39896965026855
26,231,0.01813623681664467,0.0203634612262249,0.002863640896975994,0.890626432032952,65.39896965026855
26,232,0.0,0.0,0.0,0.0,65.39896965026855
26,233,0.025216948240995407,0.0086596654728055,0.018722199136391282,2.912000274984501,65.39896965026855
26,234,0.0004646933521144092,0.06634704768657684,-0.04929559241281822,0.007003979352670137,65.39896965026855
26,235,0.0,0.06453011184930801,-0.04839758388698101,0.0,65.39896965026855
26,236,0.09385278075933456,0.2658490240573883,-0.10553398728370667,0.353030375386,65.39896965026855
26,237,0.08729372173547745,0.09442340582609177,0.016476167365908623,0.9244924070556171,65.39896965026855
26,238,0.20104344189167023,0.004752821754664183,0.1974788255756721,42.2998067731188,65.39896965026855
26,239,0.0068338788114488125,0.031188951805233955,-0.016557835042476654,0.21911216683091214,65.39896965026855
26,240,0.10336124151945114,0.06579171121120453,0.054017458111047745,1.5710374394438513,65.39896965026855
26,241,0.05277209356427193,0.0762573778629303,-0.0044209398329257965,0.6920260706896545,65.39896965026855
26,242,0.009132263250648975,0.009522775188088417,0.0019901818595826626,0.9589917927615359,65.39896965026855
26,243,0.4615315794944763,0.033776987344026566,0.4361988389864564,13.664083619418289,65.39896965026855
26,244,0.232243150472641,0.1620466560125351,0.11070815846323967,1.4331869363181593,65.39896965026855
26,245,0.20769420266151428,0.08871643245220184,0.1411568783223629,2.3411018333167704,65.39896965026855
26,246,0.05873822793364525,0.1622564196586609,-0.06295408681035042,0.3620086530742571,65.39896965026855
26,247,0.09226541221141815,0.074573814868927,0.0363350510597229,1.2372360509161178,65.39896965026855
26,248,0.075510673224926,0.05101284384727478,0.03725104033946991,1.4802286547582804,65.39896965026855
26,249,0.0,0.009074159897863865,-0.006805619923397899,0.0,65.39896965026855
26,250,0.06418357044458389,0.050189364701509476,0.026541546918451786,1.2788281107964434,65.39896965026855
26,251,0.71811443567276,0.036490023136138916,0.6907469183206558,19.679747337344807,65.39896965026855
26,252,0.14082428812980652,0.11265773326158524,0.05633098818361759,1.2500188318326095,65.39896965026855
26,253,0.00885732937604189,0.07155147939920425,-0.0448062801733613,0.12378960505485515,65.39896965026855
26,254,0.0,0.00434461236000061,-0.0032584592700004578,0.0,65.39896965026855
26,255,0.41417473554611206,0.01243195217102766,0.4048507714178413,33.31534177536655,65.39896965026855
27,0,0.15667298436164856,0.1826201230287552,0.01970789209008217,0.8579174176556713,65.41866970062256
27,1,0.07229176163673401,0.05169152840971947,0.03352311532944441,1.3985224244548087,65.41866970062256
27,2,1.6398388147354126,0.00010879724140977487,1.6397572168043553,15072.429947802442,65.41866970062256
27,3,0.0,0.03986620157957077,-0.029899651184678078,0.0,65.41866970062256
27,4,0.21313650906085968,0.08266951143741608,0.15113437548279762,2.5781755008874563,65.41866970062256
27,5,0.07418575137853622,0.08584906905889511,0.009798949584364891,0.8641415939732365,65.41866970062256
27,6,0.04992805793881416,0.021721836179494858,0.03363668080419302,2.2985192192751693,65.41866970062256
27,7,2.6929241357720457e-05,0.6940000057220459,-0.5204730750501767,3.88029411176505e-05,65.41866970062256
27,8,0.18453125655651093,0.10793354362249374,0.10358109883964062,1.7096747717300393,65.41866970062256
27,9,0.005895317066460848,0.0031672234181314707,0.003519899502862245,1.8613518171311976,65.41866970062256
27,10,0.0027897970285266638,0.06208181008696556,-0.04377156053669751,0.0449374305384092,65.41866970062256
27,11,0.12062370777130127,0.4469262659549713,-0.21457099169492722,0.2698962154602577,65.41866970062256
27,12,0.1238044872879982,0.4875733256340027,-0.24187550693750381,0.25391973017957553,65.41866970062256
27,13,0.15930697321891785,0.09262244403362274,0.08984014019370079,1.7199608030140954,65.41866970062256
27,14,0.0,0.456442654132843,-0.34233199059963226,0.0,65.41866970062256
27,15,0.0,0.19729559123516083,-0.14797169342637062,0.0,65.41866970062256
27,16,0.2987614870071411,0.0023211867082864046,0.2970205969759263,128.71066588994404,65.41866970062256
27,17,0.027774464339017868,0.07538311183452606,-0.02876286953687668,0.36844412047644465,65.41866970062256
27,18,0.09032557904720306,0.0027009460609406233,0.0882998695014976,33.44220024234929,65.41866970062256
27,19,0.07479245960712433,0.06028757244348526,0.029576780274510384,1.2405949779450092,65.41866970062256
27,20,0.019918255507946014,0.07315009087324142,-0.034944312646985054,0.2722929701097595,65.41866970062256
27,21,0.006187081336975098,0.002166320802643895,0.004562340734992176,2.8560319074478797,65.41866970062256
27,22,0.011783580295741558,0.0812051072716713,-0.04912025015801191,0.14510885696110884,65.41866970062256
27,23,0.0,0.6927012801170349,-0.5195259600877762,0.0,65.41866970062256
27,24,0.6061701774597168,0.2604932188987732,0.4108002632856369,2.3270094324142296,65.41866970062256
27,25,0.16104985773563385,0.020147984847426414,0.14593886910006404,7.993348165943855,65.41866970062256
27,26,0.11158488690853119,0.02902640402317047,0.08981508389115334,3.8442545902556082,65.41866970062256
27,27,0.0252507496625185,0.10512242466211319,-0.05359106883406639,0.24020326532078967,65.41866970062256
27,28,0.16660545766353607,0.5314764976501465,-0.2320019155740738,0.31347662295481876,65.41866970062256
27,29,0.08454952389001846,0.07716801017522812,0.026673516258597374,1.0956550997872463,65.41866970062256
27,30,0.09769748896360397,0.01851392723619938,0.08381204353645444,5.27697271961315,65.41866970062256
27,31,0.005847516003996134,0.003830690635368228,0.002974498027469963,1.5264913194713114,65.41866970062256
27,32,0.0,0.0,0.0,0.0,65.41866970062256
27,33,0.0,0.16357241570949554,-0.12267931178212166,0.0,65.41866970062256
27,34,0.08593300729990005,0.0,0.08593300729990005,85933007299.90005,65.41866970062256
27,35,0.1800881326198578,0.20798863470554352,0.02409665659070015,0.8658556409774444,65.41866970062256
27,36,0.06035153567790985,0.04253483563661575,0.028450408950448036,1.4188731371172356,65.41866970062256
27,37,0.06779348850250244,0.022931700572371483,0.05059471307322383,2.9563218953427692,65.41866970062256
27,38,0.06273947656154633,0.27571529150009155,-0.14404699206352234,0.22755167557073253,65.41866970062256
27,39,0.028012413531541824,0.0,0.028012413531541824,28012413531.541824,65.41866970062256
27,40,1.566827654838562,0.8363274335861206,0.9395820796489716,1.8734619861962771,65.41866970062256
27,41,0.009935520589351654,0.01421323511749506,-0.0007244057487696409,0.6990330144066214,65.41866970062256
27,42,0.03542560711503029,0.021092580631375313,0.019606171641498804,1.6795292966975792,65.41866970062256
27,43,0.3386290967464447,0.07398355007171631,0.28314143419265747,4.57708634437812,65.41866970062256
27,44,6.660647341050208e-05,0.010508967563509941,-0.007815119199221954,0.006338060613626805,65.41866970062256
27,45,0.21694600582122803,0.09434566646814346,0.14618675597012043,2.2994803464786804,65.41866970062256
27,46,0.0,0.09601175785064697,-0.07200881838798523,0.0,65.41866970062256
27,47,0.0,0.013188363052904606,-0.009891272289678454,0.0,65.41866970062256
27,48,0.009830706752836704,0.00971199106425047,0.0025467134546488523,1.0122236199342274,65.41866970062256
27,49,0.008704963140189648,0.0,0.008704963140189648,8704963140.189648,65.41866970062256
27,50,0.03675328940153122,0.03273175284266472,0.01220447476953268,1.1228634646324747,65.41866970062256
27,51,0.1385556012392044,0.11693363636732101,0.050855373963713646,1.1849080003188979,65.41866970062256
27,52,0.0,0.0,0.0,0.0,65.41866970062256
27,53,0.0,0.0,0.0,0.0,65.41866970062256
27,54,0.20410147309303284,0.07098750025033951,0.1508608479052782,2.875174817684632,65.41866970062256
27,55,0.018949618563055992,0.0184333436191082,0.005124610848724842,1.0280076666278064,65.41866970062256
27,56,0.10499005019664764,1.1614148616790771,-0.7660710960626602,0.09039840427456847,65.41866970062256
27,57,4.545066076389048e-06,0.15717802941799164,-0.11787897699741734,2.8916675525134642e-05,65.41866970062256
27,58,0.018288983032107353,0.03469051420688629,-0.007728902623057365,0.5272041493103515,65.41866970062256
27,59,0.13270708918571472,0.04222681373357773,0.10103697888553143,3.1427208791992416,65.41866970062256
27,60,0.043323080986738205,0.028896933421492577,0.021650380920618773,1.4992276292202242,65.41866970062256
27,61,0.043307989835739136,0.09104853868484497,-0.024978414177894592,0.47565826383188387,65.41866970062256
27,62,0.03055739775300026,0.026518573984503746,0.01066846726462245,1.1523016950196612,65.41866970062256
27,63,0.08319564163684845,0.31924915313720703,-0.15624122321605682,0.2605978459740252,65.41866970062256
27,64,0.1548646241426468,0.003881357843056321,0.15195360576035455,39.89959966711062,65.41866970062256
27,65,0.0,0.0,0.0,0.0,65.41866970062256
27,66,0.006406784523278475,0.005281652323901653,0.002445545280352235,1.2130265547908383,65.41866970062256
27,67,0.02383721061050892,0.006896396167576313,0.018664913484826684,3.456473501206914,65.41866970062256
27,68,0.051347531378269196,0.0053002433851361275,0.0473723488394171,9.687768586736825,65.41866970062256
27,69,0.0,0.34492024779319763,-0.2586901858448982,0.0,65.41866970062256
27,70,1.099011569749564e-05,0.10192196816205978,-0.07643048600584734,0.00010782872324358092,65.41866970062256
27,71,0.0,0.0,0.0,0.0,65.41866970062256
27,72,0.8978589177131653,0.06500318646430969,0.849106527864933,13.81253699297228,65.41866970062256
27,73,0.0,0.0345662496984005,-0.025924687273800373,0.0,65.41866970062256
27,74,0.01844571717083454,0.007293889299035072,0.012975300196558237,2.528927491502489,65.41866970062256
27,75,0.05178690701723099,0.020928088575601578,0.036090840585529804,2.4745168115893192,65.41866970062256
27,76,0.012917637825012207,0.014573651365935802,0.001987399300560355,0.8863693455930541,65.41866970062256
27,77,0.0,0.0,0.0,0.0,65.41866970062256
27,78,0.0585833340883255,0.01545644085854292,0.04699100344441831,3.7902214759975434,65.41866970062256
27,79,0.023371759802103043,0.07216604053974152,-0.030752770602703094,0.32386091334619443,65.41866970062256
27,80,0.056422267109155655,0.039910901337862015,0.026489091105759144,1.4137056597671025,65.41866970062256
27,81,3.3247401006519794e-05,0.111688531935215,-0.08373315155040473,0.00029767963129381347,65.41866970062256
27,82,3.994124654127518e-06,0.002739106537774205,-0.0020503357786765264,0.0014581852138964093,65.41866970062256
27,83,0.0,0.0,0.0,0.0,65.41866970062256
27,84,0.05710618570446968,0.07467402517795563,0.0011006668210029602,0.764739620873727,65.41866970062256
27,85,0.11560674756765366,0.040763746947050095,0.08503393735736609,2.836018674018965,65.41866970062256
27,86,0.6027929186820984,0.5876065492630005,0.16208800673484802,1.0258444522735823,65.41866970062256
27,87,0.04268164932727814,0.0739559456706047,-0.012785309925675392,0.5771226226597451,65.41866970062256
27,88,0.0,0.0,0.0,0.0,65.41866970062256
27,89,2.9106292724609375,1.2745932340621948,1.9546843469142914,2.283575021956085,65.41866970062256
27,90,0.08061389625072479,0.1853773444890976,-0.058419112116098404,0.4348637988771653,65.41866970062256
27,91,0.0005985744064673781,0.021090460941195488,-0.015219271299429238,0.028381286123046082,65.41866970062256
27,92,0.0,0.0,0.0,0.0,65.41866970062256
27,93,0.09397390484809875,0.014451024122536182,0.08313563675619662,6.50292353294496,65.41866970062256
27,94,0.3942722976207733,0.020608000457286835,0.3788162972778082,19.13200159417842,65.41866970062256
27,95,0.05596085637807846,0.03173048421740532,0.03216299321502447,1.7636307089703434,65.41866970062256
27,96,0.0,0.0,0.0,0.0,65.41866970062256
27,97,0.08066840469837189,0.786748468875885,-0.5093929469585419,0.10253392016577963,65.41866970062256
27,98,0.042127203196287155,0.026852523908019066,0.021987810265272856,1.5688358881653475,65.41866970062256
27,99,0.0,0.0,0.0,0.0,65.41866970062256
27,100,0.04233605042099953,0.02569504640996456,0.023064765613526106,1.6476347130836058,65.41866970062256
27,101,0.0,0.14770348370075226,-0.1107776127755642,0.0,65.41866970062256
27,102,0.02704351395368576,0.04186512529850006,-0.004355330020189285,0.645967586630123,65.41866970062256
27,103,0.004741840995848179,0.0039362250827252865,0.001789672183804214,1.2046671353865892,65.41866970062256
27,104,0.0,0.0,0.0,0.0,65.41866970062256
27,105,0.011349097825586796,0.018177349120378494,-0.002283914014697075,0.6243538455362037,65.41866970062256
27,106,2.5256187915802,0.009797653183341026,2.5182705516926944,257.777933558287,65.41866970062256
27,107,0.025813594460487366,0.08190913498401642,-0.03561825677752495,0.31514915235290214,65.41866970062256
27,108,0.24760738015174866,0.27407822012901306,0.04204871505498886,0.9034186665189684,65.41866970062256
27,109,0.013911687768995762,0.006681269966065884,0.00890073529444635,2.0821921337666223,65.41866970062256
27,110,0.0,0.0037678214721381664,-0.002825866104103625,0.0,65.41866970062256
27,111,0.14172157645225525,0.06740397959947586,0.09116859175264835,2.102569867421518,65.41866970062256
27,112,0.04904533550143242,0.021949613466858864,0.03258312540128827,2.2344509880891623,65.41866970062256
27,113,0.1277429610490799,0.2601752281188965,-0.06738846004009247,0.49098817736103667,65.41866970062256
27,114,0.06581041216850281,0.15903262794017792,-0.05346405878663063,0.4138170450962075,65.41866970062256
27,115,0.10389799624681473,0.020045951008796692,0.08886353299021721,5.182991627388422,65.41866970062256
27,116,0.0,0.13541623950004578,-0.10156217962503433,0.0,65.41866970062256
27,117,0.06284044682979584,0.06497447937726974,0.014109587296843529,0.9671558345846842,65.41866970062256
27,118,0.38495293259620667,0.4338226616382599,0.05958593636751175,0.8873509077225425,65.41866970062256
27,119,0.0,0.03684926778078079,-0.027636950835585594,0.0,65.41866970062256
27,120,0.0,0.0,0.0,0.0,65.41866970062256
27,121,0.11968059837818146,0.02229328453540802,0.10296063497662544,5.3684596445501995,65.41866970062256
27,122,0.05059997737407684,0.1318822056055069,-0.04831167683005333,0.38367554698812456,65.41866970062256
27,123,0.06872677803039551,0.064063161611557,0.020679406821727753,1.0727971629942843,65.41866970062256
27,124,0.00348125072196126,0.0020836794283241034,0.0019184911507181823,1.6707227959199538,65.41866970062256
27,125,0.028677524998784065,0.04427812620997429,-0.0045310696586966515,0.6476679898815675,65.41866970062256
27,126,0.10844182223081589,0.06519585102796555,0.05954493395984173,1.6633239772058008,65.41866970062256
27,127,0.058022234588861465,0.006791478488594294,0.052928625722415745,8.543387817212622,65.41866970062256
27,128,0.33451876044273376,0.017464984208345413,0.3214200222864747,19.153682387169564,65.41866970062256
27,129,0.0,0.0024116509594023228,-0.001808738219551742,0.0,65.41866970062256
27,130,0.0,0.017380904406309128,-0.013035678304731846,0.0,65.41866970062256
27,131,0.012072457000613213,0.013731569983065128,0.0017737795133143663,0.8791752883772764,65.41866970062256
27,132,0.09318137913942337,0.053270123898983,0.05322878621518612,1.7492239986971967,65.41866970062256
27,133,0.05412011221051216,0.0,0.05412011221051216,54120112210.51216,65.41866970062256
27,134,0.08136341720819473,0.005208050832152367,0.07745737908408046,15.622623475613523,65.41866970062256
27,135,0.13665784895420074,0.1116519421339035,0.05291889235377312,1.2239630259998866,65.41866970062256
27,136,0.13220500946044922,0.07329483330249786,0.07723388448357582,1.8037425491237178,65.41866970062256
27,137,0.0,0.0,0.0,0.0,65.41866970062256
27,138,0.013601387850940228,0.013024255633354187,0.0038331961259245872,1.0443121075621191,65.41866970062256
27,139,0.1387309581041336,0.27249258756637573,-0.0656384825706482,0.5091182822352237,65.41866970062256
27,140,0.028811722993850708,0.05017106235027313,-0.008816573768854141,0.5742697412330076,65.41866970062256
27,141,0.04059158265590668,0.06443782150745392,-0.007736783474683762,0.6299341241786279,65.41866970062256
27,142,0.08602762222290039,0.02856587991118431,0.06460321228951216,3.0115516303842864,65.41866970062256
27,143,0.00843024905771017,0.007170562166720629,0.003052327432669699,1.1756747742401863,65.41866970062256
27,144,0.0,0.28642866015434265,-0.214821495115757,0.0,65.41866970062256
27,145,0.06074543297290802,0.034734465181827545,0.03469458408653736,1.7488518292471105,65.41866970062256
27,146,2.738795518875122,1.6249417066574097,1.5200892388820648,1.6854730896822647,65.41866970062256
27,147,0.046205922961235046,0.03386964648962021,0.02080368809401989,1.3642280846961665,65.41866970062256
27,148,0.0773734301328659,0.0651087760925293,0.028541848063468933,1.1883717491743098,65.41866970062256
27,149,0.003408893244341016,0.00142975605558604,0.002336576202651486,2.3842481580254633,65.41866970062256
27,150,0.15068356692790985,0.06810939311981201,0.09960152208805084,2.2123757094800167,65.41866970062256
27,151,0.004198045469820499,0.17038245499134064,-0.12358879577368498,0.024638953993292433,65.41866970062256
27,152,0.13668224215507507,0.0945730060338974,0.06575248762965202,1.4452563991107503,65.41866970062256
27,153,0.0027396748773753643,0.008915681391954422,-0.003947086166590452,0.3072872118939087,65.41866970062256
27,154,0.017950357869267464,0.04681096225976944,-0.017157863825559616,0.38346483392653957,65.41866970062256
27,155,0.23360340297222137,0.17451845109462738,0.10271456465125084,1.3385599144712692,65.41866970062256
27,156,0.0,0.0038136302027851343,-0.0028602226520888507,0.0,65.41866970062256
27,157,0.23304136097431183,0.1478109061717987,0.1221831813454628,1.5766181739111609,65.41866970062256
27,158,0.0,0.14634275436401367,-0.10975706577301025,0.0,65.41866970062256
27,159,0.013074937276542187,0.04379681870341301,-0.01977267675101757,0.29853623307175836,65.41866970062256
27,160,0.16394133865833282,0.11867178231477737,0.0749375019222498,1.3814685804759912,65.41866970062256
27,161,0.031542569398880005,0.04470935836434364,-0.0019894493743777275,0.7055026185151017,65.41866970062256
27,162,0.09351404756307602,0.030926112085580826,0.0703194634988904,3.0237893240920117,65.41866970062256
27,163,0.06457409262657166,0.06343947350978851,0.01699448749423027,1.017885065133622,65.41866970062256
27,164,0.024800393730401993,0.15102072060108185,-0.0884651467204094,0.1642184836062828,65.41866970062256
27,165,0.05524361506104469,0.18536719679832458,-0.08378178253769875,0.29802260602155245,65.41866970062256
27,166,0.03230918571352959,0.06260818243026733,-0.014646951109170914,0.5160537242715731,65.41866970062256
27,167,0.41016873717308044,0.1626911610364914,0.2881503663957119,2.521149486901498,65.41866970062256
27,168,0.10572275519371033,0.4799160063266754,-0.25421424955129623,0.22029428858333452,65.41866970062256
27,169,0.0,0.0,0.0,0.0,65.41866970062256
27,170,0.04120311141014099,0.03134553134441376,0.017693962901830673,1.3144811921068145,65.41866970062256
27,171,0.0,0.011666616424918175,-0.008749962318688631,0.0,65.41866970062256
27,172,0.0,0.0,0.0,0.0,65.41866970062256
27,173,0.0,0.27225011587142944,-0.20418758690357208,0.0,65.41866970062256
27,174,0.013700984418392181,0.03298146650195122,-0.011035115458071232,0.41541465165492875,65.41866970062256
27,175,0.12282467633485794,0.054282527416944504,0.08211278077214956,2.262692659632039,65.41866970062256
27,176,0.05201228708028793,0.28092315793037415,-0.15868008136749268,0.18514773742146903,65.41866970062256
27,177,0.13819953799247742,0.12251211702823639,0.046315450221300125,1.1280479134933026,65.41866970062256
27,178,1.3023163080215454,0.03533583879470825,1.2758144289255142,36.85539532684645,65.41866970062256
27,179,0.652340829372406,0.6719309687614441,0.14839260280132294,0.9708450119122817,65.41866970062256
27,180,0.20047447085380554,0.16278201341629028,0.07838796079158783,1.2315517337894757,65.41866970062256
27,181,0.33198994398117065,0.29989030957221985,0.10707221180200577,1.107037918142912,65.41866970062256
27,182,0.009125534445047379,0.004562286660075188,0.005703819449990988,2.0002106669239357,65.41866970062256
27,183,0.39071881771087646,0.21720102429389954,0.2278180494904518,1.7988811009490786,65.41866970062256
27,184,0.015674827620387077,0.022909387946128845,-0.0015072133392095566,0.6842097945419598,65.41866970062256
27,185,0.014252119697630405,0.06898722797632217,-0.037488301284611225,0.2065906996917666,65.41866970062256
27,186,0.1601353883743286,0.4661664664745331,-0.1894894614815712,0.3435154604427845,65.41866970062256
27,187,0.0,0.09493236988782883,-0.07119927741587162,0.0,65.41866970062256
27,188,0.0,0.0,0.0,0.0,65.41866970062256
27,189,0.03054775670170784,0.4274066388607025,-0.29000722244381905,0.07147234957104232,65.41866970062256
27,190,0.1700025051832199,0.03205655887722969,0.14596008602529764,5.303205057941273,65.41866970062256
27,191,4.969424844603054e-05,0.0,4.969424844603054e-05,49694248.44603054,65.41866970062256
27,192,0.4080478549003601,0.40965014696121216,0.10081024467945099,0.9960886330110366,65.41866970062256
27,193,1.6188545227050781,0.8272941708564758,0.9983838945627213,1.956806393337891,65.41866970062256
27,194,0.9205483198165894,0.6084114909172058,0.464239701628685,1.513035722627972,65.41866970062256
27,195,0.0,0.012389781884849072,-0.009292336413636804,0.0,65.41866970062256
27,196,0.03702756389975548,0.04571441188454628,0.002741754986345768,0.8099757247771274,65.41866970062256
27,197,0.01415258925408125,0.2057259976863861,-0.14014190901070833,0.06879339224586976,65.41866970062256
27,198,0.14199690520763397,0.046616747975349426,0.1070343442261219,3.046049142674534,65.41866970062256
27,199,0.14134201407432556,0.0681723803281784,0.09021272882819176,2.0733031968641686,65.41866970062256
27,200,0.3872268497943878,0.25368621945381165,0.19696218520402908,1.526400805792935,65.41866970062256
27,201,0.2701410949230194,0.17037880420684814,0.1423569917678833,1.5855322860082377,65.41866970062256
27,202,0.17504188418388367,0.1162555068731308,0.08785025402903557,1.5056653133292046,65.41866970062256
27,203,0.32493531703948975,0.05628982558846474,0.2827179478481412,5.7725408390731445,65.41866970062256
27,204,0.029733307659626007,0.00969917792826891,0.022458924213424325,3.065549253396076,65.41866970062256
27,205,0.11663658171892166,0.05082929506897926,0.07851461041718721,2.294672423812728,65.41866970062256
27,206,0.23463329672813416,0.20715083181858063,0.07927017286419868,1.1326688609799527,65.41866970062256
27,207,0.15718026459217072,0.03298339247703552,0.13244272023439407,4.765436566200431,65.41866970062256
27,208,0.0,0.00036212828126735985,-0.0002715962109505199,0.0,65.41866970062256
27,209,0.015030460432171822,0.0,0.015030460432171822,15030460432.171822,65.41866970062256
27,210,0.023148566484451294,0.011535100638866425,0.014497241005301476,2.006793629909704,65.41866970062256
27,211,0.03749009221792221,0.01612062007188797,0.025399627164006233,2.3255986462315996,65.41866970062256
27,212,0.021672384813427925,0.2066129446029663,-0.1332873236387968,0.10489364475671813,65.41866970062256
27,213,0.005886442493647337,0.00471333647146821,0.0023514401400461793,1.2488907863954832,65.41866970062256
27,214,0.04602571204304695,0.7360615134239197,-0.5060204230248928,0.06252970873166255,65.41866970062256
27,215,1.342989206314087,0.7183048725128174,0.8042605519294739,1.8696646197235047,65.41866970062256
27,216,0.039576977491378784,0.009297451935708523,0.03260388853959739,4.256755265936851,65.41866970062256
27,217,0.04590838775038719,0.033150672912597656,0.02104538306593895,1.384840297813581,65.41866970062256
27,218,0.021445617079734802,0.028748732060194016,-0.00011593196541070938,0.7459674059393667,65.41866970062256
27,219,0.0,0.1385335475206375,-0.10390016064047813,0.0,65.41866970062256
27,220,0.027100473642349243,0.11186721920967102,-0.05679994076490402,0.2422557191782249,65.41866970062256
27,221,0.24328219890594482,0.11935294419527054,0.15376749075949192,2.0383426696695324,65.41866970062256
27,222,0.047139719128608704,0.02067434974014759,0.03163395682349801,2.2801064951894383,65.41866970062256
27,223,0.006460128352046013,0.08431071788072586,-0.05677291005849838,0.07662286022885625,65.41866970062256
27,224,0.07585567235946655,0.019964424893260002,0.06088235368952155,3.7995420735247887,65.41866970062256
27,225,0.023770928382873535,0.07854878157377243,-0.03514065779745579,0.3026263158550133,65.41866970062256
27,226,0.01815834268927574,0.01875794306397438,0.004089885391294956,0.9680348546947967,65.41866970062256
27,227,0.2369779348373413,0.027379605919122696,0.2164432303979993,8.655271939585292,65.41866970062256
27,228,0.0,0.007281063590198755,-0.0054607976926490664,0.0,65.41866970062256
27,229,0.08122618496417999,0.08634442836046219,0.01646786369383335,0.9407229453664828,65.41866970062256
27,230,0.048366717994213104,0.0778944343328476,-0.010054107755422592,0.6209264937584409,65.41866970062256
27,231,1.7959269285202026,1.4208743572235107,0.7302711606025696,1.2639589977739532,65.41866970062256
27,232,0.058543357998132706,0.12639524042606354,-0.03625307232141495,0.4631769186903457,65.41866970062256
27,233,0.09899917244911194,0.3705601990222931,-0.17892097681760788,0.2671608357024035,65.41866970062256
27,234,0.0,0.002944298554211855,-0.002208223915658891,0.0,65.41866970062256
27,235,0.19890481233596802,0.25821152329444885,0.005246169865131378,0.7703173343986615,65.41866970062256
27,236,0.013815273530781269,0.0475374199450016,-0.021837791427969933,0.29061891761215114,65.41866970062256
27,237,0.01937851496040821,0.028379488736391068,-0.0019061015918850899,0.6828352384966073,65.41866970062256
27,238,0.0430242195725441,0.024170009419322014,0.024896712508052588,1.7800663137669102,65.41866970062256
27,239,0.0,0.0,0.0,0.0,65.41866970062256
27,240,0.017758039757609367,0.010491974651813507,0.009889058768749237,1.692535518359016,65.41866970062256
27,241,0.016141748055815697,0.019090808928012848,0.0018236413598060608,0.8455245723655336,65.41866970062256
27,242,0.39673691987991333,0.023396657779812813,0.3791894265450537,16.956991190650758,65.41866970062256
27,243,0.04997968673706055,0.05112180486321449,0.011638333089649677,0.9776588848889912,65.41866970062256
27,244,0.0,0.17712022364139557,-0.13284016773104668,0.0,65.41866970062256
27,245,0.07625655829906464,0.04282427206635475,0.04413835424929857,1.7806854528461573,65.41866970062256
27,246,1.0814933776855469,0.37007254362106323,0.8039389699697495,2.9223821013590854,65.41866970062256
27,247,0.1848096400499344,0.17061835527420044,0.05684587359428406,1.0831756041244447,65.41866970062256
27,248,0.022008905187249184,0.04606106877326965,-0.012536896392703056,0.47782011518464074,65.41866970062256
27,249,0.018420379608869553,0.023921212181448936,0.00047947047278285027,0.7700437364284005,65.41866970062256
27,250,0.13456346094608307,0.12753798067569733,0.038909975439310074,1.0550853967744322,65.41866970062256
27,251,0.05881335958838463,0.10186691582202911,-0.017586827278137207,0.5773548665256503,65.41866970062256
27,252,0.16096358001232147,0.09491202980279922,0.08977955766022205,1.6959239028504927,65.41866970062256
27,253,0.0004440198827069253,0.09076961129903793,-0.06763318859157152,0.004891723962981647,65.41866970062256
27,254,0.12565764784812927,0.7101079821586609,-0.4069233387708664,0.1769556898458809,65.41866970062256
27,255,0.0,0.0,0.0,0.0,65.41866970062256
28,0,0.03387809917330742,0.017853377386927605,0.020488066133111715,1.897573688002343,65.43595886230469
28,1,0.017553800716996193,0.03621050715446472,-0.009604079648852348,0.4847709158458184,65.43595886230469
28,2,0.05753766745328903,0.2566538155078888,-0.13495269417762756,0.22418395510389874,65.43595886230469
28,3,0.02527604065835476,0.038311779499053955,-0.003457793965935707,0.6597459316218701,65.43595886230469
28,4,0.062050946056842804,0.030758893117308617,0.03898177621886134,2.0173335177626472,65.43595886230469
28,5,0.0030372950714081526,0.025003792718052864,-0.015715549467131495,0.12147337428108405,65.43595886230469
28,6,0.0,0.0476621650159359,-0.03574662376195192,0.0,65.43595886230469
28,7,0.05389690771698952,0.030021458864212036,0.03138081356883049,1.79527943525235,65.43595886230469
28,8,0.003930194769054651,0.04728560522198677,-0.03153400914743543,0.08311609316452358,65.43595886230469
28,9,0.0,0.0,0.0,0.0,65.43595886230469
28,10,0.408949077129364,0.3424122929573059,0.15213985741138458,1.1943177436657042,65.43595886230469
28,11,0.0,0.0,0.0,0.0,65.43595886230469
28,12,0.3472980260848999,0.0010607673320919275,0.34650245058583096,327.40264075873705,65.43595886230469
28,13,0.31116265058517456,0.013140901923179626,0.30130697414278984,23.678941702823806,65.43595886230469
28,14,0.0,0.03671266883611679,-0.027534501627087593,0.0,65.43595886230469
28,15,0.030662132427096367,0.008058810606598854,0.024618024472147226,3.8047962559368593,65.43595886230469
28,16,0.0,0.1051933541893959,-0.07889501564204693,0.0,65.43595886230469
28,17,0.0439264141023159,0.004428795538842678,0.040604817448183894,9.918365773976614,65.43595886230469
28,18,0.09741360694169998,0.07228969782590866,0.043196333572268486,1.3475448074903884,65.43595886230469
28,19,0.003026786493137479,0.15995407104492188,-0.11693876679055393,0.018922847498320353,65.43595886230469
28,20,0.0,0.0,0.0,0.0,65.43595886230469
28,21,0.0935295969247818,0.09468430280685425,0.022516369819641113,0.9878046745993817,65.43595886230469
28,22,0.09262819588184357,0.05327856168150902,0.0526692746207118,1.7385641232926294,65.43595886230469
28,23,0.2520473301410675,0.01469480525702238,0.24102622619830072,17.152138168245987,65.43595886230469
28,24,1.8824042081832886,1.1852589845657349,0.9934599697589874,1.5881796575213403,65.43595886230469
28,25,3.794766962528229e-05,0.004977187607437372,-0.003694943035952747,0.007624319718419507,65.43595886230469
28,26,0.8229994177818298,0.1032632365822792,0.7455519903451204,7.969916932809882,65.43595886230469
28,27,0.0,0.0,0.0,0.0,65.43595886230469
28,28,0.310879111289978,0.22074639797210693,0.14531931281089783,1.4083088745477594,65.43595886230469
28,29,0.33257484436035156,0.04554910957813263,0.2984130121767521,7.301456547302382,65.43595886230469
28,30,0.09411237388849258,0.030047956854104996,0.07157640624791384,3.1320723183381225,65.43595886230469
28,31,0.022524915635585785,0.014389660209417343,0.011732670478522778,1.5653542409068806,65.43595886230469
28,32,0.01154235377907753,0.008235021494328976,0.005366087658330798,1.4016179296707993,65.43595886230469
28,33,0.004296533297747374,0.0034977777395397425,0.0016731999930925667,1.2283608669441572,65.43595886230469
28,34,0.23064380884170532,0.01215975172817707,0.22152399504557252,18.967805756122495,65.43595886230469
28,35,0.12197569012641907,0.018879028037190437,0.10781641909852624,6.4609094218025485,65.43595886230469
28,36,0.0014014478074386716,0.0007735207327641547,0.0008213072578655556,1.8117779475914746,65.43595886230469
28,37,0.014746595174074173,0.011110580526292324,0.00641365977935493,1.3272569455619574,65.43595886230469
28,38,0.0,0.0030685244128108025,-0.002301393309608102,0.0,65.43595886230469
28,39,0.02987844869494438,0.02171522006392479,0.01359203364700079,1.375921984930981,65.43595886230469
28,40,0.09529172629117966,0.20069628953933716,-0.05523049086332321,0.47480562051959285,65.43595886230469
28,41,0.26202064752578735,0.06199829652905464,0.21552192512899637,4.226255593954404,65.43595886230469
28,42,0.21805647015571594,0.03453001007437706,0.19215896259993315,6.3149842609287115,65.43595886230469
28,43,0.26358795166015625,0.039920464158058167,0.23364760354161263,6.602827828101462,65.43595886230469
28,44,0.012498598545789719,0.010862767696380615,0.004351522773504257,1.1505906131826382,65.43595886230469
28,45,0.04376421496272087,0.0063982559368014336,0.038965523010119796,6.840022560547822,65.43595886230469
28,46,0.030027830973267555,0.004869776777923107,0.026375498389825225,6.166161681831308,65.43595886230469
28,47,0.020383520051836967,0.2064528465270996,-0.13445611484348774,0.09873208529029719,65.43595886230469
28,48,0.0,0.013679953292012215,-0.010259964969009161,0.0,65.43595886230469
28,49,0.00701884226873517,0.008233868516981602,0.0008434408809989691,0.8524355536412821,65.43595886230469
28,50,0.0,0.0,0.0,0.0,65.43595886230469
28,51,0.027510058134794235,0.08029954880475998,-0.03271460346877575,0.342592935376754,65.43595886230469
28,52,0.03688708692789078,0.018452078104019165,0.023048028349876404,1.9990749398495713,65.43595886230469
28,53,0.1415603905916214,0.16305753588676453,0.019267238676548004,0.8681622092526897,65.43595886230469
28,54,0.035099782049655914,0.06027798354625702,-0.01010870561003685,0.5822985439142672,65.43595886230469
28,55,0.35715022683143616,0.039470575749874115,0.32754729501903057,9.048518295898603,65.43595886230469
28,56,0.055325090885162354,0.0,0.055325090885162354,55325090885.16235,65.43595886230469
28,57,0.01624412275850773,0.018078165128827095,0.0026854989118874073,0.8985493075127748,65.43595886230469
28,58,0.011549031361937523,0.15709048509597778,-0.10626883246004581,0.07351833788537783,65.43595886230469
28,59,0.04096951335668564,0.017051978036761284,0.028180529829114676,2.4026252711538465,65.43595886230469
28,60,1.4998916387557983,0.628389298915863,1.028599664568901,2.3868828468930317,65.43595886230469
28,61,0.0,0.0,0.0,0.0,65.43595886230469
28,62,0.20646977424621582,0.23506033420562744,0.03017452359199524,0.8783692703538855,65.43595886230469
28,63,0.04740716889500618,0.03449612483382225,0.021535075269639492,1.3742752011133386,65.43595886230469
28,64,0.09047386050224304,0.06069808825850487,0.04495029430836439,1.4905553551445752,65.43595886230469
28,65,0.4051327705383301,0.39772769808769226,0.10683699697256088,1.0186184479613147,65.43595886230469
28,66,0.007527260109782219,0.035319630056619644,-0.018962462432682514,0.21311831685389732,65.43595886230469
28,67,0.1193152666091919,0.047350093722343445,0.08380269631743431,2.5198528076063735,65.43595886230469
28,68,0.025689944624900818,0.013731026090681553,0.015391675056889653,1.870941359616536,65.43595886230469
28,69,1.5454120635986328,0.08502233773469925,1.4816453102976084,18.176541656649178,65.43595886230469
28,70,0.10637789219617844,0.05578426644206047,0.06453969236463308,1.906951529151313,65.43595886230469
28,71,0.19341608881950378,0.012348073534667492,0.18415503366850317,15.663665126452328,65.43595886230469
28,72,0.055015236139297485,0.15479889512062073,-0.06108393520116806,0.3553981189340771,65.43595886230469
28,73,0.19062969088554382,0.22007215023040771,0.025575578212738037,0.8662145150356149,65.43595886230469
28,74,0.0034120725467801094,0.09066895395517349,-0.06458964291960001,0.03763220372465527,65.43595886230469
28,75,0.010173800401389599,0.008018000982701778,0.004160299664363265,1.2688699367922156,65.43595886230469
28,76,0.0,0.1205214262008667,-0.09039106965065002,0.0,65.43595886230469
28,77,0.11432162672281265,0.08335857093334198,0.05180269852280617,1.3714441771423715,65.43595886230469
28,78,0.011874454095959663,0.06748928129673004,-0.03874250687658787,0.1759457778721234,65.43595886230469
28,79,0.0463203601539135,0.13427211344242096,-0.05438372492790222,0.3449737921450963,65.43595886230469
28,80,0.0,0.024248994886875153,-0.018186746165156364,0.0,65.43595886230469
28,81,0.008292151615023613,0.040892526507377625,-0.022377243265509605,0.20277914629033267,65.43595886230469
28,82,0.003962477203458548,0.04865557700395584,-0.03252920554950833,0.08143932201348568,65.43595886230469
28,83,0.00824830960482359,0.005767575465142727,0.003922628005966544,1.430117326291344,65.43595886230469
28,84,0.014633621089160442,0.06943729519844055,-0.03744435030966997,0.2107458397843576,65.43595886230469
28,85,0.09261108189821243,0.06815687566995621,0.04149342514574528,1.3587929462218136,65.43595886230469
28,86,0.02314896322786808,0.014339787885546684,0.012394122313708067,1.614316990670831,65.43595886230469
28,87,0.005335382651537657,0.24689450860023499,-0.17983549879863858,0.021609968896290667,65.43595886230469
28,88,0.0,0.005289974622428417,-0.003967480966821313,0.0,65.43595886230469
28,89,4.7326626372523606e-05,0.022345148026943207,-0.01671153439383488,0.0021179822265370717,65.43595886230469
28,90,0.0,0.0,0.0,0.0,65.43595886230469
28,91,0.05546976625919342,0.04870510473847389,0.018940937705338,1.1388901955124426,65.43595886230469
28,92,0.40423262119293213,0.2506706118583679,0.2162296622991562,1.6126047572729272,65.43595886230469
28,93,0.7118279933929443,0.7367458343505859,0.15926861763000488,0.9661785112357345,65.43595886230469
28,94,1.6830726861953735,0.0076014259830117226,1.6773716167081147,221.41538834100655,65.43595886230469
28,95,1.5244016647338867,0.014537667855620384,1.5134984138421714,104.85874899388911,65.43595886230469
28,96,0.1299930214881897,0.08785051852464676,0.06410513259470463,1.4797069348001628,65.43595886230469
28,97,0.0023315795697271824,0.033756073564291,-0.022985475603491068,0.06907140918559267,65.43595886230469
28,98,0.02800614945590496,0.1525941640138626,-0.086439473554492,0.1835335554063337,65.43595886230469
28,99,0.009547152556478977,0.015106690116226673,-0.0017828650306910276,0.6319817565855829,65.43595886230469
28,100,0.18715697526931763,0.10440783202648163,0.1088511012494564,1.792556857420957,65.43595886230469
28,101,0.0,0.0051542301662266254,-0.003865672624669969,0.0,65.43595886230469
28,102,0.1183871254324913,0.29970699548721313,-0.10639312118291855,0.39500955004284255,65.43595886230469
28,103,0.054706744849681854,0.023438122123479843,0.03712815325707197,2.3340924908204843,65.43595886230469
28,104,0.16624042391777039,0.09228354692459106,0.09702776372432709,1.8014091293197834,65.43595886230469
28,105,0.0029246192425489426,0.001682737609371543,0.0016625660355202854,1.7380126435179613,65.43595886230469
28,106,0.017156552523374557,0.010035289451479912,0.009630085434764624,1.7096220895885414,65.43595886230469
28,107,0.24573591351509094,0.6232161521911621,-0.22167620062828064,0.3943028637026097,65.43595886230469
28,108,0.052667923271656036,0.11051483452320099,-0.030218202620744705,0.47656881086061437,65.43595886230469
28,109,0.03650984168052673,0.034833118319511414,0.010385002940893173,1.0481358959765594,65.43595886230469
28,110,0.012197169475257397,0.04900272563099861,-0.024554874747991562,0.24890798048369553,65.43595886230469
28,111,0.04611442610621452,0.05662025883793831,0.0036492319777607918,0.8144509942526292,65.43595886230469
28,112,0.039983708411455154,0.41398462653160095,-0.27050476148724556,0.09658259232074762,65.43595886230469
28,113,0.054447323083877563,0.034489214420318604,0.02858041226863861,1.578676812372461,65.43595886230469
28,114,0.0,0.2105979323387146,-0.15794844925403595,0.0,65.43595886230469
28,115,0.010582569986581802,0.10540802776813507,-0.0684734508395195,0.1003962431567335,65.43595886230469
28,116,0.0566069595515728,0.016163166612386703,0.04448458459228277,3.5022196396026524,65.43595886230469
28,117,0.0015511958627030253,0.039312660694122314,-0.02793329965788871,0.03945792106855511,65.43595886230469
28,118,0.06861912459135056,0.023053482174873352,0.05132901296019554,2.976518864606232,65.43595886230469
28,119,0.8106069564819336,0.0008238968439400196,0.8099890338489786,983.8694752386708,65.43595886230469
28,120,0.10885956883430481,0.002495897701010108,0.10698764555854723,43.61539687569452,65.43595886230469
28,121,0.017337363213300705,0.03427799791097641,-0.008371135219931602,0.5057869265825234,65.43595886230469
28,122,0.018506670370697975,0.1172063946723938,-0.06939812563359737,0.15789812853017518,65.43595886230469
28,123,0.03800509497523308,0.026933351531624794,0.017805081326514482,1.4110793054921853,65.43595886230469
28,124,0.13024556636810303,0.0,0.13024556636810303,130245566368.10303,65.43595886230469
28,125,0.20551472902297974,0.11537760496139526,0.11898152530193329,1.781235874067265,65.43595886230469
28,126,0.0,0.0,0.0,0.0,65.43595886230469
28,127,0.0,0.0,0.0,0.0,65.43595886230469
28,128,0.0,0.6227771639823914,-0.4670828729867935,0.0,65.43595886230469
28,129,0.01980125531554222,0.016494520008563995,0.0074303653091192245,1.2004747821737696,65.43595886230469
28,130,0.06340254843235016,0.052913833409547806,0.023717173375189304,1.1982225506215458,65.43595886230469
28,131,0.018116001039743423,0.033247023820877075,-0.006819266825914383,0.5448909092375,65.43595886230469
28,132,1.6008836030960083,0.7884711623191833,1.0095302313566208,2.030364177664014,65.43595886230469
28,133,0.0,0.0,0.0,0.0,65.43595886230469
28,134,1.1022123098373413,0.9267971515655518,0.4071144461631775,1.1892702820399133,65.43595886230469
28,135,0.035267896950244904,0.04491456225514412,0.0015819752588868141,0.7852218785772627,65.43595886230469
28,136,0.030619848519563675,0.04058188199996948,0.0001834370195865631,0.7545201703270484,65.43595886230469
28,137,0.016026878729462624,0.0,0.016026878729462624,16026878729.462624,65.43595886230469
28,138,2.9442648887634277,1.3716392517089844,1.9155354499816895,2.146530062545888,65.43595886230469
28,139,0.04668182134628296,0.06057899445295334,0.001247575506567955,0.7705941930377574,65.43595886230469
28,140,0.2572808861732483,0.14669176936149597,0.1472620591521263,1.7538876740757763,65.43595886230469
28,141,3.0344463084475137e-05,0.16312044858932495,-0.12230999197890924,0.00018602488741730286,65.43595886230469
28,142,0.0,0.0,0.0,0.0,65.43595886230469
28,143,0.001371994847431779,0.05631488934159279,-0.04086417215876281,0.024362914736193834,65.43595886230469
28,144,0.06366056948900223,0.03626567870378494,0.03646131046116352,1.7553944049198993,65.43595886230469
28,145,0.02508772350847721,0.028874604031443596,0.003431770484894514,0.8688508240767066,65.43595886230469
28,146,0.019033102318644524,0.01185019500553608,0.010145456064492464,1.606142540957904,65.43595886230469
28,147,0.002437841845676303,5.313004658091813e-05,0.0023979943107406143,45.884428052947264,65.43595886230469
28,148,0.023211948573589325,0.0033553766552358866,0.02069541608216241,6.917836938052984,65.43595886230469
28,149,3.7717573642730713,2.0920989513397217,2.20268315076828,1.8028580158008016,65.43595886230469
28,150,0.033271707594394684,0.01683269627392292,0.020647185388952494,1.9766118897993983,65.43595886230469
28,151,0.0,0.03232716768980026,-0.024245375767350197,0.0,65.43595886230469
28,152,0.032550305128097534,0.02376565895974636,0.014726060908287764,1.3696361284095147,65.43595886230469
28,153,0.05063930153846741,0.05376814305782318,0.010313194245100021,0.9418086371900035,65.43595886230469
28,154,0.015162433497607708,0.00932121742516756,0.008171520428732038,1.626658064540157,65.43595886230469
28,155,0.09678903967142105,0.282744437456131,-0.11526928842067719,0.34231987211453446,65.43595886230469
28,156,0.012122883461415768,0.03865858539938927,-0.016871055588126183,0.31358838756923835,65.43595886230469
28,157,9.490113370702602e-06,0.007662998046725988,-0.005737758421673789,0.0012384334840746583,65.43595886230469
28,158,0.0,0.6125891804695129,-0.4594418853521347,0.0,65.43595886230469
28,159,0.10796396434307098,0.028354354202747345,0.08669819869101048,3.807667900572475,65.43595886230469
28,160,0.2101006805896759,0.08012402802705765,0.15000765956938267,2.6221931892403525,65.43595886230469
28,161,0.06390108913183212,0.033802736550569534,0.03854903671890497,1.8904117136890521,65.43595886230469
28,162,0.017211787402629852,0.024611549451947212,-0.0012468746863305569,0.6993378224940956,65.43595886230469
28,163,0.7847376465797424,0.4418216645717621,0.45337139815092087,1.7761411662295403,65.43595886230469
28,164,1.2542349100112915,0.7251589298248291,0.7103657126426697,1.7296000344538782,65.43595886230469
28,165,0.06437527388334274,0.029356978833675385,0.042357539758086205,2.192843965514089,65.43595886230469
28,166,0.7775864005088806,0.0024761201348155737,0.7757293104077689,314.0341978006502,65.43595886230469
28,167,0.0876372829079628,0.09315675497055054,0.017769716680049896,0.9407507049244753,65.43595886230469
28,168,0.20499835908412933,0.07461724430322647,0.14903542585670948,2.7473322151688975,65.43595886230469
28,169,0.03744519129395485,0.1306362897157669,-0.06053202599287033,0.2866369779418868,65.43595886230469
28,170,0.09425242990255356,0.04190786927938461,0.0628215279430151,2.249038939965133,65.43595886230469
28,171,0.0,0.16242963075637817,-0.12182222306728363,0.0,65.43595886230469
28,172,0.03954734653234482,0.010645830072462559,0.0315629739779979,3.714820381261452,65.43595886230469
28,173,0.05769187957048416,0.020580008625984192,0.04225687310099602,2.803297151918559,65.43595886230469
28,174,0.05647401139140129,0.015062225051224232,0.04517734260298312,3.7493804000134627,65.43595886230469
28,175,0.2724575400352478,0.0,0.2724575400352478,272457540035.2478,65.43595886230469
28,176,0.03320825472474098,0.033959053456783295,0.007738964632153511,0.9778910583012663,65.43595886230469
28,177,0.1616106927394867,0.15073555707931519,0.048559024930000305,1.0721471155831996,65.43595886230469
28,178,0.0,0.019267378374934196,-0.014450533781200647,0.0,65.43595886230469
28,179,0.5692915916442871,0.22335584461688995,0.40177470818161964,2.5488099163834863,65.43595886230469
28,180,0.6465116739273071,0.17284128069877625,0.516880713403225,3.740493424428462,65.43595886230469
28,181,0.024007955566048622,0.0020737990271300077,0.022452606295701116,11.576799506795577,65.43595886230469
28,182,0.0046602413058280945,0.2797447741031647,-0.2051483392715454,0.016658903891061876,65.43595886230469
28,183,7.075099711073563e-05,0.0,7.075099711073563e-05,70750997.11073563,65.43595886230469
28,184,0.08466771245002747,0.034183431416749954,0.059030138887465,2.4768640519238,65.43595886230469
28,185,0.038361549377441406,0.030196290463209152,0.015714331530034542,1.2704060262935382,65.43595886230469
28,186,0.002517974702641368,0.5277536511421204,-0.3932972636539489,0.004771117541654911,65.43595886230469
28,187,0.04282759875059128,0.06594657152891159,-0.006632329896092415,0.6494287384017504,65.43595886230469
28,188,0.0,0.0,0.0,0.0,65.43595886230469
28,189,0.0047043003141880035,0.0007909564883448184,0.00411108294792939,5.947609479865028,65.43595886230469
28,190,0.14456705749034882,0.08637213706970215,0.0797879546880722,1.6737696020188744,65.43595886230469
28,191,0.04870093986392021,0.04065479338169098,0.018209844827651978,1.1979138451274218,65.43595886230469
28,192,0.0,0.0,0.0,0.0,65.43595886230469
28,193,0.031739283353090286,0.008972901850938797,0.02500960696488619,3.5372373259863865,65.43595886230469
28,194,0.0,0.0,0.0,0.0,65.43595886230469
28,195,0.03505287319421768,0.27084678411483765,-0.16808221489191055,0.12941956578382716,65.43595886230469
28,196,0.03829360380768776,0.014584288001060486,0.027355387806892395,2.6256752336677383,65.43595886230469
28,197,0.10490453988313675,0.008867014199495316,0.09825427923351526,11.830875366961376,65.43595886230469
28,198,0.0,0.0013894521398469806,-0.0010420891048852354,0.0,65.43595886230469
28,199,0.5631251931190491,1.1997426748275757,-0.3366818130016327,0.46937164521509644,65.43595886230469
28,200,0.29915109276771545,0.1971006542444229,0.15132560208439827,1.5177579897589932,65.43595886230469
28,201,0.038750603795051575,0.030414551496505737,0.01593969017267227,1.2740810528877755,65.43595886230469
28,202,0.0,1.126677393913269,-0.8450080454349518,0.0,65.43595886230469
28,203,0.17142072319984436,0.07656846940517426,0.11399437114596367,2.238789994488534,65.43595886230469
28,204,0.021083250641822815,0.08675757050514221,-0.043984927237033844,0.24301338221925167,65.43595886230469
28,205,0.02980070188641548,0.1713186651468277,-0.09868829697370529,0.17394894981641965,65.43595886230469
28,206,0.012374365702271461,0.10056405514478683,-0.06304867565631866,0.12304958948137533,65.43595886230469
28,207,0.08961829543113708,0.11126787215471268,0.006167391315102577,0.8054283208159286,65.43595886230469
28,208,0.0,0.0,0.0,0.0,65.43595886230469
28,209,0.24601660668849945,0.055040907114744186,0.2047359263524413,4.46970479921701,65.43595886230469
28,210,0.012222226709127426,0.47251012921333313,-0.3421603702008724,0.025866591959520426,65.43595886230469
28,211,0.07119978219270706,0.18204014003276825,-0.06533032283186913,0.3911213327978081,65.43595886230469
28,212,0.022644449025392532,0.020090335980057716,0.007576697040349245,1.1271314251161841,65.43595886230469
28,213,0.006337345112115145,0.14222197234630585,-0.10032913414761424,0.04455953610767932,65.43595886230469
28,214,0.0,0.0,0.0,0.0,65.43595886230469
28,215,0.07010240107774734,0.09569204598665237,-0.0016666334122419357,0.732583365254757,65.43595886230469
28,216,0.038758084177970886,1.1571500301361084,-0.8291044384241104,0.03349443301952688,65.43595886230469
28,217,0.10169833898544312,0.0464153066277504,0.06688685901463032,2.1910517536568315,65.43595886230469
28,218,0.013141625560820103,0.007427583448588848,0.007570937974378467,1.7693002912740823,65.43595886230469
28,219,0.0,0.19890381395816803,-0.14917786046862602,0.0,65.43595886230469
28,220,0.06543458253145218,0.06319120526313782,0.018041178584098816,1.035501416026757,65.43595886230469
28,221,0.09276123344898224,0.01147855632007122,0.08415231620892882,8.081263083468098,65.43595886230469
28,222,0.0,0.0,0.0,0.0,65.43595886230469
28,223,0.625023603439331,0.2442547231912613,0.4418325610458851,2.5589007871399625,65.43595886230469
28,224,0.011672972701489925,0.0027044520247727633,0.009644633682910353,4.3162062370673855,65.43595886230469
28,225,0.7826060652732849,0.2504972815513611,0.5947331041097641,3.1242098134693648,65.43595886230469
28,226,0.07267486304044724,0.009170865640044212,0.06579671381041408,7.924536885066864,65.43595886230469
28,227,0.0038550333119928837,0.002243927912786603,0.0021720873774029315,1.7179844719198483,65.43595886230469
28,228,0.03266039490699768,0.01668466255068779,0.020146897993981838,1.9575100668544128,65.43595886230469
28,229,0.04655292630195618,0.05253041908144951,0.007155111990869045,0.8862089264677041,65.43595886230469
28,230,0.05680304393172264,0.025378484278917313,0.037769180722534657,2.2382362675879914,65.43595886230469
28,231,0.0960952639579773,0.02996118552982807,0.07362437481060624,3.207325152708048,65.43595886230469
28,232,0.004642195999622345,0.00314678018912673,0.0022821108577772975,1.4752209303298653,65.43595886230469
28,233,0.037805840373039246,0.038685522973537445,0.008791698142886162,0.97726067702181,65.43595886230469
28,234,0.11140887439250946,0.10150060802698135,0.035283418372273445,1.0976178030558854,65.43595886230469
28,235,0.0,0.0,0.0,0.0,65.43595886230469
28,236,0.03450975567102432,0.0008804692188277841,0.033849403756903484,39.19473264241342,65.43595886230469
28,237,0.0,0.00414706626906991,-0.0031102997018024325,0.0,65.43595886230469
28,238,0.26806876063346863,0.11354073882102966,0.18291320651769638,2.360991864370859,65.43595886230469
28,239,0.0,0.001881544478237629,-0.0014111583586782217,0.0,65.43595886230469
28,240,0.09164050221443176,0.3053046464920044,-0.13733798265457153,0.3001608500463211,65.43595886230469
28,241,0.050239019095897675,0.23720470070838928,-0.1276645064353943,0.2117960518727151,65.43595886230469
28,242,0.0,0.0,0.0,0.0,65.43595886230469
28,243,0.0,0.034473199397325516,-0.025854899547994137,0.0,65.43595886230469
28,244,0.06622067838907242,0.2106834053993225,-0.09179187566041946,0.31431368912632474,65.43595886230469
28,245,0.01374682318419218,0.020258815959095955,-0.0014472887851297855,0.6785600506598941,65.43595886230469
28,246,4.12619519920554e-05,0.41976404190063477,-0.314781769473484,9.829796712726648e-05,65.43595886230469
28,247,0.0998813658952713,0.0667881965637207,0.049790218472480774,1.495494279419296,65.43595886230469
28,248,0.0,0.10871217399835587,-0.0815341304987669,0.0,65.43595886230469
28,249,0.009615431539714336,0.18774208426475525,-0.1311911316588521,0.051216175517170504,65.43595886230469
28,250,0.007359619252383709,0.003735896432772279,0.0045576969278045,1.9699741100564765,65.43595886230469
28,251,0.04721586033701897,0.40387147665023804,-0.25568774715065956,0.11690813307371067,65.43595886230469
28,252,0.06240919604897499,0.15762677788734436,-0.05581088736653328,0.3959301641830351,65.43595886230469
28,253,0.09736756235361099,0.014518766663968563,0.08647848735563457,6.70632462112248,65.43595886230469
28,254,0.0026349620893597603,0.008197258226573467,-0.00351298158057034,0.3214443190890859,65.43595886230469
28,255,0.013858617283403873,0.03926658630371094,-0.01559132244437933,0.3529366463348817,65.43595886230469
29,0,0.020882952958345413,0.010615854524075985,0.012921062065288424,1.9671476195361615,65.45565891265869
29,1,0.1589537411928177,0.050609178841114044,0.12099685706198215,3.140808541642362,65.45565891265869
29,2,0.0,0.0,0.0,0.0,65.45565891265869
29,3,0.3311607539653778,0.0722498819231987,0.2769733425229788,4.583547338012491,65.45565891265869
29,4,0.0,0.0,0.0,0.0,65.45565891265869
29,5,0.03884405642747879,0.265448659658432,-0.16024243831634521,0.14633359413950453,65.45565891265869
29,6,0.15226860344409943,0.03300946205854416,0.1275115069001913,4.612877458270284,65.45565891265869
29,7,0.03741324320435524,0.3786020576953888,-0.24653830006718636,0.09881943968291354,65.45565891265869
29,8,0.01015588827431202,0.0015810535987839103,0.008970098075224087,6.423493976232097,65.45565891265869
29,9,0.017364760860800743,0.042320698499679565,-0.014375763013958931,0.41031366390424556,65.45565891265869
29,10,0.0,0.8928559422492981,-0.6696419566869736,0.0,65.45565891265869
29,11,0.003872932866215706,0.0478670708835125,-0.03202737029641867,0.08091017049194048,65.45565891265869
29,12,0.002622459316626191,0.03835726156830788,-0.026145486859604716,0.0683693050372655,65.45565891265869
29,13,0.016670603305101395,0.0033913820516318083,0.014127066766377538,4.91557808774878,65.45565891265869
29,14,0.004653807729482651,0.1492556631565094,-0.1072879396378994,0.031180108218550412,65.45565891265869
29,15,0.0,0.001895888359285891,-0.0014219162694644183,0.0,65.45565891265869
29,16,0.2753032445907593,0.0042073591612279415,0.2721477252198383,65.43373978202914,65.45565891265869
29,17,0.17672842741012573,0.09927491843700409,0.10227223858237267,1.7801921189236771,65.45565891265869
29,18,0.8227390050888062,0.706619381904602,0.2927744686603546,1.1643312172814368,65.45565891265869
29,19,0.01336306519806385,0.02370705083012581,-0.004417222924530506,0.5636747182622572,65.45565891265869
29,20,0.0020070120226591825,0.026068992912769318,-0.017544732661917806,0.07698847551564234,65.45565891265869
29,21,0.0,0.09202136099338531,-0.06901602074503899,0.0,65.45565891265869
29,22,0.05833861976861954,0.08158580213785172,-0.002850731834769249,0.7150584812457005,65.45565891265869
29,23,0.08937415480613708,0.11549188196659088,0.002755243331193924,0.7738565973945865,65.45565891265869
29,24,0.20181842148303986,0.038576576858758926,0.17288598883897066,5.231631158376997,65.45565891265869
29,25,0.024898312985897064,0.007267160806804895,0.019447942380793393,3.4261403654583225,65.45565891265869
29,26,0.0857858806848526,0.11216094344854355,0.0016651730984449387,0.7648462829081322,65.45565891265869
29,27,0.0014057462103664875,0.0009469861397519708,0.0006955066055525094,1.4844422213510224,65.45565891265869
29,28,3.7334618809836684e-06,0.018009629100561142,-0.013503488363539873,0.00020730365183700748,65.45565891265869
29,29,0.24660348892211914,0.4617992043495178,-0.09974591434001923,0.534005876577779,65.45565891265869
29,30,0.38420987129211426,0.05364483594894409,0.3439762443304062,7.162103574156138,65.45565891265869
29,31,0.022041764110326767,0.03687511011958122,-0.00561456847935915,0.5977409704879642,65.45565891265869
29,32,0.346652090549469,1.2840871810913086,-0.6164132952690125,0.2699599339155379,65.45565891265869
29,33,0.16217054426670074,0.15208971500396729,0.04810325801372528,1.066282123425665,65.45565891265869
29,34,0.06816688179969788,0.045775845646858215,0.033834997564554214,1.4891452213485719,65.45565891265869
29,35,0.0021890471689403057,0.0011243527987971902,0.001345782569842413,1.9469397588863249,65.45565891265869
29,36,0.026705792173743248,0.06396911293268204,-0.02127104252576828,0.41747948265953966,65.45565891265869
29,37,0.09604194760322571,0.0516866035759449,0.05727699492126703,1.8581593867016204,65.45565891265869
29,38,0.10603505373001099,0.03989396616816521,0.07611457910388708,2.6579220847679834,65.45565891265869
29,39,0.23594219982624054,0.06902669370174408,0.18417217954993248,3.4181298157246216,65.45565891265869
29,40,0.05322425439953804,0.012805331498384476,0.04362025577574968,4.15641363147033,65.45565891265869
29,41,0.11398693174123764,0.13258714973926544,0.014546569436788559,0.8597132675718189,65.45565891265869
29,42,0.0031855329871177673,0.04187849536538124,-0.028223338536918163,0.07606608019816812,65.45565891265869
29,43,0.4141635298728943,0.010579140856862068,0.40622917423024774,39.14907036757164,65.45565891265869
29,44,0.0,0.002893501427024603,-0.002170126070268452,0.0,65.45565891265869
29,45,0.1878160685300827,0.07196581363677979,0.13384170830249786,2.6097956659727832,65.45565891265869
29,46,0.025956127792596817,0.023313334211707115,0.00847112713381648,1.1133597432172198,65.45565891265869
29,47,0.010349311865866184,0.012389926239848137,0.0010568671859800816,0.8353005227541802,65.45565891265869
29,48,0.8640111088752747,0.4866448938846588,0.49902743846178055,1.7754447231049775,65.45565891265869
29,49,0.0,0.0009585341904312372,-0.0007189006428234279,0.0,65.45565891265869
29,50,0.005278861150145531,8.946834714151919e-05,0.005211759889789391,59.00255520304832,65.45565891265869
29,51,0.0034527655225247145,0.24224859476089478,-0.17823368054814637,0.014252984732144367,65.45565891265869
29,52,0.04286257177591324,0.024028316140174866,0.02484133467078209,1.7838358511716117,65.45565891265869
29,53,3.401407480239868,1.1658040285110474,2.5270544588565826,2.9176494479789987,65.45565891265869
29,54,0.012975024990737438,0.005735523998737335,0.008673381991684437,2.2622213752974694,65.45565891265869
29,55,1.3475507497787476,0.010465936735272408,1.3397012972272933,128.75586617186994,65.45565891265869
29,56,0.0,0.0,0.0,0.0,65.45565891265869
29,57,0.05760456621646881,0.04197477921843529,0.026123481802642345,1.3723613867109175,65.45565891265869
29,58,0.0,0.0013130486477166414,-0.000984786485787481,0.0,65.45565891265869
29,59,0.013621182180941105,0.04467235505580902,-0.01988308411091566,0.3049130085848238,65.45565891265869
29,60,0.04323287308216095,0.023470202460885048,0.025630221236497164,1.8420323877635878,65.45565891265869
29,61,0.0,0.010681797750294209,-0.008011348312720656,0.0,65.45565891265869
29,62,0.02343829721212387,0.016263404861092567,0.011240743566304445,1.4411679110783775,65.45565891265869
29,63,0.016718771308660507,0.07360076904296875,-0.038481805473566055,0.2271548453341947,65.45565891265869
29,64,0.0,0.06234714016318321,-0.04676035512238741,0.0,65.45565891265869
29,65,0.006938054226338863,0.10522186756134033,-0.07197834644466639,0.06593737962527899,65.45565891265869
29,66,0.47440996766090393,0.12904374301433563,0.3776271604001522,3.6763500234530917,65.45565891265869
29,67,0.31501153111457825,0.28053855895996094,0.10460761189460754,1.12288140454309,65.45565891265869
29,68,0.13004781305789948,0.037218134850263596,0.10213421192020178,3.4942055419384945,65.45565891265869
29,69,0.0,0.0,0.0,0.0,65.45565891265869
29,70,0.009126548655331135,0.07685022056102753,-0.04851111676543951,0.11875761173599877,65.45565891265869
29,71,0.004499215632677078,0.031326476484537125,-0.018995641730725765,0.14362341818922042,65.45565891265869
29,72,0.3161620497703552,0.04534578323364258,0.2821527123451233,6.972248072866423,65.45565891265869
29,73,0.10109110921621323,0.023928502574563026,0.08314473228529096,4.224715228083369,65.45565891265869
29,74,0.0,0.0,0.0,0.0,65.45565891265869
29,75,0.10714744031429291,0.06413174420595169,0.05904863215982914,1.6707395321812943,65.45565891265869
29,76,0.1053987666964531,0.029774166643619537,0.08306814171373844,3.5399401082985347,65.45565891265869
29,77,0.031135808676481247,0.050820548087358475,-0.006979602389037609,0.6126618040865555,65.45565891265869
29,78,0.04556238278746605,0.04817860201001167,0.009428431279957294,0.9456974857230672,65.45565891265869
29,79,0.010854772292077541,0.0036098319105803967,0.008147398359142244,3.0070021424696436,65.45565891265869
29,80,0.2112898826599121,0.08027064055204391,0.15108690224587917,2.632218719125443,65.45565891265869
29,81,0.0938062071800232,0.05370515584945679,0.0535273402929306,1.746689041201718,65.45565891265869
29,82,0.0751538872718811,0.0161135233938694,0.06306874472647905,4.664025702523283,65.45565891265869
29,83,0.0,0.05217500403523445,-0.03913125302642584,0.0,65.45565891265869
29,84,0.03286944329738617,0.009278006851673126,0.025910938158631325,3.542726775192671,65.45565891265869
29,85,0.04969128593802452,0.03141050785779953,0.026133405044674873,1.5819956226560565,65.45565891265869
29,86,0.021081620827317238,0.014979690313339233,0.009846853092312813,1.4073469067072075,65.45565891265869
29,87,1.2357663763395976e-05,0.025130636990070343,-0.01883562007878936,0.0004917369889106679,65.45565891265869
29,88,2.980514727823902e-05,0.0,2.980514727823902e-05,29805147.27823902,65.45565891265869
29,89,0.022722329944372177,0.11916528642177582,-0.06665163487195969,0.19067910317235895,65.45565891265869
29,90,0.7743344902992249,0.027435488998889923,0.7537578735500574,28.223826821615305,65.45565891265869
29,91,0.014009854756295681,0.00594946788623929,0.009547753841616213,2.3548080302012724,65.45565891265869
29,92,0.0019903455395251513,0.0,0.0019903455395251513,1990345539.5251513,65.45565891265869
29,93,0.04805608466267586,0.6064170598983765,-0.4067567102611065,0.07924593129132922,65.45565891265869
29,94,0.008470465429127216,0.014578711241483688,-0.00246356800198555,0.5810160643310851,65.45565891265869
29,95,0.00936603918671608,0.009605060331523418,0.002162243938073516,0.9751150812662783,65.45565891265869
29,96,0.006692353170365095,0.05136426165699959,-0.031830843072384596,0.13029201538854035,65.45565891265869
29,97,0.005837362725287676,0.07663466036319733,-0.05163863254711032,0.07617131331366625,65.45565891265869
29,98,0.0,0.0039178007282316685,-0.0029383505461737514,0.0,65.45565891265869
29,99,0.0,0.00875821616500616,-0.0065686621237546206,0.0,65.45565891265869
29,100,0.008694912306964397,0.004046408925205469,0.005660105613060296,2.1487972336790175,65.45565891265869
29,101,0.0,0.0,0.0,0.0,65.45565891265869
29,102,0.017079593613743782,0.018924538046121597,0.002886190079152584,0.9025104639920958,65.45565891265869
29,103,0.030162882059812546,0.07537616044282913,-0.026369238272309303,0.4001647454872704,65.45565891265869
29,104,0.0,0.000843957532197237,-0.0006329681491479278,0.0,65.45565891265869
29,105,0.13468106091022491,0.2842203974723816,-0.07848423719406128,0.47386134882468584,65.45565891265869
29,106,0.05530876666307449,0.03281226381659508,0.030699568800628185,1.6856126407656156,65.45565891265869
29,107,0.14167915284633636,0.014519039541482925,0.13078987319022417,9.75816288892809,65.45565891265869
29,108,0.011724663898348808,0.017900964245200157,-0.0017010592855513096,0.6549738738703759,65.45565891265869
29,109,0.019693508744239807,0.02655375935137272,-0.00022181076928973198,0.7416467281677044,65.45565891265869
29,110,0.018380379304289818,0.00380595657043159,0.015525911876466125,4.8293717911174525,65.45565891265869
29,111,0.03676643222570419,0.03668105602264404,0.009255640208721161,1.0023275284660593,65.45565891265869
29,112,0.04435323551297188,0.030484095215797424,0.02149016410112381,1.4549631602164872,65.45565891265869
29,113,0.007939539849758148,0.0035226682666689157,0.005297538649756461,2.2538426120413675,65.45565891265869
29,114,0.004419364035129547,0.02318180352449417,-0.012966988608241081,0.19063935341654306,65.45565891265869
29,115,0.07407701760530472,0.41952335834503174,-0.24056550115346909,0.17657423867255664,65.45565891265869
29,116,0.13310937583446503,0.019015498459339142,0.11884775198996067,7.000046625761239,65.45565891265869
29,117,0.025601286441087723,0.08395359665155411,-0.03736391104757786,0.3049456778729784,65.45565891265869
29,118,0.0031445312779396772,0.09884427487850189,-0.07098867488093674,0.031812983420365835,65.45565891265869
29,119,0.06373769789934158,0.0325893834233284,0.039295660331845284,1.9557810305720777,65.45565891265869
29,120,0.04598494619131088,0.32418906688690186,-0.1971568539738655,0.14184607344334524,65.45565891265869
29,121,0.02067437395453453,0.023491976782679558,0.0030553913675248623,0.8800610585013653,65.45565891265869
29,122,1.9398695230484009,0.0022748035844415426,1.9381634203600697,852.7635244921022,65.45565891265869
29,123,0.028555260971188545,0.0126839280128479,0.01904231496155262,2.251294783446645,65.45565891265869
29,124,0.0,0.0018331771716475487,-0.0013748828787356615,0.0,65.45565891265869
29,125,0.013410864397883415,0.009120984934270382,0.006570125697180629,1.470330725580336,65.45565891265869
29,126,1.3916120529174805,0.4554283022880554,1.050040826201439,3.0556117086334247,65.45565891265869
29,127,0.0,0.08162479847669601,-0.06121859885752201,0.0,65.45565891265869
29,128,0.06709036976099014,0.008833655156195164,0.06046512839384377,7.594859496676626,65.45565891265869
29,129,0.0708366185426712,0.03148261830210686,0.04722465481609106,2.250023103563807,65.45565891265869
29,130,0.7195606827735901,0.06640973687171936,0.6697533801198006,10.83516840539057,65.45565891265869
29,131,0.07452232390642166,0.04748760163784027,0.03890662267804146,1.569300645528276,65.45565891265869
29,132,0.0,0.0,0.0,0.0,65.45565891265869
29,133,0.037045881152153015,0.021875958889722824,0.020638911984860897,1.6934517630613883,65.45565891265869
29,134,0.011425652541220188,0.019971709698438644,-0.003553129732608795,0.5720918595938401,65.45565891265869
29,135,0.02069619670510292,0.06041618809103966,-0.024615944363176823,0.34256045206913377,65.45565891265869
29,136,0.007421246264129877,0.5558294653892517,-0.4094508527778089,0.013351660403464522,65.45565891265869
29,137,0.008753358386456966,0.10305044054985046,-0.06853447202593088,0.08494246448308586,65.45565891265869
29,138,0.0,0.0,0.0,0.0,65.45565891265869
29,139,0.2630941867828369,0.04335884004831314,0.23057505674660206,6.067832683799037,65.45565891265869
29,140,0.0,0.02103346586227417,-0.015775099396705627,0.0,65.45565891265869
29,141,0.688136100769043,0.0016168580623343587,0.6869234572222922,425.6008096034956,65.45565891265869
29,142,0.0,0.008597854524850845,-0.006448390893638134,0.0,65.45565891265869
29,143,0.016737550497055054,0.018458649516105652,0.002893563359975815,0.9067592123434788,65.45565891265869
29,144,0.005458685103803873,0.02987404353916645,-0.016946847550570965,0.18272334297379347,65.45565891265869
29,145,0.04355691373348236,0.01715746708214283,0.03068881342187524,2.538656406706846,65.45565891265869
29,146,0.01670861430466175,0.03479132056236267,-0.009384876117110252,0.4802523742733961,65.45565891265869
29,147,0.05720898136496544,0.041860684752464294,0.025813467800617218,1.366651828604666,65.45565891265869
29,148,0.0,0.02133003994822502,-0.015997529961168766,0.0,65.45565891265869
29,149,0.16272155940532684,0.00023725510982330889,0.16254361807295936,685.8505970246962,65.45565891265869
29,150,0.0,0.123772993683815,-0.09282974526286125,0.0,65.45565891265869
29,151,0.004043932072818279,0.07820995897054672,-0.05461353715509176,0.051706101447892165,65.45565891265869
29,152,0.0535731166601181,0.061731889843940735,0.007274199277162552,0.86783535697164,65.45565891265869
29,153,0.0021365201100707054,0.004747048951685429,-0.001423766603693366,0.45007332584216675,65.45565891265869
29,154,0.00016995587793644518,0.030932458117604256,-0.023029387710266747,0.0054944187521335595,65.45565891265869
29,155,0.0,0.004350729752331972,-0.003263047314248979,0.0,65.45565891265869
29,156,0.0038578324019908905,0.00013345194747671485,0.0037577434413833544,28.908026042527347,65.45565891265869
29,157,0.0,0.004682871978729963,-0.0035121539840474725,0.0,65.45565891265869
29,158,0.06714669615030289,0.03292002156376839,0.0424566799774766,2.0396917425523355,65.45565891265869
29,159,0.27620649337768555,0.048767052590847015,0.23963120393455029,5.663793046698548,65.45565891265869
29,160,0.007471815682947636,0.030393602326512337,-0.015323386061936617,0.2458351465691231,65.45565891265869
29,161,0.3552946150302887,0.49203401803970337,-0.01373089849948883,0.7220935992293465,65.45565891265869
29,162,0.0,0.0,0.0,0.0,65.45565891265869
29,163,0.12690697610378265,0.03808784857392311,0.09834108967334032,3.3319544382808144,65.45565891265869
29,164,0.0,0.0,0.0,0.0,65.45565891265869
29,165,0.0,0.05540654435753822,-0.04155490826815367,0.0,65.45565891265869
29,166,0.04054192081093788,0.04327857866883278,0.008082986809313297,0.9367664571479452,65.45565891265869
29,167,0.0654909759759903,0.04177865386009216,0.03415698558092117,1.567570276288415,65.45565891265869
29,168,0.0,0.009749695658683777,-0.007312271744012833,0.0,65.45565891265869
29,169,0.0,0.0,0.0,0.0,65.45565891265869
29,170,0.03335418924689293,0.057375457137823105,-0.0096774036064744,0.5813319999558455,65.45565891265869
29,171,0.0,0.0654999241232872,-0.0491249430924654,0.0,65.45565891265869
29,172,0.03782635182142258,1.5224428176879883,-1.1040057614445686,0.02484582762776048,65.45565891265869
29,173,0.0,0.018496448174118996,-0.013872336130589247,0.0,65.45565891265869
29,174,0.009362026117742062,0.04169782996177673,-0.02191134635359049,0.22452070350182385,65.45565891265869
29,175,0.06311055272817612,0.04778425768017769,0.02727235946804285,1.3207394190207435,65.45565891265869
29,176,0.0,0.28353261947631836,-0.21264946460723877,0.0,65.45565891265869
29,177,0.023719409480690956,0.026606503874063492,0.0037645315751433372,0.8914891483702819,65.45565891265869
29,178,0.00021356997604016215,0.03380481153726578,-0.02514003867690917,0.006317738994001163,65.45565891265869
29,179,0.07648950815200806,0.6884360909461975,-0.4398375600576401,0.11110618568350848,65.45565891265869
29,180,0.10569462925195694,0.04943859949707985,0.06861567962914705,2.1378969130398207,65.45565891265869
29,181,0.08440157771110535,0.13218747079372406,-0.014739025384187698,0.6384990741079678,65.45565891265869
29,182,0.021476054564118385,0.025010738521814346,0.0027180006727576256,0.8586733472315627,65.45565891265869
29,183,0.3097686171531677,0.37380141019821167,0.029417559504508972,0.8286983641610163,65.45565891265869
29,184,0.01419447548687458,0.008068133145570755,0.008143375627696514,1.759325884812367,65.45565891265869
29,185,0.0,0.015352330170571804,-0.011514247627928853,0.0,65.45565891265869
29,186,0.25412434339523315,0.1476883888244629,0.143358051776886,1.7206792315647477,65.45565891265869
29,187,0.023572182282805443,0.008080328814685345,0.017511935671791434,2.917230575697325,65.45565891265869
29,188,0.4644458591938019,0.06535744667053223,0.4154277741909027,7.106242407662794,65.45565891265869
29,189,0.04202980548143387,0.007181237451732159,0.03664387739263475,5.8527246533873205,65.45565891265869
29,190,0.1764942705631256,0.12221156805753708,0.0848355945199728,1.4441699207933254,65.45565891265869
29,191,0.045458193868398666,0.693550705909729,-0.4747048355638981,0.06554415341370853,65.45565891265869
29,192,0.8730440735816956,0.807959258556366,0.2670746296644211,1.0805545754132955,65.45565891265869
29,193,0.0444650761783123,0.08199986815452576,-0.017034824937582016,0.5422578984392661,65.45565891265869
29,194,4.033545017242432,2.408039093017578,2.227515697479248,1.6750330295453026,65.45565891265869
29,195,0.03458291292190552,0.11283398419618607,-0.05004257522523403,0.30649376752902047,65.45565891265869
29,196,0.07235313206911087,0.07475417107343674,0.016287503764033318,0.9678808691098316,65.45565891265869
29,197,0.0,0.02727825939655304,-0.02045869454741478,0.0,65.45565891265869
29,198,0.0,0.004942362662404776,-0.0037067719968035817,0.0,65.45565891265869
29,199,0.00792334508150816,0.03628750517964363,-0.019292283803224564,0.21834912711868124,65.45565891265869
29,200,0.4145202338695526,0.21627674996852875,0.25231267139315605,1.9166194883544088,65.45565891265869
29,201,0.0,0.0,0.0,0.0,65.45565891265869
29,202,0.0,0.5400533080101013,-0.405039981007576,0.0,65.45565891265869
29,203,0.0,0.016997702419757843,-0.012748276814818382,0.0,65.45565891265869
29,204,0.0,0.001295942347496748,-0.000971956760622561,0.0,65.45565891265869
29,205,0.44962748885154724,0.8841630220413208,-0.21349477767944336,0.5085346001158887,65.45565891265869
29,206,0.03887871652841568,0.0391884446144104,0.00948738306760788,0.9920964434788279,65.45565891265869
29,207,0.04938932880759239,0.06066315248608589,0.003891964443027973,0.8141569763969405,65.45565891265869
29,208,0.23700761795043945,0.13738277554512024,0.13397053629159927,1.7251625395417531,65.45565891265869
29,209,0.14998501539230347,0.04160372540354729,0.118782221339643,3.605086177592887,65.45565891265869
29,210,0.021821415051817894,0.020821530371904373,0.006205267272889614,1.0480216708861467,65.45565891265869
29,211,2.7487096303957514e-05,0.037723805755376816,-0.028265367220228654,0.0007286405958473876,65.45565891265869
29,212,0.09808049350976944,0.22276443243026733,-0.06899283081293106,0.44028794201709737,65.45565891265869
29,213,0.01504484936594963,0.4440689980983734,-0.31800689920783043,0.033879530952041166,65.45565891265869
29,214,0.038274381309747696,0.01713423803448677,0.025423702783882618,2.233795353518348,65.45565891265869
29,215,0.07649900019168854,0.059383220970630646,0.03196158446371555,1.2882258479753848,65.45565891265869
29,216,0.004034122917801142,0.0075775994919240475,-0.0016490767011418939,0.5323747872354827,65.45565891265869
29,217,0.0,1.5492438077926636,-1.1619328558444977,0.0,65.45565891265869
29,218,0.18709176778793335,0.06887848675251007,0.1354329027235508,2.7162583936761515,65.45565891265869
29,219,0.0076764291152358055,0.0,0.0076764291152358055,7676429115.2358055,65.45565891265869
29,220,0.0,0.6177021265029907,-0.46327659487724304,0.0,65.45565891265869
29,221,0.0,0.0,0.0,0.0,65.45565891265869
29,222,0.01642031967639923,0.015379414893686771,0.004885758506134152,1.0676816893776673,65.45565891265869
29,223,0.0,0.06827876716852188,-0.05120907537639141,0.0,65.45565891265869
29,224,0.05616115406155586,0.05809346213936806,0.01259105745702982,0.9667379424875167,65.45565891265869
29,225,0.38153576850891113,0.256698876619339,0.1890116110444069,1.4863164713930852,65.45565891265869
29,226,0.1604299694299698,0.0475597158074379,0.12476018257439137,3.3732322976056723,65.45565891265869
29,227,0.23875342309474945,0.07738141715526581,0.1807173602283001,3.0854103203176715,65.45565891265869
29,228,0.11227129399776459,0.10927808284759521,0.030312731862068176,1.0273907728900813,65.45565891265869
29,229,0.4051291048526764,0.12073908746242523,0.31457478925585747,3.3554096967595495,65.45565891265869
29,230,0.01578662358224392,0.015189954079687595,0.004394158022478223,1.039280533593905,65.45565891265869
29,231,0.016144298017024994,0.015251421369612217,0.004705731989815831,1.0585438317331688,65.45565891265869
29,232,0.21255291998386383,0.002587492810562253,0.21061230037594214,82.14628424630504,65.45565891265869
29,233,0.7560909986495972,0.06366776674985886,0.708340173587203,11.875569652196065,65.45565891265869
29,234,0.05977347120642662,0.03630007430911064,0.03254841547459364,1.6466487284787168,65.45565891265869
29,235,0.0,0.028949305415153503,-0.021711979061365128,0.0,65.45565891265869
29,236,0.03353079408407211,0.004162576049566269,0.03040886204689741,8.055298852620517,65.45565891265869
29,237,0.015527077950537205,0.006414078176021576,0.010716519318521023,2.420780901324673,65.45565891265869
29,238,0.19138281047344208,0.18709617853164673,0.05106067657470703,1.0229113815921544,65.45565891265869
29,239,0.019585303962230682,0.06424830108880997,-0.028600921854376793,0.30483769422717055,65.45565891265869
29,240,1.0616111755371094,0.10036692768335342,0.9863359797745943,10.577300710805835,65.45565891265869
29,241,0.0,0.03537118807435036,-0.026528391055762768,0.0,65.45565891265869
29,242,0.011189150623977184,0.004040911328047514,0.008158467127941549,2.7689671247041656,65.45565891265869
29,243,0.0027960289735347033,0.07113488018512726,-0.05055513116531074,0.03930601930050042,65.45565891265869
29,244,0.009717358276247978,0.010455700568854809,0.0018755828496068716,0.9293837568631631,65.45565891265869
29,245,0.007056610193103552,0.19664496183395386,-0.14042711118236184,0.035885029177743374,65.45565891265869
29,246,0.008765277452766895,0.004155979957431555,0.005648292484693229,2.1090759677471747,65.45565891265869
29,247,0.2498149424791336,0.06454560160636902,0.20140574127435684,3.8703635299390067,65.45565891265869
29,248,0.04030165821313858,0.16734306514263153,-0.08520564064383507,0.24083255663177575,65.45565891265869
29,249,0.01136963814496994,0.003548238892108202,0.008708458975888789,3.204304582493969,65.45565891265869
29,250,3.692857265472412,1.9489609003067017,2.231136590242386,1.894782632575843,65.45565891265869
29,251,0.01683720387518406,0.010460203513503075,0.008992051240056753,1.6096440047116933,65.45565891265869
29,252,0.05410502105951309,0.02659625932574272,0.03415782656520605,2.034309426555716,65.45565891265869
29,253,0.05225873365998268,0.053762998431921005,0.011936484836041927,0.9720204449754571,65.45565891265869
29,254,0.06316115707159042,0.030169039964675903,0.040534377098083496,2.093575305791981,65.45565891265869
29,255,0.008925523608922958,0.019582627341151237,-0.00576144689694047,0.4557878497596151,65.45565891265869
30,0,0.06922632455825806,0.0373799167573452,0.04119138699024916,1.8519657228183377,65.4753589630127
30,1,0.013267985545098782,0.0,0.013267985545098782,13267985545.098782,65.4753589630127
30,2,0.03233652561903,0.02078774943947792,0.01674571353942156,1.5555568298348015,65.4753589630127
30,3,0.019841989502310753,0.09282906353473663,-0.04977980814874172,0.21374759958309966,65.4753589630127
30,4,0.48040300607681274,0.0,0.48040300607681274,480403006076.81274,65.4753589630127
30,5,0.013493960723280907,0.11860823631286621,-0.07546221651136875,0.11376917103440108,65.4753589630127
30,6,0.08651363104581833,0.008264118805527687,0.08031554194167256,10.468585105224125,65.4753589630127
30,7,0.026149103417992592,0.013859703205525875,0.015754326013848186,1.886700099442261,65.4753589630127
30,8,1.000591516494751,0.9843323230743408,0.26234227418899536,1.016517991981216,65.4753589630127
30,9,0.05684884637594223,0.03510914742946625,0.030516985803842545,1.6192032714132838,65.4753589630127
30,10,0.003269206965342164,0.0,0.003269206965342164,3269206965.342164,65.4753589630127
30,11,0.0183272585272789,0.010196017101407051,0.010680245701223612,1.7974919366261404,65.4753589630127
30,12,0.0,0.0,0.0,0.0,65.4753589630127
30,13,0.0,0.0,0.0,0.0,65.4753589630127
30,14,0.0,0.00643940269947052,-0.00482955202460289,0.0,65.4753589630127
30,15,0.0,0.0,0.0,0.0,65.4753589630127
30,16,0.0033526478800922632,0.006010640412569046,-0.0011553324293345213,0.5577854686704675,65.4753589630127
30,17,0.01682027243077755,0.009952620603144169,0.009355806978419423,1.690034524552635,65.4753589630127
30,18,0.09165141731500626,0.036831632256507874,0.06402769312262535,2.4883886946477576,65.4753589630127
30,19,0.0,0.0,0.0,0.0,65.4753589630127
30,20,0.1073005273938179,0.060123756527900696,0.06220770999789238,1.7846610655846156,65.4753589630127
30,21,0.11558768898248672,0.08596578240394592,0.05111335217952728,1.3445778744617876,65.4753589630127
30,22,0.06206370145082474,0.6743209958076477,-0.44367704540491104,0.09203880916743185,65.4753589630127
30,23,0.013726998120546341,0.0074940025806427,0.008106496185064316,1.8317311704925188,65.4753589630127
30,24,0.008160640485584736,0.04101352393627167,-0.022599502466619015,0.1989743797208469,65.4753589630127
30,25,0.027271831408143044,0.011696254834532738,0.01849964028224349,2.331672128525479,65.4753589630127
30,26,0.005857792682945728,0.008669731207191944,-0.0006445057224482298,0.6756602416244182,65.4753589630127
30,27,0.25937390327453613,0.13880938291549683,0.1552668660879135,1.86856174867204,65.4753589630127
30,28,0.01468220166862011,0.002178613794967532,0.01304824132239446,6.739240197503513,65.4753589630127
30,29,0.003478474449366331,0.017711147665977478,-0.009804886300116777,0.19640028499406417,65.4753589630127
30,30,2.5248444080352783,1.1381115913391113,1.6712607145309448,2.2184506574283347,65.4753589630127
30,31,0.17736828327178955,0.5595472455024719,-0.2422921508550644,0.3169853568168249,65.4753589630127
30,32,0.007017470430582762,0.10387792438268661,-0.0708909728564322,0.06755497351547786,65.4753589630127
30,33,0.013636619783937931,0.006079227197915316,0.009077199385501444,2.2431502126406855,65.4753589630127
30,34,0.00528375431895256,0.010771145112812519,-0.002794604515656829,0.4905471296804709,65.4753589630127
30,35,0.0,0.0,0.0,0.0,65.4753589630127
30,36,1.8702025413513184,0.008680606260895729,1.8636920866556466,215.44607426335347,65.4753589630127
30,37,0.2951950430870056,0.09747262299060822,0.22209057584404945,3.0284918372661425,65.4753589630127
30,38,0.031150780618190765,0.008867555297911167,0.02450011414475739,3.5128938662514706,65.4753589630127
30,39,0.0,0.010538050904870033,-0.007903538178652525,0.0,65.4753589630127
30,40,0.2783162295818329,0.10931703448295593,0.19632845371961594,2.545954808376002,65.4753589630127
30,41,0.004628174472600222,0.003822658909484744,0.0017611802904866636,1.2107212756822532,65.4753589630127
30,42,0.13690100610256195,0.06379245966672897,0.08905666135251522,2.1460374284927717,65.4753589630127
30,43,0.09053701907396317,0.02390495501458645,0.07260830281302333,3.787374584680517,65.4753589630127
30,44,0.0024079116992652416,0.3187921643257141,-0.23668621154502034,0.0075532336384450584,65.4753589630127
30,45,0.025344034656882286,0.014437414705753326,0.014515973627567291,1.7554413426267528,65.4753589630127
30,46,0.10672350227832794,0.14682228863239288,-0.0033932141959667206,0.726888970821117,65.4753589630127
30,47,0.9868034720420837,0.029638927429914474,0.9645742764696479,33.29416944463422,65.4753589630127
30,48,0.1432470977306366,0.1477450430393219,0.03243831545114517,0.9695560323573241,65.4753589630127
30,49,0.015819184482097626,0.04027777165174484,-0.014389144256711006,0.3927522261778249,65.4753589630127
30,50,0.0,0.011291708797216415,-0.008468781597912312,0.0,65.4753589630127
30,51,0.028772277757525444,0.016993053257465363,0.016027487814426422,1.6931788137127195,65.4753589630127
30,52,0.05822446942329407,0.05276565998792648,0.018650224432349205,1.103453826513554,65.4753589630127
30,53,0.18287025392055511,0.340204656124115,-0.07228323817253113,0.5375301326073034,65.4753589630127
30,54,0.014890667051076889,0.020397871732711792,-0.00040773674845695496,0.7300108190437788,65.4753589630127
30,55,0.7457242608070374,0.37472376227378845,0.464681439101696,1.9900639774752016,65.4753589630127
30,56,0.015945518389344215,0.07872471213340759,-0.04309801571071148,0.20254781449210318,65.4753589630127
30,57,0.014815879985690117,0.10165455937385559,-0.061425039544701576,0.14574732384659617,65.4753589630127
30,58,0.006678218487650156,0.034990038722753525,-0.019564310554414988,0.1908605629269151,65.4753589630127
30,59,0.03022356517612934,0.001713208039291203,0.02893865914666094,17.641503229807444,65.4753589630127
30,60,0.5688175559043884,0.04178140312433243,0.5374815035611391,13.614132445435022,65.4753589630127
30,61,0.0,0.0,0.0,0.0,65.4753589630127
30,62,0.10838986188173294,0.08983252197504044,0.041015470400452614,1.2065770780724825,65.4753589630127
30,63,0.0,0.4425027072429657,-0.3318770304322243,0.0,65.4753589630127
30,64,0.03249743580818176,0.04251313954591751,0.0006125811487436295,0.7644092192325054,65.4753589630127
30,65,0.11486943066120148,0.05310093238949776,0.07504373136907816,2.1632281297146676,65.4753589630127
30,66,2.764625310897827,1.7507176399230957,1.4515870809555054,1.5791383189682664,65.4753589630127
30,67,0.01582232676446438,0.013979654759168625,0.00533758569508791,1.1318109807365175,65.4753589630127
30,68,0.09426672756671906,0.051149092614650726,0.05590490810573101,1.8429794693537749,65.4753589630127
30,69,0.06522984057664871,0.24897150695323944,-0.12149878963828087,0.26199721154693356,65.4753589630127
30,70,0.0,0.012475273571908474,-0.009356455178931355,0.0,65.4753589630127
30,71,0.00788074266165495,0.0,0.00788074266165495,7880742661.654949,65.4753589630127
30,72,0.00016259326366707683,1.1618793905654456e-05,0.00015387916823783598,13.993986896863843,65.4753589630127
30,73,0.000535302038770169,0.017555417492985725,-0.012631261080969125,0.030492128082602255,65.4753589630127
30,74,0.0,0.0,0.0,0.0,65.4753589630127
30,75,0.05664900690317154,0.058743275701999664,0.012591550126671791,0.9643487909932612,65.4753589630127
30,76,0.18641002476215363,0.13986647129058838,0.08151017129421234,1.3327713428440828,65.4753589630127
30,77,0.0090740155428648,0.02377643808722496,-0.00875831302255392,0.38163897843717026,65.4753589630127
30,78,0.5387507081031799,0.3008817434310913,0.31308940052986145,1.7905729405771522,65.4753589630127
30,79,0.0,0.03790340945124626,-0.028427557088434696,0.0,65.4753589630127
30,80,0.011365363374352455,0.024799373000860214,-0.0072341663762927055,0.4582923678554266,65.4753589630127
30,81,0.01832813210785389,0.005328471772372723,0.014331778278574347,3.439660166624636,65.4753589630127
30,82,0.0,0.012319225817918777,-0.009239419363439083,0.0,65.4753589630127
30,83,0.020948391407728195,0.0019313967786729336,0.019499843823723495,10.846239171671206,65.4753589630127
30,84,0.1372200846672058,0.09939398616552353,0.06267459504306316,1.380567275341074,65.4753589630127
30,85,0.38192006945610046,0.1564653366804123,0.26457106694579124,2.440924472835469,65.4753589630127
30,86,0.012983384542167187,0.018897201865911484,-0.001189516857266426,0.6870532808828571,65.4753589630127
30,87,0.0,0.24198557436466217,-0.18148918077349663,0.0,65.4753589630127
30,88,0.4545761048793793,0.012591109611093998,0.4451327726710588,36.10294238426376,65.4753589630127
30,89,0.19131134450435638,0.19159246981143951,0.04761699214577675,0.9985326912463818,65.4753589630127
30,90,0.0,0.4878576993942261,-0.36589327454566956,0.0,65.4753589630127
30,91,0.0026445004623383284,0.002530421130359173,0.0007466846145689487,1.0450831403379404,65.4753589630127
30,92,0.06814494729042053,0.0378853902220726,0.03973090462386608,1.7987130893776446,65.4753589630127
30,93,0.2979039251804352,0.04793696105480194,0.2619512043893337,6.214493339151274,65.4753589630127
30,94,0.001645058044232428,0.0022494480945169926,-4.202802665531635e-05,0.7313162937659795,65.4753589630127
30,95,0.256855845451355,0.3465644419193268,-0.003067485988140106,0.7411488727121195,65.4753589630127
30,96,0.08682214468717575,0.09434638172388077,0.016062358394265175,0.9202488012773388,65.4753589630127
30,97,0.0,0.0,0.0,0.0,65.4753589630127
30,98,0.0,0.005635995417833328,-0.004226996563374996,0.0,65.4753589630127
30,99,0.030362281948328018,0.06194022297859192,-0.01609288528561592,0.49018683640082783,65.4753589630127
30,100,0.031641531735658646,1.37775719165802,-1.0016763620078564,0.022965971019579756,65.4753589630127
30,101,0.051889386028051376,0.022033607587218285,0.03536418033763766,2.3550108996130734,65.4753589630127
30,102,0.3571016192436218,0.07033848762512207,0.3043477535247803,5.076902152655932,65.4753589630127
30,103,0.10820212215185165,0.040206778794527054,0.07804703805595636,2.6911412799845826,65.4753589630127
30,104,0.013880536891520023,0.0520903654396534,-0.025187237188220024,0.2664703304363286,65.4753589630127
30,105,0.038388628512620926,0.2614627182483673,-0.15770841017365456,0.14682257099464627,65.4753589630127
30,106,0.06144287809729576,0.24056623876094818,-0.11898180097341537,0.2554093974844759,65.4753589630127
30,107,0.0548129640519619,0.01704374887049198,0.04203015239909291,3.21601570553789,65.4753589630127
30,108,0.0064927986823022366,0.005536791402846575,0.0023402051301673055,1.172664492614169,65.4753589630127
30,109,0.25022366642951965,0.11599136143922806,0.1632301453500986,2.1572612246513145,65.4753589630127
30,110,0.07022831588983536,0.03815571963787079,0.041611526161432266,1.8405711268066587,65.4753589630127
30,111,0.12395321577787399,0.0610344335436821,0.07817739062011242,2.030873534480013,65.4753589630127
30,112,0.03252943232655525,0.15044242143630981,-0.08030238375067711,0.2162251312879223,65.4753589630127
30,113,0.06562981009483337,0.01834496110677719,0.05187108926475048,3.5775387971256136,65.4753589630127
30,114,0.07206099480390549,0.027363914996385574,0.051538058556616306,2.633431466615446,65.4753589630127
30,115,0.004926891066133976,0.007562075741589069,-0.000744665740057826,0.6515262784774923,65.4753589630127
30,116,0.006484515964984894,0.0021488224156200886,0.004872899153269827,3.0177067750365687,65.4753589630127
30,117,0.023033859208226204,0.23300565779209137,-0.15172038413584232,0.09885536439926378,65.4753589630127
30,118,0.22359752655029297,0.050213657319545746,0.18593728356063366,4.452922541031568,65.4753589630127
30,119,0.09080573171377182,0.4263821542263031,-0.2289808839559555,0.21296794627423254,65.4753589630127
30,120,0.08126804977655411,0.052904773503541946,0.04158946964889765,1.5361194159460325,65.4753589630127
30,121,0.01885455846786499,0.01922021247446537,0.004439399112015963,0.9809755481076425,65.4753589630127
30,122,0.0,0.0,0.0,0.0,65.4753589630127
30,123,0.021382076665759087,0.026375787332654,0.0016002361662685871,0.8106706501411913,65.4753589630127
30,124,0.4242638945579529,0.16871871054172516,0.297724861651659,2.5146226710315878,65.4753589630127
30,125,0.0953054279088974,0.04325297474861145,0.06286569684743881,2.2034421553803893,65.4753589630127
30,126,0.00714912312105298,0.017663221806287766,-0.006098293233662844,0.4047462687754555,65.4753589630127
30,127,0.08967599272727966,0.059892382472753525,0.04475670587271452,1.497285448054736,65.4753589630127
30,128,0.08197393268346786,0.04501848667860031,0.04821006767451763,1.820894897398085,65.4753589630127
30,129,0.02909153141081333,0.024485059082508087,0.010727737098932266,1.188134009054033,65.4753589630127
30,130,0.04572165757417679,0.02625785395503044,0.026028267107903957,1.7412564503839143,65.4753589630127
30,131,0.0690276101231575,0.07808263599872589,0.010465633124113083,0.884032784490009,65.4753589630127
30,132,0.05655403435230255,0.035788051784038544,0.029712995514273643,1.5802490365218869,65.4753589630127
30,133,0.12997369468212128,0.15337379276752472,0.014943350106477737,0.8474309224280616,65.4753589630127
30,134,0.0,0.0,0.0,0.0,65.4753589630127
30,135,0.10357112437486649,0.23878583312034607,-0.07551825046539307,0.4337406579821415,65.4753589630127
30,136,0.5168536901473999,0.013607830740511417,0.5066478170920163,37.982078111150365,65.4753589630127
30,137,0.01663638837635517,0.03811873123049736,-0.011952660046517849,0.43643604702689026,65.4753589630127
30,138,0.02902173064649105,0.0024251563008874655,0.02720286342082545,11.966952655341778,65.4753589630127
30,139,0.00189749535638839,0.030126582831144333,-0.02069744176696986,0.06298408840327581,65.4753589630127
30,140,1.526185154914856,1.081716537475586,0.7148977518081665,1.4108919500067185,65.4753589630127
30,141,0.0,0.0,0.0,0.0,65.4753589630127
30,142,0.061107780784368515,0.08641866594552994,-0.0037062186747789383,0.7071132158205022,65.4753589630127
30,143,0.0,0.12069124728441238,-0.09051843546330929,0.0,65.4753589630127
30,144,0.03186327591538429,0.0035945179406553507,0.02916738745989278,8.864408644656976,65.4753589630127
30,145,0.02882165089249611,0.058128248900175095,-0.014774535782635212,0.4958286450619961,65.4753589630127
30,146,0.059490811079740524,0.12555846571922302,-0.03467803820967674,0.4738096371159994,65.4753589630127
30,147,1.2655872106552124,0.8056442141532898,0.6613540500402451,1.5709008870419796,65.4753589630127
30,148,0.10592801868915558,0.04884727671742439,0.06929256115108728,2.1685552564120996,65.4753589630127
30,149,0.009436115622520447,0.0,0.009436115622520447,9436115622.520447,65.4753589630127
30,150,0.08202209323644638,0.019770197570323944,0.06719444505870342,4.148774585612482,65.4753589630127
30,151,0.010353408753871918,0.1498701572418213,-0.10204920917749405,0.06908252412851752,65.4753589630127
30,152,0.1715800166130066,0.7415863871574402,-0.38460977375507355,0.2313688864630527,65.4753589630127
30,153,0.6540623307228088,0.11404237896203995,0.5685305465012789,5.7352568112840245,65.4753589630127
30,154,0.587377667427063,0.1949404627084732,0.4411723203957081,3.0131131283013985,65.4753589630127
30,155,0.027620656415820122,0.0225167665630579,0.010733081493526697,1.2266706383992647,65.4753589630127
30,156,0.02593062072992325,0.02895473875105381,0.004214566666632891,0.8955570606930081,65.4753589630127
30,157,0.0,0.0,0.0,0.0,65.4753589630127
30,158,0.0042073423974215984,0.011580287478864193,-0.004477873211726546,0.3633193394151334,65.4753589630127
30,159,0.024774888530373573,0.03205778822302818,0.0007315473631024361,0.7728196454864632,65.4753589630127
30,160,0.05397236719727516,0.10223548859357834,-0.022704249247908592,0.5279220350900478,65.4753589630127
30,161,0.02248912863433361,0.04247135668992996,-0.009364388883113861,0.5295128384522813,65.4753589630127
30,162,3.235943222534843e-05,0.287941575050354,-0.21592382185554015,0.00011238193796632934,65.4753589630127
30,163,0.025260062888264656,0.004646075889468193,0.02177550597116351,5.436859725018214,65.4753589630127
30,164,0.09325166046619415,0.4572416841983795,-0.24967960268259048,0.20394391781990706,65.4753589630127
30,165,0.002622713800519705,0.0023748341482132673,0.0008415881893597543,1.1043776683894135,65.4753589630127
30,166,0.0014460072852671146,0.004168003797531128,-0.0016799955628812313,0.34693041445324757,65.4753589630127
30,167,0.3005909025669098,0.001081367488950491,0.2997798769501969,277.9729420020496,65.4753589630127
30,168,0.022167475894093513,0.0164986252784729,0.009793506935238838,1.3435953310409219,65.4753589630127
30,169,0.06281111389398575,0.04304690286517143,0.030525936745107174,1.4591320097815004,65.4753589630127
30,170,0.04734396934509277,0.0022880283650010824,0.04562794807134196,20.69203775993325,65.4753589630127
30,171,0.04513433575630188,0.024265900254249573,0.0269349105656147,1.8599901623900283,65.4753589630127
30,172,0.008257532492280006,0.005475970450788736,0.004150554654188454,1.5079578250066463,65.4753589630127
30,173,0.05781233310699463,0.029619723558425903,0.0355975404381752,1.9518187936834062,65.4753589630127
30,174,0.03162192925810814,0.038038138300180435,0.0030933255329728127,0.831321685823063,65.4753589630127
30,175,0.0,0.3276316523551941,-0.24572373926639557,0.0,65.4753589630127
30,176,0.0036125946789979935,0.015080634504556656,-0.0076978811994194984,0.23955190198840015,65.4753589630127
30,177,0.7974650263786316,0.039101868867874146,0.768138624727726,20.394550169785603,65.4753589630127
30,178,0.09979235380887985,0.051155220717191696,0.06142593827098608,1.950775549549959,65.4753589630127
30,179,5.958205656497739e-05,0.24088190495967865,-0.180601846663194,0.00024734965698109833,65.4753589630127
30,180,0.02962191216647625,0.009761248715221882,0.02230097563005984,3.0346437251669056,65.4753589630127
30,181,0.0,0.003339572111144662,-0.0025046790833584964,0.0,65.4753589630127
30,182,0.055727098137140274,0.02312011457979679,0.03838701220229268,2.4103296695348706,65.4753589630127
30,183,0.02416251040995121,0.011868017725646496,0.015261497115716338,2.0359348095428507,65.4753589630127
30,184,0.0,0.28802794218063354,-0.21602095663547516,0.0,65.4753589630127
30,185,0.615646481513977,0.024060195311903954,0.5976013350300491,25.58775909785711,65.4753589630127
30,186,0.021517038345336914,0.0,0.021517038345336914,21517038345.336914,65.4753589630127
30,187,0.0,0.0,0.0,0.0,65.4753589630127
30,188,0.042815785855054855,0.02205406129360199,0.026275239884853363,1.941401417322376,65.4753589630127
30,189,0.12751947343349457,0.3497813045978546,-0.1348165050148964,0.3645691515152298,65.4753589630127
30,190,0.04298711568117142,0.013280048035085201,0.033027079654857516,3.236969893810979,65.4753589630127
30,191,0.022633668035268784,0.003592885797843337,0.01993900368688628,6.299579029913858,65.4753589630127
30,192,0.0109984977170825,0.016834262758493423,-0.0016271993517875671,0.6533400288575196,65.4753589630127
30,193,0.05562157928943634,0.03249403461813927,0.03125105332583189,1.711747400449766,65.4753589630127
30,194,0.0,0.12862642109394073,-0.09646981582045555,0.0,65.4753589630127
30,195,2.819094657897949,1.545547604560852,1.6599339544773102,1.8240102404979854,65.4753589630127
30,196,1.2451236248016357,0.035027168691158295,1.218853248283267,35.547367123634736,65.4753589630127
30,197,0.30868205428123474,0.28851234912872314,0.09229779243469238,1.069909330440628,65.4753589630127
30,198,0.0,0.0,0.0,0.0,65.4753589630127
30,199,0.2096647322177887,0.9302452206611633,-0.4880191832780838,0.2253865191250819,65.4753589630127
30,200,0.0,0.06655988842248917,-0.049919916316866875,0.0,65.4753589630127
30,201,0.0187506303191185,0.04973854869604111,-0.01855328120291233,0.37698386483548435,65.4753589630127
30,202,0.008433065377175808,0.04828905686736107,-0.027783727273344994,0.17463719368478994,65.4753589630127
30,203,0.01326440367847681,0.03465700522065163,-0.01272835023701191,0.3827336953566318,65.4753589630127
30,204,0.14144253730773926,0.032495032995939255,0.11707126256078482,4.352743304524784,65.4753589630127
30,205,0.0,0.0,0.0,0.0,65.4753589630127
30,206,0.0,0.0,0.0,0.0,65.4753589630127
30,207,0.021962041035294533,0.17680761218070984,-0.11064366810023785,0.12421434102465885,65.4753589630127
30,208,0.13347811996936798,0.15239804983139038,0.019179582595825195,0.8758518899432715,65.4753589630127
30,209,0.0,0.01707865484058857,-0.012808991130441427,0.0,65.4753589630127
30,210,0.0,0.050330013036727905,-0.03774750977754593,0.0,65.4753589630127
30,211,0.01602252386510372,0.03139560669660568,-0.00752418115735054,0.5103428648290987,65.4753589630127
30,212,0.4966631233692169,0.022098680958151817,0.48008911265060306,22.474785906329483,65.4753589630127
30,213,0.0,0.005826436448842287,-0.004369827336631715,0.0,65.4753589630127
30,214,0.01884043961763382,0.02801588736474514,-0.0021714759059250355,0.6724912679606898,65.4753589630127
30,215,0.34645509719848633,0.24835708737373352,0.1601872816681862,1.3949877608112615,65.4753589630127
30,216,0.0,0.04022350162267685,-0.030167626217007637,0.0,65.4753589630127
30,217,0.0549575537443161,0.029879901558160782,0.032547627575695515,1.8392816199712962,65.4753589630127
30,218,0.12173372507095337,0.05624806135892868,0.07954767905175686,2.1642297019267036,65.4753589630127
30,219,0.0,0.0,0.0,0.0,65.4753589630127
30,220,0.015550306998193264,0.003170725656673312,0.01317226275568828,4.904336949039018,65.4753589630127
30,221,1.2038040161132812,0.44598108530044556,0.8693182021379471,2.699226616975497,65.4753589630127
30,222,0.0,0.27529633045196533,-0.206472247838974,0.0,65.4753589630127
30,223,0.0538736991584301,0.0259124543517828,0.034439358394593,2.0790658586396886,65.4753589630127
30,224,0.24132774770259857,0.08256838470697403,0.17940145917236805,2.9227621268857447,65.4753589630127
30,225,0.026655757799744606,0.028078852221369743,0.0055966186337172985,0.9493179275507782,65.4753589630127
30,226,0.06948760896921158,0.048840004950761795,0.03285760525614023,1.4227600721548446,65.4753589630127
30,227,0.0,0.0016138835344463587,-0.001210412650834769,0.0,65.4753589630127
30,228,0.0063904584385454655,0.026404745876789093,-0.013413100969046354,0.24201931229040663,65.4753589630127
30,229,5.458874225616455,3.413510799407959,2.898741126060486,1.5991964128432363,65.4753589630127
30,230,0.12676836550235748,0.08497708290815353,0.06303555332124233,1.4917947423293143,65.4753589630127
30,231,0.5136362314224243,0.3305533528327942,0.2657212167978287,1.5538678613273247,65.4753589630127
30,232,0.0001426335220457986,0.0014297222951427102,-0.0009296581993112341,0.09976309555402037,65.4753589630127
30,233,2.6264803409576416,0.0334610641002655,2.6013845428824425,78.4936286846391,65.4753589630127
30,234,0.02720293030142784,0.006154652684926987,0.0225869407877326,4.419896895827949,65.4753589630127
30,235,0.03938573971390724,0.046919070184230804,0.0041964370757341385,0.8394399027605857,65.4753589630127
30,236,0.07312584668397903,0.04865623265504837,0.03663367219269276,1.5029081104759328,65.4753589630127
30,237,0.056355204433202744,0.03580407425761223,0.029502148739993572,1.5739885920845222,65.4753589630127
30,238,1.256704568862915,0.000684466038364917,1.2561912193341414,1836.0364088026201,65.4753589630127
30,239,0.0009154986473731697,0.010022738948464394,-0.0066015555639751256,0.09134216225616583,65.4753589630127
30,240,0.031113523989915848,0.015398393385112286,0.019564728951081634,2.020569497722856,65.4753589630127
30,241,0.07402117550373077,0.6985519528388977,-0.4498927891254425,0.10596373713194072,65.4753589630127
30,242,0.005971000529825687,0.006634159479290247,0.0009953809203580022,0.9000387385267461,65.4753589630127
30,243,0.07049447298049927,0.5066103935241699,-0.3094633221626282,0.1391492829232626,65.4753589630127
30,244,0.09448889642953873,0.18886855244636536,-0.04716251790523529,0.5002891969316664,65.4753589630127
30,245,0.0,0.0,0.0,0.0,65.4753589630127
30,246,0.0,0.0,0.0,0.0,65.4753589630127
30,247,0.07283385843038559,0.8373510241508484,-0.5551794096827507,0.08698127347985142,65.4753589630127
30,248,0.015497824177145958,0.011098505929112434,0.007173944730311632,1.3963883314327297,65.4753589630127
30,249,0.10912150144577026,0.04610037803649902,0.074546217918396,2.367041358251087,65.4753589630127
30,250,0.012441650964319706,1.39851713180542,-1.0364461978897452,0.008896316449301713,65.4753589630127
30,251,0.016427628695964813,0.009927398525178432,0.008982079802080989,1.6547767929982211,65.4753589630127
30,252,0.09345261007547379,0.07568667829036713,0.03668760135769844,1.234729970784476,65.4753589630127
30,253,0.02781488373875618,0.01620206981897354,0.015663331374526024,1.7167487887545472,65.4753589630127
30,254,0.002093486487865448,0.0016176917124539614,0.000880217703524977,1.2941195596505894,65.4753589630127
30,255,0.23176349699497223,0.13642196357250214,0.12944702431559563,1.698872314428325,65.4753589630127
31,0,0.02946273237466812,0.011887726373970509,0.02054693759419024,2.478416094494033,65.4950590133667
31,1,0.2793712019920349,0.03105165995657444,0.2560824570246041,8.996981236228173,65.4950590133667
31,2,0.028008688241243362,0.02188197523355484,0.011597206816077232,1.279989029373068,65.4950590133667
31,3,0.2719997763633728,0.0013689661864191294,0.27097305172355846,198.68991569190308,65.4950590133667
31,4,0.1421356052160263,0.3854644298553467,-0.1469627171754837,0.3687385766541334,65.4950590133667
31,5,0.027114422991871834,0.012858943082392216,0.017470215680077672,2.108604324323597,65.4950590133667
31,6,0.006461675278842449,0.0008681407780386508,0.005810569695313461,7.44311917474708,65.4950590133667
31,7,0.007168243173509836,0.0019779105205088854,0.005684810283128172,3.6241493715506454,65.4950590133667
31,8,0.01827739179134369,0.018835853785276413,0.004150501452386379,0.9703511186023533,65.4950590133667
31,9,0.014466613531112671,0.250075101852417,-0.17308971285820007,0.05784907583319655,65.4950590133667
31,10,0.01256497297435999,0.196770578622818,-0.1350129609927535,0.06385595378250856,65.4950590133667
31,11,0.14168857038021088,0.34225913882255554,-0.11500578373670578,0.41398038593574393,65.4950590133667
31,12,0.028584497049450874,0.3751981258392334,-0.2528140973299742,0.07618507418030843,65.4950590133667
31,13,0.01433818880468607,0.019266953691840172,-0.00011202646419405937,0.7441855642189201,65.4950590133667
31,14,0.12106708437204361,0.014095883816480637,0.11049517150968313,8.588825357790299,65.4950590133667
31,15,0.03166215494275093,0.004590044729411602,0.02821962139569223,6.898005749916013,65.4950590133667
31,16,0.6011837720870972,0.0,0.6011837720870972,601183772087.0972,65.4950590133667
31,17,0.15649263560771942,0.04609876498579979,0.12191856186836958,3.394725122300576,65.4950590133667
31,18,0.12487522512674332,0.07271230220794678,0.07034099847078323,1.7173878605562598,65.4950590133667
31,19,0.006893138866871595,0.00235390174202621,0.005127712560351938,2.9283885307844995,65.4950590133667
31,20,0.005683515686541796,0.11772404611110687,-0.08260951889678836,0.04827829041086022,65.4950590133667
31,21,0.026749197393655777,0.0034298773389309645,0.024176789389457554,7.798878718559124,65.4950590133667
31,22,0.0,0.007675761356949806,-0.005756821017712355,0.0,65.4950590133667
31,23,0.04776367172598839,0.17742161452770233,-0.08530253916978836,0.26920999368011855,65.4950590133667
31,24,0.01918567717075348,0.03615521639585495,-0.007930735126137733,0.530647554703127,65.4950590133667
31,25,0.020122697576880455,2.1051743030548096,-1.5587580297142267,0.009558684783331686,65.4950590133667
31,26,0.14608491957187653,0.09831005334854126,0.07235237956047058,1.4859611463384297,65.4950590133667
31,27,0.016507068648934364,0.008017553016543388,0.010493903886526823,2.058866166873468,65.4950590133667
31,28,0.005064762197434902,0.001738863647915423,0.003760614461498335,2.912685074872854,65.4950590133667
31,29,0.0877395048737526,0.031358081847429276,0.06422094348818064,2.7979869845944503,65.4950590133667
31,30,0.07684183120727539,0.06182556226849556,0.03047265950590372,1.242881235310476,65.4950590133667
31,31,0.044490184634923935,0.01907981000840664,0.030180327128618956,2.331793902192401,65.4950590133667
31,32,0.005904649384319782,0.014918644912540913,-0.005284334300085902,0.39578992720447587,65.4950590133667
31,33,0.01911347359418869,0.0730208083987236,-0.03565213270485401,0.26175379337845067,65.4950590133667
31,34,0.06380161643028259,0.046443987637758255,0.0289686257019639,1.3737325254354154,65.4950590133667
31,35,0.010371554642915726,0.00395985459908843,0.007401663693599403,2.6191756239444017,65.4950590133667
31,36,0.04295556619763374,0.14664512872695923,-0.06702828034758568,0.2929218758934737,65.4950590133667
31,37,0.014181701466441154,0.02340320497751236,-0.0033707022666931152,0.6059726212483323,65.4950590133667
31,38,3.8172669410705566,1.6008540391921997,2.616626411676407,2.3845190427194645,65.4950590133667
31,39,0.0,0.0029047378338873386,-0.002178553375415504,0.0,65.4950590133667
31,40,0.023412173613905907,0.006497012451291084,0.018539414275437593,3.603529127553067,65.4950590133667
31,41,0.05748818442225456,0.5853712558746338,-0.3815402574837208,0.09820807537988906,65.4950590133667
31,42,0.05345071107149124,0.08486535400152206,-0.010198304429650307,0.6298295894683096,65.4950590133667
31,43,0.09382210671901703,0.003039068076759577,0.09154280566144735,30.871999020233655,65.4950590133667
31,44,0.031134426593780518,0.017033519223332405,0.018359287176281214,1.8278328854852819,65.4950590133667
31,45,0.0019183631520718336,0.0,0.0019183631520718336,1918363152.0718336,65.4950590133667
31,46,0.05829847976565361,0.03276076912879944,0.03372790291905403,1.7795210953281584,65.4950590133667
31,47,0.0,0.33538657426834106,-0.2515399307012558,0.0,65.4950590133667
31,48,0.03068123571574688,0.16307204961776733,-0.09162280149757862,0.18814527558508035,65.4950590133667
31,49,0.06732286512851715,0.008733966387808323,0.06077239033766091,7.708166270800453,65.4950590133667
31,50,0.8731436133384705,0.014797775074839592,0.8620452820323408,59.005060481292,65.4950590133667
31,51,0.08713133633136749,0.24483948945999146,-0.0964982807636261,0.3558712547685226,65.4950590133667
31,52,0.0,0.11515321582555771,-0.08636491186916828,0.0,65.4950590133667
31,53,0.5830973386764526,0.026208652183413506,0.5634408495388925,22.2482764307592,65.4950590133667
31,54,0.043599870055913925,0.023031387478113174,0.026326329447329044,1.8930631120445525,65.4950590133667
31,55,2.061146233245381e-06,0.00013470301928464323,-9.896611823023704e-05,0.015301410680250066,65.4950590133667
31,56,0.0,0.00874190591275692,-0.00655642943456769,0.0,65.4950590133667
31,57,0.25391778349876404,0.3123526871204376,0.01965326815843582,0.812920118724783,65.4950590133667
31,58,0.0,0.0,0.0,0.0,65.4950590133667
31,59,0.11871422827243805,0.02111116424202919,0.10288085509091616,5.623291397187484,65.4950590133667
31,60,0.028777843341231346,0.003520122030749917,0.02613775181816891,8.175240256351383,65.4950590133667
31,61,0.01647467166185379,0.017109716311097145,0.0036423844285309315,0.9628839754757151,65.4950590133667
31,62,0.06464249640703201,0.03229973465204239,0.04041769541800022,2.001332119331921,65.4950590133667
31,63,0.0,0.006432005204260349,-0.004824003903195262,0.0,65.4950590133667
31,64,0.011512699536979198,0.16689015924930573,-0.1136549199000001,0.06898369315899677,65.4950590133667
31,65,0.03947238251566887,0.35688409209251404,-0.22819068655371666,0.11060280743846088,65.4950590133667
31,66,0.16256685554981232,0.4442763030529022,-0.17064037173986435,0.36591385683266736,65.4950590133667
31,67,0.0004852493293583393,0.0,0.0004852493293583393,485249329.3583393,65.4950590133667
31,68,0.16209176182746887,0.008521533571183681,0.1557006116490811,19.021430879128967,65.4950590133667
31,69,2.4864302758942358e-05,0.8894622325897217,-0.6670718101395323,2.795430974794795e-05,65.4950590133667
31,70,0.0013770073419436812,0.45495349168777466,-0.3398381114238873,0.003026699139800573,65.4950590133667
31,71,0.016081180423498154,0.007926221005618572,0.010136514669284225,2.0288584446572973,65.4950590133667
31,72,0.0359029546380043,0.022253815084695816,0.01921259332448244,1.613339308327488,65.4950590133667
31,73,0.06976210325956345,0.43842217326164246,-0.2590545266866684,0.15912083720677048,65.4950590133667
31,74,0.009228733368217945,0.004341535735875368,0.005972581566311419,2.1256840729957744,65.4950590133667
31,75,0.03341994434595108,0.07300657778978348,-0.021334988996386528,0.4577662089808309,65.4950590133667
31,76,0.00859983079135418,0.0026773212011903524,0.006591839890461415,3.212102748194181,65.4950590133667
31,77,0.0,0.03670871630311012,-0.027531537227332592,0.0,65.4950590133667
31,78,0.031505681574344635,0.03058101423084736,0.008569920901209116,1.030236647335729,65.4950590133667
31,79,0.002130136825144291,0.047237154096364975,-0.03329772874712944,0.04509452074004425,65.4950590133667
31,80,0.0,0.023341888561844826,-0.01750641642138362,0.0,65.4950590133667
31,81,0.0,0.0,0.0,0.0,65.4950590133667
31,82,0.002516677603125572,0.26191848516464233,-0.19392218627035618,0.00960862919443802,65.4950590133667
31,83,0.021001506596803665,0.01114214863628149,0.012644895119592547,1.8848704393094242,65.4950590133667
31,84,0.05210918188095093,0.03762728348374367,0.023888719268143177,1.38487759559042,65.4950590133667
31,85,0.11349401623010635,0.04771464690566063,0.07770803105086088,2.378599100861488,65.4950590133667
31,86,0.004000464454293251,0.0018105400959029794,0.0026425593823660165,2.2095420372828243,65.4950590133667
31,87,0.00424454128369689,0.01351142767816782,-0.005889029474928975,0.3141445437510061,65.4950590133667
31,88,1.9346493482589722,0.011196098290383816,1.9262522745411843,172.79674560804997,65.4950590133667
31,89,0.05546458065509796,0.0773770734667778,-0.0025682244449853897,0.7168089741491078,65.4950590133667
31,90,0.6134873032569885,0.18145473301410675,0.47739625349640846,3.3809385573090207,65.4950590133667
31,91,0.03723977133631706,0.04794570058584213,0.001280495896935463,0.7767072100420381,65.4950590133667
31,92,0.11121487617492676,0.014492659829556942,0.10034538130275905,7.673876119029343,65.4950590133667
31,93,2.3932619094848633,1.2436037063598633,1.4605591297149658,1.9244570414543274,65.4950590133667
31,94,0.008720533922314644,0.03312873840332031,-0.01612601988017559,0.26323169376040595,65.4950590133667
31,95,0.0,0.010476414114236832,-0.007857310585677624,0.0,65.4950590133667
31,96,0.23765788972377777,0.03484044969081879,0.21152755245566368,6.821320959573735,65.4950590133667
31,97,0.0,0.22714827954769135,-0.1703612096607685,0.0,65.4950590133667
31,98,0.12333393096923828,0.01555454172194004,0.11166802467778325,7.929126628484579,65.4950590133667
31,99,0.012390458956360817,0.04447619616985321,-0.02096668817102909,0.27858630060816025,65.4950590133667
31,100,0.7888062596321106,0.0039753057062625885,0.7858247803524137,198.42656583392318,65.4950590133667
31,101,0.043602269142866135,0.03214176371693611,0.01949594635516405,1.3565611870432208,65.4950590133667
31,102,0.0026821508072316647,0.016449278220534325,-0.009654807858169079,0.1630558357095795,65.4950590133667
31,103,0.03290048614144325,0.016045672819018364,0.02086623152717948,2.0504273339287495,65.4950590133667
31,104,0.018143121153116226,0.01852625608444214,0.004248429089784622,0.979319354619794,65.4950590133667
31,105,0.01381883304566145,0.1473619043827057,-0.09670259524136782,0.09377479955524683,65.4950590133667
31,106,0.12384588271379471,0.06120455637574196,0.07794246543198824,2.023474885619084,65.4950590133667
31,107,0.09864768385887146,0.13912849128246307,-0.005698684602975845,0.7090401322464194,65.4950590133667
31,108,0.051339227706193924,0.07091006636619568,-0.001843322068452835,0.7240047899594747,65.4950590133667
31,109,2.7132548439112725e-06,0.007670081220567226,-0.0057498476605815085,0.00035374525582362393,65.4950590133667
31,110,0.0797366127371788,0.12416598945856094,-0.013387879356741905,0.6421775647601782,65.4950590133667
31,111,0.01681516505777836,0.026037322357296944,-0.0027128267101943493,0.6458100731859668,65.4950590133667
31,112,0.4470851719379425,0.0678991824388504,0.3961607851088047,6.584544259188984,65.4950590133667
31,113,0.4564377963542938,0.028912372887134552,0.4347535166889429,15.786936552053564,65.4950590133667
31,114,0.0,0.0014454209012910724,-0.0010840656759683043,0.0,65.4950590133667
31,115,0.044762514531612396,0.4890289604663849,-0.32200920581817627,0.09153346355772272,65.4950590133667
31,116,0.028066543862223625,0.02380981668829918,0.010209181345999241,1.1787803420946765,65.4950590133667
31,117,0.0,0.0,0.0,0.0,65.4950590133667
31,118,0.03378864750266075,0.027682902291417122,0.01302647078409791,1.220560154630756,65.4950590133667
31,119,0.48092183470726013,0.05455024912953377,0.4400091478601098,8.816125359142871,65.4950590133667
31,120,0.004421799909323454,0.16345687210559845,-0.11817085416987538,0.027051783460286548,65.4950590133667
31,121,0.028091449290513992,0.07338305562734604,-0.026945842429995537,0.3828056633780042,65.4950590133667
31,122,0.05775906518101692,0.023424994200468063,0.040190319530665874,2.465702432378708,65.4950590133667
31,123,0.025579264387488365,0.03897247090935707,-0.003650088794529438,0.65634186875974,65.4950590133667
31,124,0.3554288446903229,0.25102755427360535,0.16715817898511887,1.415895739881648,65.4950590133667
31,125,0.07799704372882843,0.05544627457857132,0.03641233779489994,1.4067138742909473,65.4950590133667
31,126,0.033868469297885895,0.01758945733308792,0.020676376298069954,1.9254982490136103,65.4950590133667
31,127,0.4276639223098755,0.0,0.4276639223098755,427663922309.8755,65.4950590133667
31,128,0.03755667805671692,0.015248454175889492,0.0261203374247998,2.4629826486699025,65.4950590133667
31,129,0.006923004984855652,0.05277901887893677,-0.032661259174346924,0.13116964149341812,65.4950590133667
31,130,0.0003932737454306334,0.05770689621567726,-0.04288689841632731,0.0068150216215748845,65.4950590133667
31,131,0.019552545621991158,0.0,0.019552545621991158,19552545621.991158,65.4950590133667
31,132,3.49699330329895,1.7458268404006958,2.1876231729984283,2.0030585063604187,65.4950590133667
31,133,0.020817022770643234,0.011073531582951546,0.012511874083429575,1.8798901337683964,65.4950590133667
31,134,0.06398411840200424,0.04607805237174034,0.029425579123198986,1.388602927146658,65.4950590133667
31,135,0.037805233150720596,0.02111099287867546,0.021971988491714,1.7907842310494768,65.4950590133667
31,136,0.19727016985416412,0.16703902184963226,0.07199090346693993,1.180982549278604,65.4950590133667
31,137,0.0,0.0,0.0,0.0,65.4950590133667
31,138,0.0,0.14184503257274628,-0.10638377442955971,0.0,65.4950590133667
31,139,0.0,0.0,0.0,0.0,65.4950590133667
31,140,0.030766872689127922,0.020175212994217873,0.015635462943464518,1.5249837856195416,65.4950590133667
31,141,0.001627673744224012,0.024617163464426994,-0.016835198854096234,0.06611946768399864,65.4950590133667
31,142,0.08483555167913437,0.07969717681407928,0.025062669068574905,1.06447373758267,65.4950590133667
31,143,0.009546637535095215,0.0,0.009546637535095215,9546637535.095215,65.4950590133667
31,144,0.016712909564375877,0.07336363941431046,-0.038309819996356964,0.22780916674218338,65.4950590133667
31,145,0.011822503060102463,0.0,0.011822503060102463,11822503060.102463,65.4950590133667
31,146,0.010715209878981113,0.01376072783023119,0.00039466400630772114,0.7786804601034253,65.4950590133667
31,147,0.03686775267124176,0.004490434192121029,0.03349992702715099,8.21028681986256,65.4950590133667
31,148,0.010445820167660713,0.005294880364090204,0.00647465989459306,1.9728151435736463,65.4950590133667
31,149,0.019171355292201042,0.04030652344226837,-0.011058537289500237,0.47563901955436116,65.4950590133667
31,150,0.36105597019195557,0.04045175388455391,0.33071715477854013,8.925594949812437,65.4950590133667
31,151,2.1563664631685242e-05,0.5554061532020569,-0.416533051236911,3.8825037330476873e-05,65.4950590133667
31,152,0.049888454377651215,0.04181276634335518,0.01852887962013483,1.193139290684274,65.4950590133667
31,153,0.00708813825622201,0.019478678703308105,-0.0075208707712590694,0.363892149145328,65.4950590133667
31,154,0.029589181765913963,0.09840971976518631,-0.04421810805797577,0.3006733667793741,65.4950590133667
31,155,0.1324194371700287,0.16010133922100067,0.012343432754278183,0.8270976233772315,65.4950590133667
31,156,0.00282682734541595,0.3372243642807007,-0.25009144586510956,0.008382630808533624,65.4950590133667
31,157,0.01524385903030634,0.012938900850713253,0.0055396833922713995,1.17814172973494,65.4950590133667
31,158,0.0,0.01399709191173315,-0.010497818933799863,0.0,65.4950590133667
31,159,0.010586190037429333,0.0379272922873497,-0.017859279178082943,0.2791180018058168,65.4950590133667
31,160,0.09697496891021729,0.3858553469181061,-0.19241654127836227,0.2513246730530546,65.4950590133667
31,161,0.0,0.14935274422168732,-0.11201455816626549,0.0,65.4950590133667
31,162,0.1215929314494133,0.09544780105352402,0.05000708065927029,1.273920720079806,65.4950590133667
31,163,0.0,0.012261226773262024,-0.009195920079946518,0.0,65.4950590133667
31,164,0.047202613204717636,0.056813426315784454,0.004592543467879295,0.8308355306987094,65.4950590133667
31,165,0.0,0.0,0.0,0.0,65.4950590133667
31,166,0.01151721179485321,0.026501666754484177,-0.008359038271009922,0.4345844320327465,65.4950590133667
31,167,0.2030179649591446,0.049135517328977585,0.1661663269624114,4.131796630851453,65.4950590133667
31,168,7.015403753030114e-06,0.021453773602843285,-0.016083314798379433,0.00032700092219549464,65.4950590133667
31,169,0.6941186785697937,0.4328528940677643,0.3694790080189705,1.6035902452797832,65.4950590133667
31,170,0.015190435573458672,0.024790871888399124,-0.0034027183428406715,0.6127430951694073,65.4950590133667
31,171,0.033207278698682785,0.023794833570718765,0.015361153520643711,1.3955667560604894,65.4950590133667
31,172,0.13462208211421967,0.05440276116132736,0.09382001124322414,2.47454502745795,65.4950590133667
31,173,0.027984851971268654,0.016839230433106422,0.015355429146438837,1.6618842577620252,65.4950590133667
31,174,0.07639194279909134,0.058372460305690765,0.032612597569823265,1.3086983553156,65.4950590133667
31,175,0.08471247553825378,0.014325574971735477,0.07396829430945218,5.913373508531357,65.4950590133667
31,176,0.0,0.0,0.0,0.0,65.4950590133667
31,177,0.8688765168190002,0.03358110040426254,0.8436906915158033,25.87397394168886,65.4950590133667
31,178,0.0013412859989330173,0.012181811966001987,-0.007795072975568473,0.11010562324933959,65.4950590133667
31,179,0.0,0.0023255220148712397,-0.0017441415111534297,0.0,65.4950590133667
31,180,0.0,0.0,0.0,0.0,65.4950590133667
31,181,0.0160182174295187,0.039740681648254395,-0.013787293806672096,0.40306851228404206,65.4950590133667
31,182,0.02317618951201439,0.011797402985394001,0.014328137272968888,1.9645162192682233,65.4950590133667
31,183,0.13272130489349365,0.013856171630322933,0.12232917617075145,9.57849746848307,65.4950590133667
31,184,0.49173131585121155,0.2635616660118103,0.2940600663423538,1.865716374047018,65.4950590133667
31,185,0.1262415200471878,0.017891833558678627,0.11282264487817883,7.055817930907209,65.4950590133667
31,186,0.6004279255867004,0.2562912404537201,0.40820949524641037,2.342756328782061,65.4950590133667
31,187,0.039548471570014954,0.01935146190226078,0.02503487514331937,2.043694257711399,65.4950590133667
31,188,0.2568630874156952,0.125421941280365,0.16279663145542145,2.0479916415857575,65.4950590133667
31,189,0.023280873894691467,0.0031634820625185966,0.02090826234780252,7.359255853910932,65.4950590133667
31,190,0.04355185478925705,0.021320819854736328,0.027561239898204803,2.0426913732184415,65.4950590133667
31,191,0.8671324253082275,0.5890441536903381,0.42534931004047394,1.4721008940912246,65.4950590133667
31,192,0.013105279766023159,0.024649297818541527,-0.005381693597882986,0.5316694967121346,65.4950590133667
31,193,0.12233494222164154,0.0825543999671936,0.06041914224624634,1.481870648551434,65.4950590133667
31,194,0.015226536430418491,0.058741748332977295,-0.02882977481931448,0.25921149544013805,65.4950590133667
31,195,0.007954970933496952,0.005768580362200737,0.0036285356618463993,1.379017094785359,65.4950590133667
31,196,0.0,0.00381224462762475,-0.0028591834707185626,0.0,65.4950590133667
31,197,0.0395176038146019,0.018513374030590057,0.025632573291659355,2.1345435870939324,65.4950590133667
31,198,0.004429684020578861,0.005038103554397821,0.0006511063547804952,0.8792363975593356,65.4950590133667
31,199,0.15406358242034912,0.009112871252000332,0.14722892898134887,16.906151545773792,65.4950590133667
31,200,0.20686142146587372,0.16891293227672577,0.08017672225832939,1.2246630182569636,65.4950590133667
31,201,0.030951805412769318,0.012510791420936584,0.02156871184706688,2.474008587378255,65.4950590133667
31,202,0.4478464722633362,0.06407351046800613,0.3997913394123316,6.989572898147512,65.4950590133667
31,203,0.0,0.0,0.0,0.0,65.4950590133667
31,204,0.0011716063600033522,0.0009580355254001915,0.0004530797159532085,1.2229257973403667,65.4950590133667
31,205,0.0,0.21366536617279053,-0.1602490246295929,0.0,65.4950590133667
31,206,0.02743034064769745,0.02899554744362831,0.005683680064976215,0.9460190637917812,65.4950590133667
31,207,0.27983179688453674,0.02157803252339363,0.2636482724919915,12.968364774137367,65.4950590133667
31,208,0.012950031086802483,0.006899452768266201,0.007775441510602832,1.8769649593789155,65.4950590133667
31,209,0.029540657997131348,0.07026204466819763,-0.023155875504016876,0.42043550164548166,65.4950590133667
31,210,0.0,0.003654561936855316,-0.002740921452641487,0.0,65.4950590133667
31,211,0.062151677906513214,0.0315973199903965,0.03845368791371584,1.9669920715882308,65.4950590133667
31,212,0.0,1.36733877658844,-1.02550408244133,0.0,65.4950590133667
31,213,0.015850655734539032,0.008771266788244247,0.009272205643355846,1.8071113461029225,65.4950590133667
31,214,0.24890200793743134,0.12163011729717255,0.15767941996455193,2.046384674013391,65.4950590133667
31,215,0.0,0.0,0.0,0.0,65.4950590133667
31,216,0.025241170078516006,0.07208871096372604,-0.028825363144278526,0.3501403998036092,65.4950590133667
31,217,0.038862358778715134,0.13185642659664154,-0.06002996116876602,0.29473238264907026,65.4950590133667
31,218,0.0,0.030323011800646782,-0.022742258850485086,0.0,65.4950590133667
31,219,0.028662601485848427,0.17586256563663483,-0.1032343227416277,0.16298295991489045,65.4950590133667
31,220,0.03334018960595131,0.014631540514528751,0.022366534220054746,2.2786520373959727,65.4950590133667
31,221,0.05648241564631462,0.04460970312356949,0.023025138303637505,1.2661464141241068,65.4950590133667
31,222,0.4222416281700134,0.582259476184845,-0.0144529789686203,0.7251777694301411,65.4950590133667
31,223,0.0,0.0,0.0,0.0,65.4950590133667
31,224,0.0036781704984605312,0.016332536935806274,-0.008571232203394175,0.2252050929192495,65.4950590133667
31,225,0.0,0.0,0.0,0.0,65.4950590133667
31,226,0.04440006986260414,0.03452933952212334,0.01850306522101164,1.2858650201771353,65.4950590133667
31,227,0.02993929572403431,0.0590999498963356,-0.014385666698217392,0.5065874975535988,65.4950590133667
31,228,0.0320645235478878,0.02677152492105961,0.011985879857093096,1.1977100161921217,65.4950590133667
31,229,0.22264668345451355,0.43476632237434387,-0.10342805832624435,0.5121065547075597,65.4950590133667
31,230,0.02291572280228138,0.01658548414707184,0.010476609691977501,1.3816734318814246,65.4950590133667
31,231,0.0,0.053583454340696335,-0.04018759075552225,0.0,65.4950590133667
31,232,0.0,1.5726478099822998,-1.1794858574867249,0.0,65.4950590133667
31,233,0.0074742501601576805,0.0368485301733017,-0.020162147469818592,0.2028371314894468,65.4950590133667
31,234,0.0,0.2037935107946396,-0.1528451330959797,0.0,65.4950590133667
31,235,0.04466727003455162,0.018525881692767143,0.030772858764976263,2.4110739112395123,65.4950590133667
31,236,0.06043969839811325,0.13473109900951385,-0.04060862585902214,0.44859500770046257,65.4950590133667
31,237,3.449325231486e-05,1.1321764759486541e-05,2.6001928745245095e-05,3.0466318635817036,65.4950590133667
31,238,0.0074718790128827095,0.032884079962968826,-0.01719118095934391,0.22721873383928234,65.4950590133667
31,239,0.010973003692924976,0.012263139709830284,0.0017756489105522633,0.8947956193660653,65.4950590133667
31,240,0.01682456023991108,0.057276949286460876,-0.026133151724934578,0.29374050903919785,65.4950590133667
31,241,0.036672480404376984,0.02432255819439888,0.018430561758577824,1.5077558910441564,65.4950590133667
31,242,0.20255129039287567,0.03184966742992401,0.17866403982043266,6.3596045651707875,65.4950590133667
31,243,0.0010812774999067187,0.008894293569028378,-0.005589442676864564,0.12156980106327532,65.4950590133667
31,244,0.026375040411949158,0.02310527302324772,0.009046085644513369,1.1415160679672558,65.4950590133667
31,245,0.04494647681713104,0.04884914308786392,0.008309619501233101,0.9201077843958625,65.4950590133667
31,246,0.02343088760972023,0.011026744730770588,0.01516082906164229,2.1249143042379908,65.4950590133667
31,247,1.1988890171051025,0.012002532370388508,1.1898871178273112,99.8863389831799,65.4950590133667
31,248,0.11033959686756134,0.09439113736152649,0.03954624384641647,1.1689614083553401,65.4950590133667
31,249,3.2906301021575928,0.03033413179218769,3.267879503313452,108.47945557144934,65.4950590133667
31,250,0.016453510150313377,0.037531886249780655,-0.011695404537022114,0.438387509766343,65.4950590133667
31,251,1.845399022102356,0.01292291097342968,1.8357068388722837,142.80056759299913,65.4950590133667
31,252,0.01368698850274086,0.027624597772955894,-0.007031459826976061,0.4954638114457823,65.4950590133667
31,253,0.29110953211784363,0.0,0.29110953211784363,291109532117.8436,65.4950590133667
31,254,0.009566297754645348,0.014992435462772846,-0.001678028842434287,0.6380749663896161,65.4950590133667
31,255,0.02116968296468258,0.019350294023752213,0.00665696244686842,1.0940238395139148,65.4950590133667
32,0,0.0010444571962580085,0.09417795389890671,-0.06958900822792202,0.011090251518609847,65.51234817504883
32,1,0.14713473618030548,0.19294913113117218,0.002422887831926346,0.762557132633661,65.51234817504883
32,2,0.04864855110645294,0.04604940116405487,0.014111500233411789,1.0564426436748209,65.51234817504883
32,3,0.060608621686697006,0.18055756390094757,-0.07480955123901367,0.3356747863501899,65.51234817504883
32,4,0.02096787840127945,0.12997892498970032,-0.07651631534099579,0.16131752438158456,65.51234817504883
32,5,0.017173172906041145,0.0056437100283801556,0.012940390384756029,3.042887181772388,65.51234817504883
32,6,0.030180998146533966,0.024196455255150795,0.01203365670517087,1.247331389124111,65.51234817504883
32,7,0.012879298999905586,0.006634858436882496,0.007903155172243714,1.9411565627941254,65.51234817504883
32,8,0.11675502359867096,0.07981858402490616,0.05689108557999134,1.4627548837596092,65.51234817504883
32,9,0.0,0.0027737077325582504,-0.002080280799418688,0.0,65.51234817504883
32,10,0.003390772733837366,0.0033875638619065285,0.0008500998374074697,1.000947250313411,65.51234817504883
32,11,0.00784776359796524,0.004824378062039614,0.00422948005143553,1.6266891805367205,65.51234817504883
32,12,2.6811885833740234,0.028903575614094734,2.6595109016634524,92.76321445758384,65.51234817504883
32,13,0.2742895781993866,0.13334929943084717,0.17427760362625122,2.0569255284282306,65.51234817504883
32,14,0.05914444476366043,0.0013409953098744154,0.05813869828125462,44.10488559060989,65.51234817504883
32,15,0.04261752963066101,0.025547923520207405,0.023456586990505457,1.6681406453751155,65.51234817504883
32,16,0.0,0.0,0.0,0.0,65.51234817504883
32,17,0.20892810821533203,0.0006683739484287798,0.20842682775401045,312.5916388481189,65.51234817504883
32,18,0.042876821011304855,0.0033216355368494987,0.04038559435866773,12.908346061068539,65.51234817504883
32,19,0.016292883083224297,0.04158699885010719,-0.014897366054356098,0.3917782848807452,65.51234817504883
32,20,0.00949262734502554,0.0016815988346934319,0.008231428219005466,5.645001140305331,65.51234817504883
32,21,8.085851004580036e-05,0.20063383877277374,-0.1503945205695345,0.00040301531655870373,65.51234817504883
32,22,0.011586440727114677,0.004591205157339573,0.008143036859109998,2.5236164204225973,65.51234817504883
32,23,0.9114895462989807,0.0870022252202034,0.8462378773838282,10.476623373500114,65.51234817504883
32,24,0.0,0.0,0.0,0.0,65.51234817504883
32,25,0.025143278762698174,0.061723824590444565,-0.02114958968013525,0.40735127690359035,65.51234817504883
32,26,0.3051528334617615,0.3611033856868744,0.03432529419660568,0.8450566944435279,65.51234817504883
32,27,0.03778202831745148,0.017778746783733368,0.02444796822965145,2.1251232595255227,65.51234817504883
32,28,0.002464475343003869,0.0015286762500181794,0.0013179681554902345,1.612163034103786,65.51234817504883
32,29,0.14587204158306122,0.021091796457767487,0.1300531942397356,6.916055816688142,65.51234817504883
32,30,0.005301094148308039,0.26725736260414124,-0.1951419278047979,0.019835165986203825,65.51234817504883
32,31,0.0039029547479003668,0.6268680691719055,-0.46624809713102877,0.006226118285223803,65.51234817504883
32,32,0.0,0.03595251590013504,-0.02696438692510128,0.0,65.51234817504883
32,33,0.015941211953759193,0.0010733322706073523,0.01513621275080368,14.852075517944389,65.51234817504883
32,34,0.24447943270206451,0.015185710042715073,0.2330901501700282,16.099308626220445,65.51234817504883
32,35,0.004582764580845833,0.0030631760600954294,0.0022853825357742608,1.4960826571643355,65.51234817504883
32,36,0.0,0.0,0.0,0.0,65.51234817504883
32,37,0.16723847389221191,0.1644737273454666,0.043883178383111954,1.0168096545895218,65.51234817504883
32,38,0.10288045555353165,0.059073418378829956,0.05857539176940918,1.7415693619087935,65.51234817504883
32,39,0.006438159383833408,0.08069197088479996,-0.05408081877976656,0.07978686495271099,65.51234817504883
32,40,0.009928867220878601,0.006696178112179041,0.00490673363674432,1.482766296394829,65.51234817504883
32,41,0.011862250044941902,0.014631671831011772,0.000888496171683073,0.8107241729539877,65.51234817504883
32,42,0.01966593787074089,0.006308123469352722,0.014934845268726349,3.1175575372244984,65.51234817504883
32,43,0.18909849226474762,0.22785089910030365,0.018210317939519882,0.8299220806702785,65.51234817504883
32,44,0.036085378378629684,0.011619104072451591,0.02737105032429099,3.105693704997523,65.51234817504883
32,45,0.02069713920354843,0.025489015504717827,0.0015803775750100613,0.8120022995358743,65.51234817504883
32,46,0.2330600470304489,0.025752341374754906,0.21374579099938273,9.050052716754847,65.51234817504883
32,47,0.060090333223342896,0.05487674102187157,0.01893277745693922,1.0950054996578316,65.51234817504883
32,48,0.0,0.0,0.0,0.0,65.51234817504883
32,49,0.0,4.6261284296633676e-05,-3.469596322247526e-05,0.0,65.51234817504883
32,50,0.0,0.03255048766732216,-0.02441286575049162,0.0,65.51234817504883
32,51,0.03896201401948929,0.12686625123023987,-0.05618767440319061,0.30711094275555595,65.51234817504883
32,52,0.0,0.11063006520271301,-0.08297254890203476,0.0,65.51234817504883
32,53,0.02821032889187336,0.019359668716788292,0.01369057735428214,1.4571700220238168,65.51234817504883
32,54,0.04548516124486923,0.015144681558012962,0.03412665007635951,3.0033752157568427,65.51234817504883
32,55,0.0,0.03471554443240166,-0.026036658324301243,0.0,65.51234817504883
32,56,0.03154829889535904,0.04178894683718681,0.0002065887674689293,0.7549436222338618,65.51234817504883
32,57,0.02482733316719532,0.012628372758626938,0.015356053598225117,1.9659962245150544,65.51234817504883
32,58,0.004175277892500162,0.058274999260902405,-0.03953097155317664,0.07164784119061796,65.51234817504883
32,59,0.19443319737911224,0.012754596769809723,0.18486724980175495,15.24416654426063,65.51234817504883
32,60,0.00041530735325068235,0.008304561488330364,-0.005813113762997091,0.0500095464142527,65.51234817504883
32,61,0.05437897890806198,0.13659346103668213,-0.048066116869449615,0.3981082146608791,65.51234817504883
32,62,0.0,0.0,0.0,0.0,65.51234817504883
32,63,0.8509154915809631,0.5239329934120178,0.45796574652194977,1.6240922069784296,65.51234817504883
32,64,0.087310291826725,0.14742271602153778,-0.02325674518942833,0.5922444938090622,65.51234817504883
32,65,0.0,0.0019523618975654244,-0.0014642714231740683,0.0,65.51234817504883
32,66,0.0,0.0,0.0,0.0,65.51234817504883
32,67,0.06084884703159332,0.037803370505571365,0.0324963191524148,1.6096143337540751,65.51234817504883
32,68,0.002213854808360338,0.011322134174406528,-0.006277745822444558,0.1955333485774424,65.51234817504883
32,69,0.011742386035621166,0.023696810007095337,-0.0060302214697003365,0.49552602361287096,65.51234817504883
32,70,0.0033560283482074738,0.06560155749320984,-0.045845139771699905,0.05115775412045187,65.51234817504883
32,71,0.1276538074016571,0.14035247266292572,0.022389452904462814,0.9095230385240479,65.51234817504883
32,72,0.33828386664390564,0.07796012610197067,0.27981377206742764,4.339190860172496,65.51234817504883
32,73,0.4210908114910126,0.0,0.4210908114910126,421090811491.0126,65.51234817504883
32,74,0.00032140189432539046,0.01561057846993208,-0.011386531958123669,0.020588724173409834,65.51234817504883
32,75,0.039305754005908966,0.0378759391605854,0.010898799635469913,1.0377499509180148,65.51234817504883
32,76,0.2643001079559326,0.002872818149626255,0.2621454943437129,92.00029173385617,65.51234817504883
32,77,0.0,0.0,0.0,0.0,65.51234817504883
32,78,0.0008870292222127318,0.1031339168548584,-0.07646340841893107,0.008600751811379936,65.51234817504883
32,79,0.0,0.0,0.0,0.0,65.51234817504883
32,80,0.058599259704351425,0.04426204785704613,0.02540272381156683,1.3239165953705196,65.51234817504883
32,81,0.018738195300102234,0.010520492680370808,0.010847825789824128,1.7811138572704819,65.51234817504883
32,82,0.0,0.0,0.0,0.0,65.51234817504883
32,83,0.00981888733804226,0.012468397617340088,0.0004675891250371933,0.7875019419976954,65.51234817504883
32,84,0.0,0.0,0.0,0.0,65.51234817504883
32,85,0.010012077167630196,0.005537625402212143,0.005858858115971088,1.8080091083486094,65.51234817504883
32,86,0.6298026442527771,0.031052732840180397,0.6065130946226418,20.28171393074841,65.51234817504883
32,87,0.027183376252651215,0.257900208234787,-0.16624177992343903,0.1054026921443919,65.51234817504883
32,88,0.004122558515518904,0.019230008125305176,-0.010299947578459978,0.21438152747733685,65.51234817504883
32,89,0.013930438086390495,0.24750910699367523,-0.17170139215886593,0.05628252736045865,65.51234817504883
32,90,0.6201516389846802,0.05003410577774048,0.5826260596513748,12.39457824482961,65.51234817504883
32,91,0.0,0.0,0.0,0.0,65.51234817504883
32,92,0.7885177731513977,0.7276458144187927,0.24278341233730316,1.0836560281462524,65.51234817504883
32,93,0.05979207530617714,0.058541931211948395,0.015885626897215843,1.0213546780457463,65.51234817504883
32,94,0.059491775929927826,0.02405257523059845,0.04145234450697899,2.4734056689186463,65.51234817504883
32,95,0.022841740399599075,0.30568772554397583,-0.2064240537583828,0.07472246508713144,65.51234817504883
32,96,0.0,0.012748383916914463,-0.009561287937685847,0.0,65.51234817504883
32,97,0.024969447404146194,0.3653412163257599,-0.24903646484017372,0.06834555283741545,65.51234817504883
32,98,0.005475413054227829,0.006942230276763439,0.0002687403466552496,0.7887109524105024,65.51234817504883
32,99,0.3739479184150696,0.1385110318660736,0.2700646445155144,2.6997699271632043,65.51234817504883
32,100,0.005641886964440346,0.0039099096320569515,0.002709454740397632,1.442971192157516,65.51234817504883
32,101,0.0,0.0023850572761148214,-0.001788792957086116,0.0,65.51234817504883
32,102,0.15842969715595245,0.029255758970975876,0.13648787792772055,5.415333688923006,65.51234817504883
32,103,0.006276608910411596,0.3610171973705292,-0.2644862891174853,0.017385900051603988,65.51234817504883
32,104,0.05638352036476135,0.02827400155365467,0.03517801919952035,1.99418254454609,65.51234817504883
32,105,0.0,0.005963131319731474,-0.0044723484897986054,0.0,65.51234817504883
32,106,0.0,0.0007930375868454576,-0.0005947781901340932,0.0,65.51234817504883
32,107,0.0,0.01930875889956951,-0.014481569174677134,0.0,65.51234817504883
32,108,0.009237725287675858,0.03712417185306549,-0.01860540360212326,0.24883316788827517,65.51234817504883
32,109,0.0040628607384860516,0.001954304752871394,0.002597132173832506,2.0789289543699354,65.51234817504883
32,110,0.00034895705175586045,0.13386009633541107,-0.10004611519980244,0.002606878833247494,65.51234817504883
32,111,0.46547314524650574,0.12240857630968094,0.37366671301424503,3.802618732082175,65.51234817504883
32,112,0.01703493297100067,0.0372149683535099,-0.010876293294131756,0.4577441208259496,65.51234817504883
32,113,0.08186843246221542,0.00287645123898983,0.07971109403297305,28.461609682111238,65.51234817504883
32,114,0.12669917941093445,0.008153220638632774,0.12058426393195987,15.539770725086258,65.51234817504883
32,115,0.08652385324239731,0.014968828298151493,0.07529723201878369,5.780268937101904,65.51234817504883
32,116,0.11637513339519501,0.02508467435836792,0.09756162762641907,4.63929217210406,65.51234817504883
32,117,0.0,0.004104215186089277,-0.003078161389566958,0.0,65.51234817504883
32,118,1.3233089447021484,0.09652651846408844,1.250914055854082,13.709278711639856,65.51234817504883
32,119,0.0437256321310997,0.032343026250600815,0.01946836244314909,1.351933854023184,65.51234817504883
32,120,0.10242476314306259,1.6397948265075684,-1.1274213567376137,0.06246193821768799,65.51234817504883
32,121,0.00802608672529459,1.0730390548706055,-0.7967532044276595,0.0074797712989626,65.51234817504883
32,122,0.04579648748040199,0.038024723529815674,0.017277944833040237,1.2043871257417031,65.51234817504883
32,123,1.046151041984558,0.19009193778038025,0.9035820886492729,5.503395116039634,65.51234817504883
32,124,0.0,0.0,0.0,0.0,65.51234817504883
32,125,0.0392707884311676,0.016794469207525253,0.026674936525523663,2.3383167365142365,65.51234817504883
32,126,0.10243771970272064,0.009132873266935349,0.09558806475251913,11.21637371914157,65.51234817504883
32,127,0.0,0.21986329555511475,-0.16489747166633606,0.0,65.51234817504883
32,128,0.014201405458152294,0.001513020251877606,0.01306664026924409,9.386130444151497,65.51234817504883
32,129,0.012891470454633236,0.0002547690237406641,0.012700393686827738,50.600619395375055,65.51234817504883
32,130,0.03863302618265152,0.024653958156704903,0.020142557565122843,1.5670111036745575,65.51234817504883
32,131,0.008184934966266155,0.02345896139740944,-0.009409286081790924,0.34890440489923435,65.51234817504883
32,132,0.0,0.12442702800035477,-0.09332027100026608,0.0,65.51234817504883
32,133,0.01049863826483488,0.13446557521820068,-0.09035054314881563,0.07807677353642668,65.51234817504883
32,134,0.023781927302479744,0.08159952610731125,-0.03741771727800369,0.29144688010703357,65.51234817504883
32,135,0.025194846093654633,0.23948492109775543,-0.15441884472966194,0.10520431089381671,65.51234817504883
32,136,0.0,0.007767428644001484,-0.005825571483001113,0.0,65.51234817504883
32,137,0.008944572880864143,0.011463933624327183,0.0003466226626187563,0.7802359271431025,65.51234817504883
32,138,0.010908754542469978,0.1573404222726822,-0.10709656216204166,0.06933218040749245,65.51234817504883
32,139,0.0013642902486026287,0.04912756010890007,-0.035481379833072424,0.027770364446161457,65.51234817504883
32,140,0.33776429295539856,0.003939880523830652,0.33480938256252557,85.72957754091202,65.51234817504883
32,141,0.02175833284854889,0.000674713053740561,0.02125229805824347,32.24827605702004,65.51234817504883
32,142,5.3671672503696755e-05,0.6070306301116943,-0.45521930091126706,8.841674512163033e-05,65.51234817504883
32,143,0.003997806925326586,0.013450202532112598,-0.006089844973757863,0.2972302398781372,65.51234817504883
32,144,0.00595263484865427,0.003198822494596243,0.003553517977707088,1.8608831396081362,65.51234817504883
32,145,0.001910412567667663,0.007105536293238401,-0.003418739652261138,0.26886254443830526,65.51234817504883
32,146,0.16272474825382233,0.5435709953308105,-0.24495349824428558,0.29936245614888024,65.51234817504883
32,147,0.0,0.10519236326217651,-0.07889427244663239,0.0,65.51234817504883
32,148,1.650929516472388e-05,1.9861255884170532,-1.4895776820176252,8.312311799916699e-06,65.51234817504883
32,149,0.03592199832201004,0.008389883674681187,0.02962958556599915,4.281584788372347,65.51234817504883
32,150,0.16840244829654694,0.06251934915781021,0.12151293642818928,2.69360526880686,65.51234817504883
32,151,0.0,0.001432507298886776,-0.001074380474165082,0.0,65.51234817504883
32,152,0.00018885120516642928,0.00028392014792189,-2.4088905774988234e-05,0.6651560513881831,65.51234817504883
32,153,0.020870398730039597,0.019625462591648102,0.00615130178630352,1.0634347410418679,65.51234817504883
32,154,0.06935279816389084,0.12346392124891281,-0.02324514277279377,0.5617252186856151,65.51234817504883
32,155,0.0,0.004981933627277613,-0.0037364502204582095,0.0,65.51234817504883
32,156,0.0,0.0,0.0,0.0,65.51234817504883
32,157,0.02181282825767994,0.47001707553863525,-0.3306999783962965,0.04640858682131119,65.51234817504883
32,158,0.022670453414320946,0.009622002020478249,0.01545395189896226,2.3561056590630436,65.51234817504883
32,159,0.004941240884363651,0.0027477052062749863,0.0028804619796574116,1.7983155075300403,65.51234817504883
32,160,0.021067259833216667,0.07075199484825134,-0.03199673630297184,0.2977620613822112,65.51234817504883
32,161,0.005622415337711573,0.02969161607325077,-0.016646296717226505,0.1893603677095723,65.51234817504883
32,162,0.06776528060436249,0.03862821310758591,0.03879412077367306,1.7542949867722533,65.51234817504883
32,163,0.0018278439529240131,0.006488607730716467,-0.003038611845113337,0.2817004862213305,65.51234817504883
32,164,0.015130114741623402,0.002088528359308839,0.013563718472141773,7.244390370349604,65.51234817504883
32,165,0.003625737503170967,0.0023874063044786453,0.0018351827748119831,1.5186931084376323,65.51234817504883
32,166,0.006550092715770006,0.12505505979061127,-0.08724120212718844,0.05237767049717878,65.51234817504883
32,167,0.012535602785646915,0.13980643451213837,-0.09231922309845686,0.08966399028271389,65.51234817504883
32,168,0.5968503355979919,0.03605331480503082,0.5698103494942188,16.554659087772805,65.51234817504883
32,169,0.06080387532711029,0.11650267243385315,-0.02657312899827957,0.5219097043555895,65.51234817504883
32,170,0.41276487708091736,0.03077382594347,0.38968450762331486,13.41285538644864,65.51234817504883
32,171,0.3791618049144745,0.053196877241134644,0.3392641469836235,7.127519970554944,65.51234817504883
32,172,0.011237241327762604,0.039121173322200775,-0.018103638663887978,0.2872419299627286,65.51234817504883
32,173,0.0897117629647255,0.05229321867227554,0.05049184896051884,1.7155525179132396,65.51234817504883
32,174,0.1714339703321457,0.005306401755660772,0.1674541690154001,32.30700919261457,65.51234817504883
32,175,0.15288715064525604,0.1689068078994751,0.02620704472064972,0.9051568290565392,65.51234817504883
32,176,0.21409055590629578,0.14628031849861145,0.10438031703233719,1.4635636434361772,65.51234817504883
32,177,0.08067060261964798,0.2583341896533966,-0.11308003962039948,0.3122722653457924,65.51234817504883
32,178,0.004892293829470873,0.000541084329597652,0.004486480582272634,9.04164758211925,65.51234817504883
32,179,0.0,0.0020093119237571955,-0.0015069839428178966,0.0,65.51234817504883
32,180,0.05362079292535782,0.07221975922584534,-0.0005440264940261841,0.742467068561287,65.51234817504883
32,181,0.0,0.002452016109600663,-0.0018390120822004974,0.0,65.51234817504883
32,182,0.0,0.0,0.0,0.0,65.51234817504883
32,183,0.017117811366915703,0.012723293155431747,0.007575341500341892,1.3453915709127935,65.51234817504883
32,184,0.8769736289978027,0.007662841118872166,0.8712264981586486,114.44497090296356,65.51234817504883
32,185,0.011527243070304394,0.07739903032779694,-0.04652202967554331,0.14893265485802332,65.51234817504883
32,186,0.12388291954994202,0.0010511159198358655,0.12309458261006512,117.85847506850452,65.51234817504883
32,187,0.03959339112043381,0.024406449869275093,0.021288553718477488,1.62225113979625,65.51234817504883
32,188,0.0,0.47525858879089355,-0.35644394159317017,0.0,65.51234817504883
32,189,0.7446891665458679,0.47565245628356934,0.3879498243331909,1.5656161483172109,65.51234817504883
32,190,0.004765449557453394,0.012789074331521988,-0.004826356191188097,0.3726188020766358,65.51234817504883
32,191,0.0016677376115694642,0.02524806372821331,-0.01726831018459052,0.06605407961006554,65.51234817504883
32,192,0.008694951422512531,0.005610269028693438,0.004487249650992453,1.5498278917629107,65.51234817504883
32,193,0.0342022180557251,0.09879930317401886,-0.03989725932478905,0.3461787376692049,65.51234817504883
32,194,0.002286238595843315,0.0016447497764602304,0.0010526762634981424,1.3900221341714671,65.51234817504883
32,195,0.005116229876875877,7.754818943794817e-05,0.005058068734797416,65.97484542169605,65.51234817504883
32,196,0.008737652562558651,1.27739679813385,-0.9493099460378289,0.006840202335966908,65.51234817504883
32,197,0.03864559903740883,0.010511304251849651,0.03076212084852159,3.6765750574608163,65.51234817504883
32,198,0.03837583586573601,0.0209884624928236,0.022634488996118307,1.8284253016164997,65.51234817504883
32,199,0.019632503390312195,0.01674855686724186,0.0070710857398808,1.1721907472242457,65.51234817504883
32,200,0.03449002653360367,0.0774337500333786,-0.023585285991430283,0.44541335681522565,65.51234817504883
32,201,0.06325524300336838,0.035404499620199203,0.036701868288218975,1.7866441746148263,65.51234817504883
32,202,0.0,0.00027326858253218234,-0.00020495143689913675,0.0,65.51234817504883
32,203,0.01333337090909481,0.010675189085304737,0.005326979095116258,1.2490055961819233,65.51234817504883
32,204,0.003179408609867096,0.031016014516353607,-0.02008260227739811,0.1025086123843604,65.51234817504883
32,205,0.4124428331851959,0.6657289862632751,-0.08685390651226044,0.6195356394192938,65.51234817504883
32,206,0.0,0.01838599145412445,-0.013789493590593338,0.0,65.51234817504883
32,207,0.028978748247027397,0.0,0.028978748247027397,28978748247.027397,65.51234817504883
32,208,0.04501979798078537,0.020860351622104645,0.029374534264206886,2.1581514441454597,65.51234817504883
32,209,0.004435679409652948,0.016536494717001915,-0.007966691628098488,0.26823577095962126,65.51234817504883
32,210,0.16760119795799255,0.05016404390335083,0.12997816503047943,3.341062340938111,65.51234817504883
32,211,0.0,0.02205098234117031,-0.016538236755877733,0.0,65.51234817504883
32,212,0.6670021414756775,0.1710108071565628,0.5387440361082554,3.9003508173675083,65.51234817504883
32,213,0.03434261307120323,0.019710354506969452,0.019559847190976143,1.742364048161465,65.51234817504883
32,214,0.0,0.0,0.0,0.0,65.51234817504883
32,215,0.06354252249002457,0.08509326726198196,-0.00027742795646190643,0.7467397190619733,65.51234817504883
32,216,0.005597514100372791,0.019586224108934402,-0.00909215398132801,0.28578832086035694,65.51234817504883
32,217,0.00945224054157734,0.3242354691028595,-0.23372436128556728,0.02915239522592017,65.51234817504883
32,218,0.0018477167468518019,0.0021942027378827333,0.00020206469343975186,0.8420902563418735,65.51234817504883
32,219,0.006541766691952944,0.03197051212191582,-0.01743611739948392,0.20461876452907796,65.51234817504883
32,220,0.0,0.0,0.0,0.0,65.51234817504883
32,221,0.0697757825255394,0.0030210355762392282,0.06751000584335998,23.096643763892367,65.51234817504883
32,222,0.07409727573394775,0.06057712808251381,0.028664429672062397,1.2231889836671455,65.51234817504883
32,223,0.0,0.0,0.0,0.0,65.51234817504883
32,224,0.08409354835748672,0.026924945414066315,0.06389983929693699,3.123257895647608,65.51234817504883
32,225,0.02117828279733658,0.017667433246970177,0.007927707862108946,1.198718710301043,65.51234817504883
32,226,0.005840696394443512,0.030458055436611176,-0.01700284518301487,0.19176195953833347,65.51234817504883
32,227,3.7157952785491943,0.05053842067718506,3.6778914630413055,73.52416693450652,65.51234817504883
32,228,0.11695179343223572,0.05737610533833504,0.07391971442848444,2.0383362157566607,65.51234817504883
32,229,0.019605785608291626,0.016445739194750786,0.007271481212228537,1.192149855651203,65.51234817504883
32,230,0.027811432257294655,0.254359632730484,-0.16295829229056835,0.10933901719638797,65.51234817504883
32,231,0.01665538176894188,0.01663910038769245,0.004176056478172541,1.0009785012331853,65.51234817504883
32,232,0.0,0.0,0.0,0.0,65.51234817504883
32,233,0.014636672101914883,0.011988366954028606,0.005645396886393428,1.220906246598952,65.51234817504883
32,234,0.007238239981234074,0.005111016798764467,0.003404977382160723,1.416203519731658,65.51234817504883
32,235,0.0053689912892878056,0.018684368580579758,-0.008644285146147013,0.2873520325744858,65.51234817504883
32,236,0.06602989882230759,0.0864892229437828,0.0011629816144704819,0.763446549455797,65.51234817504883
32,237,3.2887256145477295,1.1274056434631348,2.4431713819503784,2.91707393307221,65.51234817504883
32,238,0.4463517665863037,0.010590070858597755,0.4384092134423554,42.14813786460892,65.51234817504883
32,239,0.026463188230991364,0.01124281994998455,0.01803107326850295,2.3537856468718013,65.51234817504883
32,240,0.1505824327468872,0.1680125743150711,0.024573002010583878,0.8962569221968248,65.51234817504883
32,241,0.014177216216921806,1.0793691217259038e-05,0.014169120948508862,1313.472343991108,65.51234817504883
32,242,0.20163264870643616,0.028699493035674095,0.18010802892968059,7.025651932205797,65.51234817504883
32,243,0.02679671160876751,0.011891684494912624,0.01787794823758304,2.25339913937155,65.51234817504883
32,244,0.0,0.003690636483952403,-0.0027679773629643023,0.0,65.51234817504883
32,245,0.0,0.017127418890595436,-0.012845564167946577,0.0,65.51234817504883
32,246,0.08890656381845474,0.2991895377635956,-0.13548558950424194,0.29715799717705055,65.51234817504883
32,247,0.019190680235624313,0.024502597749233246,0.000813731923699379,0.7832100265957161,65.51234817504883
32,248,0.0031489317771047354,0.038913238793611526,-0.02603599731810391,0.08092186296096178,65.51234817504883
32,249,0.008280083537101746,0.003431132296100259,0.0057067343150265515,2.4132218813303887,65.51234817504883
32,250,0.003894331632182002,0.009089471772313118,-0.0029227721970528364,0.4284442186856053,65.51234817504883
32,251,0.16933856904506683,0.10611233860254288,0.08975431509315968,1.5958423994192599,65.51234817504883
32,252,0.01006808690726757,0.004398947581648827,0.0067688762210309505,2.288749006007721,65.51234817504883
32,253,0.015305996872484684,0.008736117742955685,0.00875390856526792,1.7520364675801838,65.51234817504883
32,254,0.15606307983398438,0.06602787226438522,0.10654217563569546,2.363593956302597,65.51234817504883
32,255,0.0,0.0,0.0,0.0,65.51234817504883
33,0,0.002421448240056634,0.0007216697558760643,0.0018801959231495857,3.355341161223804,65.53204822540283
33,1,0.0067936694249510765,2.6336731910705566,-1.9684612238779664,0.0025795415497953077,65.53204822540283
33,2,0.12272939831018448,0.0018637595931068063,0.12133157861535437,65.85044482038022,65.53204822540283
33,3,0.021640727296471596,0.006148381624370813,0.017029441078193486,3.51974366834564,65.53204822540283
33,4,0.02202894538640976,0.011383986100554466,0.01349095581099391,1.935081893977518,65.53204822540283
33,5,0.06820599734783173,0.04726382717490196,0.032758126966655254,1.443090867228953,65.53204822540283
33,6,0.01506776548922062,0.011976086534559727,0.006085700588300824,1.2581543598971996,65.53204822540283
33,7,0.34898585081100464,0.010566873475909233,0.3410606957040727,33.02640573615362,65.53204822540283
33,8,0.49637824296951294,0.004677176475524902,0.49287036061286926,106.12775580756303,65.53204822540283
33,9,0.011748404242098331,0.012767375446856022,0.002172872656956315,0.92018945397828,65.53204822540283
33,10,1.170597791671753,0.015034586191177368,1.15932185202837,77.86032663012871,65.53204822540283
33,11,0.0007215127116069198,0.016425680369138718,-0.011597747565247118,0.043925895022199714,65.53204822540283
33,12,0.012247616425156593,0.005742703098803759,0.007940589101053774,2.132726733787634,65.53204822540283
33,13,0.09184020757675171,0.03670637682080269,0.06431042496114969,2.5020232321649596,65.53204822540283
33,14,1.3131389617919922,0.0,1.3131389617919922,1313138961791.9922,65.53204822540283
33,15,0.0697159618139267,0.023465076461434364,0.052117154467850924,2.9710519769895556,65.53204822540283
33,16,0.2005249708890915,0.03100188449025154,0.17727355752140284,6.4681542486772985,65.53204822540283
33,17,0.02544896863400936,0.018964620307087898,0.011225503403693438,1.341918172923086,65.53204822540283
33,18,0.0493544340133667,0.07552825659513474,-0.007291758432984352,0.6534565504043751,65.53204822540283
33,19,0.00032608170295134187,0.01704683154821396,-0.012459041958209127,0.019128581285615964,65.53204822540283
33,20,0.03879040852189064,0.028277022764086723,0.017582641448825598,1.3717996001256774,65.53204822540283
33,21,0.0,0.030468177050352097,-0.022851132787764072,0.0,65.53204822540283
33,22,0.009614844806492329,0.012550830841064453,0.0002017216756939888,0.7660723762022122,65.53204822540283
33,23,0.020946186035871506,0.05484507232904434,-0.02018761821091175,0.38191555131557564,65.53204822540283
33,24,0.01744954101741314,0.07135225087404251,-0.036064647138118744,0.24455487813512852,65.53204822540283
33,25,0.009515924379229546,0.004776020534336567,0.00593390897847712,1.99243791119063,65.53204822540283
33,26,0.15639647841453552,0.23199240863323212,-0.017597828060388565,0.674144810751614,65.53204822540283
33,27,0.02063014730811119,0.03919634968042374,-0.008767114952206612,0.5263282799492016,65.53204822540283
33,28,0.0068674213252961636,0.13480211794376373,-0.09423416713252664,0.05094446163012176,65.53204822540283
33,29,0.10837838053703308,0.012180172838270664,0.09924325090833008,8.89793453403266,65.53204822540283
33,30,0.025050753727555275,0.018585745245218277,0.011111444793641567,1.3478476862611932,65.53204822540283
33,31,0.0030123048927634954,0.01178943645209074,-0.00582977244630456,0.2555088111929035,65.53204822540283
33,32,0.013597358018159866,0.017153576016426086,0.0007321760058403015,0.7926835783014862,65.53204822540283
33,33,0.020176779478788376,0.013170602731406689,0.01029882743023336,1.5319556658665867,65.53204822540283
33,34,0.0,0.0,0.0,0.0,65.53204822540283
33,35,0.01356385089457035,0.017634699121117592,0.00033782655373215675,0.7691569218529196,65.53204822540283
33,36,0.13457345962524414,0.01756262220442295,0.12140149297192693,7.662492425743283,65.53204822540283
33,37,0.2001335769891739,0.0011632629903033376,0.19926112974644639,172.04499626085516,65.53204822540283
33,38,0.04793280363082886,0.007303310092538595,0.04245532106142491,6.563161500322449,65.53204822540283
33,39,0.012274268083274364,0.007173087447881699,0.0068944524973630905,1.7111555060140737,65.53204822540283
33,40,0.04311508312821388,0.21813997626304626,-0.12048989906907082,0.1976487018409935,65.53204822540283
33,41,0.0,0.43239539861679077,-0.3242965489625931,0.0,65.53204822540283
33,42,0.2779651880264282,0.14715643227100372,0.16759786382317543,1.8889095348046885,65.53204822540283
33,43,0.0031102902721613646,0.0016941354842856526,0.001839688658947125,1.8359158988024682,65.53204822540283
33,44,0.0,0.03696571663022041,-0.02772428747266531,0.0,65.53204822540283
33,45,0.0018626131350174546,0.062219612300395966,-0.04480209609027952,0.029936109630430224,65.53204822540283
33,46,2.3505140234192368e-06,1.0810341336764395e-05,-5.75724197915406e-06,0.21743196933046996,65.53204822540283
33,47,0.03611421585083008,0.22334057092666626,-0.13139121234416962,0.161700203867243,65.53204822540283
33,48,0.02190837264060974,0.021675344556570053,0.005651864223182201,1.010750836390202,65.53204822540283
33,49,1.045356273651123,0.006232443731278181,1.0406819408526644,167.7281526405386,65.53204822540283
33,50,0.9304421544075012,0.400745689868927,0.629882887005806,2.3217770719118693,65.53204822540283
33,51,0.007422801572829485,0.08889100700616837,-0.05924545368179679,0.08350452787907885,65.53204822540283
33,52,0.0032425145618617535,0.01427338644862175,-0.007462525274604559,0.22717205712227326,65.53204822540283
33,53,0.02598162181675434,0.33569276332855225,-0.22578795067965984,0.07739702684995917,65.53204822540283
33,54,0.1410224735736847,0.11938957124948502,0.05148029513657093,1.1811959126464473,65.53204822540283
33,55,0.047904327511787415,0.006252458319067955,0.04321498377248645,7.661678824476636,65.53204822540283
33,56,0.05614406615495682,0.24202542006969452,-0.12537499889731407,0.23197590624388706,65.53204822540283
33,57,0.013394461013376713,0.005926151294261217,0.0089498475426808,2.2602293370551387,65.53204822540283
33,58,0.006082700565457344,0.08886076509952545,-0.060562873259186745,0.06845203908132201,65.53204822540283
33,59,0.0,0.4182547330856323,-0.31369104981422424,0.0,65.53204822540283
33,60,0.0024462537840008736,0.0002236318396171555,0.002278529904288007,10.938754415515971,65.53204822540283
33,61,0.0008386576664634049,0.002017791848629713,-0.0006746862200088799,0.4156314074800668,65.53204822540283
33,62,0.0,0.0,0.0,0.0,65.53204822540283
33,63,0.00030523844179697335,0.025981981307268143,-0.019181247538654134,0.011748081802361952,65.53204822540283
33,64,0.0,0.0002736146270763129,-0.00020521097030723467,0.0,65.53204822540283
33,65,0.0011859190417453647,0.005561036989092827,-0.0029848587000742555,0.2132550176986988,65.53204822540283
33,66,0.023788392543792725,0.02658018469810486,0.003853254020214081,0.8949671649420047,65.53204822540283
33,67,0.010357409715652466,0.02549373172223568,-0.008762889076024294,0.4062727978820159,65.53204822540283
33,68,0.0,0.0,0.0,0.0,65.53204822540283
33,69,0.019672509282827377,0.04668207839131355,-0.015339049510657787,0.4214145976428196,65.53204822540283
33,70,0.012307007797062397,0.03985169902443886,-0.017581766471266747,0.3088201531685353,65.53204822540283
33,71,0.010591701604425907,0.003890947438776493,0.007673491025343537,2.722139470749141,65.53204822540283
33,72,0.008046753704547882,0.0100235091522336,0.0005291218403726816,0.8027880836475303,65.53204822540283
33,73,0.0026208243798464537,0.023419249802827835,-0.014943612972274423,0.11190898093661757,65.53204822540283
33,74,6.504886641778285e-06,0.5380527973175049,-0.4035330931014869,1.2089680927590574e-05,65.53204822540283
33,75,0.11513930559158325,0.0039650737307965755,0.11216550029348582,29.038376933135517,65.53204822540283
33,76,0.19459566473960876,0.020497826859354973,0.17922229459509254,9.49347782403109,65.53204822540283
33,77,0.006050150841474533,0.001605154713615775,0.004846284806262702,3.769201053571184,65.53204822540283
33,78,0.0,0.0003344389551784843,-0.00025082921638386324,0.0,65.53204822540283
33,79,0.05823146179318428,0.2173062115907669,-0.1047481968998909,0.26796961470470226,65.53204822540283
33,80,0.06472811102867126,0.08707454055547714,-0.0005777943879365921,0.7433643705152617,65.53204822540283
33,81,0.0011610552901402116,0.005326887592673302,-0.0028341104043647647,0.21796128972557763,65.53204822540283
33,82,0.04428347200155258,0.12367191165685654,-0.04847046174108982,0.35807218800065643,65.53204822540283
33,83,0.0,0.0,0.0,0.0,65.53204822540283
33,84,0.0543973371386528,0.008904393762350082,0.04771904181689024,6.109044431811717,65.53204822540283
33,85,0.015523710288107395,0.012471015565097332,0.006170448614284396,1.2447831698894567,65.53204822540283
33,86,0.047780975699424744,0.14289240539073944,-0.05938832834362984,0.33438429123250624,65.53204822540283
33,87,0.0,0.13986313343048096,-0.10489735007286072,0.0,65.53204822540283
33,88,0.011192035861313343,0.012702482752501965,0.0016651737969368696,0.8810904197628449,65.53204822540283
33,89,1.9922124920412898e-05,0.02057613618671894,-0.015412180015118793,0.0009682150593610284,65.53204822540283
33,90,0.055869489908218384,0.05098472163081169,0.017630948685109615,1.0958084720297632,65.53204822540283
33,91,0.03523106873035431,0.04556262493133545,0.0010591000318527222,0.77324493008635,65.53204822540283
33,92,0.02324228733778,0.008083045482635498,0.017180003225803375,2.8754369111042477,65.53204822540283
33,93,0.013370008207857609,0.013643532060086727,0.0031373591627925634,0.979952122954345,65.53204822540283
33,94,0.02203098125755787,0.6489832401275635,-0.46470644883811474,0.03394691864953791,65.53204822540283
33,95,0.0,0.005772547330707312,-0.004329410498030484,0.0,65.53204822540283
33,96,0.03443024680018425,0.0027598757296800613,0.032360340002924204,12.475288802840513,65.53204822540283
33,97,0.0,0.0024661815259605646,-0.0018496361444704235,0.0,65.53204822540283
33,98,0.0026651285588741302,0.003183224005624652,0.0002777105546556413,0.8372419136471998,65.53204822540283
33,99,0.03088182397186756,0.03272195905447006,0.006340354681015015,0.9437645197072977,65.53204822540283
33,100,0.0045208618976175785,0.15887656807899475,-0.11463656416162848,0.028455183494027345,65.53204822540283
33,101,0.0808689221739769,0.1343218833208084,-0.01987249031662941,0.6020532185379734,65.53204822540283
33,102,0.0,0.19962888956069946,-0.1497216671705246,0.0,65.53204822540283
33,103,0.013756910338997841,0.06236428767442703,-0.033016305416822433,0.2205895529601051,65.53204822540283
33,104,0.006985871586948633,0.029062742367386818,-0.01481118518859148,0.24037207151337375,65.53204822540283
33,105,0.3368816375732422,0.03375314921140671,0.31156677566468716,9.980746846857596,65.53204822540283
33,106,0.1574048101902008,0.19580890238285065,0.01054813340306282,0.8038695292905271,65.53204822540283
33,107,0.014474052004516125,0.029126932844519615,-0.007371147628873587,0.4969301807808632,65.53204822540283
33,108,0.21063631772994995,0.07225381582975388,0.15644595585763454,2.915227594669061,65.53204822540283
33,109,0.16386330127716064,0.005758286453783512,0.159544586436823,28.456955478662657,65.53204822540283
33,110,0.0,0.0,0.0,0.0,65.53204822540283
33,111,0.004573261830955744,0.0036183008924126625,0.001859536161646247,1.2639252416186961,65.53204822540283
33,112,0.021044306457042694,0.026911908760666847,0.0008603748865425587,0.7819700432032555,65.53204822540283
33,113,0.0,0.005953890271484852,-0.004465417703613639,0.0,65.53204822540283
33,114,0.09108084440231323,0.07073190808296204,0.038031913340091705,1.287691041703499,65.53204822540283
33,115,0.0,0.003944961354136467,-0.0029587210156023502,0.0,65.53204822540283
33,116,0.027572693303227425,0.031113287433981895,0.004237727727741003,0.886203149083705,65.53204822540283
33,117,0.0,0.0,0.0,0.0,65.53204822540283
33,118,0.030338408425450325,0.024968447163701057,0.011612073052674532,1.2150698930264678,65.53204822540283
33,119,0.01800462231040001,0.007345813326537609,0.012495262315496802,2.451004607332615,65.53204822540283
33,120,0.04374125227332115,0.020848097279667854,0.02810517931357026,2.0980932544804363,65.53204822540283
33,121,0.0,0.0,0.0,0.0,65.53204822540283
33,122,0.004297575447708368,0.4317638576030731,-0.31952531775459647,0.009953532172786078,65.53204822540283
33,123,0.02419179305434227,0.07599038630723953,-0.03280099667608738,0.31835333691045054,65.53204822540283
33,124,0.018524613231420517,0.031302399933338165,-0.004952186718583107,0.591795302286051,65.53204822540283
33,125,0.025462299585342407,0.06094837188720703,-0.020248979330062866,0.4177683307446829,65.53204822540283
33,126,1.0828567610587925e-05,0.03309454396367073,-0.02481007940514246,0.0003272009918658404,65.53204822540283
33,127,0.03436841443181038,0.0156169468536973,0.022655704291537404,2.2007127738590575,65.53204822540283
33,128,0.4634394645690918,0.21387404203414917,0.3030339330434799,2.166880375753724,65.53204822540283
33,129,0.034391626715660095,0.030166838318109512,0.011766497977077961,1.1400474372508023,65.53204822540283
33,130,0.0,0.05145656690001488,-0.03859242517501116,0.0,65.53204822540283
33,131,0.2452375590801239,0.5392569303512573,-0.1592051386833191,0.4547694156103438,65.53204822540283
33,132,0.16541555523872375,0.0015897953417152166,0.16422320873243734,104.04833301134849,65.53204822540283
33,133,0.009468387812376022,0.0042325835675001144,0.0062939501367509365,2.2370232410393496,65.53204822540283
33,134,0.04730364680290222,0.008661305531859398,0.04080766765400767,5.4614915295899555,65.53204822540283
33,135,0.001326537225395441,0.09907566010951996,-0.07298020785674453,0.01338913335440485,65.53204822540283
33,136,0.6646671295166016,0.5667240619659424,0.23962408304214478,1.1728232029000603,65.53204822540283
33,137,0.023461416363716125,0.012031707912683487,0.01443763542920351,1.9499655852710482,65.53204822540283
33,138,0.025822462514042854,0.010272940620779991,0.01811775704845786,2.5136388367022993,65.53204822540283
33,139,0.0061686174012720585,0.020327292382717133,-0.009076851885765791,0.3034647844300865,65.53204822540283
33,140,0.025546664372086525,0.011762969195842743,0.016724437475204468,2.1717870670734576,65.53204822540283
33,141,0.30498918890953064,0.11527077853679657,0.2185361050069332,2.645849995795132,65.53204822540283
33,142,0.06613826006650925,0.4243597984313965,-0.2521315887570381,0.15585420746929105,65.53204822540283
33,143,0.0,0.0,0.0,0.0,65.53204822540283
33,144,0.2278537154197693,0.19262973964214325,0.08338141068816185,1.1828584508387974,65.53204822540283
33,145,0.08658227324485779,0.05384882166981697,0.04619565699249506,1.6078768403539738,65.53204822540283
33,146,0.06587827205657959,0.18621666729450226,-0.0737842284142971,0.3537721569897882,65.53204822540283
33,147,0.042048465460538864,0.043032772839069366,0.00977388583123684,0.9771265639054061,65.53204822540283
33,148,0.0,0.0,0.0,0.0,65.53204822540283
33,149,0.026232950389385223,0.016078723594546318,0.014173907693475485,1.6315318957688625,65.53204822540283
33,150,0.002004815498366952,0.0017564853187650442,0.0006874515092931688,1.141379023102297,65.53204822540283
33,151,0.029384220018982887,0.008145920000970364,0.023274780018255115,3.607231597152357,65.53204822540283
33,152,0.0,0.0,0.0,0.0,65.53204822540283
33,153,0.9095609188079834,0.07660740613937378,0.8521053642034531,11.873015477659214,65.53204822540283
33,154,1.9797985553741455,0.029142701998353004,1.9579415288753808,67.93462580848197,65.53204822540283
33,155,0.02017134800553322,0.01147997286170721,0.01156136835925281,1.757090216742586,65.53204822540283
33,156,1.3259228467941284,0.09193025529384613,1.2569751553237438,14.423138960525256,65.53204822540283
33,157,0.0347735695540905,0.07263793051242828,-0.019704878330230713,0.4787246732980925,65.53204822540283
33,158,0.02015056647360325,2.2070042177801952e-05,0.020134013941969897,913.0279588157167,65.53204822540283
33,159,0.01147864293307066,0.003920950926840305,0.00853792973794043,2.927515070787483,65.53204822540283
33,160,0.015869051218032837,0.008891881443560123,0.009200140135362744,1.7846674314063429,65.53204822540283
33,161,0.0,0.0,0.0,0.0,65.53204822540283
33,162,0.11418482661247253,0.046617019921541214,0.07922206167131662,2.449423553933776,65.53204822540283
33,163,0.02150624804198742,0.043861374258995056,-0.011389782652258873,0.49032316941338455,65.53204822540283
33,164,0.0,0.0,0.0,0.0,65.53204822540283
33,165,0.014604143798351288,0.007829312235116959,0.008732159622013569,1.8653163084979207,65.53204822540283
33,166,0.31703269481658936,0.6248171329498291,-0.15158015489578247,0.507400770717244,65.53204822540283
33,167,0.06716669350862503,0.03037230484187603,0.04438746487721801,2.211445389347174,65.53204822540283
33,168,0.002328199567273259,0.026135552674531937,-0.017273464938625693,0.08908170399828262,65.53204822540283
33,169,0.0003632288135122508,0.04294164478778839,-0.03184300477732904,0.008458660940884266,65.53204822540283
33,170,0.3881443738937378,0.09521444141864777,0.31673354282975197,4.076528393240598,65.53204822540283
33,171,0.028633637353777885,0.08447955548763275,-0.03472602926194668,0.3389416195215506,65.53204822540283
33,172,0.005934195127338171,0.0058701555244624615,0.001531578483991325,1.0109093535252909,65.53204822540283
33,173,0.0035030904691666365,0.002441572956740856,0.0016719107516109943,1.434767885211173,65.53204822540283
33,174,0.0,0.024800676852464676,-0.018600507639348507,0.0,65.53204822540283
33,175,0.04580123350024223,0.02838975191116333,0.024508919566869736,1.613301646381035,65.53204822540283
33,176,0.0029457334894686937,0.27174535393714905,-0.2008632819633931,0.010840050977059802,65.53204822540283
33,177,1.025018334388733,0.21032705903053284,0.8672730401158333,4.873449660298151,65.53204822540283
33,178,0.025158993899822235,0.038997527211904526,-0.004089151509106159,0.6451433128687444,65.53204822540283
33,179,0.2042425274848938,0.002235488034784794,0.2025659114588052,91.36373096856772,65.53204822540283
33,180,0.0,0.023849857971072197,-0.017887393478304148,0.0,65.53204822540283
33,181,0.0,0.0,0.0,0.0,65.53204822540283
33,182,0.004469855222851038,0.08754002302885056,-0.06118516204878688,0.0510607042144237,65.53204822540283
33,183,0.0,0.003630639286711812,-0.002722979465033859,0.0,65.53204822540283
33,184,0.017440009862184525,0.023478297516703606,-0.0001687132753431797,0.7428140753831932,65.53204822540283
33,185,0.0,0.001268301042728126,-0.0009512257820460945,0.0,65.53204822540283
33,186,0.03435241058468819,0.011831080541014671,0.025479100178927183,2.9035733856003687,65.53204822540283
33,187,0.003809463931247592,0.34688541293144226,-0.2563545957673341,0.010981908691529515,65.53204822540283
33,188,0.004084732849150896,0.050067171454429626,-0.033465645741671324,0.08158505324765895,65.53204822540283
33,189,0.027107028290629387,0.051385048776865005,-0.011431758292019367,0.5275275383664948,65.53204822540283
33,190,0.023280490189790726,0.022171813994646072,0.006651629693806171,1.0500038559931257,65.53204822540283
33,191,0.0016914462903514504,0.0009316544164903462,0.0009927054779836908,1.8155297271146973,65.53204822540283
33,192,0.016437048092484474,0.01798415556550026,0.0029489314183592796,0.9139738605855013,65.53204822540283
33,193,0.011977484449744225,0.009471955709159374,0.004873517667874694,1.2645207406214416,65.53204822540283
33,194,2.3230365968629485e-06,0.0,2.3230365968629485e-06,2323036.5968629485,65.53204822540283
33,195,0.03958995267748833,0.015337150543928146,0.028087089769542217,2.581310821818878,65.53204822540283
33,196,0.03550514578819275,0.06834864616394043,-0.015756338834762573,0.5194710909490579,65.53204822540283
33,197,0.0,0.0,0.0,0.0,65.53204822540283
33,198,0.004086339846253395,0.011235309764742851,-0.004340142477303743,0.3637051342111542,65.53204822540283
33,199,2.9603232178487815e-05,0.016840720549225807,-0.012600937179740868,0.0017578364352165967,65.53204822540283
33,200,0.022656727582216263,0.018625497817993164,0.00868760421872139,1.216436081462064,65.53204822540283
33,201,0.2908779978752136,0.06149587407708168,0.24475609231740236,4.73004087243128,65.53204822540283
33,202,0.028780989348888397,0.0020448702853173018,0.02724733663490042,14.074726177728058,65.53204822540283
33,203,1.0024546384811401,0.13226258754730225,0.9032576978206635,7.5792758713044535,65.53204822540283
33,204,0.0,0.0,0.0,0.0,65.53204822540283
33,205,3.9800183003535494e-05,0.017602672800421715,-0.01316220441731275,0.0022610306657703115,65.53204822540283
33,206,1.1403518915176392,0.8076515197753906,0.5346132516860962,1.4119355484322758,65.53204822540283
33,207,0.1514950543642044,0.019166089594364166,0.13712048716843128,7.904327776952872,65.53204822540283
33,208,0.01888672076165676,0.00766705023124814,0.013136433088220656,2.46336207401093,65.53204822540283
33,209,0.009614315815269947,0.005028838757425547,0.005842686747200787,1.911836166781383,65.53204822540283
33,210,0.009200790897011757,0.1277664750814438,-0.08662406541407108,0.07201255956286473,65.53204822540283
33,211,0.04859005659818649,0.043530382215976715,0.015942269936203957,1.1162331714890508,65.53204822540283
33,212,0.17969323694705963,0.33963048458099365,-0.07502962648868561,0.5290845348238405,65.53204822540283
33,213,0.00447821943089366,0.005715649109333754,0.0001914825988933444,0.7835014614170678,65.53204822540283
33,214,0.0,0.004700821358710527,-0.0035256160190328956,0.0,65.53204822540283
33,215,0.5683636665344238,0.04916900023818016,0.5314869163557887,11.559390342891803,65.53204822540283
33,216,0.0,0.25751641392707825,-0.19313731044530869,0.0,65.53204822540283
33,217,0.008998897857964039,0.003516868920996785,0.00636124616721645,2.5587811367319038,65.53204822540283
33,218,0.0,0.0017296355217695236,-0.0012972266413271427,0.0,65.53204822540283
33,219,0.005474560894072056,0.3645821213722229,-0.2679620301350951,0.015015988368962683,65.53204822540283
33,220,0.12136868387460709,0.004472916945815086,0.11801399616524577,27.134124178412684,65.53204822540283
33,221,0.030916692689061165,0.019251259043812752,0.0164782484062016,1.6059569203808342,65.53204822540283
33,222,0.0,0.0,0.0,0.0,65.53204822540283
33,223,0.04057611897587776,0.051819369196891785,0.0017115920782089233,0.7830299674417603,65.53204822540283
33,224,0.006715313997119665,0.4465159773826599,-0.32817166903987527,0.015039358807422173,65.53204822540283
33,225,0.04851648211479187,0.08260323107242584,-0.013435941189527512,0.5873436363725975,65.53204822540283
33,226,1.3193604946136475,0.18758447468280792,1.1786721386015415,7.033420526072637,65.53204822540283
33,227,0.19000154733657837,0.06201506406068802,0.14349024929106236,3.063796679264555,65.53204822540283
33,228,0.011041133664548397,0.04886968433856964,-0.025611129589378834,0.22593012035497073,65.53204822540283
33,229,0.012598728761076927,0.00480593740940094,0.008994275704026222,2.6214924759134273,65.53204822540283
33,230,0.0,0.011965570971369743,-0.008974178228527308,0.0,65.53204822540283
33,231,0.14172112941741943,0.0015007690526545048,0.14059555262792856,94.43233725556641,65.53204822540283
33,232,0.0074486155062913895,0.06850089132785797,-0.04392705298960209,0.10873749759739908,65.53204822540283
33,233,0.010505068115890026,0.004475745838135481,0.007148258737288415,2.347110066893152,65.53204822540283
33,234,2.170523166656494,1.2498475313186646,1.2331375181674957,1.7366303587164145,65.53204822540283
33,235,0.000799764646217227,0.36815163493156433,-0.275313961552456,0.00217237836350699,65.53204822540283
33,236,0.006243384908884764,0.011873358860611916,-0.002661634236574173,0.525831399661508,65.53204822540283
33,237,0.19134126603603363,0.043368566781282425,0.1588148409500718,4.411980386545843,65.53204822540283
33,238,0.02692211978137493,0.018899906426668167,0.012747189961373806,1.4244578344558783,65.53204822540283
33,239,0.012294529005885124,0.06136342138051987,-0.033728037029504776,0.20035598943294466,65.53204822540283
33,240,0.0,0.0015803455607965589,-0.0011852591705974191,0.0,65.53204822540283
33,241,0.0787472352385521,0.047226108610630035,0.04332765378057957,1.6674512796754035,65.53204822540283
33,242,0.005910216365009546,0.021173685789108276,-0.009970047976821661,0.27913025741463615,65.53204822540283
33,243,0.044694557785987854,0.017415398731827736,0.03163300873711705,2.5663815380660426,65.53204822540283
33,244,0.04535159096121788,0.1981090009212494,-0.10323015972971916,0.22892241518605577,65.53204822540283
33,245,0.1032867506146431,0.04134248197078705,0.07227988913655281,2.4983200255158384,65.53204822540283
33,246,0.026912320405244827,0.019503723829984665,0.012284527532756329,1.3798554900828974,65.53204822540283
33,247,0.005947405006736517,0.002987432759255171,0.003706830437295139,1.9908079893414976,65.53204822540283
33,248,0.006106808315962553,0.020934706553816795,-0.009594221599400043,0.29170737597740337,65.53204822540283
33,249,0.045600127428770065,0.03432443365454674,0.019856802187860012,1.3285034178969244,65.53204822540283
33,250,0.018527451902627945,0.03494692221283913,-0.0076827397570014,0.5301597602575427,65.53204822540283
33,251,0.0,0.58073490858078,-0.435551181435585,0.0,65.53204822540283
33,252,0.010367590002715588,0.05604276806116104,-0.03166448604315519,0.18499425280379,65.53204822540283
33,253,0.14756198227405548,0.2431889772415161,-0.034829750657081604,0.6067790734071873,65.53204822540283
33,254,0.09269596636295319,0.09388760477304459,0.022280262783169746,0.9873078196641689,65.53204822540283
33,255,0.0021078509744256735,0.01121379341930151,-0.006302494090050459,0.18796948502810915,65.53204822540283
34,0,0.05300968885421753,0.12506835162639618,-0.040791574865579605,0.4238457464614555,65.55174827575684
34,1,0.023396264761686325,0.014485680498182774,0.012532004388049245,1.6151305258324766,65.55174827575684
34,2,0.04803468659520149,0.10473216325044632,-0.030514435842633247,0.4586431245564685,65.55174827575684
34,3,0.012357592582702637,0.22724373638629913,-0.1580752097070217,0.054380344114925025,65.55174827575684
34,4,0.0,0.0,0.0,0.0,65.55174827575684
34,5,0.017236439511179924,0.09978916496038437,-0.05760543420910835,0.17272856745369045,65.55174827575684
34,6,0.008106034249067307,0.03246430680155754,-0.01624219585210085,0.24969066175867685,65.55174827575684
34,7,0.0,0.0,0.0,0.0,65.55174827575684
34,8,0.028190959244966507,0.013336940668523312,0.018188253743574023,2.1137500678387666,65.55174827575684
34,9,0.007363670505583286,0.03463287651538849,-0.01861098688095808,0.2126208171619459,65.55174827575684
34,10,0.010487839579582214,0.005530276335775852,0.006340132327750325,1.8964404201357898,65.55174827575684
34,11,0.044028040021657944,0.008767256513237953,0.03745259763672948,5.021872001823691,65.55174827575684
34,12,0.09706277400255203,0.648742139339447,-0.38949383050203323,0.14961687875128984,65.55174827575684
34,13,0.005426174961030483,0.019896024838089943,-0.009495843667536974,0.2727265875929958,65.55174827575684
34,14,0.006232415325939655,0.012949291616678238,-0.003479553386569023,0.48129392015785843,65.55174827575684
34,15,0.03570134565234184,0.03291378915309906,0.011016003787517548,1.084692664378195,65.55174827575684
34,16,0.10396149009466171,0.015850335359573364,0.09207373857498169,6.558945771788456,65.55174827575684
34,17,0.0004384966741781682,0.009763202629983425,-0.006883905298309401,0.04491320018152685,65.55174827575684
34,18,0.011289471760392189,0.06198378652334213,-0.03519836813211441,0.18213588413090273,65.55174827575684
34,19,0.3014495372772217,0.19460663199424744,0.1554945632815361,1.549019857065218,65.55174827575684
34,20,0.09104917198419571,0.009244956076145172,0.08411545492708683,9.848524019414437,65.55174827575684
34,21,0.005440555978566408,0.04454566165804863,-0.027968690264970064,0.12213436226872745,65.55174827575684
34,22,0.00045934406807646155,0.15312844514846802,-0.11438698979327455,0.0029997305048588313,65.55174827575684
34,23,0.02044588141143322,0.017043277621269226,0.0076634231954813,1.199644919514663,65.55174827575684
34,24,0.0,0.0,0.0,0.0,65.55174827575684
34,25,0.1475641429424286,0.0029237663839012384,0.14537131815450266,50.47056553645039,65.55174827575684
34,26,0.4681863784790039,0.0856810212135315,0.4039256125688553,5.464295031063419,65.55174827575684
34,27,0.15285992622375488,0.11197491735219955,0.06887873820960522,1.3651264929412077,65.55174827575684
34,28,0.011487224139273167,0.0,0.011487224139273167,11487224139.273167,65.55174827575684
34,29,0.016377080231904984,0.017315197736024857,0.003390681929886341,0.9458211497571346,65.55174827575684
34,30,8.964747394202277e-06,0.024085791781544685,-0.018055379088764312,0.0003722006515351161,65.55174827575684
34,31,0.015571899712085724,0.03419680893421173,-0.010075706988573074,0.45536119295773436,65.55174827575684
34,32,0.0037297457456588745,0.00426022382453084,0.0005345778772607446,0.8754811715072585,65.55174827575684
34,33,0.0,0.10940064489841461,-0.08205048367381096,0.0,65.55174827575684
34,34,0.005850607994943857,0.002626348752528429,0.0038808464305475354,2.2276584505708628,65.55174827575684
34,35,0.0,0.028162242844700813,-0.02112168213352561,0.0,65.55174827575684
34,36,0.0016191048780456185,0.4059922397136688,-0.302875074907206,0.0039880192763869695,65.55174827575684
34,37,0.26752758026123047,0.010049817152321339,0.25999021739698946,26.620144046383565,65.55174827575684
34,38,0.0,0.0,0.0,0.0,65.55174827575684
34,39,4.122821337659843e-05,0.014333455823361874,-0.010708863654144807,0.0028763623986983555,65.55174827575684
34,40,0.6952006816864014,0.1553935408592224,0.5786555260419846,4.4738068122904755,65.55174827575684
34,41,0.0019804672338068485,0.01566966436803341,-0.009771781042218208,0.12638861861780992,65.55174827575684
34,42,0.5452072620391846,0.222895085811615,0.3780359476804733,2.4460263897317738,65.55174827575684
34,43,0.0,0.0,0.0,0.0,65.55174827575684
34,44,0.9842303991317749,0.18116383254528046,0.8483575247228146,5.432819483327841,65.55174827575684
34,45,0.037638623267412186,0.014716003090143204,0.026601620949804783,2.557666170243258,65.55174827575684
34,46,0.004809557925909758,0.007064094301313162,-0.0004885128000751138,0.6808456569350796,65.55174827575684
34,47,0.004501841962337494,0.002308958675712347,0.0027701229555532336,1.9497282509826135,65.55174827575684
34,48,0.01074374932795763,0.01547230500727892,-0.0008604794275015593,0.6943858282401275,65.55174827575684
34,49,0.0493035688996315,0.030221249908208847,0.026637631468474865,1.631420574852134,65.55174827575684
34,50,0.018386034294962883,0.006947218906134367,0.013175620115362108,2.6465315892207677,65.55174827575684
34,51,0.007848309352993965,0.00452804658561945,0.004452274413779378,1.7332660348915176,65.55174827575684
34,52,1.288358449935913,0.00018258961790706962,1.2882215077224828,7056.033402378877,65.55174827575684
34,53,0.07707773149013519,0.025136005133390427,0.05822572764009237,3.0664272655116327,65.55174827575684
34,54,0.1489289551973343,0.017841538414359093,0.13554780138656497,8.347315782428666,65.55174827575684
34,55,0.020474938675761223,0.11199750006198883,-0.0635231863707304,0.18281603307436195,65.55174827575684
34,56,0.28603053092956543,0.09084708988666534,0.21789521351456642,3.1484831411028047,65.55174827575684
34,57,0.022636232897639275,0.011557402089238167,0.01396818133071065,1.9585917943236326,65.55174827575684
34,58,0.016911162063479424,0.00781443901360035,0.011050332803279161,2.1640916298512187,65.55174827575684
34,59,0.006042453460395336,0.03506533429026604,-0.02025654725730419,0.17231985898678204,65.55174827575684
34,60,0.00529876071959734,0.07279498875141144,-0.04929748084396124,0.07279018529172876,65.55174827575684
34,61,0.0,0.0,0.0,0.0,65.55174827575684
34,62,0.033328890800476074,0.02502680942416191,0.014558783732354641,1.3317275180497945,65.55174827575684
34,63,0.011962500400841236,0.04063321650028229,-0.01851241197437048,0.29440200483424017,65.55174827575684
34,64,0.005995013285428286,0.050154075026512146,-0.031620542984455824,0.11953192800664166,65.55174827575684
34,65,0.0,0.0,0.0,0.0,65.55174827575684
34,66,0.09517092257738113,0.054548781365156174,0.054259336553514004,1.7446938353865455,65.55174827575684
34,67,0.218122661113739,0.10956872999668121,0.1359461136162281,1.9907382436426442,65.55174827575684
34,68,0.0028760957065969706,0.054937053471803665,-0.03832669439725578,0.052352565796430425,65.55174827575684
34,69,0.0785544291138649,0.11278558522462845,-0.006034759804606438,0.696493518712663,65.55174827575684
34,70,0.14512912929058075,0.010763648897409439,0.13705639261752367,13.483264890963389,65.55174827575684
34,71,0.013969517312943935,0.010414572432637215,0.006158587988466024,1.3413433342520027,65.55174827575684
34,72,0.002139168558642268,0.0011467358563095331,0.0012791166664101183,1.8654414135624715,65.55174827575684
34,73,0.0,0.009640072472393513,-0.0072300543542951345,0.0,65.55174827575684
34,74,0.4776647388935089,0.034859124571084976,0.4515203954651952,13.70271757415333,65.55174827575684
34,75,0.017447518184781075,0.03792227804660797,-0.010994190350174904,0.4600862364565046,65.55174827575684
34,76,0.16175135970115662,0.010121552273631096,0.1541601954959333,15.980884681747298,65.55174827575684
34,77,0.006733359303325415,0.012356569059193134,-0.002534067491069436,0.5449214317117386,65.55174827575684
34,78,0.0,0.0006953763077035546,-0.000521532230777666,0.0,65.55174827575684
34,79,0.05843499302864075,0.018335092812776566,0.04468367341905832,3.1870573889178266,65.55174827575684
34,80,0.6049662828445435,0.8536962270736694,-0.03530588746070862,0.7086435006484215,65.55174827575684
34,81,0.021634090691804886,0.012926735915243626,0.011939038755372167,1.6735926866595667,65.55174827575684
34,82,0.1210363507270813,0.010538243688642979,0.11313266796059906,11.485438588408828,65.55174827575684
34,83,0.008696340024471283,0.02726014330983162,-0.011748767457902431,0.3190129973020302,65.55174827575684
34,84,0.01534209307283163,0.008208155632019043,0.009185976348817348,1.8691279452737,65.55174827575684
34,85,0.21085356175899506,0.0,0.21085356175899506,210853561758.99506,65.55174827575684
34,86,0.07990486174821854,0.024111449718475342,0.06182127445936203,3.3139799836953663,65.55174827575684
34,87,0.04467646777629852,0.007968342863023281,0.03870021062903106,5.606745158772072,65.55174827575684
34,88,0.5446534156799316,0.5753579139709473,0.11313498020172119,0.9466340906305624,65.55174827575684
34,89,3.8330392837524414,0.01782379299402237,3.8196714390069246,215.05182902555535,65.55174827575684
34,90,0.0008521658601239324,0.003185421461239457,-0.0015369002358056605,0.2675205997779746,65.55174827575684
34,91,0.008365495130419731,2.11146879196167,-1.5752360988408327,0.003961931695255494,65.55174827575684
34,92,0.005527314729988575,0.02116987481713295,-0.010350091382861137,0.2610934064312077,65.55174827575684
34,93,0.010654604062438011,0.007054599467664957,0.005363654461689293,1.5103060222998506,65.55174827575684
34,94,0.046753767877817154,0.13198645412921906,-0.05223607271909714,0.35423156251844945,65.55174827575684
34,95,0.03086663782596588,0.09395302832126617,-0.03959813341498375,0.3285326548505804,65.55174827575684
34,96,6.747941938556323e-07,0.0012702596141025424,-0.0009520199163830512,0.0005312254170980309,65.55174827575684
34,97,0.03521459922194481,0.017096135765314102,0.022392497397959232,2.059798758227633,65.55174827575684
34,98,0.00615612231194973,0.003625634592026472,0.003436896367929876,1.6979433955618102,65.55174827575684
34,99,0.004984746221452951,0.0013234359212219715,0.003992169280536473,3.766518754518809,65.55174827575684
34,100,0.009944179095327854,0.013597211800515652,-0.0002537297550588846,0.7313395746486347,65.55174827575684
34,101,0.0,0.023997118696570396,-0.017997839022427797,0.0,65.55174827575684
34,102,0.0,0.18652024865150452,-0.1398901864886284,0.0,65.55174827575684
34,103,0.0052110580727458,0.0005785931716673076,0.004777113193995319,9.006428556221783,65.55174827575684
34,104,0.12627878785133362,0.04530523344874382,0.09229986276477575,2.7872891989710666,65.55174827575684
34,105,0.04481804370880127,0.03235861659049988,0.02054908126592636,1.3850420206336724,65.55174827575684
34,106,0.08392221480607986,0.0018296327907592058,0.08254999021301046,45.86833772551049,65.55174827575684
34,107,0.002629719441756606,0.0116727314889431,-0.006124829174950719,0.2252874097225914,65.55174827575684
34,108,0.005489159841090441,0.002820168389007449,0.003374033549334854,1.946394357351102,65.55174827575684
34,109,0.26987189054489136,0.0012846611207351089,0.26890839470434,210.07243542981422,65.55174827575684
34,110,0.007150017656385899,0.012193937785923481,-0.001995435683056712,0.5863583840860189,65.55174827575684
34,111,0.09515347331762314,0.01581898331642151,0.083289235830307,6.015144678282216,65.55174827575684
34,112,0.0,0.027894575148820877,-0.020920931361615658,0.0,65.55174827575684
34,113,0.42946287989616394,0.696453869342804,-0.09287752211093903,0.616642248395866,65.55174827575684
34,114,2.2569363117218018,0.4242147207260132,1.9387752711772919,5.320268725832749,65.55174827575684
34,115,0.0012895374093204737,0.003745405236259103,-0.0015195165178738534,0.3442985011320592,65.55174827575684
34,116,0.018157636746764183,0.03177202492952347,-0.005671381950378418,0.5714976236632653,65.55174827575684
34,117,0.003618720220401883,0.04176897555589676,-0.027708011446520686,0.08663655673030678,65.55174827575684
34,118,0.013284253887832165,0.006420813035219908,0.008468644111417234,2.0689364123975387,65.55174827575684
34,119,0.0,0.00046843578456901014,-0.0003513268384267576,0.0,65.55174827575684
34,120,0.08200157433748245,1.5941226482391357,-1.1135904118418694,0.051439940601816156,65.55174827575684
34,121,0.11083371937274933,0.04740069434046745,0.07528319861739874,2.3382298701010567,65.55174827575684
34,122,0.09312326461076736,0.04035838320851326,0.06285447720438242,2.307408206303378,65.55174827575684
34,123,0.06129470095038414,0.02383820340037346,0.043416048400104046,2.5712802226887868,65.55174827575684
34,124,0.009700680151581764,0.004307987168431282,0.006469689775258303,2.251789471523054,65.55174827575684
34,125,0.035898711532354355,0.0037082808557897806,0.03311750089051202,9.680688415664257,65.55174827575684
34,126,0.0026171302888542414,0.01848216913640499,-0.011244496563449502,0.14160298336181673,65.55174827575684
34,127,0.3954509496688843,0.007113789673894644,0.3901156074134633,55.589350787875375,65.55174827575684
34,128,0.008326155133545399,0.034747716039419174,-0.017734631896018982,0.23961733553538495,65.55174827575684
34,129,0.0,0.12330789864063263,-0.09248092398047447,0.0,65.55174827575684
34,130,0.0495644211769104,0.02300131320953369,0.03231343626976013,2.154851800122954,65.55174827575684
34,131,0.0005809996509924531,1.178313232230721e-05,0.0005721623017507227,49.30773802690792,65.55174827575684
34,132,0.08410985767841339,0.14925777912139893,-0.027833476662635803,0.5635207636945948,65.55174827575684
34,133,0.019067270681262016,0.014246582984924316,0.008382333442568779,1.3383750124574123,65.55174827575684
34,134,0.017125064507126808,0.19582395255565643,-0.12974289990961552,0.08745132698806152,65.55174827575684
34,135,0.024399608373641968,0.010452997870743275,0.016559859970584512,2.334221117522602,65.55174827575684
34,136,0.012193082831799984,0.001972413156181574,0.010713772964663804,6.181809722473641,65.55174827575684
34,137,0.0,0.0,0.0,0.0,65.55174827575684
34,138,0.025336675345897675,0.037096768617630005,-0.002485901117324829,0.682988742398808,65.55174827575684
34,139,1.4597328901290894,1.2533589601516724,0.5197136700153351,1.1646566837893577,65.55174827575684
34,140,0.008011325262486935,0.02926795370876789,-0.013939640019088984,0.27372344995247255,65.55174827575684
34,141,0.03567036986351013,0.01649097353219986,0.023302139714360237,2.1630238986011374,65.55174827575684
34,142,0.009327591396868229,0.006215767003595829,0.004665766144171357,1.5006340150735333,65.55174827575684
34,143,0.016263363882899284,0.025526996701955795,-0.002881883643567562,0.6371044769640345,65.55174827575684
34,144,0.0,0.6047120690345764,-0.4535340517759323,0.0,65.55174827575684
34,145,0.014757063239812851,0.047391969710588455,-0.02078691404312849,0.31138320119672935,65.55174827575684
34,146,0.0024023011792451143,0.49174049496650696,-0.3664030700456351,0.0048853027233477135,65.55174827575684
34,147,0.10911241918802261,0.06289280205965042,0.0619428176432848,1.7348951805772699,65.55174827575684
34,148,0.03316837549209595,0.02646777033805847,0.013317547738552094,1.2531609224049145,65.55174827575684
34,149,0.03298661485314369,0.02350720763206482,0.015356209129095078,1.403255349084734,65.55174827575684
34,150,0.021507354453206062,0.009535235352814198,0.014355927938595414,2.2555661874253463,65.55174827575684
34,151,0.0,0.8682671785354614,-0.6512003839015961,0.0,65.55174827575684
34,152,0.0,0.0,0.0,0.0,65.55174827575684
34,153,0.015020962804555893,0.010519598610699177,0.00713126384653151,1.4279026566518047,65.55174827575684
34,154,0.0,0.009624790400266647,-0.0072185928001999855,0.0,65.55174827575684
34,155,1.351943016052246,0.004015299957245588,1.348931541084312,336.6978881057127,65.55174827575684
34,156,0.0002779979258775711,0.03546358272433281,-0.026319689117372036,0.007838969007465453,65.55174827575684
34,157,0.0008683738997206092,0.6872133016586304,-0.5145416023442522,0.0012636162565879813,65.55174827575684
34,158,0.03708332031965256,0.024590060114860535,0.018640775233507156,1.5080613932998845,65.55174827575684
34,159,0.0,0.002704818733036518,-0.0020286140497773886,0.0,65.55174827575684
34,160,0.007240078877657652,0.10239353030920029,-0.06955506885424256,0.07070836268389123,65.55174827575684
34,161,0.0043905917555093765,0.010744033381342888,-0.0036674332804977894,0.4086539569697377,65.55174827575684
34,162,0.5763750672340393,0.23131218552589417,0.4028909280896187,2.4917626623134623,65.55174827575684
34,163,0.03265358880162239,0.011900671757757664,0.023728084983304143,2.743844168090152,65.55174827575684
34,164,0.00987702514976263,0.0014172048540785909,0.008814121509203687,6.969370105082587,65.55174827575684
34,165,0.004077923484146595,0.022879688069224358,-0.013081842567771673,0.17823335141765362,65.55174827575684
34,166,0.08457880467176437,0.06935230642557144,0.03256457485258579,1.2195528747312012,65.55174827575684
34,167,0.004976129159331322,0.0756261795759201,-0.05174350552260876,0.06579902868516653,65.55174827575684
34,168,0.02123051881790161,0.08394211530685425,-0.041726067662239075,0.25291855870011803,65.55174827575684
34,169,0.022335870191454887,0.006356814876198769,0.01756825903430581,3.513688950038693,65.55174827575684
34,170,0.07629141956567764,0.42124536633491516,-0.23964260518550873,0.18110921962009266,65.55174827575684
34,171,0.004038677550852299,0.0030606132932007313,0.0017432175809517503,1.3195647939270243,65.55174827575684
34,172,0.09605059772729874,0.43902769684791565,-0.233220174908638,0.2187802692556616,65.55174827575684
34,173,0.021099623292684555,0.0052218567579984665,0.017183230724185705,4.04063616956268,65.55174827575684
34,174,0.0,0.14317898452281952,-0.10738423839211464,0.0,65.55174827575684
34,175,0.0,0.0,0.0,0.0,65.55174827575684
34,176,0.012893586419522762,0.008850864134728909,0.006255438318476081,1.4567601786445135,65.55174827575684
34,177,0.005143710877746344,0.057966165244579315,-0.03833091305568814,0.08873643540079822,65.55174827575684
34,178,0.023115195333957672,0.006184088997542858,0.01847712858580053,3.7378497203717878,65.55174827575684
34,179,0.002453785389661789,0.006306617520749569,-0.0022761777509003878,0.38908105354406597,65.55174827575684
34,180,0.05683073773980141,0.021788304671645164,0.040489509236067533,2.6083138910367545,65.55174827575684
34,181,0.06885542720556259,0.010756910778582096,0.06078774412162602,6.401041025296819,65.55174827575684
34,182,0.0082072913646698,0.017728807404637337,-0.005089314188808203,0.4629353332621842,65.55174827575684
34,183,0.0,0.011682655662298203,-0.008761991746723652,0.0,65.55174827575684
34,184,0.674522876739502,0.017831256613135338,0.6611494342796504,37.82811785708859,65.55174827575684
34,185,0.00426170788705349,0.7202427387237549,-0.5359203461557627,0.0059170438769006834,65.55174827575684
34,186,0.0080776521936059,0.0005685502546839416,0.007651239502592944,14.207455036474885,65.55174827575684
34,187,0.00016399855667259544,0.004533338826149702,-0.003236005562939681,0.03617610836640422,65.55174827575684
34,188,0.02498767152428627,0.03469362109899521,-0.0010325442999601364,0.7202382089856202,65.55174827575684
34,189,0.023360034450888634,0.004612298682332039,0.019900810439139605,5.064727168539043,65.55174827575684
34,190,0.0,0.003035979112610221,-0.0022769843344576657,0.0,65.55174827575684
34,191,1.5201990604400635,0.4514312744140625,1.1816256046295166,3.367509400871364,65.55174827575684
34,192,0.0020471992902457714,0.004319191910326481,-0.0011921946424990892,0.4739773856487542,65.55174827575684
34,193,0.0,0.0,0.0,0.0,65.55174827575684
34,194,0.03386295959353447,0.011117560788989067,0.02552478900179267,3.0458983074800683,65.55174827575684
34,195,0.013612139970064163,0.006135184317827225,0.009010751731693745,2.218701063029546,65.55174827575684
34,196,0.015562569722533226,0.03323289006948471,-0.009362097829580307,0.4682881834690293,65.55174827575684
34,197,0.003724242327734828,0.005076177418231964,-8.289073593914509e-05,0.733670638387244,65.55174827575684
34,198,0.13537175953388214,0.020557524636387825,0.11995361605659127,6.585022366344754,65.55174827575684
34,199,0.7693805694580078,0.6193650364875793,0.3048567920923233,1.2422085912694147,65.55174827575684
34,200,0.02403496950864792,0.03991033509373665,-0.005897781811654568,0.6022241971057175,65.55174827575684
34,201,0.013834269717335701,0.0016498137265443802,0.012596909422427416,8.38535253184427,65.55174827575684
34,202,0.08577825874090195,0.06496821343898773,0.03705209866166115,1.3203111829469778,65.55174827575684
34,203,0.03065904788672924,0.19255028665065765,-0.113753667101264,0.15922618667503965,65.55174827575684
34,204,0.015612362883985043,0.007831242866814137,0.00973893073387444,1.993599630034559,65.55174827575684
34,205,0.005410052370280027,0.0034694657661020756,0.0028079530457034707,1.5593329732718062,65.55174827575684
34,206,0.014915620908141136,0.00990624912083149,0.007485934067517519,1.5056779538554046,65.55174827575684
34,207,0.04191596433520317,0.27763423323631287,-0.16630971059203148,0.15097548975300445,65.55174827575684
34,208,0.06555348634719849,0.03662426769733429,0.03808528557419777,1.7898920706660282,65.55174827575684
34,209,0.0380060188472271,0.0006991605623625219,0.037481648425455205,54.3595002905228,65.55174827575684
34,210,0.002503735478967428,0.0184946246445179,-0.011367233004420996,0.1353763878400311,65.55174827575684
34,211,0.013480904512107372,0.030711036175489426,-0.009552372619509697,0.4389596116078807,65.55174827575684
34,212,0.04222964867949486,0.021067913621664047,0.026428713463246822,2.0044532854959987,65.55174827575684
34,213,0.01443375926464796,0.09722081571817398,-0.058481852523982525,0.14846367167233426,65.55174827575684
34,214,0.20448380708694458,0.14905518293380737,0.09269241988658905,1.371866466236066,65.55174827575684
34,215,0.12370459735393524,0.017566204071044922,0.11052994430065155,7.042192886213835,65.55174827575684
34,216,0.02676449343562126,0.0035735073033720255,0.024084362958092242,7.489698818546168,65.55174827575684
34,217,0.010315677151083946,0.013412198051810265,0.0002565286122262478,0.7691265153158469,65.55174827575684
34,218,1.239119052886963,0.10942596942186356,1.1570495758205652,11.32381151770779,65.55174827575684
34,219,0.012952981516718864,0.06780587136745453,-0.03790142200887203,0.19103038210854711,65.55174827575684
34,220,0.009306201711297035,0.005459026899188757,0.0052119315369054675,1.704736371783633,65.55174827575684
34,221,0.00934024341404438,0.018245665356516838,-0.004344005603343248,0.5119157471665671,65.55174827575684
34,222,0.0,0.0120018869638443,-0.009001415222883224,0.0,65.55174827575684
34,223,0.0,0.4378265142440796,-0.3283698856830597,0.0,65.55174827575684
34,224,0.0009313887567259371,0.0006010656361468136,0.0004805895296158269,1.5495624756509583,65.55174827575684
34,225,0.0930510014295578,0.033866219222545624,0.06765133701264858,2.747605240943569,65.55174827575684
34,226,0.11513479053974152,0.26128000020980835,-0.08082520961761475,0.4406567301241863,65.55174827575684
34,227,0.013178328983485699,0.0010018703760579228,0.012426926201442257,13.153726555110829,65.55174827575684
34,228,0.40497806668281555,0.31750157475471497,0.16685188561677933,1.2755151434899334,65.55174827575684
34,229,0.039950937032699585,0.02325405366718769,0.022510396782308817,1.7180203332614554,65.55174827575684
34,230,0.004628262482583523,0.054026469588279724,-0.03589158970862627,0.08566657265907844,65.55174827575684
34,231,0.0,0.0017316867597401142,-0.0012987650698050857,0.0,65.55174827575684
34,232,0.017638344317674637,0.015615210868418217,0.005926936166360974,1.1295617116652998,65.55174827575684
34,233,0.034999214112758636,0.08660445362329483,-0.029954126104712486,0.404127185705614,65.55174827575684
34,234,0.24869608879089355,0.014170206151902676,0.23806843417696655,17.550633075295785,65.55174827575684
34,235,9.78158823272679e-07,0.0,9.78158823272679e-07,978158.823272679,65.55174827575684
34,236,0.013548091053962708,0.08075643330812454,-0.0470192339271307,0.16776485165092017,65.55174827575684
34,237,0.023347290232777596,0.022831710055470467,0.0062235076911747456,1.022581759098724,65.55174827575684
34,238,0.06067068502306938,0.03422793745994568,0.03499973192811012,1.772548669994944,65.55174827575684
34,239,0.1932220309972763,0.5813317894935608,-0.2427768111228943,0.33237822959118285,65.55174827575684
34,240,0.021089723333716393,0.02924620918929577,-0.000844933558255434,0.7211096383976563,65.55174827575684
34,241,0.01689707301557064,0.009810172021389008,0.009539443999528885,1.7224033357425068,65.55174827575684
34,242,0.0,0.0,0.0,0.0,65.55174827575684
34,243,0.04148963466286659,0.07044941931962967,-0.01134742982685566,0.5889279863903321,65.55174827575684
34,244,0.06308915466070175,0.16531628370285034,-0.060898058116436005,0.38162698342360785,65.55174827575684
34,245,0.005909760016947985,0.009026071056723595,-0.0008597932755947113,0.6547433516924301,65.55174827575684
34,246,0.0032899603247642517,0.09856249392032623,-0.07063191011548042,0.03337943464975975,65.55174827575684
34,247,0.43157824873924255,0.029516737908124924,0.40944069530814886,14.621475112458912,65.55174827575684
34,248,0.0,0.0,0.0,0.0,65.55174827575684
34,249,0.3809213936328888,0.0010219234973192215,0.3801549510098994,372.74942229961243,65.55174827575684
34,250,0.011614212766289711,0.004800393246114254,0.00801391783170402,2.4194294443005413,65.55174827575684
34,251,0.042517270892858505,0.020685292780399323,0.027003301307559013,2.0554348126554434,65.55174827575684
34,252,0.11561162769794464,0.012668822892010212,0.10611001052893698,9.125680315708827,65.55174827575684
34,253,0.13008372485637665,0.06068773195147514,0.08456792589277029,2.1434929378848073,65.55174827575684
34,254,0.0,0.0,0.0,0.0,65.55174827575684
34,255,0.009667884558439255,0.18779624998569489,-0.1311793029308319,0.05148071145789233,65.55174827575684
35,0,0.06120266392827034,0.04707235470414162,0.025898397900164127,1.300182757196663,65.57144832611084
35,1,0.013532285578548908,0.005171175580471754,0.009653903893195093,2.6168683243003557,65.57144832611084
35,2,0.011780943721532822,0.04482351988554001,-0.021836696192622185,0.26282950895765117,65.57144832611084
35,3,0.18543437123298645,0.0006182374781928957,0.18497069312434178,299.94035863867333,65.57144832611084
35,4,0.22896964848041534,0.02542133256793022,0.20990364905446768,9.006988436171143,65.57144832611084
35,5,0.05897051468491554,0.002255150815472007,0.05727915157331154,26.149255408633795,65.57144832611084
35,6,0.05502612888813019,0.036551497876644135,0.027612505480647087,1.5054411469628344,65.57144832611084
35,7,0.036097582429647446,0.005088655278086662,0.03228109097108245,7.093737038545559,65.57144832611084
35,8,0.16288328170776367,0.21756060421466827,-0.00028717145323753357,0.7486800392698723,65.57144832611084
35,9,0.03348837420344353,2.1988296508789062,-1.6156338639557362,0.01523009033011833,65.57144832611084
35,10,0.01473182626068592,0.007474218960851431,0.009126162040047348,1.9710188229536045,65.57144832611084
35,11,0.009269587695598602,0.020617691799998283,-0.00619368115440011,0.44959386264323636,65.57144832611084
35,12,0.0,0.014425426721572876,-0.010819070041179657,0.0,65.57144832611084
35,13,0.0023902002722024918,0.011059552431106567,-0.005904464051127434,0.21612088616385522,65.57144832611084
35,14,0.028519418090581894,0.00418631499633193,0.025379681843332946,6.812535155323527,65.57144832611084
35,15,0.0004954846808686852,0.0,0.0004954846808686852,495484680.86868525,65.57144832611084
35,16,0.03025311790406704,0.032327935099601746,0.00600716657936573,0.9358196807164437,65.57144832611084
35,17,0.012166627682745457,0.020176874473690987,-0.0029660281725227833,0.6029986308338666,65.57144832611084
35,18,0.06986973434686661,1.636799693107605,-1.1577300354838371,0.04268679584987593,65.57144832611084
35,19,0.08582077920436859,0.11717777699232101,-0.0020625535398721695,0.7323980826949829,65.57144832611084
35,20,0.0,0.0,0.0,0.0,65.57144832611084
35,21,0.0,0.024579523131251335,-0.0184346423484385,0.0,65.57144832611084
35,22,0.0,0.4247628152370453,-0.31857211142778397,0.0,65.57144832611084
35,23,0.012173714116215706,0.017561301589012146,-0.0009972620755434036,0.6932125192325956,65.57144832611084
35,24,0.00895277876406908,0.013823647983372211,-0.0014149572234600782,0.6476422702741199,65.57144832611084
35,25,0.0,0.004769548773765564,-0.003577161580324173,0.0,65.57144832611084
35,26,0.08255268633365631,0.01572471670806408,0.07075914880260825,5.249867953810011,65.57144832611084
35,27,0.3495403528213501,0.08014922589063644,0.28942843340337276,4.361119510922495,65.57144832611084
35,28,0.021323928609490395,0.012158175930380821,0.012205296661704779,1.7538756413659335,65.57144832611084
35,29,0.007520648650825024,0.003454970195889473,0.004929421003907919,2.1767622359220065,65.57144832611084
35,30,0.0,0.13277284801006317,-0.09957963600754738,0.0,65.57144832611084
35,31,0.4253078103065491,0.019659359008073807,0.4105632910504937,21.633859481901094,65.57144832611084
35,32,0.3952586352825165,0.14412090182304382,0.2871679589152336,2.7425490007347086,65.57144832611084
35,33,0.04903877526521683,0.02095378376543522,0.03332343744114041,2.3403303103551876,65.57144832611084
35,34,0.0774274691939354,0.0024791595060378313,0.07556809956440702,31.231338271754804,65.57144832611084
35,35,0.014908467419445515,0.0003014497924596071,0.01468238007510081,49.45588865179694,65.57144832611084
35,36,0.18470430374145508,0.019620075821876526,0.16998924687504768,9.414046378255808,65.57144832611084
35,37,1.4546295404434204,0.07628978788852692,1.3974121995270252,19.067159323471028,65.57144832611084
35,38,1.8202584981918335,0.0015702461823821068,1.819080813555047,1159.2185464009424,65.57144832611084
35,39,0.022828971967101097,0.003000741358846426,0.020578415947966278,7.607777288832868,65.57144832611084
35,40,0.009414357133209705,0.11312355101108551,-0.07542830612510443,0.08322190250378478,65.57144832611084
35,41,0.07339899241924286,0.0352039709687233,0.046996014192700386,2.0849634401292025,65.57144832611084
35,42,0.0,0.003242880804464221,-0.0024321606033481658,0.0,65.57144832611084
35,43,0.01502982061356306,0.0025680966209620237,0.013103748147841543,5.852513680766532,65.57144832611084
35,44,0.004810101818293333,0.002963445847854018,0.0025875174324028194,1.6231448332870424,65.57144832611084
35,45,0.05132615566253662,0.0016642159316688776,0.05007799371378496,30.841043313547452,65.57144832611084
35,46,0.0188138484954834,0.08189936727285385,-0.04261067695915699,0.2297190945636239,65.57144832611084
35,47,0.020007560029625893,0.00700787641108036,0.014751652721315622,2.8550103987473774,65.57144832611084
35,48,0.01702835224568844,0.017837515100836754,0.003650215920060873,0.9546370191403514,65.57144832611084
35,49,0.018694303929805756,0.010068426840007305,0.011142983799800277,1.8567254075548774,65.57144832611084
35,50,0.14716869592666626,0.002203592797741294,0.1455160013283603,66.78579454912447,65.57144832611084
35,51,0.0038846300449222326,0.0071779764257371426,-0.0014988522743806243,0.5411873505814855,65.57144832611084
35,52,0.0021392765920609236,0.2075193077325821,-0.15350020420737565,0.010308807481216998,65.57144832611084
35,53,0.04281565174460411,0.11649107187986374,-0.044552652165293694,0.3675444912069483,65.57144832611084
35,54,0.44127774238586426,0.20628349483013153,0.2865651212632656,2.13918104668095,65.57144832611084
35,55,0.0,0.0,0.0,0.0,65.57144832611084
35,56,0.17596609890460968,0.07216475903987885,0.12184252962470055,2.438393770634375,65.57144832611084
35,57,0.04686834290623665,0.16002681851387024,-0.07315177097916603,0.29287805219899116,65.57144832611084
35,58,0.008707769215106964,0.08447611331939697,-0.054649315774440765,0.10307966208247,65.57144832611084
35,59,0.04451651871204376,0.021608036011457443,0.02831049170345068,2.060183474628566,65.57144832611084
35,60,0.006435120012611151,0.027516845613718033,-0.014202514197677374,0.2338611083084747,65.57144832611084
35,61,0.08097446709871292,0.03539350628852844,0.05442933738231659,2.2878340008565385,65.57144832611084
35,62,0.0,0.025602618232369423,-0.019201963674277067,0.0,65.57144832611084
35,63,0.011552604846656322,0.0,0.011552604846656322,11552604846.656322,65.57144832611084
35,64,0.012503753416240215,0.10378368943929672,-0.06533401366323233,0.12047898358280282,65.57144832611084
35,65,3.227393244742416e-05,0.028995931148529053,-0.021714674428949365,0.0011130503890697903,65.57144832611084
35,66,0.017466897144913673,0.031928759068250656,-0.006479672156274319,0.5470584405435087,65.57144832611084
35,67,0.06902094930410385,0.8217332363128662,-0.5472789779305458,0.08399435030000522,65.57144832611084
35,68,0.00896937120705843,0.030784668400883675,-0.014119130093604326,0.29135838300956346,65.57144832611084
35,69,0.15449735522270203,0.01855851337313652,0.14057847019284964,8.324877758690109,65.57144832611084
35,70,0.1396871954202652,0.0014036628417670727,0.1386344482889399,99.5162022989058,65.57144832611084
35,71,0.4379446804523468,0.0018854053923860192,0.4365306264080573,232.28144036749433,65.57144832611084
35,72,0.0,0.0,0.0,0.0,65.57144832611084
35,73,0.014099502004683018,0.042866356670856476,-0.01805026549845934,0.32891766642579917,65.57144832611084
35,74,0.04510870203375816,0.015575842931866646,0.03342681983485818,2.89606811189487,65.57144832611084
35,75,0.0,0.0,0.0,0.0,65.57144832611084
35,76,0.02198830433189869,0.4461376368999481,-0.3126149233430624,0.049285921010023534,65.57144832611084
35,77,0.11567818373441696,0.02300984039902687,0.09842080343514681,5.027335336679775,65.57144832611084
35,78,0.15278227627277374,0.028546521440148354,0.13137238519266248,5.352045312692491,65.57144832611084
35,79,0.021399816498160362,0.013112586922943592,0.011565376305952668,1.6320056921097914,65.57144832611084
35,80,0.010853638872504234,0.0077149271965026855,0.00506744347512722,1.4068362013860023,65.57144832611084
35,81,0.017343293875455856,0.019346732646226883,0.002833244390785694,0.896445626850682,65.57144832611084
35,82,0.01934003084897995,0.007879645563662052,0.01343029667623341,2.4544290336756305,65.57144832611084
35,83,0.0012645988026633859,0.0,0.0012645988026633859,1264598802.6633859,65.57144832611084
35,84,0.05524720251560211,0.02587377093732357,0.035841874312609434,2.1352590098790496,65.57144832611084
35,85,0.010971786454319954,0.0053799389861524105,0.006936832214705646,2.0393886400052454,65.57144832611084
35,86,0.0,0.010206162929534912,-0.007654622197151184,0.0,65.57144832611084
35,87,0.010286758653819561,0.23865199089050293,-0.16870223451405764,0.04310359454950524,65.57144832611084
35,88,0.8351118564605713,0.016626520082354546,0.8226419663988054,50.227699619274766,65.57144832611084
35,89,0.011945448815822601,0.003944809548556805,0.008986841654404998,3.028143352868495,65.57144832611084
35,90,0.05584460869431496,0.21391957998275757,-0.10459507629275322,0.2610542181251249,65.57144832611084
35,91,0.030222676694393158,0.00419402914121747,0.027077154838480055,7.206119859819047,65.57144832611084
35,92,0.0024580988101661205,1.6277586221694946,-1.2183608678169549,0.0015101126031133714,65.57144832611084
35,93,0.8240907788276672,0.05320863798260689,0.7841843003407121,15.4879134301758,65.57144832611084
35,94,0.06284301728010178,0.03707828372716904,0.035034304484725,1.69487395211766,65.57144832611084
35,95,0.2814764678478241,0.04385305941104889,0.24858667328953743,6.418627836271026,65.57144832611084
35,96,0.008878515101969242,0.021869061514735222,-0.007523281034082174,0.40598519033754493,65.57144832611084
35,97,0.008744535967707634,0.07151852548122406,-0.04489435814321041,0.12226952259916334,65.57144832611084
35,98,0.0,0.0,0.0,0.0,65.57144832611084
35,99,0.0,0.040140409022569656,-0.030105306766927242,0.0,65.57144832611084
35,100,0.5261855721473694,0.031787361949682236,0.5023450506851077,16.553294764244384,65.57144832611084
35,101,0.00800300668925047,0.19817516207695007,-0.14062836486846209,0.04038350015882703,65.57144832611084
35,102,0.04263395816087723,0.009574778378009796,0.03545287437736988,4.45273576820755,65.57144832611084
35,103,0.01580580696463585,0.02691303752362728,-0.004378971178084612,0.5872918265049959,65.57144832611084
35,104,0.057164955884218216,0.04077579081058502,0.02658311277627945,1.4019337147466624,65.57144832611084
35,105,0.005027639679610729,0.024296190589666367,-0.013194503262639046,0.20693119198456358,65.57144832611084
35,106,0.048306435346603394,0.0010960788931697607,0.04748437617672607,44.072042262244025,65.57144832611084
35,107,0.0,0.0,0.0,0.0,65.57144832611084
35,108,0.34132927656173706,0.34999603033065796,0.07883225381374359,0.9752375655183625,65.57144832611084
35,109,0.017307540401816368,0.02979273349046707,-0.0050370097160339355,0.5809316022235226,65.57144832611084
35,110,0.08291515707969666,0.02348572388291359,0.06530086416751146,3.5304492844050217,65.57144832611084
35,111,0.15247775614261627,0.029504800215363503,0.13034915598109365,5.167896580369027,65.57144832611084
35,112,0.0,0.17428450286388397,-0.13071337714791298,0.0,65.57144832611084
35,113,0.05356331542134285,0.028484506532549858,0.032199935521930456,1.8804368388216401,65.57144832611084
35,114,0.006353070959448814,0.3065573573112488,-0.22356494702398777,0.02072392264582903,65.57144832611084
35,115,0.0,0.009511963464319706,-0.0071339725982397795,0.0,65.57144832611084
35,116,0.09801929444074631,0.029669152572751045,0.07576743001118302,3.303744324921034,65.57144832611084
35,117,0.005589799955487251,0.0017722412012517452,0.004260619054548442,3.1540853177237134,65.57144832611084
35,118,0.004028460942208767,0.021267134696245193,-0.011921890079975128,0.18942189437162815,65.57144832611084
35,119,0.035590820014476776,0.023014947772026062,0.01832960918545723,1.5464219326271889,65.57144832611084
35,120,0.0,0.012713009491562843,-0.009534757118672132,0.0,65.57144832611084
35,121,0.08539652824401855,0.013732319697737694,0.07509728847071528,6.218652792642775,65.57144832611084
35,122,0.004027675837278366,0.0008685817010700703,0.0033762395614758134,4.637071938862287,65.57144832611084
35,123,0.027437804266810417,0.1697668731212616,-0.09988735057413578,0.16162048438655308,65.57144832611084
35,124,2.662532329559326,1.531419038772583,1.513968050479889,1.7386046941740911,65.57144832611084
35,125,0.0003710495657287538,0.018478047102689743,-0.013487485761288553,0.02008056174154149,65.57144832611084
35,126,1.1395237445831299,0.006659573409706354,1.1345290645258501,171.11062140274012,65.57144832611084
35,127,0.022901374846696854,0.008345089852809906,0.016642557457089424,2.7442933806448293,65.57144832611084
35,128,0.018566323444247246,0.013713632710278034,0.00828109891153872,1.353858881533146,65.57144832611084
35,129,0.00913461484014988,0.04332965612411499,-0.023362627252936363,0.21081669362372854,65.57144832611084
35,130,0.0,0.00015716573398094624,-0.00011787430048570968,0.0,65.57144832611084
35,131,0.14108175039291382,0.016315244138240814,0.1288453172892332,8.647235014619811,65.57144832611084
35,132,0.02318638190627098,0.20836018025875092,-0.1330837532877922,0.11128029298768038,65.57144832611084
35,133,0.0,0.40793144702911377,-0.3059485852718353,0.0,65.57144832611084
35,134,0.0040010144002735615,0.15161491930484772,-0.10971017507836223,0.026389318535351054,65.57144832611084
35,135,0.03371463716030121,0.02341778390109539,0.016151299234479666,1.4397022921235716,65.57144832611084
35,136,0.00879646185785532,0.013636001385748386,-0.0014305391814559698,0.6450910064004406,65.57144832611084
35,137,0.6986879706382751,0.03377814218401909,0.6733543640002608,20.68461808264131,65.57144832611084
35,138,0.0216619074344635,0.010061022825539112,0.014116140315309167,2.1530522102905287,65.57144832611084
35,139,0.0024806528817862272,0.0004504834651015699,0.00214279028296005,5.506645789363816,65.57144832611084
35,140,0.08239707350730896,0.01702299900352955,0.0696298242546618,4.840338267386635,65.57144832611084
35,141,0.020069215446710587,0.04176906868815422,-0.011257586069405079,0.48048031896679017,65.57144832611084
35,142,0.01145944558084011,0.08080796152353287,-0.04914652556180954,0.14181084839469787,65.57144832611084
35,143,0.05540785938501358,0.024944504722952843,0.03669948084279895,2.2212451198443097,65.57144832611084
35,144,2.4894254207611084,1.3636687994003296,1.4666738212108612,1.8255352192951853,65.57144832611084
35,145,0.008176280185580254,0.01839805208146572,-0.005622258875519037,0.4444101010765517,65.57144832611084
35,146,0.14430560171604156,0.02622516080737114,0.12463673111051321,5.502563083234893,65.57144832611084
35,147,0.013872680254280567,0.023592056706547737,-0.0038213622756302357,0.5880233515140001,65.57144832611084
35,148,0.20585903525352478,0.0033608870580792427,0.20333836995996535,61.25139929870849,65.57144832611084
35,149,0.036472100764513016,0.05697007104754448,-0.006255452521145344,0.6401975650238343,65.57144832611084
35,150,0.013908381573855877,0.0080272750928998,0.007887925254181027,1.7326404553427266,65.57144832611084
35,151,0.0,0.0,0.0,0.0,65.57144832611084
35,152,0.13570217788219452,0.01291606854647398,0.12601512647233903,10.50646157407813,65.57144832611084
35,153,0.002196765737608075,0.0,0.002196765737608075,2196765737.608075,65.57144832611084
35,154,0.007045980077236891,0.0029793186113238335,0.004811491118744016,2.364963602110722,65.57144832611084
35,155,0.017776552587747574,0.015216708183288574,0.006364021450281143,1.1682258982992175,65.57144832611084
35,156,0.0,0.04854535683989525,-0.036409017629921436,0.0,65.57144832611084
35,157,0.008924385532736778,0.006509374361485243,0.004042354761622846,1.3710051128983611,65.57144832611084
35,158,0.10966628789901733,0.06071389839053154,0.06413086410611868,1.8062797943199402,65.57144832611084
35,159,0.03821168467402458,0.040479324758052826,0.007852191105484962,0.9439802887393495,65.57144832611084
35,160,0.06112475320696831,0.3838464021682739,-0.22676004841923714,0.1592427410066297,65.57144832611084
35,161,0.0005261634942144156,8.881745452526957e-05,0.0004595504033204634,5.924100066846838,65.57144832611084
35,162,0.03657018393278122,0.0156154939904809,0.024858563439920545,2.3419165575378043,65.57144832611084
35,163,0.01100736390799284,0.015484590083360672,-0.0006060786545276642,0.7108592379923703,65.57144832611084
35,164,0.0,0.0,0.0,0.0,65.57144832611084
35,165,0.006223899777978659,0.2189895659685135,-0.15801827469840646,0.028420987778226454,65.57144832611084
35,166,0.03868978098034859,0.01090601459145546,0.030510270036756992,3.5475636541980533,65.57144832611084
35,167,0.0017654282273724675,0.0,0.0017654282273724675,1765428227.3724675,65.57144832611084
35,168,0.0007143885013647377,0.007941970601677895,-0.005242089449893683,0.08995103823777166,65.57144832611084
35,169,0.005133871454745531,0.020562196150422096,-0.010287775658071041,0.24967524951805642,65.57144832611084
35,170,0.004221081733703613,0.00788529496639967,-0.001692889491096139,0.5353105687428199,65.57144832611084
35,171,0.042865581810474396,0.0012114588171243668,0.04195698769763112,35.3834411613271,65.57144832611084
35,172,6.636507805524161e-07,0.003271683119237423,-0.002453098688647515,0.00020284690055932298,65.57144832611084
35,173,0.20775212347507477,0.017174458131194115,0.19487127987667918,12.096575151074854,65.57144832611084
35,174,0.0,0.04067671671509743,-0.03050753753632307,0.0,65.57144832611084
35,175,0.13279938697814941,0.10282247513532639,0.055682530626654625,1.2915404613833539,65.57144832611084
35,176,0.10460811853408813,0.10741900652647018,0.024043863639235497,0.9738324893866597,65.57144832611084
35,177,0.0,0.013192407786846161,-0.00989430584013462,0.0,65.57144832611084
35,178,0.0,0.0017956012161448598,-0.0013467009121086448,0.0,65.57144832611084
35,179,0.0027157317381352186,0.003604643512517214,1.2249103747308254e-05,0.7533981454619229,65.57144832611084
35,180,0.08706214278936386,0.021652042865753174,0.07082311064004898,4.020966673913631,65.57144832611084
35,181,0.0,0.2202301174402237,-0.16517258808016777,0.0,65.57144832611084
35,182,0.007434288505464792,0.029080234467983246,-0.014375887345522642,0.255647474692618,65.57144832611084
35,183,0.010579432360827923,0.03247060254216194,-0.013773519545793533,0.3258157081244515,65.57144832611084
35,184,0.1342337727546692,0.05689074844121933,0.09156571142375469,2.359500910609442,65.57144832611084
35,185,0.0,0.01678055338561535,-0.012585415039211512,0.0,65.57144832611084
35,186,0.0,0.002611364470794797,-0.0019585233530960977,0.0,65.57144832611084
35,187,0.004045763518661261,0.003448726376518607,0.0014592187362723053,1.1731181531346153,65.57144832611084
35,188,0.0012028171913698316,0.0006467780913226306,0.0007177336228778586,1.8597061428757136,65.57144832611084
35,189,0.0,0.000781488255597651,-0.0005861161916982383,0.0,65.57144832611084
35,190,0.6755751967430115,0.08123773336410522,0.6146468967199326,8.316027155838857,65.57144832611084
35,191,3.4944628168886993e-06,0.33905360102653503,-0.2542867063070844,1.0306520285578412e-05,65.57144832611084
35,192,0.0,0.003778061829507351,-0.002833546372130513,0.0,65.57144832611084
35,193,0.09244761615991592,0.07827668637037277,0.033740101382136345,1.1810364036273988,65.57144832611084
35,194,0.730509340763092,0.5541120767593384,0.31492528319358826,1.3183422116227366,65.57144832611084
35,195,0.0027709424030035734,0.013232671655714512,-0.0071535613387823105,0.20940158381376778,65.57144832611084
35,196,0.007447609677910805,0.002556687220931053,0.005530094262212515,2.912992099317359,65.57144832611084
35,197,0.03696562349796295,0.025117389857769012,0.018127581104636192,1.471714366254401,65.57144832611084
35,198,0.0,0.0019046696834266186,-0.001428502262569964,0.0,65.57144832611084
35,199,0.15756362676620483,0.14970140159130096,0.04528757557272911,1.0525193825193164,65.57144832611084
35,200,0.012828261591494083,0.0034267958253622055,0.01025816472247243,3.7435150039599008,65.57144832611084
35,201,0.04054673761129379,0.0646771490573883,-0.007961124181747437,0.6269097850106162,65.57144832611084
35,202,0.016592081636190414,0.00660569267347455,0.011637812131084502,2.51178528185316,65.57144832611084
35,203,0.018776612356305122,0.011317925527691841,0.010288168210536242,1.6590153653781265,65.57144832611084
35,204,0.015470881015062332,0.03200259432196617,-0.008531064726412296,0.48342583913454457,65.57144832611084
35,205,0.008498573675751686,0.004332823678851128,0.00524895591661334,1.9614399993409586,65.57144832611084
35,206,0.0,0.051068879663944244,-0.03830165974795818,0.0,65.57144832611084
35,207,0.004488144535571337,0.0026864109095185995,0.002473336353432387,1.6706843014961255,65.57144832611084
35,208,0.009056799113750458,0.003821420716121793,0.006190733576659113,2.370008377557505,65.57144832611084
35,209,0.02143637090921402,0.032998714596033096,-0.0033126650378108025,0.6496123006906869,65.57144832611084
35,210,0.0025726647581905127,0.02847239375114441,-0.018781630555167794,0.09035646179193316,65.57144832611084
35,211,1.594205617904663,0.0028624101541936398,1.5920588102890179,556.9452075245367,65.57144832611084
35,212,0.012641583569347858,0.0092701381072402,0.005688979988917708,1.3636888061150663,65.57144832611084
35,213,0.1971980631351471,0.0989689752459526,0.12297133170068264,1.9925240474915302,65.57144832611084
35,214,0.018118200823664665,0.08339760452508926,-0.04443000257015228,0.21725085422563606,65.57144832611084
35,215,0.366445392370224,0.001768984249792993,0.36511865418287925,207.15017231270167,65.57144832611084
35,216,0.04708680883049965,0.11853018403053284,-0.04181082919239998,0.39725584850161916,65.57144832611084
35,217,0.02207835391163826,0.18322782218456268,-0.11534251272678375,0.12049673269203932,65.57144832611084
35,218,0.3606017231941223,0.28587114810943604,0.1461983621120453,1.2614134919793194,65.57144832611084
35,219,0.0,0.0,0.0,0.0,65.57144832611084
35,220,0.0,0.00036864064168184996,-0.00027648048126138747,0.0,65.57144832611084
35,221,0.015167639590799809,0.012246712110936642,0.005982605507597327,1.2385070745654414,65.57144832611084
35,222,0.11610671132802963,0.21611380577087402,-0.045978643000125885,0.5372480064998247,65.57144832611084
35,223,0.0020101091358810663,0.004096673801541328,-0.00106239621527493,0.4906685845072937,65.57144832611084
35,224,0.06925138086080551,0.027235373854637146,0.04882485046982765,2.5426998442495012,65.57144832611084
35,225,0.02580864541232586,0.012357008643448353,0.016540888929739594,2.0885835848242236,65.57144832611084
35,226,0.018284490332007408,0.007908502593636513,0.012353113386780024,2.3120040884108466,65.57144832611084
35,227,0.0015376989031210542,0.015288155525922775,-0.009928417741321027,0.10058106096665048,65.57144832611084
35,228,0.10545695573091507,0.04392355680465698,0.07251428812742233,2.400920221409144,65.57144832611084
35,229,0.020610837265849113,0.007425358053296804,0.01504181872587651,2.7757364850469823,65.57144832611084
35,230,0.008661223575472832,0.031207067891955376,-0.0147440773434937,0.27754044709301257,65.57144832611084
35,231,0.7923808693885803,0.2786862254142761,0.5833662003278732,2.843272458866014,65.57144832611084
35,232,0.012806759215891361,0.008330421522259712,0.006558943074196577,1.5373482818526147,65.57144832611084
35,233,0.0028748721815645695,0.008629409596323967,-0.0035971850156784058,0.3331481892406735,65.57144832611084
35,234,0.16342782974243164,0.11667312681674957,0.07592298462986946,1.4007324068524856,65.57144832611084
35,235,0.013058489188551903,0.0062855505384504795,0.008344326284714043,2.077541037430518,65.57144832611084
35,236,0.07411936670541763,0.02490323968231678,0.05544193694368005,2.9762941548151987,65.57144832611084
35,237,0.023764897137880325,0.03798095881938934,-0.004720821976661682,0.6257055607854376,65.57144832611084
35,238,0.0,0.0,0.0,0.0,65.57144832611084
35,239,0.0011460866080597043,0.0006371414638124406,0.0006682305102003738,1.7987945713077786,65.57144832611084
35,240,0.6565768718719482,0.42426422238349915,0.3383787050843239,1.547565967692912,65.57144832611084
35,241,0.1399410218000412,0.23861056566238403,-0.039016902446746826,0.5864829221244994,65.57144832611084
35,242,0.10384208709001541,0.020007995888590813,0.0888360901735723,5.190029409394241,65.57144832611084
35,243,0.03697686642408371,0.026331022381782532,0.01722859963774681,1.4043080396400536,65.57144832611084
35,244,0.0,0.0031681798864156008,-0.0023761349148117006,0.0,65.57144832611084
35,245,0.13942012190818787,0.008249004371464252,0.13323336862958968,16.901448418863964,65.57144832611084
35,246,0.40938547253608704,0.1827264428138733,0.27234064042568207,2.2404281845011895,65.57144832611084
35,247,0.0009150175028480589,0.0018996233120560646,-0.0005096999811939895,0.4816836562065574,65.57144832611084
35,248,0.09548600763082504,0.11407532542943954,0.009929513558745384,0.8370434821950182,65.57144832611084
35,249,0.03993362560868263,0.011215586215257645,0.0315219359472394,3.560547334636554,65.57144832611084
35,250,0.012440700083971024,0.0014499598182737827,0.011353230220265687,8.580030921272005,65.57144832611084
35,251,0.24499626457691193,0.002055346965789795,0.24345475435256958,119.19946779573021,65.57144832611084
35,252,0.34021851420402527,0.6733582615852356,-0.16480018198490143,0.5052563154160605,65.57144832611084
35,253,0.10194264352321625,0.09567166864871979,0.030188892036676407,1.0655468328503417,65.57144832611084
35,254,0.23037266731262207,0.0661863163113594,0.18073293007910252,3.4806691193599946,65.57144832611084
35,255,0.22866502404212952,0.4991206228733063,-0.1456754431128502,0.45813579636382673,65.57144832611084
36,0,0.004186771344393492,0.04785943776369095,-0.03170780697837472,0.0874805793786894,65.58873748779297
36,1,0.001198922866024077,0.030700571835041046,-0.021826506010256708,0.039052134677719494,65.58873748779297
36,2,0.6068702936172485,0.08691873401403427,0.5416812431067228,6.982042484791352,65.58873748779297
36,3,0.4372407793998718,0.000432798609836027,0.4369161804424948,1010.2638235258287,65.58873748779297
36,4,0.00862732995301485,0.011707508005201817,-0.0001533010508865118,0.7369057487250656,65.58873748779297
36,5,0.007056372705847025,0.025827093049883842,-0.012313947081565857,0.273215909043451,65.58873748779297
36,6,0.0027105158660560846,0.0005164118483662605,0.0023232069797813892,5.248748396037821,65.58873748779297
36,7,0.13069728016853333,0.01763986609876156,0.11746738059446216,7.409199107826561,65.58873748779297
36,8,0.008225098252296448,0.007191625889390707,0.0028313788352534175,1.143704967090494,65.58873748779297
36,9,0.0030345036648213863,0.0016520918579772115,0.0017954347713384777,1.8367644924417266,65.58873748779297
36,10,0.01008657831698656,0.019153134897351265,-0.004278272856026888,0.5266280622215443,65.58873748779297
36,11,0.013552557677030563,0.01097514946013689,0.0053211955819278955,1.2348403750691779,65.58873748779297
36,12,0.12648625671863556,0.3311481475830078,-0.1218748539686203,0.3819627488224065,65.58873748779297
36,13,0.2262340635061264,0.12986305356025696,0.12883677333593369,1.7420972116554367,65.58873748779297
36,14,0.09464586526155472,0.021238410845398903,0.07871705712750554,4.456353441227571,65.58873748779297
36,15,0.015614476054906845,0.004606030881404877,0.012159952893853188,3.3900068092366533,65.58873748779297
36,16,0.06319161504507065,0.024628939107060432,0.044719910714775324,2.5657465296338984,65.58873748779297
36,17,0.012217932380735874,0.003121980931609869,0.009876446682028472,3.9135192188768757,65.58873748779297
36,18,0.002916331635788083,0.01704133115708828,-0.009864666732028127,0.17113285392637376,65.58873748779297
36,19,0.006812994834035635,0.009402774274349213,-0.0002390858717262745,0.7245728371781641,65.58873748779297
36,20,0.013868175446987152,0.0015575618017464876,0.012700004095677286,8.903772179397988,65.58873748779297
36,21,0.012668618932366371,0.004564032424241304,0.009245594614185393,2.7757512988520383,65.58873748779297
36,22,0.0180475115776062,0.01779927685856819,0.0046980539336800575,1.0139463372583348,65.58873748779297
36,23,0.0019982196390628815,0.011235048063099384,-0.006428066408261657,0.17785590481343982,65.58873748779297
36,24,0.0018036733381450176,0.004582705441862345,-0.001633355743251741,0.39358264689568356,65.58873748779297
36,25,0.00994288269430399,0.004647076595574617,0.006457575247623026,2.1395994853265243,65.58873748779297
36,26,0.012847796082496643,0.009158789180219173,0.005978704197332263,1.4027832531446485,65.58873748779297
36,27,0.951710045337677,0.021476509049534798,0.9356026635505259,44.314001083615494,65.58873748779297
36,28,0.03958997502923012,0.02171272784471512,0.02330542914569378,1.8233533488074818,65.58873748779297
36,29,0.001098519773222506,0.0004918788326904178,0.0007296106487046927,2.2333137715657436,65.58873748779297
36,30,0.17239578068256378,0.3470436632633209,-0.08788696676492691,0.4967553046812469,65.58873748779297
36,31,0.0,0.057372450828552246,-0.043029338121414185,0.0,65.58873748779297
36,32,0.0018261178629472852,0.0076184761710464954,-0.0038877392653375864,0.23969594728767765,65.58873748779297
36,33,1.362919920211425e-05,0.008635352365672588,-0.006462885075052327,0.0015783026127242927,65.58873748779297
36,34,0.09737943857908249,0.01034629624336958,0.0896197163965553,9.412009503601451,65.58873748779297
36,35,0.001229643588885665,0.0005201910971663892,0.000839500266010873,2.363830510018357,65.58873748779297
36,36,0.3671068847179413,0.14025701582431793,0.26191412284970284,2.617386963195851,65.58873748779297
36,37,0.0006954300333745778,0.06907468289136887,-0.05111058213515207,0.010067799145139564,65.58873748779297
36,38,0.028735490515828133,0.01372308935970068,0.018443173496052623,2.0939520074917697,65.58873748779297
36,39,0.0009482824243605137,0.004437956027686596,-0.0023801845964044333,0.2136754889482661,65.58873748779297
36,40,0.011027642525732517,0.0062877279706299305,0.006311846547760069,1.7538358172441557,65.58873748779297
36,41,0.0016069648554548621,0.529899537563324,-0.3958176883170381,0.0030325839928852447,65.58873748779297
36,42,2.9140437618480064e-06,0.006034448742866516,-0.004522922513388039,0.00048290140251996906,65.58873748779297
36,43,0.215798020362854,0.0006529313395731151,0.21530832185817417,330.5064513727213,65.58873748779297
36,44,0.023578835651278496,0.06636514514684677,-0.026195023208856583,0.35528944596971945,65.58873748779297
36,45,0.2580733001232147,0.152660071849823,0.14357824623584747,1.690509489445281,65.58873748779297
36,46,0.011204663664102554,0.13608023524284363,-0.09085551276803017,0.08233865589683026,65.58873748779297
36,47,0.018241725862026215,0.12521356344223022,-0.07566844671964645,0.14568490313988,65.58873748779297
36,48,0.03094959817826748,0.027268484234809875,0.010498235002160072,1.134995180172994,65.58873748779297
36,49,0.0,0.025636615231633186,-0.01922746142372489,0.0,65.58873748779297
36,50,0.0,0.08134202659130096,-0.06100651994347572,0.0,65.58873748779297
36,51,0.008912340737879276,0.005100633949041367,0.005086865276098251,1.747300595410693,65.58873748779297
36,52,0.04090902954339981,0.014100725762546062,0.030333485221490264,2.9012002807089536,65.58873748779297
36,53,0.5926476716995239,0.00047250723582692444,0.5922932912726537,1254.2615763504293,65.58873748779297
36,54,0.4824877977371216,0.35408642888069153,0.21692297607660294,1.3626271960237482,65.58873748779297
36,55,0.15095053613185883,0.004640710540115833,0.14747000322677195,32.52746207600433,65.58873748779297
36,56,0.06160663440823555,0.014896084554493427,0.05043457099236548,4.135760251543151,65.58873748779297
36,57,0.008109616115689278,0.01668003387749195,-0.004400409292429686,0.4861870290411228,65.58873748779297
36,58,0.0072209034115076065,0.002991409506648779,0.004977346281521022,2.4138799428979456,65.58873748779297
36,59,0.06143542379140854,0.0037677004002034664,0.05860964849125594,16.305814488801985,65.58873748779297
36,60,0.019210640341043472,0.07233584672212601,-0.03504124470055103,0.26557566146387235,65.58873748779297
36,61,0.0028952450957149267,0.0012928583892062306,0.0019256013038102537,2.2394139355456333,65.58873748779297
36,62,1.7181549072265625,0.007113226689398289,1.7128199872095138,241.543673779692,65.58873748779297
36,63,0.07332094758749008,0.006767764687538147,0.06824512407183647,10.833850017224457,65.58873748779297
36,64,0.01745663583278656,0.007886026054620743,0.011542116291821003,2.213616301754975,65.58873748779297
36,65,0.0008174059330485761,0.016703421249985695,-0.011710160004440695,0.04893643767742131,65.58873748779297
36,66,0.0,0.0069654821418225765,-0.005224111606366932,0.0,65.58873748779297
36,67,1.4908839602867374e-06,0.06358018517494202,-0.047683647997246226,2.3448877290323936e-05,65.58873748779297
36,68,0.08388878405094147,0.03547019883990288,0.05728613492101431,2.3650497260309726,65.58873748779297
36,69,0.12321723997592926,0.04759291931986809,0.0875225504860282,2.588982599390623,65.58873748779297
36,70,0.6582292914390564,0.2688896059989929,0.4565620869398117,2.4479536462226577,65.58873748779297
36,71,0.05734878033399582,0.06599605083465576,0.007851742208003998,0.8689729098610234,65.58873748779297
36,72,0.01151970587670803,0.0013498709304258227,0.010507302678888664,8.53393136226747,65.58873748779297
36,73,0.03814047947525978,0.14800673723220825,-0.07286457344889641,0.2576942116841841,65.58873748779297
36,74,0.024245979264378548,0.03479554504156113,-0.0018506795167922974,0.6968127452730346,65.58873748779297
36,75,0.0023888619616627693,0.02892635576426983,-0.019305904861539602,0.0825842695515394,65.58873748779297
36,76,0.015535145998001099,0.006899899337440729,0.010360221494920552,2.251503280845225,65.58873748779297
36,77,0.006682464387267828,0.03771473839879036,-0.02160358941182494,0.1771844289739253,65.58873748779297
36,78,1.0736422538757324,0.031074510887265205,1.0503363707102835,34.550576121253656,65.58873748779297
36,79,0.005491264630109072,0.017444198951125145,-0.007591884583234787,0.31479030049930135,65.58873748779297
36,80,0.05185043439269066,0.07778774946928024,-0.006490377709269524,0.66656298383463,65.58873748779297
36,81,0.12527789175510406,0.021270647644996643,0.10932490602135658,5.88970744286118,65.58873748779297
36,82,0.0,0.0005197810824029148,-0.00038983581180218607,0.0,65.58873748779297
36,83,0.006131458096206188,0.596850574016571,-0.4415064724162221,0.010273020355720862,65.58873748779297
36,84,0.012126260437071323,0.019353147596120834,-0.0023886002600193024,0.6265782026524381,65.58873748779297
36,85,0.009693605825304985,0.0035873481538146734,0.00700309470994398,2.702164776589901,65.58873748779297
36,86,0.06607969105243683,0.058261994272470474,0.022383195348083973,1.1341817573609239,65.58873748779297
36,87,0.01835903897881508,0.01855960674583912,0.0044393339194357395,0.9891933180072257,65.58873748779297
36,88,0.0007612237241119146,0.025441240519285202,-0.018319706665351987,0.02992085718088173,65.58873748779297
36,89,0.04138868302106857,0.17145618796348572,-0.08720345795154572,0.2413950963941969,65.58873748779297
36,90,0.03865132853388786,0.001790356356650591,0.03730856126639992,21.5886230518981,65.58873748779297
36,91,0.022354893386363983,0.04425688460469246,-0.010837770067155361,0.5051167425257183,65.58873748779297
36,92,0.16372273862361908,0.09950722008943558,0.0890923235565424,1.6453352678812876,65.58873748779297
36,93,0.027119014412164688,0.05131164938211441,-0.01136472262442112,0.528515741321872,65.58873748779297
36,94,0.0,0.00024585070786997676,-0.00018438803090248257,0.0,65.58873748779297
36,95,0.00504004443064332,0.4058881402015686,-0.29937606072053313,0.012417323719111282,65.58873748779297
36,96,0.14966775476932526,0.06876914948225021,0.0980908926576376,2.176379319709038,65.58873748779297
36,97,0.009569717571139336,0.03995909541845322,-0.020399603992700577,0.23948784302260573,65.58873748779297
36,98,0.037737004458904266,0.1069369912147522,-0.04246573895215988,0.35289009004159705,65.58873748779297
36,99,0.020377809181809425,0.02458026632666588,0.0019426094368100166,0.8290312606936056,65.58873748779297
36,100,0.010438835248351097,0.010167607106268406,0.0028131299186497927,1.0266757102454127,65.58873748779297
36,101,0.004870313219726086,0.006245406344532967,0.0001862584613263607,0.7798232733422673,65.58873748779297
36,102,0.08973372727632523,0.2162446677684784,-0.07244977355003357,0.41496388420538244,65.58873748779297
36,103,0.006632741540670395,0.037366386502981186,-0.021392048336565495,0.1775055647932056,65.58873748779297
36,104,0.03340062126517296,0.07438373565673828,-0.022387180477380753,0.44903124278214746,65.58873748779297
36,105,0.011260139755904675,0.01237308606505394,0.0019803252071142197,0.9100510330076278,65.58873748779297
36,106,0.00012107733346056193,0.020794294774532318,-0.015474643747438677,0.005822622732223072,65.58873748779297
36,107,0.002393054775893688,1.518768072128296,-1.1366829993203282,0.0015756551772507649,65.58873748779297
36,108,0.06772424280643463,0.02042979933321476,0.05240189330652356,3.3149734707875282,65.58873748779297
36,109,0.013200147077441216,0.001894589513540268,0.011779204942286015,6.9672860406621115,65.58873748779297
36,110,0.010916766710579395,0.007657436188310385,0.005173689569346607,1.425642531088795,65.58873748779297
36,111,0.18380722403526306,0.003572604153305292,0.1811277709202841,51.44908758328563,65.58873748779297
36,112,0.005056650843471289,0.002494043204933405,0.003186118439771235,2.0274912765911037,65.58873748779297
36,113,0.0006555792060680687,0.00025588227435946465,0.00046366750029847026,2.5620344556773538,65.58873748779297
36,114,0.03317087143659592,0.046834059059619904,-0.001954672858119011,0.7082638597192917,65.58873748779297
36,115,0.01907276175916195,0.011365549638867378,0.010548599530011415,1.6781204924977569,65.58873748779297
36,116,0.06309929490089417,0.03936364874243736,0.03357655834406614,1.6029838928845226,65.58873748779297
36,117,0.0,0.001012669992633164,-0.000759502494474873,0.0,65.58873748779297
36,118,0.07368004322052002,0.00839670654386282,0.0673825133126229,8.774874151770629,65.58873748779297
36,119,0.0018031710060313344,0.002092245500534773,0.00023398688063025475,0.8618352887883439,65.58873748779297
36,120,0.5762525200843811,0.03026319295167923,0.5535551253706217,19.041365561969393,65.58873748779297
36,121,0.049982450902462006,0.002383728511631489,0.04819465451873839,20.96818099779512,65.58873748779297
36,122,0.04289955273270607,0.11065061390399933,-0.040088407695293427,0.3877027990964252,65.58873748779297
36,123,0.041000306606292725,0.02712951973080635,0.02065316680818796,1.5112802221199817,65.58873748779297
36,124,0.02083224430680275,0.015381604433059692,0.00929604098200798,1.3543609443416469,65.58873748779297
36,125,0.005064348224550486,0.022832442075014114,-0.0120599833317101,0.2218049303569973,65.58873748779297
36,126,0.005021615419536829,0.13101166486740112,-0.09323713323101401,0.03832952908873383,65.58873748779297
36,127,0.3227491080760956,0.05658711865544319,0.2803087690845132,5.703579113748467,65.58873748779297
36,128,0.04430091381072998,0.4175829589366913,-0.2688863053917885,0.10608889290748152,65.58873748779297
36,129,0.0,0.0,0.0,0.0,65.58873748779297
36,130,0.0018653318984434009,0.03072870522737503,-0.021181197022087872,0.0607032377244761,65.58873748779297
36,131,0.026345087215304375,0.01667095348238945,0.013841872103512287,1.5802987658476768,65.58873748779297
36,132,0.002623877953737974,0.06745021045207977,-0.047963779885321856,0.03890096022106878,65.58873748779297
36,133,0.011401614174246788,0.04518452286720276,-0.02248677797615528,0.25233450417311654,65.58873748779297
36,134,0.011902348138391972,0.010403924621641636,0.004099404672160745,1.144024833906368,65.58873748779297
36,135,0.00540946563705802,0.0018105899216607213,0.004051523195812479,2.9876812906970303,65.58873748779297
36,136,0.0,0.0,0.0,0.0,65.58873748779297
36,137,0.0011995835229754448,0.6680414080619812,-0.49983147252351046,0.001795672406675652,65.58873748779297
36,138,0.15204809606075287,0.11836903542280197,0.06327131949365139,1.2845259363343482,65.58873748779297
36,139,0.01285453699529171,0.01040727086365223,0.005049083847552538,1.2351496528212307,65.58873748779297
36,140,0.02662164904177189,0.013924076221883297,0.016178591875359416,1.9119149174162786,65.58873748779297
36,141,0.005685874260962009,0.00041188765317201614,0.005376958521082997,13.804429929787176,65.58873748779297
36,142,0.08040327578783035,0.023463943973183632,0.06280531780794263,3.426673532646286,65.58873748779297
36,143,0.0,0.0007801693282090127,-0.0005851269961567596,0.0,65.58873748779297
36,144,0.00639085378497839,0.11342653632164001,-0.07867904845625162,0.05634355056738844,65.58873748779297
36,145,0.0,0.0,0.0,0.0,65.58873748779297
36,146,0.04936747997999191,0.029254769906401634,0.027426402550190687,1.6875019060567502,65.58873748779297
36,147,0.005624016281217337,0.0019755405373871326,0.004142360878176987,2.8468240321754603,65.58873748779297
36,148,0.0,0.0,0.0,0.0,65.58873748779297
36,149,0.01117793284356594,0.0030530293006449938,0.008888160868082196,3.6612596012567558,65.58873748779297
36,150,0.011077881790697575,0.012932630255818367,0.0013784090988337994,0.8565838171130788,65.58873748779297
36,151,0.000976323033683002,0.019342292100191116,-0.013530396041460335,0.0504760774253264,65.58873748779297
36,152,0.005300785414874554,0.004203167278319597,0.0021484099561348557,1.2611407214163117,65.58873748779297
36,153,0.0020712800323963165,0.008282339200377464,-0.004140474367886782,0.2500839415091614,65.58873748779297
36,154,1.1041717529296875,0.13630524277687073,1.0019428208470345,8.100728412399341,65.58873748779297
36,155,0.010408643633127213,0.0044350470416247845,0.007082358351908624,2.346907154104748,65.58873748779297
36,156,0.001315116067416966,0.00048212637193500996,0.0009535212884657085,2.727741399855432,65.58873748779297
36,157,0.009010487236082554,0.23200255632400513,-0.1649914300069213,0.03883787911138377,65.58873748779297
36,158,0.0,0.0043479204177856445,-0.0032609403133392334,0.0,65.58873748779297
36,159,0.021667176857590675,0.008730900473892689,0.015119001502171159,2.481665770890257,65.58873748779297
36,160,0.0,0.0,0.0,0.0,65.58873748779297
36,161,0.0,0.0,0.0,0.0,65.58873748779297
36,162,0.07684842497110367,0.1460300087928772,-0.03267408162355423,0.5262509096988138,65.58873748779297
36,163,0.04007640853524208,0.07107546925544739,-0.01323019340634346,0.5638571078671657,65.58873748779297
36,164,0.0568690150976181,0.035451605916023254,0.030280310660600662,1.604130860269734,65.58873748779297
36,165,0.009057889692485332,0.011887745931744576,0.00014208024367690086,0.7619518236451827,65.58873748779297
36,166,0.010851147584617138,1.9626108407974243,-1.461106983013451,0.0055289349060166715,65.58873748779297
36,167,0.0,0.06122537702322006,-0.04591903276741505,0.0,65.58873748779297
36,168,0.1250804215669632,0.10801128298044205,0.04407195933163166,1.158031069665693,65.58873748779297
36,169,0.006845036055892706,0.005459342151880264,0.0027505294419825077,1.2538206736651174,65.58873748779297
36,170,0.010980688966810703,0.0,0.010980688966810703,10980688966.810703,65.58873748779297
36,171,0.09958186745643616,0.032548245042562485,0.0751706836745143,3.0595157226804717,65.58873748779297
36,172,0.037984367460012436,0.017304854467511177,0.025005726609379053,2.195012245213087,65.58873748779297
36,173,0.011134820058941841,0.00456664152443409,0.007709838915616274,2.4382951884718826,65.58873748779297
36,174,0.013185365125536919,0.006497703492641449,0.008312087506055832,2.029234657820245,65.58873748779297
36,175,0.0,0.0,0.0,0.0,65.58873748779297
36,176,0.0,0.03102334588766098,-0.023267509415745735,0.0,65.58873748779297
36,177,0.026487862691283226,0.029979266226291656,0.004003413021564484,0.883539393208029,65.58873748779297
36,178,0.0027181352488696575,0.10323944687843323,-0.07471144990995526,0.026328456137933345,65.58873748779297
36,179,0.0016693950165063143,0.0021347305737435818,6.834708619862795e-05,0.7820167267276048,65.58873748779297
36,180,0.021059978753328323,0.05353735387325287,-0.019093036651611328,0.3933698105960457,65.58873748779297
36,181,0.011375650763511658,0.17070835828781128,-0.1166556179523468,0.06663792492378066,65.58873748779297
36,182,0.015064655803143978,0.0306771881878376,-0.007943235337734222,0.49107029335320573,65.58873748779297
36,183,0.02619878016412258,0.05700027942657471,-0.01655142940580845,0.45962546898407913,65.58873748779297
36,184,0.029848745092749596,0.013929343782365322,0.019401737255975604,2.1428680027551272,65.58873748779297
36,185,0.05551630258560181,0.08273166418075562,-0.006532445549964905,0.6710405639083533,65.58873748779297
36,186,0.005974055267870426,0.0030222630593925714,0.0037073579733259976,1.9766827534511298,65.58873748779297
36,187,0.07137476652860641,0.1355375349521637,-0.030278384685516357,0.5266051692121348,65.58873748779297
36,188,0.0,0.00014631680096499622,-0.00010973760072374716,0.0,65.58873748779297
36,189,0.006921208463609219,0.028917845338582993,-0.014767175540328026,0.23934039283816938,65.58873748779297
36,190,0.10417796671390533,0.0998024195432663,0.029326152056455612,1.0438420951077074,65.58873748779297
36,191,0.0,0.003687761491164565,-0.002765821118373424,0.0,65.58873748779297
36,192,0.04604964330792427,0.1538619101047516,-0.06934678927063942,0.2992920293025978,65.58873748779297
36,193,0.004612389020621777,0.014140077866613865,-0.005992669379338622,0.32619261815989675,65.58873748779297
36,194,0.08031415194272995,0.0009123330237343907,0.07962990217492916,88.03161758406362,65.58873748779297
36,195,0.13347689807415009,1.0316946506500244,-0.6402940899133682,0.12937635955553603,65.58873748779297
36,196,0.009209251962602139,0.05636277049779892,-0.03306282591074705,0.16339246422952872,65.58873748779297
36,197,0.006823311094194651,0.17652752995491028,-0.12557233637198806,0.038652957393664596,65.58873748779297
36,198,0.10461680591106415,0.100611113011837,0.029158471152186394,1.0398136227527475,65.58873748779297
36,199,0.5186290740966797,0.0008072477066889405,0.518023638316663,642.4658368884768,65.58873748779297
36,200,0.005799328442662954,0.0043311649933457375,0.0025509546976536512,1.3389765687139323,65.58873748779297
36,201,0.0006749664316885173,1.2736200005747378e-05,0.0006654142816842068,52.99589974937816,65.58873748779297
36,202,0.0027775815688073635,0.029588287696242332,-0.019413634203374386,0.09387435992337731,65.58873748779297
36,203,0.396646112203598,0.05563462898135185,0.35492014046758413,7.129482472677587,65.58873748779297
36,204,0.0,0.30958136916160583,-0.23218602687120438,0.0,65.58873748779297
36,205,4.2464227590244263e-05,0.9340241551399231,-0.7004756521273521,4.546373598211427e-05,65.58873748779297
36,206,0.008329826407134533,0.010646281763911247,0.0003451150842010975,0.7824164897258826,65.58873748779297
36,207,0.09326588362455368,0.04562182351946831,0.05904951598495245,2.044326079660314,65.58873748779297
36,208,0.0037809466011822224,0.002933063544332981,0.0015811489429324865,1.2890776291561674,65.58873748779297
36,209,0.6122243404388428,0.05494925379753113,0.5710124000906944,11.141631562159784,65.58873748779297
36,210,0.0,0.0,0.0,0.0,65.58873748779297
36,211,0.016292531043291092,0.007601992227137089,0.010591036872938275,2.143192278333027,65.58873748779297
36,212,0.003881347831338644,0.022285541519522667,-0.012832808308303356,0.1741643938857993,65.58873748779297
36,213,0.017773272469639778,0.008531429804861546,0.011374700115993619,2.0832700818130854,65.58873748779297
36,214,0.1088913232088089,0.0,0.1088913232088089,108891323208.8089,65.58873748779297
36,215,0.019307110458612442,0.016285257413983345,0.007093167398124933,1.1855575854053633,65.58873748779297
36,216,0.050895337015390396,0.08305327594280243,-0.011394619941711426,0.6128034859194291,65.58873748779297
36,217,0.028252586722373962,0.047399893403053284,-0.007297333329916,0.5960474738105216,65.58873748779297
36,218,0.011156335473060608,0.008009410463273525,0.005149277625605464,1.3929034506127682,65.58873748779297
36,219,0.06144697219133377,0.007151306141167879,0.05608349258545786,8.59241248658199,65.58873748779297
36,220,0.006495805457234383,0.003288965905085206,0.004029081028420478,1.9750297335755047,65.58873748779297
36,221,0.13054576516151428,0.025588378310203552,0.11135448142886162,5.101760008931729,65.58873748779297
36,222,0.0029755437280982733,0.013566860929131508,-0.007199601968750358,0.21932440698125666,65.58873748779297
36,223,0.21367500722408295,0.037339575588703156,0.18567032553255558,5.722480875840658,65.58873748779297
36,224,0.0013376350980252028,0.0020788381807506084,-0.00022149353753775358,0.6434532085122509,65.58873748779297
36,225,0.03355582058429718,0.05269160121679306,-0.005962880328297615,0.6368343304960327,65.58873748779297
36,226,0.007882391102612019,0.16510234773159027,-0.11594436969608068,0.04774245315626168,65.58873748779297
36,227,0.010437052696943283,0.013868053443729877,3.601261414587498e-05,0.752596803764811,65.58873748779297
36,228,0.0018570638494566083,0.03700259327888489,-0.025894881109707057,0.05018739728347995,65.58873748779297
36,229,0.4191571772098541,0.3199824392795563,0.17917034775018692,1.3099380645771714,65.58873748779297
36,230,0.009821310639381409,0.00900370441377163,0.0030685323290526867,1.0908077594449237,65.58873748779297
36,231,0.011455911211669445,0.0043131583370268345,0.00822104245889932,2.656037713864742,65.58873748779297
36,232,0.004638741258531809,0.0035634690430015326,0.0019661394762806594,1.3017487176829292,65.58873748779297
36,233,0.3396482765674591,0.020276306197047234,0.3244410469196737,16.750993659790456,65.58873748779297
36,234,0.0006962460465729237,0.0,0.0006962460465729237,696246046.5729237,65.58873748779297
36,235,0.022113172337412834,0.02007748745381832,0.007055056747049093,1.1013914159914455,65.58873748779297
36,236,0.630535900592804,0.0024796423967927694,0.6286761687952094,254.28501349794212,65.58873748779297
36,237,0.01463877409696579,0.017851028591394424,0.0012505026534199715,0.8200521343180616,65.58873748779297
36,238,0.09134373813867569,0.037498269230127335,0.06322003621608019,2.4359454452594096,65.58873748779297
36,239,0.0017994308145716786,0.16393163800239563,-0.12114929768722504,0.010976714662818203,65.58873748779297
36,240,0.05828476324677467,0.08069220930337906,-0.0022343937307596207,0.722309672138468,65.58873748779297
36,241,2.6472179889678955,0.25179043412208557,2.4583751633763313,10.51357649144775,65.58873748779297
36,242,0.1662875860929489,0.014987314119935036,0.15504710050299764,11.095222582989038,65.58873748779297
36,243,0.015598645433783531,0.025836599990725517,-0.0037788045592606068,0.6037421889404637,65.58873748779297
36,244,0.007300305645912886,0.003434457117691636,0.004724462807644159,2.125606869913098,65.58873748779297
36,245,0.0213807113468647,0.024425096809864044,0.003061888739466667,0.8753583051247015,65.58873748779297
36,246,0.008206263184547424,0.014617666602134705,-0.002756986767053604,0.561393511518974,65.58873748779297
36,247,0.0011364391539245844,0.08051403611898422,-0.05924908793531358,0.014114795490205355,65.58873748779297
36,248,0.02881937474012375,0.026166968047618866,0.0091941487044096,1.1013646933254417,65.58873748779297
36,249,0.005466848146170378,0.004112821538001299,0.0023822319926694036,1.329220851021382,65.58873748779297
36,250,0.014595684595406055,0.02554280124604702,-0.0045614163391292095,0.5714206697314943,65.58873748779297
36,251,0.02370106801390648,0.03393678739666939,-0.001751522533595562,0.6983886758690114,65.58873748779297
36,252,3.836275815963745,1.6889477968215942,2.5695649683475494,2.271399875816709,65.58873748779297
36,253,0.001906234072521329,0.9942557215690613,-0.7437855571042746,0.0019172472746861674,65.58873748779297
36,254,0.2990509271621704,0.04107935354113579,0.26824141200631857,7.279835279185415,65.58873748779297
36,255,0.01161347609013319,0.027358505874872208,-0.008905403316020966,0.4244923367827354,65.58873748779297
37,0,0.898328423500061,0.8202923536300659,0.2831091582775116,1.095132021557393,65.60843753814697
37,1,0.02137238159775734,0.012012762948870659,0.012362809386104345,1.779139544078613,65.60843753814697
37,2,0.004271409008651972,0.18029814958572388,-0.13095220318064094,0.023690808909813094,65.60843753814697
37,3,0.20590458810329437,0.3170238733291626,-0.031863316893577576,0.6494923739981446,65.60843753814697
37,4,0.10133597999811172,0.1140260398387909,0.015816450119018555,0.8887091066259164,65.60843753814697
37,5,0.0027545345947146416,0.03140914440155029,-0.020802323706448078,0.08769849185993697,65.60843753814697
37,6,0.0112514179199934,0.032364193350076675,-0.013021727092564106,0.3476501885259901,65.60843753814697
37,7,0.007149110548198223,0.00028408822254277766,0.00693604438129114,25.16510701867133,65.60843753814697
37,8,0.043471213430166245,0.1753445267677307,-0.08803718164563179,0.24791884999924896,65.60843753814697
37,9,0.0962657555937767,0.10137543827295303,0.020234176889061928,0.9495964430124768,65.60843753814697
37,10,0.8724274039268494,0.027513571083545685,0.8517922256141901,31.708984676906955,65.60843753814697
37,11,0.009848848916590214,0.0015596651937812567,0.008679100021254271,6.314719947297097,65.60843753814697
37,12,0.027363579720258713,0.10628529638051987,-0.05235039256513119,0.25745404728453575,65.60843753814697
37,13,0.0,0.08675038069486618,-0.06506278552114964,0.0,65.60843753814697
37,14,0.01582537591457367,0.009209726005792618,0.008918081410229206,1.7183329778651057,65.60843753814697
37,15,0.0014086266746744514,0.0008696136646904051,0.0007564164261566475,1.619830426142294,65.60843753814697
37,16,0.1072438657283783,0.1379738450050354,0.0037634819746017456,0.7772767782450878,65.60843753814697
37,17,0.018232164904475212,0.02266089618206024,0.0012364927679300308,0.8045650426704815,65.60843753814697
37,18,0.012188372202217579,0.005748886149376631,0.007876707590185106,2.1201276009647665,65.60843753814697
37,19,0.08850625902414322,0.031215040013194084,0.06509497901424766,2.8353722751563897,65.60843753814697
37,20,0.0,0.0,0.0,0.0,65.60843753814697
37,21,0.005849996116012335,0.221893772482872,-0.16057033324614167,0.026363949066833463,65.60843753814697
37,22,0.0,0.0,0.0,0.0,65.60843753814697
37,23,0.007185662165284157,0.013216706924140453,-0.002726868027821183,0.5436802227653085,65.60843753814697
37,24,0.0615835003554821,0.018740689381957054,0.04752798331901431,3.286085111227908,65.60843753814697
37,25,0.0027119640726596117,0.0421295128762722,-0.02888517058454454,0.06437207286397673,65.60843753814697
37,26,0.2928626835346222,0.026805132627487183,0.2727588340640068,10.92561964134369,65.60843753814697
37,27,0.18902429938316345,0.0146184666082263,0.17806044942699373,12.93051483688875,65.60843753814697
37,28,0.014997029677033424,0.042452167719602585,-0.016842096112668514,0.3532688784171361,65.60843753814697
37,29,0.02286042645573616,0.030356157571077347,9.330827742815018e-05,0.7530737841723414,65.60843753814697
37,30,0.0,0.0,0.0,0.0,65.60843753814697
37,31,0.14465421438217163,0.001223527593538165,0.143736568687018,118.227177734208,65.60843753814697
37,32,0.01729019172489643,0.08822833746671677,-0.048881061375141144,0.1959709569640594,65.60843753814697
37,33,0.008267883211374283,0.026173807680606842,-0.011362472549080849,0.315883852741242,65.60843753814697
37,34,0.024648195132613182,0.3639504313468933,-0.2483146283775568,0.06772404429176906,65.60843753814697
37,35,0.010759781114757061,0.0,0.010759781114757061,10759781114.757061,65.60843753814697
37,36,1.3295310735702515,0.032393041998147964,1.3052362920716405,41.043723945569,65.60843753814697
37,37,0.0,0.0,0.0,0.0,65.60843753814697
37,38,0.05330078303813934,0.01230792235583067,0.04406984127126634,4.330607676327954,65.60843753814697
37,39,0.0,0.01833331398665905,-0.013749985489994287,0.0,65.60843753814697
37,40,0.011800970882177353,0.017562123015522957,-0.0013706213794648647,0.6719558262446207,65.60843753814697
37,41,0.016562918201088905,0.05415751039981842,-0.02405521459877491,0.3058286482984013,65.60843753814697
37,42,0.0,0.00040699352393858135,-0.000305245142953936,0.0,65.60843753814697
37,43,0.013627072796225548,0.006718244403600693,0.008588389493525028,2.0283681235076307,65.60843753814697
37,44,0.0008616844424977899,0.032504837960004807,-0.023516944027505815,0.026509421260045348,65.60843753814697
37,45,0.01093850377947092,0.009748225100338459,0.0036273349542170763,1.1221020919971403,65.60843753814697
37,46,0.06508080661296844,0.019173817709088326,0.0507004433311522,3.394253955941498,65.60843753814697
37,47,0.16265857219696045,0.027215391397476196,0.1422470286488533,5.97671258206001,65.60843753814697
37,48,0.0058214617893099785,0.030551647767424583,-0.01709227403625846,0.1905449366736453,65.60843753814697
37,49,0.038210429251194,0.02550235576927662,0.019083662424236536,1.4983097873541877,65.60843753814697
37,50,0.013797847554087639,0.006633005104959011,0.00882309372536838,2.0801804511942588,65.60843753814697
37,51,0.00274353614076972,0.015530805103480816,-0.008904567686840892,0.17665125035779236,65.60843753814697
37,52,0.0,0.0,0.0,0.0,65.60843753814697
37,53,0.005389541853219271,0.1331220418214798,-0.09445198951289058,0.040485721067937824,65.60843753814697
37,54,0.015805240720510483,0.05618515610694885,-0.026333626359701157,0.2813063416633352,65.60843753814697
37,55,0.06455151736736298,0.013647341169416904,0.0543160114903003,4.729970223598581,65.60843753814697
37,56,0.007068417966365814,0.0234140045940876,-0.010492085479199886,0.30188846754770055,65.60843753814697
37,57,0.0033705835230648518,0.0025772214867174625,0.0014376674080267549,1.3078361868114163,65.60843753814697
37,58,0.028174059465527534,0.025430047884583473,0.00910152355208993,1.1079043025121345,65.60843753814697
37,59,0.013917156495153904,0.023740269243717194,-0.0038880454376339912,0.5862257227032428,65.60843753814697
37,60,0.03652426600456238,0.05653667822480202,-0.005878242664039135,0.6460278026715329,65.60843753814697
37,61,0.002477035392075777,0.024898936972022057,-0.016197167336940765,0.09948358015282498,65.60843753814697
37,62,0.04224218428134918,0.1750069260597229,-0.089013010263443,0.24137435718796768,65.60843753814697
37,63,0.004364365246146917,0.0007480036001652479,0.0038033625460229814,5.83468480545824,65.60843753814697
37,64,0.022883713245391846,0.1495172083377838,-0.08925419300794601,0.15305069897734278,65.60843753814697
37,65,0.1359362006187439,0.02120368368923664,0.12003343785181642,6.410970971111803,65.60843753814697
37,66,0.08331804722547531,0.0033852478954941034,0.08077911130385473,24.61209629928809,65.60843753814697
37,67,0.02088605798780918,0.0031727366149425507,0.018506505526602268,6.582978833748666,65.60843753814697
37,68,0.0,0.0009921756573021412,-0.0007441317429766059,0.0,65.60843753814697
37,69,0.02563469298183918,0.22384662926197052,-0.1422502789646387,0.11451900377612592,65.60843753814697
37,70,0.04033152014017105,0.03173930570483208,0.016527040861546993,1.2707121105286232,65.60843753814697
37,71,0.00981940608471632,0.0032314418349415064,0.00739582470851019,3.038707358275987,65.60843753814697
37,72,0.01390391867607832,0.05921540409326553,-0.03050763439387083,0.23480239455842514,65.60843753814697
37,73,0.07646249234676361,0.05490541458129883,0.03528343141078949,1.3926220743156843,65.60843753814697
37,74,0.015082832425832748,0.007759622763842344,0.00926311535295099,1.9437584638999126,65.60843753814697
37,75,0.01901615783572197,0.007237439975142479,0.01358807785436511,2.6274701964239973,65.60843753814697
37,76,0.0016696061939001083,0.0011632997775450349,0.0007971313607413322,1.435232968056026,65.60843753814697
37,77,0.0,0.0,0.0,0.0,65.60843753814697
37,78,0.0005759798805229366,0.004615779500454664,-0.0028858547448180616,0.12478496434706561,65.60843753814697
37,79,0.5331261157989502,0.006431786809116602,0.5283022756921127,82.88927035958226,65.60843753814697
37,80,0.004508877173066139,0.021140381693840027,-0.011346409097313881,0.21328267569391485,65.60843753814697
37,81,0.05204097926616669,0.009206455200910568,0.04513613786548376,5.652661977366368,65.60843753814697
37,82,0.00015691471344325691,0.0022526520770043135,-0.0015325743443099782,0.06965776693854649,65.60843753814697
37,83,0.06491247564554214,0.20016205310821533,-0.08520906418561935,0.3242996094275854,65.60843753814697
37,84,0.00017960829427465796,0.0016531567089259624,-0.0010602592374198139,0.10864565542773125,65.60843753814697
37,85,0.0,1.6006964642656385e-06,-1.2005223481992289e-06,0.0,65.60843753814697
37,86,0.13498713076114655,0.08863092958927155,0.06851393356919289,1.5230251040485896,65.60843753814697
37,87,0.0005784726236015558,0.00681716576218605,-0.004534401698037982,0.08485529671662297,65.60843753814697
37,88,2.0563743114471436,0.013978931121528149,2.0458901131059974,147.10526101191917,65.60843753814697
37,89,0.013819154351949692,0.02853800728917122,-0.007584351114928722,0.4842368358602652,65.60843753814697
37,90,0.03055236116051674,0.018372833728790283,0.016772735863924026,1.6629095767071682,65.60843753814697
37,91,0.00887792557477951,0.004263424314558506,0.005680357338860631,2.0823462357197977,65.60843753814697
37,92,0.0010502496734261513,0.00034493315615691245,0.0007915498063084669,3.0447918723811918,65.60843753814697
37,93,0.009342122822999954,0.03987136855721474,-0.0205614035949111,0.2343065503096504,65.60843753814697
37,94,0.026284081861376762,0.007270852569490671,0.02083094243425876,3.614993098340734,65.60843753814697
37,95,0.00997476652264595,0.005028150975704193,0.0062036532908678055,1.9837842119021094,65.60843753814697
37,96,0.3436201810836792,0.0017763052601367235,0.34228795213857666,193.4465818469647,65.60843753814697
37,97,0.18151260912418365,0.11724718660116196,0.09357721917331219,1.548119101058555,65.60843753814697
37,98,0.0,0.021800268441438675,-0.016350201331079006,0.0,65.60843753814697
37,99,0.048592809587717056,0.031173618510365486,0.02521259570494294,1.558779888513769,65.60843753814697
37,100,0.0007817912264727056,0.30051684379577637,-0.22460584162035957,0.002601488876947575,65.60843753814697
37,101,0.00038024186505936086,0.07761359214782715,-0.057829952245811,0.00489916591323633,65.60843753814697
37,102,0.1727161854505539,0.00043093430576846004,0.17239298472122755,400.79469825862316,65.60843753814697
37,103,0.0,0.0,0.0,0.0,65.60843753814697
37,104,0.007406892254948616,0.010205342434346676,-0.0002471145708113909,0.7257857638656496,65.60843753814697
37,105,0.032868679612874985,0.02754695899784565,0.012208460364490747,1.1931872267371633,65.60843753814697
37,106,0.021734444424510002,0.05440463125705719,-0.01906902901828289,0.39949621791235257,65.60843753814697
37,107,0.017300164327025414,0.012224594131112099,0.00813171872869134,1.4151933503935794,65.60843753814697
37,108,0.0022413800470530987,0.18919818103313446,-0.13965725572779775,0.011846731479139944,65.60843753814697
37,109,0.02925187535583973,0.01726146973669529,0.016305773053318262,1.6946341070806972,65.60843753814697
37,110,0.0073393271304667,0.020895225927233696,-0.008332092314958572,0.35124421031264264,65.60843753814697
37,111,0.02009628713130951,0.024278653785586357,0.0018872967921197414,0.8277348203882889,65.60843753814697
37,112,0.012031280435621738,0.013266406953334808,0.002081475220620632,0.906898188562692,65.60843753814697
37,113,0.007905914448201656,0.922808051109314,-0.6842001238837838,0.008567236099305087,65.60843753814697
37,114,8.667016663821414e-05,3.795025122599327e-06,8.382389779626465e-05,22.837831371461327,65.60843753814697
37,115,0.018713586032390594,0.0934896394610405,-0.05140364356338978,0.20016748529647344,65.60843753814697
37,116,0.5471547842025757,0.6764280796051025,0.03983372449874878,0.8088883366893858,65.60843753814697
37,117,0.0,0.07118885219097137,-0.05339163914322853,0.0,65.60843753814697
37,118,0.02032553404569626,0.3025137782096863,-0.20655979961156845,0.06718878778321463,65.60843753814697
37,119,0.0028945168014615774,0.005205286201089621,-0.001009447849355638,0.5560725556837963,65.60843753814697
37,120,0.27492138743400574,0.09003515541553497,0.2073950208723545,3.0534893416035174,65.60843753814697
37,121,0.13101598620414734,0.04320492967963219,0.0986122889444232,3.032431418650796,65.60843753814697
37,122,0.009633003734052181,0.030813034623861313,-0.013476772233843803,0.3126275568547815,65.60843753814697
37,123,0.017553532496094704,0.03879637271165848,-0.011543747037649155,0.45245292971338374,65.60843753814697
37,124,0.0008050696924328804,0.0023117719683796167,-0.0009287592838518322,0.3482478821857709,65.60843753814697
37,125,0.26756006479263306,0.029313787817955017,0.2455747239291668,9.127447685884597,65.60843753814697
37,126,0.008905676193535328,0.025917600840330124,-0.010532524436712265,0.3436149915286016,65.60843753814697
37,127,0.020839061588048935,0.056078553199768066,-0.021219853311777115,0.3716048364058636,65.60843753814697
37,128,0.0,0.004282604902982712,-0.003211953677237034,0.0,65.60843753814697
37,129,0.0010440313490107656,0.013815249316394329,-0.009317405638284981,0.07557093795594841,65.60843753814697
37,130,0.0021489528007805347,0.0016252496279776096,0.0009300155797973275,1.3222293747775653,65.60843753814697
37,131,0.014542699791491032,0.03438880667090416,-0.011248905211687088,0.4228905041759561,65.60843753814697
37,132,0.3217398226261139,0.0003750156320165843,0.32145856090210145,857.9370946167613,65.60843753814697
37,133,0.03708327189087868,0.02241121418774128,0.020274861250072718,1.6546748238883104,65.60843753814697
37,134,0.4502832889556885,0.015111303888261318,0.4389498110394925,29.797778686436008,65.60843753814697
37,135,0.009335544891655445,0.006874345242977142,0.004179785959422588,1.3580267735075782,65.60843753814697
37,136,1.0668989419937134,0.06261684745550156,1.0199363064020872,17.038528532354853,65.60843753814697
37,137,0.023899748921394348,0.0,0.023899748921394348,23899748921.39435,65.60843753814697
37,138,0.04872632771730423,0.31323567032814026,-0.18620042502880096,0.15555804249913113,65.60843753814697
37,139,0.022717973217368126,0.01854974590241909,0.008805663790553808,1.2247053590734496,65.60843753814697
37,140,0.0032783469650894403,0.005211013834923506,-0.000629913411103189,0.6291188372000255,65.60843753814697
37,141,0.010453203693032265,0.13706012070178986,-0.09234188683331013,0.07626728795679143,65.60843753814697
37,142,0.0,0.8147951364517212,-0.6110963523387909,0.0,65.60843753814697
37,143,0.00511552719399333,0.0027189403772354126,0.0030763219110667706,1.8814414743854362,65.60843753814697
37,144,0.008532950654625893,0.0012909257784485817,0.007564756320789456,6.6099467455601815,65.60843753814697
37,145,0.01279281172901392,0.023763053119182587,-0.00502947811037302,0.538348825141019,65.60843753814697
37,146,0.016644084826111794,0.00914142094552517,0.009788019116967916,1.8207327857972158,65.60843753814697
37,147,0.0,0.0,0.0,0.0,65.60843753814697
37,148,0.0016593236941844225,0.0011273549171164632,0.0008138075063470751,1.471873380351904,65.60843753814697
37,149,0.20715641975402832,0.24154700338840485,0.025996167212724686,0.8576236378311244,65.60843753814697
37,150,0.0009415107779204845,0.0012466006446629763,6.560294423252344e-06,0.755262546346399,65.60843753814697
37,151,0.014932884834706783,0.009431980550289154,0.007858899421989918,1.5832183658039636,65.60843753814697
37,152,0.016651559621095657,0.008391957730054855,0.010357591323554516,1.9842282521843186,65.60843753814697
37,153,0.0027717859484255314,0.001674723345786333,0.0015157434390857816,1.6550709427586223,65.60843753814697
37,154,0.004750064108520746,0.015268821269273758,-0.006701551843434572,0.3110956651099487,65.60843753814697
37,155,1.2408745288848877,1.041260838508606,0.4599289000034332,1.1917038296196714,65.60843753814697
37,156,0.02401803992688656,0.03496633842587471,-0.002206713892519474,0.6868903353182265,65.60843753814697
37,157,0.00010590683814371005,0.0,0.00010590683814371005,105906838.14371005,65.60843753814697
37,158,0.03796840459108353,0.04471592605113983,0.004431460052728653,0.8491024997852323,65.60843753814697
37,159,0.007263743318617344,0.07302863150835037,-0.047507730312645435,0.09946432198564908,65.60843753814697
37,160,0.009143538773059845,0.0033827675506472588,0.006606463110074401,2.7029757834254218,65.60843753814697
37,161,0.005296069197356701,1.243248701095581,-0.9271404566243291,0.004259863044848078,65.60843753814697
37,162,0.030108047649264336,0.06930013746023178,-0.0218670554459095,0.4344587002602632,65.60843753814697
37,163,0.0,0.0,0.0,0.0,65.60843753814697
37,164,0.012824124656617641,0.004974598530679941,0.009093175758607686,2.5779215297373725,65.60843753814697
37,165,0.0,0.0,0.0,0.0,65.60843753814697
37,166,0.06465044617652893,0.03735378384590149,0.036635108292102814,1.7307603010582746,65.60843753814697
37,167,0.0523795485496521,0.004193109925836325,0.049234716105274856,12.491813824011082,65.60843753814697
37,168,0.38067370653152466,0.1457996815443039,0.27132394537329674,2.610936474598808,65.60843753814697
37,169,0.0018973262049257755,0.0019572549499571323,0.0004293849924579263,0.9693812264968084,65.60843753814697
37,170,0.05171128362417221,0.0019058285979554057,0.050281912175705656,27.13322890238683,65.60843753814697
37,171,0.003978038672357798,0.07493379712104797,-0.05222230916842818,0.05308737612587002,65.60843753814697
37,172,0.006871623452752829,0.02306639961898327,-0.010428176261484623,0.2979061997521143,65.60843753814697
37,173,0.008219405077397823,0.0015460420399904251,0.0070598735474050045,5.316417574345074,65.60843753814697
37,174,0.022452138364315033,0.2154269814491272,-0.13911809772253036,0.10422157063697639,65.60843753814697
37,175,0.005630831234157085,0.013074642978608608,-0.004175150999799371,0.4306680681789175,65.60843753814697
37,176,0.01143258810043335,0.005127779673784971,0.007586753345094621,2.2295396498120335,65.60843753814697
37,177,0.12320879101753235,0.01577775366604328,0.11137547576799989,7.8090198147086065,65.60843753814697
37,178,0.013464049436151981,0.07360135763883591,-0.04173696879297495,0.18293207989501425,65.60843753814697
37,179,0.009077180176973343,0.005570985842496157,0.004898940795101225,1.6293669436569274,65.60843753814697
37,180,0.8617520332336426,0.027451664209365845,0.8411632850766182,31.391613514937358,65.60843753814697
37,181,0.0,0.0,0.0,0.0,65.60843753814697
37,182,0.0708322823047638,0.1619826704263687,-0.05065472051501274,0.43728308786293424,65.60843753814697
37,183,0.019401947036385536,0.0180041640996933,0.0058988239616155624,1.0776366471597765,65.60843753814697
37,184,0.008099978789687157,0.006644698791205883,0.0031164546962827444,1.219013689407305,65.60843753814697
37,185,0.019671153277158737,0.00040500881732441485,0.019367396664165426,48.56969129349181,65.60843753814697
37,186,0.06298341602087021,0.0020871430169790983,0.061418058758135885,30.17685682213319,65.60843753814697
37,187,0.017175544053316116,0.014092341996729374,0.006606287555769086,1.218785639468835,65.60843753814697
37,188,0.06134246662259102,0.021287409588694572,0.04537690943107009,2.881631340070962,65.60843753814697
37,189,0.0,0.004968881141394377,-0.0037266608560457826,0.0,65.60843753814697
37,190,6.386098539223894e-05,0.08039622008800507,-0.06023330408061156,0.0007943282074896022,65.60843753814697
37,191,0.0029836285393685102,0.0025601712986826897,0.001063500065356493,1.165401916558593,65.60843753814697
37,192,0.08214152604341507,0.0008664850611239672,0.0814916622475721,94.79854833511621,65.60843753814697
37,193,0.0019456231966614723,0.003437224542722106,-0.0006322952103801072,0.5660448341133377,65.60843753814697
37,194,0.0007666333112865686,0.005230234004557133,-0.003156042192131281,0.1465772488328475,65.60843753814697
37,195,0.00273909536190331,0.000637476856354624,0.002260987719637342,4.296776157914027,65.60843753814697
37,196,0.02233380824327469,0.059993643313646317,-0.02266142424196005,0.3722695773974159,65.60843753814697
37,197,0.050399500876665115,0.05425698682665825,0.009706760756671429,0.928903424673286,65.60843753814697
37,198,0.012258250266313553,0.40369459986686707,-0.29051269963383675,0.030365157894918067,65.60843753814697
37,199,0.0023581788409501314,0.00039262842619791627,0.002063707521301694,6.006133732546624,65.60843753814697
37,200,0.010822848416864872,0.01911470666527748,-0.003513181582093239,0.5662053101740108,65.60843753814697
37,201,0.03326897695660591,0.018360283225774765,0.019498764537274837,1.8120078293830364,65.60843753814697
37,202,0.25435763597488403,0.3890134394168854,-0.03740244358778,0.6538530811570455,65.60843753814697
37,203,0.00750115467235446,0.006816227454692125,0.0023889840813353658,1.100484794721802,65.60843753814697
37,204,0.0041707903146743774,0.006590021308511496,-0.0007717256667092443,0.6328948145667755,65.60843753814697
37,205,0.0214541032910347,0.03127842769026756,-0.0020047174766659737,0.6859073449214438,65.60843753814697
37,206,0.0,0.0900137722492218,-0.06751032918691635,0.0,65.60843753814697
37,207,0.03607868030667305,0.017862368375062943,0.022681904025375843,2.0198150405979467,65.60843753814697
37,208,0.03127409145236015,0.039023347198963165,0.0020065810531377792,0.8014200138216149,65.60843753814697
37,209,0.055464062839746475,0.0044083665125072,0.052157787955366075,12.581545266212558,65.60843753814697
37,210,0.018869969993829727,0.002442271914333105,0.0170382660580799,7.726400109406337,65.60843753814697
37,211,0.16712164878845215,0.012336070649325848,0.15786959580145776,13.547397183886732,65.60843753814697
37,212,0.0,0.0,0.0,0.0,65.60843753814697
37,213,0.057573046535253525,0.002948549808934331,0.05536163417855278,19.525885688373624,65.60843753814697
37,214,0.015054917894303799,0.12169885635375977,-0.07621922437101603,0.12370632186072293,65.60843753814697
37,215,0.0343170128762722,0.007309962995350361,0.02883454062975943,4.694553569341681,65.60843753814697
37,216,0.005488594528287649,0.02848024293780327,-0.015871587675064802,0.19271586060839546,65.60843753814697
37,217,0.01109230425208807,0.03178880736231804,-0.01274930126965046,0.34893741452180993,65.60843753814697
37,218,0.0036143958568573,0.00243943277746439,0.0017848212737590075,1.4816542143590212,65.60843753814697
37,219,0.00017672112153377384,0.008097547106444836,-0.005896439208299853,0.021824031300947604,65.60843753814697
37,220,0.10884806513786316,0.11800818890333176,0.020341923460364342,0.9223772193140373,65.60843753814697
37,221,0.01219204068183899,0.00033198980963788927,0.011943048324610572,36.72414119702365,65.60843753814697
37,222,0.036847468465566635,0.060606688261032104,-0.008607547730207443,0.6079769332760299,65.60843753814697
37,223,0.01430984865874052,0.006358332931995392,0.009541098959743977,2.250566116864093,65.60843753814697
37,224,0.05056581646203995,0.0007650746265426278,0.04999201049213298,66.0926589925668,65.60843753814697
37,225,0.044962409883737564,0.2664184272289276,-0.15485141053795815,0.16876614110830093,65.60843753814697
37,226,0.07416432350873947,0.11927212029695511,-0.01528976671397686,0.6218077059707556,65.60843753814697
37,227,0.3792501389980316,0.25258445739746094,0.1898117959499359,1.5014785268428101,65.60843753814697
37,228,0.013166955672204494,0.03401073440909386,-0.012341095134615898,0.3871411747079695,65.60843753814697
37,229,1.0093042850494385,0.03647495061159134,0.981948072090745,27.671162485440668,65.60843753814697
37,230,0.002012343145906925,0.06244263797998428,-0.04481963533908129,0.03222706808959202,65.60843753814697
37,231,0.005066211335361004,0.006185146048665047,0.00042735179886221886,0.819093242856466,65.60843753814697
37,232,0.0,0.0002620604063849896,-0.00019654530478874221,0.0,65.60843753814697
37,233,0.8340322375297546,0.0037217927165329456,0.8312408929923549,224.0942204010242,65.60843753814697
37,234,0.0046359882690012455,0.005445605609565973,0.0005517840618267655,0.8513264824037481,65.60843753814697
37,235,0.029657017439603806,0.036820948123931885,0.002041306346654892,0.8054387230600045,65.60843753814697
37,236,0.20663779973983765,0.023717423900961876,0.18884973181411624,8.712489205994451,65.60843753814697
37,237,0.013499286025762558,0.02136819250881672,-0.0025268583558499813,0.6317467431819925,65.60843753814697
37,238,0.009698866866528988,0.00020394293824210763,0.009545909662847407,47.55676711619387,65.60843753814697
37,239,0.015292634256184101,0.01266753114759922,0.005791985895484686,1.2072308389685835,65.60843753814697
37,240,0.008892783895134926,0.2641894519329071,-0.1892493050545454,0.03366063190652917,65.60843753814697
37,241,0.030968844890594482,0.13546255230903625,-0.07062806934118271,0.228615542542823,65.60843753814697
37,242,0.012133488431572914,0.05209409072995186,-0.02693707961589098,0.23291487117489443,65.60843753814697
37,243,0.06355313211679459,0.02914980985224247,0.041690774727612734,2.180224585915276,65.60843753814697
37,244,0.05703580752015114,0.2489236444234848,-0.12965692579746246,0.22912973033163955,65.60843753814697
37,245,0.30379194021224976,0.2405051290988922,0.1234130933880806,1.2631412117870957,65.60843753814697
37,246,0.01425864640623331,0.004433843307197094,0.01093326392583549,3.2158661042154,65.60843753814697
37,247,0.010989081114530563,0.005241676699370146,0.007057823590002954,2.096482050057486,65.60843753814697
37,248,0.007111016195267439,0.024231545627117157,-0.011062643025070429,0.2934611066252475,65.60843753814697
37,249,0.005194047000259161,0.006381500978022814,0.00040792126674205065,0.8139224639051164,65.60843753814697
37,250,0.007020199205726385,0.0039040858391672373,0.004092134826350957,1.7981672261144914,65.60843753814697
37,251,0.00023912324104458094,0.01681577041745186,-0.012372704572044313,0.01422017755322065,65.60843753814697
37,252,0.0,0.001156466081738472,-0.000867349561303854,0.0,65.60843753814697
37,253,0.007348336279392242,0.1606837958097458,-0.1131645105779171,0.0457316572733143,65.60843753814697
37,254,0.0,0.012850675731897354,-0.009638006798923016,0.0,65.60843753814697
37,255,0.030906809493899345,0.014307948760688305,0.020175847923383117,2.1601146333887495,65.60843753814697
38,0,0.08112195134162903,0.014041784219443798,0.07059061317704618,5.777182590765173,65.62813758850098
38,1,0.0005447111907415092,0.06263213604688644,-0.046429390844423324,0.008696992073287124,65.62813758850098
38,2,0.0027880521956831217,0.0014285026118159294,0.0017166752368211746,1.951730553847001,65.62813758850098
38,3,0.00031960976775735617,0.00023531325859948993,0.00014312482380773872,1.358231016396362,65.62813758850098
38,4,0.01197858527302742,0.07628387957811356,-0.04523432441055775,0.15702642994978383,65.62813758850098
38,5,0.013243824243545532,0.15208196640014648,-0.10081765055656433,0.08708346266783734,65.62813758850098
38,6,0.01073378510773182,0.056263238191604614,-0.03146364353597164,0.1907779476002982,65.62813758850098
38,7,0.01791142299771309,0.04621855169534683,-0.016752490773797035,0.38753752206235464,65.62813758850098
38,8,0.0026481044478714466,0.001839713309891522,0.0012683194654528052,1.4394114736214958,65.62813758850098
38,9,0.015087009407579899,0.024851040914654732,-0.00355127127841115,0.6070976849133087,65.62813758850098
38,10,0.005142676178365946,0.0007671619532629848,0.004567304713418707,6.703507844450567,65.62813758850098
38,11,0.20756760239601135,0.021254073828458786,0.19162704702466726,9.766014932549846,65.62813758850098
38,12,0.0003934957494493574,0.012705294415354729,-0.00913547506206669,0.030971005988089106,65.62813758850098
38,13,0.0009980873437598348,0.0008685658685863018,0.0003466629423201084,1.1491210726887346,65.62813758850098
38,14,0.07953563332557678,0.021521292626857758,0.06339466385543346,3.6956717563806394,65.62813758850098
38,15,0.0017311401898041368,0.001173051306977868,0.0008513517095707357,1.4757582878350946,65.62813758850098
38,16,0.00019733970111701638,0.0,0.00019733970111701638,197339701.11701638,65.62813758850098
38,17,0.003212827257812023,0.008711704984307289,-0.0033209514804184437,0.3687943133095773,65.62813758850098
38,18,0.0973825752735138,0.4381791055202484,-0.23125175386667252,0.2222437675517859,65.62813758850098
38,19,0.028828028589487076,0.025199271738529205,0.009928574785590172,1.144002449255927,65.62813758850098
38,20,0.0037563014775514603,0.008962826803326607,-0.002965818624943495,0.4190978537862841,65.62813758850098
38,21,0.2021949589252472,0.001707666669972241,0.200914208922768,118.40423096746964,65.62813758850098
38,22,0.010459366254508495,0.057411327958106995,-0.03259912971407175,0.18218297026605107,65.62813758850098
38,23,0.10961274802684784,0.04434109479188919,0.07635692693293095,2.472035220123298,65.62813758850098
38,24,0.004300971981137991,0.0045058513060212135,0.0009215835016220808,0.954530384621443,65.62813758850098
38,25,0.01788025163114071,0.042288072407245636,-0.013835802674293518,0.42282020940860593,65.62813758850098
38,26,0.0009238127968274057,0.0006894124671816826,0.00040675344644114375,1.3400001297683972,65.62813758850098
38,27,0.028082070872187614,0.02176768332719803,0.011756308376789093,1.2900808252667788,65.62813758850098
38,28,0.009969426319003105,0.005373621359467506,0.005939210299402475,1.855252845380189,65.62813758850098
38,29,0.035470884293317795,0.0832228735089302,-0.02694627083837986,0.42621556787612463,65.62813758850098
38,30,0.0037005392368882895,0.00015311030438169837,0.0035857065086020157,24.169106237904636,65.62813758850098
38,31,0.010765280574560165,0.00809177290648222,0.004696450894698501,1.3303982572973387,65.62813758850098
38,32,0.0,0.5565701723098755,-0.4174276292324066,0.0,65.62813758850098
38,33,0.009565602988004684,0.023269157856702805,-0.007886265404522419,0.4110850528627179,65.62813758850098
38,34,0.0007891336572356522,0.0007252786308526993,0.00024517468409612775,1.0880420607730266,65.62813758850098
38,35,0.009079257026314735,0.007237495854496956,0.0036511351354420185,1.2544749188932443,65.62813758850098
38,36,0.0,0.0023232032544910908,-0.001742402440868318,0.0,65.62813758850098
38,37,0.011900263838469982,0.1383526772260666,-0.09186424408107996,0.08601397585490218,65.62813758850098
38,38,0.050989799201488495,0.13675200939178467,-0.051574207842350006,0.37286325391412367,65.62813758850098
38,39,0.009522923268377781,0.0014618004206568003,0.00842657295288518,6.514516706449248,65.62813758850098
38,40,0.0006537311128340662,0.0004591682518366724,0.00030935492395656183,1.4237289028486042,65.62813758850098
38,41,0.0011247799266129732,0.04393363371491432,-0.03182544535957277,0.02560179596994132,65.62813758850098
38,42,0.0024589658714830875,0.0005572880036197603,0.0020409998687682673,4.412378969399941,65.62813758850098
38,43,0.0,0.19722887873649597,-0.14792165905237198,0.0,65.62813758850098
38,44,0.0,0.002677425742149353,-0.0020080693066120148,0.0,65.62813758850098
38,45,0.0027243834920227528,0.01281018927693367,-0.0068832584656775,0.21267316453439677,65.62813758850098
38,46,0.11800450086593628,0.0004163665871601552,0.11769222592556616,283.4149142162817,65.62813758850098
38,47,0.6803849935531616,0.0014793378068134189,0.6792754901980516,459.92537333905216,65.62813758850098
38,48,0.00014003922115080059,0.0001453706790925935,3.101121183135547e-05,0.9633250739530348,65.62813758850098
38,49,0.005669741425663233,0.014662422239780426,-0.005327075254172087,0.3866851828815873,65.62813758850098
38,50,0.0,0.0,0.0,0.0,65.62813758850098
38,51,1.217120885848999,0.00028543465305119753,1.2169068098592106,4264.096417776546,65.62813758850098
38,52,0.0024711519945412874,0.08362305909395218,-0.06024614232592285,0.029551083412714518,65.62813758850098
38,53,0.004407824017107487,0.04195303097367287,-0.027056949213147163,0.10506568690516066,65.62813758850098
38,54,0.376177042722702,0.0002176622219849378,0.3760137960562133,1728.2605937031776,65.62813758850098
38,55,1.101015868698596e-06,0.009869773872196674,-0.007401229388278807,0.000111554315513613,65.62813758850098
38,56,0.015237332321703434,0.025630222633481026,-0.003985334653407335,0.5945064363664264,65.62813758850098
38,57,0.005937674548476934,0.013967106118798256,-0.0045376550406217575,0.4251184531390028,65.62813758850098
38,58,0.0,0.0008313083089888096,-0.0006234812317416072,0.0,65.62813758850098
38,59,0.0,0.00018504387116990983,-0.00013878290337743238,0.0,65.62813758850098
38,60,0.8063821196556091,0.6522053480148315,0.3172281086444855,1.2363929889701475,65.62813758850098
38,61,0.007530194241553545,0.015191282145678997,-0.0038632673677057028,0.4956918164540666,65.62813758850098
38,62,0.013259685598313808,0.028990281745791435,-0.008483025711029768,0.45738381275930007,65.62813758850098
38,63,0.001613729284144938,0.0015907172346487641,0.0004206913581583649,1.0144664607765996,65.62813758850098
38,64,0.007307617459446192,0.0598822720348835,-0.03760408656671643,0.1220330694043676,65.62813758850098
38,65,0.0038045814726501703,0.0029687995556741953,0.0015779818058945239,1.2815218407376285,65.62813758850098
38,66,0.00026349685504101217,0.001448039896786213,-0.0008225330675486475,0.18196795229458143,65.62813758850098
38,67,0.0,7.157483923947439e-05,-5.368112942960579e-05,0.0,65.62813758850098
38,68,0.031168626621365547,0.046775370836257935,-0.003912901505827904,0.666346969857454,65.62813758850098
38,69,0.007197283208370209,0.0024491241201758385,0.00536044011823833,2.9387172116514666,65.62813758850098
38,70,0.0013054301962256432,0.0013459533220157027,0.0002959652047138661,0.969892621016556,65.62813758850098
38,71,0.0078174639493227,0.0032148316968232393,0.005406340176705271,2.4316868452603293,65.62813758850098
38,72,0.015151365660130978,0.0133409658446908,0.005145641276612878,1.1357023048690995,65.62813758850098
38,73,0.00044677892583422363,0.02673492208123207,-0.01960441263508983,0.01671143549474383,65.62813758850098
38,74,0.0025565153919160366,0.005942059215158224,-0.0019000290194526315,0.43024064535811285,65.62813758850098
38,75,0.0013861258048564196,0.0026748268865048885,-0.0006199943600222468,0.518211407000404,65.62813758850098
38,76,0.001407742383889854,0.022744273766875267,-0.015650462941266596,0.061894365072152534,65.62813758850098
38,77,0.0005671766703017056,0.0004239989793859422,0.00024917743576224893,1.3376840429791526,65.62813758850098
38,78,0.004479104653000832,0.01652156561613083,-0.00791206955909729,0.2711065498754278,65.62813758850098
38,79,0.0,0.004727205261588097,-0.0035454039461910725,0.0,65.62813758850098
38,80,0.22586841881275177,0.06215360388159752,0.17925321590155363,3.6340357550206837,65.62813758850098
38,81,0.0351787768304348,0.12381412833929062,-0.057681819424033165,0.28412570763935346,65.62813758850098
38,82,0.0037325627636164427,0.000638351310044527,0.0032537992810830474,5.847192132352469,65.62813758850098
38,83,0.00978092011064291,0.004394690040498972,0.006484902580268681,2.225622289235844,65.62813758850098
38,84,0.12531578540802002,0.0009716406348161399,0.12458705493190791,128.9733887084289,65.62813758850098
38,85,0.0038649977650493383,0.002503743628039956,0.0019871900440193713,1.5436875086653126,65.62813758850098
38,86,0.0062745301984250546,0.005528649780899286,0.00212804286275059,1.1349118584012625,65.62813758850098
38,87,0.0006431473884731531,0.0005444172420538962,0.00023483445693273097,1.1813501439914584,65.62813758850098
38,88,0.013671882450580597,0.0024870196357369423,0.01180661772377789,5.497295738492275,65.62813758850098
38,89,0.10424362123012543,0.002790771657600999,0.10215054248692468,37.3529740094832,65.62813758850098
38,90,0.0,0.0,0.0,0.0,65.62813758850098
38,91,0.013346096500754356,0.04018473997712135,-0.01679245848208666,0.33211852330065245,65.62813758850098
38,92,0.003516806522384286,0.008131109178066254,-0.0025815253611654043,0.43251252011698393,65.62813758850098
38,93,0.0,4.457067188923247e-05,-3.3428003916924354e-05,0.0,65.62813758850098
38,94,0.004301013424992561,0.05790867283940315,-0.0391304912045598,0.07427235358762573,65.62813758850098
38,95,0.003032837761566043,0.0023542616982012987,0.0012671414879150689,1.2882330637222517,65.62813758850098
38,96,0.0020582438446581364,0.00046418345300480723,0.001710106254904531,4.434117215726566,65.62813758850098
38,97,0.35675060749053955,0.09435264021158218,0.2859861273318529,3.781034708586415,65.62813758850098
38,98,0.003302011638879776,0.002440833020955324,0.0014713868731632829,1.3528216019605352,65.62813758850098
38,99,0.2737118601799011,0.002157260198146105,0.27209391503129154,126.87939094609116,65.62813758850098
38,100,0.008472817949950695,0.018600614741444588,-0.005477643106132746,0.45551279176900766,65.62813758850098
38,101,0.003899859031662345,0.015480873174965382,-0.007710795849561691,0.25191466833518267,65.62813758850098
38,102,0.003250427544116974,0.02792002074420452,-0.017689588014036417,0.116419238143842,65.62813758850098
38,103,0.0830278992652893,0.07091506570577621,0.029841599985957146,1.170807619478179,65.62813758850098
38,104,0.0,0.0,0.0,0.0,65.62813758850098
38,105,0.005037396680563688,0.03206413984298706,-0.019010708201676607,0.15710375220024322,65.62813758850098
38,106,0.004792877938598394,0.0031813594978302717,0.0024068583152256906,1.5065502469496606,65.62813758850098
38,107,0.007117591332644224,0.00322711281478405,0.004697256721556187,2.2055601210566773,65.62813758850098
38,108,0.002949377056211233,6.262220267672092e-05,0.0029024104042036925,47.09794422816887,65.62813758850098
38,109,0.011133742518723011,0.0003901298332493752,0.01084114514378598,28.538557016908893,65.62813758850098
38,110,0.012289986945688725,0.15630730986595154,-0.10494049545377493,0.07862707736541519,65.62813758850098
38,111,0.1846008449792862,0.24307399988174438,0.0022953450679779053,0.7594429888360547,65.62813758850098
38,112,0.1966552436351776,0.0878274142742157,0.13078468292951584,2.2391100234254804,65.62813758850098
38,113,0.0,0.0,0.0,0.0,65.62813758850098
38,114,0.009589479304850101,0.005142258480191231,0.005732785444706678,1.8648380550929926,65.62813758850098
38,115,0.11596319824457169,0.7102811336517334,-0.41674765199422836,0.16326380182479655,65.62813758850098
38,116,0.14889836311340332,0.0012783223064616323,0.1479396213835571,116.47951556839462,65.62813758850098
38,117,0.002692566253244877,0.001168658141978085,0.001816072646761313,2.3039810824262306,65.62813758850098
38,118,0.005642718635499477,0.18865163624286652,-0.1358460085466504,0.029910785550808783,65.62813758850098
38,119,0.0039024639409035444,0.005518977530300617,-0.0002367692068219185,0.7070990810835714,65.62813758850098
38,120,0.005271237809211016,0.004828533157706261,0.0016498379409313202,1.0916851217447932,65.62813758850098
38,121,0.0019125756807625294,0.002061628270894289,0.0003663544775918126,0.9277015196368037,65.62813758850098
38,122,1.0270825624465942,0.6629690527915955,0.5298557728528976,1.5492164500292427,65.62813758850098
38,123,0.0019504025112837553,0.002904019085690379,-0.00022761180298402905,0.6716217948507249,65.62813758850098
38,124,0.002761217998340726,0.001869009924121201,0.0013594605552498251,1.4773693607655225,65.62813758850098
38,125,1.9392685890197754,0.8800875544548035,1.2792029231786728,2.2034950718271546,65.62813758850098
38,126,0.0715140551328659,0.010112561285495758,0.06392963416874409,7.071804373474133,65.62813758850098
38,127,0.296153724193573,0.01074860617518425,0.2880922695621848,27.552756081971125,65.62813758850098
38,128,4.4874530431116e-05,0.012270656414330006,-0.009158117780316388,0.003657060299973296,65.62813758850098
38,129,5.86450842092745e-05,0.0007320317672565579,-0.000490378741233144,0.0801127584243324,65.62813758850098
38,130,0.0,0.0,0.0,0.0,65.62813758850098
38,131,0.012450678274035454,0.01895396038889885,-0.0017647920176386833,0.6568905926737509,65.62813758850098
38,132,0.03904629871249199,0.031207263469696045,0.015640851110219955,1.251192651004369,65.62813758850098
38,133,0.0014100625412538648,0.028872935101389885,-0.02024463878478855,0.04883682716195869,65.62813758850098
38,134,0.22435417771339417,0.005002754274755716,0.22060211200732738,44.84613181995696,65.62813758850098
38,135,0.002399270888417959,0.0004800855531357229,0.002039206723566167,4.997590258130683,65.62813758850098
38,136,0.0028122251387685537,0.0018401959678158164,0.0014320781629066914,1.5282204647900883,65.62813758850098
38,137,0.7769783735275269,0.21912111341953278,0.6126375384628773,3.545885475838952,65.62813758850098
38,138,0.008546494878828526,0.10326972603797913,-0.06890579964965582,0.08275895760198544,65.62813758850098
38,139,0.0041763270273804665,0.002557730069383979,0.0022580294753424823,1.6328255572150723,65.62813758850098
38,140,0.8044566512107849,0.03428887948393822,0.7787399915978312,23.46115309962671,65.62813758850098
38,141,0.006747291889041662,0.021109405905008316,-0.009084762539714575,0.3196343809524833,65.62813758850098
38,142,0.06033429130911827,0.003916110377758741,0.057397208525799215,15.406688135343607,65.62813758850098
38,143,0.008458069525659084,0.0008241799077950418,0.007839934594812803,10.262406830597042,65.62813758850098
38,144,0.00032094967900775373,0.003473282791674137,-0.002284012414747849,0.09240528288819504,65.62813758850098
38,145,0.12430117279291153,0.0956035628914833,0.05259850062429905,1.3001730169063033,65.62813758850098
38,146,0.07579514384269714,0.06616627424955368,0.026170438155531883,1.14552534053348,65.62813758850098
38,147,0.0055800192058086395,0.050065916031599045,-0.031969417817890644,0.11145345272770728,65.62813758850098
38,148,0.00866723619401455,0.032432105392217636,-0.015656842850148678,0.2672424774441898,65.62813758850098
38,149,0.0,0.002729256171733141,-0.0020469421287998557,0.0,65.62813758850098
38,150,0.0,0.05050906911492348,-0.03788180183619261,0.0,65.62813758850098
38,151,0.0052746254950761795,0.059586312621831894,-0.03941510897129774,0.08852075691381317,65.62813758850098
38,152,0.0022380868904292583,0.013032792136073112,-0.007536507211625576,0.17172735258032626,65.62813758850098
38,153,0.06877952069044113,0.04121984541416168,0.03786463662981987,1.6686021016746055,65.62813758850098
38,154,0.0056026652455329895,0.0034748136531561613,0.0029965550056658685,1.612364231052144,65.62813758850098
38,155,0.0009460102301090956,0.0006036542472429574,0.0004932695446768776,1.5671391907911292,65.62813758850098
38,156,0.0024528561625629663,0.001911743776872754,0.0010190483299084008,1.2830464997209625,65.62813758850098
38,157,0.0023763375356793404,0.0006689433939754963,0.0018746299901977181,3.5523746157421687,65.62813758850098
38,158,0.001182377221994102,0.001507316599600017,5.18897722940892e-05,0.7844252637590758,65.62813758850098
38,159,0.0061682453379035,0.04171602800488472,-0.02511877566576004,0.14786271926544323,65.62813758850098
38,160,0.0019275224767625332,0.0009092579712159932,0.0012455789983505383,2.1198851543362136,65.62813758850098
38,161,0.009250396862626076,0.00843051727861166,0.0029275089036673307,1.097251397016552,65.62813758850098
38,162,0.00920071266591549,0.018753521144390106,-0.0048644281923770905,0.4906125412174749,65.62813758850098
38,163,0.0011502399574965239,1.697430968284607,-1.2719229862559587,0.000677635779591236,65.62813758850098
38,164,0.0011899557430297136,0.001063802745193243,0.00039210368413478136,1.118586831334946,65.62813758850098
38,165,0.0015349736204370856,0.0021775721106678247,-9.820546256378293e-05,0.7049013955553617,65.62813758850098
38,166,0.0,0.00025148564600385725,-0.00018861423450289294,0.0,65.62813758850098
38,167,0.0006687549757771194,0.0006422597798518836,0.00018706014088820666,1.041253081253341,65.62813758850098
38,168,0.0007100450457073748,0.8275495767593384,-0.6199521375237964,0.0008580090735917404,65.62813758850098
38,169,0.0033525931648910046,0.0031996252946555614,0.0009528741938993335,1.0478080572256827,65.62813758850098
38,170,0.0011704054195433855,0.0013035704614594579,0.0001927275734487921,0.8978459187661949,65.62813758850098
38,171,0.0019933150615543127,0.004842708818614483,-0.0016387165524065495,0.4116115867798543,65.62813758850098
38,172,0.0009429160272702575,0.001033179578371346,0.00016803134349174798,0.9126351760107272,65.62813758850098
38,173,0.005233209114521742,0.004640578292310238,0.0017527753952890635,1.127706243436476,65.62813758850098
38,174,0.38010773062705994,0.08756885677576065,0.31443108804523945,4.340672524663292,65.62813758850098
38,175,0.001870521460659802,0.02267950400710106,-0.015139106544665992,0.0824762948956757,65.62813758850098
38,176,0.0007909800624474883,0.004391282796859741,-0.0025024820351973176,0.18012505658551584,65.62813758850098
38,177,0.00013584546104539186,0.0037095104344189167,-0.0026462873647687957,0.03662085965531211,65.62813758850098
38,178,0.0,0.230173259973526,-0.1726299449801445,0.0,65.62813758850098
38,179,0.0032764682546257973,0.04317130893468857,-0.02910201344639063,0.07589457756554674,65.62813758850098
38,180,0.001171138253994286,0.0007431512931361794,0.0006137747841421515,1.5759082480715962,65.62813758850098
38,181,0.0,0.0008522686548531055,-0.0006392014911398292,0.0,65.62813758850098
38,182,0.011512882076203823,0.0012120733736082911,0.010603827045997605,9.498502580278583,65.62813758850098
38,183,0.0031830572988837957,0.002579144202172756,0.0012486991472542286,1.234152512669951,65.62813758850098
38,184,0.0008993775118142366,0.0016832302790135145,-0.00036304519744589925,0.5343163811234525,65.62813758850098
38,185,0.0020755191799253225,0.09542340785264969,-0.06949203670956194,0.021750629395970996,65.62813758850098
38,186,0.005551690701395273,0.00134707719553262,0.004541382804745808,4.121286230429361,65.62813758850098
38,187,0.007495228201150894,0.0015181448543444276,0.0063566195603925735,4.937096861847496,65.62813758850098
38,188,0.0,0.0,0.0,0.0,65.62813758850098
38,189,0.11515677720308304,0.16106995940208435,-0.005645692348480225,0.714948818698702,65.62813758850098
38,190,0.002867136150598526,0.2113477885723114,-0.15564370527863503,0.013565962388123054,65.62813758850098
38,191,0.0,0.0002584354078862816,-0.0001938265559147112,0.0,65.62813758850098
38,192,0.004984731785953045,0.0011876194039359689,0.004094017233001068,4.19724683281156,65.62813758850098
38,193,0.0016262081917375326,0.004674095194786787,-0.0018793632043525577,0.3479193562859804,65.62813758850098
38,194,0.0,0.0,0.0,0.0,65.62813758850098
38,195,0.005997409578412771,0.032295070588588715,-0.018223893363028765,0.18570665643153034,65.62813758850098
38,196,0.01842712238430977,0.04194490984082222,-0.013031559996306896,0.4393172485958367,65.62813758850098
38,197,0.006396767217665911,0.005674968007951975,0.0021405412117019296,1.127190004873214,65.62813758850098
38,198,0.16413497924804688,0.022428130730986595,0.14731388119980693,7.318263889641081,65.62813758850098
38,199,0.0,0.0,0.0,0.0,65.62813758850098
38,200,0.3796032965183258,0.0009998577879741788,0.37885340317734517,379.65728797070864,65.62813758850098
38,201,0.002526484662666917,0.01527610793709755,-0.008930596290156245,0.16538798186716394,65.62813758850098
38,202,0.0006655771867372096,0.0006641970830969512,0.00016742937441449612,1.0020778510976673,65.62813758850098
38,203,0.32793888449668884,0.7302097678184509,-0.21971844136714935,0.44910229765342424,65.62813758850098
38,204,0.0023527152370661497,0.13447682559490204,-0.09850490395911038,0.017495321046140495,65.62813758850098
38,205,0.00042194241541437805,0.016011269763112068,-0.011586509906919673,0.02635283907089786,65.62813758850098
38,206,0.015183929353952408,0.011202739551663399,0.006781874690204859,1.355376448999254,65.62813758850098
38,207,0.018266288563609123,0.06714291870594025,-0.03209090046584606,0.27205085681985736,65.62813758850098
38,208,0.00010617488442221656,0.0030273511074483395,-0.002164338446164038,0.0350718765741831,65.62813758850098
38,209,0.0022506380919367075,0.001887182705104351,0.0008352510631084442,1.1925915199713892,65.62813758850098
38,210,0.059765540063381195,0.1519491821527481,-0.054196346551179886,0.3933258423392374,65.62813758850098
38,211,0.0,0.0,0.0,0.0,65.62813758850098
38,212,0.004672148264944553,0.0019638261292129755,0.0031992786680348217,2.3791048469437883,65.62813758850098
38,213,0.05481058731675148,0.00906400941312313,0.04801258025690913,6.047057633385518,65.62813758850098
38,214,0.0007655228837393224,0.0005256637232378125,0.00037127509131096303,1.4562977212271864,65.62813758850098
38,215,0.03765978664159775,0.008137493394315243,0.031556666595861316,4.6279345262852685,65.62813758850098
38,216,0.6088371276855469,0.19048123061656952,0.46597620472311974,3.196310343605,65.62813758850098
38,217,0.0022400482557713985,0.0017896996578201652,0.0008977735124062747,1.2516336161387658,65.62813758850098
38,218,0.016239218413829803,1.2032673358917236,-0.8862112835049629,0.01349593554933631,65.62813758850098
38,219,0.142800435423851,0.37281301617622375,-0.1368093267083168,0.38303500475414765,65.62813758850098
38,220,0.0030965355690568686,0.0018678380874916911,0.0016956570034381002,1.6578179811920262,65.62813758850098
38,221,0.007913497276604176,0.027177447453141212,-0.012469588313251734,0.29117882722272886,65.62813758850098
38,222,0.010334710590541363,0.0305222999304533,-0.012557014357298613,0.33859540774289487,65.62813758850098
38,223,0.0022957930341362953,0.05345486104488373,-0.0377953527495265,0.04294825557895791,65.62813758850098
38,224,0.004011034499853849,0.001986519666388631,0.0025211447500623763,2.019126498317801,65.62813758850098
38,225,0.01946870982646942,0.008611266501247883,0.01301025995053351,2.2608416336188544,65.62813758850098
38,226,0.53978431224823,5.6125325500033796e-05,0.539742218254105,9617.481908954327,65.62813758850098
38,227,0.0012043336173519492,0.013601305894553661,-0.008996645803563297,0.0885454401658338,65.62813758850098
38,228,0.000759031914640218,0.005810976028442383,-0.003599200106691569,0.1306203830121554,65.62813758850098
38,229,0.0004540718800853938,0.04328591004014015,-0.03201036065001972,0.010490062000633255,65.62813758850098
38,230,0.016532111912965775,0.03688863664865494,-0.011134365573525429,0.44816272474305224,65.62813758850098
38,231,0.0010039692278951406,0.0007879494805820286,0.0004130071174586192,1.2741543098415296,65.62813758850098
38,232,0.0074011050164699554,0.004754011053591967,0.0038355967262759805,1.5568127485360226,65.62813758850098
38,233,0.0017223609611392021,0.02347743511199951,-0.01588571537286043,0.07336239895241056,65.62813758850098
38,234,0.07804500311613083,0.14820219576358795,-0.033106643706560135,0.5266116518280306,65.62813758850098
38,235,0.006600929889827967,0.020054617896676064,-0.008440033532679081,0.3291476269210238,65.62813758850098
38,236,0.002928837900981307,0.002190567785874009,0.0012859120615758002,1.3370222636026372,65.62813758850098
38,237,0.02322843112051487,0.028681108728051186,0.0017175995744764805,0.8098860940123531,65.62813758850098
38,238,0.008773444220423698,0.00036385771818459034,0.008500550931785256,24.1122937836391,65.62813758850098
38,239,0.09822490811347961,0.09494942426681519,0.027012839913368225,1.0344971427780916,65.62813758850098
38,240,0.0076203844510018826,0.0023675914853811264,0.005844690836966038,3.2186230161900404,65.62813758850098
38,241,0.0,0.0,0.0,0.0,65.62813758850098
38,242,0.44743815064430237,0.007193961646407843,0.4420426794094965,62.19634918480905,65.62813758850098
38,243,0.0,0.0018271644366905093,-0.001370373327517882,0.0,65.62813758850098
38,244,9.30000824155286e-05,0.024146750569343567,-0.018017062844592147,0.0038514533102333433,65.62813758850098
38,245,0.0,0.002347055356949568,-0.0017602915177121758,0.0,65.62813758850098
38,246,0.20564128458499908,0.1911899894475937,0.06224879249930382,1.0755860449497592,65.62813758850098
38,247,0.0,0.0,0.0,0.0,65.62813758850098
38,248,0.08774781972169876,0.3856326937675476,-0.20147670060396194,0.22754248055110188,65.62813758850098
38,249,0.0004353821277618408,0.000272198609309271,0.0002312331707798876,1.599501655306621,65.62813758850098
38,250,0.013070791028439999,0.013130344450473785,0.0032230326905846596,0.9954644432022419,65.62813758850098
38,251,0.6986097693443298,0.3309136927127838,0.450424499809742,2.1111540100233217,65.62813758850098
38,252,0.0932752788066864,0.032580241560935974,0.06884009763598442,2.8629400622879797,65.62813758850098
38,253,0.0033653010614216328,0.0015927597414702177,0.0021707312553189695,2.1128742594927554,65.62813758850098
38,254,0.0024902645964175463,0.0048407455906271935,-0.0011402945965528488,0.5144382304917734,65.62813758850098
38,255,0.004486100282520056,0.0051552727818489075,0.0006196456961333752,0.8701964903670812,65.62813758850098
39,0,0.0,0.0,0.0,0.0,65.64783763885498
39,1,0.04333727806806564,0.13157381117343903,-0.055343080312013626,0.3293761705405765,65.64783763885498
39,2,0.0,0.0,0.0,0.0,65.64783763885498
39,3,0.012569092214107513,0.057221945375204086,-0.03034736681729555,0.21965510140335787,65.64783763885498
39,4,0.0,0.0,0.0,0.0,65.64783763885498
39,5,1.7007396309054457e-05,0.0038163678254932165,-0.002845268472810858,0.004456435302433154,65.64783763885498
39,6,2.238833076262381e-05,2.783786612781114e-06,2.0300490803037974e-05,8.042399017738635,65.64783763885498
39,7,0.0,0.0,0.0,0.0,65.64783763885498
39,8,5.283769132802263e-05,0.001533301780000329,-0.0010971386436722241,0.034460073015470716,65.64783763885498
39,9,0.0,0.0,0.0,0.0,65.64783763885498
39,10,0.0,0.0,0.0,0.0,65.64783763885498
39,11,6.95337585057132e-05,0.0008647859795019031,-0.0005790557261207141,0.08040574208355841,65.64783763885498
39,12,2.43167846747383e-07,5.112461167300353e-06,-3.5911780287278816e-06,0.047563744980393334,65.64783763885498
39,13,0.0,0.0,0.0,0.0,65.64783763885498
39,14,2.5249113377867616e-07,0.023577623069286346,-0.01768296481083098,1.0708930795355603e-05,65.64783763885498
39,15,0.00023558300745207816,0.26381880044937134,-0.19762851732957643,0.0008929727792329768,65.64783763885498
39,16,0.0,0.0,0.0,0.0,65.64783763885498
39,17,3.486882633296773e-05,0.02152196131646633,-0.01610660216101678,0.0016201509620161632,65.64783763885498
39,18,0.0008558387635275722,0.08486618101596832,-0.06279379699844867,0.010084567884072148,65.64783763885498
39,19,1.59111586981453e-05,0.05612768977880478,-0.04207985617540544,0.0002834814466899771,65.64783763885498
39,20,0.06847605109214783,0.08033283054828644,0.008226428180932999,0.8524043112129088,65.64783763885498
39,21,0.0,0.0,0.0,0.0,65.64783763885498
39,22,0.0,0.0002851476601790637,-0.00021386074513429776,0.0,65.64783763885498
39,23,0.0,0.00011834128963528201,-8.875596722646151e-05,0.0,65.64783763885498
39,24,0.0,9.847246928984532e-07,-7.385435196738399e-07,0.0,65.64783763885498
39,25,0.10977285355329514,0.036634255200624466,0.08229716215282679,2.9964538093960624,65.64783763885498
39,26,2.026760512308101e-06,0.003622606163844466,-0.0027149278623710416,0.0005594758083218573,65.64783763885498
39,27,3.050099849133403e-06,0.100845105946064,-0.07563077935969886,3.0245392877414133e-05,65.64783763885498
39,28,9.768606332727359e-07,0.027133677154779434,-0.020349281005451303,3.600177844176443e-05,65.64783763885498
39,29,0.06650034338235855,0.0,0.06650034338235855,66500343382.35855,65.64783763885498
39,30,1.4690250793591986e-07,1.8166000472774613e-06,-1.215547527522176e-06,0.08086668680285225,65.64783763885498
39,31,0.00023846606200095266,1.9927540051867254e-05,0.00022352040696205222,11.966657671424437,65.64783763885498
39,32,1.6593721738900058e-05,1.9017941212950973e-06,1.5167376147928735e-05,8.725294093508849,65.64783763885498
39,33,5.607478306046687e-05,7.784567060298286e-06,5.0236357765243156e-05,7.203326199490922,65.64783763885498
39,34,0.0017323811771348119,0.06279774010181427,-0.04536592389922589,0.027586680257896342,65.64783763885498
39,35,0.0,0.0,0.0,0.0,65.64783763885498
39,36,0.0,0.00028125132666900754,-0.00021093849500175565,0.0,65.64783763885498
39,37,0.0002450459578540176,2.033732471318217e-06,0.00024352065850052895,120.49069423791543,65.64783763885498
39,38,1.3878120626031887e-06,6.291563295235392e-06,-3.330860408823355e-06,0.2205829897747656,65.64783763885498
39,39,0.0,0.0,0.0,0.0,65.64783763885498
39,40,0.0039706043899059296,0.9002212882041931,-0.6711953617632389,0.004410698171582102,65.64783763885498
39,41,9.216740863848827e-07,2.867398961825529e-06,-1.2288751349842642e-06,0.32143199367209985,65.64783763885498
39,42,0.0,0.0,0.0,0.0,65.64783763885498
39,43,0.0,0.0,0.0,0.0,65.64783763885498
39,44,0.0014348195400089025,0.019320931285619736,-0.0130558789242059,0.07426244204918599,65.64783763885498
39,45,0.5626906752586365,0.5963836908340454,0.11540290713310242,0.9435044651720228,65.64783763885498
39,46,0.0,0.0,0.0,0.0,65.64783763885498
39,47,1.7535528968437575e-05,0.11225783824920654,-0.08417584315793647,0.00015620761313213076,65.64783763885498
39,48,3.8426729588536546e-05,8.931670890888199e-05,-2.856080209312495e-05,0.43023001661993876,65.64783763885498
39,49,0.0,0.0,0.0,0.0,65.64783763885498
39,50,1.4196798474586103e-05,2.660645441210363e-05,-5.75804233449162e-06,0.5335847355348128,65.64783763885498
39,51,0.0,0.0,0.0,0.0,65.64783763885498
39,52,0.0003972543927375227,5.305035756464349e-06,0.00039327561592017446,74.88249581936564,65.64783763885498
39,53,0.00010076211765408516,6.627353741350817e-07,0.00010026506612348385,152.03951614333366,65.64783763885498
39,54,0.0,0.001308694016188383,-0.0009815205121412873,0.0,65.64783763885498
39,55,0.032453231513500214,0.01737135834991932,0.019424712751060724,1.8682034448839022,65.64783763885498
39,56,0.00016201523249037564,0.09252554178237915,-0.06923214110429399,0.0017510325188874417,65.64783763885498
39,57,0.0,0.0,0.0,0.0,65.64783763885498
39,58,1.5207747594558896e-07,9.588092098056222e-07,-5.670294314086277e-07,0.1586106138527867,65.64783763885498
39,59,1.9900548068108037e-05,1.4592284060199745e-05,8.956335022958228e-06,1.3637718826084686,65.64783763885498
39,60,0.0,0.0,0.0,0.0,65.64783763885498
39,61,0.9251748919487,0.13989843428134918,0.8202510662376881,6.613189752227471,65.64783763885498
39,62,7.998554792720824e-06,3.129518518107943e-05,-1.547283409308875e-05,0.2555841894162183,65.64783763885498
39,63,0.0,0.0,0.0,0.0,65.64783763885498
39,64,2.0922076146234758e-05,5.530584166990593e-05,-2.055730510619469e-05,0.3782977554669694,65.64783763885498
39,65,0.01345251314342022,0.2177625447511673,-0.14986939541995525,0.061776065111336514,65.64783763885498
39,66,0.0006044718320481479,0.0331563763320446,-0.024262810416985303,0.01823093772300183,65.64783763885498
39,67,0.1928233802318573,0.0,0.1928233802318573,192823380231.8573,65.64783763885498
39,68,0.0,0.03958866000175476,-0.02969149500131607,0.0,65.64783763885498
39,69,1.620312445993477e-06,0.3402719795703888,-0.2552023643653456,4.761815674727154e-06,65.64783763885498
39,70,0.0,0.005070692393928766,-0.0038030192954465747,0.0,65.64783763885498
39,71,0.07397858053445816,0.02017783746123314,0.058845202438533306,3.666328498924817,65.64783763885498
39,72,0.06328000128269196,5.479083711179555e-07,0.06327959035141362,115493.55535492173,65.64783763885498
39,73,1.8216485841549e-05,5.390391493165225e-07,1.781220647956161e-05,33.794302455293256,65.64783763885498
39,74,0.0,0.0,0.0,0.0,65.64783763885498
39,75,0.0004954400355927646,0.0229710154235363,-0.01673282153205946,0.021568051147776622,65.64783763885498
39,76,0.09122325479984283,0.009714295156300068,0.08393753343261778,9.390620042185013,65.64783763885498
39,77,0.0,5.9658006648533046e-05,-4.4743504986399785e-05,0.0,65.64783763885498
39,78,0.05343558266758919,0.03797633945941925,0.02495332807302475,1.4070756535995865,65.64783763885498
39,79,0.003233599476516247,0.013791721314191818,-0.007110191509127617,0.23445945597482318,65.64783763885498
39,80,0.047345321625471115,0.003788396716117859,0.04450402408838272,12.497456090472634,65.64783763885498
39,81,0.0038796644657850266,0.02786298841238022,-0.017017576843500137,0.1392407881102213,65.64783763885498
39,82,0.9996355175971985,0.008023887872695923,0.9936176016926765,124.58243850518207,65.64783763885498
39,83,0.0036202832125127316,0.017010875046253204,-0.009137873072177172,0.21282169215024066,65.64783763885498
39,84,1.4361389875411987,0.7401546239852905,0.8810230195522308,1.9403229284801435,65.64783763885498
39,85,0.00010514022142160684,5.847655484103598e-05,6.128280529082986e-05,1.7979892951873302,65.64783763885498
39,86,0.034684766083955765,0.15370436012744904,-0.08059350401163101,0.2256589601945585,65.64783763885498
39,87,1.5561392174845423e-09,3.0456328659056453e-07,-2.2686632572543886e-07,0.0051093949159459725,65.64783763885498
39,88,0.0,0.0,0.0,0.0,65.64783763885498
39,89,2.721249620663002e-05,0.034623607993125916,-0.025940493498637807,0.0007859520651702957,65.64783763885498
39,90,0.00015346241707447916,4.316069407650502e-06,0.00015022536501874129,35.556050430145326,65.64783763885498
39,91,0.003658682107925415,4.210209590382874e-05,0.0036271055359975435,86.90023483349819,65.64783763885498
39,92,0.007487288676202297,0.122627392411232,-0.0844832556322217,0.06105722815203111,65.64783763885498
39,93,0.0,0.03759051859378815,-0.02819288894534111,0.0,65.64783763885498
39,94,0.0,0.0,0.0,0.0,65.64783763885498
39,95,1.2115148305892944,1.0010946989059448,0.4606938064098358,1.2101900368787277,65.64783763885498
39,96,2.0597337424987927e-05,0.0482352077960968,-0.03615580850964761,0.00042701873518678296,65.64783763885498
39,97,0.0,0.0,0.0,0.0,65.64783763885498
39,98,2.930650043708738e-05,0.010820985771715641,-0.008086432828349643,0.0027083022797222108,65.64783763885498
39,99,0.00022522050130646676,0.3075026273727417,-0.2304017500282498,0.0007324181364887383,65.64783763885498
39,100,0.0,0.19414499402046204,-0.14560874551534653,0.0,65.64783763885498
39,101,0.0,0.0,0.0,0.0,65.64783763885498
39,102,9.071575846064661e-07,5.055369911133312e-06,-2.8843698487435177e-06,0.1794443178459283,65.64783763885498
39,103,0.0,0.0,0.0,0.0,65.64783763885498
39,104,6.241859227884561e-05,2.2489593902719207e-06,6.073187273614167e-05,27.754420464158823,65.64783763885498
39,105,0.05485003441572189,0.05040194094181061,0.017048578709363937,1.0882524242064089,65.64783763885498
39,106,0.0,0.0,0.0,0.0,65.64783763885498
39,107,0.0,2.6005022846220527e-07,-1.9503767134665395e-07,0.0,65.64783763885498
39,108,1.9648041416076012e-05,0.06927216053009033,-0.05193447235615167,0.0002836354643112032,65.64783763885498
39,109,0.1304699033498764,7.703730807406828e-05,0.13041212536882085,1693.593726442792,65.64783763885498
39,110,1.3980687185721763e-07,0.0001585910067660734,-0.00011880344820269784,0.0008815561098106965,65.64783763885498
39,111,0.059604089707136154,0.03126244246959686,0.03615725785493851,1.906571751813549,65.64783763885498
39,112,0.04654659703373909,1.886020618258044e-05,0.046532451879102155,2467.979093926932,65.64783763885498
39,113,0.0,0.18533551692962646,-0.13900163769721985,0.0,65.64783763885498
39,114,1.0752132766356226e-06,1.3962818457002868e-06,2.800189236040751e-08,0.7700540617158151,65.64783763885498
39,115,0.03102107159793377,0.08958005905151367,-0.036163972690701485,0.34629438656373934,65.64783763885498
39,116,0.0,0.0,0.0,0.0,65.64783763885498
39,117,4.408451034776384e-11,1.5926097773899528e-08,-1.1900488820076882e-08,0.0027678934965795943,65.64783763885498
39,118,0.043655697256326675,0.0,0.043655697256326675,43655697256.326675,65.64783763885498
39,119,0.0,1.4640581607818604,-1.0980436205863953,0.0,65.64783763885498
39,120,1.5998321771621704,7.114409982023062e-06,1.599826841354684,224872.04931015108,65.64783763885498
39,121,4.820055892196251e-07,2.0551665329548996e-06,-1.0593693104965496e-06,0.23453347792362322,65.64783763885498
39,122,0.0,0.0,0.0,0.0,65.64783763885498
39,123,4.876780803897418e-05,5.641699019065527e-08,4.872549529633119e-05,864.4017249492837,65.64783763885498
39,124,0.0,7.453535744161854e-08,-5.590151808121391e-08,0.0,65.64783763885498
39,125,0.00020664671319536865,0.02039758488535881,-0.01509154195082374,0.010130940223887325,65.64783763885498
39,126,0.008363950997591019,0.0,0.008363950997591019,8363950997.591019,65.64783763885498
39,127,6.370501796482131e-05,1.5280033039744012e-05,5.22449931850133e-05,4.169167280591252,65.64783763885498
39,128,1.617491761862766e-05,0.00012880250869784504,-8.042696390475612e-05,0.1255792115896813,65.64783763885498
39,129,0.10707228630781174,0.013972421176731586,0.09659297042526305,7.6631161447134994,65.64783763885498
39,130,0.0,0.0,0.0,0.0,65.64783763885498
39,131,3.344106880831532e-05,0.3646695017814636,-0.2734686852672894,9.170240078991835e-05,65.64783763885498
39,132,0.0,0.0,0.0,0.0,65.64783763885498
39,133,0.0,0.0,0.0,0.0,65.64783763885498
39,134,6.0744400798284914e-06,4.229604655847652e-06,2.9022365879427525e-06,1.4361717318564342,65.64783763885498
39,135,0.9135372042655945,0.9160060882568359,0.22653263807296753,0.9973047297131649,65.64783763885498
39,136,0.0,0.0,0.0,0.0,65.64783763885498
39,137,0.0004713944799732417,0.06309350579977036,-0.046848734869854525,0.0074713629238127716,65.64783763885498
39,138,0.0,0.0,0.0,0.0,65.64783763885498
39,139,4.233095023664646e-05,2.6781617634696886e-06,4.032232891404419e-05,15.80596624448795,65.64783763885498
39,140,0.0003861531731672585,0.04225299507379532,-0.03130359313217923,0.009139072212128363,65.64783763885498
39,141,0.05179572105407715,0.18054050207138062,-0.08360965549945831,0.2868925280451014,65.64783763885498
39,142,1.501760652899975e-05,0.03562772646546364,-0.02670577724256873,0.0004215145904169837,65.64783763885498
39,143,0.10631488263607025,0.019976036623120308,0.09133285516873002,5.322120931020875,65.64783763885498
39,144,0.38215503096580505,4.813665509573184e-05,0.38211892847448325,7938.960907583479,65.64783763885498
39,145,0.025500036776065826,5.517950739886146e-06,0.025495898313010912,4621.2866618133885,65.64783763885498
39,146,0.0,2.74975536740385e-06,-2.0623165255528875e-06,0.0,65.64783763885498
39,147,8.900738976080902e-06,1.7538212659928831e-06,7.5853730265862396e-06,5.075051873082458,65.64783763885498
39,148,0.0,0.0,0.0,0.0,65.64783763885498
39,149,0.11148329079151154,0.0065540410578250885,0.10656775999814272,17.00985541453056,65.64783763885498
39,150,0.0,0.0,0.0,0.0,65.64783763885498
39,151,0.0,0.0,0.0,0.0,65.64783763885498
39,152,0.021984852850437164,0.009173259139060974,0.015104908496141434,2.3966239822470587,65.64783763885498
39,153,0.034471433609724045,0.021248895674943924,0.018534761853516102,1.622269417452573,65.64783763885498
39,154,0.0,0.0,0.0,0.0,65.64783763885498
39,155,0.08429567515850067,0.04122312366962433,0.053378332406282425,2.0448638446719634,65.64783763885498
39,156,0.0,0.0,0.0,0.0,65.64783763885498
39,157,7.221426494652405e-05,5.167127164895646e-05,3.346081120980671e-05,1.3975708598689307,65.64783763885498
39,158,0.06890881806612015,1.87352725333767e-05,0.06889476661172012,3678.025727425852,65.64783763885498
39,159,0.0002554061356931925,0.0,0.0002554061356931925,255406135.69319248,65.64783763885498
39,160,2.101143400068395e-05,0.11735957115888596,-0.08799866693516378,0.00017903468624692583,65.64783763885498
39,161,0.003853380447253585,1.5713936591055244e-05,0.0038415949948102934,245.22055181427112,65.64783763885498
39,162,0.004224020522087812,0.05149616673588753,-0.03439810452982783,0.08202592134031754,65.64783763885498
39,163,0.00013335677795112133,0.02417154796421528,-0.017995304195210338,0.005517097131844101,65.64783763885498
39,164,0.00022679708490613848,4.729855845653219e-06,0.00022324969302189857,47.95009496208475,65.64783763885498
39,165,4.914211240247823e-05,0.17956776916980743,-0.1346266847649531,0.00027366889185850244,65.64783763885498
39,166,0.0,0.0,0.0,0.0,65.64783763885498
39,167,1.3598489204014186e-05,0.031924378126859665,-0.023929685105940735,0.0004259594078716634,65.64783763885498
39,168,0.0,0.0,0.0,0.0,65.64783763885498
39,169,0.15614138543605804,0.0,0.15614138543605804,156141385436.05804,65.64783763885498
39,170,0.0,0.0,0.0,0.0,65.64783763885498
39,171,0.00013022210623603314,0.19811400771141052,-0.14845528367732186,0.0006573089290337727,65.64783763885498
39,172,6.522608600789681e-06,0.014156329445540905,-0.010610724475554889,0.0004607556376404816,65.64783763885498
39,173,0.0033206611406058073,0.03257182613015175,-0.021108208457008004,0.10194887837221757,65.64783763885498
39,174,0.0,0.36326491832733154,-0.27244868874549866,0.0,65.64783763885498
39,175,8.700273610884324e-06,5.81346575927455e-05,-3.49007195836748e-05,0.14965725819141582,65.64783763885498
39,176,0.0,0.13682489097118378,-0.10261866822838783,0.0,65.64783763885498
39,177,1.8204627849627286e-05,0.0034459191374480724,-0.002566234725236427,0.005282952709629178,65.64783763885498
39,178,4.166487987955492e-11,0.00014984002336859703,-0.0001123799758615679,2.780624206057384e-07,65.64783763885498
39,179,0.0,0.0,0.0,0.0,65.64783763885498
39,180,0.13534532487392426,0.0,0.13534532487392426,135345324873.92426,65.64783763885498
39,181,0.21351362764835358,0.025524510070681572,0.1943702450953424,8.365043131042835,65.64783763885498
39,182,0.0,0.0,0.0,0.0,65.64783763885498
39,183,0.0,0.0,0.0,0.0,65.64783763885498
39,184,0.13611586391925812,0.000765728997066617,0.13554156717145815,177.75983965990054,65.64783763885498
39,185,0.0002556038089096546,4.3475265556480736e-05,0.00022299735974229407,5.87929250709913,65.64783763885498
39,186,0.0,0.009030168876051903,-0.006772626657038927,0.0,65.64783763885498
39,187,0.0,0.0,0.0,0.0,65.64783763885498
39,188,2.6213941964670084e-05,1.2186854974061134e-06,2.52999278416155e-05,21.509996229928348,65.64783763885498
39,189,0.06806525588035583,0.16938944160938263,-0.05897682532668114,0.4018270279024511,65.64783763885498
39,190,0.0003692717873491347,0.00016110220167320222,0.000248445136094233,2.292158525592645,65.64783763885498
39,191,1.5946526527404785,1.3849519491195679,0.5559386909008026,1.151413703380156,65.64783763885498
39,192,0.0,0.00012602482456713915,-9.451861842535436e-05,0.0,65.64783763885498
39,193,0.07590673863887787,0.0,0.07590673863887787,75906738638.87787,65.64783763885498
39,194,6.573030759682297e-07,0.09451692551374435,-0.0708870368322323,6.954342541174727e-06,65.64783763885498
39,195,0.009411107748746872,3.034595647477545e-05,0.00938834828139079,310.12723050738117,65.64783763885498
39,196,0.0,0.0,0.0,0.0,65.64783763885498
39,197,0.0,0.0,0.0,0.0,65.64783763885498
39,198,0.0,0.0,0.0,0.0,65.64783763885498
39,199,1.425671213028945e-11,0.5197114944458008,-0.3897836208200939,2.7431973859775407e-11,65.64783763885498
39,200,0.0,0.0,0.0,0.0,65.64783763885498
39,201,0.10835688561201096,0.0,0.10835688561201096,108356885612.01096,65.64783763885498
39,202,0.0011591140646487474,0.058401793241500854,-0.04264223086647689,0.019847234139468563,65.64783763885498
39,203,4.066087421961129e-05,1.3379435586102773e-05,3.062629753003421e-05,3.03905728450821,65.64783763885498
39,204,0.0,0.0,0.0,0.0,65.64783763885498
39,205,0.0,8.152457553478598e-08,-6.114343165108949e-08,0.0,65.64783763885498
39,206,0.0,0.0,0.0,0.0,65.64783763885498
39,207,0.0756659209728241,0.0,0.0756659209728241,75665920972.8241,65.64783763885498
39,208,2.257519781778683e-06,1.5907431588857435e-05,-9.673053909864393e-06,0.1419160363665468,65.64783763885498
39,209,2.3708309981884668e-07,0.47717174887657166,-0.3578785745743289,4.968506630506226e-07,65.64783763885498
39,210,0.0,0.0005515669472515583,-0.00041367521043866873,0.0,65.64783763885498
39,211,0.0,0.021884925663471222,-0.016413694247603416,0.0,65.64783763885498
39,212,1.1237196922302246,6.474129622802138e-05,1.1236711362580536,17357.07717243354,65.64783763885498
39,213,2.5785311663639732e-05,1.349907620351587e-06,2.477288094837604e-05,19.101523817903974,65.64783763885498
39,214,0.0,0.0,0.0,0.0,65.64783763885498
39,215,0.0,0.0,0.0,0.0,65.64783763885498
39,216,0.0,0.04720361530780792,-0.03540271148085594,0.0,65.64783763885498
39,217,0.0005039610550738871,4.0873740658753377e-07,0.0005036545020189465,1232.9672155874612,65.64783763885498
39,218,0.0,0.0,0.0,0.0,65.64783763885498
39,219,0.3213147222995758,1.2939092357555637e-06,0.321313751867649,248328.4492389442,65.64783763885498
39,220,0.0,0.0,0.0,0.0,65.64783763885498
39,221,6.037884304532781e-05,2.2194788471097127e-05,4.373275169200497e-05,2.720406207229646,65.64783763885498
39,222,0.0001919784990604967,0.010581102222204208,-0.00774384816759266,0.018143525599770744,65.64783763885498
39,223,0.0,0.0,0.0,0.0,65.64783763885498
39,224,0.0,0.0,0.0,0.0,65.64783763885498
39,225,0.0,0.0,0.0,0.0,65.64783763885498
39,226,3.115470826742239e-05,7.129532150429441e-06,2.5807559154600312e-05,4.369810422376087,65.64783763885498
39,227,0.0,0.0,0.0,0.0,65.64783763885498
39,228,4.807039294973947e-05,0.24382980167865753,-0.1828242808660434,0.00019714732415233692,65.64783763885498
39,229,0.00305249379016459,3.4154065360780805e-05,0.0030268782411440043,89.37424194003954,65.64783763885498
39,230,0.0,0.0,0.0,0.0,65.64783763885498
39,231,0.0,6.083701009629294e-07,-4.5627757572219707e-07,0.0,65.64783763885498
39,232,3.960557535265252e-07,0.039283473044633865,-0.029462208727721872,1.0081994355907504e-05,65.64783763885498
39,233,1.1044647862945567e-06,5.0849303079303354e-05,-3.703251252318296e-05,0.021720352053826733,65.64783763885498
39,234,6.415130337700248e-05,4.276548537518465e-08,6.411922926297109e-05,1500.036835251054,65.64783763885498
39,235,0.0,8.200591423701553e-07,-6.150443567776165e-07,0.0,65.64783763885498
39,236,0.0,2.0510705633913773e-10,-1.538302922543533e-10,0.0,65.64783763885498
39,237,9.580254300090019e-06,0.006443320773541927,-0.0048229103258563555,0.0014868504355614832,65.64783763885498
39,238,0.17713630199432373,0.009663894772529602,0.16988838091492653,18.329701031049947,65.64783763885498
39,239,1.3958461977381376e-06,1.7581972144853353e-07,1.2639814066517374e-06,7.93903122588842,65.64783763885498
39,240,1.6369376182556152,3.791146809817292e-06,1.6369347748955079,431778.89662247297,65.64783763885498
39,241,0.0,0.0,0.0,0.0,65.64783763885498
39,242,0.02632066421210766,0.009521642699837685,0.019179432187229395,2.7642986655855135,65.64783763885498
39,243,0.0001326706405961886,0.011152048595249653,-0.008231365805841051,0.011896526405095177,65.64783763885498
39,244,0.00012937438441440463,1.068724668584764e-05,0.0001213589494000189,12.105491349819271,65.64783763885498
39,245,0.16310472786426544,0.0,0.16310472786426544,163104727864.26544,65.64783763885498
39,246,0.0,8.856599743012339e-05,-6.642449807259254e-05,0.0,65.64783763885498
39,247,0.02159108966588974,0.018338875845074654,0.00783693278208375,1.1773398678911504,65.64783763885498
39,248,3.0148734367685392e-05,0.010538029484450817,-0.007873373378970427,0.0028609461009109736,65.64783763885498
39,249,2.9413507084607646e-14,0.00979073066264391,-0.007343047996953519,3.004219817202135e-12,65.64783763885498
39,250,0.034202564507722855,0.0,0.034202564507722855,34202564507.722855,65.64783763885498
39,251,8.846829587128013e-05,8.016842798497237e-07,8.786703266139284e-05,110.35290043976305,65.64783763885498
39,252,1.1615233233897015e-05,7.342993740167003e-06,6.107987928771763e-06,1.5818114604332194,65.64783763885498
39,253,1.738874379952904e-05,0.001467867405153811,-0.0010835118100658292,0.011846263311406311,65.64783763885498
39,254,0.0,0.0,0.0,0.0,65.64783763885498
39,255,5.4584204917773604e-05,1.601022518116224e-06,5.3383438029186436e-05,34.093318617828785,65.64783763885498
